forecast_id,forecast_kst_dtm,kpx_group_1,kpx_group_2,kpx_group_3
forecast_0001,2025-01-01 01:00:00,17883.586370675537,18432.001788069705,15866.666508598435
forecast_0002,2025-01-01 02:00:00,17275.448481810374,17877.972909584987,15523.378517382225
forecast_0003,2025-01-01 03:00:00,15892.42640657862,16850.507351183234,14104.52794394937
forecast_0004,2025-01-01 04:00:00,15004.866700294777,16091.889822251766,13367.196547945003
forecast_0005,2025-01-01 05:00:00,14563.156383272903,16259.479552989698,12975.200938736964
forecast_0006,2025-01-01 06:00:00,14153.596994198511,15971.338253634945,12327.877718793605
forecast_0007,2025-01-01 07:00:00,12528.42101589803,13754.859821207927,11131.02962725437
forecast_0008,2025-01-01 08:00:00,11224.34895907783,13003.384672007036,10934.967302037723
forecast_0009,2025-01-01 09:00:00,11928.069786786073,13925.966336925252,11119.698572626945
forecast_0010,2025-01-01 10:00:00,13561.93576930626,13864.996908235646,12209.357815201347
forecast_0011,2025-01-01 11:00:00,14232.66946209783,13733.540157583042,12620.255554540905
forecast_0012,2025-01-01 12:00:00,13579.057874469638,14005.492804704061,11864.845573979768
forecast_0013,2025-01-01 13:00:00,13532.644235428608,13691.304216618691,11437.560138950988
forecast_0014,2025-01-01 14:00:00,13579.489177618354,13450.699743787603,11403.458338425895
forecast_0015,2025-01-01 15:00:00,12960.310737732776,13255.63497054302,10962.629484564848
forecast_0016,2025-01-01 16:00:00,12776.832309700441,12557.06985896684,10922.56455512565
forecast_0017,2025-01-01 17:00:00,12668.639954641962,12144.305745828906,10858.871434097906
forecast_0018,2025-01-01 18:00:00,12186.389662322477,12789.480463607633,11591.08859033458
forecast_0019,2025-01-01 19:00:00,12500.841094149919,13466.978916031547,11462.20397534272
forecast_0020,2025-01-01 20:00:00,14155.389273581264,15100.496144355919,13155.363218197373
forecast_0021,2025-01-01 21:00:00,14989.91115377854,16422.98602522153,14122.82417876196
forecast_0022,2025-01-01 22:00:00,15296.920002982735,16841.286686626703,13508.297608054645
forecast_0023,2025-01-01 23:00:00,15129.096796074095,16539.40639576002,13755.741787211538
forecast_0024,2025-01-02 00:00:00,14057.206204111511,15220.93002997638,13001.121211696869
forecast_0025,2025-01-02 01:00:00,12544.563283154492,13998.38510645867,10548.77340394652
forecast_0026,2025-01-02 02:00:00,12948.432048574894,13903.677393762868,10274.356720810641
forecast_0027,2025-01-02 03:00:00,11197.412523112005,12733.38503470862,9552.960421943837
forecast_0028,2025-01-02 04:00:00,10709.602303063815,11765.060170172823,9484.554367249377
forecast_0029,2025-01-02 05:00:00,10441.571123065234,11073.691298255675,8721.00187815121
forecast_0030,2025-01-02 06:00:00,9390.829814762892,9833.53247788665,7488.700490962598
forecast_0031,2025-01-02 07:00:00,8777.706981441657,9130.187263856727,7198.885295505025
forecast_0032,2025-01-02 08:00:00,7991.874652061278,8915.388563145714,6989.4304432573945
forecast_0033,2025-01-02 09:00:00,7342.0348732676175,8159.879979153304,5963.201598799004
forecast_0034,2025-01-02 10:00:00,6810.938097682049,7133.853017206153,5274.267856351208
forecast_0035,2025-01-02 11:00:00,5590.74751149505,6085.604203189756,4757.561566115425
forecast_0036,2025-01-02 12:00:00,6204.789193155452,7151.200366889871,5458.448881729098
forecast_0037,2025-01-02 13:00:00,6665.381933689394,7044.621059524624,5339.298301700752
forecast_0038,2025-01-02 14:00:00,7021.770140291079,6709.8602183515295,5600.192032939149
forecast_0039,2025-01-02 15:00:00,7655.046040876349,7395.604427224146,6068.04447067848
forecast_0040,2025-01-02 16:00:00,9249.735133373228,9231.078033023823,6925.24715527475
forecast_0041,2025-01-02 17:00:00,10446.988825856884,10499.824168499566,8683.9256087035
forecast_0042,2025-01-02 18:00:00,11403.234229558326,12278.983002795401,9750.903952016677
forecast_0043,2025-01-02 19:00:00,12379.443247023895,13569.557744316704,10733.911454492145
forecast_0044,2025-01-02 20:00:00,12573.710502153403,13828.700023094276,10242.385589378075
forecast_0045,2025-01-02 21:00:00,12601.282752799827,14105.568956714173,10427.927425203923
forecast_0046,2025-01-02 22:00:00,12603.080902126007,13800.210492516886,10583.335517131805
forecast_0047,2025-01-02 23:00:00,12897.831577285022,14981.299150582267,10515.365256010593
forecast_0048,2025-01-03 00:00:00,13245.69339854679,15407.45238043828,12337.3301688975
forecast_0049,2025-01-03 01:00:00,13175.799661224639,15834.20005733838,11491.482262760454
forecast_0050,2025-01-03 02:00:00,13068.823612544298,15311.175118164892,11276.194365166068
forecast_0051,2025-01-03 03:00:00,12458.929104362584,14727.997468247731,10262.515683530952
forecast_0052,2025-01-03 04:00:00,12333.03519618011,14600.861064836366,10951.37922767465
forecast_0053,2025-01-03 05:00:00,12419.396988462997,13769.513183749243,10769.806793218719
forecast_0054,2025-01-03 06:00:00,11697.78939584708,12901.0657217378,10011.242039524479
forecast_0055,2025-01-03 07:00:00,11935.235983449993,12135.790664513122,9638.763175625754
forecast_0056,2025-01-03 08:00:00,12273.451444124448,12506.069652066937,10195.045834464077
forecast_0057,2025-01-03 09:00:00,11406.74610225274,11187.550268104322,9054.182226464638
forecast_0058,2025-01-03 10:00:00,10821.112895996992,9762.140716175469,7384.221459794772
forecast_0059,2025-01-03 11:00:00,10995.129759326324,10404.147517968551,7997.662450829317
forecast_0060,2025-01-03 12:00:00,11286.338449421257,10367.348858857049,8108.40045380141
forecast_0061,2025-01-03 13:00:00,11506.760008877602,10585.97224170806,8343.346416388718
forecast_0062,2025-01-03 14:00:00,12397.075341214562,11601.319991117756,8901.962895073786
forecast_0063,2025-01-03 15:00:00,12753.264854749495,12466.668658107414,10114.320372817938
forecast_0064,2025-01-03 16:00:00,13337.786511002943,13296.672931061195,11052.355520493342
forecast_0065,2025-01-03 17:00:00,12946.679847947584,12593.541484614847,11169.649059813566
forecast_0066,2025-01-03 18:00:00,10929.591974729492,11885.58856647932,10810.044309039351
forecast_0067,2025-01-03 19:00:00,11717.811327922225,12930.504974683763,11817.181988817514
forecast_0068,2025-01-03 20:00:00,11765.978833174882,12808.262199460149,11226.21887232419
forecast_0069,2025-01-03 21:00:00,12173.176199912006,13294.644928264011,11388.568517791942
forecast_0070,2025-01-03 22:00:00,12483.61557378556,14019.05863600066,11650.292386302775
forecast_0071,2025-01-03 23:00:00,13580.003516022452,14368.046819435174,11882.895179379851
forecast_0072,2025-01-04 00:00:00,13904.759442318124,14792.054481991026,11888.213485766795
forecast_0073,2025-01-04 01:00:00,14328.661277377407,15342.929759634255,12138.58897046682
forecast_0074,2025-01-04 02:00:00,14875.297825037356,15398.567028104106,12510.576193921861
forecast_0075,2025-01-04 03:00:00,15599.753533721201,16170.999165860325,13584.691355005694
forecast_0076,2025-01-04 04:00:00,15835.989557705532,16326.458241893864,13440.011775313327
forecast_0077,2025-01-04 05:00:00,16269.914681334416,16626.488647339047,13706.199812016925
forecast_0078,2025-01-04 06:00:00,16103.448930463845,16552.802664908922,13063.005612705234
forecast_0079,2025-01-04 07:00:00,15385.465799004425,16260.619373737805,12259.40622496691
forecast_0080,2025-01-04 08:00:00,13699.060859986195,14579.69279602638,11403.571198128024
forecast_0081,2025-01-04 09:00:00,12374.819802944401,13125.056704715269,10827.42924200711
forecast_0082,2025-01-04 10:00:00,11085.720320717162,11903.964754394907,9853.637115877984
forecast_0083,2025-01-04 11:00:00,10683.457085653521,11854.4027556588,9388.669342287089
forecast_0084,2025-01-04 12:00:00,11188.688932648556,12200.745994893176,9554.731320221896
forecast_0085,2025-01-04 13:00:00,11545.43813664406,12124.635184483737,9808.45008530863
forecast_0086,2025-01-04 14:00:00,11298.117404465851,11925.717544632598,9635.427284357143
forecast_0087,2025-01-04 15:00:00,11056.196100411498,11903.101180268559,9388.206213002124
forecast_0088,2025-01-04 16:00:00,11474.200987957383,11438.435745097318,9211.836391717652
forecast_0089,2025-01-04 17:00:00,12307.207996753019,11897.008784382284,11102.382296323929
forecast_0090,2025-01-04 18:00:00,14209.120862652671,14060.630969948435,13499.550407498677
forecast_0091,2025-01-04 19:00:00,13936.659059317704,14729.65381028247,12317.66977559885
forecast_0092,2025-01-04 20:00:00,13563.879004486993,15134.590152920216,12534.167947600676
forecast_0093,2025-01-04 21:00:00,13748.504891882341,14572.233528635634,12255.289992779146
forecast_0094,2025-01-04 22:00:00,13825.04170857493,15276.99995930887,12720.026514132223
forecast_0095,2025-01-04 23:00:00,15973.959140107416,16288.9806160615,14461.505351077114
forecast_0096,2025-01-05 00:00:00,16741.326932795004,16675.474914516468,13758.852565530333
forecast_0097,2025-01-05 01:00:00,14481.680090238826,15546.170109741315,12182.175361582818
forecast_0098,2025-01-05 02:00:00,14539.404442100906,15064.508789845999,11019.371874236072
forecast_0099,2025-01-05 03:00:00,14356.26118119585,15145.403567723164,11190.12195957488
forecast_0100,2025-01-05 04:00:00,12650.856039504139,14576.975222748972,10078.353432066726
forecast_0101,2025-01-05 05:00:00,11386.671800134796,13029.74668734917,9056.55821946834
forecast_0102,2025-01-05 06:00:00,9432.36173880044,12326.908135551494,8243.263754864254
forecast_0103,2025-01-05 07:00:00,9186.763258042753,11606.373770412749,7801.42947660014
forecast_0104,2025-01-05 08:00:00,9263.882364813453,12479.958679060746,7891.086636460724
forecast_0105,2025-01-05 09:00:00,9915.262571897356,11945.598107589612,7911.365420690128
forecast_0106,2025-01-05 10:00:00,10967.295856726883,12672.868317509758,10726.546023027477
forecast_0107,2025-01-05 11:00:00,13281.521033684085,15006.09743974672,13925.068342618819
forecast_0108,2025-01-05 12:00:00,13709.684148168823,14990.975378303345,14373.42365267339
forecast_0109,2025-01-05 13:00:00,12854.912805676076,14421.699756285683,14433.543950182198
forecast_0110,2025-01-05 14:00:00,12307.106444941339,13619.096713828098,13489.626045116098
forecast_0111,2025-01-05 15:00:00,10661.77067992111,12738.30622240572,12351.173628013923
forecast_0112,2025-01-05 16:00:00,9937.932557424752,12608.520576295712,10295.418003251041
forecast_0113,2025-01-05 17:00:00,9543.397333862082,11553.392689859416,9491.23843488982
forecast_0114,2025-01-05 18:00:00,9828.071323218139,10638.947559245667,9260.203690132988
forecast_0115,2025-01-05 19:00:00,10182.842555209992,10912.907664277207,9555.671191867326
forecast_0116,2025-01-05 20:00:00,10428.023820307842,11382.863178735435,10328.628175240154
forecast_0117,2025-01-05 21:00:00,11333.502982547168,12930.976402136737,11301.465608887862
forecast_0118,2025-01-05 22:00:00,11793.010234246101,13425.663658841264,11819.610213671707
forecast_0119,2025-01-05 23:00:00,11298.510514784919,13036.750373450799,10648.065754598625
forecast_0120,2025-01-06 00:00:00,10077.527596573666,11938.192570739193,10098.06281902413
forecast_0121,2025-01-06 01:00:00,10500.793791715862,11781.010631789473,9192.191865973336
forecast_0122,2025-01-06 02:00:00,10067.93637144242,11574.175965132135,9321.297372767714
forecast_0123,2025-01-06 03:00:00,10398.948950219314,11443.253943489899,8565.148673443407
forecast_0124,2025-01-06 04:00:00,9152.770753481851,10962.746621136877,7305.804614615699
forecast_0125,2025-01-06 05:00:00,8150.50058215336,9311.416370307157,6209.407646893191
forecast_0126,2025-01-06 06:00:00,6793.086084983026,8425.438876406586,6038.002318518784
forecast_0127,2025-01-06 07:00:00,4686.238305986427,6324.465698061361,4720.6606249609595
forecast_0128,2025-01-06 08:00:00,4194.394835963578,4542.574737305402,4162.260825221001
forecast_0129,2025-01-06 09:00:00,5256.641490940706,6244.471511346862,4630.115785650377
forecast_0130,2025-01-06 10:00:00,5005.3347198260935,5762.432344680925,5723.837909206613
forecast_0131,2025-01-06 11:00:00,5870.423831723927,6296.348613783621,6521.165572008238
forecast_0132,2025-01-06 12:00:00,7350.204597053647,7901.700750456311,7526.2597013811965
forecast_0133,2025-01-06 13:00:00,8116.512056730472,8729.702903944577,7558.207232275719
forecast_0134,2025-01-06 14:00:00,7574.987901699626,7920.795514606323,7173.413882620677
forecast_0135,2025-01-06 15:00:00,8212.229740816543,8859.976481926215,7629.03802114173
forecast_0136,2025-01-06 16:00:00,9830.023623896637,9857.293021680223,8666.938264606755
forecast_0137,2025-01-06 17:00:00,10231.927410473349,9802.737759210295,8646.317660901694
forecast_0138,2025-01-06 18:00:00,10964.169004524087,10442.396744218784,9340.374650396232
forecast_0139,2025-01-06 19:00:00,11644.154339567229,12022.653436022045,9557.725901153766
forecast_0140,2025-01-06 20:00:00,12395.961490551696,11896.502370584698,10921.413193992174
forecast_0141,2025-01-06 21:00:00,11964.28197810095,11881.654157566101,11205.9451987463
forecast_0142,2025-01-06 22:00:00,12057.442379410839,11884.734533078738,11176.968200808358
forecast_0143,2025-01-06 23:00:00,12703.957728857953,12343.405109341422,11169.749328529444
forecast_0144,2025-01-07 00:00:00,13699.27232509762,13664.268640527771,12328.226072058664
forecast_0145,2025-01-07 01:00:00,15140.044325086103,15351.604676634737,13645.166568630504
forecast_0146,2025-01-07 02:00:00,15430.00271646265,15747.93141863956,13771.891592110756
forecast_0147,2025-01-07 03:00:00,15318.424627578743,16837.7707579743,14448.150521416454
forecast_0148,2025-01-07 04:00:00,14714.769705858775,15500.871514449153,13802.125627400255
forecast_0149,2025-01-07 05:00:00,14250.58660404183,14982.861017280533,13058.864850589809
forecast_0150,2025-01-07 06:00:00,14089.220926778702,14799.341536534172,12591.932091279119
forecast_0151,2025-01-07 07:00:00,13975.431959228723,14772.105670971097,12835.920720246058
forecast_0152,2025-01-07 08:00:00,13908.231109037792,14856.287819229467,12627.760144764205
forecast_0153,2025-01-07 09:00:00,14149.378456295904,14851.22414670611,12654.532513248327
forecast_0154,2025-01-07 10:00:00,14084.371286107955,15131.174109151258,12084.22040370573
forecast_0155,2025-01-07 11:00:00,14464.250408373153,15395.332733836123,12514.998229658775
forecast_0156,2025-01-07 12:00:00,14741.855479539634,15699.05944938495,12704.867920966331
forecast_0157,2025-01-07 13:00:00,14810.156386552464,15613.796645734947,12868.691885875023
forecast_0158,2025-01-07 14:00:00,14670.681670286287,15601.58697491571,12746.190563604476
forecast_0159,2025-01-07 15:00:00,14711.825809018426,15568.267271565092,12882.07403660181
forecast_0160,2025-01-07 16:00:00,14558.676843167748,15281.652594638883,12471.509201632143
forecast_0161,2025-01-07 17:00:00,14617.670737275324,15014.843168478663,12087.018512951272
forecast_0162,2025-01-07 18:00:00,14981.009207075605,15038.147539005538,12782.577947346943
forecast_0163,2025-01-07 19:00:00,14658.581692826485,15217.554716286082,13460.778839173017
forecast_0164,2025-01-07 20:00:00,14804.725840009449,15839.917573648043,13727.381083687846
forecast_0165,2025-01-07 21:00:00,14677.673307116896,15266.461923698655,13613.598462380583
forecast_0166,2025-01-07 22:00:00,15457.307819707195,16546.003570080098,13647.555603922448
forecast_0167,2025-01-07 23:00:00,15356.330274762417,16726.181701591602,13619.215767105317
forecast_0168,2025-01-08 00:00:00,14665.995527221576,15600.595310730318,13391.840180523164
forecast_0169,2025-01-08 01:00:00,14238.071087630777,16166.637858429895,13178.659282570241
forecast_0170,2025-01-08 02:00:00,13967.894431757763,16066.3192754493,12777.171939309528
forecast_0171,2025-01-08 03:00:00,13920.079365298287,16029.618686133063,12502.019385881635
forecast_0172,2025-01-08 04:00:00,13831.96933119537,16088.651920690572,12606.082969430776
forecast_0173,2025-01-08 05:00:00,13678.056797396424,15819.154788889256,12416.531692915309
forecast_0174,2025-01-08 06:00:00,14102.079841211473,15070.637660241873,12471.613677392115
forecast_0175,2025-01-08 07:00:00,13966.552837654715,14522.765222275271,12050.762252623505
forecast_0176,2025-01-08 08:00:00,14226.964188366897,14593.67879329459,12165.362601558916
forecast_0177,2025-01-08 09:00:00,13841.529666563447,14842.836897836056,12071.857630180302
forecast_0178,2025-01-08 10:00:00,13747.811348092251,14358.711405410713,12076.728028810476
forecast_0179,2025-01-08 11:00:00,13838.563660712109,14752.881123351359,12051.71922769112
forecast_0180,2025-01-08 12:00:00,13989.097661459058,15495.534250175371,11942.163577837659
forecast_0181,2025-01-08 13:00:00,14060.64667869522,15289.778607450593,12030.73507480416
forecast_0182,2025-01-08 14:00:00,13887.818294122582,15216.341231572547,11707.868462601864
forecast_0183,2025-01-08 15:00:00,13866.08156549959,15098.669781729208,11624.539993453041
forecast_0184,2025-01-08 16:00:00,13332.014335104572,15100.503814130368,11946.823680869795
forecast_0185,2025-01-08 17:00:00,13111.662854979439,14783.885847891575,12281.247567534168
forecast_0186,2025-01-08 18:00:00,13346.972258859978,14457.19911259411,12271.283175231607
forecast_0187,2025-01-08 19:00:00,13803.529653205183,15498.71816032072,12854.206152171693
forecast_0188,2025-01-08 20:00:00,13536.223838099493,15883.959175360318,13060.123028143682
forecast_0189,2025-01-08 21:00:00,13002.768115604786,15128.904846620107,13441.974519126596
forecast_0190,2025-01-08 22:00:00,13175.336239973656,15273.554035369989,13851.718544465035
forecast_0191,2025-01-08 23:00:00,13513.69961978618,15652.374692490173,13693.036142229064
forecast_0192,2025-01-09 00:00:00,13277.082007926887,16102.522029054577,13253.005607542675
forecast_0193,2025-01-09 01:00:00,12861.003762127204,14738.00919363869,13036.647259412408
forecast_0194,2025-01-09 02:00:00,12224.866699089496,14912.432800938886,13088.163896624637
forecast_0195,2025-01-09 03:00:00,12073.053623184707,15255.899717488383,12428.127307252027
forecast_0196,2025-01-09 04:00:00,11758.056992021244,15092.740264914644,11557.06907691681
forecast_0197,2025-01-09 05:00:00,11800.554331660958,15124.727359696122,11558.791453778827
forecast_0198,2025-01-09 06:00:00,11691.129929423916,14769.41799304323,12254.480875494928
forecast_0199,2025-01-09 07:00:00,11679.907746104986,14399.841023541923,11864.266904251586
forecast_0200,2025-01-09 08:00:00,11474.416013554977,14078.198555318766,11910.91130961598
forecast_0201,2025-01-09 09:00:00,12148.241737025168,14352.52461528201,11855.530209666196
forecast_0202,2025-01-09 10:00:00,12668.999399485849,14893.102326816193,11976.22806526203
forecast_0203,2025-01-09 11:00:00,13167.679790795228,15421.882002447803,12403.4573479809
forecast_0204,2025-01-09 12:00:00,13223.462901780467,15581.596543037518,12382.66902315102
forecast_0205,2025-01-09 13:00:00,13090.689392071434,15335.746805645196,12194.308474566524
forecast_0206,2025-01-09 14:00:00,13335.119076312865,14910.684236264393,12171.808668048807
forecast_0207,2025-01-09 15:00:00,13316.54307991114,14802.806189826066,11636.486337212402
forecast_0208,2025-01-09 16:00:00,12783.944747703592,13428.690596491033,10546.392778308049
forecast_0209,2025-01-09 17:00:00,11996.01903985358,12330.73307360178,10515.009275993698
forecast_0210,2025-01-09 18:00:00,11627.086355230898,11732.170714588827,9495.25840206352
forecast_0211,2025-01-09 19:00:00,11208.42287547261,13255.944136729568,7852.640809364471
forecast_0212,2025-01-09 20:00:00,12387.669741271475,14301.818856240467,7797.840744163232
forecast_0213,2025-01-09 21:00:00,13058.271208258835,15195.031344666226,8119.596404085308
forecast_0214,2025-01-09 22:00:00,14782.645740666569,16026.5983322535,9321.030542158422
forecast_0215,2025-01-09 23:00:00,15574.426994625757,17154.023761166973,11371.712318803444
forecast_0216,2025-01-10 00:00:00,15974.779114423467,17367.755645494566,11582.69616527087
forecast_0217,2025-01-10 01:00:00,11418.108981962323,10513.13372409073,8971.522196265914
forecast_0218,2025-01-10 02:00:00,13489.63257482049,12835.759737681037,10130.01338343281
forecast_0219,2025-01-10 03:00:00,14519.421208867274,14986.808931508085,11099.484575732778
forecast_0220,2025-01-10 04:00:00,15004.081634811442,15465.4873800874,11337.140828564492
forecast_0221,2025-01-10 05:00:00,14584.353941256495,15635.45619021595,11011.581795481643
forecast_0222,2025-01-10 06:00:00,14172.265106043815,15321.061386870948,10768.516318873017
forecast_0223,2025-01-10 07:00:00,13220.616940716378,12814.66290615287,10627.624903120788
forecast_0224,2025-01-10 08:00:00,11023.42585951638,10447.238724782977,9464.400234145627
forecast_0225,2025-01-10 09:00:00,9772.812546580411,8484.025008962532,7579.135546451738
forecast_0226,2025-01-10 10:00:00,7570.376705301025,6337.143918074797,5720.776664508066
forecast_0227,2025-01-10 11:00:00,6007.154330381564,4260.652066928515,3473.5831032738224
forecast_0228,2025-01-10 12:00:00,4213.854152311042,3583.3024864670674,2784.687056069318
forecast_0229,2025-01-10 13:00:00,3826.5811072808865,3562.0870724819224,2540.952629595338
forecast_0230,2025-01-10 14:00:00,3433.33282608773,3481.1417842529904,3052.4229313410315
forecast_0231,2025-01-10 15:00:00,4732.574460229263,3795.780595345156,3929.6061831748934
forecast_0232,2025-01-10 16:00:00,5106.819008095753,4381.65787745771,4242.183213094367
forecast_0233,2025-01-10 17:00:00,7001.319055420927,5638.294488084479,5388.368348183337
forecast_0234,2025-01-10 18:00:00,8105.855702248008,7885.097599845377,6753.214946848019
forecast_0235,2025-01-10 19:00:00,9070.860341239217,8314.73659634968,7638.056730679091
forecast_0236,2025-01-10 20:00:00,9412.08234029277,8811.91748119945,8368.336957739939
forecast_0237,2025-01-10 21:00:00,8702.631038233392,8114.159689652452,7106.530151796818
forecast_0238,2025-01-10 22:00:00,8724.759166173082,8348.981930193178,7306.164575179646
forecast_0239,2025-01-10 23:00:00,9021.981617793803,8423.958337350248,7695.873009664366
forecast_0240,2025-01-11 00:00:00,9741.085123510698,8380.798738576359,7855.008780281015
forecast_0241,2025-01-11 01:00:00,8649.620634152312,8279.695389584924,8661.289183308245
forecast_0242,2025-01-11 02:00:00,8868.064755531444,7790.310963173524,8672.154977507842
forecast_0243,2025-01-11 03:00:00,9049.255894346277,7893.267752760885,8669.267673072369
forecast_0244,2025-01-11 04:00:00,9321.263251097918,8438.461867691582,8484.483735068123
forecast_0245,2025-01-11 05:00:00,8612.0675282159,8122.195396771912,7512.927486951402
forecast_0246,2025-01-11 06:00:00,7141.086332753593,6888.913281958335,5859.886028567702
forecast_0247,2025-01-11 07:00:00,7118.642878834351,6890.544615980075,6037.582041182466
forecast_0248,2025-01-11 08:00:00,7524.972254218785,7019.455818400339,6381.785327884653
forecast_0249,2025-01-11 09:00:00,6957.75197705242,6595.973362884089,5176.79657802199
forecast_0250,2025-01-11 10:00:00,4754.941062062194,4648.1813893816525,2968.2268215954196
forecast_0251,2025-01-11 11:00:00,4639.408817320803,3760.7343312270646,2820.8389063538443
forecast_0252,2025-01-11 12:00:00,3012.3857772704014,2907.1932004312903,2106.587473259026
forecast_0253,2025-01-11 13:00:00,2447.1645664878247,2345.273798909283,1713.1007790396652
forecast_0254,2025-01-11 14:00:00,2926.320367958597,2828.8723980297923,2171.5156898841738
forecast_0255,2025-01-11 15:00:00,2683.083725790909,2556.357520543161,2207.705379773652
forecast_0256,2025-01-11 16:00:00,3748.9444545208107,3407.9148850769493,3018.522424305295
forecast_0257,2025-01-11 17:00:00,6198.834042651189,5270.565169111697,4518.445515923575
forecast_0258,2025-01-11 18:00:00,6951.629773324149,6524.102554133862,5439.482388290622
forecast_0259,2025-01-11 19:00:00,8560.845555119227,8821.187922389146,6544.087875857487
forecast_0260,2025-01-11 20:00:00,9825.657090987368,9398.210845101421,8386.15499102375
forecast_0261,2025-01-11 21:00:00,9729.378080078535,9197.339531478014,8639.085443045553
forecast_0262,2025-01-11 22:00:00,10051.197832199103,9092.9726252805,8328.99913267954
forecast_0263,2025-01-11 23:00:00,10943.223015218666,10580.748541702145,8904.008946532187
forecast_0264,2025-01-12 00:00:00,12364.32212887591,11893.09473067206,9428.503836481648
forecast_0265,2025-01-12 01:00:00,8915.559257923447,9134.205075144788,7825.099384557166
forecast_0266,2025-01-12 02:00:00,9278.018349405682,9802.866760172054,7806.5244759912375
forecast_0267,2025-01-12 03:00:00,9832.487442668238,10416.794915062068,8182.019045689417
forecast_0268,2025-01-12 04:00:00,11234.117854018257,11676.974144564641,9360.574129702432
forecast_0269,2025-01-12 05:00:00,11881.307681306176,13310.207552540782,9538.661805210633
forecast_0270,2025-01-12 06:00:00,12201.533652850027,13685.365401624726,9219.19597995572
forecast_0271,2025-01-12 07:00:00,12651.543243119257,14032.968342716886,9761.392731459759
forecast_0272,2025-01-12 08:00:00,12497.675260346545,13676.032739507056,9679.807113565068
forecast_0273,2025-01-12 09:00:00,12482.873388467615,13674.082979880943,9705.205123298429
forecast_0274,2025-01-12 10:00:00,11038.252886261518,12142.360231449542,8825.397395706028
forecast_0275,2025-01-12 11:00:00,9630.134871260478,10737.756474504782,8025.713648766813
forecast_0276,2025-01-12 12:00:00,8706.681538970372,9583.996793509585,7723.66485655177
forecast_0277,2025-01-12 13:00:00,8427.138482659482,8635.106576873952,6882.516805093235
forecast_0278,2025-01-12 14:00:00,9461.431394170728,9953.532301655494,7698.383311089683
forecast_0279,2025-01-12 15:00:00,9574.679952291403,9845.27228496044,8409.984623687598
forecast_0280,2025-01-12 16:00:00,10663.660407365403,10048.166826545184,9347.198778131911
forecast_0281,2025-01-12 17:00:00,11926.83549697851,11560.01791830361,8588.833053923277
forecast_0282,2025-01-12 18:00:00,11578.321333225858,11910.804253290258,9122.555056481999
forecast_0283,2025-01-12 19:00:00,11902.736759623167,11767.100003057005,8555.578546590565
forecast_0284,2025-01-12 20:00:00,11884.173765685235,12441.92919339836,8344.439005890317
forecast_0285,2025-01-12 21:00:00,12182.812727993305,12114.22227505653,9283.049779415818
forecast_0286,2025-01-12 22:00:00,12842.930684764046,13212.917183272724,9731.751581519567
forecast_0287,2025-01-12 23:00:00,12972.8919034108,13366.06980087824,10022.128753005618
forecast_0288,2025-01-13 00:00:00,13825.639455408638,13913.182493422906,11680.940988754317
forecast_0289,2025-01-13 01:00:00,16198.144381064838,16672.588936054,13619.384277656496
forecast_0290,2025-01-13 02:00:00,17441.77508915037,17836.83862560392,14927.483484219372
forecast_0291,2025-01-13 03:00:00,17857.678907899808,17928.268493601765,15827.015969372316
forecast_0292,2025-01-13 04:00:00,17984.741038103428,18346.294879141034,16206.540288570199
forecast_0293,2025-01-13 05:00:00,18133.399611053166,18522.003831342903,16184.742972344591
forecast_0294,2025-01-13 06:00:00,18050.692495336356,18535.165908020994,15834.217379544363
forecast_0295,2025-01-13 07:00:00,17584.991809798114,18150.66735159697,15764.547158489679
forecast_0296,2025-01-13 08:00:00,16721.73487436547,17396.811686498346,13838.321584805884
forecast_0297,2025-01-13 09:00:00,16280.036931685852,17621.331633375885,14219.48938178016
forecast_0298,2025-01-13 10:00:00,14418.352644853152,16188.369336025009,13718.16760166417
forecast_0299,2025-01-13 11:00:00,14259.33208121797,15438.25990198727,13280.877511477162
forecast_0300,2025-01-13 12:00:00,13809.853914144507,14382.711625130663,12542.235724790486
forecast_0301,2025-01-13 13:00:00,12927.953767459392,13897.406063485192,11857.43845112722
forecast_0302,2025-01-13 14:00:00,11859.75874132237,12198.426837615743,10910.31518002003
forecast_0303,2025-01-13 15:00:00,13101.217582269932,13455.013068634564,11915.152692346404
forecast_0304,2025-01-13 16:00:00,13799.796718907928,14397.805226953838,12377.476370886134
forecast_0305,2025-01-13 17:00:00,13875.25966045826,14068.934500007696,12787.289582344021
forecast_0306,2025-01-13 18:00:00,12754.738797074016,13571.41036435408,12306.166183302721
forecast_0307,2025-01-13 19:00:00,13647.206118879669,15041.5725532461,13162.93254535202
forecast_0308,2025-01-13 20:00:00,15291.961922794917,16069.805950089709,13216.921691360163
forecast_0309,2025-01-13 21:00:00,14654.870418117642,15176.350816517222,13773.817496802889
forecast_0310,2025-01-13 22:00:00,14648.555255242178,15881.89582478906,14550.292023813807
forecast_0311,2025-01-13 23:00:00,15235.519542396842,16769.346766021503,14703.56390296548
forecast_0312,2025-01-14 00:00:00,17228.48015580394,17607.020706313717,15523.186362982688
forecast_0313,2025-01-14 01:00:00,16396.547788066327,17297.62191246968,14961.15203935811
forecast_0314,2025-01-14 02:00:00,15924.37098196673,17064.878778078437,14796.42538240934
forecast_0315,2025-01-14 03:00:00,16323.614212169081,17203.38654525653,14907.205833136668
forecast_0316,2025-01-14 04:00:00,15911.458348154503,16441.513882362724,14234.797229021435
forecast_0317,2025-01-14 05:00:00,16009.026694731308,16832.109044922217,14382.554498042142
forecast_0318,2025-01-14 06:00:00,16174.14242612753,16852.40978502572,14440.774901144094
forecast_0319,2025-01-14 07:00:00,16084.758643770105,17112.44302486691,14576.91776527697
forecast_0320,2025-01-14 08:00:00,16495.207017645884,17429.959533172823,14902.03864356511
forecast_0321,2025-01-14 09:00:00,16552.468156065206,17614.059444205315,14691.796111777732
forecast_0322,2025-01-14 10:00:00,16335.393605497175,17026.141492912833,15170.329835473967
forecast_0323,2025-01-14 11:00:00,15759.864364869934,15116.829962547754,14811.305790209271
forecast_0324,2025-01-14 12:00:00,15426.404995222409,14790.606854938345,13270.811873605697
forecast_0325,2025-01-14 13:00:00,15019.210214353516,14278.110653259106,12762.473776039491
forecast_0326,2025-01-14 14:00:00,13904.049900131213,13270.16874247579,11955.49021417854
forecast_0327,2025-01-14 15:00:00,13752.249766632796,13009.983070213708,11908.15964129044
forecast_0328,2025-01-14 16:00:00,13495.487983160096,12345.286788974929,11873.764245124265
forecast_0329,2025-01-14 17:00:00,13171.52607268723,12630.430760432626,11522.06688423324
forecast_0330,2025-01-14 18:00:00,13345.639707505316,12865.317373092015,11661.794959270195
forecast_0331,2025-01-14 19:00:00,13116.95932122312,13767.739074089352,11689.183254979544
forecast_0332,2025-01-14 20:00:00,13580.102265033578,13429.931466955597,11588.156293717957
forecast_0333,2025-01-14 21:00:00,13656.927720225085,13241.273003158023,12096.55475482578
forecast_0334,2025-01-14 22:00:00,13755.998901218796,13597.852807687881,12612.51307911363
forecast_0335,2025-01-14 23:00:00,13951.597139309846,14135.693344789866,12464.450723354068
forecast_0336,2025-01-15 00:00:00,13935.759408964348,14291.60957132531,12263.921880672855
forecast_0337,2025-01-15 01:00:00,13301.025760851584,13563.009583371306,12062.86833856096
forecast_0338,2025-01-15 02:00:00,13333.558479796671,13157.261921700972,11360.177723122071
forecast_0339,2025-01-15 03:00:00,12231.857252927259,12109.67286163587,9468.138300419643
forecast_0340,2025-01-15 04:00:00,11131.850057230173,11315.058241933102,8862.322617812455
forecast_0341,2025-01-15 05:00:00,11773.818681205501,11879.56817809803,9543.931578606052
forecast_0342,2025-01-15 06:00:00,12483.629141134026,12439.427167494385,10714.247362853197
forecast_0343,2025-01-15 07:00:00,13256.909745666522,12704.264309520782,11447.039819253694
forecast_0344,2025-01-15 08:00:00,12644.418838941432,12694.19951852115,11038.84080684285
forecast_0345,2025-01-15 09:00:00,12633.61100042675,12945.575881611496,12064.797634955523
forecast_0346,2025-01-15 10:00:00,12095.38271533227,11624.146445683411,10458.394035150346
forecast_0347,2025-01-15 11:00:00,11636.156277400727,10980.320320802171,10457.769614755576
forecast_0348,2025-01-15 12:00:00,11805.563480803887,10884.315968165924,9853.104794275372
forecast_0349,2025-01-15 13:00:00,11560.996766618067,10740.793372071632,9711.594393224814
forecast_0350,2025-01-15 14:00:00,11197.792972883248,10158.514893206402,8917.374791990229
forecast_0351,2025-01-15 15:00:00,10005.211512922526,9290.787104025881,8825.6257979688
forecast_0352,2025-01-15 16:00:00,10318.652559116465,10633.604302692323,8909.991485913377
forecast_0353,2025-01-15 17:00:00,11438.129951326995,12708.315113835753,10237.112863552524
forecast_0354,2025-01-15 18:00:00,14082.142782560697,14691.25302190677,13275.098088101518
forecast_0355,2025-01-15 19:00:00,14949.287227276023,16474.708494235318,14642.888811432318
forecast_0356,2025-01-15 20:00:00,15959.501602157752,16634.48082395004,14321.79201647023
forecast_0357,2025-01-15 21:00:00,16385.862385660945,16967.402240042906,14209.848280752129
forecast_0358,2025-01-15 22:00:00,16919.991924164864,17635.29567738799,15969.017400983776
forecast_0359,2025-01-15 23:00:00,17102.066146187168,18140.402688091614,16214.210084970247
forecast_0360,2025-01-16 00:00:00,17114.715311909935,18310.15447938291,15999.08243632213
forecast_0361,2025-01-16 01:00:00,16609.922094731683,17630.131432860922,14861.872855718151
forecast_0362,2025-01-16 02:00:00,16536.12667752478,17920.84372553838,15101.806903671504
forecast_0363,2025-01-16 03:00:00,16429.83981731137,17893.95063999035,15489.311386856418
forecast_0364,2025-01-16 04:00:00,16673.26153262648,17867.373534388244,15383.69561818048
forecast_0365,2025-01-16 05:00:00,16880.747241447094,17895.769845867515,14981.362046155795
forecast_0366,2025-01-16 06:00:00,17102.451276012573,18167.593767036662,15204.123174734565
forecast_0367,2025-01-16 07:00:00,17537.72085729517,18699.26555002257,15766.810993588639
forecast_0368,2025-01-16 08:00:00,16673.769641811195,18229.78279374039,15427.174648069757
forecast_0369,2025-01-16 09:00:00,16452.88052437389,17599.84716533002,15447.7016691106
forecast_0370,2025-01-16 10:00:00,15637.186675241279,16523.224881894097,15503.634833872367
forecast_0371,2025-01-16 11:00:00,15822.436822220488,16244.709573601904,14784.612922034172
forecast_0372,2025-01-16 12:00:00,15158.734748399473,15297.082870475857,13786.626556810752
forecast_0373,2025-01-16 13:00:00,15026.232205736995,14952.695516320226,13417.665998220926
forecast_0374,2025-01-16 14:00:00,15350.755937159214,14952.645017463741,12876.470541100414
forecast_0375,2025-01-16 15:00:00,15121.648609447928,14701.775807441743,13036.87950198232
forecast_0376,2025-01-16 16:00:00,15310.327999349573,14607.856242757176,12603.98242206467
forecast_0377,2025-01-16 17:00:00,15561.417043745523,15265.860642431446,13346.135867263172
forecast_0378,2025-01-16 18:00:00,15332.585032280045,15849.670518250143,13539.864485230388
forecast_0379,2025-01-16 19:00:00,13662.935884202032,14588.66020906098,12917.113007453194
forecast_0380,2025-01-16 20:00:00,12067.058414018704,12716.465697677888,9867.27045957307
forecast_0381,2025-01-16 21:00:00,10789.906798185255,11004.191659752132,9321.429101654807
forecast_0382,2025-01-16 22:00:00,10083.645755797308,9550.354358095237,8411.65873061319
forecast_0383,2025-01-16 23:00:00,7574.845151659936,7295.095985559883,6049.712903806912
forecast_0384,2025-01-17 00:00:00,4988.095151082643,4369.480124832394,3457.309435018266
forecast_0385,2025-01-17 01:00:00,2979.0238501934373,2287.6448938438507,2069.035591953145
forecast_0386,2025-01-17 02:00:00,1797.5628514377472,1654.9847559295554,1206.673404654661
forecast_0387,2025-01-17 03:00:00,1453.216984260153,1433.8492387773804,1179.8631766816916
forecast_0388,2025-01-17 04:00:00,1399.6645293029947,1389.2386219267353,1115.3146134234942
forecast_0389,2025-01-17 05:00:00,1273.6958678791186,1328.3474196051636,1012.6533608602598
forecast_0390,2025-01-17 06:00:00,1311.2913127582797,1281.099550871561,997.300326180918
forecast_0391,2025-01-17 07:00:00,1290.9532609428627,1392.9911156906999,969.9330761665316
forecast_0392,2025-01-17 08:00:00,1436.978848069715,1411.415286019988,961.4411742265435
forecast_0393,2025-01-17 09:00:00,1479.9956492458107,1509.3553559443126,996.2180667943288
forecast_0394,2025-01-17 10:00:00,871.9329926809253,979.2740466306572,752.9381527288654
forecast_0395,2025-01-17 11:00:00,524.0377257912571,681.6188359550958,506.96824065207153
forecast_0396,2025-01-17 12:00:00,508.09802899213497,611.3083641886975,495.5705004364356
forecast_0397,2025-01-17 13:00:00,579.1667782686835,896.9889782537255,683.7461022025352
forecast_0398,2025-01-17 14:00:00,1501.8285551524314,1421.1752126380945,1308.849362464317
forecast_0399,2025-01-17 15:00:00,2237.5675199489006,1838.9043471819027,1738.1673024090496
forecast_0400,2025-01-17 16:00:00,4456.330961399528,4187.023270652862,3140.7758866482422
forecast_0401,2025-01-17 17:00:00,6207.342642601161,6225.791101051717,4464.590221745991
forecast_0402,2025-01-17 18:00:00,7377.991373940967,8319.801138910108,6612.91201211678
forecast_0403,2025-01-17 19:00:00,9895.879819803677,9951.835602355966,9180.269017695506
forecast_0404,2025-01-17 20:00:00,11332.581610880356,11023.516259093585,9878.467790376446
forecast_0405,2025-01-17 21:00:00,12854.39436329602,11927.321152990688,10431.950310004839
forecast_0406,2025-01-17 22:00:00,12661.823701300837,11796.190162002771,10102.064163750636
forecast_0407,2025-01-17 23:00:00,13221.102551088574,12018.37245559049,10301.96321614163
forecast_0408,2025-01-18 00:00:00,14105.058314747565,12548.345331197559,10226.39774330676
forecast_0409,2025-01-18 01:00:00,11853.10610697156,10204.128294046637,8194.696767996624
forecast_0410,2025-01-18 02:00:00,11878.433089710712,10348.298515354343,7488.6457933178335
forecast_0411,2025-01-18 03:00:00,13908.04164547842,12137.846220647987,9631.346861312564
forecast_0412,2025-01-18 04:00:00,14968.940200321067,13216.472970151395,10746.739501692626
forecast_0413,2025-01-18 05:00:00,15383.171608413511,13984.874088478387,11078.95893342557
forecast_0414,2025-01-18 06:00:00,13209.287874790203,12136.40226832322,8053.727263621696
forecast_0415,2025-01-18 07:00:00,12369.83693398997,10408.091145925633,7027.785727720757
forecast_0416,2025-01-18 08:00:00,9252.174054767453,7566.022620034686,5028.026289726085
forecast_0417,2025-01-18 09:00:00,4623.019021193935,3949.3724332391585,2749.1555181946774
forecast_0418,2025-01-18 10:00:00,4589.836169833575,3334.436396697928,2078.5434973137403
forecast_0419,2025-01-18 11:00:00,3829.4011226576663,2521.376608722121,2426.572138630835
forecast_0420,2025-01-18 12:00:00,3422.7975752277503,3141.085586284352,2733.62421073624
forecast_0421,2025-01-18 13:00:00,2640.252961700034,2772.262816425553,2242.425442862308
forecast_0422,2025-01-18 14:00:00,2133.0871167493156,2585.8183983309923,1953.218316322961
forecast_0423,2025-01-18 15:00:00,2582.78370673138,3817.4278919622407,2576.2722038171732
forecast_0424,2025-01-18 16:00:00,4380.29091443038,5016.917929208294,3455.8844859473397
forecast_0425,2025-01-18 17:00:00,8200.690718497073,8880.32685358897,5616.300754887698
forecast_0426,2025-01-18 18:00:00,13044.62212398327,11850.539308647696,10194.234309676007
forecast_0427,2025-01-18 19:00:00,15328.278750180754,14552.476811786697,12311.629975891989
forecast_0428,2025-01-18 20:00:00,15973.135645294735,15874.40285573874,13322.749193955015
forecast_0429,2025-01-18 21:00:00,16338.363469757642,16415.066061688813,13424.079334837299
forecast_0430,2025-01-18 22:00:00,17030.193700646065,16562.43778433701,13447.37099319346
forecast_0431,2025-01-18 23:00:00,15977.165043497782,16216.482506871911,12570.527770353825
forecast_0432,2025-01-19 00:00:00,15214.040189752113,16497.70285321448,12365.63037909097
forecast_0433,2025-01-19 01:00:00,15131.065474050118,15521.171203057755,11612.686516359801
forecast_0434,2025-01-19 02:00:00,14945.08827224494,15378.260239506855,11763.330684408229
forecast_0435,2025-01-19 03:00:00,16172.13985550417,16585.2094169748,12557.48938987223
forecast_0436,2025-01-19 04:00:00,16776.218066705147,17067.48870980222,13794.86469382829
forecast_0437,2025-01-19 05:00:00,16961.64497350318,16971.312817796388,12979.547892311339
forecast_0438,2025-01-19 06:00:00,16924.209191192815,17019.163866460476,13473.448524323589
forecast_0439,2025-01-19 07:00:00,17049.81181923232,17033.05641924406,13723.891849839916
forecast_0440,2025-01-19 08:00:00,16934.54617635846,16708.981696406703,12936.260325809508
forecast_0441,2025-01-19 09:00:00,15852.130022427214,16234.900780265842,12039.912050225745
forecast_0442,2025-01-19 10:00:00,12742.811768962567,13635.141114572001,9959.883570087568
forecast_0443,2025-01-19 11:00:00,11321.39609291151,12012.065234396403,8929.889695361888
forecast_0444,2025-01-19 12:00:00,10161.17258736366,11522.687673173808,8974.939740075148
forecast_0445,2025-01-19 13:00:00,8999.541378385637,10425.951663281303,7871.671593541917
forecast_0446,2025-01-19 14:00:00,8733.82417635097,9962.508152212242,8025.622909662202
forecast_0447,2025-01-19 15:00:00,7115.273992145696,8034.199811591256,6531.769331439826
forecast_0448,2025-01-19 16:00:00,7511.604182832938,8343.248053436782,6366.662421763175
forecast_0449,2025-01-19 17:00:00,9218.253056274569,9470.050961328176,7650.897059612994
forecast_0450,2025-01-19 18:00:00,10856.116350385013,10955.952514347366,9901.925087756872
forecast_0451,2025-01-19 19:00:00,11561.902030408266,12773.82528451211,9949.50927374711
forecast_0452,2025-01-19 20:00:00,10903.59983569147,13050.980502160897,10425.314998107986
forecast_0453,2025-01-19 21:00:00,10710.43586813688,12409.595232507681,10197.830757293337
forecast_0454,2025-01-19 22:00:00,10393.2206522183,11801.726144798586,9189.976125268444
forecast_0455,2025-01-19 23:00:00,10032.024820577752,10721.15243971272,9123.14008740396
forecast_0456,2025-01-20 00:00:00,9176.923821364493,9787.492709904316,8276.85033717653
forecast_0457,2025-01-20 01:00:00,7886.55556321084,7767.488804533976,6108.996970931449
forecast_0458,2025-01-20 02:00:00,7578.464831810589,6685.522122041064,5683.655900600288
forecast_0459,2025-01-20 03:00:00,6109.1893596031005,5223.2192009670825,4334.957669178849
forecast_0460,2025-01-20 04:00:00,5467.277999978186,4643.561820019648,2923.7120668948023
forecast_0461,2025-01-20 05:00:00,3429.9161854682684,3495.6825187844715,2343.285803037178
forecast_0462,2025-01-20 06:00:00,2207.8027699568174,1930.5008704960053,1740.3578702199961
forecast_0463,2025-01-20 07:00:00,1860.0175345224955,1549.1162016649187,1403.4779185283837
forecast_0464,2025-01-20 08:00:00,1330.1483357434038,1324.1193488834579,837.1829655360449
forecast_0465,2025-01-20 09:00:00,1187.7867643693126,1132.8484690873204,577.9266456529912
forecast_0466,2025-01-20 10:00:00,590.4569866995909,651.7688463167185,419.97081242153763
forecast_0467,2025-01-20 11:00:00,433.22841874251884,480.73590190772967,294.193577433526
forecast_0468,2025-01-20 12:00:00,409.9532724718667,465.31607298864117,284.6485041378623
forecast_0469,2025-01-20 13:00:00,416.7229742529959,466.57951436318217,312.7839869271249
forecast_0470,2025-01-20 14:00:00,380.41650241009194,463.0313355812515,286.65342373545417
forecast_0471,2025-01-20 15:00:00,364.98000818520694,459.27606006045676,296.65923068982704
forecast_0472,2025-01-20 16:00:00,312.6437050123074,368.39609112667097,301.03406654198005
forecast_0473,2025-01-20 17:00:00,617.4847213843597,589.5208276560336,336.46417319704693
forecast_0474,2025-01-20 18:00:00,742.3830386465123,667.5604420039916,345.1013413099566
forecast_0475,2025-01-20 19:00:00,755.3860489242423,681.4410228698737,323.14859655032916
forecast_0476,2025-01-20 20:00:00,833.7644839763124,703.2162913569902,400.3649360827023
forecast_0477,2025-01-20 21:00:00,1204.9800021508793,1130.0753915741252,779.9526187800825
forecast_0478,2025-01-20 22:00:00,1472.471386217664,1567.4754389613436,1082.6689396016272
forecast_0479,2025-01-20 23:00:00,1465.0981019549533,1625.8735697038564,1156.6118331938858
forecast_0480,2025-01-21 00:00:00,1511.758004519082,1569.6073494512034,1313.2066911201068
forecast_0481,2025-01-21 01:00:00,1769.9007852114653,1955.306707617698,1630.1965217231589
forecast_0482,2025-01-21 02:00:00,2190.987628283148,2429.2635295529635,1904.2778991221342
forecast_0483,2025-01-21 03:00:00,2735.263598513608,2822.614621839057,1963.0768823350325
forecast_0484,2025-01-21 04:00:00,3350.535933242194,2975.4499378205855,2277.6617155026815
forecast_0485,2025-01-21 05:00:00,4242.688111627572,3676.188025367499,2349.432318452779
forecast_0486,2025-01-21 06:00:00,3958.515320394841,3301.047772755069,2251.940896467231
forecast_0487,2025-01-21 07:00:00,3254.6627642773465,1914.9532459177922,1869.178200284935
forecast_0488,2025-01-21 08:00:00,2014.7805071919784,1607.8493146111045,1795.025970538302
forecast_0489,2025-01-21 09:00:00,1567.8956748042465,1197.3135227222779,1437.1932944110652
forecast_0490,2025-01-21 10:00:00,1143.3243325758888,860.6403125440546,836.6239765118838
forecast_0491,2025-01-21 11:00:00,795.8010524287845,832.795079218463,772.4529655126586
forecast_0492,2025-01-21 12:00:00,1325.5701762202482,1127.56493365218,983.5061038032637
forecast_0493,2025-01-21 13:00:00,1437.033733676798,1324.9979220869802,1196.5078874039436
forecast_0494,2025-01-21 14:00:00,2390.4497847954894,2441.608845636717,2015.9123631370182
forecast_0495,2025-01-21 15:00:00,3935.849671732121,3432.1704365588935,2544.836285843355
forecast_0496,2025-01-21 16:00:00,4241.954290317739,3713.7873680298826,2796.560838862477
forecast_0497,2025-01-21 17:00:00,4321.680474740586,4089.8494245153706,2615.9169165882736
forecast_0498,2025-01-21 18:00:00,5205.27114218786,6219.99607632571,3467.989156860976
forecast_0499,2025-01-21 19:00:00,7158.541388454441,8980.05313169801,5716.239593445826
forecast_0500,2025-01-21 20:00:00,8810.145866807316,9276.74597984095,7258.507345843231
forecast_0501,2025-01-21 21:00:00,10830.35777079302,11503.946909154827,9486.214579979152
forecast_0502,2025-01-21 22:00:00,11002.379994774086,11739.195245614335,10053.898593520853
forecast_0503,2025-01-21 23:00:00,11225.72177431831,11933.32575464155,10116.203556777315
forecast_0504,2025-01-22 00:00:00,11310.461429247429,12736.41836359805,10046.876446403947
forecast_0505,2025-01-22 01:00:00,7969.923840276204,9171.319331772838,6963.704522842067
forecast_0506,2025-01-22 02:00:00,9192.026356366161,11061.438991984616,7471.354721546948
forecast_0507,2025-01-22 03:00:00,10786.130666646488,12909.964939422638,9783.564655364053
forecast_0508,2025-01-22 04:00:00,12764.76940810604,13465.365212034862,11424.114216403244
forecast_0509,2025-01-22 05:00:00,13160.75325003355,13848.501017884677,11627.825846864363
forecast_0510,2025-01-22 06:00:00,14293.620033755204,14894.383916007797,11366.376086225411
forecast_0511,2025-01-22 07:00:00,14998.946283769235,15816.342775653753,11746.662533140148
forecast_0512,2025-01-22 08:00:00,13916.029368608462,14683.065255367133,11193.532668754986
forecast_0513,2025-01-22 09:00:00,11204.72889383902,12607.056179093377,8880.014883594182
forecast_0514,2025-01-22 10:00:00,11081.181929898354,11242.771138616601,9338.638800867315
forecast_0515,2025-01-22 11:00:00,9935.876989846409,9968.938909359842,8608.96016014273
forecast_0516,2025-01-22 12:00:00,8799.945857070765,8302.013602145082,7474.23610839588
forecast_0517,2025-01-22 13:00:00,7066.700048990426,7068.209152363051,5791.831297800034
forecast_0518,2025-01-22 14:00:00,5565.867699514551,5125.714801296241,3895.8682438057594
forecast_0519,2025-01-22 15:00:00,3973.051826269635,3659.6279665803595,2989.8957689038293
forecast_0520,2025-01-22 16:00:00,5547.5913025420805,4751.23577649454,4245.889393970857
forecast_0521,2025-01-22 17:00:00,5482.758540499856,5608.169073815068,4827.571043604088
forecast_0522,2025-01-22 18:00:00,6739.219784400283,7376.335168330864,4888.257244833438
forecast_0523,2025-01-22 19:00:00,6597.794024143557,7949.248028072502,4442.223079197013
forecast_0524,2025-01-22 20:00:00,6471.632877783779,7943.3253175235295,3680.915308053582
forecast_0525,2025-01-22 21:00:00,6303.022392269692,7729.243791405378,3873.506587226068
forecast_0526,2025-01-22 22:00:00,7131.269613138754,8589.7489863272,4841.315669959146
forecast_0527,2025-01-22 23:00:00,7765.422090004496,8875.91124399585,5500.801624730794
forecast_0528,2025-01-23 00:00:00,8044.243923744135,8972.28955669294,5654.019364313442
forecast_0529,2025-01-23 01:00:00,12191.146899924328,13191.402648419036,9340.643315866231
forecast_0530,2025-01-23 02:00:00,11442.25168520908,12947.2949391594,9266.065176201098
forecast_0531,2025-01-23 03:00:00,11376.157741148008,12857.273998406534,8757.381905476343
forecast_0532,2025-01-23 04:00:00,11273.474751091662,12401.408580445102,8213.38743984326
forecast_0533,2025-01-23 05:00:00,10513.07346551327,11275.035233394772,7837.234441135106
forecast_0534,2025-01-23 06:00:00,10204.564665531274,10917.267084480312,7410.954217927442
forecast_0535,2025-01-23 07:00:00,9197.552500414784,9661.053795566148,6761.11094599223
forecast_0536,2025-01-23 08:00:00,7683.858276134846,8757.95132095554,5843.184208886687
forecast_0537,2025-01-23 09:00:00,5987.139943772598,7564.1544497672685,4230.677588083055
forecast_0538,2025-01-23 10:00:00,4530.606108975715,4627.722906557271,2742.1474441280347
forecast_0539,2025-01-23 11:00:00,3562.6990268168374,3423.206371051966,2487.709957202052
forecast_0540,2025-01-23 12:00:00,2553.630154564356,2785.878380836418,1967.0143626830948
forecast_0541,2025-01-23 13:00:00,2508.391948038468,2181.1813347276493,1738.1010334458429
forecast_0542,2025-01-23 14:00:00,2281.847113966127,1988.1206678993558,1561.967968768406
forecast_0543,2025-01-23 15:00:00,1815.330181886391,1613.0564549214248,1380.0263768692755
forecast_0544,2025-01-23 16:00:00,1303.6558849987232,1255.6577171493946,1067.9542434081984
forecast_0545,2025-01-23 17:00:00,1548.9345788722612,1255.5391511595765,1089.026882351691
forecast_0546,2025-01-23 18:00:00,1992.6999020654434,1784.3792252987191,1458.5035112950084
forecast_0547,2025-01-23 19:00:00,2347.0796806242192,1983.729592385693,1540.1807106405688
forecast_0548,2025-01-23 20:00:00,2236.3603638533946,1942.9672502427666,1362.236650605838
forecast_0549,2025-01-23 21:00:00,2511.0692368066907,1846.7509228637641,1413.946672068931
forecast_0550,2025-01-23 22:00:00,2642.3009123762813,2453.7187805961585,1725.0064487474474
forecast_0551,2025-01-23 23:00:00,3333.5619582636573,2947.9489422010474,1920.4380507183405
forecast_0552,2025-01-24 00:00:00,3019.881611005153,2482.5835517414494,1477.8594794354956
forecast_0553,2025-01-24 01:00:00,1401.573704855498,1405.7360564631092,971.4300032697366
forecast_0554,2025-01-24 02:00:00,1770.001143748999,1713.293278918594,1081.3213338158803
forecast_0555,2025-01-24 03:00:00,1549.893784960151,1573.8342553624223,974.6078951209057
forecast_0556,2025-01-24 04:00:00,1340.759113150432,1114.387928466949,801.75253795058
forecast_0557,2025-01-24 05:00:00,888.7737965436824,808.0054614568493,488.65863986322285
forecast_0558,2025-01-24 06:00:00,875.6208719615578,763.9073497132795,388.80487584348634
forecast_0559,2025-01-24 07:00:00,930.5108198330737,759.9744736075104,405.7760358426951
forecast_0560,2025-01-24 08:00:00,918.293328559531,745.7222790928348,314.7074917657675
forecast_0561,2025-01-24 09:00:00,808.2345072117403,684.5879725618158,302.1600349670901
forecast_0562,2025-01-24 10:00:00,401.3961293690905,400.22972575228573,249.34179942438905
forecast_0563,2025-01-24 11:00:00,270.8548905745324,337.87653201991,224.39265689359036
forecast_0564,2025-01-24 12:00:00,254.95199491649126,323.60343666081695,235.87559075297094
forecast_0565,2025-01-24 13:00:00,286.8063974522351,382.7804634843554,297.5925145251397
forecast_0566,2025-01-24 14:00:00,337.4426967750109,471.05766793120625,482.82762176028
forecast_0567,2025-01-24 15:00:00,389.7777552351642,494.8643466626463,602.7296191117015
forecast_0568,2025-01-24 16:00:00,468.76521986203403,476.0578914029184,499.8801169475245
forecast_0569,2025-01-24 17:00:00,775.8181287778687,750.0423681224474,586.5223901431724
forecast_0570,2025-01-24 18:00:00,963.7233369784462,892.2362462932518,531.5800315717113
forecast_0571,2025-01-24 19:00:00,1211.630727932901,1279.1832583990374,704.3338379119684
forecast_0572,2025-01-24 20:00:00,996.9977764684028,1099.3251630963853,713.6260431010213
forecast_0573,2025-01-24 21:00:00,862.4002381502145,1205.0482562852114,801.0537907692577
forecast_0574,2025-01-24 22:00:00,677.1350561509715,972.9359040507991,775.9526967102436
forecast_0575,2025-01-24 23:00:00,637.7319293301364,778.139061717698,868.8534016036925
forecast_0576,2025-01-25 00:00:00,1274.8259696229359,1433.9985333625825,1351.4077944979088
forecast_0577,2025-01-25 01:00:00,762.1627857986442,1063.6181244124032,795.450508399083
forecast_0578,2025-01-25 02:00:00,680.2767826915358,1131.529186303274,819.7999587830556
forecast_0579,2025-01-25 03:00:00,950.0366126677733,1243.1414628324274,1204.2715765895687
forecast_0580,2025-01-25 04:00:00,977.7782715512101,1503.2915483397849,1428.224466078769
forecast_0581,2025-01-25 05:00:00,1093.2738815082773,1353.4086231215344,1516.5024561997373
forecast_0582,2025-01-25 06:00:00,964.8362869912139,977.5244318269869,1472.5297783724302
forecast_0583,2025-01-25 07:00:00,986.4487136730464,1239.0634087492967,1475.5449795074103
forecast_0584,2025-01-25 08:00:00,1160.6777582491823,1236.735455986201,1723.5163474037124
forecast_0585,2025-01-25 09:00:00,1601.7433225290551,1460.7947698616626,1798.960741604414
forecast_0586,2025-01-25 10:00:00,1197.7582015032224,1118.9273417213303,1275.8574777760523
forecast_0587,2025-01-25 11:00:00,1139.7888718320835,1499.8769425085104,1182.9685207498185
forecast_0588,2025-01-25 12:00:00,1150.8992717321935,1218.7068687491076,1057.424206994764
forecast_0589,2025-01-25 13:00:00,697.9268268687136,799.2422710422949,900.7547070033374
forecast_0590,2025-01-25 14:00:00,714.2838037978075,883.942723490072,943.6804964155824
forecast_0591,2025-01-25 15:00:00,769.8690194311806,804.0687222645524,775.8876866728012
forecast_0592,2025-01-25 16:00:00,716.9227304802465,895.6009862577907,885.7491539165842
forecast_0593,2025-01-25 17:00:00,933.4806050868814,818.0898655660613,845.6643817984946
forecast_0594,2025-01-25 18:00:00,879.5850565347719,788.8649581866558,820.1500101677053
forecast_0595,2025-01-25 19:00:00,1107.1518267232866,1124.4373997326547,1197.5816123913169
forecast_0596,2025-01-25 20:00:00,1234.2914302882702,1150.5515674807186,1188.3033731106427
forecast_0597,2025-01-25 21:00:00,1500.6705021728574,1127.1271912857228,1477.153426195939
forecast_0598,2025-01-25 22:00:00,2082.625638930096,1508.0106194315972,2149.9345946605063
forecast_0599,2025-01-25 23:00:00,1946.9758140960118,1519.0693351472096,2084.0938242919397
forecast_0600,2025-01-26 00:00:00,1912.2986520139846,1440.6371602032302,1953.6854508314102
forecast_0601,2025-01-26 01:00:00,2188.5502714053814,2215.957717678465,1945.7359626165469
forecast_0602,2025-01-26 02:00:00,2150.3533304920848,1441.288887680075,1900.0152543304998
forecast_0603,2025-01-26 03:00:00,2207.731146712103,1652.3446790810312,1829.6097563991984
forecast_0604,2025-01-26 04:00:00,1410.9432044729153,1426.3992272973362,849.8657936515336
forecast_0605,2025-01-26 05:00:00,1378.9798513803528,1300.2777717974795,934.8626596780118
forecast_0606,2025-01-26 06:00:00,1161.453788360007,1305.2619613173254,755.2849503525111
forecast_0607,2025-01-26 07:00:00,1153.7161388752068,1315.0044882507868,671.0539258798592
forecast_0608,2025-01-26 08:00:00,852.0631859138776,1002.177830313086,606.9686617687913
forecast_0609,2025-01-26 09:00:00,848.0888138118648,845.5992902281544,588.9690889835473
forecast_0610,2025-01-26 10:00:00,736.503861668691,774.7020466355709,592.2890985151712
forecast_0611,2025-01-26 11:00:00,802.2369492670002,870.490338612806,616.0983357542053
forecast_0612,2025-01-26 12:00:00,640.2110041601185,809.9345163242311,555.3953050490893
forecast_0613,2025-01-26 13:00:00,463.80663268433847,476.886746219521,404.3948164112988
forecast_0614,2025-01-26 14:00:00,388.60465840272985,375.37817241526807,368.22365967597176
forecast_0615,2025-01-26 15:00:00,447.19296931803586,420.0452637682243,299.1919190072919
forecast_0616,2025-01-26 16:00:00,435.3705471789853,515.9659010398216,290.4061050711513
forecast_0617,2025-01-26 17:00:00,655.8340603782106,710.4674413507005,297.59597107770855
forecast_0618,2025-01-26 18:00:00,739.1660638478502,726.9304025319245,342.3404181043469
forecast_0619,2025-01-26 19:00:00,816.1582363577646,1082.2795657712918,424.2426480067486
forecast_0620,2025-01-26 20:00:00,936.2495652709348,1030.6550776972952,449.1009763247444
forecast_0621,2025-01-26 21:00:00,988.303848804845,1151.9396435507595,414.9681248579345
forecast_0622,2025-01-26 22:00:00,953.7207161016182,1066.4501909698108,460.1843230931106
forecast_0623,2025-01-26 23:00:00,951.9327118280227,916.6197095387705,473.2469199579728
forecast_0624,2025-01-27 00:00:00,1227.1385936871843,1043.1246637956267,569.3411671722857
forecast_0625,2025-01-27 01:00:00,1242.8879167597372,1201.176091332712,502.9668912347077
forecast_0626,2025-01-27 02:00:00,1331.5330673537298,1296.0997887866529,648.4732999136627
forecast_0627,2025-01-27 03:00:00,1677.0765600761838,1447.84812634528,695.1918036568238
forecast_0628,2025-01-27 04:00:00,2165.2786092215542,1795.2285554889963,850.6888939037592
forecast_0629,2025-01-27 05:00:00,2236.465156153055,2223.6370829034395,799.6199157566499
forecast_0630,2025-01-27 06:00:00,2059.197568937494,2291.1528848994753,618.2714375685341
forecast_0631,2025-01-27 07:00:00,2398.692242788181,2340.4036471140685,892.5347795779269
forecast_0632,2025-01-27 08:00:00,2361.1048752211505,2785.6112826142594,1274.6701437495979
forecast_0633,2025-01-27 09:00:00,2284.6246958065467,2940.0765584804076,1603.1918025190535
forecast_0634,2025-01-27 10:00:00,2334.4413941440503,2314.397328151862,1423.784537362243
forecast_0635,2025-01-27 11:00:00,5099.2076725680035,6296.118464831996,4246.955039843557
forecast_0636,2025-01-27 12:00:00,6506.285830908067,8192.623184324528,7175.30228240693
forecast_0637,2025-01-27 13:00:00,9552.060848497802,11033.608033220451,10218.172829955729
forecast_0638,2025-01-27 14:00:00,13103.338505426515,13164.342554037294,11717.06464305972
forecast_0639,2025-01-27 15:00:00,14498.035658958759,13987.244950386834,13287.514115815824
forecast_0640,2025-01-27 16:00:00,14865.50437024943,15090.499158012588,14017.249056080856
forecast_0641,2025-01-27 17:00:00,14497.684303728256,15589.76868829461,13935.511460763959
forecast_0642,2025-01-27 18:00:00,15247.59036578604,15456.671215909902,14048.749936696679
forecast_0643,2025-01-27 19:00:00,15415.70784138928,15719.724796609768,13910.684806650017
forecast_0644,2025-01-27 20:00:00,15685.912523007693,16044.976209804272,14631.559977024857
forecast_0645,2025-01-27 21:00:00,15626.670143838768,15921.829326607647,14258.246734873048
forecast_0646,2025-01-27 22:00:00,15444.127299953076,15895.68412460156,14126.789482484135
forecast_0647,2025-01-27 23:00:00,15009.707812706078,16043.356520028694,14284.086979660011
forecast_0648,2025-01-28 00:00:00,15289.889854501122,16238.08366201207,14384.449797740921
forecast_0649,2025-01-28 01:00:00,15260.029567919648,15710.287686401833,14060.785873290319
forecast_0650,2025-01-28 02:00:00,15014.035644345682,15861.500657415996,13982.164151435656
forecast_0651,2025-01-28 03:00:00,14906.327809886001,15911.667898242498,13744.09658762978
forecast_0652,2025-01-28 04:00:00,14974.871441622447,15816.638908747003,13293.741971577301
forecast_0653,2025-01-28 05:00:00,14633.923791890327,15604.747841485903,13489.413630717027
forecast_0654,2025-01-28 06:00:00,14406.283303728247,15262.130566436457,13941.005927454049
forecast_0655,2025-01-28 07:00:00,14459.727320542013,15545.608603939745,14171.2336198117
forecast_0656,2025-01-28 08:00:00,14462.08541243084,14988.076329646536,12918.367817189079
forecast_0657,2025-01-28 09:00:00,14393.749610459367,14499.442227950274,12328.80545525548
forecast_0658,2025-01-28 10:00:00,13642.394531991022,13958.642218849878,12978.150753631486
forecast_0659,2025-01-28 11:00:00,13866.129038118237,14294.78772311254,13030.311810353749
forecast_0660,2025-01-28 12:00:00,13825.166588121445,14279.578204774096,12687.08315093339
forecast_0661,2025-01-28 13:00:00,13674.502612995733,13870.443285112582,12279.74429908647
forecast_0662,2025-01-28 14:00:00,13588.124045499751,13834.051101766187,12163.010351544584
forecast_0663,2025-01-28 15:00:00,13478.919670210189,13853.60441993873,12176.791097440173
forecast_0664,2025-01-28 16:00:00,13014.541587713355,13617.465928693064,11885.614984541617
forecast_0665,2025-01-28 17:00:00,13741.001745196865,14201.265821661289,12999.437944692914
forecast_0666,2025-01-28 18:00:00,13811.065533791036,13771.497067107142,13982.261143865258
forecast_0667,2025-01-28 19:00:00,13685.54004729414,14240.648525816148,13720.666903603285
forecast_0668,2025-01-28 20:00:00,14172.677701733232,15841.098965871988,13643.211500573101
forecast_0669,2025-01-28 21:00:00,14329.906993128452,16092.15843648874,14180.98816913457
forecast_0670,2025-01-28 22:00:00,14296.860079264441,16459.663420919704,14612.127143377014
forecast_0671,2025-01-28 23:00:00,14781.045340179735,16600.757428092795,14725.940662220535
forecast_0672,2025-01-29 00:00:00,14873.06358079292,16584.41936438539,14845.302331187388
forecast_0673,2025-01-29 01:00:00,15376.416479231668,16144.113034585713,15420.214486574869
forecast_0674,2025-01-29 02:00:00,15296.911944810288,16146.233099873654,14926.682684307998
forecast_0675,2025-01-29 03:00:00,14994.637427587511,15782.511154641705,14502.29707802909
forecast_0676,2025-01-29 04:00:00,15405.62635924935,15982.102673148773,14258.102269137677
forecast_0677,2025-01-29 05:00:00,15267.501801609107,16237.247195023643,14120.612234896487
forecast_0678,2025-01-29 06:00:00,15078.808101293072,16442.39400539745,14627.626956758837
forecast_0679,2025-01-29 07:00:00,15328.364945935322,16709.632847728542,14633.060349511687
forecast_0680,2025-01-29 08:00:00,14898.771916030288,16354.501635407933,14132.138171773839
forecast_0681,2025-01-29 09:00:00,14909.936682655565,16375.384755255938,14775.120667664914
forecast_0682,2025-01-29 10:00:00,14370.067913724435,15087.026188231765,14369.129445745646
forecast_0683,2025-01-29 11:00:00,13297.953498682027,13906.5505801388,13497.340034918121
forecast_0684,2025-01-29 12:00:00,13551.609610903666,14517.151361162005,13314.586614410771
forecast_0685,2025-01-29 13:00:00,13504.779319192043,14775.29168111084,13131.882861899656
forecast_0686,2025-01-29 14:00:00,13549.802841928884,14130.473414089565,12840.84023024115
forecast_0687,2025-01-29 15:00:00,13689.630129758692,13422.130052140124,13170.703615457218
forecast_0688,2025-01-29 16:00:00,13632.697810972315,13761.818921845923,13154.0698995342
forecast_0689,2025-01-29 17:00:00,14486.505272539342,14358.095152989443,13595.693639697654
forecast_0690,2025-01-29 18:00:00,14654.76709027706,15229.041250355698,13412.084945765439
forecast_0691,2025-01-29 19:00:00,14540.397233472724,15217.330036138526,13402.627518619813
forecast_0692,2025-01-29 20:00:00,14266.268321503438,15182.948000857046,13251.211702698396
forecast_0693,2025-01-29 21:00:00,14288.940144551134,15391.395159510077,13380.406263949653
forecast_0694,2025-01-29 22:00:00,13990.709109043697,15447.1089019109,13356.734975198671
forecast_0695,2025-01-29 23:00:00,13783.72849870498,15450.429292072307,13446.940969420228
forecast_0696,2025-01-30 00:00:00,13844.874611638641,15959.285332804699,13849.363042338371
forecast_0697,2025-01-30 01:00:00,14112.926606823827,15556.336662007987,14033.621321315288
forecast_0698,2025-01-30 02:00:00,14140.30500488479,16006.960737972915,13978.9972216565
forecast_0699,2025-01-30 03:00:00,13861.557627865328,16018.489208411016,13718.593602223527
forecast_0700,2025-01-30 04:00:00,13834.514144196355,15767.277841625782,13315.529229180382
forecast_0701,2025-01-30 05:00:00,13759.10689640594,16112.210128494735,13010.466806518323
forecast_0702,2025-01-30 06:00:00,13859.232631758005,16092.29917161384,13051.786766532166
forecast_0703,2025-01-30 07:00:00,14022.899195837528,15657.330372642997,12743.620241480277
forecast_0704,2025-01-30 08:00:00,13897.16733252402,15323.215044170845,12851.055481462328
forecast_0705,2025-01-30 09:00:00,14094.523190232121,14964.24962972294,12776.243477400252
forecast_0706,2025-01-30 10:00:00,13924.2006562618,14738.118795342427,12622.594656089826
forecast_0707,2025-01-30 11:00:00,13955.624538836473,14140.161406224479,12702.564377969034
forecast_0708,2025-01-30 12:00:00,14017.751822876196,13941.072959618168,12353.258646977683
forecast_0709,2025-01-30 13:00:00,14094.835777396307,13573.333380318658,11762.015747602969
forecast_0710,2025-01-30 14:00:00,14185.353278295,13675.646973173274,12074.148099752276
forecast_0711,2025-01-30 15:00:00,13983.30687761178,13561.906525428689,11934.801601213736
forecast_0712,2025-01-30 16:00:00,13476.967661851684,13435.378273751856,11504.257669147328
forecast_0713,2025-01-30 17:00:00,14051.66664560227,15007.105338053794,13011.66294474394
forecast_0714,2025-01-30 18:00:00,14713.75845368804,14036.245709378425,13614.511772894797
forecast_0715,2025-01-30 19:00:00,14473.085777718288,15035.168965721055,14509.376621009258
forecast_0716,2025-01-30 20:00:00,15094.365936401107,15461.177306028365,14662.466303095642
forecast_0717,2025-01-30 21:00:00,15658.649983097292,16211.071692315938,15019.286749517523
forecast_0718,2025-01-30 22:00:00,15413.133603772365,16611.435200856587,15169.778309603005
forecast_0719,2025-01-30 23:00:00,14986.658087443453,16418.585115869377,15073.911576300123
forecast_0720,2025-01-31 00:00:00,14969.544130803175,16213.230311612262,14757.107588934068
forecast_0721,2025-01-31 01:00:00,16020.034861720624,16650.054784315133,14460.099587372797
forecast_0722,2025-01-31 02:00:00,15454.502559698145,16078.101475873818,13899.487398137158
forecast_0723,2025-01-31 03:00:00,14685.021732602281,15053.90825613956,12747.535010467349
forecast_0724,2025-01-31 04:00:00,14819.032996453714,15118.190986418007,12875.080915546745
forecast_0725,2025-01-31 05:00:00,13391.588238387565,14326.065862147,11966.858069653299
forecast_0726,2025-01-31 06:00:00,14587.200779780336,15098.996203201435,13215.507944339555
forecast_0727,2025-01-31 07:00:00,13921.557261983822,14091.311227680239,11599.969702566794
forecast_0728,2025-01-31 08:00:00,14070.664961469103,14798.387177326997,12481.536052703337
forecast_0729,2025-01-31 09:00:00,12792.734398447119,13701.49422593863,11121.274848704323
forecast_0730,2025-01-31 10:00:00,10468.84362785517,11065.84153808778,9972.906047859946
forecast_0731,2025-01-31 11:00:00,10676.245532829857,11785.055445256272,9922.237857820444
forecast_0732,2025-01-31 12:00:00,9911.571384755505,10912.990050116332,9833.016078785997
forecast_0733,2025-01-31 13:00:00,8160.28410326842,8560.421608062356,7325.515315285551
forecast_0734,2025-01-31 14:00:00,7345.9274861369495,7317.370350330373,6383.473417296653
forecast_0735,2025-01-31 15:00:00,6013.783482710758,6452.343261932519,4381.334687901298
forecast_0736,2025-01-31 16:00:00,4625.393696205458,5592.236362302223,3955.8507296132802
forecast_0737,2025-01-31 17:00:00,3728.958705514873,5769.8173593530055,3393.0945882291167
forecast_0738,2025-01-31 18:00:00,4090.9614073287244,6296.373534778844,3181.302858073387
forecast_0739,2025-01-31 19:00:00,4528.768373776444,5797.483676231933,3038.3255162795076
forecast_0740,2025-01-31 20:00:00,4074.4810083156162,5547.6656720986675,3122.6393780888657
forecast_0741,2025-01-31 21:00:00,3997.5184391684406,5758.927543447224,3372.539382839391
forecast_0742,2025-01-31 22:00:00,3794.509712259937,6263.03223783378,2745.465380198938
forecast_0743,2025-01-31 23:00:00,4185.803149953748,6072.263115608018,3050.25902046774
forecast_0744,2025-02-01 00:00:00,3644.540573331998,3781.479199189454,1980.0831683284118
forecast_0745,2025-02-01 01:00:00,5290.689895025028,7806.60651331386,3923.123084139603
forecast_0746,2025-02-01 02:00:00,5406.739931452044,6952.066945377975,3629.144548404805
forecast_0747,2025-02-01 03:00:00,4003.158033079752,4553.6763816381235,2940.448286732208
forecast_0748,2025-02-01 04:00:00,2818.3798387409142,2601.5958764481766,1700.9598410982278
forecast_0749,2025-02-01 05:00:00,1721.5784193242223,1685.0387142758045,918.1940345873769
forecast_0750,2025-02-01 06:00:00,996.430797018499,1014.030344966924,588.9127434896257
forecast_0751,2025-02-01 07:00:00,833.58074309948,938.9491795400428,432.1225465597792
forecast_0752,2025-02-01 08:00:00,913.4264195167764,904.8904937004223,383.32117831057775
forecast_0753,2025-02-01 09:00:00,843.1754085931519,827.4335546491889,336.8485457848769
forecast_0754,2025-02-01 10:00:00,521.4560944202263,594.7789236614052,293.4268790665346
forecast_0755,2025-02-01 11:00:00,394.2594339419964,389.7450187115273,275.2564932829956
forecast_0756,2025-02-01 12:00:00,379.59609067824135,357.3929111643048,271.21018097586625
forecast_0757,2025-02-01 13:00:00,356.3778943382878,358.81732016060664,308.41879051305074
forecast_0758,2025-02-01 14:00:00,325.9504534259852,376.8430676546697,306.40437822053116
forecast_0759,2025-02-01 15:00:00,319.0032921598932,372.83354812891133,305.1077958931391
forecast_0760,2025-02-01 16:00:00,586.5452207651693,667.6761316692689,330.9854043974654
forecast_0761,2025-02-01 17:00:00,585.3551574279642,708.8956828871848,356.0312459710697
forecast_0762,2025-02-01 18:00:00,674.7631712923499,751.6421740616391,357.7664555265145
forecast_0763,2025-02-01 19:00:00,661.5622053168458,789.9665839020963,359.31864113041746
forecast_0764,2025-02-01 20:00:00,698.9450903445315,792.5041169005603,383.38522909825224
forecast_0765,2025-02-01 21:00:00,694.4556289914675,824.7067610443484,367.33576541607334
forecast_0766,2025-02-01 22:00:00,753.8585632904319,934.0483306124295,404.1097113266615
forecast_0767,2025-02-01 23:00:00,731.1022018993907,839.2001298078633,346.8352414087852
forecast_0768,2025-02-02 00:00:00,740.310791904679,799.6021698314775,494.11608904697334
forecast_0769,2025-02-02 01:00:00,1410.433539484041,1601.845382176091,1160.603644227347
forecast_0770,2025-02-02 02:00:00,1124.4159804082785,1430.4357452595343,849.6598447380371
forecast_0771,2025-02-02 03:00:00,1069.9778077635663,1282.0393916240287,620.021861227784
forecast_0772,2025-02-02 04:00:00,892.5097976017374,956.9379479605633,469.7103715812357
forecast_0773,2025-02-02 05:00:00,847.5857302789989,968.4247502323658,426.7133749235216
forecast_0774,2025-02-02 06:00:00,913.5406634836291,922.4300319567174,404.9116352305219
forecast_0775,2025-02-02 07:00:00,982.4350068662436,960.3695155011279,460.9980453454444
forecast_0776,2025-02-02 08:00:00,1179.9302795490642,1177.7491734267294,660.1103832558518
forecast_0777,2025-02-02 09:00:00,885.7271474248727,872.8680720440124,385.6832765709582
forecast_0778,2025-02-02 10:00:00,654.6904476969834,517.4548790263603,491.0844267763613
forecast_0779,2025-02-02 11:00:00,420.1655850867366,472.0936112953729,335.3466772315179
forecast_0780,2025-02-02 12:00:00,466.2753335330688,429.7592239843788,406.8052822729116
forecast_0781,2025-02-02 13:00:00,440.4617310020411,436.1816807850231,433.1143035096799
forecast_0782,2025-02-02 14:00:00,572.2412359127246,509.65178442979413,487.42463474206704
forecast_0783,2025-02-02 15:00:00,544.211250691215,532.1005521297851,468.92127864261676
forecast_0784,2025-02-02 16:00:00,754.3095389411721,717.1089731425047,766.6387335170788
forecast_0785,2025-02-02 17:00:00,1639.478976365643,1393.714479507849,1252.3049020773278
forecast_0786,2025-02-02 18:00:00,3670.732558895717,3890.2591753078186,2050.9324558950707
forecast_0787,2025-02-02 19:00:00,6439.085345844659,8196.267313636443,4396.425210013305
forecast_0788,2025-02-02 20:00:00,7436.505415820951,9097.126612926579,6614.227130200636
forecast_0789,2025-02-02 21:00:00,8932.606250502507,9530.181482450405,7651.002861943505
forecast_0790,2025-02-02 22:00:00,10371.81472441904,10682.155497806667,9249.067889216862
forecast_0791,2025-02-02 23:00:00,11875.640062918601,12523.935724529338,10291.346807144231
forecast_0792,2025-02-03 00:00:00,13107.903062166424,13342.333259580257,10490.716014418453
forecast_0793,2025-02-03 01:00:00,14758.402026437492,15456.374905941744,11686.495453511128
forecast_0794,2025-02-03 02:00:00,14628.182010378141,15426.593691088869,12269.505043126981
forecast_0795,2025-02-03 03:00:00,14750.014490904496,15754.839820503705,13011.87284298619
forecast_0796,2025-02-03 04:00:00,14727.608693776136,15888.164828922541,13037.967749167667
forecast_0797,2025-02-03 05:00:00,14357.837896238696,15204.659809781557,12442.332760827521
forecast_0798,2025-02-03 06:00:00,14429.17987843557,14813.000265116229,12275.36391780197
forecast_0799,2025-02-03 07:00:00,14121.446714236836,14862.681534869464,12261.883116903726
forecast_0800,2025-02-03 08:00:00,14260.450261886575,14756.247136224942,12555.267538871562
forecast_0801,2025-02-03 09:00:00,14268.278376924583,15147.019346112298,12277.62959337959
forecast_0802,2025-02-03 10:00:00,13969.22571490194,14878.62780652636,12079.112676259452
forecast_0803,2025-02-03 11:00:00,14134.900216124455,14566.045694913495,11952.200829537906
forecast_0804,2025-02-03 12:00:00,13827.83237325018,14215.834507020918,11864.039597508168
forecast_0805,2025-02-03 13:00:00,14137.256241522924,13763.573249734261,11533.08312164968
forecast_0806,2025-02-03 14:00:00,14178.245362660624,13527.112736479456,11657.333217065978
forecast_0807,2025-02-03 15:00:00,14146.510697286127,13715.581908440692,11459.188435692025
forecast_0808,2025-02-03 16:00:00,14098.91213029498,13485.479969953656,11393.44378888795
forecast_0809,2025-02-03 17:00:00,14162.19322882068,13117.64188855356,11445.2778867915
forecast_0810,2025-02-03 18:00:00,14041.275886204612,13038.368035993673,12105.15885871746
forecast_0811,2025-02-03 19:00:00,14244.055086947308,14028.220327229159,12670.89665685896
forecast_0812,2025-02-03 20:00:00,14423.045107398186,14332.80027300321,13351.1624432294
forecast_0813,2025-02-03 21:00:00,14094.790031517194,13685.074120413892,13159.153123559778
forecast_0814,2025-02-03 22:00:00,13761.758474461123,13669.846201813893,13237.252769823219
forecast_0815,2025-02-03 23:00:00,13690.243823125262,13685.48947596188,13380.900020834768
forecast_0816,2025-02-04 00:00:00,13762.705151563048,14405.014927347509,13148.543001533102
forecast_0817,2025-02-04 01:00:00,13987.590928929163,14355.59941673397,12992.509572383435
forecast_0818,2025-02-04 02:00:00,13659.255200394393,14654.325137046402,12870.14532764852
forecast_0819,2025-02-04 03:00:00,13376.741034205772,13549.223082891665,12624.824019490201
forecast_0820,2025-02-04 04:00:00,12902.61882573429,13355.765170408,11889.994475868094
forecast_0821,2025-02-04 05:00:00,12591.429407466681,13539.612145846253,10880.668569817191
forecast_0822,2025-02-04 06:00:00,12793.094962919462,13237.177001611755,10840.668291484337
forecast_0823,2025-02-04 07:00:00,12716.87927363669,13635.573948666211,10636.438654977857
forecast_0824,2025-02-04 08:00:00,11938.800411234868,13002.422182795699,10395.874988964351
forecast_0825,2025-02-04 09:00:00,11653.307326507911,13237.287588515706,10789.406413729726
forecast_0826,2025-02-04 10:00:00,12231.34110006343,13432.77921845641,11378.899554721786
forecast_0827,2025-02-04 11:00:00,12737.37667912374,13856.359953507608,12284.188891862506
forecast_0828,2025-02-04 12:00:00,12870.533665677793,13699.040790334846,12081.195909898051
forecast_0829,2025-02-04 13:00:00,12631.258644170952,12895.252973837914,12037.37344915389
forecast_0830,2025-02-04 14:00:00,12244.212748963348,12335.892474745664,11693.913478898294
forecast_0831,2025-02-04 15:00:00,12761.922748334751,11728.028664919453,11569.759272588692
forecast_0832,2025-02-04 16:00:00,13051.557616741136,12843.068315269338,12401.241647356414
forecast_0833,2025-02-04 17:00:00,12936.816140402221,13032.364901394349,12291.561941548822
forecast_0834,2025-02-04 18:00:00,12753.23926738612,13564.459609683898,12631.899855572956
forecast_0835,2025-02-04 19:00:00,13094.57776543463,13995.694679006545,11954.056195269362
forecast_0836,2025-02-04 20:00:00,13650.542904405735,14732.212827091618,12197.953737747497
forecast_0837,2025-02-04 21:00:00,13677.88933974496,15170.35156549871,11950.25159615441
forecast_0838,2025-02-04 22:00:00,13613.760144975218,14545.098111833877,10834.616801733582
forecast_0839,2025-02-04 23:00:00,13357.530105011618,14261.278525782427,11210.560155092095
forecast_0840,2025-02-05 00:00:00,13860.088392578416,15061.186663835982,12244.707242820941
forecast_0841,2025-02-05 01:00:00,14477.661738433904,15871.323648212014,12637.464354835456
forecast_0842,2025-02-05 02:00:00,14840.33539269012,16839.677713801695,13418.435205276526
forecast_0843,2025-02-05 03:00:00,14932.16688679662,16796.715638651032,12733.909690049979
forecast_0844,2025-02-05 04:00:00,14534.776547089687,16560.791108879894,12402.895928567505
forecast_0845,2025-02-05 05:00:00,13173.786521171494,15871.488055726293,12035.760097922648
forecast_0846,2025-02-05 06:00:00,13023.43738897256,16071.728846327122,12087.170205262986
forecast_0847,2025-02-05 07:00:00,13568.581091697211,16236.303840502283,12269.292778914594
forecast_0848,2025-02-05 08:00:00,13498.645413551869,16019.012916141543,12018.712598150621
forecast_0849,2025-02-05 09:00:00,12730.127886151533,15364.015220522535,12122.580978370903
forecast_0850,2025-02-05 10:00:00,12807.665008726779,14762.798474261997,12131.674595277907
forecast_0851,2025-02-05 11:00:00,12882.240790193182,14750.827392263205,11926.155192988785
forecast_0852,2025-02-05 12:00:00,13284.626306527158,14937.588204008083,11817.220047189301
forecast_0853,2025-02-05 13:00:00,13463.95029205967,14971.026663339386,12392.284283428096
forecast_0854,2025-02-05 14:00:00,13715.844777657117,14716.309686014923,12183.99527386078
forecast_0855,2025-02-05 15:00:00,13748.640694456582,14836.91549120919,12328.638615402966
forecast_0856,2025-02-05 16:00:00,13937.45401453313,15197.772500886607,12561.71599062338
forecast_0857,2025-02-05 17:00:00,13582.15256786839,14473.636051813635,12208.61863134568
forecast_0858,2025-02-05 18:00:00,13230.850092166247,14240.58088663156,11884.573320255507
forecast_0859,2025-02-05 19:00:00,13181.01146181618,13923.768352865854,11983.969844651778
forecast_0860,2025-02-05 20:00:00,12759.607107107562,14018.656565411598,12093.86194510637
forecast_0861,2025-02-05 21:00:00,12621.512967586003,14193.448805038995,12590.999082202452
forecast_0862,2025-02-05 22:00:00,13678.235029108213,14748.861189549683,12838.753181986744
forecast_0863,2025-02-05 23:00:00,13942.192138996554,14888.361960242404,12138.224325450812
forecast_0864,2025-02-06 00:00:00,13702.158025358698,14759.72428160192,12248.521745033986
forecast_0865,2025-02-06 01:00:00,12920.106508556424,14522.903154471742,12258.618018439383
forecast_0866,2025-02-06 02:00:00,13139.48873363639,14785.531922118582,12167.756473792893
forecast_0867,2025-02-06 03:00:00,13851.818720577001,15354.084770035432,12076.045432123507
forecast_0868,2025-02-06 04:00:00,14455.983300307396,15664.48991093637,12242.535378632625
forecast_0869,2025-02-06 05:00:00,14167.400855816983,15701.70771577476,12104.181273669414
forecast_0870,2025-02-06 06:00:00,13812.269858254103,15598.14983684415,12214.38592424893
forecast_0871,2025-02-06 07:00:00,13467.338109534803,15168.301070116884,12300.625013577177
forecast_0872,2025-02-06 08:00:00,13669.764319972319,15033.462271945504,12055.001119161454
forecast_0873,2025-02-06 09:00:00,14023.98561246767,14053.659215485308,11752.420948105537
forecast_0874,2025-02-06 10:00:00,13516.8288868238,13879.731296599108,11340.115783874515
forecast_0875,2025-02-06 11:00:00,13712.857095874433,13063.997877538823,10837.688320994486
forecast_0876,2025-02-06 12:00:00,13761.830230649286,13242.857162453502,11118.527573430536
forecast_0877,2025-02-06 13:00:00,13226.846191062019,13095.971111975674,11631.123954675862
forecast_0878,2025-02-06 14:00:00,12469.39574278806,12867.943595121827,12194.87616015645
forecast_0879,2025-02-06 15:00:00,12322.324646073243,13012.042489090223,12000.05792763376
forecast_0880,2025-02-06 16:00:00,12010.079068539579,12960.390640304167,12751.428333141439
forecast_0881,2025-02-06 17:00:00,12859.914543630057,13411.310238013808,12519.527297238043
forecast_0882,2025-02-06 18:00:00,12455.825439288254,13206.592215945344,12745.433782505077
forecast_0883,2025-02-06 19:00:00,13563.338577384682,13853.926890485907,13601.443706494863
forecast_0884,2025-02-06 20:00:00,14186.486053216784,13922.912889005927,13282.325375129285
forecast_0885,2025-02-06 21:00:00,13778.384802299803,14343.954016264566,13410.922288368893
forecast_0886,2025-02-06 22:00:00,13032.069193968897,13268.670655881004,11628.197044332823
forecast_0887,2025-02-06 23:00:00,13414.275518406293,13485.598883170056,11866.638853081178
forecast_0888,2025-02-07 00:00:00,13351.322983365102,13669.273741964953,12002.614076309375
forecast_0889,2025-02-07 01:00:00,11093.29762285804,12776.990172043474,10172.501251495005
forecast_0890,2025-02-07 02:00:00,10621.655958088735,12015.637035043257,9674.072442301582
forecast_0891,2025-02-07 03:00:00,9688.668042684887,11651.039968495239,9284.42174961393
forecast_0892,2025-02-07 04:00:00,8562.42343169375,11582.70645768935,8243.088817541522
forecast_0893,2025-02-07 05:00:00,7463.553518710186,9641.35989279062,6098.189950589429
forecast_0894,2025-02-07 06:00:00,4966.791926289128,7358.479646822377,3879.3664715979808
forecast_0895,2025-02-07 07:00:00,6106.905782819971,8260.836641272448,4803.591435666948
forecast_0896,2025-02-07 08:00:00,6822.555713219991,7209.839456141535,4664.715758949854
forecast_0897,2025-02-07 09:00:00,7214.136826414437,8327.081740205684,5893.8687850602855
forecast_0898,2025-02-07 10:00:00,8578.415755820604,10004.107486476049,7828.207516408951
forecast_0899,2025-02-07 11:00:00,11181.862273396113,11472.915520844368,10089.407238396212
forecast_0900,2025-02-07 12:00:00,12297.872098522173,13670.735304386066,11658.965112049651
forecast_0901,2025-02-07 13:00:00,12528.442101204198,14139.933877782152,11795.741586894737
forecast_0902,2025-02-07 14:00:00,12916.832502684461,15061.464200262339,11159.140534922244
forecast_0903,2025-02-07 15:00:00,12652.291096897186,15094.217963261686,11251.11538092954
forecast_0904,2025-02-07 16:00:00,12864.03517311691,14814.149203844778,11618.259177569906
forecast_0905,2025-02-07 17:00:00,12804.820191322447,13447.024136797667,10124.4121494124
forecast_0906,2025-02-07 18:00:00,10815.851507321862,12170.65638054202,9794.699904783363
forecast_0907,2025-02-07 19:00:00,10585.6231563282,11878.254282695543,10691.533672428764
forecast_0908,2025-02-07 20:00:00,11159.615813672699,12351.222696173421,10472.167889606384
forecast_0909,2025-02-07 21:00:00,12100.244521552737,13344.759510882894,9794.581028053888
forecast_0910,2025-02-07 22:00:00,12218.913702347665,13170.740877022465,9263.265853468336
forecast_0911,2025-02-07 23:00:00,11408.834226794565,13135.23905623915,9242.929911651869
forecast_0912,2025-02-08 00:00:00,11350.202238703088,13172.608963508763,8895.04484455684
forecast_0913,2025-02-08 01:00:00,10234.104268390154,12657.479355925634,9426.70654855173
forecast_0914,2025-02-08 02:00:00,10705.149083871704,13002.94250282187,9970.256066620334
forecast_0915,2025-02-08 03:00:00,11450.110057475795,12662.918095733017,10354.312715501463
forecast_0916,2025-02-08 04:00:00,11619.383712348395,13326.800252491286,10117.377598490353
forecast_0917,2025-02-08 05:00:00,12279.08481934498,13594.382996714472,10970.606449510544
forecast_0918,2025-02-08 06:00:00,11463.174786656162,13531.53544257066,10730.540409037194
forecast_0919,2025-02-08 07:00:00,12092.791682934476,13579.639914608078,10489.106950217682
forecast_0920,2025-02-08 08:00:00,12916.302846882267,13488.007502835966,10567.362955540108
forecast_0921,2025-02-08 09:00:00,12639.478218121505,14222.247463464437,10078.462672550202
forecast_0922,2025-02-08 10:00:00,9276.845552259365,10959.495027184606,8964.251279015569
forecast_0923,2025-02-08 11:00:00,8552.245913646706,9170.16177867294,7690.805613374886
forecast_0924,2025-02-08 12:00:00,7196.765290786557,7684.551911375817,7284.222208841453
forecast_0925,2025-02-08 13:00:00,5727.042239341584,5821.213156563668,4853.205777600465
forecast_0926,2025-02-08 14:00:00,3349.0130725329523,3220.2136401429175,3234.395039156295
forecast_0927,2025-02-08 15:00:00,3020.902664686524,2943.754238970129,3210.766587409297
forecast_0928,2025-02-08 16:00:00,4138.697283253072,4073.406222491606,3638.2254982455315
forecast_0929,2025-02-08 17:00:00,4644.513600771186,4694.496014880786,4411.6349070241395
forecast_0930,2025-02-08 18:00:00,5748.502806306653,6009.591696304326,5289.046258772133
forecast_0931,2025-02-08 19:00:00,7565.331673825709,7223.408928868593,6809.37885193183
forecast_0932,2025-02-08 20:00:00,7839.694929410637,7557.224420270483,7579.654049383581
forecast_0933,2025-02-08 21:00:00,9764.287832478723,9121.75565543366,9819.342400917509
forecast_0934,2025-02-08 22:00:00,12977.479945607263,13718.595668238653,11764.50335191961
forecast_0935,2025-02-08 23:00:00,14981.118582902858,15382.443171142027,13503.232004239022
forecast_0936,2025-02-09 00:00:00,16574.70056381982,16622.22551488091,13786.030823845582
forecast_0937,2025-02-09 01:00:00,15220.78230709312,14465.367244584624,13064.813660133595
forecast_0938,2025-02-09 02:00:00,16281.289205746074,16286.386367477191,13773.258552718635
forecast_0939,2025-02-09 03:00:00,16216.35391363213,15920.516698491263,13208.001354780377
forecast_0940,2025-02-09 04:00:00,16125.584569852312,15893.554812000648,12894.217080995924
forecast_0941,2025-02-09 05:00:00,16295.001826814554,16996.90972014414,13813.811382383506
forecast_0942,2025-02-09 06:00:00,16513.889494916188,17096.267053721298,14142.15630227815
forecast_0943,2025-02-09 07:00:00,15965.41992935217,16122.33117796874,13058.489952034228
forecast_0944,2025-02-09 08:00:00,15048.40106090484,14976.664630701558,11361.73337169303
forecast_0945,2025-02-09 09:00:00,13719.959779599109,14003.155043316241,9452.45296136057
forecast_0946,2025-02-09 10:00:00,11500.518292204268,12665.58945835803,10150.06924140376
forecast_0947,2025-02-09 11:00:00,10113.983961937976,10880.134343318665,8187.334685951878
forecast_0948,2025-02-09 12:00:00,8394.400515450485,9528.748938415909,7836.296081453121
forecast_0949,2025-02-09 13:00:00,8450.221521824147,9951.750202090223,8491.363993827717
forecast_0950,2025-02-09 14:00:00,9300.624865307751,10796.963169232806,8843.097398969176
forecast_0951,2025-02-09 15:00:00,10468.223422536928,10275.881961178939,8842.44143936503
forecast_0952,2025-02-09 16:00:00,11855.356926647391,11775.035974070863,10460.110995497747
forecast_0953,2025-02-09 17:00:00,12034.07058255179,12278.466566856625,10551.420019403331
forecast_0954,2025-02-09 18:00:00,13833.929540658335,13505.574950193335,12000.623756152849
forecast_0955,2025-02-09 19:00:00,15170.642242723428,15356.293619509051,12998.139166716193
forecast_0956,2025-02-09 20:00:00,15652.252583045653,15201.041441142861,13935.455565848168
forecast_0957,2025-02-09 21:00:00,14806.752106144491,15398.34590328402,13762.123080091356
forecast_0958,2025-02-09 22:00:00,14885.738627940736,16094.389199941299,13468.82629872576
forecast_0959,2025-02-09 23:00:00,15236.702025018429,16219.056584699108,13758.576736601648
forecast_0960,2025-02-10 00:00:00,16158.243200462479,17403.710056440363,14294.223871700016
forecast_0961,2025-02-10 01:00:00,16422.694558103576,17271.927698409138,13806.469401047936
forecast_0962,2025-02-10 02:00:00,16284.287117619164,17595.84290810947,13877.211914617901
forecast_0963,2025-02-10 03:00:00,16700.404457843408,17953.225003772543,14488.394900638166
forecast_0964,2025-02-10 04:00:00,17141.955701772997,17807.50804030775,15017.193672364529
forecast_0965,2025-02-10 05:00:00,16917.65835142832,18155.3481655053,15294.0443062105
forecast_0966,2025-02-10 06:00:00,16576.013750969825,17468.41672685415,14628.619525164379
forecast_0967,2025-02-10 07:00:00,16510.389832028864,18105.29996829508,14770.549675546308
forecast_0968,2025-02-10 08:00:00,16253.205083102606,16832.299404232723,14223.924539224121
forecast_0969,2025-02-10 09:00:00,14630.439846374948,16096.426805677776,13722.362023021693
forecast_0970,2025-02-10 10:00:00,13377.640702056935,14733.1599720344,12247.771424910066
forecast_0971,2025-02-10 11:00:00,12973.42937990126,13558.281477611432,12159.652756376532
forecast_0972,2025-02-10 12:00:00,12566.546770673762,12600.432972033448,11319.916546993887
forecast_0973,2025-02-10 13:00:00,12937.359695578576,12596.22884733809,10584.183457411247
forecast_0974,2025-02-10 14:00:00,12884.082961299802,12008.90390381375,10648.777209245189
forecast_0975,2025-02-10 15:00:00,12798.019103782433,11392.181991942785,10860.91167678459
forecast_0976,2025-02-10 16:00:00,12540.804751010255,11445.456591685675,10549.357386367546
forecast_0977,2025-02-10 17:00:00,12215.600146797087,11731.765377803069,9777.176326677394
forecast_0978,2025-02-10 18:00:00,12723.646549215713,12721.163334656185,10483.354427121178
forecast_0979,2025-02-10 19:00:00,14156.613608716325,13400.93766572514,12420.792045670669
forecast_0980,2025-02-10 20:00:00,14168.970453243262,14119.83280724769,12086.184951051471
forecast_0981,2025-02-10 21:00:00,12519.53084107556,12739.1449556228,10583.409665129033
forecast_0982,2025-02-10 22:00:00,12370.058519713064,13202.014998047713,10498.096873406075
forecast_0983,2025-02-10 23:00:00,10575.675142111302,11159.043728041606,9433.074636470612
forecast_0984,2025-02-11 00:00:00,9825.029043869768,10299.350402252021,8644.776869731664
forecast_0985,2025-02-11 01:00:00,9621.986998585176,10487.2215760768,8803.845207985183
forecast_0986,2025-02-11 02:00:00,10896.87474811353,11246.534015808053,9480.077482058285
forecast_0987,2025-02-11 03:00:00,11795.082367631427,12689.98750815071,10252.603219182147
forecast_0988,2025-02-11 04:00:00,10994.161806394457,11298.221968588334,9869.514289677327
forecast_0989,2025-02-11 05:00:00,8869.1453206265,9218.290894882402,7556.28346128902
forecast_0990,2025-02-11 06:00:00,8028.816160146702,8231.54265890151,6799.254741552503
forecast_0991,2025-02-11 07:00:00,7542.098587890159,6944.726599622385,5602.40907129312
forecast_0992,2025-02-11 08:00:00,6671.023155181651,5327.584394088278,4675.706367112836
forecast_0993,2025-02-11 09:00:00,6325.57789362958,5259.153199979337,4063.5511654168818
forecast_0994,2025-02-11 10:00:00,5540.608914276881,4899.837441463783,3027.8552050970115
forecast_0995,2025-02-11 11:00:00,3733.2311844559326,3032.9974097182826,2168.223782609987
forecast_0996,2025-02-11 12:00:00,2679.0124226942626,2391.7546917720615,1709.914384812474
forecast_0997,2025-02-11 13:00:00,2365.8257131636888,2291.3953543378816,2038.5182163839156
forecast_0998,2025-02-11 14:00:00,2406.291166111516,2523.4067872111855,2035.992155413805
forecast_0999,2025-02-11 15:00:00,1727.8864087894224,1390.33348829539,1425.7443951426021
forecast_1000,2025-02-11 16:00:00,1404.1006249285372,957.609522581685,932.1241549755649
forecast_1001,2025-02-11 17:00:00,1366.3156574466864,1164.0347192672268,896.1657056740485
forecast_1002,2025-02-11 18:00:00,3762.0587346057077,3809.1768408644502,2258.806639904605
forecast_1003,2025-02-11 19:00:00,6802.226507376795,7478.494055026818,5217.5306780962665
forecast_1004,2025-02-11 20:00:00,7463.264566991404,7887.314343394351,5364.329887511058
forecast_1005,2025-02-11 21:00:00,7900.431245987816,8294.267013455406,5489.847343717853
forecast_1006,2025-02-11 22:00:00,9341.005690247837,10048.287772599353,6843.501930526119
forecast_1007,2025-02-11 23:00:00,14386.414143310789,14946.761403605984,13076.372098012682
forecast_1008,2025-02-12 00:00:00,16942.723107596667,16936.66004771317,13839.663239519894
forecast_1009,2025-02-12 01:00:00,13398.594822054742,14624.029240132053,10474.671176527241
forecast_1010,2025-02-12 02:00:00,14793.17031420027,16300.019984185683,11596.95838155349
forecast_1011,2025-02-12 03:00:00,15135.46923113548,15697.989994882422,11612.155361582922
forecast_1012,2025-02-12 04:00:00,15081.13455572241,15649.20708277949,11718.030673888727
forecast_1013,2025-02-12 05:00:00,14531.446800886304,14525.595662641206,11394.140562208973
forecast_1014,2025-02-12 06:00:00,10584.164868230013,13101.171696806916,9164.04398120058
forecast_1015,2025-02-12 07:00:00,7634.828539187723,10251.20479693591,6192.994585835117
forecast_1016,2025-02-12 08:00:00,5919.57883705513,7675.8641955585335,4689.612619391166
forecast_1017,2025-02-12 09:00:00,5722.498167451911,7710.5117203679865,4692.573572719195
forecast_1018,2025-02-12 10:00:00,6220.976897882717,8688.26762490945,4997.244186971736
forecast_1019,2025-02-12 11:00:00,7332.683464200332,9773.098049495147,5824.062572260032
forecast_1020,2025-02-12 12:00:00,8436.35353693696,10300.389630014715,8152.918545761243
forecast_1021,2025-02-12 13:00:00,10209.493650172517,10765.870906959573,9288.634524001773
forecast_1022,2025-02-12 14:00:00,10937.911493459764,11732.961468711661,10204.162432691954
forecast_1023,2025-02-12 15:00:00,12427.608054193961,13272.80005917829,11862.86783884913
forecast_1024,2025-02-12 16:00:00,14759.127129902474,14909.030647547894,14130.975405075642
forecast_1025,2025-02-12 17:00:00,15091.371992665396,15269.335602289639,14870.970352662092
forecast_1026,2025-02-12 18:00:00,15635.020174469735,15880.76326344374,14772.572256533493
forecast_1027,2025-02-12 19:00:00,15512.893147332092,15938.246759578316,13911.219892983263
forecast_1028,2025-02-12 20:00:00,14912.045111039342,15192.71484420312,13315.381481242839
forecast_1029,2025-02-12 21:00:00,14485.911969640407,14484.366516656912,12474.321877386368
forecast_1030,2025-02-12 22:00:00,14251.551940312247,14524.90597736924,12413.660256771595
forecast_1031,2025-02-12 23:00:00,14186.540565872341,14528.857893943084,11558.759238414164
forecast_1032,2025-02-13 00:00:00,13827.488641287853,14286.153079644946,10933.971007712078
forecast_1033,2025-02-13 01:00:00,13577.745882567664,12945.337779503077,9452.600193329945
forecast_1034,2025-02-13 02:00:00,13685.581242819188,12977.536943592497,9604.525226397773
forecast_1035,2025-02-13 03:00:00,13251.2258646439,12944.099509712085,10198.676525379551
forecast_1036,2025-02-13 04:00:00,12465.242497140103,11831.198118347618,9309.189510766557
forecast_1037,2025-02-13 05:00:00,12166.365929312158,12213.67595719932,8710.154922960817
forecast_1038,2025-02-13 06:00:00,12784.098869409087,13116.867028037243,9569.261272951706
forecast_1039,2025-02-13 07:00:00,13791.645924676688,14616.630449575092,9643.029618825905
forecast_1040,2025-02-13 08:00:00,14177.955822605156,14888.045404976674,9929.921586908931
forecast_1041,2025-02-13 09:00:00,13137.65842487091,15185.88678109541,10902.372389237195
forecast_1042,2025-02-13 10:00:00,12632.878600376715,13952.710881494046,11797.763003221551
forecast_1043,2025-02-13 11:00:00,13134.776791349683,14177.22837115041,11593.090698439039
forecast_1044,2025-02-13 12:00:00,13730.371337889263,14417.332427866273,11556.015717468725
forecast_1045,2025-02-13 13:00:00,13886.502922635655,14335.60059445193,11778.450187387669
forecast_1046,2025-02-13 14:00:00,13939.005790802146,14428.497970128812,12153.53765773673
forecast_1047,2025-02-13 15:00:00,14273.678500492135,14534.86000474869,12391.921473721472
forecast_1048,2025-02-13 16:00:00,14986.633438049561,15001.706394131797,12993.309865677405
forecast_1049,2025-02-13 17:00:00,15607.012796236591,16054.13239433244,13299.847372378666
forecast_1050,2025-02-13 18:00:00,16161.947421161312,16993.094806416673,14373.73820156305
forecast_1051,2025-02-13 19:00:00,16447.34444875333,17706.182720202487,15173.145287772379
forecast_1052,2025-02-13 20:00:00,16764.0640138571,17744.016367880038,15746.949546483685
forecast_1053,2025-02-13 21:00:00,16789.851310987353,17840.269968031833,15538.296815910251
forecast_1054,2025-02-13 22:00:00,16813.779416200818,17800.79668052845,15530.96026952716
forecast_1055,2025-02-13 23:00:00,16927.299848041483,17992.449571235058,15555.623895895034
forecast_1056,2025-02-14 00:00:00,17053.440606950786,17805.013995067256,15863.928919888911
forecast_1057,2025-02-14 01:00:00,16812.965039744588,17881.755830289258,15394.652204003154
forecast_1058,2025-02-14 02:00:00,16684.893827112144,17792.786203311833,14881.333181595859
forecast_1059,2025-02-14 03:00:00,16440.01779986431,17852.517510625778,15113.80970653719
forecast_1060,2025-02-14 04:00:00,15715.302484180878,17348.233169835712,14734.17433951237
forecast_1061,2025-02-14 05:00:00,17182.860972328064,18092.31466112896,15011.313648108304
forecast_1062,2025-02-14 06:00:00,17868.96285828166,18560.938226281058,14972.376783171634
forecast_1063,2025-02-14 07:00:00,18439.57120052705,19167.277868551148,16385.893828325658
forecast_1064,2025-02-14 08:00:00,17980.719022907946,18976.47763683633,16120.189181603451
forecast_1065,2025-02-14 09:00:00,17291.606501225182,18355.008934508834,14565.442613869216
forecast_1066,2025-02-14 10:00:00,13918.63715144929,14876.530836272397,12177.059973172292
forecast_1067,2025-02-14 11:00:00,10917.207708736385,13119.499324053146,9938.750736636204
forecast_1068,2025-02-14 12:00:00,9560.458011360492,11968.378941748972,9171.070739818771
forecast_1069,2025-02-14 13:00:00,9715.79617640016,10915.893415307013,8051.213408653142
forecast_1070,2025-02-14 14:00:00,9887.117573532072,10326.899597086604,8495.379808802934
forecast_1071,2025-02-14 15:00:00,10597.379230479854,10817.600771894507,9951.891548757465
forecast_1072,2025-02-14 16:00:00,11751.57247239514,12068.717646781932,10564.777679665778
forecast_1073,2025-02-14 17:00:00,12720.151715965267,12484.291536765004,10853.980986292523
forecast_1074,2025-02-14 18:00:00,14398.490524671472,14393.184118805399,12949.716254934756
forecast_1075,2025-02-14 19:00:00,14679.27964377231,14634.733745517482,12100.020450997947
forecast_1076,2025-02-14 20:00:00,14639.399516272855,13844.53259355539,11483.68187734905
forecast_1077,2025-02-14 21:00:00,14160.539128074226,13931.873577380804,11614.507189856366
forecast_1078,2025-02-14 22:00:00,14403.828264627626,14113.575289006114,11621.22595676744
forecast_1079,2025-02-14 23:00:00,13818.764249076075,13775.068996362777,11623.088983323523
forecast_1080,2025-02-15 00:00:00,15334.90028510734,15498.718177453988,12357.796113859347
forecast_1081,2025-02-15 01:00:00,15880.296180724217,14320.723035415956,12043.046943150322
forecast_1082,2025-02-15 02:00:00,15974.414020984548,15429.595005537773,11964.547022944938
forecast_1083,2025-02-15 03:00:00,14952.080215092046,15156.995461163768,11678.263165762088
forecast_1084,2025-02-15 04:00:00,14996.375694493787,14111.40611901089,10887.007222195343
forecast_1085,2025-02-15 05:00:00,14979.828239577992,14122.874165817555,10287.91569948427
forecast_1086,2025-02-15 06:00:00,14467.473164149564,14010.194052439752,9764.969484924786
forecast_1087,2025-02-15 07:00:00,12795.31261963328,12875.020099817872,8415.941761562848
forecast_1088,2025-02-15 08:00:00,10962.714975871791,11038.227188850005,8082.142516390936
forecast_1089,2025-02-15 09:00:00,9863.729930301719,10700.10291587666,6655.6881401700175
forecast_1090,2025-02-15 10:00:00,8342.23172831306,8382.795209351449,6005.815475620689
forecast_1091,2025-02-15 11:00:00,8365.546881751558,9405.882080601463,6385.786484156968
forecast_1092,2025-02-15 12:00:00,11034.591775085748,11212.99066414955,8245.773905916674
forecast_1093,2025-02-15 13:00:00,11622.354002102542,13298.114359569945,10633.436083466231
forecast_1094,2025-02-15 14:00:00,12397.929311998598,13862.404719840071,11342.485760229481
forecast_1095,2025-02-15 15:00:00,12794.342375931894,14840.878189925012,12025.77328137851
forecast_1096,2025-02-15 16:00:00,12953.700389994183,14422.039250448948,12135.039165918819
forecast_1097,2025-02-15 17:00:00,14364.077997792117,15600.801422094828,13045.592890998414
forecast_1098,2025-02-15 18:00:00,14932.47446032636,15792.484760581056,13301.695225583333
forecast_1099,2025-02-15 19:00:00,16069.587495223363,16314.236840207717,14480.83514902541
forecast_1100,2025-02-15 20:00:00,16247.095422759212,16840.325749288946,14948.588683147302
forecast_1101,2025-02-15 21:00:00,16040.060443097364,16398.909994171107,14422.47378549556
forecast_1102,2025-02-15 22:00:00,15807.097046553277,16142.326876295856,14245.994526749266
forecast_1103,2025-02-15 23:00:00,15940.973653367282,16210.447791157796,13338.644288177964
forecast_1104,2025-02-16 00:00:00,16972.238602333167,16899.499208256624,14090.7691741213
forecast_1105,2025-02-16 01:00:00,16521.04505056326,16783.64808316497,14483.121481270115
forecast_1106,2025-02-16 02:00:00,16182.714875859287,16160.817478828694,13812.50485666064
forecast_1107,2025-02-16 03:00:00,15827.940207144055,15766.462884579196,13045.259791139079
forecast_1108,2025-02-16 04:00:00,15063.054994180178,15204.361153845659,12256.062268843916
forecast_1109,2025-02-16 05:00:00,12897.07991913334,13827.261351770116,10873.888785262914
forecast_1110,2025-02-16 06:00:00,12280.750865210483,13296.43316372058,10480.052200879425
forecast_1111,2025-02-16 07:00:00,11883.373721426075,12983.71679027364,10136.862763740308
forecast_1112,2025-02-16 08:00:00,11546.66856313054,13360.811537064537,9532.01482996574
forecast_1113,2025-02-16 09:00:00,11623.238344993477,13163.993610734284,9128.69612900192
forecast_1114,2025-02-16 10:00:00,8454.63657404717,9650.50155550001,7075.108551771275
forecast_1115,2025-02-16 11:00:00,7561.651023026702,8853.42523698694,6941.471133794379
forecast_1116,2025-02-16 12:00:00,8430.145210995024,9778.098716580942,9093.45836806397
forecast_1117,2025-02-16 13:00:00,10513.001914292532,10808.549507800704,10850.346233687327
forecast_1118,2025-02-16 14:00:00,13182.889386243234,12411.99466536167,12194.071392464299
forecast_1119,2025-02-16 15:00:00,13987.280410868452,14644.493522730168,13364.18274787033
forecast_1120,2025-02-16 16:00:00,16148.281984534387,16468.326126916956,14992.912013071102
forecast_1121,2025-02-16 17:00:00,16570.204610467976,16969.97274852319,15338.468778575352
forecast_1122,2025-02-16 18:00:00,16184.213654623369,16815.341247568318,15142.1264366936
forecast_1123,2025-02-16 19:00:00,16721.920321558726,17676.229394109505,15595.506966740455
forecast_1124,2025-02-16 20:00:00,17057.03416702087,17608.67153881949,14658.928402871807
forecast_1125,2025-02-16 21:00:00,17096.271155265746,17193.44040109717,14847.002006704857
forecast_1126,2025-02-16 22:00:00,17149.08020330258,17866.754027661682,14897.480347348
forecast_1127,2025-02-16 23:00:00,16772.447491313746,17197.43551798419,14822.283042861889
forecast_1128,2025-02-17 00:00:00,15683.703053463118,16431.123179302474,13811.330652845909
forecast_1129,2025-02-17 01:00:00,14638.380636057522,14033.200583119557,12068.315954472193
forecast_1130,2025-02-17 02:00:00,14678.106943673925,14459.65141666056,11858.450026355626
forecast_1131,2025-02-17 03:00:00,14408.963819644232,14908.319952190555,11637.217928677574
forecast_1132,2025-02-17 04:00:00,13894.942389243573,13622.562804020423,10421.26076332296
forecast_1133,2025-02-17 05:00:00,12727.137395258387,12129.82336466602,8990.641922317884
forecast_1134,2025-02-17 06:00:00,12580.104513165183,11870.601220391809,8990.196228640698
forecast_1135,2025-02-17 07:00:00,12741.754768956831,12213.502397592996,9417.327260104028
forecast_1136,2025-02-17 08:00:00,13400.736801729958,12669.393834250113,10088.787408033468
forecast_1137,2025-02-17 09:00:00,13393.854649256831,12951.953787318222,9466.672144514125
forecast_1138,2025-02-17 10:00:00,13324.70446889524,13128.868795139215,9580.10302979643
forecast_1139,2025-02-17 11:00:00,13061.573911241692,12935.492304936743,9941.323039998779
forecast_1140,2025-02-17 12:00:00,12675.044143929397,12588.996189120911,9924.135710971397
forecast_1141,2025-02-17 13:00:00,12633.772573495227,12086.753464683827,9512.156195916974
forecast_1142,2025-02-17 14:00:00,12227.326365855934,11462.893591008444,8719.876137049216
forecast_1143,2025-02-17 15:00:00,11873.024049436735,10613.682798148977,8017.429132570396
forecast_1144,2025-02-17 16:00:00,10722.772132804375,8937.676289320665,6340.777306848442
forecast_1145,2025-02-17 17:00:00,9453.643891777005,7997.379745080606,5461.452065093915
forecast_1146,2025-02-17 18:00:00,9984.09738405879,8456.671992823112,5662.115567180925
forecast_1147,2025-02-17 19:00:00,9568.833130529654,7764.013536943282,5893.0565209399765
forecast_1148,2025-02-17 20:00:00,9049.372156846615,7939.086987138554,5673.39169287755
forecast_1149,2025-02-17 21:00:00,9194.989509360277,9001.367367903898,6657.094301097557
forecast_1150,2025-02-17 22:00:00,8333.955658558096,8844.342934630677,5369.37191080223
forecast_1151,2025-02-17 23:00:00,8022.484439254238,8458.508895325964,5286.244046833352
forecast_1152,2025-02-18 00:00:00,7686.774161051397,8372.52325999962,5508.151105945447
forecast_1153,2025-02-18 01:00:00,9454.496975350688,10910.85105993458,6389.222859714121
forecast_1154,2025-02-18 02:00:00,9967.20702970404,11565.92433210736,8380.592533166402
forecast_1155,2025-02-18 03:00:00,11884.250761791644,12349.582592862758,9135.396153932828
forecast_1156,2025-02-18 04:00:00,12733.94572642759,12819.154259989844,9871.141843263353
forecast_1157,2025-02-18 05:00:00,12641.360510751136,13239.761776783467,10297.463410061144
forecast_1158,2025-02-18 06:00:00,12999.439717539464,13984.75039676023,10196.04737104393
forecast_1159,2025-02-18 07:00:00,13432.079916985089,14589.052933006638,10880.788630866862
forecast_1160,2025-02-18 08:00:00,12523.797258888775,13111.336549144971,10539.524266084185
forecast_1161,2025-02-18 09:00:00,12451.772738403455,12408.2600490343,10309.771592283501
forecast_1162,2025-02-18 10:00:00,11729.978855361454,11278.40976460805,10342.976584213084
forecast_1163,2025-02-18 11:00:00,11849.833465831178,11205.812334324804,10048.892312330097
forecast_1164,2025-02-18 12:00:00,12543.425413055085,10975.89383691046,9497.712333077909
forecast_1165,2025-02-18 13:00:00,12595.796157225313,11452.341357730194,9563.299606215549
forecast_1166,2025-02-18 14:00:00,12582.616522779,11355.356157005548,9972.639288646222
forecast_1167,2025-02-18 15:00:00,12771.205559644788,11576.695745969617,10140.930916057147
forecast_1168,2025-02-18 16:00:00,12956.89969042469,11658.408784063766,9607.203946552598
forecast_1169,2025-02-18 17:00:00,12623.561303488486,11683.98453479631,9807.338463934631
forecast_1170,2025-02-18 18:00:00,11733.408032104011,11064.785321637848,8718.698111145382
forecast_1171,2025-02-18 19:00:00,10680.874134232028,10065.488733432405,7779.819727421486
forecast_1172,2025-02-18 20:00:00,10134.163933426818,9276.812779853828,7597.432048953944
forecast_1173,2025-02-18 21:00:00,10613.41971867964,10793.169527447306,8254.892888163933
forecast_1174,2025-02-18 22:00:00,11128.778132853971,12163.277693474254,8043.719392188353
forecast_1175,2025-02-18 23:00:00,12261.019357764111,13143.303642854036,8824.103959119566
forecast_1176,2025-02-19 00:00:00,11811.908368506665,13497.716515754077,9367.240836347471
forecast_1177,2025-02-19 01:00:00,10280.48173677193,10509.659724015908,8997.85021698686
forecast_1178,2025-02-19 02:00:00,12288.828514511337,13553.691410304926,10457.040444373002
forecast_1179,2025-02-19 03:00:00,12446.127555046161,13411.881881365478,10208.546732596622
forecast_1180,2025-02-19 04:00:00,12262.390867059063,13693.947915816598,10117.633583995477
forecast_1181,2025-02-19 05:00:00,12489.687603753997,14764.887983847719,10716.552324660363
forecast_1182,2025-02-19 06:00:00,12943.8272876195,14102.577917256878,10717.701342126475
forecast_1183,2025-02-19 07:00:00,13055.9442361417,13578.6715314743,10480.065423738659
forecast_1184,2025-02-19 08:00:00,12277.994236240576,12687.241705849176,9977.107357327091
forecast_1185,2025-02-19 09:00:00,10520.620520596784,11106.023319495343,7860.558018870323
forecast_1186,2025-02-19 10:00:00,8455.834629314091,9612.50478195121,8214.168204243822
forecast_1187,2025-02-19 11:00:00,7972.779106486869,8300.882738384174,7251.735715186431
forecast_1188,2025-02-19 12:00:00,6857.102838257481,6542.3945389549635,6183.171062504969
forecast_1189,2025-02-19 13:00:00,5438.277736324929,5273.684054914151,4525.989777575132
forecast_1190,2025-02-19 14:00:00,6437.745418501335,5733.756542655394,4927.614701823334
forecast_1191,2025-02-19 15:00:00,6462.591239635066,6256.197995252845,5839.5839592973725
forecast_1192,2025-02-19 16:00:00,6506.83448793524,5549.775911018296,5135.50690722547
forecast_1193,2025-02-19 17:00:00,6833.102325574014,6212.356995786968,5562.902716632016
forecast_1194,2025-02-19 18:00:00,7188.7581832218775,7995.276783171785,6415.914481280077
forecast_1195,2025-02-19 19:00:00,8131.615066537691,9192.163440964354,7217.580156726603
forecast_1196,2025-02-19 20:00:00,10116.089435965585,10256.896878708412,8672.830772184001
forecast_1197,2025-02-19 21:00:00,9761.932471849079,10234.97669179538,8297.688809889316
forecast_1198,2025-02-19 22:00:00,10174.174288083994,11592.440461202907,9837.068587439087
forecast_1199,2025-02-19 23:00:00,10484.612102146832,11541.793811168931,9953.442966692886
forecast_1200,2025-02-20 00:00:00,9383.872644319785,9839.766015410096,9117.335266913384
forecast_1201,2025-02-20 01:00:00,9225.615452696475,8664.916941375124,8824.616411930012
forecast_1202,2025-02-20 02:00:00,9570.166033945858,8749.391004979283,8394.749985724275
forecast_1203,2025-02-20 03:00:00,9620.002197579182,9051.695942461618,8471.930574853372
forecast_1204,2025-02-20 04:00:00,9947.006053039046,8666.517284358533,8095.986329114241
forecast_1205,2025-02-20 05:00:00,9676.135000396107,9001.872651158461,8189.877697807015
forecast_1206,2025-02-20 06:00:00,10827.160033496737,10075.999657699807,9313.558483693727
forecast_1207,2025-02-20 07:00:00,11377.631499571156,13131.583986426409,10718.399502188639
forecast_1208,2025-02-20 08:00:00,12813.352035527447,13639.219044530848,10727.413422841524
forecast_1209,2025-02-20 09:00:00,12299.144964514262,13857.62903596885,11350.282463430118
forecast_1210,2025-02-20 10:00:00,11140.289118385901,11656.727391658871,9878.350798746467
forecast_1211,2025-02-20 11:00:00,10092.232102743383,10836.081110459905,9697.88166110671
forecast_1212,2025-02-20 12:00:00,10294.703723813973,10627.620703063834,10155.967523830892
forecast_1213,2025-02-20 13:00:00,9733.683307819396,9661.462465159158,9546.717883640415
forecast_1214,2025-02-20 14:00:00,9800.337460341425,9538.27938785922,9654.070894523833
forecast_1215,2025-02-20 15:00:00,9972.470909189387,9413.979171078116,9363.744130017601
forecast_1216,2025-02-20 16:00:00,9902.953833703623,8617.505130737614,8761.689447360824
forecast_1217,2025-02-20 17:00:00,9662.562842181267,8567.94155468426,8591.653096889035
forecast_1218,2025-02-20 18:00:00,10481.8936682243,9813.241817094287,8903.33190000346
forecast_1219,2025-02-20 19:00:00,10887.590766266974,10483.136660750608,9802.802543612925
forecast_1220,2025-02-20 20:00:00,11147.44664492214,12110.598912797443,10120.653761707175
forecast_1221,2025-02-20 21:00:00,11070.122844744232,11017.631485304964,9633.042913008716
forecast_1222,2025-02-20 22:00:00,10550.898014291055,11608.135990746028,7990.283434858981
forecast_1223,2025-02-20 23:00:00,9228.328635306218,10572.473908586866,7107.567074909733
forecast_1224,2025-02-21 00:00:00,11805.499284187264,13246.570600876825,10254.879277763066
forecast_1225,2025-02-21 01:00:00,11489.512369112546,11854.102695248097,9798.550203483894
forecast_1226,2025-02-21 02:00:00,12073.649006104726,12161.740695741184,10812.036214058719
forecast_1227,2025-02-21 03:00:00,10924.571782681127,10778.632095738165,9781.149354684367
forecast_1228,2025-02-21 04:00:00,10570.289643379709,9368.626745143683,9618.520220741304
forecast_1229,2025-02-21 05:00:00,10521.538704369645,9271.224074529575,9191.57662564453
forecast_1230,2025-02-21 06:00:00,10936.45541004536,10329.844553321042,9857.394112095999
forecast_1231,2025-02-21 07:00:00,11190.112837710329,11527.793204326532,10477.602685214375
forecast_1232,2025-02-21 08:00:00,11341.210255859267,11897.25233519811,10063.549199599956
forecast_1233,2025-02-21 09:00:00,10189.980976851313,9962.568870609375,9032.476949370972
forecast_1234,2025-02-21 10:00:00,7890.803643859074,7537.931201602053,6541.74357416633
forecast_1235,2025-02-21 11:00:00,6921.852404795937,6590.238834860028,6121.927092662795
forecast_1236,2025-02-21 12:00:00,6277.928592405583,5999.30410816198,6288.476192427877
forecast_1237,2025-02-21 13:00:00,7138.847093447226,7458.442692595127,6838.9662816564005
forecast_1238,2025-02-21 14:00:00,7753.855602251651,7428.374107683842,7512.20789472315
forecast_1239,2025-02-21 15:00:00,8413.221953298842,7807.453525366644,7635.875364093527
forecast_1240,2025-02-21 16:00:00,8098.406611349448,7262.692555831807,6744.162238322772
forecast_1241,2025-02-21 17:00:00,8462.975012526065,7756.052293343813,7007.988683607275
forecast_1242,2025-02-21 18:00:00,10294.617126649491,10197.26562014996,9272.58010770189
forecast_1243,2025-02-21 19:00:00,11755.387656623128,10419.48349842974,10187.81913298769
forecast_1244,2025-02-21 20:00:00,10695.63645016082,10231.0367929912,9772.45639581242
forecast_1245,2025-02-21 21:00:00,11484.429403864817,11217.987890360357,10421.762460615848
forecast_1246,2025-02-21 22:00:00,12094.869491394084,12406.595723801824,11897.344523857051
forecast_1247,2025-02-21 23:00:00,12941.170661541482,13211.536005300142,12598.41141921531
forecast_1248,2025-02-22 00:00:00,13767.717580157554,13815.74248591527,13152.87729604825
forecast_1249,2025-02-22 01:00:00,14373.09490446041,14671.602677140114,13262.416219756904
forecast_1250,2025-02-22 02:00:00,14323.556987596296,14687.824991158986,13330.333177666264
forecast_1251,2025-02-22 03:00:00,13607.825531573098,13531.317796443076,12521.454524748311
forecast_1252,2025-02-22 04:00:00,13653.203965251603,12929.646949183441,11629.266249342589
forecast_1253,2025-02-22 05:00:00,12977.069161876994,12168.02649966848,9664.939108907798
forecast_1254,2025-02-22 06:00:00,11186.585093696114,10179.910070416436,8377.972129541635
forecast_1255,2025-02-22 07:00:00,10195.355635410524,10809.995220918674,8503.405167495923
forecast_1256,2025-02-22 08:00:00,8993.341410119652,8533.810841876726,7376.909164530643
forecast_1257,2025-02-22 09:00:00,7999.17217966466,7063.962247947181,5965.499802760422
forecast_1258,2025-02-22 10:00:00,6318.079086133134,5250.51198725754,4374.925766743318
forecast_1259,2025-02-22 11:00:00,5262.599125311323,4369.2016274568105,3745.9191022898713
forecast_1260,2025-02-22 12:00:00,4959.897850553617,4879.939077880732,4061.2067354517803
forecast_1261,2025-02-22 13:00:00,6688.331934081929,7137.062558561019,6414.763470338861
forecast_1262,2025-02-22 14:00:00,7652.763230138724,8200.454194183296,6938.200194890343
forecast_1263,2025-02-22 15:00:00,7757.130373064848,7555.896983392154,7236.266380733401
forecast_1264,2025-02-22 16:00:00,7796.645412168761,7384.575822026121,6723.7416016522575
forecast_1265,2025-02-22 17:00:00,8897.729958537124,8803.49396083772,7325.572805047332
forecast_1266,2025-02-22 18:00:00,10384.240167511547,10328.651427493207,9258.924810718656
forecast_1267,2025-02-22 19:00:00,11437.038207011856,12455.730099467442,11741.516168311737
forecast_1268,2025-02-22 20:00:00,13345.719025657238,14386.934060389829,13604.835084740851
forecast_1269,2025-02-22 21:00:00,14329.007097553691,15349.060002386084,14090.675429184032
forecast_1270,2025-02-22 22:00:00,14531.40555649342,16304.944872240378,14608.522859176814
forecast_1271,2025-02-22 23:00:00,14513.425862181437,15776.879995557694,14727.668624540884
forecast_1272,2025-02-23 00:00:00,14102.327297762939,15973.680426505865,14676.771152973757
forecast_1273,2025-02-23 01:00:00,14489.813720647951,16096.15556123358,14150.812535797742
forecast_1274,2025-02-23 02:00:00,14286.978920965978,16176.35555635744,15034.788079448426
forecast_1275,2025-02-23 03:00:00,14680.278947420038,15978.736043888222,15046.102496065158
forecast_1276,2025-02-23 04:00:00,15025.867562683943,16367.471604743585,15142.99836226988
forecast_1277,2025-02-23 05:00:00,15131.400495388782,15969.668832130928,15478.823228464445
forecast_1278,2025-02-23 06:00:00,15490.854907674113,16430.3327068307,14751.90706581472
forecast_1279,2025-02-23 07:00:00,15432.59953585463,16673.764055222953,14300.74463337135
forecast_1280,2025-02-23 08:00:00,15143.823516406215,15401.282757369636,14175.57833018714
forecast_1281,2025-02-23 09:00:00,14693.224903846713,14577.504349053157,13447.850738417583
forecast_1282,2025-02-23 10:00:00,13615.099308933228,13745.546610373849,12605.043334863414
forecast_1283,2025-02-23 11:00:00,13683.681081313374,12212.920624773202,12161.754676287646
forecast_1284,2025-02-23 12:00:00,13846.523632963963,12612.750422270854,12101.339020407295
forecast_1285,2025-02-23 13:00:00,13635.161065232123,12166.282101801457,11646.343851959049
forecast_1286,2025-02-23 14:00:00,13443.751292079825,11766.250452290664,10945.057125100202
forecast_1287,2025-02-23 15:00:00,13317.545897324851,11720.386381214621,10479.543031161376
forecast_1288,2025-02-23 16:00:00,12891.277644308288,11372.436058737663,10098.801441206999
forecast_1289,2025-02-23 17:00:00,11947.88771967172,11103.259876287839,9065.131234427501
forecast_1290,2025-02-23 18:00:00,11969.048739878392,11087.856453068804,8711.301854530182
forecast_1291,2025-02-23 19:00:00,10866.2687211165,10561.355068923653,8276.166619576617
forecast_1292,2025-02-23 20:00:00,10322.51279930511,11786.38152257249,9369.21255941818
forecast_1293,2025-02-23 21:00:00,11312.175960854189,11673.43325846844,9416.039806590607
forecast_1294,2025-02-23 22:00:00,11591.529579778964,12597.44428309949,9297.402341467074
forecast_1295,2025-02-23 23:00:00,11754.474626282567,13028.087723417255,9092.536306579314
forecast_1296,2025-02-24 00:00:00,12432.753763832052,13733.357262771122,10499.96514039974
forecast_1297,2025-02-24 01:00:00,15140.483420352139,15295.700114692865,13707.668019091818
forecast_1298,2025-02-24 02:00:00,15557.180219756276,15670.322440409655,14081.510018450836
forecast_1299,2025-02-24 03:00:00,15527.635960243695,15748.042913942723,14138.161956724833
forecast_1300,2025-02-24 04:00:00,16232.637643229993,16014.169406664063,13956.468238330206
forecast_1301,2025-02-24 05:00:00,16259.83505845762,15605.391361683232,12469.93245967938
forecast_1302,2025-02-24 06:00:00,15126.929155304988,14856.659360946014,12442.079326698722
forecast_1303,2025-02-24 07:00:00,14995.786364450758,14687.223991487983,12073.22538427365
forecast_1304,2025-02-24 08:00:00,14674.639849070685,14244.156104279771,12160.902090909183
forecast_1305,2025-02-24 09:00:00,14607.627888556906,12623.11514346535,11017.049222909181
forecast_1306,2025-02-24 10:00:00,11032.583394219342,11522.642359040785,9958.722435346825
forecast_1307,2025-02-24 11:00:00,9312.189040898327,10262.177163781607,9142.518709962835
forecast_1308,2025-02-24 12:00:00,8727.80090810173,8728.615066593939,8579.550351438538
forecast_1309,2025-02-24 13:00:00,8336.610833947165,8681.056915357698,8000.881203307318
forecast_1310,2025-02-24 14:00:00,9297.090811433674,9438.973132749781,8267.727489280482
forecast_1311,2025-02-24 15:00:00,9791.952092667761,10241.801807062246,8525.144653621976
forecast_1312,2025-02-24 16:00:00,10146.66963553505,10474.099413642747,8732.173355513782
forecast_1313,2025-02-24 17:00:00,10496.862373979877,11044.998546252127,8786.805889900543
forecast_1314,2025-02-24 18:00:00,12535.214622538178,13655.923453512336,10953.60545198961
forecast_1315,2025-02-24 19:00:00,14544.385129739227,15221.125297965178,13750.060826071916
forecast_1316,2025-02-24 20:00:00,15857.715532291353,16552.86065762043,15130.301868451581
forecast_1317,2025-02-24 21:00:00,15998.088199148206,17065.005662079766,15816.776638900104
forecast_1318,2025-02-24 22:00:00,17229.826220108098,18549.64124084812,16551.0244004501
forecast_1319,2025-02-24 23:00:00,17272.42479557127,18615.07857238587,16560.608489277358
forecast_1320,2025-02-25 00:00:00,17599.710402669316,19159.413686597247,16756.74575966175
forecast_1321,2025-02-25 01:00:00,17886.711395985094,19236.928944042684,16981.525946968166
forecast_1322,2025-02-25 02:00:00,17946.53545340282,19061.112090178784,16761.937244378314
forecast_1323,2025-02-25 03:00:00,18099.797130873423,19153.65827477764,16964.82391515687
forecast_1324,2025-02-25 04:00:00,18345.013106237464,19402.54390888806,17096.58361403813
forecast_1325,2025-02-25 05:00:00,18184.942736032455,18997.290435488118,16691.763235558996
forecast_1326,2025-02-25 06:00:00,18483.492247840513,18945.04282645428,16768.175395259506
forecast_1327,2025-02-25 07:00:00,18804.76266042395,19276.27268995291,16543.529519763273
forecast_1328,2025-02-25 08:00:00,18548.49367787697,18938.295020169713,15505.3666357738
forecast_1329,2025-02-25 09:00:00,17424.788857418163,18538.968872756468,14924.656406948423
forecast_1330,2025-02-25 10:00:00,15367.747637500202,16979.83334666924,14426.017817489355
forecast_1331,2025-02-25 11:00:00,15489.929437803969,16217.858765040515,14203.15061557474
forecast_1332,2025-02-25 12:00:00,14856.679049923152,16199.254072915206,13719.203182295629
forecast_1333,2025-02-25 13:00:00,15113.847457135682,15272.259163952936,13820.587396911335
forecast_1334,2025-02-25 14:00:00,14797.820949024488,15178.824024262536,13659.935197822044
forecast_1335,2025-02-25 15:00:00,14806.232487776511,15084.357608061251,14108.930009771602
forecast_1336,2025-02-25 16:00:00,15785.008459510094,15034.794921372417,14106.387174263777
forecast_1337,2025-02-25 17:00:00,16987.842504754797,16710.396837321656,15430.06532054569
forecast_1338,2025-02-25 18:00:00,17641.590010239943,17947.167512741093,16848.016762100684
forecast_1339,2025-02-25 19:00:00,17893.458101854907,18500.216682905113,17643.608798510966
forecast_1340,2025-02-25 20:00:00,17760.02653721526,18526.287037900343,17847.364572721683
forecast_1341,2025-02-25 21:00:00,17971.753040212363,18709.375846436313,17877.48284907095
forecast_1342,2025-02-25 22:00:00,18297.259100798652,18823.210200871963,18059.026277277248
forecast_1343,2025-02-25 23:00:00,18259.27701285143,18718.284427198687,17826.52690883341
forecast_1344,2025-02-26 00:00:00,18580.434141948153,18720.794947567323,17675.53691280505
forecast_1345,2025-02-26 01:00:00,18483.993242442186,18592.527198405052,17119.144476428304
forecast_1346,2025-02-26 02:00:00,18280.888218638083,18411.31397285907,16690.441412997337
forecast_1347,2025-02-26 03:00:00,17694.55496473998,18269.511232753888,15434.733279165603
forecast_1348,2025-02-26 04:00:00,17388.53559852851,18332.575639782888,14971.138894871292
forecast_1349,2025-02-26 05:00:00,16958.636007407044,18057.496911383543,14544.337526839256
forecast_1350,2025-02-26 06:00:00,16539.484069375318,17532.614942902605,14409.369128012708
forecast_1351,2025-02-26 07:00:00,16797.397662832176,16977.0650712271,14534.321182511567
forecast_1352,2025-02-26 08:00:00,15317.77725094626,16017.34078981825,14046.925907083443
forecast_1353,2025-02-26 09:00:00,13026.219199681738,14138.525894009259,12130.125631845825
forecast_1354,2025-02-26 10:00:00,11837.833084039692,13254.308948259777,11021.450751505818
forecast_1355,2025-02-26 11:00:00,11717.578543222166,12968.375120439412,10573.910824989684
forecast_1356,2025-02-26 12:00:00,12565.685673942333,13348.419451502503,10502.004906178034
forecast_1357,2025-02-26 13:00:00,12961.663172932667,13520.897056930242,10272.854430103378
forecast_1358,2025-02-26 14:00:00,12933.153930458475,13867.111744189568,10902.318237543424
forecast_1359,2025-02-26 15:00:00,13128.637953487434,13832.517170704556,11196.245584740045
forecast_1360,2025-02-26 16:00:00,13674.982213799349,14401.301089374942,11454.893456127507
forecast_1361,2025-02-26 17:00:00,13729.868882567458,15064.160416916628,11583.381538444051
forecast_1362,2025-02-26 18:00:00,13961.962254017713,15159.384017435288,12588.287420971228
forecast_1363,2025-02-26 19:00:00,15196.95474246927,15574.52700937802,13515.89824821524
forecast_1364,2025-02-26 20:00:00,15432.151926390039,16078.997880371624,13747.150385646637
forecast_1365,2025-02-26 21:00:00,16383.118961222925,17421.612166304993,15354.162578947504
forecast_1366,2025-02-26 22:00:00,16699.50632240748,18251.998288379986,15501.813645822338
forecast_1367,2025-02-26 23:00:00,15938.823930395276,16649.2413188801,14426.774992853663
forecast_1368,2025-02-27 00:00:00,16389.300742655247,17617.80151506252,15160.98214978956
forecast_1369,2025-02-27 01:00:00,16808.882029938573,17833.662599976164,14799.502879958925
forecast_1370,2025-02-27 02:00:00,17597.913778121914,18583.276033190057,15068.707128827033
forecast_1371,2025-02-27 03:00:00,18302.56428982655,18985.643897538084,14919.714923570456
forecast_1372,2025-02-27 04:00:00,18170.03903694501,18510.578208749746,14920.0745629062
forecast_1373,2025-02-27 05:00:00,17837.934918111303,18287.19454624643,15065.188902289745
forecast_1374,2025-02-27 06:00:00,18209.329102375752,18608.58943433282,15861.734572332696
forecast_1375,2025-02-27 07:00:00,18120.79953121783,18408.985025340997,15410.916055329302
forecast_1376,2025-02-27 08:00:00,16634.37722710164,16626.966204794273,12617.896956738314
forecast_1377,2025-02-27 09:00:00,15957.244408498338,16003.3454608549,12241.319458359116
forecast_1378,2025-02-27 10:00:00,12666.761761516222,13881.854338535495,11319.271311061586
forecast_1379,2025-02-27 11:00:00,11574.84801987348,12560.221413938143,10538.645517467881
forecast_1380,2025-02-27 12:00:00,11589.254970843787,11718.2862786655,10580.648753594685
forecast_1381,2025-02-27 13:00:00,10108.514186988348,10455.280337906903,10016.62678248261
forecast_1382,2025-02-27 14:00:00,8697.408477387933,8622.776230025847,8284.188437295708
forecast_1383,2025-02-27 15:00:00,8709.321222562672,8006.937393362638,8389.479865680045
forecast_1384,2025-02-27 16:00:00,8688.079385491099,8100.065964145879,8849.717652309844
forecast_1385,2025-02-27 17:00:00,8415.920879847621,8766.512792855037,7042.364039287464
forecast_1386,2025-02-27 18:00:00,7246.044212770125,8383.552189704687,5776.788369283484
forecast_1387,2025-02-27 19:00:00,10067.210299910355,10601.699970304666,7712.473864051672
forecast_1388,2025-02-27 20:00:00,11137.783101649851,11705.535796036065,8621.76429242162
forecast_1389,2025-02-27 21:00:00,13203.625439336029,14348.972432788867,12335.366381697262
forecast_1390,2025-02-27 22:00:00,12707.404498175923,14065.573085548733,11067.83084406431
forecast_1391,2025-02-27 23:00:00,12519.280441464824,13917.647437065532,11145.145530517475
forecast_1392,2025-02-28 00:00:00,12597.215203999367,14880.325914954708,10650.439835738569
forecast_1393,2025-02-28 01:00:00,13980.590362625846,15634.34118221441,12018.763337060129
forecast_1394,2025-02-28 02:00:00,14965.317096857694,16084.80161159931,13509.170979083803
forecast_1395,2025-02-28 03:00:00,14741.329121562474,15083.723971557873,12484.136045660369
forecast_1396,2025-02-28 04:00:00,15549.180414270657,16009.577759100346,13393.86135405347
forecast_1397,2025-02-28 05:00:00,16275.788026319025,16481.88789188199,14043.863926300188
forecast_1398,2025-02-28 06:00:00,15822.036678830054,16629.34155379456,13988.3688466517
forecast_1399,2025-02-28 07:00:00,16258.443169947896,16917.558516616562,13715.49510316058
forecast_1400,2025-02-28 08:00:00,16460.468142288002,16990.78273357518,14418.245601321678
forecast_1401,2025-02-28 09:00:00,15902.01769834899,16492.81559889969,13500.189891765807
forecast_1402,2025-02-28 10:00:00,14193.476347884303,14951.978680941982,12984.488565322716
forecast_1403,2025-02-28 11:00:00,12494.208133302915,13871.65920770787,12068.191122381428
forecast_1404,2025-02-28 12:00:00,10548.023460563762,11300.554843281227,10108.73928730025
forecast_1405,2025-02-28 13:00:00,9717.157290804013,9904.307474685787,9060.035551867435
forecast_1406,2025-02-28 14:00:00,9534.421963353961,10461.282287891467,10005.928117507468
forecast_1407,2025-02-28 15:00:00,10067.958363960743,10408.172771636364,10025.823387671831
forecast_1408,2025-02-28 16:00:00,10502.855489828471,11241.870569669923,10233.784220405656
forecast_1409,2025-02-28 17:00:00,11139.495641923975,11310.167708367857,10468.660080485017
forecast_1410,2025-02-28 18:00:00,12366.626307185796,12307.707277858513,11856.946123528034
forecast_1411,2025-02-28 19:00:00,14057.357580537073,14248.159093995355,12822.296386863733
forecast_1412,2025-02-28 20:00:00,14168.546289344993,12991.239342692721,9495.443441247367
forecast_1413,2025-02-28 21:00:00,12709.501337745896,12050.98406355102,9173.263300057093
forecast_1414,2025-02-28 22:00:00,12170.918549769203,11321.277422689473,9372.66324078396
forecast_1415,2025-02-28 23:00:00,12320.642260702261,10776.943918808449,8516.1953085425
forecast_1416,2025-03-01 00:00:00,8393.405376030429,7639.492198808919,5672.879302758813
forecast_1417,2025-03-01 01:00:00,11769.087980869275,10319.81406728573,7570.288091873725
forecast_1418,2025-03-01 02:00:00,7323.379224079682,5827.500791134492,3934.602469334079
forecast_1419,2025-03-01 03:00:00,5288.432774196797,4127.669922559705,3543.4364373132257
forecast_1420,2025-03-01 04:00:00,3674.6611754708124,3294.820739069698,2451.521838022582
forecast_1421,2025-03-01 05:00:00,2605.5133348067907,2595.183900949229,1515.6607562489735
forecast_1422,2025-03-01 06:00:00,2545.9980929540734,2465.3771895774426,1325.6871044527036
forecast_1423,2025-03-01 07:00:00,2943.887842141631,3142.8375804729344,1857.7871267180667
forecast_1424,2025-03-01 08:00:00,1882.111245040601,2094.5364128679644,1288.2487097355652
forecast_1425,2025-03-01 09:00:00,1028.4498220393225,1093.211519742181,705.9204421512646
forecast_1426,2025-03-01 10:00:00,814.8227861172928,835.3706429350331,768.4688646701891
forecast_1427,2025-03-01 11:00:00,1266.5972604048923,1384.2412445586237,924.850148670082
forecast_1428,2025-03-01 12:00:00,1828.2128120161194,2811.4144314130576,1653.2595287522927
forecast_1429,2025-03-01 13:00:00,2494.1230715021975,2672.495324824923,1998.5282552488325
forecast_1430,2025-03-01 14:00:00,3461.717873814154,3916.998413486502,2497.091314952791
forecast_1431,2025-03-01 15:00:00,4809.840709765686,4736.5814582875255,2927.9489911617607
forecast_1432,2025-03-01 16:00:00,3435.1372076023476,3235.9431090554085,2154.756563094661
forecast_1433,2025-03-01 17:00:00,3423.4952557287256,3343.150460507576,2008.758482844853
forecast_1434,2025-03-01 18:00:00,2860.03712471911,3173.079136215179,2168.6285890796453
forecast_1435,2025-03-01 19:00:00,3911.074223149221,4212.9357466800075,2213.9623496290415
forecast_1436,2025-03-01 20:00:00,2717.9022872035666,2542.2075813398214,2021.5247476638226
forecast_1437,2025-03-01 21:00:00,2093.5761569615897,2135.472915132112,1083.506106997142
forecast_1438,2025-03-01 22:00:00,2057.1158576741127,2073.094014314048,1333.9036272543037
forecast_1439,2025-03-01 23:00:00,1997.5160608136932,1826.9391144358692,1085.957754614058
forecast_1440,2025-03-02 00:00:00,1952.149165016451,1466.7029712735282,937.0966138767218
forecast_1441,2025-03-02 01:00:00,4847.993696735834,4443.642655999892,3213.546345824876
forecast_1442,2025-03-02 02:00:00,5449.78335871642,4678.3518857639865,2987.955766345465
forecast_1443,2025-03-02 03:00:00,5265.893996576678,4860.016674406387,3558.81260426127
forecast_1444,2025-03-02 04:00:00,4928.749055712015,4148.363026322262,3001.418934996298
forecast_1445,2025-03-02 05:00:00,3896.926466134294,2921.019640064515,1891.5140309962871
forecast_1446,2025-03-02 06:00:00,1366.1543688035706,1252.3105980674109,748.1723484326383
forecast_1447,2025-03-02 07:00:00,1421.7072303700509,1658.212187742654,735.5741935876018
forecast_1448,2025-03-02 08:00:00,1298.5071910533886,1138.8342339617739,526.4035846415295
forecast_1449,2025-03-02 09:00:00,1745.046170959237,1765.2346096962885,714.3609838248907
forecast_1450,2025-03-02 10:00:00,1977.260590030019,2885.395670045979,1964.6333379160142
forecast_1451,2025-03-02 11:00:00,2235.4240811742065,3404.073181899113,3019.9103599612954
forecast_1452,2025-03-02 12:00:00,2625.190225447832,3880.0545180067156,3372.4465993460994
forecast_1453,2025-03-02 13:00:00,3193.7008674147355,5189.668648500488,4122.069381438125
forecast_1454,2025-03-02 14:00:00,3379.1559265454257,4946.4357140308775,3856.664786333852
forecast_1455,2025-03-02 15:00:00,3854.4829055364007,5119.870961525586,4588.764644259021
forecast_1456,2025-03-02 16:00:00,4391.162169863903,5192.621784299131,5485.704607219286
forecast_1457,2025-03-02 17:00:00,4526.76956677996,6117.18587639554,5130.544182085979
forecast_1458,2025-03-02 18:00:00,5270.503472601142,7066.125724970229,6127.731949252428
forecast_1459,2025-03-02 19:00:00,8523.950477800787,9374.26810113199,7773.823886762283
forecast_1460,2025-03-02 20:00:00,6563.421925581573,8665.3870563341,7164.560794141127
forecast_1461,2025-03-02 21:00:00,3516.006167682398,5059.257394192946,4687.77088411117
forecast_1462,2025-03-02 22:00:00,7415.948611077775,8838.981867743909,6747.755528956865
forecast_1463,2025-03-02 23:00:00,4546.081573074551,6295.234305519316,5303.724411001188
forecast_1464,2025-03-03 00:00:00,4844.985347545092,6324.324529384783,6043.747950343018
forecast_1465,2025-03-03 01:00:00,11096.149785519352,13028.366892817,10794.329471938949
forecast_1466,2025-03-03 02:00:00,10224.983294782422,12611.776991401048,10171.108620937917
forecast_1467,2025-03-03 03:00:00,9577.455985683113,12200.774555291837,9750.823437108078
forecast_1468,2025-03-03 04:00:00,9101.683207544293,11166.42844233709,9318.097153130133
forecast_1469,2025-03-03 05:00:00,9928.016782116909,12109.80509553172,9873.314233393608
forecast_1470,2025-03-03 06:00:00,11957.609769232738,13459.978702844686,11119.510016648603
forecast_1471,2025-03-03 07:00:00,12377.372208225635,14022.200786963742,11509.358195929384
forecast_1472,2025-03-03 08:00:00,12036.987350274496,13448.65364376508,10951.910509909294
forecast_1473,2025-03-03 09:00:00,11891.50703015402,13756.564096005466,10777.111391584182
forecast_1474,2025-03-03 10:00:00,11011.975097370892,13764.769682921675,10243.091403242139
forecast_1475,2025-03-03 11:00:00,10955.507622868641,13489.94759119864,10320.500468557331
forecast_1476,2025-03-03 12:00:00,10456.895325511232,13056.124211620045,10472.062875841271
forecast_1477,2025-03-03 13:00:00,10238.628945697219,12790.940052465905,10062.724575851349
forecast_1478,2025-03-03 14:00:00,10282.48772276828,12384.275051685547,10159.752247966395
forecast_1479,2025-03-03 15:00:00,9926.163417750682,12338.821617061893,10259.031546652006
forecast_1480,2025-03-03 16:00:00,9556.608352050924,12025.891303618197,9989.414798325544
forecast_1481,2025-03-03 17:00:00,9154.888709801568,11652.225623888306,9968.121576102092
forecast_1482,2025-03-03 18:00:00,7537.44486669848,10543.711501764341,7953.40898276702
forecast_1483,2025-03-03 19:00:00,4676.919646604699,6308.274910965797,5307.050089158275
forecast_1484,2025-03-03 20:00:00,2985.648207255657,3937.8706578562733,3647.8418046447437
forecast_1485,2025-03-03 21:00:00,3408.2556393216814,4845.866556305135,3848.166687926984
forecast_1486,2025-03-03 22:00:00,5914.267112646633,7938.3000959704095,5398.810653201042
forecast_1487,2025-03-03 23:00:00,5354.131536256824,7025.953052067073,5405.041826022612
forecast_1488,2025-03-04 00:00:00,5461.308581531731,7186.767957570609,5873.932131195263
forecast_1489,2025-03-04 01:00:00,8429.655649049999,10281.09202438715,7639.739543651382
forecast_1490,2025-03-04 02:00:00,7893.351973912257,9877.833272258958,7284.693408032402
forecast_1491,2025-03-04 03:00:00,8004.04918826158,10984.568269585003,7535.653454099733
forecast_1492,2025-03-04 04:00:00,8480.278086122938,11497.000157500543,7663.510703881306
forecast_1493,2025-03-04 05:00:00,8540.28444949226,11489.735705729001,7779.448927689046
forecast_1494,2025-03-04 06:00:00,9241.835954267532,12469.793798212062,8276.552618605301
forecast_1495,2025-03-04 07:00:00,9112.665799012926,12146.6461620785,8440.137562959333
forecast_1496,2025-03-04 08:00:00,9093.653840850866,11827.442236102062,8229.334908473158
forecast_1497,2025-03-04 09:00:00,8634.472257668005,11219.474741288228,8529.001264652017
forecast_1498,2025-03-04 10:00:00,8669.315870994884,11311.932054900468,9160.018303118468
forecast_1499,2025-03-04 11:00:00,8711.000649375936,11424.891113777428,9311.836740778079
forecast_1500,2025-03-04 12:00:00,9338.931690691743,12140.010009577285,9510.291646578688
forecast_1501,2025-03-04 13:00:00,10542.336891735864,12802.041680273127,9816.909816126137
forecast_1502,2025-03-04 14:00:00,10358.63197761966,13100.264373347743,9795.428753638658
forecast_1503,2025-03-04 15:00:00,10912.512864724851,13690.059999935182,10337.621816075021
forecast_1504,2025-03-04 16:00:00,10796.607445452013,13483.734744233576,10345.435656993375
forecast_1505,2025-03-04 17:00:00,11004.66157204832,13963.266354291047,10775.933794237662
forecast_1506,2025-03-04 18:00:00,10868.829353578167,13445.417484316733,10383.461098857526
forecast_1507,2025-03-04 19:00:00,10212.934355554256,12259.901705584014,10103.917727294333
forecast_1508,2025-03-04 20:00:00,10266.043132245308,11497.172023379728,9724.181902911969
forecast_1509,2025-03-04 21:00:00,10619.284877750239,12351.204495760936,10620.971490586488
forecast_1510,2025-03-04 22:00:00,10540.894515478843,12376.839018630708,10476.694468528278
forecast_1511,2025-03-04 23:00:00,10181.98115650346,12295.35765330585,10099.616493279958
forecast_1512,2025-03-05 00:00:00,5616.883217760514,7342.996030761166,6348.353118707211
forecast_1513,2025-03-05 01:00:00,1472.7766542537106,2445.661814087071,2568.1743252579095
forecast_1514,2025-03-05 02:00:00,1224.467142481303,2191.772443107558,2207.2314056865
forecast_1515,2025-03-05 03:00:00,1380.1625175028735,2414.469376080421,2638.7718903373348
forecast_1516,2025-03-05 04:00:00,1422.3963076121265,2372.5859444359808,2130.8578646172236
forecast_1517,2025-03-05 05:00:00,1277.5281020792356,1469.5689722134582,1717.43179690265
forecast_1518,2025-03-05 06:00:00,1227.9645514119584,1583.6338275997655,1583.8403010075776
forecast_1519,2025-03-05 07:00:00,1189.2542966971457,1584.6876632616427,1623.4736507785603
forecast_1520,2025-03-05 08:00:00,1298.501830704408,1769.580388011483,1674.5055235862844
forecast_1521,2025-03-05 09:00:00,1274.1751939219673,1680.9645557417834,1364.512009253409
forecast_1522,2025-03-05 10:00:00,1048.9927698499175,1189.4587687787641,1506.7546947819433
forecast_1523,2025-03-05 11:00:00,827.8792930567665,975.3775312885654,1235.5820356805996
forecast_1524,2025-03-05 12:00:00,593.0095931080888,542.681128416132,561.1239901158285
forecast_1525,2025-03-05 13:00:00,527.6109401681256,509.6534736848335,535.4405838703091
forecast_1526,2025-03-05 14:00:00,499.29487808881316,479.7369568269569,455.2505597572263
forecast_1527,2025-03-05 15:00:00,511.54714948849016,534.8623178526867,441.6838987577561
forecast_1528,2025-03-05 16:00:00,467.71554606397694,470.0976822022677,413.89002620463685
forecast_1529,2025-03-05 17:00:00,505.94200622805886,526.703359517484,439.8014294756438
forecast_1530,2025-03-05 18:00:00,589.5492517767117,540.8098302272508,452.81410337320693
forecast_1531,2025-03-05 19:00:00,682.889218366204,673.9153689317486,553.188708727619
forecast_1532,2025-03-05 20:00:00,956.1296631515589,903.2241975381992,673.5894959275407
forecast_1533,2025-03-05 21:00:00,1066.9540375789936,1150.1195383909346,789.6278779092655
forecast_1534,2025-03-05 22:00:00,970.9746258646039,1424.5692992781055,814.5630963137183
forecast_1535,2025-03-05 23:00:00,1128.273085970843,1465.2801299157043,922.8299654797215
forecast_1536,2025-03-06 00:00:00,1181.5523043901023,1435.1008090998196,802.5554918515238
forecast_1537,2025-03-06 01:00:00,844.3742427088878,1068.5204295905967,567.384976626087
forecast_1538,2025-03-06 02:00:00,838.0050277316997,1142.8009919853494,610.9612127543836
forecast_1539,2025-03-06 03:00:00,844.5566935960168,1147.2677222327036,672.6250663933698
forecast_1540,2025-03-06 04:00:00,968.5306061311553,1158.1714478439737,626.883480221648
forecast_1541,2025-03-06 05:00:00,1106.4392964208507,1211.0764737484083,811.4860296180585
forecast_1542,2025-03-06 06:00:00,971.0408048244688,1039.2970832496678,605.0920174573006
forecast_1543,2025-03-06 07:00:00,835.1754436804856,984.1157825120673,566.256414961124
forecast_1544,2025-03-06 08:00:00,736.0873009977446,813.7325009415495,394.9447131369292
forecast_1545,2025-03-06 09:00:00,570.3127211270688,704.555178972383,301.6932387910818
forecast_1546,2025-03-06 10:00:00,303.47257523578895,336.3587482096516,256.04707943160264
forecast_1547,2025-03-06 11:00:00,283.2927454026918,311.0457915073664,301.72302462062737
forecast_1548,2025-03-06 12:00:00,285.2558711476273,313.0153692630492,280.1316320607973
forecast_1549,2025-03-06 13:00:00,289.91438502542434,316.420861104782,287.6078594810867
forecast_1550,2025-03-06 14:00:00,302.9470309907557,320.1110376272175,336.47719801310365
forecast_1551,2025-03-06 15:00:00,305.58187857953806,366.29218074575334,396.6606409876755
forecast_1552,2025-03-06 16:00:00,424.66176557033856,429.5181065323292,514.9728170622282
forecast_1553,2025-03-06 17:00:00,388.8241998997992,604.8455937828,493.99595180976144
forecast_1554,2025-03-06 18:00:00,476.79819842043696,544.258597735667,425.3902980141629
forecast_1555,2025-03-06 19:00:00,624.4007270368443,668.3257386574021,401.6216406519432
forecast_1556,2025-03-06 20:00:00,677.5641000098672,779.4944740231794,446.16872852452343
forecast_1557,2025-03-06 21:00:00,879.8526913761089,873.8851305557796,551.2425459048803
forecast_1558,2025-03-06 22:00:00,1030.3045366419622,977.7326448274673,628.0933573498629
forecast_1559,2025-03-06 23:00:00,1292.4942484421258,1228.0001435116396,980.0232684512576
forecast_1560,2025-03-07 00:00:00,1334.6774627287552,1235.9867827004796,847.8357507158491
forecast_1561,2025-03-07 01:00:00,1170.2191103817581,1066.9850194148314,838.9012186835829
forecast_1562,2025-03-07 02:00:00,1253.6637843959675,1332.8021202770772,908.0423317194119
forecast_1563,2025-03-07 03:00:00,906.900590687659,859.991949178593,388.616134673258
forecast_1564,2025-03-07 04:00:00,789.1825516242228,788.3421660014069,412.41161041380116
forecast_1565,2025-03-07 05:00:00,781.264949700584,888.5576267590707,650.47107800803
forecast_1566,2025-03-07 06:00:00,737.2915547808981,756.73457561797,469.81914664184046
forecast_1567,2025-03-07 07:00:00,711.2632100937049,709.7247718899802,346.791597662358
forecast_1568,2025-03-07 08:00:00,703.28207892705,680.7273813875512,294.5345381893175
forecast_1569,2025-03-07 09:00:00,541.0948580132094,599.5173306305813,274.68751821071834
forecast_1570,2025-03-07 10:00:00,300.3916793147216,321.3347221708362,216.78684497391487
forecast_1571,2025-03-07 11:00:00,264.4443966905127,340.22598803225725,237.86845546901748
forecast_1572,2025-03-07 12:00:00,263.5340230525965,320.47017805918006,241.19372902571152
forecast_1573,2025-03-07 13:00:00,277.9948081303756,337.60010633626945,230.13024338536903
forecast_1574,2025-03-07 14:00:00,293.89833548644685,358.66262701173434,257.4365376617258
forecast_1575,2025-03-07 15:00:00,345.3055434876973,382.5534883266139,265.0667447628892
forecast_1576,2025-03-07 16:00:00,398.69436982450867,394.26496201077936,305.03669100161864
forecast_1577,2025-03-07 17:00:00,549.4865432078388,489.3651201059478,341.2159948517082
forecast_1578,2025-03-07 18:00:00,738.902617068447,714.6161575025126,382.81904905650833
forecast_1579,2025-03-07 19:00:00,1190.7554488282253,1209.024726415873,554.1644559217361
forecast_1580,2025-03-07 20:00:00,1285.8147182429461,1210.1802857642713,463.3871187862357
forecast_1581,2025-03-07 21:00:00,1328.8299234899318,1105.8059081217314,502.03987727325597
forecast_1582,2025-03-07 22:00:00,1612.1372027866887,1310.8222246781997,691.6739877817952
forecast_1583,2025-03-07 23:00:00,1847.2738358686606,1789.8117832159562,884.9296384716093
forecast_1584,2025-03-08 00:00:00,1862.0265350721268,1992.4746514039427,1029.7242141940771
forecast_1585,2025-03-08 01:00:00,1956.045754077159,2073.229700722084,944.2519388718077
forecast_1586,2025-03-08 02:00:00,2169.3570279099554,2293.175016888951,1045.3875523970323
forecast_1587,2025-03-08 03:00:00,3305.2242815720656,3891.020389743993,2308.4656606823746
forecast_1588,2025-03-08 04:00:00,4904.728556732913,5676.992629419067,3434.8154002136866
forecast_1589,2025-03-08 05:00:00,4498.7012479495,5850.5956885434225,3232.634986298321
forecast_1590,2025-03-08 06:00:00,4043.9148471121775,5475.994497733939,2694.857069774959
forecast_1591,2025-03-08 07:00:00,4067.297467575973,5539.374397058832,2534.240809518543
forecast_1592,2025-03-08 08:00:00,4439.809775900532,6012.509357122632,2969.386306655118
forecast_1593,2025-03-08 09:00:00,4874.289129962258,6099.099010529055,3421.617912407061
forecast_1594,2025-03-08 10:00:00,5511.866253317345,7351.859098766078,4003.6304870451736
forecast_1595,2025-03-08 11:00:00,4879.966241951269,6615.340857852005,4453.8792657478525
forecast_1596,2025-03-08 12:00:00,4240.198482740455,5107.292250791942,4483.426859300635
forecast_1597,2025-03-08 13:00:00,4301.943925858231,4685.504380445139,4494.218731186269
forecast_1598,2025-03-08 14:00:00,6065.206394134335,5975.913677864671,6837.2776224900035
forecast_1599,2025-03-08 15:00:00,7521.6458457325925,7222.6149820162545,7747.994855228893
forecast_1600,2025-03-08 16:00:00,7682.055875314788,7780.5849687577,8175.597899681175
forecast_1601,2025-03-08 17:00:00,9062.093865635768,8966.501797509807,8826.529050055686
forecast_1602,2025-03-08 18:00:00,11058.071892014394,9806.595730973939,9855.46599475578
forecast_1603,2025-03-08 19:00:00,10666.586378876498,10667.682379065687,10038.41656754551
forecast_1604,2025-03-08 20:00:00,9833.335829060245,10333.395091276254,8695.952383514998
forecast_1605,2025-03-08 21:00:00,8816.963025948324,9191.476506088771,7848.299657581628
forecast_1606,2025-03-08 22:00:00,8681.590031433345,9373.869340238984,7250.714870931627
forecast_1607,2025-03-08 23:00:00,8371.87593981049,9117.635501117087,7151.727665746817
forecast_1608,2025-03-09 00:00:00,8365.731940060119,9209.925801362535,7828.705450042183
forecast_1609,2025-03-09 01:00:00,7105.33559474347,6900.648315480155,5497.067640719561
forecast_1610,2025-03-09 02:00:00,7251.12808210372,6746.148796529923,5534.509928059048
forecast_1611,2025-03-09 03:00:00,7101.77819685511,6518.776648399189,5100.033791554316
forecast_1612,2025-03-09 04:00:00,6604.293919634411,5575.715559461886,4785.995901355574
forecast_1613,2025-03-09 05:00:00,5463.059399134395,3959.395931179923,3256.204759483528
forecast_1614,2025-03-09 06:00:00,4481.342020392404,3908.137295282914,3224.997675720028
forecast_1615,2025-03-09 07:00:00,5437.384894838088,4565.872387184331,4158.940757809085
forecast_1616,2025-03-09 08:00:00,2942.6445241748415,2244.040287997527,1746.1146466934583
forecast_1617,2025-03-09 09:00:00,596.4863715956966,742.2505259391736,411.2944229156941
forecast_1618,2025-03-09 10:00:00,348.69898320463625,410.59588516605305,351.48578572462225
forecast_1619,2025-03-09 11:00:00,304.763381969462,360.6194307442972,310.0004796922041
forecast_1620,2025-03-09 12:00:00,288.50327960028886,346.47600871053885,319.23991227255465
forecast_1621,2025-03-09 13:00:00,266.0687993370738,335.59207365235255,251.65946774435886
forecast_1622,2025-03-09 14:00:00,289.0574945217892,348.2549381615815,252.76741674891636
forecast_1623,2025-03-09 15:00:00,310.2443415817706,371.8587949049848,259.5954922955339
forecast_1624,2025-03-09 16:00:00,270.46801970590826,357.41459490280914,247.0715410127285
forecast_1625,2025-03-09 17:00:00,382.26760770490694,385.49836081957227,242.16127034729647
forecast_1626,2025-03-09 18:00:00,603.6020475553474,533.1596245610029,260.1297054559859
forecast_1627,2025-03-09 19:00:00,878.4819544367309,883.9974708529713,333.30863014534003
forecast_1628,2025-03-09 20:00:00,1077.1832070525793,1039.2233605420347,347.4068987505956
forecast_1629,2025-03-09 21:00:00,982.5803205291608,1042.4256581688996,371.5457945741083
forecast_1630,2025-03-09 22:00:00,1339.305193642694,1425.2098229474475,776.1400430445677
forecast_1631,2025-03-09 23:00:00,1734.9932354884672,2342.67935312264,1373.7327155989017
forecast_1632,2025-03-10 00:00:00,2469.9576557481328,2797.8934430728577,1922.5308423708
forecast_1633,2025-03-10 01:00:00,4328.850422669108,5028.860835248915,3027.6920643950184
forecast_1634,2025-03-10 02:00:00,6208.177647574007,6407.2436799728075,4027.8135318901464
forecast_1635,2025-03-10 03:00:00,6674.3533335630555,6478.010390552225,4244.58341159954
forecast_1636,2025-03-10 04:00:00,6731.04284920888,6533.105826916745,4230.689669588956
forecast_1637,2025-03-10 05:00:00,5880.775161168097,5863.94870487618,3569.8317976365047
forecast_1638,2025-03-10 06:00:00,5643.955625996072,6239.7400232398895,3495.077892132093
forecast_1639,2025-03-10 07:00:00,6629.814484977704,6602.255285256439,4223.553153499101
forecast_1640,2025-03-10 08:00:00,6244.798368554756,5897.506621368601,3204.5088223767802
forecast_1641,2025-03-10 09:00:00,4349.594962728643,3890.3499767443045,2428.7319469620634
forecast_1642,2025-03-10 10:00:00,3754.2737667154606,3693.5013452828957,2161.650840607652
forecast_1643,2025-03-10 11:00:00,3088.0180436166875,3443.6887818033333,2117.6362336970647
forecast_1644,2025-03-10 12:00:00,2411.6375479121316,2951.1988377107004,1832.6381207173613
forecast_1645,2025-03-10 13:00:00,3194.568888849,3313.659756946193,2901.5430790992755
forecast_1646,2025-03-10 14:00:00,4699.452691579402,5595.533201509051,3955.626152550131
forecast_1647,2025-03-10 15:00:00,5298.1471935320915,6127.156317971942,4478.238393845261
forecast_1648,2025-03-10 16:00:00,5583.729053486692,6363.544581227182,4753.5970710793645
forecast_1649,2025-03-10 17:00:00,6086.543336280976,6774.819235259761,5064.43750063415
forecast_1650,2025-03-10 18:00:00,5926.176971006182,7019.692315806209,5134.226390324661
forecast_1651,2025-03-10 19:00:00,6008.168338401924,6611.479229241921,5476.405452987857
forecast_1652,2025-03-10 20:00:00,7174.162493055028,8378.653301835137,5953.633664734114
forecast_1653,2025-03-10 21:00:00,8641.902680157185,10205.94838449388,8198.0300592755
forecast_1654,2025-03-10 22:00:00,12118.053838063157,13767.255764223008,10780.089288874853
forecast_1655,2025-03-10 23:00:00,13046.215050196892,14351.104402340792,12722.38820231463
forecast_1656,2025-03-11 00:00:00,15970.487503847042,16789.704286449076,14744.416714863495
forecast_1657,2025-03-11 01:00:00,14777.7454931081,15777.08343613375,13242.824260371104
forecast_1658,2025-03-11 02:00:00,15589.309969098287,16426.56754951784,13356.171165315674
forecast_1659,2025-03-11 03:00:00,15843.135435649563,16721.0949247991,13831.000328492379
forecast_1660,2025-03-11 04:00:00,17099.962126977553,17464.39531895129,14556.406098105019
forecast_1661,2025-03-11 05:00:00,17427.527759647557,16783.046685583984,13714.310665415436
forecast_1662,2025-03-11 06:00:00,16089.877064802853,14939.801072308377,12522.708051440417
forecast_1663,2025-03-11 07:00:00,13323.518365619897,12608.512720260152,9285.612271829228
forecast_1664,2025-03-11 08:00:00,9075.072620632205,8019.5212504522215,5589.574831691874
forecast_1665,2025-03-11 09:00:00,4720.431554107751,3410.630685643825,2386.228951470602
forecast_1666,2025-03-11 10:00:00,2790.9303984957874,1592.6129459823997,1302.9060539519946
forecast_1667,2025-03-11 11:00:00,1759.7438604671345,1332.6571991627375,984.4348407813582
forecast_1668,2025-03-11 12:00:00,1588.1721290371286,1321.7916312466946,1183.2590885535906
forecast_1669,2025-03-11 13:00:00,994.407627517044,927.1095951874771,947.0079382150623
forecast_1670,2025-03-11 14:00:00,926.5088649830557,911.3839127190715,916.683689366035
forecast_1671,2025-03-11 15:00:00,1123.4066502712594,1262.455684353122,1072.1638306523644
forecast_1672,2025-03-11 16:00:00,1268.0122202023183,1342.8139264762062,1171.5444255694415
forecast_1673,2025-03-11 17:00:00,1818.0762353039433,1801.7210075448095,1442.8866651036749
forecast_1674,2025-03-11 18:00:00,3920.0187487263747,4210.0946720199345,2841.31567033584
forecast_1675,2025-03-11 19:00:00,4650.171327660767,4652.6707484892795,2908.8442880565303
forecast_1676,2025-03-11 20:00:00,4086.331589801453,4523.214364651713,2734.2333757453016
forecast_1677,2025-03-11 21:00:00,6889.307565091042,7435.9096736707515,4472.973859673774
forecast_1678,2025-03-11 22:00:00,7471.32629575955,7813.508694587849,4871.318865835283
forecast_1679,2025-03-11 23:00:00,13703.368740416638,14950.607525545647,12409.957700074936
forecast_1680,2025-03-12 00:00:00,15079.77089080148,17053.573118923356,14296.986722575175
forecast_1681,2025-03-12 01:00:00,11528.524260819599,13137.70671782717,8947.918079820914
forecast_1682,2025-03-12 02:00:00,12264.90344486209,13888.021612630091,10088.32220408979
forecast_1683,2025-03-12 03:00:00,10300.669969308989,11266.602036088218,6772.648214509402
forecast_1684,2025-03-12 04:00:00,11705.47266114676,13138.341877720166,9863.606452339012
forecast_1685,2025-03-12 05:00:00,13360.31650189936,15522.165571374495,12989.952691261567
forecast_1686,2025-03-12 06:00:00,15254.786431264005,16509.333998360657,13890.889140958507
forecast_1687,2025-03-12 07:00:00,16135.925284640809,17387.629184843303,13947.278835820387
forecast_1688,2025-03-12 08:00:00,15434.655939468194,16410.134576408618,13670.62308751309
forecast_1689,2025-03-12 09:00:00,15852.778966545402,16919.253639713086,14110.50730963904
forecast_1690,2025-03-12 10:00:00,15675.460349342435,16183.991545362727,14673.787674306885
forecast_1691,2025-03-12 11:00:00,14923.463564028101,15245.135952755702,14275.338547582092
forecast_1692,2025-03-12 12:00:00,15099.427183626027,15205.414882482832,14245.442970963843
forecast_1693,2025-03-12 13:00:00,15218.555723290343,15268.57131746859,14279.507158081438
forecast_1694,2025-03-12 14:00:00,16031.060843862002,16828.5728076056,15227.3127593777
forecast_1695,2025-03-12 15:00:00,16445.08039603281,17487.414622053726,15554.804212759105
forecast_1696,2025-03-12 16:00:00,17195.20626073052,18234.45772220688,16045.513285867442
forecast_1697,2025-03-12 17:00:00,17668.77849468447,18442.87729325071,16659.289867661344
forecast_1698,2025-03-12 18:00:00,17237.257713221075,17785.395888092626,14438.417739105884
forecast_1699,2025-03-12 19:00:00,16789.836001726544,17359.917201824854,14479.313059245838
forecast_1700,2025-03-12 20:00:00,15052.534091184561,15291.803047679428,13684.561219597213
forecast_1701,2025-03-12 21:00:00,14140.878672816518,14965.862742110463,13202.79940864191
forecast_1702,2025-03-12 22:00:00,13480.579892711692,14142.426878111706,12161.798318753743
forecast_1703,2025-03-12 23:00:00,11734.316402520935,11673.1608961786,10215.42179147005
forecast_1704,2025-03-13 00:00:00,11202.26560271648,10895.685410033766,9254.666777091003
forecast_1705,2025-03-13 01:00:00,9210.961488814042,10398.375605932006,7700.6827930770605
forecast_1706,2025-03-13 02:00:00,9462.316580912599,10872.200015134073,8457.321162507658
forecast_1707,2025-03-13 03:00:00,10113.32107775603,10940.159521860516,8234.5816933896
forecast_1708,2025-03-13 04:00:00,10133.833742229346,10863.652814500445,8069.28826691808
forecast_1709,2025-03-13 05:00:00,9948.779825268397,12336.270515852228,8072.811403240183
forecast_1710,2025-03-13 06:00:00,10557.635736086317,12175.198671994014,7851.3816501908195
forecast_1711,2025-03-13 07:00:00,8823.444260100763,10066.03451456788,6719.907587128663
forecast_1712,2025-03-13 08:00:00,9145.187108713228,10061.097059009098,5695.422636991732
forecast_1713,2025-03-13 09:00:00,9303.405858936309,9968.908738400825,6135.145617080634
forecast_1714,2025-03-13 10:00:00,7558.086244076109,7677.56086316246,5017.3037692840635
forecast_1715,2025-03-13 11:00:00,3911.135868960377,3469.7268437046555,2840.4453438861865
forecast_1716,2025-03-13 12:00:00,3061.3329278097362,2575.9007706940324,2594.0698331630006
forecast_1717,2025-03-13 13:00:00,2736.4532174294004,2008.9640411005626,1979.3498184815342
forecast_1718,2025-03-13 14:00:00,1945.0227837669918,1549.966441475925,1352.0830899233601
forecast_1719,2025-03-13 15:00:00,1321.3720858672,1121.231649797204,978.178747134982
forecast_1720,2025-03-13 16:00:00,951.9429713464585,803.573142212423,744.2752325153295
forecast_1721,2025-03-13 17:00:00,636.7064237324322,538.6035798765075,433.07076428185275
forecast_1722,2025-03-13 18:00:00,1582.496487607742,1275.040099866641,917.3874586134534
forecast_1723,2025-03-13 19:00:00,2785.5084310930306,2600.646194880355,1896.9186105143704
forecast_1724,2025-03-13 20:00:00,3463.3904883078562,3360.499340404404,2215.766490208878
forecast_1725,2025-03-13 21:00:00,3375.082178860423,3361.3634387990323,1953.829990309227
forecast_1726,2025-03-13 22:00:00,4063.251592671211,4037.642437050417,2765.98188085059
forecast_1727,2025-03-13 23:00:00,4638.700483603253,4004.2331050599373,2709.3785509282156
forecast_1728,2025-03-14 00:00:00,3825.6281515161822,3557.4338680879473,2491.908735275641
forecast_1729,2025-03-14 01:00:00,3009.372495738179,2077.4023123098527,2195.136803924671
forecast_1730,2025-03-14 02:00:00,1959.113408379858,1608.608953513153,1238.9323227985974
forecast_1731,2025-03-14 03:00:00,1817.1150907250142,1691.8577128133722,1107.0912032216804
forecast_1732,2025-03-14 04:00:00,1201.1606852288319,1318.5938417757463,740.4827404204544
forecast_1733,2025-03-14 05:00:00,1232.9765555021474,1206.1217993550833,538.1942024488571
forecast_1734,2025-03-14 06:00:00,1358.227886217698,1234.7194792700682,531.1054822991133
forecast_1735,2025-03-14 07:00:00,1171.58718100117,1094.6408405807845,438.6517588920979
forecast_1736,2025-03-14 08:00:00,1245.8677068408736,1250.7326679446076,455.5893706471861
forecast_1737,2025-03-14 09:00:00,905.3063956907932,1011.8283431278353,459.02064813209853
forecast_1738,2025-03-14 10:00:00,447.87204469647264,561.1341009679326,515.6826117871594
forecast_1739,2025-03-14 11:00:00,387.42400463751983,554.2392259468876,727.4621954370328
forecast_1740,2025-03-14 12:00:00,562.7125445453478,812.6872949298332,801.6889532951794
forecast_1741,2025-03-14 13:00:00,787.6674028080723,1141.7093827371464,784.088365922716
forecast_1742,2025-03-14 14:00:00,1116.6094116809727,1334.0101954654663,1126.6855154130656
forecast_1743,2025-03-14 15:00:00,977.3375367046332,1207.5631839161229,1061.2626442648605
forecast_1744,2025-03-14 16:00:00,994.1644499252026,1245.650389780999,939.4821317231965
forecast_1745,2025-03-14 17:00:00,1125.4599137369926,1181.1238217927562,1025.3912412725817
forecast_1746,2025-03-14 18:00:00,1069.2464574454773,1011.2385815420845,681.936913358993
forecast_1747,2025-03-14 19:00:00,1250.1705806956545,1132.3635256104537,633.4520259459634
forecast_1748,2025-03-14 20:00:00,1448.965690386518,1435.4378441467254,698.7980936832995
forecast_1749,2025-03-14 21:00:00,1531.359406127959,1357.1949424684199,532.9660364685174
forecast_1750,2025-03-14 22:00:00,2046.3026590095192,1761.027746576256,780.2048014729061
forecast_1751,2025-03-14 23:00:00,2609.5380458147306,2156.2055129722685,1120.4581729785375
forecast_1752,2025-03-15 00:00:00,3389.4729885224087,2894.282724310671,1611.4723990987711
forecast_1753,2025-03-15 01:00:00,4144.782450169889,3329.876785702711,1935.6213110912918
forecast_1754,2025-03-15 02:00:00,3395.0293502894942,3015.473770148021,1379.6189507422155
forecast_1755,2025-03-15 03:00:00,3125.3689358437437,2677.5921397276998,1182.6071857380298
forecast_1756,2025-03-15 04:00:00,2663.515333336703,2490.6648181664555,1122.2145381506598
forecast_1757,2025-03-15 05:00:00,2696.5165082561007,2351.898890978441,1237.6142565970995
forecast_1758,2025-03-15 06:00:00,2798.607576774116,2311.8506006187163,1146.2344725040052
forecast_1759,2025-03-15 07:00:00,2570.009600833443,2452.1937623649906,1399.4305257119097
forecast_1760,2025-03-15 08:00:00,2870.4689648227654,2406.724499054917,1561.3147849680888
forecast_1761,2025-03-15 09:00:00,2249.006122790465,2087.9082073222653,1703.7750456738677
forecast_1762,2025-03-15 10:00:00,2542.9606686906727,2734.6040313828207,1997.0966227787333
forecast_1763,2025-03-15 11:00:00,2452.1350208813906,3181.7528041519768,2477.272008253558
forecast_1764,2025-03-15 12:00:00,2377.2532751730137,2835.0477197927703,2323.6457724381175
forecast_1765,2025-03-15 13:00:00,2269.5005533709245,3037.6575334364265,2369.028262348548
forecast_1766,2025-03-15 14:00:00,2067.4527205404975,2464.6865877085756,2422.9079623023995
forecast_1767,2025-03-15 15:00:00,1443.715608953799,1569.89943448187,1456.2866961007046
forecast_1768,2025-03-15 16:00:00,1282.51813227201,1262.6721856668155,1375.9259599541112
forecast_1769,2025-03-15 17:00:00,1226.9025832551497,1106.7429647677516,1141.241807188342
forecast_1770,2025-03-15 18:00:00,1175.7631739124743,1065.3414298728524,1077.2265956383578
forecast_1771,2025-03-15 19:00:00,1205.5259388754594,947.8175102632064,926.0507959272404
forecast_1772,2025-03-15 20:00:00,1238.088141703541,1077.4398245122882,986.9321598442771
forecast_1773,2025-03-15 21:00:00,1461.3710775794245,1248.1064029075967,1165.42855235016
forecast_1774,2025-03-15 22:00:00,1386.4973670360584,1274.9210011548485,1120.0152021680155
forecast_1775,2025-03-15 23:00:00,1307.7058900120558,1178.0513488361469,997.579460406656
forecast_1776,2025-03-16 00:00:00,1351.8174917147023,1373.4527782519506,917.3051946864583
forecast_1777,2025-03-16 01:00:00,1062.1736540782,1261.6636705405588,605.9976997867484
forecast_1778,2025-03-16 02:00:00,1086.6099055108164,1136.0023082062726,853.9914148858984
forecast_1779,2025-03-16 03:00:00,1005.9808704283045,1076.679745625909,769.4451088342207
forecast_1780,2025-03-16 04:00:00,972.4148730250166,914.1390745641754,647.725450232192
forecast_1781,2025-03-16 05:00:00,828.1110307267655,835.6018229335813,497.41507247087617
forecast_1782,2025-03-16 06:00:00,860.7943640968629,862.5039902064852,519.6038956354109
forecast_1783,2025-03-16 07:00:00,912.2607611422955,884.8452797554314,545.0681331271996
forecast_1784,2025-03-16 08:00:00,1105.799511032642,916.7484219297855,572.1394913576639
forecast_1785,2025-03-16 09:00:00,897.4456554056845,808.2242489354143,560.0470732683482
forecast_1786,2025-03-16 10:00:00,1041.780845866463,768.1993658387146,696.2444593560398
forecast_1787,2025-03-16 11:00:00,1012.4601081201806,816.4959512255386,760.6605536425712
forecast_1788,2025-03-16 12:00:00,1054.7869283171256,817.3204713482598,841.0479068438736
forecast_1789,2025-03-16 13:00:00,1376.6770952877373,1287.422552486488,1038.384855165748
forecast_1790,2025-03-16 14:00:00,2488.3456256174595,2761.957159318835,2000.5060583239524
forecast_1791,2025-03-16 15:00:00,4755.1080004218775,4990.884378881954,5067.458959565619
forecast_1792,2025-03-16 16:00:00,6886.683440460899,9102.735973395784,7347.616784423274
forecast_1793,2025-03-16 17:00:00,8873.35186023574,9793.249166829737,8612.69454169617
forecast_1794,2025-03-16 18:00:00,8751.8509510117,9833.936823459635,8766.719004320104
forecast_1795,2025-03-16 19:00:00,9064.498663476681,9874.962659383424,8272.211483407153
forecast_1796,2025-03-16 20:00:00,11099.832113696744,11343.630870127914,9548.654815032089
forecast_1797,2025-03-16 21:00:00,12332.69969330105,11810.853500165129,10591.576865696714
forecast_1798,2025-03-16 22:00:00,11408.998055086813,11397.986089078098,10229.235797044768
forecast_1799,2025-03-16 23:00:00,9305.04631395719,9343.422895053855,7387.247261449313
forecast_1800,2025-03-17 00:00:00,4878.775723039305,5516.343043461008,3426.779337894933
forecast_1801,2025-03-17 01:00:00,11957.898721793312,13471.641754003798,10240.359685553214
forecast_1802,2025-03-17 02:00:00,10154.726225876588,10037.559459342967,7920.625845194347
forecast_1803,2025-03-17 03:00:00,6559.025856443358,6594.347711642634,5895.684755364419
forecast_1804,2025-03-17 04:00:00,6851.829444990359,7304.726676291777,5312.919080418863
forecast_1805,2025-03-17 05:00:00,7252.351899180831,8008.797935487201,5842.8270565037865
forecast_1806,2025-03-17 06:00:00,4393.22156530069,5322.6135473073455,3276.362908381531
forecast_1807,2025-03-17 07:00:00,3484.7271514704144,3310.3009827115657,1770.5273597610342
forecast_1808,2025-03-17 08:00:00,3371.8933165764092,2968.6914427772726,1620.9562038239706
forecast_1809,2025-03-17 09:00:00,3070.5942616511293,2591.666929737767,1404.4607977810585
forecast_1810,2025-03-17 10:00:00,3954.8595793350974,3124.8814122626477,2381.6542189238903
forecast_1811,2025-03-17 11:00:00,3710.4028847359577,3954.2387767869513,2753.7112888366555
forecast_1812,2025-03-17 12:00:00,4490.506616056981,5129.686190561715,4185.573745148608
forecast_1813,2025-03-17 13:00:00,6242.27242216402,6971.965641371846,6668.517463987696
forecast_1814,2025-03-17 14:00:00,8759.73184919947,8707.632395179618,8808.396690900874
forecast_1815,2025-03-17 15:00:00,10477.921218509444,10188.282554828244,9784.989067135408
forecast_1816,2025-03-17 16:00:00,10570.609442117311,10278.450267813867,9801.16560048617
forecast_1817,2025-03-17 17:00:00,9580.058703458135,9615.737596975961,9141.05665705586
forecast_1818,2025-03-17 18:00:00,9063.925104272517,10076.081309186784,8409.513357914706
forecast_1819,2025-03-17 19:00:00,9899.776575253318,11214.656418253482,8992.979923481977
forecast_1820,2025-03-17 20:00:00,9755.883168988516,11506.133544319802,9751.603217154485
forecast_1821,2025-03-17 21:00:00,11953.427361358677,12467.206186514526,11129.414222849637
forecast_1822,2025-03-17 22:00:00,12776.277278583288,12403.933172508085,11108.9132557827
forecast_1823,2025-03-17 23:00:00,9010.410656554488,10124.414210942707,7258.350812076378
forecast_1824,2025-03-18 00:00:00,7270.886302191571,8373.986870859908,5527.56960782588
forecast_1825,2025-03-18 01:00:00,5043.155752571215,6550.662255485766,3955.5256396176937
forecast_1826,2025-03-18 02:00:00,3960.1985981986018,5523.071056486724,2932.4269289560198
forecast_1827,2025-03-18 03:00:00,2822.1657151673544,2990.484045167357,1651.8239508937863
forecast_1828,2025-03-18 04:00:00,2872.0874829392997,3095.909827435411,1832.2013783216614
forecast_1829,2025-03-18 05:00:00,3318.591182564204,3574.5030249720207,2059.6490623332384
forecast_1830,2025-03-18 06:00:00,2266.5746479429686,2914.0576098084516,1239.1226040389092
forecast_1831,2025-03-18 07:00:00,1480.4012305160743,1465.2561176412526,744.7236932062391
forecast_1832,2025-03-18 08:00:00,1569.3376478932466,1607.8040434145619,627.109890699745
forecast_1833,2025-03-18 09:00:00,2023.9160343698502,2248.566488725475,1172.0766549261657
forecast_1834,2025-03-18 10:00:00,2296.9694986237673,2423.2550784804175,1323.1430016592215
forecast_1835,2025-03-18 11:00:00,697.3849116839534,781.8471387797052,834.7890486933134
forecast_1836,2025-03-18 12:00:00,812.2467815287872,1050.1924694900708,1041.1898770652526
forecast_1837,2025-03-18 13:00:00,1713.191836612535,1767.8566636979833,1035.4695144329717
forecast_1838,2025-03-18 14:00:00,3273.512965943192,3180.561628425228,1895.6666163388174
forecast_1839,2025-03-18 15:00:00,5420.268979279621,5293.406966812705,3005.815305899849
forecast_1840,2025-03-18 16:00:00,8183.199212513616,8175.731759507527,5859.576552610889
forecast_1841,2025-03-18 17:00:00,10386.664077322797,10839.218089551177,8541.58894207147
forecast_1842,2025-03-18 18:00:00,11244.49950724553,11698.765735057123,9591.006302027065
forecast_1843,2025-03-18 19:00:00,11073.710836827331,10999.145986177109,9384.446245251589
forecast_1844,2025-03-18 20:00:00,10384.946330660872,10891.77861711011,8919.644881799455
forecast_1845,2025-03-18 21:00:00,9285.94689607005,9585.374843804571,7836.455483838869
forecast_1846,2025-03-18 22:00:00,5819.487588027831,5732.389624473516,5152.956113235118
forecast_1847,2025-03-18 23:00:00,3050.298543533861,3280.799453121423,1934.4204040619159
forecast_1848,2025-03-19 00:00:00,2492.66513068067,2884.3429551164763,1503.6916144059749
forecast_1849,2025-03-19 01:00:00,3090.9154512640007,2233.3698078063653,1418.6676473785585
forecast_1850,2025-03-19 02:00:00,2865.266400008399,2038.2430287125746,1429.4358495672689
forecast_1851,2025-03-19 03:00:00,2566.52033275227,1947.2933353322092,1412.2006108243706
forecast_1852,2025-03-19 04:00:00,2329.6636892223464,1655.8495688356456,1367.327244949032
forecast_1853,2025-03-19 05:00:00,2399.6513779265356,1722.1518661796067,1416.1534816185126
forecast_1854,2025-03-19 06:00:00,1998.8698413766058,1856.751759946091,1598.3358234883608
forecast_1855,2025-03-19 07:00:00,2347.3905430027107,2584.560282364908,1816.23620535986
forecast_1856,2025-03-19 08:00:00,3289.214854017322,3824.987593703811,2533.833321237835
forecast_1857,2025-03-19 09:00:00,4291.742459884895,4830.183152065048,3284.9261283613355
forecast_1858,2025-03-19 10:00:00,6018.532092503946,6851.668506712002,5106.521315858379
forecast_1859,2025-03-19 11:00:00,6185.945484928185,7653.685263754295,6923.541424752708
forecast_1860,2025-03-19 12:00:00,6576.507908420603,7771.152285023506,6959.214361294263
forecast_1861,2025-03-19 13:00:00,7194.589365620509,8086.468450002765,7852.400266062246
forecast_1862,2025-03-19 14:00:00,8049.69299972321,8562.73147852966,8233.753115616573
forecast_1863,2025-03-19 15:00:00,9481.168993167386,9800.010545197445,9185.246343863246
forecast_1864,2025-03-19 16:00:00,9311.15293308423,10103.47252790348,9312.844264004842
forecast_1865,2025-03-19 17:00:00,8999.780251008302,9403.700723284423,8731.662735366119
forecast_1866,2025-03-19 18:00:00,10337.899853293482,10362.918872239856,9166.418167625554
forecast_1867,2025-03-19 19:00:00,11763.904448905,12210.909435791069,10001.259603414055
forecast_1868,2025-03-19 20:00:00,13636.057836176606,13847.737130081767,11521.724660584887
forecast_1869,2025-03-19 21:00:00,12809.207273994847,13816.949640422165,11980.803387707976
forecast_1870,2025-03-19 22:00:00,12516.957213509804,14728.696578441884,12217.720374564837
forecast_1871,2025-03-19 23:00:00,12763.730834660182,14550.134213783826,11948.662508773914
forecast_1872,2025-03-20 00:00:00,14130.038829526695,16095.14817304615,13061.899704753896
forecast_1873,2025-03-20 01:00:00,14203.762830252217,16088.205165302836,12768.763666860481
forecast_1874,2025-03-20 02:00:00,15573.127532098033,16799.52514394046,13623.126129777691
forecast_1875,2025-03-20 03:00:00,16028.34424960947,17064.752354433014,13762.4442767019
forecast_1876,2025-03-20 04:00:00,16449.487403619256,17123.3144822864,14180.119445356226
forecast_1877,2025-03-20 05:00:00,16658.06374966615,17355.797091454642,14228.062026362662
forecast_1878,2025-03-20 06:00:00,16896.30821744032,17708.02195748465,15197.319818760756
forecast_1879,2025-03-20 07:00:00,17038.687767762065,18019.978856024834,15840.307701139767
forecast_1880,2025-03-20 08:00:00,16702.295127566806,17410.681658095484,15456.685449798055
forecast_1881,2025-03-20 09:00:00,14915.47831154238,15480.429433624186,14871.479995735623
forecast_1882,2025-03-20 10:00:00,13622.448693800648,14081.400362614011,14292.338826950208
forecast_1883,2025-03-20 11:00:00,13835.442774423127,14084.149033097161,14093.61240375559
forecast_1884,2025-03-20 12:00:00,15107.765877772239,14827.75131628312,14322.422495652954
forecast_1885,2025-03-20 13:00:00,15265.140516651607,15284.061589684723,14834.26094969256
forecast_1886,2025-03-20 14:00:00,15548.4760632602,16016.304631120982,14996.917690543092
forecast_1887,2025-03-20 15:00:00,15509.445432903041,15989.182333554623,15147.079647319324
forecast_1888,2025-03-20 16:00:00,15884.240765794304,16455.78339568733,15337.30364658656
forecast_1889,2025-03-20 17:00:00,16329.54693072599,16587.52631352774,15490.151203176434
forecast_1890,2025-03-20 18:00:00,16431.67610272883,16995.534172444917,16198.119754022675
forecast_1891,2025-03-20 19:00:00,17241.060175394497,17925.530303337684,16443.17600724067
forecast_1892,2025-03-20 20:00:00,17661.31071966932,18305.107899307448,16246.458829849405
forecast_1893,2025-03-20 21:00:00,17723.486063634708,18475.430063754153,16351.615436036984
forecast_1894,2025-03-20 22:00:00,18179.590326725436,18823.372657850694,16934.076027909912
forecast_1895,2025-03-20 23:00:00,18090.96343254378,19012.39397484522,16600.008128216043
forecast_1896,2025-03-21 00:00:00,17919.224743452913,18815.685197147704,15574.434759417722
forecast_1897,2025-03-21 01:00:00,15917.202732532958,16457.00600085526,15295.597888361894
forecast_1898,2025-03-21 02:00:00,17682.644473107353,18339.815738917456,16056.242918137099
forecast_1899,2025-03-21 03:00:00,18004.939339265977,18640.240310693895,16473.504948705846
forecast_1900,2025-03-21 04:00:00,18189.671204645943,18668.316869922703,16192.992555727158
forecast_1901,2025-03-21 05:00:00,17804.052066909575,18461.326408484903,16110.722044192577
forecast_1902,2025-03-21 06:00:00,18031.305783842385,18341.8791673649,15878.54833842979
forecast_1903,2025-03-21 07:00:00,18077.255499574,18079.54260061739,15564.748698810323
forecast_1904,2025-03-21 08:00:00,17843.556587260424,17926.44972577898,15474.030967896299
forecast_1905,2025-03-21 09:00:00,16945.48234500216,17759.386218042044,15385.44726099069
forecast_1906,2025-03-21 10:00:00,16818.247452652977,17823.690144350225,15485.168620534701
forecast_1907,2025-03-21 11:00:00,16704.920625124905,17607.07724534499,15303.3721349326
forecast_1908,2025-03-21 12:00:00,16302.719638338782,17142.065415090976,14992.669848372774
forecast_1909,2025-03-21 13:00:00,16288.285570336127,17482.04900567373,14756.335726346873
forecast_1910,2025-03-21 14:00:00,16378.576334286689,17626.34576433699,13830.700270638516
forecast_1911,2025-03-21 15:00:00,15716.57158332539,16659.601103311248,13055.177550809185
forecast_1912,2025-03-21 16:00:00,15644.549632850345,16718.942432439413,12904.515461649606
forecast_1913,2025-03-21 17:00:00,15909.13640365528,17089.498487922516,13542.540148732594
forecast_1914,2025-03-21 18:00:00,16725.995174590105,17695.84468111456,14013.986117161747
forecast_1915,2025-03-21 19:00:00,16938.604562287936,18154.703370825355,14942.883058060754
forecast_1916,2025-03-21 20:00:00,16808.662670680747,18169.768439882402,15039.071906680689
forecast_1917,2025-03-21 21:00:00,16807.36456016078,18023.67622636852,15592.210716303032
forecast_1918,2025-03-21 22:00:00,16617.224070453514,16997.241419360424,15611.982445422127
forecast_1919,2025-03-21 23:00:00,17214.522241035986,18019.45710108782,15806.74147889966
forecast_1920,2025-03-22 00:00:00,17014.20874173876,17805.48010447842,14961.61192453438
forecast_1921,2025-03-22 01:00:00,17786.861310060955,18375.957029249887,15301.57131657292
forecast_1922,2025-03-22 02:00:00,17975.790415012634,18576.778299924285,15552.771291931858
forecast_1923,2025-03-22 03:00:00,17869.723230046005,18557.40020753756,15005.237438833046
forecast_1924,2025-03-22 04:00:00,18219.49292136361,18733.983270378823,15501.94005983955
forecast_1925,2025-03-22 05:00:00,18209.661913583044,18643.965750298812,15735.694118656998
forecast_1926,2025-03-22 06:00:00,18260.04466245256,18582.560764730035,15614.208596713062
forecast_1927,2025-03-22 07:00:00,17854.719601818248,18102.64415854971,15537.510663903073
forecast_1928,2025-03-22 08:00:00,17458.244177029363,18250.77863566095,15458.73708459128
forecast_1929,2025-03-22 09:00:00,16783.53756344081,17966.695621207422,15112.96576439986
forecast_1930,2025-03-22 10:00:00,16279.213529986924,17718.274884509432,14482.979302208569
forecast_1931,2025-03-22 11:00:00,16237.818632274837,17918.28352468729,14149.52340487886
forecast_1932,2025-03-22 12:00:00,16034.803211154784,17698.38520153892,14048.783345953085
forecast_1933,2025-03-22 13:00:00,16111.949690311028,17455.522667554516,13895.01078318407
forecast_1934,2025-03-22 14:00:00,16026.908330474165,17324.171981641004,13941.569192385237
forecast_1935,2025-03-22 15:00:00,15929.670802759214,17207.62625402215,14265.752138662816
forecast_1936,2025-03-22 16:00:00,15650.211108943495,16984.556430888802,14069.274308549278
forecast_1937,2025-03-22 17:00:00,15196.007318909124,16079.583913990471,12549.193958387557
forecast_1938,2025-03-22 18:00:00,15269.48633266487,16094.781729057053,12972.207263272652
forecast_1939,2025-03-22 19:00:00,15653.710801644342,16992.312659374817,13567.494306202403
forecast_1940,2025-03-22 20:00:00,16398.37723056502,17734.648243869327,14569.94253205736
forecast_1941,2025-03-22 21:00:00,16611.009993273125,17076.39327964043,14889.940467656617
forecast_1942,2025-03-22 22:00:00,17126.691982647702,17344.954920563785,14305.835315238939
forecast_1943,2025-03-22 23:00:00,16189.250691503832,16232.547479892835,13980.365710370477
forecast_1944,2025-03-23 00:00:00,15714.570080842655,16845.92933155749,14346.109003320495
forecast_1945,2025-03-23 01:00:00,16480.120254617323,16992.06465333096,14549.773679390983
forecast_1946,2025-03-23 02:00:00,15672.76833186865,16199.566608429606,14195.721535525176
forecast_1947,2025-03-23 03:00:00,15960.55851364152,16477.10694328901,14640.31048990274
forecast_1948,2025-03-23 04:00:00,16296.406420361986,16630.099158316265,14615.42506062836
forecast_1949,2025-03-23 05:00:00,12540.95793228297,13671.213271186296,11628.671366529541
forecast_1950,2025-03-23 06:00:00,11450.297455236221,12245.636230862603,10164.773396375962
forecast_1951,2025-03-23 07:00:00,8610.710037536564,9320.854880497494,6758.4605790887335
forecast_1952,2025-03-23 08:00:00,5921.619398441451,5589.9891367049195,3575.2205523699226
forecast_1953,2025-03-23 09:00:00,2611.475530337177,2527.641620627568,1287.535944215193
forecast_1954,2025-03-23 10:00:00,1211.5814193166811,1295.0137786749772,876.7180610079223
forecast_1955,2025-03-23 11:00:00,648.9153274763469,769.6649414034416,469.40109028903385
forecast_1956,2025-03-23 12:00:00,453.9486330881134,497.80807146705854,335.752282408506
forecast_1957,2025-03-23 13:00:00,660.1398680335344,686.197180096928,439.31471791685414
forecast_1958,2025-03-23 14:00:00,862.7446362057876,959.0127916353482,720.3703940125433
forecast_1959,2025-03-23 15:00:00,1816.1759161726934,2340.6520931408345,1307.8881346071275
forecast_1960,2025-03-23 16:00:00,2637.9782555712163,3659.8908828732065,2155.4870446076297
forecast_1961,2025-03-23 17:00:00,2925.028994647744,4662.850218256054,2828.049309540713
forecast_1962,2025-03-23 18:00:00,2295.1183900196984,4236.816726376268,2341.124330474185
forecast_1963,2025-03-23 19:00:00,3426.4165053269967,5404.365221677231,2570.1061773975757
forecast_1964,2025-03-23 20:00:00,5075.200781000907,7465.805745957029,3802.6440521798795
forecast_1965,2025-03-23 21:00:00,7128.765469670231,9446.977905433883,5303.28919391885
forecast_1966,2025-03-23 22:00:00,7653.608635745547,9992.713068271825,5967.4061456908585
forecast_1967,2025-03-23 23:00:00,10461.353377072215,13223.41764394455,8437.397639839462
forecast_1968,2025-03-24 00:00:00,11189.55620068451,13355.776255933886,9150.59045182822
forecast_1969,2025-03-24 01:00:00,12128.263279477904,14274.22345916911,11039.251985659344
forecast_1970,2025-03-24 02:00:00,11199.987205907068,13321.521784637765,9114.327993130546
forecast_1971,2025-03-24 03:00:00,11366.288275301753,12980.319055676768,10656.091763406455
forecast_1972,2025-03-24 04:00:00,10439.81095752626,12434.159205673035,8860.351314296771
forecast_1973,2025-03-24 05:00:00,9706.607864171476,12040.032571855825,8984.25182022272
forecast_1974,2025-03-24 06:00:00,11751.611089827047,14120.357527768654,11398.52229507945
forecast_1975,2025-03-24 07:00:00,12609.254809230526,14226.856997878087,12069.625084640902
forecast_1976,2025-03-24 08:00:00,13295.546615195328,15058.676977883493,12348.253108168352
forecast_1977,2025-03-24 09:00:00,12764.351141750209,14412.810361529233,13039.082311141963
forecast_1978,2025-03-24 10:00:00,13634.007837510266,15018.957384086372,13878.444751490006
forecast_1979,2025-03-24 11:00:00,14770.164601948256,16780.623918737438,14962.10747109881
forecast_1980,2025-03-24 12:00:00,15756.907217121658,17155.62403475365,15206.458297834432
forecast_1981,2025-03-24 13:00:00,15796.025537734316,17334.69732358291,15223.311125349124
forecast_1982,2025-03-24 14:00:00,15072.183336954942,16641.149303703558,14865.588842906427
forecast_1983,2025-03-24 15:00:00,14039.099574294503,15843.23867442019,14123.4603360493
forecast_1984,2025-03-24 16:00:00,15174.170037124608,16148.430749205781,14350.68752338365
forecast_1985,2025-03-24 17:00:00,13903.440066555046,15460.786965426738,14234.55419883843
forecast_1986,2025-03-24 18:00:00,12222.517687128442,13396.844913664612,12711.39173050965
forecast_1987,2025-03-24 19:00:00,12984.220523734553,13870.702525236851,12641.06724152812
forecast_1988,2025-03-24 20:00:00,13487.695252253243,14708.881214112027,12220.67512427273
forecast_1989,2025-03-24 21:00:00,14466.3795717999,15689.304312638622,12972.406338727717
forecast_1990,2025-03-24 22:00:00,14966.697789451,15971.304126683714,13598.980301225376
forecast_1991,2025-03-24 23:00:00,15614.141330209479,16504.796792155343,14327.620159966587
forecast_1992,2025-03-25 00:00:00,15105.942194214987,16253.685857605054,13958.390159521978
forecast_1993,2025-03-25 01:00:00,16761.085411446304,16771.94692974054,14680.006734224653
forecast_1994,2025-03-25 02:00:00,16024.998639341926,16503.814096078615,13768.190245720038
forecast_1995,2025-03-25 03:00:00,15448.292282701354,15427.50032962634,13152.456225832791
forecast_1996,2025-03-25 04:00:00,10978.706027495276,11797.586214499343,8393.28183308031
forecast_1997,2025-03-25 05:00:00,7712.034197081832,8685.09985379983,5546.11361952649
forecast_1998,2025-03-25 06:00:00,6224.11110268642,7184.366708867949,4502.219280484999
forecast_1999,2025-03-25 07:00:00,5616.340357580967,7639.935684209588,4625.669572736931
forecast_2000,2025-03-25 08:00:00,6240.495885620395,7622.351588787523,4301.2973772456135
forecast_2001,2025-03-25 09:00:00,5863.115210972439,8445.110528206005,4149.558940367813
forecast_2002,2025-03-25 10:00:00,6264.359269637711,7916.713900521183,5882.889416524615
forecast_2003,2025-03-25 11:00:00,6920.862284710224,8203.490127289006,7777.64449144474
forecast_2004,2025-03-25 12:00:00,8419.930679690942,10529.249995499984,10065.503901986098
forecast_2005,2025-03-25 13:00:00,11907.904226003033,14523.150654659998,13260.799794147899
forecast_2006,2025-03-25 14:00:00,13602.165706313745,16433.31909437651,14735.759892188526
forecast_2007,2025-03-25 15:00:00,14463.579301080808,16904.27801760352,14834.994405137437
forecast_2008,2025-03-25 16:00:00,15103.512283260934,17266.162416514107,14118.91128203825
forecast_2009,2025-03-25 17:00:00,15834.740500943959,17655.25378496458,14315.373630908063
forecast_2010,2025-03-25 18:00:00,16675.342416520616,17893.4693753852,15610.362949251168
forecast_2011,2025-03-25 19:00:00,16138.359346896128,17623.899155021216,14196.19739196679
forecast_2012,2025-03-25 20:00:00,16262.175844662985,17472.915220913786,13731.499327196703
forecast_2013,2025-03-25 21:00:00,16364.460487706205,17871.58696863202,12635.294718682218
forecast_2014,2025-03-25 22:00:00,17266.025192941903,17863.094749096494,15147.647375153161
forecast_2015,2025-03-25 23:00:00,17420.635405916597,18409.262859527706,14744.12424438776
forecast_2016,2025-03-26 00:00:00,17357.49321694735,18138.375291227756,14577.839943969242
forecast_2017,2025-03-26 01:00:00,17076.32545306297,17845.691364519145,14444.78791315958
forecast_2018,2025-03-26 02:00:00,15697.939207453675,17120.2148843064,13588.41157366893
forecast_2019,2025-03-26 03:00:00,15090.917555834789,16159.879292847963,13821.307212694655
forecast_2020,2025-03-26 04:00:00,13591.251773866421,14515.515805328709,12070.803330704093
forecast_2021,2025-03-26 05:00:00,12935.868581578188,13657.865277984361,10505.041091422918
forecast_2022,2025-03-26 06:00:00,9326.59431348599,9249.526543577209,7185.063967343643
forecast_2023,2025-03-26 07:00:00,4747.0278747618295,4545.062001164744,3570.704804038963
forecast_2024,2025-03-26 08:00:00,3117.7004098934485,3437.7676215088986,2213.807507407348
forecast_2025,2025-03-26 09:00:00,2227.481550928673,2041.0777437461738,1215.9132461373324
forecast_2026,2025-03-26 10:00:00,783.8599057600131,835.0177055298658,664.3250290536702
forecast_2027,2025-03-26 11:00:00,621.9657763692379,906.3072803881175,648.1055612415361
forecast_2028,2025-03-26 12:00:00,980.1856886132293,1369.3836939192945,886.6186152316275
forecast_2029,2025-03-26 13:00:00,1687.530526934242,1820.551436670673,1134.119695820795
forecast_2030,2025-03-26 14:00:00,2771.274120697888,3184.7949187515696,2536.786221826585
forecast_2031,2025-03-26 15:00:00,3562.3417338307336,4435.275762298648,3445.2640194897567
forecast_2032,2025-03-26 16:00:00,3199.9436163668192,4392.4358050381,3119.1828917662037
forecast_2033,2025-03-26 17:00:00,3441.5049714902752,4910.2474671500095,3026.90498865639
forecast_2034,2025-03-26 18:00:00,3530.0928674806128,5391.032857877757,3039.321730296734
forecast_2035,2025-03-26 19:00:00,5937.92803803154,7806.704233383844,3942.9021865418886
forecast_2036,2025-03-26 20:00:00,6514.265346577861,8360.546194694465,4343.53983168533
forecast_2037,2025-03-26 21:00:00,6926.719029612249,8811.0616874225,4655.661820407125
forecast_2038,2025-03-26 22:00:00,7711.195035347912,9391.595700702073,5416.995152527507
forecast_2039,2025-03-26 23:00:00,9056.054544038065,11442.777992534722,7931.0638117672
forecast_2040,2025-03-27 00:00:00,12188.980014130108,14588.572931501662,12011.67365623737
forecast_2041,2025-03-27 01:00:00,13788.452879810202,15830.528447149536,12983.208190229194
forecast_2042,2025-03-27 02:00:00,14069.984637066877,16055.131065040636,13661.89210181185
forecast_2043,2025-03-27 03:00:00,14493.939225812272,16290.48673125299,14491.330837770804
forecast_2044,2025-03-27 04:00:00,14503.039114428113,16434.661784202897,14406.887780327374
forecast_2045,2025-03-27 05:00:00,13545.3442706342,14689.749309755145,12319.827085749634
forecast_2046,2025-03-27 06:00:00,11000.908140767564,11122.30027552442,9213.80174691154
forecast_2047,2025-03-27 07:00:00,10552.555563603433,12128.964676515663,8806.021462822584
forecast_2048,2025-03-27 08:00:00,11749.40743148817,12643.698293674643,10706.417818442149
forecast_2049,2025-03-27 09:00:00,11834.657830322323,13070.860259920904,10860.292620794184
forecast_2050,2025-03-27 10:00:00,9847.565565409841,11273.35555237552,7959.348325615094
forecast_2051,2025-03-27 11:00:00,10201.664898879195,11395.405887749366,8494.000157478422
forecast_2052,2025-03-27 12:00:00,9466.11709911646,9338.114877939142,7806.26064162947
forecast_2053,2025-03-27 13:00:00,8263.465811801849,8614.930065027207,7399.053753415726
forecast_2054,2025-03-27 14:00:00,9404.133713241463,9915.503628672564,7593.978379175352
forecast_2055,2025-03-27 15:00:00,9375.446060155513,9375.112722494176,7808.162944782262
forecast_2056,2025-03-27 16:00:00,7646.894917391694,8189.230441298366,6062.847701249779
forecast_2057,2025-03-27 17:00:00,8444.39996930134,8582.578796871872,5992.872376606634
forecast_2058,2025-03-27 18:00:00,8701.131304836785,8689.86795543115,6838.947604967059
forecast_2059,2025-03-27 19:00:00,8695.814086887516,8692.617863558316,5816.517826221977
forecast_2060,2025-03-27 20:00:00,9494.964500812821,9636.33901153991,7235.51903935342
forecast_2061,2025-03-27 21:00:00,10993.899724347506,11458.580821209729,9463.283688047237
forecast_2062,2025-03-27 22:00:00,12401.13814318097,11686.77482567977,9747.71181449526
forecast_2063,2025-03-27 23:00:00,9609.985278275186,10106.808049855654,7542.183457934953
forecast_2064,2025-03-28 00:00:00,9297.240603575543,9864.817702613518,7216.843117428247
forecast_2065,2025-03-28 01:00:00,4095.215770062511,4590.534287599524,3226.2869776845628
forecast_2066,2025-03-28 02:00:00,3396.400671308884,3624.3212591236966,2552.418109800312
forecast_2067,2025-03-28 03:00:00,2078.1531802284294,2352.6807602641343,1191.7786639412968
forecast_2068,2025-03-28 04:00:00,3155.4900318068476,2857.4110404297535,1650.6186846806845
forecast_2069,2025-03-28 05:00:00,1672.3220144469585,1489.4988587930025,909.9530288995626
forecast_2070,2025-03-28 06:00:00,1525.402061432642,1415.9868982348048,662.5222308418874
forecast_2071,2025-03-28 07:00:00,1508.1947023742264,1512.4361199691652,877.3907550177141
forecast_2072,2025-03-28 08:00:00,1276.5220287694344,1416.4311055728604,631.1334695180806
forecast_2073,2025-03-28 09:00:00,1624.3045766770606,1878.5989461864892,926.199666873588
forecast_2074,2025-03-28 10:00:00,1167.4357082124257,1567.3443347567852,1209.8835619984695
forecast_2075,2025-03-28 11:00:00,1436.8169220590646,1843.135156538737,1266.6268351293104
forecast_2076,2025-03-28 12:00:00,1543.6687964920588,1760.316501538129,1347.75470683385
forecast_2077,2025-03-28 13:00:00,2288.313340973243,2103.001585201733,1317.2624559498756
forecast_2078,2025-03-28 14:00:00,2358.5360443636605,2188.1127179520513,1290.8565768576386
forecast_2079,2025-03-28 15:00:00,2206.7652095477356,1917.0692541764795,1430.644517633898
forecast_2080,2025-03-28 16:00:00,2021.4716059375894,1574.7569380981156,1323.2992724370017
forecast_2081,2025-03-28 17:00:00,1326.7729560166442,1499.9877483072987,1001.3932733790515
forecast_2082,2025-03-28 18:00:00,1878.2520623216335,2360.0346979385167,1386.367913111802
forecast_2083,2025-03-28 19:00:00,2543.369219498491,2663.083821027912,1673.4686395803337
forecast_2084,2025-03-28 20:00:00,6153.652935795344,6692.263431897238,4902.354365197438
forecast_2085,2025-03-28 21:00:00,8579.168946989186,8954.201832548877,7200.853277485095
forecast_2086,2025-03-28 22:00:00,9585.239596855938,9605.874090323565,6327.385899398035
forecast_2087,2025-03-28 23:00:00,8539.537439188189,8478.511581960733,5079.111927597765
forecast_2088,2025-03-29 00:00:00,7914.910850600257,8399.25394147034,4748.82078209246
forecast_2089,2025-03-29 01:00:00,1399.7221419759253,1491.7012085287004,724.6918376339975
forecast_2090,2025-03-29 02:00:00,1176.7125319831002,1029.7871582147052,562.600500238849
forecast_2091,2025-03-29 03:00:00,1226.8104306755806,1195.241285174671,644.9472524516864
forecast_2092,2025-03-29 04:00:00,1575.8152559006098,1630.732935930146,1118.5964987077107
forecast_2093,2025-03-29 05:00:00,3766.9484913460124,4761.586568569301,3130.337994382347
forecast_2094,2025-03-29 06:00:00,7447.714689912564,8588.149553759193,5518.353421196463
forecast_2095,2025-03-29 07:00:00,8452.633345887867,9143.320763382428,6613.487478700178
forecast_2096,2025-03-29 08:00:00,9149.947740672409,10874.23378864643,7428.188868505122
forecast_2097,2025-03-29 09:00:00,8515.44084732777,10314.596710656568,7912.758465924318
forecast_2098,2025-03-29 10:00:00,9418.49884498329,10621.737486793938,8552.634794157077
forecast_2099,2025-03-29 11:00:00,10699.718580469564,11897.326197592261,10938.306467057002
forecast_2100,2025-03-29 12:00:00,12390.162770310737,11920.902087255015,12098.922517835597
forecast_2101,2025-03-29 13:00:00,12835.54048645092,12121.259918403863,12313.330999193982
forecast_2102,2025-03-29 14:00:00,12800.933146624253,13103.816114869782,12855.634942327566
forecast_2103,2025-03-29 15:00:00,13588.654911811296,13689.251575088561,13221.29179664897
forecast_2104,2025-03-29 16:00:00,14380.85256175261,13426.693898138388,12272.289662149471
forecast_2105,2025-03-29 17:00:00,13957.587235996238,13250.75270566802,11183.616765337192
forecast_2106,2025-03-29 18:00:00,13981.491627279482,13185.86047446899,10768.626453597006
forecast_2107,2025-03-29 19:00:00,13370.849062326528,12103.883440639303,9530.215832867918
forecast_2108,2025-03-29 20:00:00,13410.598071396265,12073.750508561317,9343.220042359613
forecast_2109,2025-03-29 21:00:00,13490.546725450693,12521.36445167842,9441.63201960538
forecast_2110,2025-03-29 22:00:00,13070.055840243382,12112.558742104267,9400.79134637669
forecast_2111,2025-03-29 23:00:00,12722.735398515844,11377.242696820795,8464.959050733578
forecast_2112,2025-03-30 00:00:00,12155.165330119975,11050.623653554512,8575.853079148364
forecast_2113,2025-03-30 01:00:00,12299.929648219048,11030.318110788121,8545.333971968812
forecast_2114,2025-03-30 02:00:00,12617.048082309135,11277.765261367093,8949.573130384111
forecast_2115,2025-03-30 03:00:00,12465.646554456316,10999.725329648882,8717.220775449701
forecast_2116,2025-03-30 04:00:00,11971.213210798067,10537.859049894592,9152.003544323332
forecast_2117,2025-03-30 05:00:00,11296.367639841443,10445.647644363382,9029.195131455517
forecast_2118,2025-03-30 06:00:00,12036.439269841187,10973.73871208733,9742.613028463771
forecast_2119,2025-03-30 07:00:00,11135.56255681109,9378.762896471619,9149.490896178198
forecast_2120,2025-03-30 08:00:00,9290.792756884073,7908.494838354226,7433.059334082077
forecast_2121,2025-03-30 09:00:00,8779.309028376052,8238.25095776869,6557.045681200742
forecast_2122,2025-03-30 10:00:00,8741.458882720272,7843.08816528293,6854.526493321653
forecast_2123,2025-03-30 11:00:00,9205.356354968557,8134.952101603401,7053.25417325719
forecast_2124,2025-03-30 12:00:00,9781.223233131943,8526.820946084204,8087.379155154068
forecast_2125,2025-03-30 13:00:00,10111.19744238588,9060.269652040703,8816.343402904167
forecast_2126,2025-03-30 14:00:00,10597.166039442776,9140.983052572812,8349.690933711125
forecast_2127,2025-03-30 15:00:00,9231.428864844305,8089.239431769264,7714.499219714551
forecast_2128,2025-03-30 16:00:00,7549.689657985556,6854.553178091781,6327.042980428116
forecast_2129,2025-03-30 17:00:00,7523.0063809926305,6880.7784712761495,6059.706408645189
forecast_2130,2025-03-30 18:00:00,7589.573404384111,6782.887782633937,5716.136164004304
forecast_2131,2025-03-30 19:00:00,7782.82209244611,7529.006596744788,6479.534485227678
forecast_2132,2025-03-30 20:00:00,7793.8571271771225,8269.476656899982,6338.521979340652
forecast_2133,2025-03-30 21:00:00,7841.628776811564,7645.051436307932,6678.291253465543
forecast_2134,2025-03-30 22:00:00,9604.527834016417,9277.840772320787,7742.6522198909315
forecast_2135,2025-03-30 23:00:00,11324.106061548224,11135.894276602454,8952.89546068956
forecast_2136,2025-03-31 00:00:00,10971.130416831344,12141.005304372484,8169.514086359266
forecast_2137,2025-03-31 01:00:00,15320.503329017729,16186.419871675613,15151.38345519342
forecast_2138,2025-03-31 02:00:00,14480.944839369775,15412.147481810836,13848.246574784496
forecast_2139,2025-03-31 03:00:00,14781.269949119513,15304.159890200111,14512.652332488984
forecast_2140,2025-03-31 04:00:00,13977.42221507966,15233.071304733196,13601.183841690858
forecast_2141,2025-03-31 05:00:00,13083.050640443045,14926.77293255294,13299.484682162409
forecast_2142,2025-03-31 06:00:00,13873.180560903935,15104.180588096084,11866.281958182044
forecast_2143,2025-03-31 07:00:00,9349.365284654219,10408.714862896153,7553.752896710018
forecast_2144,2025-03-31 08:00:00,7678.537401450081,7506.630796281747,4534.420931845511
forecast_2145,2025-03-31 09:00:00,5938.727872893395,5168.8223364186415,3521.614474437314
forecast_2146,2025-03-31 10:00:00,3299.751821493042,3311.2580745625796,2544.1850512617543
forecast_2147,2025-03-31 11:00:00,2594.067020836314,2258.8410666480495,1684.6305345293774
forecast_2148,2025-03-31 12:00:00,3620.808330420072,3243.7557044516593,2353.8568118355206
forecast_2149,2025-03-31 13:00:00,4595.337818346615,4457.806647233086,4290.541086624471
forecast_2150,2025-03-31 14:00:00,4730.414788386736,4701.643077470014,4509.8992678583445
forecast_2151,2025-03-31 15:00:00,4866.621479964405,4564.991222297539,4285.819622490063
forecast_2152,2025-03-31 16:00:00,5053.068570001006,4862.781724907935,3855.6310719082403
forecast_2153,2025-03-31 17:00:00,6139.8742318069535,6218.979248825157,5038.288889499033
forecast_2154,2025-03-31 18:00:00,6195.276070026008,6610.13559375118,5199.239780156495
forecast_2155,2025-03-31 19:00:00,8085.034698280262,8326.607579148384,7493.550106651339
forecast_2156,2025-03-31 20:00:00,9835.580679255898,10532.028005421513,9472.215807186503
forecast_2157,2025-03-31 21:00:00,9295.408236837884,8786.647846612159,7912.886602611152
forecast_2158,2025-03-31 22:00:00,9883.29568640692,11297.934627011118,8650.502734551415
forecast_2159,2025-03-31 23:00:00,11381.149292591814,12494.748770122418,11107.306640032717
forecast_2160,2025-04-01 00:00:00,13125.482929600108,13939.37961454417,10891.998367429074
forecast_2161,2025-04-01 01:00:00,5995.999477952134,6379.075605701765,4270.205709488626
forecast_2162,2025-04-01 02:00:00,6375.03579083213,6152.213485889732,4460.298785592155
forecast_2163,2025-04-01 03:00:00,7590.585031824856,6400.828499113564,5118.611426121391
forecast_2164,2025-04-01 04:00:00,8072.726974893254,7270.213627297385,5861.929633496611
forecast_2165,2025-04-01 05:00:00,5552.813379022971,4967.184818952021,4247.835036351822
forecast_2166,2025-04-01 06:00:00,4958.775281197946,4803.309304170974,4088.488448737123
forecast_2167,2025-04-01 07:00:00,4706.677786315855,3895.6103811043836,2789.2130553107995
forecast_2168,2025-04-01 08:00:00,2621.5340354141595,2745.842365833587,1841.8706914908469
forecast_2169,2025-04-01 09:00:00,1365.8219445790348,1007.8283618885489,810.205835846287
forecast_2170,2025-04-01 10:00:00,337.7250494274545,379.56958772742774,307.3668104665036
forecast_2171,2025-04-01 11:00:00,290.4085865041465,323.6509947258466,293.7855735419942
forecast_2172,2025-04-01 12:00:00,289.7722802712979,338.8754418221126,295.95499114507436
forecast_2173,2025-04-01 13:00:00,312.37537180442894,371.49597077457724,293.35820665181836
forecast_2174,2025-04-01 14:00:00,381.320134243606,446.6876996523228,386.4306549432403
forecast_2175,2025-04-01 15:00:00,568.6941614079798,515.806885680576,364.57296903380717
forecast_2176,2025-04-01 16:00:00,540.5902281495203,615.3049750915835,417.73061254365876
forecast_2177,2025-04-01 17:00:00,553.0695601995845,645.1422738057665,436.83345064991136
forecast_2178,2025-04-01 18:00:00,886.2103408573581,799.5123895651698,438.33537337957335
forecast_2179,2025-04-01 19:00:00,1111.4893673196482,1157.97969065817,410.67808581697193
forecast_2180,2025-04-01 20:00:00,1571.8563179884072,1350.759879389925,479.32525183735055
forecast_2181,2025-04-01 21:00:00,1678.1544407076449,1445.4793502831906,460.1459769744403
forecast_2182,2025-04-01 22:00:00,1980.3064527331708,1772.6134046913123,573.5555419510515
forecast_2183,2025-04-01 23:00:00,2139.643163250122,1881.7238855256073,640.970915233199
forecast_2184,2025-04-02 00:00:00,2100.8572438353976,2032.9990103646137,919.3527113405836
forecast_2185,2025-04-02 01:00:00,1516.8238217896258,1514.606335865622,571.3094149604478
forecast_2186,2025-04-02 02:00:00,1477.4333175102283,1394.9355570803714,567.6304882820298
forecast_2187,2025-04-02 03:00:00,1371.4413724925826,1265.037275654557,552.4817803456795
forecast_2188,2025-04-02 04:00:00,1233.5162340276108,1093.9822930438756,424.3441388675443
forecast_2189,2025-04-02 05:00:00,1042.7237926666644,959.7804301789619,388.7274017128289
forecast_2190,2025-04-02 06:00:00,1020.1419456438937,892.6155368412942,367.5151952908915
forecast_2191,2025-04-02 07:00:00,989.0400713485947,869.5579533572047,380.3407317561302
forecast_2192,2025-04-02 08:00:00,960.2979067135295,849.3823346568574,360.387024992709
forecast_2193,2025-04-02 09:00:00,623.0728181810338,665.3589022076455,370.76765645598863
forecast_2194,2025-04-02 10:00:00,446.7559942185434,486.108411768794,357.09496821419975
forecast_2195,2025-04-02 11:00:00,852.1266736674826,841.6011378263811,753.2113684208499
forecast_2196,2025-04-02 12:00:00,365.38098901993857,398.61067925805327,294.18903871356247
forecast_2197,2025-04-02 13:00:00,356.46290161109533,405.0522646315065,318.05688384745895
forecast_2198,2025-04-02 14:00:00,402.8482175513181,513.2260086764787,478.7433782240543
forecast_2199,2025-04-02 15:00:00,803.126616628537,980.9119373055642,966.1348860774166
forecast_2200,2025-04-02 16:00:00,973.5772269614637,1194.941195307004,1149.0763516675254
forecast_2201,2025-04-02 17:00:00,1030.080070296854,1220.667570625514,965.6689007202132
forecast_2202,2025-04-02 18:00:00,900.2676051065038,967.8781906879299,752.6157965211285
forecast_2203,2025-04-02 19:00:00,1045.2974666665768,899.7653898546754,395.01186353644675
forecast_2204,2025-04-02 20:00:00,938.2034776241456,917.5862757170787,518.5679005848333
forecast_2205,2025-04-02 21:00:00,1030.3979470167988,1025.9124304978072,436.28145296604
forecast_2206,2025-04-02 22:00:00,1510.4512099244505,1538.445619813395,731.4586718285958
forecast_2207,2025-04-02 23:00:00,1524.989547372893,1817.4577591266968,1318.2560937054561
forecast_2208,2025-04-03 00:00:00,1514.102093492247,1889.7044724981192,1225.312387277612
forecast_2209,2025-04-03 01:00:00,1294.3410372470528,1230.2994850683504,565.8176748856055
forecast_2210,2025-04-03 02:00:00,1452.7331909029915,1564.467853545507,793.3784781881945
forecast_2211,2025-04-03 03:00:00,1324.5392273224352,1775.8960844069845,1053.0437218105028
forecast_2212,2025-04-03 04:00:00,1430.036250276632,1907.0159789522897,1159.352110609473
forecast_2213,2025-04-03 05:00:00,1349.3974199327329,1966.3796750461433,1238.2729018211828
forecast_2214,2025-04-03 06:00:00,1326.2777192663739,2012.7710617523583,1241.8045075946247
forecast_2215,2025-04-03 07:00:00,1437.273531668036,1945.725671830988,1194.009611198534
forecast_2216,2025-04-03 08:00:00,1349.0375495585113,1602.2967068997557,1168.2842547632515
forecast_2217,2025-04-03 09:00:00,867.4170474774093,1047.0704574079061,1028.7504562391853
forecast_2218,2025-04-03 10:00:00,450.21879876477306,588.5243387426079,769.7976363188351
forecast_2219,2025-04-03 11:00:00,347.65497114073526,507.71776804369716,671.5064299284634
forecast_2220,2025-04-03 12:00:00,288.3852239037324,392.0354278290597,422.27559518065175
forecast_2221,2025-04-03 13:00:00,280.9957512206317,381.570513757652,366.92927964215374
forecast_2222,2025-04-03 14:00:00,304.4399723466534,455.89376386287256,499.65213336793556
forecast_2223,2025-04-03 15:00:00,345.9515706937578,472.33859105240583,531.9916617556893
forecast_2224,2025-04-03 16:00:00,322.81296586501225,361.84763703256056,306.3358596260305
forecast_2225,2025-04-03 17:00:00,299.0649305064053,338.8044110625409,257.3799084455394
forecast_2226,2025-04-03 18:00:00,431.8265733725174,421.2082213521829,271.28943217160753
forecast_2227,2025-04-03 19:00:00,710.8451686311852,768.3426687209467,419.7083492149968
forecast_2228,2025-04-03 20:00:00,936.4978225826354,1054.7569800437714,466.9526394326037
forecast_2229,2025-04-03 21:00:00,1020.4681810288396,1098.8302504588635,500.80259187684516
forecast_2230,2025-04-03 22:00:00,1248.9099608933984,1455.9309171710813,569.5578614285077
forecast_2231,2025-04-03 23:00:00,1405.735407559008,1748.1166774801725,684.1228075804187
forecast_2232,2025-04-04 00:00:00,2730.6593976780973,3090.8247911451604,2048.4434864114055
forecast_2233,2025-04-04 01:00:00,3619.8704022783018,3799.8602449783502,2900.1830319023898
forecast_2234,2025-04-04 02:00:00,4443.022028699778,5149.247609814256,3562.13130143681
forecast_2235,2025-04-04 03:00:00,6902.967128126168,6547.252064021321,4646.041726874854
forecast_2236,2025-04-04 04:00:00,8651.396959327903,8757.681372197983,7411.741997740147
forecast_2237,2025-04-04 05:00:00,9231.18205931964,9613.67486255019,8196.195617768262
forecast_2238,2025-04-04 06:00:00,8927.41943417039,8044.167903514805,6634.524873064084
forecast_2239,2025-04-04 07:00:00,7465.820024005588,6997.659691898883,5145.507369649532
forecast_2240,2025-04-04 08:00:00,5267.217903666627,6096.259198559162,4040.903262550925
forecast_2241,2025-04-04 09:00:00,3990.304104831635,4273.753199037274,2265.325524606053
forecast_2242,2025-04-04 10:00:00,1590.4351576452061,1536.4537887726576,915.26113151242
forecast_2243,2025-04-04 11:00:00,1030.0869963825835,986.6602499162174,814.9186552962838
forecast_2244,2025-04-04 12:00:00,1029.2075475423603,981.2405861076827,948.7844551602344
forecast_2245,2025-04-04 13:00:00,858.1003878568765,841.1987674067415,899.1566343254973
forecast_2246,2025-04-04 14:00:00,829.5432436545289,1027.9373170616352,1026.77715494673
forecast_2247,2025-04-04 15:00:00,949.3085968964431,1056.996219268322,1037.2984789340292
forecast_2248,2025-04-04 16:00:00,1488.5634295513455,1590.2368104906834,1361.3856652233787
forecast_2249,2025-04-04 17:00:00,1963.8378173698036,1827.0485978340985,1407.256505562037
forecast_2250,2025-04-04 18:00:00,2712.3939861903227,2501.762104247323,2325.080960602796
forecast_2251,2025-04-04 19:00:00,2962.1532530495033,3308.3857588914666,2172.7934449512536
forecast_2252,2025-04-04 20:00:00,2999.3328328899684,3929.163391779819,1660.0132059162117
forecast_2253,2025-04-04 21:00:00,2426.087147154035,3191.8211751504814,1301.4165710006016
forecast_2254,2025-04-04 22:00:00,2189.8861405983575,2405.018622893649,1200.9467764514573
forecast_2255,2025-04-04 23:00:00,3966.4241117029114,4623.903424540465,2490.1707117182723
forecast_2256,2025-04-05 00:00:00,5395.369093842306,6381.73490665815,3139.503593215564
forecast_2257,2025-04-05 01:00:00,7053.135967347969,8716.72042892208,5007.146028100034
forecast_2258,2025-04-05 02:00:00,9201.14560731674,11701.888070681827,6291.64084310196
forecast_2259,2025-04-05 03:00:00,8807.76058939067,10500.337156478254,6642.214812945473
forecast_2260,2025-04-05 04:00:00,8864.280367073357,10442.84640855887,6541.427072321725
forecast_2261,2025-04-05 05:00:00,7031.012717209128,9251.374032894264,5533.778742132668
forecast_2262,2025-04-05 06:00:00,8127.448156485319,10089.575948650043,6112.713985190893
forecast_2263,2025-04-05 07:00:00,5503.134442930701,6590.597287962705,3742.767880605868
forecast_2264,2025-04-05 08:00:00,4161.205444875532,5026.725180082285,2706.1926292271355
forecast_2265,2025-04-05 09:00:00,3456.0057961024627,4043.9126844405796,2069.285322128367
forecast_2266,2025-04-05 10:00:00,2537.698144953229,3159.659620725399,1460.9773645097052
forecast_2267,2025-04-05 11:00:00,4343.790258170046,4862.563593651326,3620.41677917944
forecast_2268,2025-04-05 12:00:00,6384.292103998659,8452.457691335649,6861.838659914384
forecast_2269,2025-04-05 13:00:00,7446.2851873926475,10643.966575625738,9953.855640205498
forecast_2270,2025-04-05 14:00:00,8722.330588120922,11492.609068267158,11388.726394602007
forecast_2271,2025-04-05 15:00:00,10069.42848952547,12459.33876138294,10926.484811619024
forecast_2272,2025-04-05 16:00:00,11284.667831699546,14384.791760399014,12308.991350292066
forecast_2273,2025-04-05 17:00:00,12304.61165984583,15176.137248685134,14007.481041368337
forecast_2274,2025-04-05 18:00:00,13729.275102540847,14756.94877605961,13425.848230832484
forecast_2275,2025-04-05 19:00:00,14390.83511880184,14531.477413888952,12720.537997612631
forecast_2276,2025-04-05 20:00:00,14748.66479862706,15081.009033047476,14054.547821480926
forecast_2277,2025-04-05 21:00:00,13421.84035677177,13595.411581833969,12887.254164902466
forecast_2278,2025-04-05 22:00:00,12947.475005399285,13713.171194160224,12807.045845282386
forecast_2279,2025-04-05 23:00:00,13145.881186899936,14213.981712927349,12235.148852552915
forecast_2280,2025-04-06 00:00:00,15053.445638273319,15366.749818857592,13394.75317308614
forecast_2281,2025-04-06 01:00:00,14004.222067155211,14150.260991652727,12777.87666601569
forecast_2282,2025-04-06 02:00:00,13458.243815671858,14455.836796202755,12247.771742062676
forecast_2283,2025-04-06 03:00:00,13566.450337386039,14103.37654431555,12685.589269405666
forecast_2284,2025-04-06 04:00:00,12929.371471023302,13055.790642019652,12066.55586981588
forecast_2285,2025-04-06 05:00:00,13636.40662373559,13086.019936364279,11940.608834280134
forecast_2286,2025-04-06 06:00:00,13571.706555662957,13545.481414248108,12157.947538876111
forecast_2287,2025-04-06 07:00:00,14496.923380974895,15111.682235677306,13193.241560688679
forecast_2288,2025-04-06 08:00:00,14314.050152949081,14352.307529031765,12246.692019465603
forecast_2289,2025-04-06 09:00:00,14199.21626090354,13705.48586699897,11927.691407376491
forecast_2290,2025-04-06 10:00:00,13268.936807948265,12975.622559814181,10915.810084393224
forecast_2291,2025-04-06 11:00:00,11877.925752413335,10907.096511182759,8983.766631372777
forecast_2292,2025-04-06 12:00:00,11435.211525867064,10736.537306185748,8988.969769909863
forecast_2293,2025-04-06 13:00:00,12659.611598158806,12524.119018778407,10114.904924780263
forecast_2294,2025-04-06 14:00:00,13223.446201494093,13363.445377194934,12054.286290864029
forecast_2295,2025-04-06 15:00:00,13725.917108739462,13219.722832185513,12284.844134434785
forecast_2296,2025-04-06 16:00:00,13186.546827125714,13172.282495776328,11184.133201200983
forecast_2297,2025-04-06 17:00:00,13290.911025425876,12828.920624566641,10452.672702841273
forecast_2298,2025-04-06 18:00:00,12705.465784581746,11768.007427732033,9886.743492557172
forecast_2299,2025-04-06 19:00:00,12285.63528611365,11089.298774965127,10907.076876468229
forecast_2300,2025-04-06 20:00:00,12712.843357448444,12289.70605377113,11489.494494462637
forecast_2301,2025-04-06 21:00:00,12569.504259102996,12401.354032178735,11225.668608363658
forecast_2302,2025-04-06 22:00:00,13830.09227069683,13771.883039503324,12362.227585556557
forecast_2303,2025-04-06 23:00:00,12620.893190640209,13313.324462213119,11501.794287030743
forecast_2304,2025-04-07 00:00:00,12657.557369134456,12236.92967015348,10792.377879134747
forecast_2305,2025-04-07 01:00:00,13575.454627965937,14077.952296140325,12834.958234276832
forecast_2306,2025-04-07 02:00:00,12983.987611573377,13377.237877168105,12394.73412311048
forecast_2307,2025-04-07 03:00:00,12137.86424548818,11339.675151648591,9843.584152275496
forecast_2308,2025-04-07 04:00:00,11265.60626832008,12639.541098973477,10414.220418970035
forecast_2309,2025-04-07 05:00:00,11864.689081632741,12909.588379754594,10381.912252719669
forecast_2310,2025-04-07 06:00:00,11182.04663951824,12212.552903186319,9988.366500528127
forecast_2311,2025-04-07 07:00:00,11430.312231788677,13114.044666542855,10123.223994618344
forecast_2312,2025-04-07 08:00:00,11191.81089752468,12792.257568242661,9564.5080252624
forecast_2313,2025-04-07 09:00:00,11157.05961073991,11375.476450935656,9159.898651033636
forecast_2314,2025-04-07 10:00:00,9438.042487698442,10926.886428343294,9314.378733866177
forecast_2315,2025-04-07 11:00:00,9396.902136723127,9533.30196279792,8609.75707506295
forecast_2316,2025-04-07 12:00:00,9786.122082925629,9376.343419130122,8939.17683937874
forecast_2317,2025-04-07 13:00:00,9219.4101243612,9071.895777988242,8727.933722158314
forecast_2318,2025-04-07 14:00:00,10513.912997567795,12312.740973739941,10428.212987565854
forecast_2319,2025-04-07 15:00:00,10731.837906691313,13423.097141272743,12227.634731781083
forecast_2320,2025-04-07 16:00:00,13052.295121373172,14904.537900072348,13738.070577640443
forecast_2321,2025-04-07 17:00:00,13739.286695370625,15551.185279333435,14326.17062557946
forecast_2322,2025-04-07 18:00:00,13902.432130920219,15112.911990701778,14247.203189912745
forecast_2323,2025-04-07 19:00:00,15873.193719069102,16684.510561781826,15717.438487549085
forecast_2324,2025-04-07 20:00:00,16796.368151053783,17274.48173058879,16116.645962560673
forecast_2325,2025-04-07 21:00:00,17197.676165759123,18028.434055440975,16413.380171157998
forecast_2326,2025-04-07 22:00:00,17468.33817055613,18528.59156438726,15546.921073058158
forecast_2327,2025-04-07 23:00:00,17387.33085821939,18620.305230351045,14919.063460494732
forecast_2328,2025-04-08 00:00:00,17746.545464814393,18614.790153061047,13250.80807366655
forecast_2329,2025-04-08 01:00:00,17797.620848160685,18659.323687721404,13321.262079957696
forecast_2330,2025-04-08 02:00:00,17634.441651518293,18416.02219267927,13486.551818504555
forecast_2331,2025-04-08 03:00:00,18036.03394267105,18806.573291544628,14184.90386242323
forecast_2332,2025-04-08 04:00:00,18012.912857589057,18754.995794292372,15726.901413032825
forecast_2333,2025-04-08 05:00:00,17972.90178575205,18524.132096423178,14190.145832518905
forecast_2334,2025-04-08 06:00:00,17695.44160266585,18334.842472983535,14154.769852983614
forecast_2335,2025-04-08 07:00:00,16615.541342911103,17788.49322526719,14056.693477543062
forecast_2336,2025-04-08 08:00:00,16357.736883298077,17155.393639364516,13740.019801078572
forecast_2337,2025-04-08 09:00:00,15571.375431552213,15247.333517036524,12591.859098320769
forecast_2338,2025-04-08 10:00:00,14353.858853587617,14010.17442134218,12202.536033508944
forecast_2339,2025-04-08 11:00:00,13142.735802085812,12626.496979501793,10093.753265610378
forecast_2340,2025-04-08 12:00:00,12964.307265486364,12116.879541056343,10144.164206488365
forecast_2341,2025-04-08 13:00:00,12940.098984534805,12095.436335213188,10020.14676066313
forecast_2342,2025-04-08 14:00:00,11785.575872576283,10646.753895869379,8417.10079741065
forecast_2343,2025-04-08 15:00:00,9883.912952288107,9045.032259133312,6783.314165335128
forecast_2344,2025-04-08 16:00:00,6388.586335279143,5563.918645684641,3738.8106313379844
forecast_2345,2025-04-08 17:00:00,3276.592548664465,2624.087347157498,2060.2672226825443
forecast_2346,2025-04-08 18:00:00,991.6769378951182,1071.6997600551408,820.2884966334663
forecast_2347,2025-04-08 19:00:00,1002.7683894325376,998.2494206949306,457.75415451688934
forecast_2348,2025-04-08 20:00:00,850.9882345317588,861.7175966343635,460.36940472276126
forecast_2349,2025-04-08 21:00:00,1016.3502886108902,880.8600899725622,511.21537251879374
forecast_2350,2025-04-08 22:00:00,1168.4406550474969,942.1111971421712,474.3838206582268
forecast_2351,2025-04-08 23:00:00,991.2640706377622,870.4925913773384,399.23558599009147
forecast_2352,2025-04-09 00:00:00,1073.579456078901,920.7869515145471,425.2772357979476
forecast_2353,2025-04-09 01:00:00,1031.5063094696543,916.4870154683243,380.08059981056783
forecast_2354,2025-04-09 02:00:00,1139.5102573679023,1042.0624528062772,370.3587260677526
forecast_2355,2025-04-09 03:00:00,1115.3770932942036,1003.0083232603059,370.34011753522367
forecast_2356,2025-04-09 04:00:00,1099.4058664770716,967.6721553104965,369.3001225859562
forecast_2357,2025-04-09 05:00:00,1308.0964440188743,1042.7804640714467,447.93297656059605
forecast_2358,2025-04-09 06:00:00,1378.5307854353773,1150.652646528226,501.74127429795703
forecast_2359,2025-04-09 07:00:00,1401.7409504928828,1277.6150261961984,469.8438430315191
forecast_2360,2025-04-09 08:00:00,1459.536566882701,1415.515903309227,428.2675411023088
forecast_2361,2025-04-09 09:00:00,1104.6716848695871,1276.7237153525782,583.6286470582091
forecast_2362,2025-04-09 10:00:00,966.7109044201393,1291.8807210574191,610.9346669852133
forecast_2363,2025-04-09 11:00:00,1179.9809699205923,1649.9311170975918,988.2075899976335
forecast_2364,2025-04-09 12:00:00,2433.185375903275,3427.2437312146835,2457.9247398158686
forecast_2365,2025-04-09 13:00:00,2786.2252890749974,3600.1632706771315,2645.571676077959
forecast_2366,2025-04-09 14:00:00,3871.825944096744,4675.760391781491,3039.7161886199037
forecast_2367,2025-04-09 15:00:00,4994.2907140043135,5970.214387019022,4927.6477849730045
forecast_2368,2025-04-09 16:00:00,7882.026633238582,7963.704232146952,7890.31906342719
forecast_2369,2025-04-09 17:00:00,7829.10765330095,7753.615415265159,8041.007477801319
forecast_2370,2025-04-09 18:00:00,8731.725452976836,9226.706765311154,8646.997865170484
forecast_2371,2025-04-09 19:00:00,6051.562658175585,6703.234862403834,5060.677550577823
forecast_2372,2025-04-09 20:00:00,6408.2385863670925,7056.601051541956,5707.524912279148
forecast_2373,2025-04-09 21:00:00,2678.1430478213383,3237.297984183367,1854.0571757785021
forecast_2374,2025-04-09 22:00:00,4237.07006143743,4720.473256926914,2828.0392362719763
forecast_2375,2025-04-09 23:00:00,5752.314804946003,6813.790284456437,3994.005389120463
forecast_2376,2025-04-10 00:00:00,7021.379727426874,8354.779573007978,4871.801945937463
forecast_2377,2025-04-10 01:00:00,6561.5798463742985,7505.803575338142,4813.632369727091
forecast_2378,2025-04-10 02:00:00,7440.855019981313,8820.9190702572,5963.587655712391
forecast_2379,2025-04-10 03:00:00,7502.048796880429,8403.547898726974,5933.125844341678
forecast_2380,2025-04-10 04:00:00,7624.874815419255,7869.0556862343365,5413.191702074758
forecast_2381,2025-04-10 05:00:00,6475.110851425626,7258.915912281456,5330.4403235272175
forecast_2382,2025-04-10 06:00:00,6886.94750267338,7136.604448873231,4664.362323139966
forecast_2383,2025-04-10 07:00:00,6475.522711468564,6375.4047082604675,4715.995805760135
forecast_2384,2025-04-10 08:00:00,5615.189242686834,5412.048367354152,3804.1672928920902
forecast_2385,2025-04-10 09:00:00,5337.6385508246285,5379.862614488112,3315.506066453664
forecast_2386,2025-04-10 10:00:00,4049.5252539603734,3886.2889402363435,2480.122916664239
forecast_2387,2025-04-10 11:00:00,3034.9073331164905,3235.1635828654844,1932.1441944714581
forecast_2388,2025-04-10 12:00:00,2704.51672737926,2542.459506502898,1783.974400051818
forecast_2389,2025-04-10 13:00:00,2761.8142476869325,2388.7665992649895,1568.2898579207383
forecast_2390,2025-04-10 14:00:00,3011.993175945147,2707.4826580427657,1680.5652257012557
forecast_2391,2025-04-10 15:00:00,3090.688736867296,2983.8262452455083,1609.3720194540806
forecast_2392,2025-04-10 16:00:00,2926.7642284459193,2757.012423052404,1446.4856371655867
forecast_2393,2025-04-10 17:00:00,3238.3222272652924,2917.2536884393,1557.4419147671842
forecast_2394,2025-04-10 18:00:00,1675.6769733451772,1766.217207901009,766.5515297794126
forecast_2395,2025-04-10 19:00:00,1235.7294456715838,1095.6708218627034,649.5827626568364
forecast_2396,2025-04-10 20:00:00,1678.5583506212909,1181.3306576051975,836.9294371464504
forecast_2397,2025-04-10 21:00:00,1596.7481443981692,1216.6509500937557,735.9663592065804
forecast_2398,2025-04-10 22:00:00,2118.734463613318,1519.97400413726,1094.2285830284548
forecast_2399,2025-04-10 23:00:00,2322.9744934211653,2027.6486346915074,1458.0377026406106
forecast_2400,2025-04-11 00:00:00,2510.0015456648484,2061.1760522731574,1455.4678409539774
forecast_2401,2025-04-11 01:00:00,1616.5088844386073,1410.974099814794,919.5363414443594
forecast_2402,2025-04-11 02:00:00,1927.824304023198,1514.838836188517,1136.2495305408409
forecast_2403,2025-04-11 03:00:00,1921.6524177582091,1538.0980576412435,1109.0728477695807
forecast_2404,2025-04-11 04:00:00,1828.0524837853475,1569.1964377212191,1051.4078144674315
forecast_2405,2025-04-11 05:00:00,2067.44025582774,1638.7718538419986,1109.7610532946264
forecast_2406,2025-04-11 06:00:00,1706.3800447469173,1463.0808194799383,935.5803683462709
forecast_2407,2025-04-11 07:00:00,1540.9227662652543,1307.4239392526129,794.5867099811402
forecast_2408,2025-04-11 08:00:00,863.9298177247116,970.3770914799569,366.77387250526266
forecast_2409,2025-04-11 09:00:00,491.971136669035,522.6226045177112,290.99436862056274
forecast_2410,2025-04-11 10:00:00,280.2472737288672,319.786390699861,244.6412025784402
forecast_2411,2025-04-11 11:00:00,260.2796189660214,341.9918880931631,242.11228005329204
forecast_2412,2025-04-11 12:00:00,291.4842696055942,359.02300443362515,280.9806629081525
forecast_2413,2025-04-11 13:00:00,311.78281665710716,374.08933532453153,285.8936083521641
forecast_2414,2025-04-11 14:00:00,331.09753325863517,381.66776977953924,312.0755688319889
forecast_2415,2025-04-11 15:00:00,393.5630839930835,429.6876558065571,380.24431835984944
forecast_2416,2025-04-11 16:00:00,483.53649919235403,507.59352003665487,450.24347050239794
forecast_2417,2025-04-11 17:00:00,557.3768120191736,566.4642579534004,483.89010237654236
forecast_2418,2025-04-11 18:00:00,740.6209249209893,862.8782056587892,456.53238335461833
forecast_2419,2025-04-11 19:00:00,1668.78592131511,1554.2697912850845,680.5141672391343
forecast_2420,2025-04-11 20:00:00,2596.752590529556,2870.4659497577873,1292.7370679260514
forecast_2421,2025-04-11 21:00:00,2269.36120078787,2228.385911559832,831.4256043047048
forecast_2422,2025-04-11 22:00:00,2574.78345565032,2512.64755518637,968.1002217353723
forecast_2423,2025-04-11 23:00:00,2600.051120095933,2674.602705195303,974.0400156539037
forecast_2424,2025-04-12 00:00:00,2590.731102156348,2496.36089141674,968.6934519579794
forecast_2425,2025-04-12 01:00:00,1525.9965143055013,1670.6706265508817,590.1912368415664
forecast_2426,2025-04-12 02:00:00,1970.458820209367,2275.9580456402705,856.1509050505081
forecast_2427,2025-04-12 03:00:00,2257.9887658369657,2730.0795023961487,923.9762112740165
forecast_2428,2025-04-12 04:00:00,2071.466140327733,2480.2136060378107,901.2266750393275
forecast_2429,2025-04-12 05:00:00,2423.035634570072,2709.3923018396454,1320.7383994090646
forecast_2430,2025-04-12 06:00:00,2868.4499359340657,3037.574023270021,1279.8368550638274
forecast_2431,2025-04-12 07:00:00,2883.8754895474144,3757.7558615560856,2084.8856826471906
forecast_2432,2025-04-12 08:00:00,3030.6389746781833,4165.225335782531,2896.1706245946957
forecast_2433,2025-04-12 09:00:00,6149.027421106131,7816.254523946475,5212.538406329066
forecast_2434,2025-04-12 10:00:00,6518.1246224409215,8783.44303832999,6484.091093619007
forecast_2435,2025-04-12 11:00:00,7208.168997068393,9417.106073680408,7884.387700431457
forecast_2436,2025-04-12 12:00:00,7290.369361746723,9937.785578451258,8297.52042904245
forecast_2437,2025-04-12 13:00:00,8021.1588043520605,10167.540643835035,9203.221853446099
forecast_2438,2025-04-12 14:00:00,7928.280446495499,10339.344678688107,9577.143782818835
forecast_2439,2025-04-12 15:00:00,7752.552464059587,9767.350882108387,8580.822878286486
forecast_2440,2025-04-12 16:00:00,7587.010671327834,9810.987922123364,8948.200862597914
forecast_2441,2025-04-12 17:00:00,8964.316199429137,10788.618632052114,10061.296441871888
forecast_2442,2025-04-12 18:00:00,10791.718091832652,11578.46305312383,10447.538504923321
forecast_2443,2025-04-12 19:00:00,10811.510861377394,12112.408338212945,11478.290440347757
forecast_2444,2025-04-12 20:00:00,11160.122653472756,12819.283452552056,12550.280581707737
forecast_2445,2025-04-12 21:00:00,12202.294414209584,13161.926648517583,13038.603023655609
forecast_2446,2025-04-12 22:00:00,12965.61266564278,13774.877621696696,13085.388005576076
forecast_2447,2025-04-12 23:00:00,13325.906928938493,13877.806618247569,12989.756065679934
forecast_2448,2025-04-13 00:00:00,13056.609441206829,14039.118005184386,13189.841604112318
forecast_2449,2025-04-13 01:00:00,13553.327939219746,14252.714698784985,12759.1650761098
forecast_2450,2025-04-13 02:00:00,11197.880216402817,12767.717222870773,11515.5235767955
forecast_2451,2025-04-13 03:00:00,12717.55529895877,14299.536770286835,11124.173346704401
forecast_2452,2025-04-13 04:00:00,14325.253562147649,15350.711450170938,12345.228985278118
forecast_2453,2025-04-13 05:00:00,15445.875652885697,15934.303265493689,11186.262435402392
forecast_2454,2025-04-13 06:00:00,15149.734513567138,15505.997289924282,11765.345315153741
forecast_2455,2025-04-13 07:00:00,15814.095230439681,16339.76462069289,12036.008179155102
forecast_2456,2025-04-13 08:00:00,16999.6835488005,17537.342995494935,15125.037971997977
forecast_2457,2025-04-13 09:00:00,16930.046238117862,17879.996363721155,16061.741507136177
forecast_2458,2025-04-13 10:00:00,14889.32916586971,17128.78176800005,16435.85168127418
forecast_2459,2025-04-13 11:00:00,14365.28495836726,16979.76115567015,16611.622677158666
forecast_2460,2025-04-13 12:00:00,14369.354440148287,16845.53939653502,16371.276777994957
forecast_2461,2025-04-13 13:00:00,14273.425957870275,16821.852556244008,16262.513651071396
forecast_2462,2025-04-13 14:00:00,13867.898210128975,16793.136864714128,16023.675568181394
forecast_2463,2025-04-13 15:00:00,14219.04974051328,16792.513805135484,16001.333882408524
forecast_2464,2025-04-13 16:00:00,14540.770298874053,16910.313255113608,16032.445806322923
forecast_2465,2025-04-13 17:00:00,15366.864422886982,16964.43782210558,16096.919873579429
forecast_2466,2025-04-13 18:00:00,15687.43566496027,17053.00167612307,16012.50766583721
forecast_2467,2025-04-13 19:00:00,15580.753957731848,17268.92562310116,15803.47324858371
forecast_2468,2025-04-13 20:00:00,16118.517461620471,17574.954553729232,15708.855346627734
forecast_2469,2025-04-13 21:00:00,15844.748561426448,17465.35931035898,15926.734430560035
forecast_2470,2025-04-13 22:00:00,15542.860656273784,17420.072150959666,15653.590083280003
forecast_2471,2025-04-13 23:00:00,13058.871709359928,15843.18549186743,13717.61511586316
forecast_2472,2025-04-14 00:00:00,13078.895187164318,15670.808564291812,13583.433227288786
forecast_2473,2025-04-14 01:00:00,12633.898101579378,15499.90921667595,12538.523894925758
forecast_2474,2025-04-14 02:00:00,10074.31404770671,13414.34237843586,9249.512609062864
forecast_2475,2025-04-14 03:00:00,8490.23678564891,11051.90402480947,5969.0523594235265
forecast_2476,2025-04-14 04:00:00,7155.149511592483,8579.396868474492,4863.074387677541
forecast_2477,2025-04-14 05:00:00,6864.935533215075,7748.131599005065,5088.9128122047405
forecast_2478,2025-04-14 06:00:00,6492.256333818746,5862.284253509074,3022.5696618183474
forecast_2479,2025-04-14 07:00:00,6000.507501929661,5472.64360773826,3215.4055451804957
forecast_2480,2025-04-14 08:00:00,4138.717096991031,3835.804993379533,2032.518576741863
forecast_2481,2025-04-14 09:00:00,2042.6085350105154,2383.557887369767,1271.4961609458942
forecast_2482,2025-04-14 10:00:00,1411.220182579691,1246.9019870465368,1200.5439112272484
forecast_2483,2025-04-14 11:00:00,2941.2795995013635,3019.5602803799566,1916.7912139207433
forecast_2484,2025-04-14 12:00:00,3122.38361580648,3924.252044432908,2549.956155416636
forecast_2485,2025-04-14 13:00:00,3091.1389954166743,3586.7543914971334,2223.62386731556
forecast_2486,2025-04-14 14:00:00,1755.0020315792235,2114.1838421452153,1475.0581091198808
forecast_2487,2025-04-14 15:00:00,1449.438605884313,1526.9799929052763,1381.6388772274934
forecast_2488,2025-04-14 16:00:00,1575.1421116665108,1788.1895731799914,1159.1031714014384
forecast_2489,2025-04-14 17:00:00,1040.904818953386,867.5674547248498,854.1966815945229
forecast_2490,2025-04-14 18:00:00,1255.3440404160933,1091.3059458294495,827.584502868079
forecast_2491,2025-04-14 19:00:00,1443.4569123095212,1448.652968943081,951.1579754695828
forecast_2492,2025-04-14 20:00:00,1677.1596061388032,1766.1110855811871,1318.379177583414
forecast_2493,2025-04-14 21:00:00,2426.9278659247348,2851.7262437159716,1880.808676818006
forecast_2494,2025-04-14 22:00:00,4100.110160271195,4196.468275591013,2883.397275788644
forecast_2495,2025-04-14 23:00:00,5603.44835937167,5224.486787912601,4157.973647605927
forecast_2496,2025-04-15 00:00:00,5114.165236880855,4578.076282732142,2980.0205861689956
forecast_2497,2025-04-15 01:00:00,5899.537430489016,5772.267008937193,2512.504054988292
forecast_2498,2025-04-15 02:00:00,6190.371126168406,6050.861563952488,2391.067106021514
forecast_2499,2025-04-15 03:00:00,5318.974038581635,5596.092720086622,2266.327871407247
forecast_2500,2025-04-15 04:00:00,4797.750214473941,4501.160188176274,2129.5347002009316
forecast_2501,2025-04-15 05:00:00,4846.237084781092,4989.781083413995,2390.053052894692
forecast_2502,2025-04-15 06:00:00,4863.127725147143,5112.573583060994,3539.074410260081
forecast_2503,2025-04-15 07:00:00,5433.8639857423095,5816.294704183741,4615.465971223957
forecast_2504,2025-04-15 08:00:00,5217.994448047568,6369.066670867943,3864.2084071848817
forecast_2505,2025-04-15 09:00:00,7108.414907429835,7484.649797111792,4868.960804032424
forecast_2506,2025-04-15 10:00:00,7442.691083184803,8417.117366843808,6579.004026747551
forecast_2507,2025-04-15 11:00:00,7388.151516836194,8401.842080181026,6618.360282219668
forecast_2508,2025-04-15 12:00:00,7847.767464133068,7557.510686522091,5986.069523288415
forecast_2509,2025-04-15 13:00:00,7729.933313412406,7218.737407233178,6211.354429023053
forecast_2510,2025-04-15 14:00:00,9060.602482976592,8526.011071216333,7089.019744480406
forecast_2511,2025-04-15 15:00:00,10666.876543455328,9506.972611468442,8030.276893602858
forecast_2512,2025-04-15 16:00:00,11747.546890625024,10216.158301683592,8365.65515195379
forecast_2513,2025-04-15 17:00:00,12583.192453607102,11137.486321857294,8955.417523551308
forecast_2514,2025-04-15 18:00:00,12620.997539226775,11348.72200134685,9070.385920659846
forecast_2515,2025-04-15 19:00:00,13079.444705870143,12641.643239276109,11668.74617979688
forecast_2516,2025-04-15 20:00:00,13543.064772132931,14532.805149080552,13855.248091650066
forecast_2517,2025-04-15 21:00:00,13868.159966038402,15016.953941540536,14446.2002182926
forecast_2518,2025-04-15 22:00:00,14513.59812679019,15762.408191109704,14899.439861831108
forecast_2519,2025-04-15 23:00:00,14804.125247570195,15742.229474908143,14676.49924684749
forecast_2520,2025-04-16 00:00:00,14521.887056583373,15347.683636662976,13826.571600316147
forecast_2521,2025-04-16 01:00:00,14596.645659885706,15835.476487428752,12972.927300621002
forecast_2522,2025-04-16 02:00:00,14251.645799174712,15706.415023604139,12855.704282350316
forecast_2523,2025-04-16 03:00:00,13880.084107073051,15291.006690544335,12783.30766642403
forecast_2524,2025-04-16 04:00:00,13098.673926718808,14055.59378802106,11110.524621215449
forecast_2525,2025-04-16 05:00:00,13464.91608508171,14539.4914983482,11696.128818877723
forecast_2526,2025-04-16 06:00:00,13380.917555023616,15047.435251906685,11909.24015018245
forecast_2527,2025-04-16 07:00:00,11682.688702156876,13030.734525538302,10130.626657405568
forecast_2528,2025-04-16 08:00:00,10481.044258969623,12635.365800604932,9783.852731100194
forecast_2529,2025-04-16 09:00:00,8708.537449687974,10068.954047434408,7267.207907795176
forecast_2530,2025-04-16 10:00:00,8196.638172339442,9786.470479910071,7547.607098736192
forecast_2531,2025-04-16 11:00:00,9968.856571651871,10206.908165862282,10209.186167881451
forecast_2532,2025-04-16 12:00:00,12300.007085299638,12007.831487276728,11290.102415246656
forecast_2533,2025-04-16 13:00:00,13207.62769103348,12810.23155006856,11709.32970672361
forecast_2534,2025-04-16 14:00:00,13701.243476517144,14198.748863348526,12686.081322512442
forecast_2535,2025-04-16 15:00:00,14551.324317018489,15972.760909273426,13681.323908442511
forecast_2536,2025-04-16 16:00:00,15529.05586389239,16789.77168364591,14263.002792665688
forecast_2537,2025-04-16 17:00:00,16448.58906759402,17704.023535159842,15044.800338045407
forecast_2538,2025-04-16 18:00:00,16752.223230641528,18037.933119106943,15255.573851667441
forecast_2539,2025-04-16 19:00:00,16882.70729176325,18481.857106606596,16143.488325579801
forecast_2540,2025-04-16 20:00:00,16937.09672639185,18545.45249431457,16333.375478165499
forecast_2541,2025-04-16 21:00:00,16935.653783349913,18258.054797555975,15834.740504037989
forecast_2542,2025-04-16 22:00:00,16634.531019893417,17979.21977485517,15261.987445417142
forecast_2543,2025-04-16 23:00:00,16362.205509923482,18237.1226518828,14999.11847517807
forecast_2544,2025-04-17 00:00:00,16138.465189089422,18197.960677364514,14758.914373938303
forecast_2545,2025-04-17 01:00:00,14566.235086035731,16828.086869656574,14337.800422441655
forecast_2546,2025-04-17 02:00:00,13984.26304008338,16173.350962665085,13486.321269708196
forecast_2547,2025-04-17 03:00:00,15470.020424673197,17097.476626225718,14713.507177632797
forecast_2548,2025-04-17 04:00:00,14152.373668805758,15945.490286282775,12729.835243417965
forecast_2549,2025-04-17 05:00:00,13607.557457437453,15167.210758090421,12752.523776599995
forecast_2550,2025-04-17 06:00:00,13196.912004621661,14875.557172993978,12585.407609732576
forecast_2551,2025-04-17 07:00:00,12385.826122385106,14180.035287238257,12643.18017397488
forecast_2552,2025-04-17 08:00:00,12893.27983129292,15405.679177511187,13335.266715963831
forecast_2553,2025-04-17 09:00:00,10275.907190711949,12421.454975216351,10779.386446345383
forecast_2554,2025-04-17 10:00:00,8185.4424167191555,10976.550336830182,9140.675873835162
forecast_2555,2025-04-17 11:00:00,7875.995636531433,11730.658403009003,10091.692532312756
forecast_2556,2025-04-17 12:00:00,7922.3140462849,10864.835454415263,10631.205665988142
forecast_2557,2025-04-17 13:00:00,8285.199836170455,9278.084984257302,10530.047635104529
forecast_2558,2025-04-17 14:00:00,9908.675714686182,10599.19152529691,11399.845824276645
forecast_2559,2025-04-17 15:00:00,9717.491831535586,11086.904636519483,11465.66038409378
forecast_2560,2025-04-17 16:00:00,9893.78603157662,12664.322016776256,12195.23257302582
forecast_2561,2025-04-17 17:00:00,9751.797569007094,13778.703307998254,12795.79718005538
forecast_2562,2025-04-17 18:00:00,9953.425363422959,13264.148191718135,13095.477321443728
forecast_2563,2025-04-17 19:00:00,10920.871875677247,12644.454520340838,12198.889793324313
forecast_2564,2025-04-17 20:00:00,13435.898499052773,15131.221676513362,13812.223296310178
forecast_2565,2025-04-17 21:00:00,12272.09330203477,13801.45585919538,12376.164635742458
forecast_2566,2025-04-17 22:00:00,13509.504037475035,14812.01990740936,13269.348231987795
forecast_2567,2025-04-17 23:00:00,12173.53069862808,14546.207041405074,12690.774879134966
forecast_2568,2025-04-18 00:00:00,15002.514933115477,16639.418407104225,15017.731328063757
forecast_2569,2025-04-18 01:00:00,15494.793256533749,17106.787518469475,14463.571633915528
forecast_2570,2025-04-18 02:00:00,15883.205324245751,17490.092098003915,15358.083968187817
forecast_2571,2025-04-18 03:00:00,16185.320220670867,17981.738897739993,15924.004089469636
forecast_2572,2025-04-18 04:00:00,16676.937321113033,18152.7115126536,15938.104634704892
forecast_2573,2025-04-18 05:00:00,16130.006466720612,17253.361923278044,14970.304561906463
forecast_2574,2025-04-18 06:00:00,15200.338033537284,15867.7345974399,13496.487939552515
forecast_2575,2025-04-18 07:00:00,13291.424876933825,13624.29309186259,11576.620104126163
forecast_2576,2025-04-18 08:00:00,12449.966085716465,13240.242331848101,11749.907337986466
forecast_2577,2025-04-18 09:00:00,10800.718130886584,11200.393487019783,9790.864263660867
forecast_2578,2025-04-18 10:00:00,10308.494130687297,10702.03832810837,10141.163525482447
forecast_2579,2025-04-18 11:00:00,10427.171843675887,10489.703635357533,10164.518305868452
forecast_2580,2025-04-18 12:00:00,11209.021516048573,10833.864340817086,10660.413078877995
forecast_2581,2025-04-18 13:00:00,9842.971349121064,10325.21288237395,9988.953903543483
forecast_2582,2025-04-18 14:00:00,9850.219594029359,9809.025286151476,9052.133068137071
forecast_2583,2025-04-18 15:00:00,9078.5028236887,9173.301496426086,8313.241380314783
forecast_2584,2025-04-18 16:00:00,8237.572019728284,9483.69968129878,7746.096006671593
forecast_2585,2025-04-18 17:00:00,6524.056062445393,7069.465454502866,7164.319865550259
forecast_2586,2025-04-18 18:00:00,8512.236492115215,8844.864871916217,8961.850837062835
forecast_2587,2025-04-18 19:00:00,8248.237150526467,10129.22167009614,8864.8473257573
forecast_2588,2025-04-18 20:00:00,10368.841792137036,11317.032386572162,9967.834511907966
forecast_2589,2025-04-18 21:00:00,10707.492085800706,12554.639459348733,10658.52397684754
forecast_2590,2025-04-18 22:00:00,11240.546759124485,13334.443091490812,10666.356514380905
forecast_2591,2025-04-18 23:00:00,8889.983122339418,11172.452249636255,7894.5255084073615
forecast_2592,2025-04-19 00:00:00,9980.374993873167,12238.07146771737,9356.041421444887
forecast_2593,2025-04-19 01:00:00,9201.371788319304,11836.968664594386,8202.05149064433
forecast_2594,2025-04-19 02:00:00,10541.560278150178,12483.293385972729,9568.874889592764
forecast_2595,2025-04-19 03:00:00,12649.527988091166,13775.629997578268,11769.084211749743
forecast_2596,2025-04-19 04:00:00,10981.895207075948,12908.639881770698,10461.382732005872
forecast_2597,2025-04-19 05:00:00,10968.069006696327,12559.482811375368,10313.286516026323
forecast_2598,2025-04-19 06:00:00,11131.402958541128,11818.537783371912,10054.727178554276
forecast_2599,2025-04-19 07:00:00,11131.906560580419,12438.194969989043,10243.163046425772
forecast_2600,2025-04-19 08:00:00,10572.4804486993,12437.58227275093,11259.090229636548
forecast_2601,2025-04-19 09:00:00,10548.702678303745,12388.871331111512,10894.616996134399
forecast_2602,2025-04-19 10:00:00,10151.956714157177,11400.139543713276,11975.279629152132
forecast_2603,2025-04-19 11:00:00,11100.505661324827,12645.435488878185,11499.20816365798
forecast_2604,2025-04-19 12:00:00,13002.069246161596,16415.786105999836,14106.492541042773
forecast_2605,2025-04-19 13:00:00,14778.712755732611,16781.713384718867,15185.559050474782
forecast_2606,2025-04-19 14:00:00,15381.656161243036,17175.7203593584,15592.264343820014
forecast_2607,2025-04-19 15:00:00,15543.18548026766,17572.406171727263,15514.58305613334
forecast_2608,2025-04-19 16:00:00,15932.36112569593,17747.951184935857,14958.038400975105
forecast_2609,2025-04-19 17:00:00,16713.942988930015,17994.480499790134,15221.517921838597
forecast_2610,2025-04-19 18:00:00,16855.87722993984,17995.89321283001,15867.932437655898
forecast_2611,2025-04-19 19:00:00,16524.212486761844,17287.757173829996,14529.87320567272
forecast_2612,2025-04-19 20:00:00,15371.336636469718,15981.98818148329,13000.374983961292
forecast_2613,2025-04-19 21:00:00,14672.637106259881,15313.589127862066,12732.958547774584
forecast_2614,2025-04-19 22:00:00,11477.811956561274,11996.751949394938,10986.709351617807
forecast_2615,2025-04-19 23:00:00,10013.49153891284,10100.660334474323,9284.13538799957
forecast_2616,2025-04-20 00:00:00,8556.537533034705,9518.409965113924,8032.761597339972
forecast_2617,2025-04-20 01:00:00,8377.443781467828,9335.16214428254,7490.383014996964
forecast_2618,2025-04-20 02:00:00,6329.3361885798095,7217.7987078202605,5360.101141417985
forecast_2619,2025-04-20 03:00:00,3310.380677897008,3940.2313788400506,3584.901463050482
forecast_2620,2025-04-20 04:00:00,2252.9604596297963,2557.122594952639,2340.8022977068354
forecast_2621,2025-04-20 05:00:00,1876.8140490128064,1873.0068978707861,984.8930345504913
forecast_2622,2025-04-20 06:00:00,1316.5762423932576,1248.3026107311493,576.4130191106804
forecast_2623,2025-04-20 07:00:00,961.9156961209482,845.5464318203389,343.6804707180916
forecast_2624,2025-04-20 08:00:00,855.5017006035051,807.7017423374541,310.34438770075536
forecast_2625,2025-04-20 09:00:00,568.7913907438895,650.9886711429587,282.5616734108546
forecast_2626,2025-04-20 10:00:00,338.2488973713886,331.02286993896087,251.74562532475738
forecast_2627,2025-04-20 11:00:00,292.9714910923698,321.16512259976656,250.49645008723166
forecast_2628,2025-04-20 12:00:00,294.5719038144559,317.05963458602764,241.32240504317272
forecast_2629,2025-04-20 13:00:00,279.2425959327568,341.5050844127085,253.50990059639616
forecast_2630,2025-04-20 14:00:00,284.5634391937634,333.85559695955834,252.8629974106147
forecast_2631,2025-04-20 15:00:00,282.6222991822486,345.8606624001664,274.53585079423834
forecast_2632,2025-04-20 16:00:00,311.0388259471022,370.5362506838468,256.4186966801804
forecast_2633,2025-04-20 17:00:00,319.76188440532974,354.94056980068495,241.5964257462219
forecast_2634,2025-04-20 18:00:00,471.6967754041745,432.994034119478,265.48359937702605
forecast_2635,2025-04-20 19:00:00,852.1838183296335,743.1009383853462,298.5161239139782
forecast_2636,2025-04-20 20:00:00,1015.4944880113484,876.6204063989351,346.1583532585504
forecast_2637,2025-04-20 21:00:00,1013.864256988474,874.507908456338,347.4760322256695
forecast_2638,2025-04-20 22:00:00,1365.328235795642,1305.9226110936108,475.2303409123294
forecast_2639,2025-04-20 23:00:00,1228.184877591413,1259.0905714676583,400.83261123155404
forecast_2640,2025-04-21 00:00:00,1197.7196703700656,1246.2488716728649,392.0184261481402
forecast_2641,2025-04-21 01:00:00,1139.952502443921,935.1108631124911,379.3641018342638
forecast_2642,2025-04-21 02:00:00,1176.5940296539407,1170.8175817352712,389.89638682823454
forecast_2643,2025-04-21 03:00:00,1228.2999323355623,1080.0434415090913,388.0613795843975
forecast_2644,2025-04-21 04:00:00,1239.3501578698945,1121.0994845142448,386.9446358608692
forecast_2645,2025-04-21 05:00:00,1385.669769645094,1182.6951596486138,407.2872719642952
forecast_2646,2025-04-21 06:00:00,1428.0068293709799,1300.657405469813,469.7959241466986
forecast_2647,2025-04-21 07:00:00,1696.3842686344053,1635.1777104013834,603.5981860500696
forecast_2648,2025-04-21 08:00:00,1824.0919524789474,1673.9893668932268,616.9919620406454
forecast_2649,2025-04-21 09:00:00,1511.167582082227,1321.39246670315,688.4665447596207
forecast_2650,2025-04-21 10:00:00,960.7810810216507,1080.7380185884192,565.9757267629128
forecast_2651,2025-04-21 11:00:00,1375.7662877683956,1794.9978683590828,846.8902042707504
forecast_2652,2025-04-21 12:00:00,1798.8373133402313,2140.2529378373792,1613.364277029495
forecast_2653,2025-04-21 13:00:00,2393.341978922445,2191.7700518601714,2358.418710711502
forecast_2654,2025-04-21 14:00:00,2319.8414052821836,2573.9958059413407,2380.442594065852
forecast_2655,2025-04-21 15:00:00,2343.295593662306,2605.595414226787,2145.043923158779
forecast_2656,2025-04-21 16:00:00,1557.8968565027792,2540.6853198671743,2248.0376422914937
forecast_2657,2025-04-21 17:00:00,1480.64267429651,1810.341732567366,1342.3201301872584
forecast_2658,2025-04-21 18:00:00,1507.4006993639696,1871.1511564396371,1040.1765493975524
forecast_2659,2025-04-21 19:00:00,2191.5352743244316,2411.0224115551728,1056.9862679255898
forecast_2660,2025-04-21 20:00:00,4365.336627927708,5180.273178362194,2958.4952749608433
forecast_2661,2025-04-21 21:00:00,4573.206011271885,6187.1769711287825,3019.5762090099593
forecast_2662,2025-04-21 22:00:00,5767.727833781936,6964.431152602389,3456.866545648787
forecast_2663,2025-04-21 23:00:00,6189.443260643869,7145.3128200227375,4287.440928544012
forecast_2664,2025-04-22 00:00:00,6239.162577674816,7552.488856697822,4639.442037802714
forecast_2665,2025-04-22 01:00:00,7288.686089420661,8900.923827724819,5720.629891930986
forecast_2666,2025-04-22 02:00:00,7558.742535147452,9313.925139150302,5895.303491955509
forecast_2667,2025-04-22 03:00:00,6720.413641689931,8478.783188187685,5163.0535555534025
forecast_2668,2025-04-22 04:00:00,6518.421511282911,8486.287143248815,4884.565473315758
forecast_2669,2025-04-22 05:00:00,5742.744832717388,7299.676885352559,4205.971077801067
forecast_2670,2025-04-22 06:00:00,4839.397093890661,5171.47653701149,3009.5439576630965
forecast_2671,2025-04-22 07:00:00,2490.9550489460794,2925.7757795105354,1352.3383021694171
forecast_2672,2025-04-22 08:00:00,2273.7054860572875,2386.362988974012,1077.0413467933367
forecast_2673,2025-04-22 09:00:00,3606.6709117535997,5069.674076658519,2887.714694267686
forecast_2674,2025-04-22 10:00:00,4868.367026867074,7582.21194672043,4602.689858293003
forecast_2675,2025-04-22 11:00:00,7385.084001039739,8249.46814824262,6618.081739018803
forecast_2676,2025-04-22 12:00:00,8269.184123180014,9443.683108585916,7912.017108626732
forecast_2677,2025-04-22 13:00:00,9036.693368532407,11697.647349666664,8059.551746278392
forecast_2678,2025-04-22 14:00:00,8418.464232869248,9960.63174663096,7340.083571131052
forecast_2679,2025-04-22 15:00:00,5626.347769065144,6716.00725564271,3508.7611365379908
forecast_2680,2025-04-22 16:00:00,3791.361192589495,4445.2639771083,2975.567173528977
forecast_2681,2025-04-22 17:00:00,2415.5044309337836,2727.404607698417,1657.8764311031232
forecast_2682,2025-04-22 18:00:00,2323.4309704106845,2091.5107646449987,1147.090157343886
forecast_2683,2025-04-22 19:00:00,2449.6545701613445,2798.1947663840056,1911.2514898424831
forecast_2684,2025-04-22 20:00:00,4365.1701579554465,4559.2644994051325,2212.979464984647
forecast_2685,2025-04-22 21:00:00,3337.4611602207556,3647.035802788926,1835.6297477039905
forecast_2686,2025-04-22 22:00:00,2754.1918344461296,3088.672363201595,1750.2808410019563
forecast_2687,2025-04-22 23:00:00,2786.5599273969483,2906.400286483745,1701.0319105028434
forecast_2688,2025-04-23 00:00:00,2464.258744141639,2555.0112982329456,1573.3007643767453
forecast_2689,2025-04-23 01:00:00,4976.95213296766,5540.805800890462,3660.479099870243
forecast_2690,2025-04-23 02:00:00,3911.3519403044515,4978.719618526698,3405.1700221366164
forecast_2691,2025-04-23 03:00:00,3474.757411590982,4729.212608178082,2741.2856978627765
forecast_2692,2025-04-23 04:00:00,3756.1036540894343,3814.481047779165,2213.289513641824
forecast_2693,2025-04-23 05:00:00,3147.4912419475127,3647.6455129271976,1966.3408940811628
forecast_2694,2025-04-23 06:00:00,2842.584399502655,2923.5889395890194,1722.51387462986
forecast_2695,2025-04-23 07:00:00,2561.887753472546,2775.451847887403,1557.7689258126677
forecast_2696,2025-04-23 08:00:00,1742.6765107014412,2015.7732699726723,1156.638458964216
forecast_2697,2025-04-23 09:00:00,910.7268516676053,1089.2548603946227,865.7161383165299
forecast_2698,2025-04-23 10:00:00,588.8434000931146,788.1908766171081,587.317694756961
forecast_2699,2025-04-23 11:00:00,448.386651800771,613.7490834076305,539.965503377675
forecast_2700,2025-04-23 12:00:00,473.00280212438037,564.8221956172899,455.0363502132548
forecast_2701,2025-04-23 13:00:00,448.732656130676,516.5220209848773,438.2626886759048
forecast_2702,2025-04-23 14:00:00,438.4978322635836,526.413864817955,363.85849590672854
forecast_2703,2025-04-23 15:00:00,674.0984255052044,665.7618276085125,424.0530588938924
forecast_2704,2025-04-23 16:00:00,1136.9013397349424,1390.4309016584782,819.6786907448053
forecast_2705,2025-04-23 17:00:00,1484.0962746987316,2140.754498093037,1132.087297774925
forecast_2706,2025-04-23 18:00:00,1995.5342549614945,2539.0069058995155,1411.7392156887022
forecast_2707,2025-04-23 19:00:00,2172.7194452519902,2948.8213267361616,1448.9757750426763
forecast_2708,2025-04-23 20:00:00,4127.5037737794555,4589.13206656152,2978.84330585482
forecast_2709,2025-04-23 21:00:00,5043.806939047753,6082.364936592448,3761.168633752027
forecast_2710,2025-04-23 22:00:00,6508.942214773556,7753.0864149799045,5579.16611122567
forecast_2711,2025-04-23 23:00:00,7634.642263488204,9043.110919360139,6980.892962469385
forecast_2712,2025-04-24 00:00:00,9952.301034470376,11746.720748026415,9125.944462474416
forecast_2713,2025-04-24 01:00:00,9841.046757858974,10613.121033925028,8439.364782773673
forecast_2714,2025-04-24 02:00:00,10291.493763252412,10835.561921793564,8752.65119828011
forecast_2715,2025-04-24 03:00:00,10738.162442809715,12177.062914798526,9948.671964213898
forecast_2716,2025-04-24 04:00:00,11782.733680709596,12385.206852310892,10430.914086071123
forecast_2717,2025-04-24 05:00:00,13627.493371958155,14222.05152950349,12458.359763596363
forecast_2718,2025-04-24 06:00:00,13757.880859048246,14227.969333104847,11597.019607932163
forecast_2719,2025-04-24 07:00:00,13745.374685028064,14120.80912837758,9736.7666334219
forecast_2720,2025-04-24 08:00:00,12469.17528700859,13251.183796641573,8358.698402115731
forecast_2721,2025-04-24 09:00:00,9467.934996819558,10747.750804268348,7595.774376572148
forecast_2722,2025-04-24 10:00:00,7378.7362682067205,8636.44161213167,7128.94060191262
forecast_2723,2025-04-24 11:00:00,9083.83733440165,10127.746143780876,9296.944322143507
forecast_2724,2025-04-24 12:00:00,10619.294329072565,11373.524344041081,10778.617068980664
forecast_2725,2025-04-24 13:00:00,12540.182250341555,13241.94910816596,11999.447311488202
forecast_2726,2025-04-24 14:00:00,14664.66098942365,14705.897225503304,12841.238825954242
forecast_2727,2025-04-24 15:00:00,15125.711919377187,15849.401250293187,13501.273720626077
forecast_2728,2025-04-24 16:00:00,15557.88548791904,16467.2142376454,13600.448627048663
forecast_2729,2025-04-24 17:00:00,15727.528007449984,16492.01874836509,13258.782553399687
forecast_2730,2025-04-24 18:00:00,16384.128186430607,17118.685838353183,13716.366975200299
forecast_2731,2025-04-24 19:00:00,16399.352697723818,17664.208766220814,13611.437455043866
forecast_2732,2025-04-24 20:00:00,16079.405388247356,17226.67706273231,13609.415815845332
forecast_2733,2025-04-24 21:00:00,15821.596123738787,16809.812205126516,13932.281471602219
forecast_2734,2025-04-24 22:00:00,15825.537642971003,16319.91096795522,12980.52721721771
forecast_2735,2025-04-24 23:00:00,15094.119276703645,14636.304202310965,11864.802013729337
forecast_2736,2025-04-25 00:00:00,14729.14076411933,13703.119247501127,10516.081668967397
forecast_2737,2025-04-25 01:00:00,12802.694329354847,11720.869209623475,9864.447702711159
forecast_2738,2025-04-25 02:00:00,12627.928425717158,11756.330298137758,9241.082023294653
forecast_2739,2025-04-25 03:00:00,12775.539733352402,11429.536871071617,8847.72920891266
forecast_2740,2025-04-25 04:00:00,12607.311255523302,11368.237991661854,8308.92552832473
forecast_2741,2025-04-25 05:00:00,12347.907898775296,11370.048088974156,8003.470167925257
forecast_2742,2025-04-25 06:00:00,12283.751440933918,11700.3689098123,7745.696743439828
forecast_2743,2025-04-25 07:00:00,11876.226841360045,11594.785414817448,7775.947607938428
forecast_2744,2025-04-25 08:00:00,12586.905992810456,11820.421717049578,8174.144748469852
forecast_2745,2025-04-25 09:00:00,11847.235605966738,10983.047136268617,8007.3509420827795
forecast_2746,2025-04-25 10:00:00,11686.66379560863,11150.554739868781,8086.517158555405
forecast_2747,2025-04-25 11:00:00,12044.044004445885,11449.697433877918,8427.798193027334
forecast_2748,2025-04-25 12:00:00,11883.168739977382,11013.55327106932,8326.975042345273
forecast_2749,2025-04-25 13:00:00,11653.170485147284,10812.80811034373,8267.6640518607
forecast_2750,2025-04-25 14:00:00,11428.897742792655,10630.545825660209,7933.773512973201
forecast_2751,2025-04-25 15:00:00,11394.874443138075,10653.233955813854,8360.999241345644
forecast_2752,2025-04-25 16:00:00,11790.221523720138,10930.123783009043,8627.34062452099
forecast_2753,2025-04-25 17:00:00,11930.92795030449,11345.673085698147,8381.260473634544
forecast_2754,2025-04-25 18:00:00,11900.88642944753,11817.68697100783,8144.213391279841
forecast_2755,2025-04-25 19:00:00,11122.07626702658,10015.661855691358,7785.0149465226095
forecast_2756,2025-04-25 20:00:00,12220.248077293563,11165.98541891137,9512.891247340482
forecast_2757,2025-04-25 21:00:00,14090.814590398244,13116.675234086548,12025.932960729693
forecast_2758,2025-04-25 22:00:00,14544.873419727099,14543.823221167213,13331.53536652678
forecast_2759,2025-04-25 23:00:00,11421.924838855859,12261.697985615476,10699.47081277399
forecast_2760,2025-04-26 00:00:00,10178.995725393619,11143.334337543047,8551.788073529671
forecast_2761,2025-04-26 01:00:00,10389.80969330872,11657.78892725105,8508.860147750662
forecast_2762,2025-04-26 02:00:00,11845.280216853671,13643.299214934803,9481.804026891983
forecast_2763,2025-04-26 03:00:00,14356.463516141232,14662.153782082847,11517.559896689978
forecast_2764,2025-04-26 04:00:00,14143.347239909304,14404.442502138316,10903.309457633615
forecast_2765,2025-04-26 05:00:00,14165.77391433514,14996.983586964412,11196.77862526403
forecast_2766,2025-04-26 06:00:00,14610.588916094714,15388.046930994256,11880.794439413323
forecast_2767,2025-04-26 07:00:00,14323.320828576405,14841.674068044906,12053.66642557233
forecast_2768,2025-04-26 08:00:00,13817.80568201653,13529.489290105765,12492.165213204422
forecast_2769,2025-04-26 09:00:00,12862.908242403546,13669.123897009895,11809.402386566078
forecast_2770,2025-04-26 10:00:00,12438.075851179048,13584.984056100013,12412.4792244926
forecast_2771,2025-04-26 11:00:00,13122.391156885078,13746.596845579146,12409.867760809835
forecast_2772,2025-04-26 12:00:00,13731.676179888347,13818.186315397028,13101.144633964936
forecast_2773,2025-04-26 13:00:00,13671.362438905793,13457.067014090895,13122.24286088046
forecast_2774,2025-04-26 14:00:00,14296.021425323741,13478.820767404777,13301.818623520741
forecast_2775,2025-04-26 15:00:00,15166.881581990145,15110.991936121827,13907.399240155257
forecast_2776,2025-04-26 16:00:00,15259.647048887884,15292.59603033393,13887.494504457303
forecast_2777,2025-04-26 17:00:00,16085.50086168721,16406.63192986447,14645.915164968355
forecast_2778,2025-04-26 18:00:00,16815.01383099748,17016.08706625844,15133.005468426361
forecast_2779,2025-04-26 19:00:00,16981.816206747524,17666.534926690707,15773.144312812818
forecast_2780,2025-04-26 20:00:00,17349.856368555094,18080.790956748653,16219.513219742887
forecast_2781,2025-04-26 21:00:00,17344.283898637503,18274.88392834664,16638.992024547468
forecast_2782,2025-04-26 22:00:00,17866.012895833977,18550.822340019302,16367.466282178922
forecast_2783,2025-04-26 23:00:00,17824.224530063428,18819.83026507211,15744.754290741397
forecast_2784,2025-04-27 00:00:00,18228.620263851153,18848.678836292987,16154.860567602218
forecast_2785,2025-04-27 01:00:00,17810.81775857124,18827.037642543706,15838.180812565919
forecast_2786,2025-04-27 02:00:00,17863.55993037327,18825.573554097395,15934.20344863384
forecast_2787,2025-04-27 03:00:00,18067.873454437864,18933.39360745448,15508.366898540558
forecast_2788,2025-04-27 04:00:00,18011.253716470008,18807.770477659567,15120.384589055971
forecast_2789,2025-04-27 05:00:00,17681.2410825377,18559.57630240642,15024.690094976126
forecast_2790,2025-04-27 06:00:00,17566.395331878728,18086.326333731166,14179.994440170074
forecast_2791,2025-04-27 07:00:00,16843.801134077028,17512.473656017894,13848.315014374339
forecast_2792,2025-04-27 08:00:00,16205.840229710857,17319.069068082703,13584.260242706949
forecast_2793,2025-04-27 09:00:00,15255.56294841716,16640.947002954625,13243.015125278687
forecast_2794,2025-04-27 10:00:00,15465.037523250212,16885.078269628764,13889.19414985053
forecast_2795,2025-04-27 11:00:00,15507.99204401716,16943.2401751795,14071.787167060469
forecast_2796,2025-04-27 12:00:00,16190.181057423491,17274.205545495934,14669.310873783923
forecast_2797,2025-04-27 13:00:00,16026.925260676424,17091.59448015671,14201.751761262502
forecast_2798,2025-04-27 14:00:00,15610.360977115322,16724.425735948458,13758.061503362074
forecast_2799,2025-04-27 15:00:00,15451.442290828196,16564.171247414968,13510.026815172725
forecast_2800,2025-04-27 16:00:00,15573.735756827573,16697.168524351593,13894.766394316759
forecast_2801,2025-04-27 17:00:00,16065.011590272881,16810.59258988875,14058.211686082894
forecast_2802,2025-04-27 18:00:00,15793.21375812826,16958.095602336292,14518.68782431058
forecast_2803,2025-04-27 19:00:00,15653.908397098827,16950.08231363287,14453.63540527338
forecast_2804,2025-04-27 20:00:00,15952.386669647234,16931.83093604944,14732.238922866696
forecast_2805,2025-04-27 21:00:00,15603.000070776012,16454.739056736653,14164.94975390843
forecast_2806,2025-04-27 22:00:00,16642.857029655763,18094.996226503612,14548.606435216827
forecast_2807,2025-04-27 23:00:00,16935.16418827755,18037.572743797584,14942.574136394496
forecast_2808,2025-04-28 00:00:00,15981.023323136444,17124.721659150593,14175.967609073095
forecast_2809,2025-04-28 01:00:00,14568.339197672658,15609.197903954604,13763.43865310463
forecast_2810,2025-04-28 02:00:00,13700.537284964474,15174.057223230184,12957.090588004534
forecast_2811,2025-04-28 03:00:00,14279.74399110916,15516.278417826967,13469.977067268195
forecast_2812,2025-04-28 04:00:00,12963.577127701057,15165.826019850881,12210.376205326564
forecast_2813,2025-04-28 05:00:00,11499.397584072394,13369.099440512216,10253.61785716861
forecast_2814,2025-04-28 06:00:00,9976.115991032848,11031.989299592919,8759.818252270165
forecast_2815,2025-04-28 07:00:00,9116.451912260927,10574.07838036262,7294.885015947826
forecast_2816,2025-04-28 08:00:00,7623.53410832386,7709.986428819844,5070.369309989489
forecast_2817,2025-04-28 09:00:00,5002.959912476456,4981.326194793047,3182.083920279293
forecast_2818,2025-04-28 10:00:00,6105.63563066807,5758.01693736042,4060.3000374313083
forecast_2819,2025-04-28 11:00:00,8687.585103244954,8477.225572988646,6452.129866444934
forecast_2820,2025-04-28 12:00:00,11880.435737586844,11342.800373048432,8664.186526894755
forecast_2821,2025-04-28 13:00:00,12850.413815167569,11481.058344097703,9389.480964698036
forecast_2822,2025-04-28 14:00:00,12896.650271630002,11418.96741813133,8930.135892233455
forecast_2823,2025-04-28 15:00:00,11795.771590440965,10649.344699999938,8049.42445208566
forecast_2824,2025-04-28 16:00:00,8197.239632553094,6674.779351942226,5079.890434630466
forecast_2825,2025-04-28 17:00:00,5802.73343031435,4882.495503889576,3263.5244394469073
forecast_2826,2025-04-28 18:00:00,4962.332062120984,3910.9691507285074,2640.556159207516
forecast_2827,2025-04-28 19:00:00,4281.610880578353,4010.8051640517297,2846.044755116189
forecast_2828,2025-04-28 20:00:00,4843.622235658195,4370.436943611419,3107.163037613699
forecast_2829,2025-04-28 21:00:00,5372.167131069494,5031.305945562562,3586.693187467316
forecast_2830,2025-04-28 22:00:00,4552.101572971512,4744.7982060826635,3447.966986330649
forecast_2831,2025-04-28 23:00:00,3935.8433219014214,3725.980693143623,3171.664311122672
forecast_2832,2025-04-29 00:00:00,3239.5900834935865,3202.8968045661345,2376.3043896003956
forecast_2833,2025-04-29 01:00:00,3030.5950017177897,2867.5967880958065,1883.819691695116
forecast_2834,2025-04-29 02:00:00,2620.2242388351374,2386.316333026395,1484.4736158510543
forecast_2835,2025-04-29 03:00:00,2176.261533869133,1978.31609380644,1311.6336592809673
forecast_2836,2025-04-29 04:00:00,1979.6596199332591,1848.1546526013497,1417.9545607583727
forecast_2837,2025-04-29 05:00:00,2919.403444274448,2898.7083847485383,2327.012947967058
forecast_2838,2025-04-29 06:00:00,4550.305796974873,4317.5625463094,3196.7270467608414
forecast_2839,2025-04-29 07:00:00,5852.071689736323,5839.331517057878,3647.5742318392427
forecast_2840,2025-04-29 08:00:00,5732.8357830040395,6391.713621808541,4360.543446146966
forecast_2841,2025-04-29 09:00:00,7034.07750399707,7803.085484229857,5342.292936301076
forecast_2842,2025-04-29 10:00:00,8103.271308693855,9084.906538992127,6780.318718333893
forecast_2843,2025-04-29 11:00:00,7307.344500877036,7132.404129416411,6056.025299811491
forecast_2844,2025-04-29 12:00:00,7190.405153193164,7004.802710925116,6575.293918554915
forecast_2845,2025-04-29 13:00:00,6982.19837017948,7199.324613499277,6712.530482307558
forecast_2846,2025-04-29 14:00:00,6508.242136232652,6718.7597202925845,6565.568684974674
forecast_2847,2025-04-29 15:00:00,7971.271460895001,7660.152628919454,8873.439302251558
forecast_2848,2025-04-29 16:00:00,8518.828696663133,8780.405633722241,9114.060539995493
forecast_2849,2025-04-29 17:00:00,8120.764527966265,7249.083895169871,7946.3242147420015
forecast_2850,2025-04-29 18:00:00,5480.8889978887455,6221.729848105612,5737.1755273221215
forecast_2851,2025-04-29 19:00:00,6535.330706923286,8595.031361041936,7209.652611896125
forecast_2852,2025-04-29 20:00:00,10616.97935981943,12345.446179233866,11079.62798309225
forecast_2853,2025-04-29 21:00:00,12863.190227977308,14287.325590042603,13188.958040442267
forecast_2854,2025-04-29 22:00:00,15845.241986997065,16999.19362156861,15381.483269810811
forecast_2855,2025-04-29 23:00:00,16885.99973772032,17940.19057211311,15823.76366796153
forecast_2856,2025-04-30 00:00:00,17272.286601694832,18471.168804000095,15446.665833354395
forecast_2857,2025-04-30 01:00:00,14471.278593466004,16097.817522121464,13753.556013175601
forecast_2858,2025-04-30 02:00:00,14896.827436888001,16521.422369805663,14379.426520808478
forecast_2859,2025-04-30 03:00:00,15729.192908855675,17262.433662912303,15355.744163184545
forecast_2860,2025-04-30 04:00:00,15989.468523558016,17508.290307078147,15000.474566092742
forecast_2861,2025-04-30 05:00:00,16081.064417959975,17601.876277065872,14858.64863045428
forecast_2862,2025-04-30 06:00:00,15821.933337691782,17315.944384384045,14355.035251819269
forecast_2863,2025-04-30 07:00:00,15216.72318122757,16684.191194886287,13161.26033091609
forecast_2864,2025-04-30 08:00:00,13190.239863846231,14806.845809850589,13027.32881639058
forecast_2865,2025-04-30 09:00:00,14375.75783947561,15573.212885000328,13289.322053468037
forecast_2866,2025-04-30 10:00:00,12335.471761544071,14186.24469771327,12253.492775414208
forecast_2867,2025-04-30 11:00:00,11116.307738082336,13193.382977858539,11982.716035017067
forecast_2868,2025-04-30 12:00:00,10661.847697644023,12180.02115420177,11558.074416743491
forecast_2869,2025-04-30 13:00:00,10561.95779814425,11671.074182292099,11167.337546675104
forecast_2870,2025-04-30 14:00:00,9108.143041267651,11059.078052501098,10923.53510684062
forecast_2871,2025-04-30 15:00:00,8247.056951794864,11045.041787085087,10574.755791608015
forecast_2872,2025-04-30 16:00:00,7587.2821314225885,10072.592595928882,9724.682579919343
forecast_2873,2025-04-30 17:00:00,6717.105269935981,8383.699925657442,8680.745831561999
forecast_2874,2025-04-30 18:00:00,5162.318937030414,6520.939206932684,5204.871952858127
forecast_2875,2025-04-30 19:00:00,4737.42852263374,4967.559535184068,3200.865035637071
forecast_2876,2025-04-30 20:00:00,4486.52297383262,5427.664836013277,2981.003409881439
forecast_2877,2025-04-30 21:00:00,6532.868923990817,7343.684284894114,4632.332930531204
forecast_2878,2025-04-30 22:00:00,8103.210483685626,9329.742734251358,5792.959829513732
forecast_2879,2025-04-30 23:00:00,8424.944908880952,9583.002796210767,6520.004859644789
forecast_2880,2025-05-01 00:00:00,8229.524388039374,9258.686387272359,6184.960822956009
forecast_2881,2025-05-01 01:00:00,8454.027486427494,8447.59242061982,6108.972655312412
forecast_2882,2025-05-01 02:00:00,8929.069861641465,9183.670287469447,6817.510251240625
forecast_2883,2025-05-01 03:00:00,9930.035773339365,11681.195860176344,8626.048028884878
forecast_2884,2025-05-01 04:00:00,11297.76259661111,12906.605355222555,9598.312169854953
forecast_2885,2025-05-01 05:00:00,11789.896516889457,13300.830061672059,10245.448040534535
forecast_2886,2025-05-01 06:00:00,12086.890906924595,13468.252514538623,11025.53678183726
forecast_2887,2025-05-01 07:00:00,12284.18007781881,14454.236439012344,11817.235234131582
forecast_2888,2025-05-01 08:00:00,11906.784815292891,14632.450328801751,12390.061399704366
forecast_2889,2025-05-01 09:00:00,11513.692510316763,13846.796342168765,12396.23338556672
forecast_2890,2025-05-01 10:00:00,10501.84562432202,13322.980127373283,12949.210485258518
forecast_2891,2025-05-01 11:00:00,10483.879626851976,13660.441708584189,12953.180615346564
forecast_2892,2025-05-01 12:00:00,10452.594057214796,13439.782655963232,12794.276729440491
forecast_2893,2025-05-01 13:00:00,10620.86934939525,13485.700209979916,12076.579963383188
forecast_2894,2025-05-01 14:00:00,9925.429908844642,12380.561581595384,11158.708012642754
forecast_2895,2025-05-01 15:00:00,9714.96014871946,11967.449425227036,11483.889166748966
forecast_2896,2025-05-01 16:00:00,10952.034605565028,13390.07290923165,12151.762110237358
forecast_2897,2025-05-01 17:00:00,11992.649045819544,14479.71409267454,12855.142140948188
forecast_2898,2025-05-01 18:00:00,11493.653580189124,14137.782814419917,12776.2136040916
forecast_2899,2025-05-01 19:00:00,10777.676245976045,13707.579507917137,11700.650263849977
forecast_2900,2025-05-01 20:00:00,11545.44904359209,14636.192768079904,11731.401393023176
forecast_2901,2025-05-01 21:00:00,10730.375020585434,12265.571535272875,9922.950509170645
forecast_2902,2025-05-01 22:00:00,11559.483403692428,12467.41883344711,9727.752943537365
forecast_2903,2025-05-01 23:00:00,14146.132343416048,14725.560159131373,11618.16274582331
forecast_2904,2025-05-02 00:00:00,15318.534428908415,15914.264497064789,12891.732737050606
forecast_2905,2025-05-02 01:00:00,15431.116618107377,16730.56327073815,13601.266847831506
forecast_2906,2025-05-02 02:00:00,15601.623443221282,16864.40488980907,13684.809338136964
forecast_2907,2025-05-02 03:00:00,15409.229245836237,15607.92086654841,12554.395628588882
forecast_2908,2025-05-02 04:00:00,15405.541270561507,16450.090779848662,13934.294954175311
forecast_2909,2025-05-02 05:00:00,15873.693651655101,17312.954913910795,14018.2269271376
forecast_2910,2025-05-02 06:00:00,14712.857992789008,15734.891123860098,13480.318064142726
forecast_2911,2025-05-02 07:00:00,13868.777329858862,14291.426126309127,12006.008201050094
forecast_2912,2025-05-02 08:00:00,13010.637831345784,13245.520974433162,10055.367506040988
forecast_2913,2025-05-02 09:00:00,12576.284318436012,12096.271068466707,9927.245020762133
forecast_2914,2025-05-02 10:00:00,10348.38521769603,10263.506995999343,8843.972464685297
forecast_2915,2025-05-02 11:00:00,9175.808840886553,8599.29749484669,6276.076755438272
forecast_2916,2025-05-02 12:00:00,7871.73237295079,7415.862588360336,5331.142669817281
forecast_2917,2025-05-02 13:00:00,7325.231949703721,6886.425449312471,5115.918575733777
forecast_2918,2025-05-02 14:00:00,7144.471150014558,6360.268241731725,5324.580584567271
forecast_2919,2025-05-02 15:00:00,6685.099590995575,5611.527955173558,4730.5658593913
forecast_2920,2025-05-02 16:00:00,6616.041271834788,5371.451259669087,4230.765939264182
forecast_2921,2025-05-02 17:00:00,6060.367298956671,5470.563366773044,4415.145163294862
forecast_2922,2025-05-02 18:00:00,7880.410993735551,6909.938361265756,6675.370736227709
forecast_2923,2025-05-02 19:00:00,9448.755282473478,9114.91921905086,8809.204767328954
forecast_2924,2025-05-02 20:00:00,11003.555389913485,11289.35380224071,9878.554651222246
forecast_2925,2025-05-02 21:00:00,11627.548021065968,11960.211280492307,10966.94622585521
forecast_2926,2025-05-02 22:00:00,9479.08303442508,10716.261752412014,8336.47110142287
forecast_2927,2025-05-02 23:00:00,9261.725077262918,10817.153882334906,8194.866904628292
forecast_2928,2025-05-03 00:00:00,9987.812227680011,11748.705573432817,8954.599728599675
forecast_2929,2025-05-03 01:00:00,10616.899926826538,12005.832892621207,9918.878981211772
forecast_2930,2025-05-03 02:00:00,11646.000652010776,12887.367664930027,10936.787127920443
forecast_2931,2025-05-03 03:00:00,10103.26687503801,11763.87994180825,9581.152835152101
forecast_2932,2025-05-03 04:00:00,8171.466997891594,10094.66253045637,6492.991738662285
forecast_2933,2025-05-03 05:00:00,7716.831769370806,9050.853019633994,5819.532019565902
forecast_2934,2025-05-03 06:00:00,5920.874795392776,6809.650324391263,4715.525530615694
forecast_2935,2025-05-03 07:00:00,3808.271625516852,4153.038390268305,2606.951260399649
forecast_2936,2025-05-03 08:00:00,3410.8819435015757,3246.1184401287455,2326.2762029916867
forecast_2937,2025-05-03 09:00:00,4606.490055913059,5686.435032192412,3921.483236965044
forecast_2938,2025-05-03 10:00:00,6345.693348718433,8210.458442033952,5017.349451586769
forecast_2939,2025-05-03 11:00:00,10262.876243397017,11844.781645132265,9495.751663812973
forecast_2940,2025-05-03 12:00:00,10713.223907944126,12054.999550719098,11329.087581836346
forecast_2941,2025-05-03 13:00:00,11222.169178735438,12851.720146492224,12050.643538961378
forecast_2942,2025-05-03 14:00:00,12174.104261377473,12390.768653768848,11505.967244291429
forecast_2943,2025-05-03 15:00:00,12781.67882842853,12985.825861290556,12488.274646831445
forecast_2944,2025-05-03 16:00:00,13273.849061982248,13105.563979101655,12419.152599838168
forecast_2945,2025-05-03 17:00:00,11293.515283865323,10133.073530736305,9494.948699921953
forecast_2946,2025-05-03 18:00:00,11251.919654967243,10719.058756608905,8838.97670309134
forecast_2947,2025-05-03 19:00:00,11883.70353411981,11858.93017192138,10776.782295712474
forecast_2948,2025-05-03 20:00:00,13877.398310936542,14118.772817779181,12518.242380134287
forecast_2949,2025-05-03 21:00:00,13096.11658292572,12715.277470503343,11484.294202222316
forecast_2950,2025-05-03 22:00:00,13053.234712817904,13004.813852717218,11470.447099634654
forecast_2951,2025-05-03 23:00:00,13763.469074732197,13541.820512188162,11552.766213987383
forecast_2952,2025-05-04 00:00:00,14122.230677999769,14168.228903595822,12341.335171257058
forecast_2953,2025-05-04 01:00:00,13404.543298276223,13364.329957344495,12080.668100932897
forecast_2954,2025-05-04 02:00:00,12801.058400571732,12508.657861266549,11554.473683204016
forecast_2955,2025-05-04 03:00:00,12469.1485770463,12105.094499069506,10766.787257455271
forecast_2956,2025-05-04 04:00:00,12908.158260921475,12227.633246598263,10703.92574312375
forecast_2957,2025-05-04 05:00:00,13356.31076009705,13207.174539989352,10925.010614849685
forecast_2958,2025-05-04 06:00:00,13645.553254037473,13280.645303894895,11077.42855672959
forecast_2959,2025-05-04 07:00:00,13829.298016421932,13449.497184674754,9899.965911422007
forecast_2960,2025-05-04 08:00:00,12965.268623126218,12441.046867674962,8576.593558567884
forecast_2961,2025-05-04 09:00:00,13072.837902442849,12020.13448805362,8677.741400651144
forecast_2962,2025-05-04 10:00:00,12734.756176689636,11501.441402146842,9412.662591717368
forecast_2963,2025-05-04 11:00:00,12454.262013964339,12060.695782753904,9654.33601109056
forecast_2964,2025-05-04 12:00:00,12510.143019050263,12792.982387465561,10766.334378718322
forecast_2965,2025-05-04 13:00:00,13951.848338927384,14010.714823698123,11937.093083170583
forecast_2966,2025-05-04 14:00:00,14628.817685041337,15645.436233703595,13311.86520422163
forecast_2967,2025-05-04 15:00:00,14573.549965687887,15597.970963214415,13197.940939561271
forecast_2968,2025-05-04 16:00:00,14699.894715566592,15485.082769483934,12865.711304522742
forecast_2969,2025-05-04 17:00:00,14352.806842246855,15144.590322076398,11895.314770046341
forecast_2970,2025-05-04 18:00:00,14082.688924049357,14435.479786173966,11063.864511993537
forecast_2971,2025-05-04 19:00:00,13505.967563699767,13478.476802944993,10739.584105745103
forecast_2972,2025-05-04 20:00:00,12970.969630175878,11705.287529183075,9920.488482318362
forecast_2973,2025-05-04 21:00:00,11567.123464178536,10172.728551533115,7521.296311601848
forecast_2974,2025-05-04 22:00:00,8756.525496449694,8681.270123055176,6188.262618271913
forecast_2975,2025-05-04 23:00:00,6646.009323327093,6781.15332251652,4734.73715058769
forecast_2976,2025-05-05 00:00:00,6494.005550678061,6609.4715431833,5448.186289864274
forecast_2977,2025-05-05 01:00:00,6278.591971517002,5762.807379271113,5110.609708867806
forecast_2978,2025-05-05 02:00:00,7113.578775274659,7016.780590480659,5537.066741770022
forecast_2979,2025-05-05 03:00:00,7284.201435423387,6380.517645294083,5196.7615689462655
forecast_2980,2025-05-05 04:00:00,4299.004038676395,3973.173098995847,2962.8794679119324
forecast_2981,2025-05-05 05:00:00,2786.7817059749996,2065.327605402915,1848.7246091350291
forecast_2982,2025-05-05 06:00:00,1786.8050976033358,1472.9770950937962,1056.9421743178516
forecast_2983,2025-05-05 07:00:00,1179.6778967100652,1135.5598094095428,456.03150117498245
forecast_2984,2025-05-05 08:00:00,1013.0929892232391,947.9931083556945,351.1437044956107
forecast_2985,2025-05-05 09:00:00,612.8073007618016,512.3758747584814,310.7880312594072
forecast_2986,2025-05-05 10:00:00,393.9921763853064,398.87430650976665,308.703360636274
forecast_2987,2025-05-05 11:00:00,349.70508447702815,379.98038709509433,339.0580566535345
forecast_2988,2025-05-05 12:00:00,410.3312517992852,410.05297183109235,375.68161945607784
forecast_2989,2025-05-05 13:00:00,409.09955234700806,386.0000365355729,336.8354506387063
forecast_2990,2025-05-05 14:00:00,438.5844605038831,435.4171749221357,317.18237095937457
forecast_2991,2025-05-05 15:00:00,542.724788460226,480.8860900019653,383.8600547547839
forecast_2992,2025-05-05 16:00:00,702.4453887604046,716.8286813068318,470.7004086492733
forecast_2993,2025-05-05 17:00:00,1034.4367999079052,956.7601507650268,564.0094794832783
forecast_2994,2025-05-05 18:00:00,1532.1841964251566,1258.257508384737,510.7257694728709
forecast_2995,2025-05-05 19:00:00,3418.869186521621,4052.4080924130353,2358.8766364098497
forecast_2996,2025-05-05 20:00:00,3509.183942133762,3834.2939234035744,2181.42902960278
forecast_2997,2025-05-05 21:00:00,2242.3805976790013,2503.1630568666874,1121.086204962921
forecast_2998,2025-05-05 22:00:00,2728.5273988406343,2522.4386869621676,1068.7256461468833
forecast_2999,2025-05-05 23:00:00,2164.9393810310376,1886.7981278817979,900.2677463976854
forecast_3000,2025-05-06 00:00:00,3083.118184132031,3066.5446935005584,1654.5173714480527
forecast_3001,2025-05-06 01:00:00,1570.5641498751052,1374.636168299207,728.2987702684762
forecast_3002,2025-05-06 02:00:00,1065.2050800406535,942.9491277293764,376.31545885
forecast_3003,2025-05-06 03:00:00,1048.2056613048505,911.1456709282232,452.59890999805344
forecast_3004,2025-05-06 04:00:00,1002.4935979085977,972.6352711702729,382.47363084866976
forecast_3005,2025-05-06 05:00:00,1025.2054208527218,906.7327736995835,454.7085544835732
forecast_3006,2025-05-06 06:00:00,955.5834429023613,871.073926823557,416.4658351039224
forecast_3007,2025-05-06 07:00:00,1045.5377537706504,875.3950802293925,438.74876098809375
forecast_3008,2025-05-06 08:00:00,1100.6013676128948,968.0932413673486,516.4716066109896
forecast_3009,2025-05-06 09:00:00,727.5210161151847,760.1979953137417,455.4547944266305
forecast_3010,2025-05-06 10:00:00,596.1505618620159,723.3115115509421,464.7740565292597
forecast_3011,2025-05-06 11:00:00,404.8035444582691,469.08872758133737,317.6636407083467
forecast_3012,2025-05-06 12:00:00,341.1193042379388,413.04975718377574,329.5325479181641
forecast_3013,2025-05-06 13:00:00,379.33392222461515,461.7283169302869,446.15311737069084
forecast_3014,2025-05-06 14:00:00,453.92974102726527,576.4488809398224,488.1459970441921
forecast_3015,2025-05-06 15:00:00,411.14222527323284,492.040210140005,519.7114631442704
forecast_3016,2025-05-06 16:00:00,441.0334240687654,431.35952401112354,378.24763853728166
forecast_3017,2025-05-06 17:00:00,587.1411277458484,484.89074241025054,395.76099003632356
forecast_3018,2025-05-06 18:00:00,839.0066332078372,751.4152708290887,422.52029024539087
forecast_3019,2025-05-06 19:00:00,1025.2420035097982,829.872872234403,514.4351345407708
forecast_3020,2025-05-06 20:00:00,1096.5349904763682,911.3982297626205,415.8102091052064
forecast_3021,2025-05-06 21:00:00,1250.0743898841504,1252.821258427343,806.49290454927
forecast_3022,2025-05-06 22:00:00,1840.7275130905994,1788.396995489549,1281.486484403054
forecast_3023,2025-05-06 23:00:00,1895.526811007614,1864.8177288993224,1376.2864091558802
forecast_3024,2025-05-07 00:00:00,1933.4564185817442,1794.2101781356441,1411.1230518574416
forecast_3025,2025-05-07 01:00:00,2450.9682078023648,1936.5005676095332,1565.5465297907685
forecast_3026,2025-05-07 02:00:00,1873.09163959076,1634.9816818752183,1124.8597650708275
forecast_3027,2025-05-07 03:00:00,1425.908003698147,1338.630874519828,1043.2501760021698
forecast_3028,2025-05-07 04:00:00,2479.868423498107,1966.1268808336115,1623.0348223360465
forecast_3029,2025-05-07 05:00:00,2763.0618566549465,2525.6576286315617,1764.762822626122
forecast_3030,2025-05-07 06:00:00,2863.7165210504468,2805.276734027894,1708.366712742592
forecast_3031,2025-05-07 07:00:00,2668.5969922606682,2584.416638290978,1725.499255795006
forecast_3032,2025-05-07 08:00:00,1849.932673180415,1538.380456895535,1119.0175810437204
forecast_3033,2025-05-07 09:00:00,2020.5396188262175,2177.469960049257,1569.540301872899
forecast_3034,2025-05-07 10:00:00,1608.3371525278521,1501.2690185956099,1092.5125752785448
forecast_3035,2025-05-07 11:00:00,978.5078243098194,963.8854745275257,939.4849884323235
forecast_3036,2025-05-07 12:00:00,1457.8482330104057,1417.723995956244,1173.6922831886004
forecast_3037,2025-05-07 13:00:00,970.5987011135529,1044.13737175841,872.9709972419682
forecast_3038,2025-05-07 14:00:00,1062.963199143775,1219.0572045845379,872.9936467003957
forecast_3039,2025-05-07 15:00:00,763.0001660134997,638.287697630838,706.088480187882
forecast_3040,2025-05-07 16:00:00,859.7028915529328,888.1640815221563,663.3234392865979
forecast_3041,2025-05-07 17:00:00,660.1212575174388,631.4000976152425,646.5332714403962
forecast_3042,2025-05-07 18:00:00,626.473389091762,624.6459407972544,496.3337786076506
forecast_3043,2025-05-07 19:00:00,1250.0386768052763,954.1090170141874,575.0015877431963
forecast_3044,2025-05-07 20:00:00,2040.63697263767,2077.4924300880166,1242.672987041085
forecast_3045,2025-05-07 21:00:00,3977.5715493550106,3806.3236847088274,2665.273038724047
forecast_3046,2025-05-07 22:00:00,4941.077578656657,4975.504576370134,3910.2194447335005
forecast_3047,2025-05-07 23:00:00,5993.369336218795,6383.182482841937,4145.906443439596
forecast_3048,2025-05-08 00:00:00,5416.6029700673635,5724.4384463008155,3439.9608538994275
forecast_3049,2025-05-08 01:00:00,3621.822386274912,4205.05105566293,2682.7602217131757
forecast_3050,2025-05-08 02:00:00,6557.810225732249,6786.145850358001,4291.219815528156
forecast_3051,2025-05-08 03:00:00,8287.786452293489,8650.259069324555,5894.232104635236
forecast_3052,2025-05-08 04:00:00,10655.028411836965,10308.107051040022,7466.1504430845325
forecast_3053,2025-05-08 05:00:00,9173.999053052574,9206.669484974944,6713.467779752662
forecast_3054,2025-05-08 06:00:00,8104.715679435053,7909.780943252202,5365.006942159714
forecast_3055,2025-05-08 07:00:00,4993.400291739468,4805.358624922582,3135.840019957786
forecast_3056,2025-05-08 08:00:00,2928.593842830143,3364.6194698433715,1930.6252127341982
forecast_3057,2025-05-08 09:00:00,1160.7805439928122,1364.8150965038112,971.5138967159766
forecast_3058,2025-05-08 10:00:00,465.04810801645414,551.7459450510358,430.8720492444226
forecast_3059,2025-05-08 11:00:00,299.64370799732376,359.2947437765094,295.64640165336607
forecast_3060,2025-05-08 12:00:00,404.5298618238525,477.20779150705243,318.5016752810372
forecast_3061,2025-05-08 13:00:00,505.3765901452283,737.8636133056323,465.8226652078163
forecast_3062,2025-05-08 14:00:00,2330.0630838243883,2353.87448119664,2132.7689530265156
forecast_3063,2025-05-08 15:00:00,1503.7509171159493,1624.8461498847705,1129.7682359447413
forecast_3064,2025-05-08 16:00:00,2398.4898524690293,2581.816078965526,2046.362733372575
forecast_3065,2025-05-08 17:00:00,2068.7001972460234,2380.4132556967747,1505.3720048306868
forecast_3066,2025-05-08 18:00:00,2208.0621703368174,2991.790804388739,1593.638687552604
forecast_3067,2025-05-08 19:00:00,2833.015207422004,3408.105456096195,2027.6539690844324
forecast_3068,2025-05-08 20:00:00,3087.450998514732,3665.769441976648,1802.1919056546235
forecast_3069,2025-05-08 21:00:00,2702.3691421604626,2398.5904694067112,1215.996835934221
forecast_3070,2025-05-08 22:00:00,1932.651845018713,2147.3216037039583,1067.9441434699909
forecast_3071,2025-05-08 23:00:00,1916.6154640584662,2049.5062120955054,793.7921980409358
forecast_3072,2025-05-09 00:00:00,2271.3927557798957,2467.1153517688194,1342.3164573459242
forecast_3073,2025-05-09 01:00:00,4528.292920776456,5192.771498753341,2966.601205382314
forecast_3074,2025-05-09 02:00:00,4517.005380332916,5331.882606376565,3044.3721931240225
forecast_3075,2025-05-09 03:00:00,3687.715282707351,3584.3454492465476,2042.970351694094
forecast_3076,2025-05-09 04:00:00,3461.9946509401575,3471.98166589612,2135.875771260728
forecast_3077,2025-05-09 05:00:00,2449.7333526106872,2133.2594187897234,1197.2713564632236
forecast_3078,2025-05-09 06:00:00,2111.3037756937138,1968.8854134555654,791.5574486240998
forecast_3079,2025-05-09 07:00:00,2090.229481289337,2128.1137775475827,937.5161963696044
forecast_3080,2025-05-09 08:00:00,2251.2713958849918,1902.3696113116198,933.501529961238
forecast_3081,2025-05-09 09:00:00,2108.3711363083794,2260.987143620788,1097.4967129172594
forecast_3082,2025-05-09 10:00:00,3171.1833852480154,2675.56071572719,1488.2951882396476
forecast_3083,2025-05-09 11:00:00,3585.800362423019,3071.2526432161176,2779.0726371986248
forecast_3084,2025-05-09 12:00:00,4069.812808547259,3988.762851211181,3075.420714667414
forecast_3085,2025-05-09 13:00:00,6995.377985758616,7723.990146683795,5488.983240231016
forecast_3086,2025-05-09 14:00:00,10002.092326510166,10676.243699370472,8914.31984180562
forecast_3087,2025-05-09 15:00:00,10486.800936148888,11329.774824579945,9922.755750849565
forecast_3088,2025-05-09 16:00:00,11051.716854175871,11191.389179595588,9634.164638135966
forecast_3089,2025-05-09 17:00:00,11086.065741047023,11603.817236540845,9652.237091195359
forecast_3090,2025-05-09 18:00:00,9945.490632832436,10829.605580240815,9035.62443701684
forecast_3091,2025-05-09 19:00:00,7944.514047820412,8652.3599795472,6702.977385852224
forecast_3092,2025-05-09 20:00:00,5503.605175443861,5384.35993836322,3388.3308016968995
forecast_3093,2025-05-09 21:00:00,3150.5901702108554,3115.8610210775764,1543.1158188856575
forecast_3094,2025-05-09 22:00:00,1865.0637691133536,1939.4315865626234,853.6205868759495
forecast_3095,2025-05-09 23:00:00,2249.947337713446,2116.2810875664363,1152.348694149324
forecast_3096,2025-05-10 00:00:00,6971.609812795514,8516.250216835171,5240.1650889171315
forecast_3097,2025-05-10 01:00:00,10517.696705351867,12770.431598526204,9551.07781085162
forecast_3098,2025-05-10 02:00:00,11306.664106513424,13228.222539434426,11289.062115706076
forecast_3099,2025-05-10 03:00:00,12308.908959079416,14222.169694170387,13048.82865708784
forecast_3100,2025-05-10 04:00:00,13600.990632082801,15241.983409202136,13801.251549259783
forecast_3101,2025-05-10 05:00:00,14603.356504253798,15760.726695285739,13541.824743160889
forecast_3102,2025-05-10 06:00:00,15280.961405014748,16561.50537921658,14145.086821670126
forecast_3103,2025-05-10 07:00:00,16692.800535599996,18064.197653572275,15099.217507402616
forecast_3104,2025-05-10 08:00:00,17033.973169344838,18284.07788896948,16111.07104300623
forecast_3105,2025-05-10 09:00:00,16775.88532263847,18250.21711070741,16313.932203207856
forecast_3106,2025-05-10 10:00:00,16854.66027969342,18150.633296923228,16452.227998278886
forecast_3107,2025-05-10 11:00:00,16943.447521106165,17871.51287875713,16459.12438110356
forecast_3108,2025-05-10 12:00:00,16859.3594851253,17693.673455000808,16076.119099196161
forecast_3109,2025-05-10 13:00:00,16762.311036322983,17467.989488670242,16185.25529355277
forecast_3110,2025-05-10 14:00:00,16652.929466020294,17287.591613572335,15398.026875115354
forecast_3111,2025-05-10 15:00:00,16266.17466360839,17050.46450706073,15090.446449242192
forecast_3112,2025-05-10 16:00:00,16414.51120548228,17122.93877929657,14204.371444187638
forecast_3113,2025-05-10 17:00:00,16018.51407303752,16453.453443379418,13835.74930570714
forecast_3114,2025-05-10 18:00:00,14425.665801782872,14615.0471695604,12953.961105402463
forecast_3115,2025-05-10 19:00:00,12039.261121633032,12550.29865118966,10848.255833203897
forecast_3116,2025-05-10 20:00:00,11453.099330397023,11924.268105279609,10402.974471878268
forecast_3117,2025-05-10 21:00:00,9655.985471774491,9116.338520541442,8870.694185210468
forecast_3118,2025-05-10 22:00:00,9399.944475311113,9137.834197795606,8822.661386867932
forecast_3119,2025-05-10 23:00:00,9133.710463937772,9497.371437407151,8243.03054438844
forecast_3120,2025-05-11 00:00:00,8035.708652324169,8589.640858144712,7341.2221448776145
forecast_3121,2025-05-11 01:00:00,9991.33390040721,10709.557664162192,8898.981865022228
forecast_3122,2025-05-11 02:00:00,9476.232301486096,10167.845319577596,8435.007013782148
forecast_3123,2025-05-11 03:00:00,8954.3609140201,9851.649728445895,7817.658619298737
forecast_3124,2025-05-11 04:00:00,8292.028363254383,9718.711685174441,7252.594946693885
forecast_3125,2025-05-11 05:00:00,8159.783115431051,9037.070808128392,7365.3436943807355
forecast_3126,2025-05-11 06:00:00,6352.521727564721,7229.592313054769,5758.501413070796
forecast_3127,2025-05-11 07:00:00,5370.811059989279,5821.692152911702,4033.4953958132683
forecast_3128,2025-05-11 08:00:00,4962.91526812725,4407.982123999606,2959.8319602446354
forecast_3129,2025-05-11 09:00:00,1910.973927147935,1758.4973313873074,1215.5425200175414
forecast_3130,2025-05-11 10:00:00,588.3942389591008,559.3283295698562,414.46204298863915
forecast_3131,2025-05-11 11:00:00,532.3841967984762,504.22149900433294,410.11774160805885
forecast_3132,2025-05-11 12:00:00,816.1274950347456,763.0363778910106,570.5101628821895
forecast_3133,2025-05-11 13:00:00,1233.4736011090345,1281.2192021058283,1029.1418395637634
forecast_3134,2025-05-11 14:00:00,2533.5458126663025,2713.2700190728283,1494.731014113531
forecast_3135,2025-05-11 15:00:00,3392.8228416543225,3415.05001862284,2644.164035156026
forecast_3136,2025-05-11 16:00:00,3772.5508614993373,3434.550825621921,3082.661941337494
forecast_3137,2025-05-11 17:00:00,4568.505686160233,4288.95838704697,2824.0526840448506
forecast_3138,2025-05-11 18:00:00,3650.7377373607865,4392.187095395606,2304.3211346500484
forecast_3139,2025-05-11 19:00:00,3733.2115914437895,4399.471586996756,2689.693081150591
forecast_3140,2025-05-11 20:00:00,6543.451346677262,6948.670147069149,6247.776654678178
forecast_3141,2025-05-11 21:00:00,9794.930396687705,10322.540275129839,9154.32903054948
forecast_3142,2025-05-11 22:00:00,11352.328932964803,11450.662029155452,9885.820988043026
forecast_3143,2025-05-11 23:00:00,13137.272871031219,13551.003145427781,12605.601865904657
forecast_3144,2025-05-12 00:00:00,14027.114866847489,14601.624096499816,13889.010012747312
forecast_3145,2025-05-12 01:00:00,12273.476102876359,12873.249592412987,10636.58146189281
forecast_3146,2025-05-12 02:00:00,12484.583568890268,13547.399775181228,11385.807675889977
forecast_3147,2025-05-12 03:00:00,13359.906826729983,14172.512968789038,12129.492274257174
forecast_3148,2025-05-12 04:00:00,13713.236339101195,14892.054166933407,13314.438621659221
forecast_3149,2025-05-12 05:00:00,13329.510688906343,14291.280963093417,12477.806049191098
forecast_3150,2025-05-12 06:00:00,11887.368241480375,13541.958735074384,11343.218819179774
forecast_3151,2025-05-12 07:00:00,10431.850891696315,11925.736800415882,9994.817549633564
forecast_3152,2025-05-12 08:00:00,9947.85056387015,10754.549170920114,8746.17603365303
forecast_3153,2025-05-12 09:00:00,9551.456178050621,9839.12266733235,7655.042590448205
forecast_3154,2025-05-12 10:00:00,8564.700536435488,8763.935183547295,6311.792035295924
forecast_3155,2025-05-12 11:00:00,7910.514770120385,7566.074805004165,6094.092692930213
forecast_3156,2025-05-12 12:00:00,7612.506584375226,7466.285800578468,6330.889290139035
forecast_3157,2025-05-12 13:00:00,7455.931512050622,6903.008391644427,6595.542766215652
forecast_3158,2025-05-12 14:00:00,7124.892350173837,6699.98574846549,6149.067803536723
forecast_3159,2025-05-12 15:00:00,7082.672186134504,6547.968307336968,5862.659564610908
forecast_3160,2025-05-12 16:00:00,7438.711103482492,6945.441444783874,6334.144364727707
forecast_3161,2025-05-12 17:00:00,7630.796354286624,7335.712793406748,7021.679109814136
forecast_3162,2025-05-12 18:00:00,8483.138397534096,8745.957341944912,8100.939235225172
forecast_3163,2025-05-12 19:00:00,10107.491916279541,9637.435659664749,9803.047867603016
forecast_3164,2025-05-12 20:00:00,12574.29897036114,12235.336894963986,11931.500567174482
forecast_3165,2025-05-12 21:00:00,14104.017747121883,14203.175997052163,13624.37147167098
forecast_3166,2025-05-12 22:00:00,15255.119090215494,15776.702759751683,14200.562628667058
forecast_3167,2025-05-12 23:00:00,15026.347731899365,15585.589043464588,14496.946135457738
forecast_3168,2025-05-13 00:00:00,15984.711483167612,16369.937410388902,14879.186593634766
forecast_3169,2025-05-13 01:00:00,17341.23176770192,17733.601026332897,15994.511799830825
forecast_3170,2025-05-13 02:00:00,17313.608179529972,17817.24510439237,15731.185270445509
forecast_3171,2025-05-13 03:00:00,17066.817018333088,17513.93539081328,15743.121097470947
forecast_3172,2025-05-13 04:00:00,16712.678905125544,17263.41418768715,15463.61498419539
forecast_3173,2025-05-13 05:00:00,16597.926608271126,17586.176947611748,15551.026800277265
forecast_3174,2025-05-13 06:00:00,16252.985588759087,17231.03630916292,14947.910997971374
forecast_3175,2025-05-13 07:00:00,15842.678764486447,15953.417527237269,13953.948032551913
forecast_3176,2025-05-13 08:00:00,13034.462761599863,14545.135532903332,12947.718556258993
forecast_3177,2025-05-13 09:00:00,13012.100848516713,14520.356962495,12384.639085869449
forecast_3178,2025-05-13 10:00:00,11470.921832545404,12941.167547377407,12132.555057736416
forecast_3179,2025-05-13 11:00:00,11882.47671733382,13525.220786335338,12104.220687595436
forecast_3180,2025-05-13 12:00:00,12094.587171606694,13881.601709305523,12402.614001609614
forecast_3181,2025-05-13 13:00:00,12186.71621653313,13558.05193642178,12104.908720491729
forecast_3182,2025-05-13 14:00:00,11996.235972607234,13102.72506157689,11740.522308735091
forecast_3183,2025-05-13 15:00:00,11749.965671655986,12511.60481878987,11603.50679390091
forecast_3184,2025-05-13 16:00:00,11595.739824991453,12241.928656446644,11417.224374898016
forecast_3185,2025-05-13 17:00:00,11630.843194894553,12763.258019661656,11818.269107652737
forecast_3186,2025-05-13 18:00:00,11534.771518975418,12931.190435937007,11950.197331970687
forecast_3187,2025-05-13 19:00:00,12706.547133575765,13707.347553684742,13378.957480559273
forecast_3188,2025-05-13 20:00:00,14780.774901061086,15387.78131271413,14897.581038710183
forecast_3189,2025-05-13 21:00:00,15365.262569744968,15592.740264265438,14871.809456375713
forecast_3190,2025-05-13 22:00:00,17203.611610562668,17088.514238699197,15608.860019982087
forecast_3191,2025-05-13 23:00:00,17297.707353463127,17471.434619884774,15806.016198072233
forecast_3192,2025-05-14 00:00:00,17487.027744274637,17686.44994844191,16055.62450362307
forecast_3193,2025-05-14 01:00:00,17222.718118827626,18064.9998606792,16506.65532782899
forecast_3194,2025-05-14 02:00:00,17689.615776343515,18014.15433838051,16302.026176429994
forecast_3195,2025-05-14 03:00:00,17734.689461507453,18112.28849330547,16179.27845431542
forecast_3196,2025-05-14 04:00:00,17661.651655432634,17910.209756604647,15389.625331957192
forecast_3197,2025-05-14 05:00:00,17820.1051762273,17713.883911366804,15094.94069188666
forecast_3198,2025-05-14 06:00:00,17498.972553700518,17118.012529423737,13696.427226615631
forecast_3199,2025-05-14 07:00:00,14932.633061094637,15000.304353527665,11020.209817753012
forecast_3200,2025-05-14 08:00:00,13298.355076334588,12894.348812792456,9867.842892028671
forecast_3201,2025-05-14 09:00:00,8952.699693968889,9300.740541064215,5981.473598434623
forecast_3202,2025-05-14 10:00:00,6872.770754195541,6707.416305945854,5517.294263663113
forecast_3203,2025-05-14 11:00:00,5151.276921456374,5489.051222683305,4551.8290421132815
forecast_3204,2025-05-14 12:00:00,4673.711997278702,4750.799536613021,5354.755375753842
forecast_3205,2025-05-14 13:00:00,5215.910357931947,5308.654700245239,5016.033283989361
forecast_3206,2025-05-14 14:00:00,4665.356652143897,4787.672410690446,4400.071256038121
forecast_3207,2025-05-14 15:00:00,4915.053651610209,4993.096397721777,4993.89119724566
forecast_3208,2025-05-14 16:00:00,4842.027759669457,5042.021892782756,5057.966139939505
forecast_3209,2025-05-14 17:00:00,4384.74677130063,4731.582604139828,4078.1870850125842
forecast_3210,2025-05-14 18:00:00,5296.43453867236,6640.27333868141,4897.362493301417
forecast_3211,2025-05-14 19:00:00,8067.554512765351,8169.310273606382,6586.540850581021
forecast_3212,2025-05-14 20:00:00,7683.378217606781,8639.84530058561,7029.124160922919
forecast_3213,2025-05-14 21:00:00,8322.136935845801,10048.440370581959,7270.275732308069
forecast_3214,2025-05-14 22:00:00,9852.34863301207,11141.415768617346,7927.672568714797
forecast_3215,2025-05-14 23:00:00,9118.685143831406,11192.074898354598,7391.819507399847
forecast_3216,2025-05-15 00:00:00,9443.330440802276,11584.241467892685,7652.142853365992
forecast_3217,2025-05-15 01:00:00,11208.441492922368,12642.440045053956,10082.235019101821
forecast_3218,2025-05-15 02:00:00,11491.396118553152,12981.933041490216,10343.080718667517
forecast_3219,2025-05-15 03:00:00,10842.434518413871,12877.404184385365,9651.851178708566
forecast_3220,2025-05-15 04:00:00,11268.51295789025,13786.731714959438,9744.900648565537
forecast_3221,2025-05-15 05:00:00,11456.424625466645,13742.806315105088,10186.552212949513
forecast_3222,2025-05-15 06:00:00,12134.806588508332,14960.855943515595,12019.789699629688
forecast_3223,2025-05-15 07:00:00,12689.531513377407,14901.754857003378,13355.691217896987
forecast_3224,2025-05-15 08:00:00,13725.81321326657,15648.657140214835,14927.054186516556
forecast_3225,2025-05-15 09:00:00,13415.770783306905,15588.922139896737,14791.606430276717
forecast_3226,2025-05-15 10:00:00,13851.179985043615,14927.225093788284,14644.76303594448
forecast_3227,2025-05-15 11:00:00,13463.12450296512,14171.282410029879,13554.531716326572
forecast_3228,2025-05-15 12:00:00,13080.236953965226,13940.179692258525,13329.338568640016
forecast_3229,2025-05-15 13:00:00,14165.60664608831,15270.75542990251,14543.585833648363
forecast_3230,2025-05-15 14:00:00,15351.47044209684,16248.900864455685,14982.541419203275
forecast_3231,2025-05-15 15:00:00,14224.84721281556,15921.478586151909,15109.537350788387
forecast_3232,2025-05-15 16:00:00,14665.867148383735,15748.662152719446,14308.036503402347
forecast_3233,2025-05-15 17:00:00,14718.090008154024,15372.069484489855,14398.946077001829
forecast_3234,2025-05-15 18:00:00,14701.125150303724,15444.207806186745,14209.516568259149
forecast_3235,2025-05-15 19:00:00,14915.423145687353,16033.169229115507,14894.741189174827
forecast_3236,2025-05-15 20:00:00,14660.495319758229,15738.564745450665,14613.008932031633
forecast_3237,2025-05-15 21:00:00,14872.129548183451,15592.532815128983,14639.527481803912
forecast_3238,2025-05-15 22:00:00,15460.60374728409,15642.585995415777,14822.579321337833
forecast_3239,2025-05-15 23:00:00,14969.879958932122,15397.714729157577,15074.443594312777
forecast_3240,2025-05-16 00:00:00,14667.853095477085,15198.47362949335,14549.721246100386
forecast_3241,2025-05-16 01:00:00,14530.737099706068,15580.669651578344,14580.078965232184
forecast_3242,2025-05-16 02:00:00,14921.669428382722,15861.403924069755,14318.294288254992
forecast_3243,2025-05-16 03:00:00,14787.116295430003,15442.995535551492,14101.798531818878
forecast_3244,2025-05-16 04:00:00,13978.986041792221,14759.580333711105,13525.390342505963
forecast_3245,2025-05-16 05:00:00,13373.310942917511,14541.131402946481,12916.987173995181
forecast_3246,2025-05-16 06:00:00,12483.683016563356,13929.025592630942,12426.415560537856
forecast_3247,2025-05-16 07:00:00,11686.335823214979,12865.558764639076,11250.038164767087
forecast_3248,2025-05-16 08:00:00,11308.625958791481,12266.862411606176,11060.884088386307
forecast_3249,2025-05-16 09:00:00,11370.645221396799,11904.260904405459,10561.678830694325
forecast_3250,2025-05-16 10:00:00,10209.313402000762,10879.481890946812,10496.808130484867
forecast_3251,2025-05-16 11:00:00,10073.36404846755,11159.450113261459,10478.71862586925
forecast_3252,2025-05-16 12:00:00,8234.280096350736,9275.627991959027,9789.431363163678
forecast_3253,2025-05-16 13:00:00,7509.137806139411,7616.328305984976,8548.29263727364
forecast_3254,2025-05-16 14:00:00,7829.547921123163,7360.876701019445,7976.481190251692
forecast_3255,2025-05-16 15:00:00,6421.378332671841,7066.433951819154,6542.5020605957425
forecast_3256,2025-05-16 16:00:00,5595.965276284621,7453.70794009436,5328.972076256115
forecast_3257,2025-05-16 17:00:00,5430.782381245527,6780.865396234312,5195.869669000818
forecast_3258,2025-05-16 18:00:00,5024.605371179321,5481.192435187919,3370.2256803526534
forecast_3259,2025-05-16 19:00:00,5048.308461156804,6455.2014904915,4284.717904977516
forecast_3260,2025-05-16 20:00:00,4028.673510393971,4912.280171606975,2742.7166904263436
forecast_3261,2025-05-16 21:00:00,4115.7674874760605,4493.288653267859,1895.8865286902367
forecast_3262,2025-05-16 22:00:00,3980.2721855159857,4384.117144541408,1896.3542446539136
forecast_3263,2025-05-16 23:00:00,4671.187362970668,4547.752320978153,1651.1540295043187
forecast_3264,2025-05-17 00:00:00,2741.3391551332434,2482.158025306357,1450.1958381562754
forecast_3265,2025-05-17 01:00:00,4275.959948079499,3558.902310365239,2198.0236228424615
forecast_3266,2025-05-17 02:00:00,4289.488532652951,4523.580119198,3175.2749245708383
forecast_3267,2025-05-17 03:00:00,4071.568605644884,4115.84838149574,3534.4742095619067
forecast_3268,2025-05-17 04:00:00,2586.1856407000837,2842.3567273304957,2124.2197559704764
forecast_3269,2025-05-17 05:00:00,2305.481422724227,2843.8503357944396,982.6932077269315
forecast_3270,2025-05-17 06:00:00,1589.811853985158,1686.2942485563208,831.505244622293
forecast_3271,2025-05-17 07:00:00,1888.71038735499,1776.349689005853,1211.1349385312199
forecast_3272,2025-05-17 08:00:00,2615.323669023355,2612.9705008662827,1435.168590491875
forecast_3273,2025-05-17 09:00:00,3716.84006718042,4059.9548819273155,2323.3334288682818
forecast_3274,2025-05-17 10:00:00,4215.688514741958,4898.858122452039,3060.9413992391433
forecast_3275,2025-05-17 11:00:00,5088.919441644731,5510.675127929757,4034.6164253807797
forecast_3276,2025-05-17 12:00:00,4863.0740475935545,4703.379135424606,4635.369542964838
forecast_3277,2025-05-17 13:00:00,7310.7062787791565,7037.008866664871,8541.215593065197
forecast_3278,2025-05-17 14:00:00,9539.590273926526,9924.22122416479,10031.074530255215
forecast_3279,2025-05-17 15:00:00,10573.884862597139,11593.61784568937,11164.644134922615
forecast_3280,2025-05-17 16:00:00,12251.263745128468,13052.905578669275,12264.093599825981
forecast_3281,2025-05-17 17:00:00,14923.146246492854,15941.797910698575,13826.855057679843
forecast_3282,2025-05-17 18:00:00,16292.986895644195,16952.279991788302,15437.023055695458
forecast_3283,2025-05-17 19:00:00,16472.014201267197,17774.016563911526,15803.027398402966
forecast_3284,2025-05-17 20:00:00,16601.87980099851,17866.191254478563,15632.789805111503
forecast_3285,2025-05-17 21:00:00,16544.516934802938,17866.237375914345,14880.899103986683
forecast_3286,2025-05-17 22:00:00,17044.322498584588,18063.65118125169,15118.602190270825
forecast_3287,2025-05-17 23:00:00,17357.711115167687,18097.038955114214,14320.83393597866
forecast_3288,2025-05-18 00:00:00,17500.11911858225,18200.416332455974,13241.346234819646
forecast_3289,2025-05-18 01:00:00,16922.893025034722,17487.990665463716,13453.776443943732
forecast_3290,2025-05-18 02:00:00,16006.41673874741,16329.723077050707,11088.731007731018
forecast_3291,2025-05-18 03:00:00,14443.4800896995,14997.555537473092,10952.394612258337
forecast_3292,2025-05-18 04:00:00,13402.474348157806,13776.37106814209,10190.34308588981
forecast_3293,2025-05-18 05:00:00,10879.059296421536,11227.45508230953,7071.779180573043
forecast_3294,2025-05-18 06:00:00,7631.401209006012,7292.500618576961,5130.999737074436
forecast_3295,2025-05-18 07:00:00,4768.238088456085,4427.196449165446,2546.914631021683
forecast_3296,2025-05-18 08:00:00,2377.8993510920677,2307.826752718844,1150.3682080778187
forecast_3297,2025-05-18 09:00:00,1594.4681797370679,1572.1297226997297,898.090967564278
forecast_3298,2025-05-18 10:00:00,971.6558212614716,657.9941513602769,585.6212176902799
forecast_3299,2025-05-18 11:00:00,1331.878637563877,1338.6097551007044,785.7082900029907
forecast_3300,2025-05-18 12:00:00,2031.7792730618048,2175.383423248521,1425.7221074355803
forecast_3301,2025-05-18 13:00:00,3649.0692402018176,3123.8034142118195,2032.1131047472984
forecast_3302,2025-05-18 14:00:00,3694.9452388496193,3440.1587531264017,2532.0243564858797
forecast_3303,2025-05-18 15:00:00,4892.930515715589,3993.629943938487,3364.108321449554
forecast_3304,2025-05-18 16:00:00,4981.138752393135,4532.1255777313545,4567.138064232658
forecast_3305,2025-05-18 17:00:00,6477.297698564972,6125.416484086518,6317.138820634838
forecast_3306,2025-05-18 18:00:00,7698.122669701246,7399.484736954006,7388.452726791078
forecast_3307,2025-05-18 19:00:00,9886.585954377475,9174.982610848518,9697.983413925918
forecast_3308,2025-05-18 20:00:00,11794.755523716738,11916.824732657235,11998.05139231009
forecast_3309,2025-05-18 21:00:00,12115.47798996025,12912.984001116387,12483.962777059793
forecast_3310,2025-05-18 22:00:00,12828.145809734566,13251.682932827152,11506.58864007666
forecast_3311,2025-05-18 23:00:00,12418.354844944874,12280.875064179714,10308.816969536496
forecast_3312,2025-05-19 00:00:00,12629.310068993733,12962.546132241734,9996.305481081357
forecast_3313,2025-05-19 01:00:00,9671.784526241274,11442.909927238115,7276.195304132011
forecast_3314,2025-05-19 02:00:00,8043.630075210518,10359.926410400327,6001.556746440938
forecast_3315,2025-05-19 03:00:00,7673.366231062894,8588.852530517186,5542.12356165842
forecast_3316,2025-05-19 04:00:00,7590.397668331925,9238.43247201363,5154.623931949101
forecast_3317,2025-05-19 05:00:00,7635.78319120297,9355.387184294097,5196.736107299044
forecast_3318,2025-05-19 06:00:00,7954.397349190549,9535.38520117313,5861.603061672093
forecast_3319,2025-05-19 07:00:00,7535.3873184985905,9483.252269595348,5974.124134263691
forecast_3320,2025-05-19 08:00:00,9090.08322708591,11130.536380014326,7928.78298418176
forecast_3321,2025-05-19 09:00:00,10487.923247416165,13359.580449744599,10318.217145344386
forecast_3322,2025-05-19 10:00:00,12284.678997599787,14152.111313602716,13170.41267447767
forecast_3323,2025-05-19 11:00:00,13963.443501798192,14984.922397203067,13885.261932556667
forecast_3324,2025-05-19 12:00:00,14341.288741584374,15872.532378519367,13965.547266487305
forecast_3325,2025-05-19 13:00:00,14781.358318202749,16490.88546649936,14667.346200197777
forecast_3326,2025-05-19 14:00:00,15404.228777629209,17102.086674246773,14864.788182319526
forecast_3327,2025-05-19 15:00:00,16107.875868715555,17198.077437445503,15071.01228487682
forecast_3328,2025-05-19 16:00:00,16822.830660101437,17389.468883216436,15117.10780179679
forecast_3329,2025-05-19 17:00:00,16437.810137077362,17400.89478963355,15600.410414951508
forecast_3330,2025-05-19 18:00:00,16548.86118092763,17219.73321335833,15445.621724777944
forecast_3331,2025-05-19 19:00:00,16843.982931447343,17677.546125832378,15434.774633894434
forecast_3332,2025-05-19 20:00:00,16913.439805325692,17600.07329505307,14853.582445078378
forecast_3333,2025-05-19 21:00:00,16990.695601155254,17514.649326796185,14190.427118824467
forecast_3334,2025-05-19 22:00:00,16640.566580878123,17365.89168183411,14390.80540865163
forecast_3335,2025-05-19 23:00:00,16659.38915726472,17289.593912417105,14483.661370748945
forecast_3336,2025-05-20 00:00:00,16509.38070048946,17168.76245508118,14541.415904311505
forecast_3337,2025-05-20 01:00:00,16985.9318347068,17821.1075900823,14878.030687122075
forecast_3338,2025-05-20 02:00:00,16828.342937763176,17867.055574102546,15252.569232134863
forecast_3339,2025-05-20 03:00:00,16499.010035476218,17555.028137080324,14790.885626446297
forecast_3340,2025-05-20 04:00:00,16833.24890974288,17705.559690920625,15039.47379228124
forecast_3341,2025-05-20 05:00:00,16742.98644473779,17685.331754622668,14918.09067737299
forecast_3342,2025-05-20 06:00:00,16585.078916214232,17463.260315112053,15110.349380414555
forecast_3343,2025-05-20 07:00:00,16169.844736084546,16966.174894382206,14746.270921378267
forecast_3344,2025-05-20 08:00:00,15718.686185626524,16733.12924963587,14795.77494794803
forecast_3345,2025-05-20 09:00:00,15183.012175412186,16459.113531206556,14402.802866367467
forecast_3346,2025-05-20 10:00:00,13144.038818158973,14227.24722892115,13045.47962148937
forecast_3347,2025-05-20 11:00:00,11623.623214376606,12175.798950436028,11627.144467890752
forecast_3348,2025-05-20 12:00:00,11261.78312625629,12393.012006109237,11726.348160940908
forecast_3349,2025-05-20 13:00:00,11413.375592146143,12620.368539425008,12003.717638925456
forecast_3350,2025-05-20 14:00:00,12078.79843706036,13173.935501259459,12625.884341955192
forecast_3351,2025-05-20 15:00:00,12492.067595792741,13544.990971680652,12998.367029780984
forecast_3352,2025-05-20 16:00:00,13543.116554227317,14229.653181030217,13291.892295077938
forecast_3353,2025-05-20 17:00:00,13036.631134797524,14632.736337461538,13279.002943410358
forecast_3354,2025-05-20 18:00:00,12407.952852675191,13535.141380486823,14108.66157967239
forecast_3355,2025-05-20 19:00:00,11729.944987198232,13343.842661001418,13788.38994381635
forecast_3356,2025-05-20 20:00:00,12984.316274158075,14212.34165593825,14627.55513624136
forecast_3357,2025-05-20 21:00:00,14076.131065509777,15088.118434782695,15101.13157408179
forecast_3358,2025-05-20 22:00:00,14186.772608547259,15806.627346077546,15505.349921245983
forecast_3359,2025-05-20 23:00:00,14755.235482406017,15932.979538158492,15311.24291739002
forecast_3360,2025-05-21 00:00:00,15229.855693557698,16276.460691654382,15122.383625534614
forecast_3361,2025-05-21 01:00:00,15125.164243336292,15581.872298962246,14768.783307895512
forecast_3362,2025-05-21 02:00:00,14722.412116432579,14907.386727119594,14079.459699472345
forecast_3363,2025-05-21 03:00:00,14038.764973436097,14508.55841866795,14037.368517065188
forecast_3364,2025-05-21 04:00:00,12544.892522743305,13058.41260392126,11595.901817709231
forecast_3365,2025-05-21 05:00:00,10240.172860309796,11147.329975464994,9083.782714255409
forecast_3366,2025-05-21 06:00:00,8171.500189476731,8106.470010498077,7435.654130266984
forecast_3367,2025-05-21 07:00:00,5076.663155561853,6014.077517611056,4586.367583968381
forecast_3368,2025-05-21 08:00:00,3478.3393718187813,3262.401898840802,2401.6516624496066
forecast_3369,2025-05-21 09:00:00,2525.848256343184,2505.6913893789847,1571.7919783547443
forecast_3370,2025-05-21 10:00:00,1268.833696716779,1315.224631358029,897.1311509255509
forecast_3371,2025-05-21 11:00:00,564.5251594950184,492.5193740982202,482.608981008077
forecast_3372,2025-05-21 12:00:00,699.8951574856397,937.1821972182133,675.5337691923693
forecast_3373,2025-05-21 13:00:00,1078.108588307397,1204.532658840427,958.2989704258852
forecast_3374,2025-05-21 14:00:00,1482.756710054417,1752.0166555893052,1121.0984056675754
forecast_3375,2025-05-21 15:00:00,1002.6120629902063,1399.118104190837,1021.0600089772221
forecast_3376,2025-05-21 16:00:00,802.0840071264506,1371.2808200061727,943.271561092114
forecast_3377,2025-05-21 17:00:00,650.3502721834786,592.1180002597823,450.157437556485
forecast_3378,2025-05-21 18:00:00,557.6275038940219,573.5408282975071,266.3450021203852
forecast_3379,2025-05-21 19:00:00,796.2614557836533,827.9793140224166,325.5774635467695
forecast_3380,2025-05-21 20:00:00,890.3490354865258,970.6365212218938,383.30625336816536
forecast_3381,2025-05-21 21:00:00,1058.537644897393,1110.0453013445306,423.02589633805303
forecast_3382,2025-05-21 22:00:00,1139.833895067676,1220.8243398345674,534.7387545649818
forecast_3383,2025-05-21 23:00:00,1326.0193771428483,1476.8621764429083,600.2783605308988
forecast_3384,2025-05-22 00:00:00,1472.6700868925802,1604.653547107208,760.8244434576075
forecast_3385,2025-05-22 01:00:00,1508.907941997953,1525.2006327490117,668.6216663710773
forecast_3386,2025-05-22 02:00:00,1414.4090418533413,1613.8241539704702,658.3488955710308
forecast_3387,2025-05-22 03:00:00,1479.7959315708008,1741.0635519912826,729.4298448820317
forecast_3388,2025-05-22 04:00:00,1455.2264455696763,1523.7813339153815,692.5462565356927
forecast_3389,2025-05-22 05:00:00,1379.2622590447838,1660.0068726816542,784.0234817246866
forecast_3390,2025-05-22 06:00:00,1414.2583402775151,1563.0846395238723,921.3327876657942
forecast_3391,2025-05-22 07:00:00,1294.3060227375959,1596.7277328414455,923.5947620737444
forecast_3392,2025-05-22 08:00:00,1408.2719258341708,1613.9968600595823,977.3154788680442
forecast_3393,2025-05-22 09:00:00,1429.8129437608995,1744.17118248015,1016.5685748704938
forecast_3394,2025-05-22 10:00:00,1508.6307460142623,1956.5834666153698,1170.9407766935337
forecast_3395,2025-05-22 11:00:00,1668.4445798338097,2343.1012699025446,1487.5189216203858
forecast_3396,2025-05-22 12:00:00,1571.2588097000225,2429.189101425464,1420.0951856561446
forecast_3397,2025-05-22 13:00:00,1348.2065332963746,1991.6672066508827,1401.1839772315907
forecast_3398,2025-05-22 14:00:00,1180.6491816341704,1517.752200533387,1092.878067110713
forecast_3399,2025-05-22 15:00:00,973.6639358047266,1242.366850459989,987.94394367913
forecast_3400,2025-05-22 16:00:00,734.5937176164873,889.7959728244135,594.3503934426052
forecast_3401,2025-05-22 17:00:00,599.1285273266734,598.292973727892,373.1295446563095
forecast_3402,2025-05-22 18:00:00,497.12201179470173,528.6220893841362,309.42796249532864
forecast_3403,2025-05-22 19:00:00,680.1016169433505,629.4671081836317,304.74378719431746
forecast_3404,2025-05-22 20:00:00,891.9152941280628,764.3066086633293,318.58468233490123
forecast_3405,2025-05-22 21:00:00,1195.4315238344795,979.1516846563437,371.252852481063
forecast_3406,2025-05-22 22:00:00,1555.2835166611756,1262.0544913026235,443.65376564289414
forecast_3407,2025-05-22 23:00:00,1784.2961986646733,1643.2486134594997,554.7905880319557
forecast_3408,2025-05-23 00:00:00,1852.7291718163845,1577.072639943465,599.4963821316862
forecast_3409,2025-05-23 01:00:00,2182.034445245614,1832.0180844671709,614.0477227488195
forecast_3410,2025-05-23 02:00:00,2396.5514354299976,1922.952090904748,630.9328345375076
forecast_3411,2025-05-23 03:00:00,2163.6218813069827,1813.0332262714553,786.2062074973194
forecast_3412,2025-05-23 04:00:00,2858.648804665657,2604.0108589152214,1022.9154186524204
forecast_3413,2025-05-23 05:00:00,2890.5765324927543,2513.786550513976,896.6860804707964
forecast_3414,2025-05-23 06:00:00,2383.5483401744277,1917.3180725955572,769.0973872435036
forecast_3415,2025-05-23 07:00:00,2109.2870229724986,1903.964243785945,652.8408771847851
forecast_3416,2025-05-23 08:00:00,2490.0932555199747,2032.1692193186389,775.7591646204196
forecast_3417,2025-05-23 09:00:00,1921.429896583448,1866.7678891869575,804.9746301560946
forecast_3418,2025-05-23 10:00:00,1579.4283224921267,1458.0711929056695,894.8231915664852
forecast_3419,2025-05-23 11:00:00,1505.0835395586412,1531.1763508020124,943.6759849830261
forecast_3420,2025-05-23 12:00:00,1561.4561321245533,1616.9633501657095,988.8219788764447
forecast_3421,2025-05-23 13:00:00,1361.0076355503115,1381.833878347817,836.4247771247038
forecast_3422,2025-05-23 14:00:00,1357.6522207908492,1298.9777218162565,824.4362099818364
forecast_3423,2025-05-23 15:00:00,1200.7413601611302,1116.7967272434867,721.1661983515692
forecast_3424,2025-05-23 16:00:00,1112.6579982898693,971.3289811302192,626.8886260167416
forecast_3425,2025-05-23 17:00:00,1466.7389087849135,1421.9100654440101,732.9683085607202
forecast_3426,2025-05-23 18:00:00,2233.169164971549,2577.6362810512237,1133.5602953197374
forecast_3427,2025-05-23 19:00:00,2428.107088645848,2258.875637747441,824.6596155511111
forecast_3428,2025-05-23 20:00:00,2633.0030935018685,2632.4647913200865,877.7644786949462
forecast_3429,2025-05-23 21:00:00,3344.470530476641,3666.3013358537964,1115.2451316536885
forecast_3430,2025-05-23 22:00:00,3527.8815866534364,3709.874256514017,1208.5720782704989
forecast_3431,2025-05-23 23:00:00,3493.123305499477,2989.9993573958727,1065.5814044926135
forecast_3432,2025-05-24 00:00:00,2775.499002374233,2320.4111100177092,920.0191627161737
forecast_3433,2025-05-24 01:00:00,4650.106494627419,4394.011076666165,1745.0240998153574
forecast_3434,2025-05-24 02:00:00,4240.978258596536,4422.507134226927,1721.623155554553
forecast_3435,2025-05-24 03:00:00,4228.516850988625,4581.514966009775,1828.606756937709
forecast_3436,2025-05-24 04:00:00,4377.945298880787,4920.032108444221,2021.2624541861376
forecast_3437,2025-05-24 05:00:00,4575.405243323903,5080.91861293836,2203.6112061519916
forecast_3438,2025-05-24 06:00:00,5028.580833031756,6404.7080515375155,2717.4238342801914
forecast_3439,2025-05-24 07:00:00,5358.608958246881,6905.597241496682,3383.2256519109733
forecast_3440,2025-05-24 08:00:00,5166.496385156078,6858.645581428281,3412.810104249128
forecast_3441,2025-05-24 09:00:00,4135.023268745728,6119.464076531234,3352.2202851417096
forecast_3442,2025-05-24 10:00:00,3694.310232692349,4999.209902884287,3298.370385764334
forecast_3443,2025-05-24 11:00:00,3419.1571121609086,5171.067879705993,3281.95836237872
forecast_3444,2025-05-24 12:00:00,3671.1083830002794,5447.447563434312,3427.0989062779577
forecast_3445,2025-05-24 13:00:00,3253.540249430906,4846.316166183683,3458.464410816144
forecast_3446,2025-05-24 14:00:00,3179.9336814058665,4783.874391881817,3336.436161629769
forecast_3447,2025-05-24 15:00:00,2936.9452567597423,3906.9201016254056,3129.3290295603674
forecast_3448,2025-05-24 16:00:00,4034.888627413181,5419.622921501098,3961.2736024167216
forecast_3449,2025-05-24 17:00:00,5015.875020299343,6306.439806289245,4882.711998643816
forecast_3450,2025-05-24 18:00:00,5642.840970545646,7008.982202368304,5655.794234446444
forecast_3451,2025-05-24 19:00:00,5030.246405449573,6084.973367392351,4791.1178168280785
forecast_3452,2025-05-24 20:00:00,4587.596183665828,5711.55548570164,3919.484117392016
forecast_3453,2025-05-24 21:00:00,4059.2060887581893,5087.52833218653,3304.261374941154
forecast_3454,2025-05-24 22:00:00,3930.8595314044546,4716.000682055401,3112.6207116099063
forecast_3455,2025-05-24 23:00:00,3559.0652671628322,4083.039959218025,2719.61597447596
forecast_3456,2025-05-25 00:00:00,3525.4610029563455,4320.635551044413,2653.49583408299
forecast_3457,2025-05-25 01:00:00,3977.2502102384638,4487.016398949011,2793.911232002084
forecast_3458,2025-05-25 02:00:00,3214.3256587358405,3624.144902936893,2034.7533930418497
forecast_3459,2025-05-25 03:00:00,2636.9174370145124,2860.6607468895704,1769.24954609931
forecast_3460,2025-05-25 04:00:00,2452.6129083267365,2489.6744435125324,1580.0925117124496
forecast_3461,2025-05-25 05:00:00,2576.5747863643314,2684.1652605267163,1684.7372166302814
forecast_3462,2025-05-25 06:00:00,3207.6465895297792,3181.7528235152367,2021.5146432007105
forecast_3463,2025-05-25 07:00:00,2941.076873723063,2471.3396986404828,1517.3606626252013
forecast_3464,2025-05-25 08:00:00,1886.5868022026225,1684.8367092435144,1046.037732848413
forecast_3465,2025-05-25 09:00:00,780.5764582985314,774.6453301478352,710.589161201746
forecast_3466,2025-05-25 10:00:00,443.25276895984604,482.3196298828335,532.6428966540121
forecast_3467,2025-05-25 11:00:00,679.4972930104217,638.6452809934801,514.7362348643765
forecast_3468,2025-05-25 12:00:00,1323.4643864297148,1220.080960961672,737.1583313887581
forecast_3469,2025-05-25 13:00:00,1842.5521507809187,1729.7564749708736,1066.4125803019097
forecast_3470,2025-05-25 14:00:00,1958.9293536976513,1801.7160912761476,1265.538490875925
forecast_3471,2025-05-25 15:00:00,1636.3372742949912,1442.8473528999266,1081.3200730296787
forecast_3472,2025-05-25 16:00:00,1330.2664194982835,1542.2323374456535,1077.830917558479
forecast_3473,2025-05-25 17:00:00,1663.0928953909936,2240.9219461772573,1235.170597357011
forecast_3474,2025-05-25 18:00:00,1852.8748609088786,2576.826785773499,1145.1578834651896
forecast_3475,2025-05-25 19:00:00,3315.246153927733,3803.4626819218756,2477.2303930205717
forecast_3476,2025-05-25 20:00:00,2579.0103128884234,4020.3128757341797,2019.2873398215347
forecast_3477,2025-05-25 21:00:00,2899.130342822394,3234.8636674136533,2513.9500977299404
forecast_3478,2025-05-25 22:00:00,5635.313461725603,5958.589787824681,4902.013221618664
forecast_3479,2025-05-25 23:00:00,6388.712209954009,6650.383764976987,5617.329143660701
forecast_3480,2025-05-26 00:00:00,7157.436924256767,7366.20651281157,5710.372378622031
forecast_3481,2025-05-26 01:00:00,8790.121750559772,8452.365015081907,6636.002765543943
forecast_3482,2025-05-26 02:00:00,8917.892168735092,8796.894036826581,6259.945964585141
forecast_3483,2025-05-26 03:00:00,6731.276862258716,6480.7673061927035,3876.978771350947
forecast_3484,2025-05-26 04:00:00,5425.090538337621,5554.984553927514,3370.073286368364
forecast_3485,2025-05-26 05:00:00,4810.560070330064,3998.045124261655,2588.5446246357415
forecast_3486,2025-05-26 06:00:00,2529.3145460421333,1962.0580550682466,1465.4162455801168
forecast_3487,2025-05-26 07:00:00,1018.692061763788,1165.714891944484,517.7904281333085
forecast_3488,2025-05-26 08:00:00,712.7822445229493,860.9192827377605,428.92472710220943
forecast_3489,2025-05-26 09:00:00,424.13459978032466,428.68173374092834,321.0248146472935
forecast_3490,2025-05-26 10:00:00,290.8966607774304,344.528113099672,258.2047005776733
forecast_3491,2025-05-26 11:00:00,283.85017527690593,330.8725018801304,239.48153932166215
forecast_3492,2025-05-26 12:00:00,291.9566011948216,357.0692698826804,252.7699973644595
forecast_3493,2025-05-26 13:00:00,340.1207794695759,432.5265515265603,445.7306140103561
forecast_3494,2025-05-26 14:00:00,561.1155276465504,590.3673560429471,622.7757351485599
forecast_3495,2025-05-26 15:00:00,293.96222479231363,369.7198605650716,469.0925167312306
forecast_3496,2025-05-26 16:00:00,343.956227745879,403.718382901172,324.8874375233733
forecast_3497,2025-05-26 17:00:00,391.4863060749055,448.05833088551293,457.4906893958022
forecast_3498,2025-05-26 18:00:00,464.7049061429945,435.45985864274803,327.3953980277216
forecast_3499,2025-05-26 19:00:00,705.9019986944855,734.5580868887162,458.1666632054294
forecast_3500,2025-05-26 20:00:00,1201.4093249287134,1155.1782992190347,477.63444098907337
forecast_3501,2025-05-26 21:00:00,1455.2118214765578,1655.5918998411823,581.1531932092553
forecast_3502,2025-05-26 22:00:00,1830.936346523736,1915.3268197024308,959.6548669329138
forecast_3503,2025-05-26 23:00:00,2861.854220062904,3426.0642742881896,1730.0625974488626
forecast_3504,2025-05-27 00:00:00,4411.240185102416,4882.604610258308,2704.332288704777
forecast_3505,2025-05-27 01:00:00,5847.964654472993,6591.186724541591,3624.005353848721
forecast_3506,2025-05-27 02:00:00,6037.323896401916,6288.53666488643,4202.382996893675
forecast_3507,2025-05-27 03:00:00,5782.135527935185,5844.01849619647,4036.250240473906
forecast_3508,2025-05-27 04:00:00,5313.866741583869,5520.334442345888,3927.8649646132917
forecast_3509,2025-05-27 05:00:00,4274.832480711771,4620.018398469557,3729.6058051722202
forecast_3510,2025-05-27 06:00:00,3267.795009411731,2853.928139790625,2234.34497004105
forecast_3511,2025-05-27 07:00:00,1665.956833713028,1239.2099463340703,1054.2431477267412
forecast_3512,2025-05-27 08:00:00,883.4814264685748,948.07050154074,491.85975486046044
forecast_3513,2025-05-27 09:00:00,500.2921685434796,459.15627152268826,294.91512904400093
forecast_3514,2025-05-27 10:00:00,454.65985741256594,382.8505470670795,351.71183555386625
forecast_3515,2025-05-27 11:00:00,380.7601550396888,380.3943250038595,281.80785850015855
forecast_3516,2025-05-27 12:00:00,484.1903447819925,485.70701256518595,448.2558107944349
forecast_3517,2025-05-27 13:00:00,563.2360756328454,529.7546094540636,412.3551209047555
forecast_3518,2025-05-27 14:00:00,600.667865821506,683.6823178571497,483.4651783763406
forecast_3519,2025-05-27 15:00:00,452.5348502097197,414.74601649991126,299.55616792521624
forecast_3520,2025-05-27 16:00:00,359.6805183236755,419.553909763897,275.8561438053041
forecast_3521,2025-05-27 17:00:00,313.82095906340436,367.16773289760107,239.17121672152552
forecast_3522,2025-05-27 18:00:00,324.27697990732594,379.21303701406947,238.7905035096665
forecast_3523,2025-05-27 19:00:00,485.4853467259496,514.9225183038403,268.9174574675257
forecast_3524,2025-05-27 20:00:00,790.2384773880434,747.1592136168567,316.94645391184866
forecast_3525,2025-05-27 21:00:00,937.1045335867019,874.557019647146,393.8743279664575
forecast_3526,2025-05-27 22:00:00,1100.8920926653764,1022.14156770054,441.47509190473755
forecast_3527,2025-05-27 23:00:00,1462.8550652637766,1376.0802761107645,1000.3095768180523
forecast_3528,2025-05-28 00:00:00,1874.1162572814403,1982.1189308903333,1363.0193233256527
forecast_3529,2025-05-28 01:00:00,2475.295617661523,2685.0948318593973,1515.7332943024508
forecast_3530,2025-05-28 02:00:00,2916.252106517184,3174.4286118668533,2278.597687527474
forecast_3531,2025-05-28 03:00:00,3167.188389173577,3160.8264487829533,2011.3868436645614
forecast_3532,2025-05-28 04:00:00,3324.060048817005,3195.304388475968,2181.6544215017266
forecast_3533,2025-05-28 05:00:00,3454.0680083003554,3453.6975452393767,2107.904477569321
forecast_3534,2025-05-28 06:00:00,1872.224671342513,1446.1217099621354,956.5563061689007
forecast_3535,2025-05-28 07:00:00,788.5079466445629,806.528272960002,442.0937053670752
forecast_3536,2025-05-28 08:00:00,587.9618540215166,654.1315147715121,276.60186938559434
forecast_3537,2025-05-28 09:00:00,390.3310069257985,445.4881092406506,245.038811078176
forecast_3538,2025-05-28 10:00:00,283.9281289868412,326.7124554709838,231.13984801168812
forecast_3539,2025-05-28 11:00:00,288.6802569287832,331.3282553037103,253.6591600916345
forecast_3540,2025-05-28 12:00:00,593.263414564041,599.926524854132,349.5490663124066
forecast_3541,2025-05-28 13:00:00,292.1766663568006,346.8260508821153,246.2324550605325
forecast_3542,2025-05-28 14:00:00,480.40472285479177,401.10809314161025,417.3489921154784
forecast_3543,2025-05-28 15:00:00,1095.02227008681,1114.825106641674,511.40565303110117
forecast_3544,2025-05-28 16:00:00,698.262967431924,688.313786296864,369.2819898848065
forecast_3545,2025-05-28 17:00:00,624.3957871896321,638.3268279279929,276.22819364553465
forecast_3546,2025-05-28 18:00:00,538.8950493441702,524.2132574524217,274.2240194502681
forecast_3547,2025-05-28 19:00:00,653.4314823919266,595.3045654920302,302.1144650337217
forecast_3548,2025-05-28 20:00:00,992.3847104909462,927.621140298049,517.9177714183023
forecast_3549,2025-05-28 21:00:00,1295.13913510227,1278.3407268717885,933.7967490847237
forecast_3550,2025-05-28 22:00:00,1491.0985440126894,1427.6727284897293,1100.4927074831837
forecast_3551,2025-05-28 23:00:00,1417.375542464019,1277.3827240149774,1033.6464932362812
forecast_3552,2025-05-29 00:00:00,1092.6158932277126,1037.683488832875,938.0890867397476
forecast_3553,2025-05-29 01:00:00,1078.8269983588038,977.3983249105144,578.7193988829773
forecast_3554,2025-05-29 02:00:00,1462.3526071107524,1355.5925940587706,774.5939889963289
forecast_3555,2025-05-29 03:00:00,1807.9326870290126,1716.9623890723144,1058.1769051631368
forecast_3556,2025-05-29 04:00:00,1698.770158929662,1342.0920079796545,799.3795259959824
forecast_3557,2025-05-29 05:00:00,1270.5388226148739,1146.0159335472729,612.4773468029144
forecast_3558,2025-05-29 06:00:00,821.9118317810807,824.7225135507049,409.9994479971016
forecast_3559,2025-05-29 07:00:00,694.5926868273821,694.0733200316542,294.51652046102083
forecast_3560,2025-05-29 08:00:00,599.2020937615778,576.0546765044278,275.1810708224457
forecast_3561,2025-05-29 09:00:00,380.76758702394574,398.01046662263315,244.31628965370268
forecast_3562,2025-05-29 10:00:00,284.44705947123015,331.28905885975564,231.1057429351644
forecast_3563,2025-05-29 11:00:00,265.7925133091304,334.54124021670447,246.2681528195186
forecast_3564,2025-05-29 12:00:00,270.6660768163709,392.91822668822704,299.2980646549219
forecast_3565,2025-05-29 13:00:00,289.9384869747451,425.44791568467286,367.19003891656354
forecast_3566,2025-05-29 14:00:00,301.31679468833147,406.4010476763208,284.66677557861135
forecast_3567,2025-05-29 15:00:00,308.1688529076915,436.72135429475657,338.1163166895104
forecast_3568,2025-05-29 16:00:00,470.8915756707463,649.4600281162677,494.60963020023354
forecast_3569,2025-05-29 17:00:00,631.3229190969083,649.5399706745596,584.9104040449563
forecast_3570,2025-05-29 18:00:00,808.6764291459534,727.3603403825214,508.7598826554386
forecast_3571,2025-05-29 19:00:00,1164.646941581621,1318.248297012209,657.6481708191936
forecast_3572,2025-05-29 20:00:00,1513.181147906915,1659.1022459922242,771.9057642763669
forecast_3573,2025-05-29 21:00:00,1752.824292421668,1889.9250513249888,886.2787398792098
forecast_3574,2025-05-29 22:00:00,2027.967823095376,1817.0779594094213,778.1362783923364
forecast_3575,2025-05-29 23:00:00,2010.0999132609554,1585.3851818042601,729.2504861648008
forecast_3576,2025-05-30 00:00:00,1841.7125357545253,1710.8434761712278,750.1777598628895
forecast_3577,2025-05-30 01:00:00,1186.3797846721093,1019.1701832166342,516.4919602422759
forecast_3578,2025-05-30 02:00:00,1243.9827126619755,1286.09992523618,591.3184987715355
forecast_3579,2025-05-30 03:00:00,1343.3799098654274,1386.389376273387,606.1186439292233
forecast_3580,2025-05-30 04:00:00,1561.140639955253,1651.99382718993,763.2952659677338
forecast_3581,2025-05-30 05:00:00,1745.8479600514809,2101.2476378851343,914.6939576260645
forecast_3582,2025-05-30 06:00:00,1802.1330196262666,2014.475623283749,946.2909110582825
forecast_3583,2025-05-30 07:00:00,1613.6033722308496,2161.403370529643,1026.1926366313114
forecast_3584,2025-05-30 08:00:00,1544.5041435830092,2278.529379439192,1008.9827072582264
forecast_3585,2025-05-30 09:00:00,1307.2607093513698,1393.1667439136413,1271.2670459193919
forecast_3586,2025-05-30 10:00:00,1157.4163909522513,1322.433274034479,1227.2465286739919
forecast_3587,2025-05-30 11:00:00,1153.3706789555695,1267.764685889403,993.5180994720064
forecast_3588,2025-05-30 12:00:00,742.4341970167625,1087.2310843120963,974.6391361231414
forecast_3589,2025-05-30 13:00:00,555.9782134416504,962.4661089669505,842.4339218457836
forecast_3590,2025-05-30 14:00:00,428.0950084846932,729.3222075583823,684.9011496524478
forecast_3591,2025-05-30 15:00:00,417.7597388483862,624.6452562910166,680.5645545523623
forecast_3592,2025-05-30 16:00:00,478.4197979768999,720.9328271346009,745.8778107463708
forecast_3593,2025-05-30 17:00:00,456.1744734722904,539.6774057057047,484.56214860148106
forecast_3594,2025-05-30 18:00:00,475.433406413819,560.3866998339212,358.0831569822678
forecast_3595,2025-05-30 19:00:00,563.7630495227498,638.8764216067835,463.6857023177559
forecast_3596,2025-05-30 20:00:00,1338.4100433486694,1082.3527986725271,544.5486077794769
forecast_3597,2025-05-30 21:00:00,1608.8322227892381,1429.0657952794631,669.1651941766
forecast_3598,2025-05-30 22:00:00,1788.0854947811108,1539.8935810739285,759.9992694284268
forecast_3599,2025-05-30 23:00:00,1585.5469845899738,1421.9193327985863,785.8388960227472
forecast_3600,2025-05-31 00:00:00,1454.2205527645915,1310.3121796968544,709.663474364013
forecast_3601,2025-05-31 01:00:00,1269.972147465727,1042.0267311128569,467.56738839032226
forecast_3602,2025-05-31 02:00:00,1423.4271643934878,1315.2811440197777,762.2598706466165
forecast_3603,2025-05-31 03:00:00,1325.699679859784,1293.083498936118,572.7229030342231
forecast_3604,2025-05-31 04:00:00,2012.770156250966,1906.288827556238,1359.16357219086
forecast_3605,2025-05-31 05:00:00,1637.6404166846025,1404.035797208297,948.1049212616037
forecast_3606,2025-05-31 06:00:00,1348.8211300746495,1374.4535506108045,760.0605565032924
forecast_3607,2025-05-31 07:00:00,1387.0593862743517,1261.4104053346045,534.0407412611861
forecast_3608,2025-05-31 08:00:00,1220.2947835769035,1067.4313588813386,560.7615212106576
forecast_3609,2025-05-31 09:00:00,907.6135008173806,880.323962992065,439.4871013384712
forecast_3610,2025-05-31 10:00:00,889.6692120508765,1279.2388944291831,765.4293272075706
forecast_3611,2025-05-31 11:00:00,1033.7733776158627,1462.0538494455311,951.3022272781087
forecast_3612,2025-05-31 12:00:00,1119.7949978297354,1562.1771645456663,1120.0598872478436
forecast_3613,2025-05-31 13:00:00,1051.3488074986965,1524.2882490902286,1109.7035977104122
forecast_3614,2025-05-31 14:00:00,1078.2770418110908,1514.921694079751,1478.296503449889
forecast_3615,2025-05-31 15:00:00,928.6136475486267,1235.742366294193,1059.0085983973213
forecast_3616,2025-05-31 16:00:00,1011.7819454008757,1193.6986424367346,1069.1138044306012
forecast_3617,2025-05-31 17:00:00,619.3065467229048,964.4118505413296,837.1567752639834
forecast_3618,2025-05-31 18:00:00,630.8859250936428,823.9420406622125,662.682904103254
forecast_3619,2025-05-31 19:00:00,1042.257674193444,1004.0912918402156,806.539700905202
forecast_3620,2025-05-31 20:00:00,1400.3561034506604,1477.7567346529136,828.6241353241796
forecast_3621,2025-05-31 21:00:00,1342.1254105459325,1345.8057915080776,707.2385548225459
forecast_3622,2025-05-31 22:00:00,1353.1927449642183,1340.7193918812923,726.0294306309917
forecast_3623,2025-05-31 23:00:00,2208.8652039690996,1995.1758742447935,1348.0085311793123
forecast_3624,2025-06-01 00:00:00,1251.6385884551275,1238.849847822374,679.7403515754721
forecast_3625,2025-06-01 01:00:00,1308.0481572392114,1154.3085343086286,693.9042992328003
forecast_3626,2025-06-01 02:00:00,1813.7724710259592,1695.6546051696466,1207.6496471366158
forecast_3627,2025-06-01 03:00:00,2522.596286599845,2014.9256060358625,1508.6286609125748
forecast_3628,2025-06-01 04:00:00,2458.4677182960963,1908.9636135030785,1543.8282072470522
forecast_3629,2025-06-01 05:00:00,1873.02350173522,1523.154302960373,1068.0899249853799
forecast_3630,2025-06-01 06:00:00,1187.03731243077,1129.4891377903448,620.6709448461552
forecast_3631,2025-06-01 07:00:00,964.8518499130987,842.6372599995386,502.26448990446244
forecast_3632,2025-06-01 08:00:00,630.9592335122824,682.6216317550144,304.81450307049465
forecast_3633,2025-06-01 09:00:00,409.46105168031096,403.9323665186235,268.93294833779044
forecast_3634,2025-06-01 10:00:00,309.1957174445134,338.10432908701154,271.46823185386233
forecast_3635,2025-06-01 11:00:00,315.9440175892367,346.554498673942,270.55341702822096
forecast_3636,2025-06-01 12:00:00,311.6463709281013,345.7388347645812,274.9871979671438
forecast_3637,2025-06-01 13:00:00,376.4603200941205,366.7865982920395,318.2204475573796
forecast_3638,2025-06-01 14:00:00,302.0875380670373,324.4091428454828,278.8385967539316
forecast_3639,2025-06-01 15:00:00,404.8877152301895,311.59866950436805,306.2029901739866
forecast_3640,2025-06-01 16:00:00,263.1476207310041,331.1629116254847,233.2863556744719
forecast_3641,2025-06-01 17:00:00,304.68855035522085,344.0770861332701,254.42603418012294
forecast_3642,2025-06-01 18:00:00,730.6413546682383,589.2169412993002,535.1950049990481
forecast_3643,2025-06-01 19:00:00,1561.5609537433731,1386.289380198042,823.3952149837719
forecast_3644,2025-06-01 20:00:00,2646.9924107974934,2959.7689509583047,1652.5069129428516
forecast_3645,2025-06-01 21:00:00,3026.9547607495892,3547.0165002028875,1865.1682417112363
forecast_3646,2025-06-01 22:00:00,4202.6265496036785,4422.741488039332,2754.686178697011
forecast_3647,2025-06-01 23:00:00,3319.50796554658,3131.4933744652017,1878.556664814798
forecast_3648,2025-06-02 00:00:00,4272.235068531831,4162.3642066033335,2430.0481471106423
forecast_3649,2025-06-02 01:00:00,3519.382544354046,2939.1456990613924,1838.6563840710182
forecast_3650,2025-06-02 02:00:00,2898.6862602528117,2672.696920404745,1925.0185754807112
forecast_3651,2025-06-02 03:00:00,3623.9421837865148,3273.3136739808137,2041.3054709132011
forecast_3652,2025-06-02 04:00:00,2080.6698441314857,1759.4790682261407,1252.562615224322
forecast_3653,2025-06-02 05:00:00,1925.5774593714443,1842.8085818591417,1031.3901694164513
forecast_3654,2025-06-02 06:00:00,1087.2536571738901,927.7694364517586,614.095657875445
forecast_3655,2025-06-02 07:00:00,1013.3206493343673,783.8172720939443,473.59956265663703
forecast_3656,2025-06-02 08:00:00,1088.0696082758998,945.5328896290895,461.3814859331726
forecast_3657,2025-06-02 09:00:00,897.0901712312223,785.0359207046979,366.29800689335593
forecast_3658,2025-06-02 10:00:00,657.7399621095417,672.4807415180934,378.34943082896876
forecast_3659,2025-06-02 11:00:00,680.3068278727211,700.4512802990466,512.2282548402146
forecast_3660,2025-06-02 12:00:00,1048.7132625320232,1217.1344441463493,770.644957145105
forecast_3661,2025-06-02 13:00:00,1051.332670068282,1339.0346052866773,821.4327558212754
forecast_3662,2025-06-02 14:00:00,2257.9268090921146,2404.309175690091,2141.6721639270777
forecast_3663,2025-06-02 15:00:00,3521.7824333234034,3874.596877546677,3256.556170620128
forecast_3664,2025-06-02 16:00:00,5167.9655116657195,5731.652835252011,5082.170498727969
forecast_3665,2025-06-02 17:00:00,5563.217117869909,6207.8112021822735,5228.168187866579
forecast_3666,2025-06-02 18:00:00,5495.621636488512,6541.9409251477855,5627.00288570529
forecast_3667,2025-06-02 19:00:00,4425.440957589757,4862.307703120694,3749.4780630611685
forecast_3668,2025-06-02 20:00:00,2718.584630257324,2608.7318644290426,2060.350780900515
forecast_3669,2025-06-02 21:00:00,2030.8673274805262,1896.7327147019007,1080.0878926626644
forecast_3670,2025-06-02 22:00:00,1517.07162324284,1363.8594770744253,663.0894796721512
forecast_3671,2025-06-02 23:00:00,2054.57343377047,2112.677040799251,1114.5428090911716
forecast_3672,2025-06-03 00:00:00,1952.1398195471397,1911.7517096513272,987.2366977346777
forecast_3673,2025-06-03 01:00:00,1751.4605705875222,1701.3312409448104,766.6403133149859
forecast_3674,2025-06-03 02:00:00,1808.5887052754485,2308.26892420572,1056.2923407875644
forecast_3675,2025-06-03 03:00:00,2518.1342338158724,3023.5824003667726,1778.8111454415562
forecast_3676,2025-06-03 04:00:00,2268.452768653953,2338.250307824344,1606.9088614026302
forecast_3677,2025-06-03 05:00:00,2651.132333802247,2973.9226108812395,1772.957712870802
forecast_3678,2025-06-03 06:00:00,2310.213935036476,2726.5149373161,1629.9213767779365
forecast_3679,2025-06-03 07:00:00,2049.1574413013414,2375.664512890927,1136.5525522647874
forecast_3680,2025-06-03 08:00:00,1348.1190823838558,1274.2939009071565,740.1113110752423
forecast_3681,2025-06-03 09:00:00,1217.1599332085011,1115.1085654457786,630.063790577058
forecast_3682,2025-06-03 10:00:00,2449.331067847438,2044.5549406390678,1415.1248664477093
forecast_3683,2025-06-03 11:00:00,3950.5156944083956,3781.987340525439,2407.841722863382
forecast_3684,2025-06-03 12:00:00,5733.184071362397,5267.4690830465515,4670.136828132942
forecast_3685,2025-06-03 13:00:00,7385.410072842802,6723.830597900299,6351.863737084807
forecast_3686,2025-06-03 14:00:00,9693.529557959011,8677.008451902606,8009.963725949122
forecast_3687,2025-06-03 15:00:00,10720.262611579092,9128.500658011179,8511.1889386014
forecast_3688,2025-06-03 16:00:00,10936.164132480113,9873.909916573006,9481.954111381054
forecast_3689,2025-06-03 17:00:00,11938.964097123537,11760.58927311352,10786.778142632442
forecast_3690,2025-06-03 18:00:00,13120.823386238426,13240.348050090366,11826.800682824503
forecast_3691,2025-06-03 19:00:00,12555.99794119732,12703.459401663933,10516.585814044945
forecast_3692,2025-06-03 20:00:00,12600.392299540374,12232.113446180678,10813.08000283439
forecast_3693,2025-06-03 21:00:00,14088.39991405627,14267.880941640793,12116.205846680949
forecast_3694,2025-06-03 22:00:00,14261.179209990263,14579.809944205488,11213.308468410843
forecast_3695,2025-06-03 23:00:00,14184.86334063282,14233.217271682282,10890.91277829026
forecast_3696,2025-06-04 00:00:00,13693.246928360653,14839.216343509463,10698.748909936952
forecast_3697,2025-06-04 01:00:00,13370.817636329797,13334.93234322304,10858.778354294675
forecast_3698,2025-06-04 02:00:00,14914.477514399066,15271.474439056063,11638.61832236502
forecast_3699,2025-06-04 03:00:00,16854.173377487383,16944.070261230532,13143.955090680987
forecast_3700,2025-06-04 04:00:00,16951.46589951753,17327.40459282229,13614.782372526724
forecast_3701,2025-06-04 05:00:00,16519.015226766558,16990.338549129898,13395.80905590606
forecast_3702,2025-06-04 06:00:00,16450.92468199438,17072.913214880373,13378.667109227834
forecast_3703,2025-06-04 07:00:00,16883.550536659666,17378.740443167168,14291.277865155036
forecast_3704,2025-06-04 08:00:00,16925.212612320654,17365.3136348288,15255.198195164045
forecast_3705,2025-06-04 09:00:00,16433.853282032618,17306.485007720938,15032.03027663766
forecast_3706,2025-06-04 10:00:00,15647.50092095836,16312.372840358712,14440.012453013773
forecast_3707,2025-06-04 11:00:00,14852.584065283938,14884.47700625401,13032.305276328289
forecast_3708,2025-06-04 12:00:00,14542.931539618488,15574.619498272223,13094.109959950181
forecast_3709,2025-06-04 13:00:00,14000.227854906805,14963.286908193813,12265.19269402558
forecast_3710,2025-06-04 14:00:00,13992.41700820387,13888.395699104258,11541.444456364707
forecast_3711,2025-06-04 15:00:00,13525.525532705353,12705.038527397353,10646.108337973832
forecast_3712,2025-06-04 16:00:00,13441.532638452285,12201.741042155447,10433.439747517834
forecast_3713,2025-06-04 17:00:00,13147.084049941619,12034.673510747665,10216.887288242198
forecast_3714,2025-06-04 18:00:00,11776.121206255011,11128.669699876955,8438.290279958348
forecast_3715,2025-06-04 19:00:00,11790.157583630287,10824.439614554369,8083.986590308971
forecast_3716,2025-06-04 20:00:00,11962.505453670026,10828.531438327658,8149.311057603965
forecast_3717,2025-06-04 21:00:00,12076.67940839612,11200.282338661262,9122.884655188298
forecast_3718,2025-06-04 22:00:00,10644.821017174043,11241.410590337751,8341.666515214069
forecast_3719,2025-06-04 23:00:00,11217.044240443523,11434.417575928244,9712.658879991614
forecast_3720,2025-06-05 00:00:00,12267.410734188945,13909.13067513249,11403.052783175845
forecast_3721,2025-06-05 01:00:00,12041.361055278649,12967.607937265024,10829.396868010808
forecast_3722,2025-06-05 02:00:00,12570.947046586636,14139.326579342009,11760.180806952541
forecast_3723,2025-06-05 03:00:00,13619.311710892256,15012.935643501192,12094.88976381107
forecast_3724,2025-06-05 04:00:00,13498.060912670015,14798.293135174761,12065.968729002952
forecast_3725,2025-06-05 05:00:00,12327.349426965899,14183.305571514004,11412.294344823038
forecast_3726,2025-06-05 06:00:00,10907.50620301374,12703.00365314049,9624.428734707652
forecast_3727,2025-06-05 07:00:00,12368.519833610244,13509.599253106664,10019.939839830815
forecast_3728,2025-06-05 08:00:00,11421.784778664076,12134.643997044086,8779.234236235681
forecast_3729,2025-06-05 09:00:00,9240.150064114645,10561.902872080294,7483.09717363924
forecast_3730,2025-06-05 10:00:00,7080.811703774653,8032.288468646259,5248.397373540699
forecast_3731,2025-06-05 11:00:00,6433.360941386153,6456.401058060149,4738.546534403142
forecast_3732,2025-06-05 12:00:00,6283.5912360349785,6201.45601554585,4800.697260685079
forecast_3733,2025-06-05 13:00:00,5841.764666290692,5832.655372923222,4518.4468752163675
forecast_3734,2025-06-05 14:00:00,5818.546763095485,5964.826822104022,4634.907933026847
forecast_3735,2025-06-05 15:00:00,6276.522780853677,6208.1065340359455,5024.324346721288
forecast_3736,2025-06-05 16:00:00,6837.764897003797,7012.1907866903775,5976.820863745793
forecast_3737,2025-06-05 17:00:00,7087.092814628659,7320.088023401754,6802.520937317258
forecast_3738,2025-06-05 18:00:00,9172.19092407548,8771.34485755476,8747.094804884353
forecast_3739,2025-06-05 19:00:00,11969.00212060436,11327.788259132505,11999.493473755712
forecast_3740,2025-06-05 20:00:00,13104.660423769636,13073.027728071273,14025.412891481812
forecast_3741,2025-06-05 21:00:00,14023.371986216756,14179.66840214713,14523.520031456352
forecast_3742,2025-06-05 22:00:00,15428.938275383809,15374.948592671533,14788.745004636407
forecast_3743,2025-06-05 23:00:00,15669.034272114464,15485.61047403048,15200.057508835354
forecast_3744,2025-06-06 00:00:00,15595.574375330529,15817.772259572082,15002.715067758782
forecast_3745,2025-06-06 01:00:00,16323.944263655401,15516.94141930941,14360.994232632424
forecast_3746,2025-06-06 02:00:00,15925.443471768273,15523.22760213225,13620.647684292464
forecast_3747,2025-06-06 03:00:00,15943.775766503813,15740.421676868751,14316.302982766678
forecast_3748,2025-06-06 04:00:00,15327.950284699038,15910.329906215322,14458.177787834396
forecast_3749,2025-06-06 05:00:00,15214.663450129825,15864.141183059644,14479.691633002654
forecast_3750,2025-06-06 06:00:00,15110.539442929869,15596.815001420677,13701.235461259374
forecast_3751,2025-06-06 07:00:00,14377.203681537007,15187.909262496472,13129.35000004207
forecast_3752,2025-06-06 08:00:00,13343.919794944286,14524.840366390385,12459.873934135503
forecast_3753,2025-06-06 09:00:00,12675.763328060706,13469.21263865559,11935.277971582627
forecast_3754,2025-06-06 10:00:00,12161.356614072376,12956.309720664443,12170.84126223984
forecast_3755,2025-06-06 11:00:00,11478.334297072151,12716.44239224457,11500.224529851377
forecast_3756,2025-06-06 12:00:00,11550.210469216276,12893.062514987028,12141.604565641517
forecast_3757,2025-06-06 13:00:00,11323.614131882125,12834.64368212225,12110.020161215243
forecast_3758,2025-06-06 14:00:00,11209.184753634543,12904.409473021933,12730.986550919808
forecast_3759,2025-06-06 15:00:00,11784.320062962968,12957.03229835064,13009.624438538302
forecast_3760,2025-06-06 16:00:00,11942.518954529589,13163.952048568939,13264.05968999305
forecast_3761,2025-06-06 17:00:00,12081.343217344007,12836.109682502823,12747.297959022631
forecast_3762,2025-06-06 18:00:00,11963.114705080667,12717.552213431849,12265.562746233167
forecast_3763,2025-06-06 19:00:00,13297.127223090294,13576.621333430527,13958.02680839677
forecast_3764,2025-06-06 20:00:00,14114.624924407382,15126.501808256115,14552.371047799132
forecast_3765,2025-06-06 21:00:00,13830.031533161384,15343.319944299152,14476.63807629968
forecast_3766,2025-06-06 22:00:00,15230.807724596605,15928.088306459793,14426.619598077476
forecast_3767,2025-06-06 23:00:00,15667.920200317907,16223.425571285768,14483.756825014018
forecast_3768,2025-06-07 00:00:00,15319.880825447706,16286.143905309293,14302.579953668554
forecast_3769,2025-06-07 01:00:00,15950.904600201136,15989.764930869862,14920.264048463405
forecast_3770,2025-06-07 02:00:00,16226.683343298453,16131.25216463753,14611.250195649327
forecast_3771,2025-06-07 03:00:00,15787.593358337414,16381.442548255949,14686.568722884804
forecast_3772,2025-06-07 04:00:00,15959.192651642428,16121.009008418567,14669.134577571882
forecast_3773,2025-06-07 05:00:00,15715.781694938772,16179.14009070166,14921.55948646835
forecast_3774,2025-06-07 06:00:00,15343.925322688194,15638.813376125423,13962.55638754072
forecast_3775,2025-06-07 07:00:00,14256.231830003087,14636.00419768542,13236.43151675999
forecast_3776,2025-06-07 08:00:00,12048.266925620926,13087.902516764956,11773.30763375537
forecast_3777,2025-06-07 09:00:00,10498.182993479226,12565.813592629283,10482.944596309062
forecast_3778,2025-06-07 10:00:00,9282.135990045332,9677.47039946212,9290.536846438747
forecast_3779,2025-06-07 11:00:00,7361.357386689886,8723.278843356846,8032.418682946345
forecast_3780,2025-06-07 12:00:00,6458.385618682706,6946.861152320754,6793.463034104979
forecast_3781,2025-06-07 13:00:00,5599.909434940896,5868.398090238089,5891.528951799942
forecast_3782,2025-06-07 14:00:00,5170.362522482523,6176.644709765937,5380.020583294692
forecast_3783,2025-06-07 15:00:00,5699.819242240789,6531.621799639912,5712.575018307902
forecast_3784,2025-06-07 16:00:00,6477.752599494405,6627.634338622104,5327.834825782428
forecast_3785,2025-06-07 17:00:00,6408.168624239266,6473.458788249077,5633.841844382437
forecast_3786,2025-06-07 18:00:00,6492.171724891147,7329.5818078182965,6522.619406161082
forecast_3787,2025-06-07 19:00:00,7811.003501019563,8527.381945397345,7152.439748957425
forecast_3788,2025-06-07 20:00:00,9247.914398955265,10617.501054474267,8570.083638050513
forecast_3789,2025-06-07 21:00:00,10583.699467134456,12069.19876401494,11346.746462973626
forecast_3790,2025-06-07 22:00:00,10839.115459410794,11402.352514152182,10887.588430857586
forecast_3791,2025-06-07 23:00:00,10780.227396139384,11266.56629310914,10799.428233388744
forecast_3792,2025-06-08 00:00:00,11092.164395789929,12112.29942960291,11060.525927440029
forecast_3793,2025-06-08 01:00:00,11502.079194040667,13522.639891077042,10198.702114961776
forecast_3794,2025-06-08 02:00:00,11693.683617698332,13358.696203405943,10443.217614018427
forecast_3795,2025-06-08 03:00:00,11573.124950095214,12570.61440108169,10032.852005719882
forecast_3796,2025-06-08 04:00:00,10527.09761333492,11609.43931909697,9030.120834951647
forecast_3797,2025-06-08 05:00:00,8757.976868854232,9948.041653954739,6747.6955532561615
forecast_3798,2025-06-08 06:00:00,5915.549064635109,6303.346516964623,3906.6120289852856
forecast_3799,2025-06-08 07:00:00,4243.5415053021825,3814.54149299627,2052.52592150194
forecast_3800,2025-06-08 08:00:00,1887.4571667084836,2373.7348134207377,1350.3381700941607
forecast_3801,2025-06-08 09:00:00,1406.1239412792995,1655.6250110669653,1039.1330885664638
forecast_3802,2025-06-08 10:00:00,499.6287050228499,411.4645278653426,334.20673601812706
forecast_3803,2025-06-08 11:00:00,263.813038947343,309.93132438481354,240.52365826165723
forecast_3804,2025-06-08 12:00:00,259.11128835221683,305.42168446176964,236.63906960025585
forecast_3805,2025-06-08 13:00:00,284.44693447823835,335.98972434773873,233.417057888847
forecast_3806,2025-06-08 14:00:00,311.59761523898976,353.9359628883015,254.30408039995345
forecast_3807,2025-06-08 15:00:00,292.52623795963007,359.2743661976467,240.29318079989838
forecast_3808,2025-06-08 16:00:00,279.4380374144554,346.70973018844325,234.49296751355513
forecast_3809,2025-06-08 17:00:00,311.55583453170766,368.79604770647546,299.419936897773
forecast_3810,2025-06-08 18:00:00,696.4441726680171,685.372569197112,515.5296457058296
forecast_3811,2025-06-08 19:00:00,1013.1369643447175,1244.0345599019847,646.7489681324881
forecast_3812,2025-06-08 20:00:00,1850.5687511284937,1780.0106161243327,964.3096145344231
forecast_3813,2025-06-08 21:00:00,1786.4516598327677,1610.1657534262256,854.2058668776693
forecast_3814,2025-06-08 22:00:00,3342.330960722886,3207.351154953281,2081.6263265820303
forecast_3815,2025-06-08 23:00:00,5633.425026539783,6030.549086343796,3834.41333826865
forecast_3816,2025-06-09 00:00:00,7139.323469492739,7841.271171129417,6238.177609706361
forecast_3817,2025-06-09 01:00:00,8415.694004529258,8665.447526655049,6659.713570190239
forecast_3818,2025-06-09 02:00:00,8202.110342254202,8874.31366022222,7089.064925532064
forecast_3819,2025-06-09 03:00:00,8015.016481524506,8678.545026708687,6824.518017814565
forecast_3820,2025-06-09 04:00:00,7111.546270808386,7546.599031619933,5408.391346108341
forecast_3821,2025-06-09 05:00:00,6295.785567776628,6614.113523707295,4525.85137744328
forecast_3822,2025-06-09 06:00:00,4409.269583448002,4435.3098522504015,3030.7739933508583
forecast_3823,2025-06-09 07:00:00,2623.6254260329056,2508.323669181184,1743.6643564477786
forecast_3824,2025-06-09 08:00:00,1070.5575740114928,973.9413386957511,440.4584494657825
forecast_3825,2025-06-09 09:00:00,605.9351934992924,528.6073645844052,277.211353231386
forecast_3826,2025-06-09 10:00:00,465.884830325941,438.6579089019654,303.5739715658709
forecast_3827,2025-06-09 11:00:00,559.5547622819432,736.3452141031408,381.43183454866113
forecast_3828,2025-06-09 12:00:00,510.61420156411117,635.2901838342457,487.81866596059683
forecast_3829,2025-06-09 13:00:00,640.8278442076099,783.6075688546301,520.4981487459679
forecast_3830,2025-06-09 14:00:00,1163.3928263743287,1834.649526037622,1172.2455354805716
forecast_3831,2025-06-09 15:00:00,1260.9222591592993,2085.003473628928,1423.5926419089783
forecast_3832,2025-06-09 16:00:00,2038.2575279410946,2727.376885332358,1708.8098518611494
forecast_3833,2025-06-09 17:00:00,1883.3490859894287,2184.4859329007504,2005.1603939629517
forecast_3834,2025-06-09 18:00:00,2514.295564510692,3047.407313086767,2164.617077556731
forecast_3835,2025-06-09 19:00:00,1767.407902520213,2425.7283941041733,1299.9344145862838
forecast_3836,2025-06-09 20:00:00,2530.6169298049363,3133.2591673772977,1482.602990025567
forecast_3837,2025-06-09 21:00:00,4223.474992692659,4986.7466210829,3138.4456451135234
forecast_3838,2025-06-09 22:00:00,6818.803200661174,7941.4203790092115,6614.709362034802
forecast_3839,2025-06-09 23:00:00,7735.225445613931,8848.835735256047,6742.607225742779
forecast_3840,2025-06-10 00:00:00,7046.454657860641,8213.003909380715,6582.533348260664
forecast_3841,2025-06-10 01:00:00,12287.230151200423,12925.937647606052,10001.634215422553
forecast_3842,2025-06-10 02:00:00,12376.208781536912,13441.937315178635,11145.420203117927
forecast_3843,2025-06-10 03:00:00,13253.794631798037,14678.59187132635,13680.047768716495
forecast_3844,2025-06-10 04:00:00,13882.71799902905,14620.979995553535,13026.614314609587
forecast_3845,2025-06-10 05:00:00,14177.222841467084,14869.206291437087,14091.913020903121
forecast_3846,2025-06-10 06:00:00,13418.376607204791,13562.453054016361,12330.454585421132
forecast_3847,2025-06-10 07:00:00,11543.948943948972,12077.083088299134,9434.868934284203
forecast_3848,2025-06-10 08:00:00,10030.845054921598,11086.658353888817,8601.331594009504
forecast_3849,2025-06-10 09:00:00,7338.25999024423,8554.68920617046,6438.556111237466
forecast_3850,2025-06-10 10:00:00,5078.632751855385,6525.814463854995,4697.918264871633
forecast_3851,2025-06-10 11:00:00,4452.456336867179,5287.202581167974,4541.205152715995
forecast_3852,2025-06-10 12:00:00,5420.247653325295,6004.266127113143,4864.057264211975
forecast_3853,2025-06-10 13:00:00,6011.973130018448,7240.983947850981,6013.625069120013
forecast_3854,2025-06-10 14:00:00,7303.79405200024,8594.639277212413,6833.610615100951
forecast_3855,2025-06-10 15:00:00,7659.160691255209,8609.208026859176,7563.644406848018
forecast_3856,2025-06-10 16:00:00,7863.081441427648,8961.578728010416,8234.010140753304
forecast_3857,2025-06-10 17:00:00,8413.490042443396,9299.451984998686,8477.45083066215
forecast_3858,2025-06-10 18:00:00,9725.954596714784,9702.944123992407,8964.238677918716
forecast_3859,2025-06-10 19:00:00,10235.501571794064,10505.602504616247,9215.727705287976
forecast_3860,2025-06-10 20:00:00,11785.857916930509,11701.868505522567,10872.935941227728
forecast_3861,2025-06-10 21:00:00,12365.022124480029,12478.999979951544,10667.72008793266
forecast_3862,2025-06-10 22:00:00,13367.513704463288,13207.834428801922,11125.29665585344
forecast_3863,2025-06-10 23:00:00,14032.504145784817,13913.951610758093,11434.029050465133
forecast_3864,2025-06-11 00:00:00,14208.378913830595,14388.40234082638,11932.852347604128
forecast_3865,2025-06-11 01:00:00,12421.730001526454,13669.18131977236,10203.16055634389
forecast_3866,2025-06-11 02:00:00,10818.087778348596,11922.470914346315,9435.585302684523
forecast_3867,2025-06-11 03:00:00,10364.320737315906,12096.964800040547,9637.168904639339
forecast_3868,2025-06-11 04:00:00,9946.889681494655,11747.357410612105,9377.490405723795
forecast_3869,2025-06-11 05:00:00,10546.043161372527,11411.365701517,8855.095398949743
forecast_3870,2025-06-11 06:00:00,12322.318056198319,12724.931914830195,9739.215873164252
forecast_3871,2025-06-11 07:00:00,11443.975144609962,12212.210616065962,8662.178291322794
forecast_3872,2025-06-11 08:00:00,8101.396923177637,9344.354242614536,5493.349160761691
forecast_3873,2025-06-11 09:00:00,7300.672936397448,7179.100679172474,4737.724931657943
forecast_3874,2025-06-11 10:00:00,7562.018047951072,6719.116220403753,4714.937423771929
forecast_3875,2025-06-11 11:00:00,6922.132627080543,5979.3774462509555,4336.73731126743
forecast_3876,2025-06-11 12:00:00,6774.736226918383,5676.569124952313,4524.820105965654
forecast_3877,2025-06-11 13:00:00,6771.838635827313,5995.849276824655,4704.029437980588
forecast_3878,2025-06-11 14:00:00,6784.087209803974,6019.751626507121,4604.440866291644
forecast_3879,2025-06-11 15:00:00,6495.100934110383,5576.729791821089,4139.394771510385
forecast_3880,2025-06-11 16:00:00,5468.347722187021,4808.882046124459,3781.536120873088
forecast_3881,2025-06-11 17:00:00,5266.0470614095775,4397.994898045725,3331.3119568936236
forecast_3882,2025-06-11 18:00:00,3340.945243600923,2473.755405923956,2177.931107449998
forecast_3883,2025-06-11 19:00:00,3715.104515239604,3354.982896529436,2677.31980285903
forecast_3884,2025-06-11 20:00:00,4679.07809798558,4864.983760933082,3653.0783025453215
forecast_3885,2025-06-11 21:00:00,4738.043120695632,4604.49389717636,3073.233523742076
forecast_3886,2025-06-11 22:00:00,5995.486861899906,5518.734532385609,4224.31826285754
forecast_3887,2025-06-11 23:00:00,6201.481985971219,6312.042700730047,4032.5127177333607
forecast_3888,2025-06-12 00:00:00,4614.117377956898,5072.823856112591,3409.2921041733634
forecast_3889,2025-06-12 01:00:00,4521.818507718762,4312.805096272523,3244.938870881909
forecast_3890,2025-06-12 02:00:00,5409.680748687339,5224.543559174012,4190.1823700498635
forecast_3891,2025-06-12 03:00:00,4563.220543574635,3944.7996819456234,2556.4180098757506
forecast_3892,2025-06-12 04:00:00,3961.2380631474257,3167.4587956455775,2452.3216814065477
forecast_3893,2025-06-12 05:00:00,2039.57032867756,1502.3738986104229,1237.4765362902206
forecast_3894,2025-06-12 06:00:00,1145.7981765486907,1093.0308376822193,600.4564447288337
forecast_3895,2025-06-12 07:00:00,711.8232215876436,691.1881019298347,292.6270716402831
forecast_3896,2025-06-12 08:00:00,519.8192157767298,582.3368719974369,266.8988181918373
forecast_3897,2025-06-12 09:00:00,382.3324821002832,405.5914958023488,226.52020747036346
forecast_3898,2025-06-12 10:00:00,268.45481773286286,323.0443608714605,234.7839231957176
forecast_3899,2025-06-12 11:00:00,265.8527561144301,304.7809514106685,233.72215761284724
forecast_3900,2025-06-12 12:00:00,251.0635020606248,302.4692102366489,220.7521651792185
forecast_3901,2025-06-12 13:00:00,250.6075852897764,306.07517991792855,214.6579973520101
forecast_3902,2025-06-12 14:00:00,249.23759323678158,300.629913528492,214.72021615855405
forecast_3903,2025-06-12 15:00:00,252.72326452621914,311.1859846616055,217.90221327317215
forecast_3904,2025-06-12 16:00:00,278.28041935975483,350.0553467121086,229.28528396285213
forecast_3905,2025-06-12 17:00:00,298.83524547039366,356.22210407305124,235.14356263940323
forecast_3906,2025-06-12 18:00:00,376.55486827873244,393.2280340425655,251.99490421971402
forecast_3907,2025-06-12 19:00:00,560.0985316482517,584.855466368261,315.70673207338587
forecast_3908,2025-06-12 20:00:00,825.4497383449597,908.187922123631,428.3585881573013
forecast_3909,2025-06-12 21:00:00,910.7747283036457,997.8704424119387,424.53222141620864
forecast_3910,2025-06-12 22:00:00,1129.3886328329666,1307.822047486364,620.7389334096418
forecast_3911,2025-06-12 23:00:00,1586.4410065223965,1828.9281207515955,855.4762173956392
forecast_3912,2025-06-13 00:00:00,1844.737163045011,2011.9703215992422,849.0629480143527
forecast_3913,2025-06-13 01:00:00,2756.944799933627,3307.442581617023,1758.0213198029548
forecast_3914,2025-06-13 02:00:00,4233.934005661673,4290.513269729493,3384.72303327919
forecast_3915,2025-06-13 03:00:00,5237.019275831186,5844.984525561703,3975.2383111322683
forecast_3916,2025-06-13 04:00:00,4119.8159269206635,4105.154052620091,2425.594484348435
forecast_3917,2025-06-13 05:00:00,3624.5685633716994,3084.152719765278,2319.5365078171867
forecast_3918,2025-06-13 06:00:00,1829.4158048479285,1396.233870862778,973.826693067154
forecast_3919,2025-06-13 07:00:00,1202.2554291100469,1056.5237921265164,624.0898063170757
forecast_3920,2025-06-13 08:00:00,643.8402570829483,656.8642919199482,281.48469698093453
forecast_3921,2025-06-13 09:00:00,564.956741048666,550.4718147211729,256.1531547423182
forecast_3922,2025-06-13 10:00:00,442.69521642983375,401.1561421188037,250.98845855032815
forecast_3923,2025-06-13 11:00:00,381.1331921687225,392.06764477566435,253.95866623843133
forecast_3924,2025-06-13 12:00:00,518.3073805382741,526.299194574538,345.9650665912671
forecast_3925,2025-06-13 13:00:00,622.3211170195112,781.6679494781232,436.8403116458332
forecast_3926,2025-06-13 14:00:00,1169.5035195815838,1218.8993728426892,1047.0295628609645
forecast_3927,2025-06-13 15:00:00,1267.8081229223976,1627.4138347599896,1208.7754557687194
forecast_3928,2025-06-13 16:00:00,1181.514525205422,1250.2391634710825,1058.554431108734
forecast_3929,2025-06-13 17:00:00,1981.55489393941,1856.473220621564,1557.2891100467214
forecast_3930,2025-06-13 18:00:00,2150.608527919938,2684.0135722450636,1948.1318517589027
forecast_3931,2025-06-13 19:00:00,2385.3162001827454,2750.755619266706,1849.5513515525633
forecast_3932,2025-06-13 20:00:00,2904.181324434608,3426.590133334696,2519.694065149672
forecast_3933,2025-06-13 21:00:00,4597.1055753354685,5539.399471194778,3830.101495143403
forecast_3934,2025-06-13 22:00:00,5389.480584445474,6394.365487783346,5051.318532924818
forecast_3935,2025-06-13 23:00:00,5327.4315037099905,5480.805141613327,3735.0568786487993
forecast_3936,2025-06-14 00:00:00,4096.124226488147,4681.865776158278,3000.9536001878964
forecast_3937,2025-06-14 01:00:00,7550.329717981907,10511.099253768314,7221.798020698695
forecast_3938,2025-06-14 02:00:00,7680.07714982322,9655.088449847748,7035.56811810077
forecast_3939,2025-06-14 03:00:00,7669.323628197717,9098.396142640639,5876.319662113058
forecast_3940,2025-06-14 04:00:00,5098.242666690465,7427.850782426497,4335.386434907413
forecast_3941,2025-06-14 05:00:00,4883.450362656698,6433.914832432709,3442.8194579867477
forecast_3942,2025-06-14 06:00:00,2973.3741607233983,4165.926440842716,1729.6151597457913
forecast_3943,2025-06-14 07:00:00,1454.8251155417674,1317.5881830961214,394.00906951604117
forecast_3944,2025-06-14 08:00:00,1051.8672770860169,1013.00838812891,378.19483957679324
forecast_3945,2025-06-14 09:00:00,1320.5450993822076,1135.2635403986287,523.906339093202
forecast_3946,2025-06-14 10:00:00,1118.3945209973801,1046.9659911795973,576.3788390582142
forecast_3947,2025-06-14 11:00:00,591.0704392800873,788.6840020300957,599.7260569547688
forecast_3948,2025-06-14 12:00:00,729.6294325436035,897.91209411776,549.528579969777
forecast_3949,2025-06-14 13:00:00,529.2075501688544,708.5023406056887,371.07833616458447
forecast_3950,2025-06-14 14:00:00,527.2506046330544,780.3141259793946,584.8474193933564
forecast_3951,2025-06-14 15:00:00,431.4992449825126,650.1239743107614,564.4043708860717
forecast_3952,2025-06-14 16:00:00,417.03589839745024,600.0280056040792,510.7479445120816
forecast_3953,2025-06-14 17:00:00,441.6029443656818,572.2806152614444,415.7671505875612
forecast_3954,2025-06-14 18:00:00,470.23785078220055,606.8378174762962,444.03703633969633
forecast_3955,2025-06-14 19:00:00,644.5916939158298,749.6965215249412,516.1407776432812
forecast_3956,2025-06-14 20:00:00,885.4321100945751,950.9350209127913,496.90844360296796
forecast_3957,2025-06-14 21:00:00,1017.5270563309441,986.0699086005211,539.9338743719022
forecast_3958,2025-06-14 22:00:00,1127.5149783816712,1002.9439665387738,529.2809905296346
forecast_3959,2025-06-14 23:00:00,1016.3937556661635,1064.2819366127974,630.1567460180563
forecast_3960,2025-06-15 00:00:00,953.3278107044628,935.4294325499468,600.3649350833899
forecast_3961,2025-06-15 01:00:00,5239.999753866432,5245.842761956557,3980.467695239334
forecast_3962,2025-06-15 02:00:00,4458.508543848248,4867.079137914539,3894.303577595829
forecast_3963,2025-06-15 03:00:00,4404.012886679645,4310.885505295731,3128.041039240028
forecast_3964,2025-06-15 04:00:00,4401.273203122555,5188.942654644094,3975.969570574454
forecast_3965,2025-06-15 05:00:00,5264.208705613451,5708.85854718366,4804.1504354237595
forecast_3966,2025-06-15 06:00:00,5182.53668411738,5783.57883638745,3732.06941902101
forecast_3967,2025-06-15 07:00:00,2814.6294567329587,3130.269894574028,2138.0144427121727
forecast_3968,2025-06-15 08:00:00,1663.2726710482655,1666.654214223502,734.7671403836868
forecast_3969,2025-06-15 09:00:00,922.7323352639629,942.9740723313063,561.679456574391
forecast_3970,2025-06-15 10:00:00,926.5715781176355,827.6970242794378,628.5619437434214
forecast_3971,2025-06-15 11:00:00,898.4615424534999,814.931985963795,827.9287849082903
forecast_3972,2025-06-15 12:00:00,1268.4386325689322,1447.95694739077,1301.603932246751
forecast_3973,2025-06-15 13:00:00,1176.58727414233,1415.002533865748,1233.084299372443
forecast_3974,2025-06-15 14:00:00,1824.16889496383,2603.8360166139637,2234.5861993767767
forecast_3975,2025-06-15 15:00:00,2933.5397648761177,3677.4940233220595,3064.404342398971
forecast_3976,2025-06-15 16:00:00,3715.989235589712,5369.5232799476125,4523.395961051771
forecast_3977,2025-06-15 17:00:00,3263.99156657473,3872.982023159474,3759.0093585741943
forecast_3978,2025-06-15 18:00:00,4322.916871803834,5821.165804421477,4846.402413270554
forecast_3979,2025-06-15 19:00:00,5243.7049544973825,7452.56769828703,5702.993443187632
forecast_3980,2025-06-15 20:00:00,5210.753882626527,7487.443647314397,4962.148124498087
forecast_3981,2025-06-15 21:00:00,6631.317209539664,9702.217582837271,6249.200840330066
forecast_3982,2025-06-15 22:00:00,8434.625922603647,10954.359880038272,7457.770282188725
forecast_3983,2025-06-15 23:00:00,8333.773248363366,10938.900262013029,8183.56022531412
forecast_3984,2025-06-16 00:00:00,9375.711409948819,11840.930842350523,8725.237444278951
forecast_3985,2025-06-16 01:00:00,9398.602471034459,10939.311362956443,8618.36322923565
forecast_3986,2025-06-16 02:00:00,9341.938364206313,10942.881821201543,8003.806252475082
forecast_3987,2025-06-16 03:00:00,9834.528383567345,11392.292423434817,8682.435672082122
forecast_3988,2025-06-16 04:00:00,9041.202708087112,10430.192059016119,8114.989871284679
forecast_3989,2025-06-16 05:00:00,8882.707031268244,10498.720815343539,8384.834133456014
forecast_3990,2025-06-16 06:00:00,9009.721045363067,11293.467403703542,8187.923315987544
forecast_3991,2025-06-16 07:00:00,7112.287946497696,8215.186564967897,6177.148633192179
forecast_3992,2025-06-16 08:00:00,7135.593466419717,9027.67491098665,6323.013212289013
forecast_3993,2025-06-16 09:00:00,7911.839221492407,9655.709485856716,7525.876592235755
forecast_3994,2025-06-16 10:00:00,7287.367791475609,9264.153295034128,6327.622970712229
forecast_3995,2025-06-16 11:00:00,6982.715097237169,9200.195717868819,6884.920596074477
forecast_3996,2025-06-16 12:00:00,6880.047720751709,8837.936912653136,6796.214437614593
forecast_3997,2025-06-16 13:00:00,7992.355262675613,9377.746440758177,8132.238177053575
forecast_3998,2025-06-16 14:00:00,9915.008701584538,11971.510689828836,10275.675636875949
forecast_3999,2025-06-16 15:00:00,9562.833872692252,11783.593276763997,11189.202023752028
forecast_4000,2025-06-16 16:00:00,10804.572847850892,11779.686799121066,10730.550468318743
forecast_4001,2025-06-16 17:00:00,12956.426326115821,13684.639515382358,12320.871573446597
forecast_4002,2025-06-16 18:00:00,12525.453579477322,13708.8491524313,12284.942921979165
forecast_4003,2025-06-16 19:00:00,12563.235782295222,14076.16304613886,12789.73536267112
forecast_4004,2025-06-16 20:00:00,12146.055928660919,13707.418009146812,12127.8512601793
forecast_4005,2025-06-16 21:00:00,13665.662368202187,14617.009782901374,12692.390653460776
forecast_4006,2025-06-16 22:00:00,14632.984399550369,15618.297719001399,13294.199920693096
forecast_4007,2025-06-16 23:00:00,14882.772294750757,15731.635918541782,13404.74866206853
forecast_4008,2025-06-17 00:00:00,15441.72360366622,16842.32945717465,14647.578914418596
forecast_4009,2025-06-17 01:00:00,15168.580399725279,17148.915628413077,14052.660858504378
forecast_4010,2025-06-17 02:00:00,15448.773737417609,17385.297419090595,14748.1828684209
forecast_4011,2025-06-17 03:00:00,15624.95534802184,17343.66273399948,14794.132514886653
forecast_4012,2025-06-17 04:00:00,15529.029471763877,17047.033325330573,14288.00117566473
forecast_4013,2025-06-17 05:00:00,15394.938633465757,17352.609454493275,14481.328561442586
forecast_4014,2025-06-17 06:00:00,14879.514168400656,16074.412579044876,13528.260008832622
forecast_4015,2025-06-17 07:00:00,14541.004187025437,15867.757025056535,14056.536390500156
forecast_4016,2025-06-17 08:00:00,12793.263109298055,14317.515246475898,13609.997380749566
forecast_4017,2025-06-17 09:00:00,12001.331822811115,14039.565540757301,13272.180584782984
forecast_4018,2025-06-17 10:00:00,10589.494452515615,12669.503982301565,12430.488557207304
forecast_4019,2025-06-17 11:00:00,10097.36638263024,12199.678675716774,11931.89261919869
forecast_4020,2025-06-17 12:00:00,10334.142936253913,13753.92004741083,12265.055160015954
forecast_4021,2025-06-17 13:00:00,9438.823153632047,12195.62490493872,11282.234757818322
forecast_4022,2025-06-17 14:00:00,9102.790730788021,11582.424601815379,10775.06731900951
forecast_4023,2025-06-17 15:00:00,8345.104263558775,9708.577270056046,9536.964028010707
forecast_4024,2025-06-17 16:00:00,8866.781337964925,10170.13081057543,9453.681143246959
forecast_4025,2025-06-17 17:00:00,7168.659826733896,8180.762484784649,8327.71318415456
forecast_4026,2025-06-17 18:00:00,6984.769538702643,8141.10126077792,8288.164267815971
forecast_4027,2025-06-17 19:00:00,6792.26193004144,9224.045754494251,6609.771957004284
forecast_4028,2025-06-17 20:00:00,6623.73851920597,8206.435804133574,5675.198198844661
forecast_4029,2025-06-17 21:00:00,7158.987032675233,8168.068431545999,5854.645700438927
forecast_4030,2025-06-17 22:00:00,7201.283404224092,8682.46800662924,5513.618858140165
forecast_4031,2025-06-17 23:00:00,8918.40069178239,10359.63833449579,6725.988658862461
forecast_4032,2025-06-18 00:00:00,9053.024443719205,10845.308499204573,8048.887387103226
forecast_4033,2025-06-18 01:00:00,9127.943116843351,10390.560557700523,7066.148406607802
forecast_4034,2025-06-18 02:00:00,9334.153104677362,10813.809632298946,7175.173318187156
forecast_4035,2025-06-18 03:00:00,9370.093400249529,11592.34139486597,7796.566142901783
forecast_4036,2025-06-18 04:00:00,9547.77763211766,11077.215255886065,7982.052299099782
forecast_4037,2025-06-18 05:00:00,10035.71697259275,11678.543768490597,8721.918299600817
forecast_4038,2025-06-18 06:00:00,9564.331952570346,11802.407810744999,9089.05933274145
forecast_4039,2025-06-18 07:00:00,8912.830726563843,10949.294663619723,8348.505953635324
forecast_4040,2025-06-18 08:00:00,8467.425182994464,9706.735986778536,6438.904719772883
forecast_4041,2025-06-18 09:00:00,5843.086787525122,6984.248945634851,4975.680954665607
forecast_4042,2025-06-18 10:00:00,5276.597225192033,6072.5910784536245,4468.197167634338
forecast_4043,2025-06-18 11:00:00,4601.6312609890265,4877.067167276859,3714.233474807181
forecast_4044,2025-06-18 12:00:00,4072.919727632428,4174.815015831506,3072.4807418381597
forecast_4045,2025-06-18 13:00:00,4102.870673570526,3702.219829376774,2529.140425483898
forecast_4046,2025-06-18 14:00:00,3995.060452361981,3774.6600568781805,2858.732806696178
forecast_4047,2025-06-18 15:00:00,4564.246995050373,4632.100075706839,3599.100960091631
forecast_4048,2025-06-18 16:00:00,4820.591988961196,4771.667143042415,4206.717781446438
forecast_4049,2025-06-18 17:00:00,4962.621864164382,5398.90610856448,4848.48258232575
forecast_4050,2025-06-18 18:00:00,4782.683195302424,4714.79582976756,4707.244343818556
forecast_4051,2025-06-18 19:00:00,6202.653350400179,5806.564238951406,5160.849093694876
forecast_4052,2025-06-18 20:00:00,6869.990724673424,6895.706662271681,5766.369680124228
forecast_4053,2025-06-18 21:00:00,8334.76645660179,8573.279521789018,7842.347104317054
forecast_4054,2025-06-18 22:00:00,8221.656302382848,9826.732443527433,8337.98691499988
forecast_4055,2025-06-18 23:00:00,10598.155126804619,11738.380572910282,9913.269787580672
forecast_4056,2025-06-19 00:00:00,11025.791170091543,12347.596605485705,9745.359789413593
forecast_4057,2025-06-19 01:00:00,11774.350074522843,12848.325492318912,10286.296523923947
forecast_4058,2025-06-19 02:00:00,12048.014127326724,12821.087448577598,10364.418382707683
forecast_4059,2025-06-19 03:00:00,11803.207131492461,12684.289670818076,9862.802229452429
forecast_4060,2025-06-19 04:00:00,10781.626235551894,12302.673589475753,9651.548263930781
forecast_4061,2025-06-19 05:00:00,10451.581509783715,11592.14116967319,8658.944986052189
forecast_4062,2025-06-19 06:00:00,8390.71097340195,9023.699113525085,6556.6826838429515
forecast_4063,2025-06-19 07:00:00,6553.188357996243,5732.831370644367,4201.889184411997
forecast_4064,2025-06-19 08:00:00,5075.469848604899,4601.959236264594,2631.417230997079
forecast_4065,2025-06-19 09:00:00,2266.088892798985,1646.9403231117728,994.6838094199175
forecast_4066,2025-06-19 10:00:00,800.0587496819985,676.6656568497456,551.3650367250015
forecast_4067,2025-06-19 11:00:00,340.8820741404945,355.89769875975355,345.6396085452652
forecast_4068,2025-06-19 12:00:00,282.27715910889503,351.4312572967912,322.9266092854587
forecast_4069,2025-06-19 13:00:00,324.5319514506794,383.3249789023636,323.3473251347883
forecast_4070,2025-06-19 14:00:00,392.83777785841704,446.2788556745296,336.94468217532267
forecast_4071,2025-06-19 15:00:00,476.9056491777838,657.2443516332279,494.2616749831848
forecast_4072,2025-06-19 16:00:00,696.3591436580648,758.6278025550605,613.0879208678732
forecast_4073,2025-06-19 17:00:00,1544.3245968120134,2022.7631637305574,1703.729419473276
forecast_4074,2025-06-19 18:00:00,1727.8977279710703,2544.0984628169253,1876.0326415732013
forecast_4075,2025-06-19 19:00:00,2627.7669794648086,3357.0879326410627,2180.908617054289
forecast_4076,2025-06-19 20:00:00,2885.4642719913622,3718.251446728467,2198.687244056799
forecast_4077,2025-06-19 21:00:00,3630.3185670139474,4570.394673630973,2949.3179125588863
forecast_4078,2025-06-19 22:00:00,6539.104965368067,7098.6554759823,4812.958121008441
forecast_4079,2025-06-19 23:00:00,6980.832287240846,8508.690539033896,5164.44210014542
forecast_4080,2025-06-20 00:00:00,7126.679670981039,8894.6559000941,5141.321223393212
forecast_4081,2025-06-20 01:00:00,8444.154413238088,9339.690764312623,6056.1285793826055
forecast_4082,2025-06-20 02:00:00,8349.871870331568,9893.94629729378,6393.7750028256705
forecast_4083,2025-06-20 03:00:00,8580.37408563425,11200.089728237941,7340.87220863541
forecast_4084,2025-06-20 04:00:00,9563.643304901138,12264.502722901138,8289.365959102466
forecast_4085,2025-06-20 05:00:00,9232.973335859615,11660.453555905864,8373.070852753379
forecast_4086,2025-06-20 06:00:00,8742.605840797934,11426.768458730749,7954.211630678882
forecast_4087,2025-06-20 07:00:00,7716.1119411254895,10750.257550682652,6934.630089071112
forecast_4088,2025-06-20 08:00:00,7278.548300727458,9039.016134480766,5589.467471944886
forecast_4089,2025-06-20 09:00:00,7466.463565338896,9645.428197945503,5923.789919154234
forecast_4090,2025-06-20 10:00:00,7701.559131818483,10233.890521044721,7515.873832667014
forecast_4091,2025-06-20 11:00:00,8412.466559818877,12195.425409070063,9494.425198685838
forecast_4092,2025-06-20 12:00:00,10082.399348770494,14022.782429764015,12157.061869658499
forecast_4093,2025-06-20 13:00:00,11046.50041681989,14692.774137894801,13226.45597187389
forecast_4094,2025-06-20 14:00:00,11348.050179378608,14792.966230415479,13082.98918536665
forecast_4095,2025-06-20 15:00:00,12220.394350932425,14886.600197126452,13248.576128904679
forecast_4096,2025-06-20 16:00:00,14167.82249387132,15381.79014458019,15244.998387669899
forecast_4097,2025-06-20 17:00:00,14530.342868383283,15643.184174621067,14371.475891770806
forecast_4098,2025-06-20 18:00:00,16033.901385407891,16894.244795141807,15085.044247748034
forecast_4099,2025-06-20 19:00:00,16367.11145390085,17402.78482675924,15629.201603000229
forecast_4100,2025-06-20 20:00:00,14736.281103733303,16388.7259626134,15203.854757139572
forecast_4101,2025-06-20 21:00:00,15153.655617900522,16579.71932517185,15612.125884578245
forecast_4102,2025-06-20 22:00:00,15918.825207162477,17604.723124550957,15356.76616272615
forecast_4103,2025-06-20 23:00:00,16164.770593467061,17574.20258323699,15477.575632324177
forecast_4104,2025-06-21 00:00:00,16059.514022899413,17643.962016743004,15686.723936971981
forecast_4105,2025-06-21 01:00:00,15921.367011191332,17198.9357646818,15055.017273528203
forecast_4106,2025-06-21 02:00:00,15406.170306989614,17032.738703082952,15051.688796400647
forecast_4107,2025-06-21 03:00:00,14919.401431345324,16365.829304936866,15350.733647532965
forecast_4108,2025-06-21 04:00:00,13131.833542620869,15653.668466031037,14581.19466231054
forecast_4109,2025-06-21 05:00:00,12558.006838875544,14941.88397340036,13498.386445254895
forecast_4110,2025-06-21 06:00:00,13536.945580530806,14978.159348760204,13668.994858546108
forecast_4111,2025-06-21 07:00:00,14408.961484431058,14998.009688319435,13956.731145048418
forecast_4112,2025-06-21 08:00:00,14131.979341904154,14640.161999217788,14151.993339964589
forecast_4113,2025-06-21 09:00:00,12597.549982491268,13722.978478063822,13067.865681457248
forecast_4114,2025-06-21 10:00:00,9830.861837257775,10771.239983116837,9951.457848770886
forecast_4115,2025-06-21 11:00:00,7546.730132029557,9651.069014193232,8305.633152794167
forecast_4116,2025-06-21 12:00:00,7092.063615224607,9038.156440226734,7311.328794477585
forecast_4117,2025-06-21 13:00:00,7089.395633508625,8619.481924105869,6916.933475286612
forecast_4118,2025-06-21 14:00:00,7499.755472776112,9057.59290421002,7550.483709461253
forecast_4119,2025-06-21 15:00:00,9868.68575717307,9997.776229094165,9149.47490501041
forecast_4120,2025-06-21 16:00:00,11015.567633583765,11330.249687213663,9798.12336039245
forecast_4121,2025-06-21 17:00:00,9499.766672573378,10541.945797492928,9213.468443286705
forecast_4122,2025-06-21 18:00:00,8974.04706200275,9202.52019901432,8532.327508557593
forecast_4123,2025-06-21 19:00:00,9864.271722987241,10278.733649941594,9163.060400280856
forecast_4124,2025-06-21 20:00:00,8434.847740987076,9442.629656970332,8537.932557191267
forecast_4125,2025-06-21 21:00:00,9071.67329411985,10942.673920122365,8356.770523969311
forecast_4126,2025-06-21 22:00:00,10887.706396290692,12152.171783025009,10252.128564064411
forecast_4127,2025-06-21 23:00:00,12340.24891016737,13085.58232044248,11873.32280233259
forecast_4128,2025-06-22 00:00:00,13374.94078273343,14384.690817131916,12169.840894885727
forecast_4129,2025-06-22 01:00:00,12117.090759402647,12607.807781292884,10372.412598376253
forecast_4130,2025-06-22 02:00:00,12524.868014952235,13393.61553019926,11157.4650171139
forecast_4131,2025-06-22 03:00:00,11776.960146946874,12140.930575260301,9453.754124204923
forecast_4132,2025-06-22 04:00:00,11707.803525910953,12591.698412153164,9452.658876028177
forecast_4133,2025-06-22 05:00:00,10150.675576949781,11785.86313162781,8069.222132535438
forecast_4134,2025-06-22 06:00:00,8929.744397229753,10374.171203367025,8043.638688575156
forecast_4135,2025-06-22 07:00:00,8391.949730164966,9666.579507978566,7212.462227388543
forecast_4136,2025-06-22 08:00:00,7014.520992764882,8034.620756274788,5957.856382090495
forecast_4137,2025-06-22 09:00:00,5249.029743758036,5709.167857663762,3955.654470522888
forecast_4138,2025-06-22 10:00:00,4973.116951366077,5161.132581035205,3550.482239281393
forecast_4139,2025-06-22 11:00:00,5625.025443349548,5405.384515017403,4222.998528471674
forecast_4140,2025-06-22 12:00:00,5937.216219259512,5474.384077483538,3992.9031401700117
forecast_4141,2025-06-22 13:00:00,5450.3613937527725,5205.7469406744,3843.8594356563085
forecast_4142,2025-06-22 14:00:00,4188.355619443993,3937.1108249623135,3119.3287612150616
forecast_4143,2025-06-22 15:00:00,3319.589391987254,2869.911013304572,2482.9073514696165
forecast_4144,2025-06-22 16:00:00,4075.7206541494643,3559.335407766289,3354.476240786274
forecast_4145,2025-06-22 17:00:00,4057.3801495836574,3891.341939124593,3267.1517214551263
forecast_4146,2025-06-22 18:00:00,4914.224284257395,5270.181544907105,4051.143727734319
forecast_4147,2025-06-22 19:00:00,5691.503130380598,5824.34288866538,4507.831419276874
forecast_4148,2025-06-22 20:00:00,6074.720068204726,7565.914947343661,5592.804261531695
forecast_4149,2025-06-22 21:00:00,6456.396666214967,7965.17804548057,5720.511608708597
forecast_4150,2025-06-22 22:00:00,8011.138009729076,8040.5788186257405,6175.674512349243
forecast_4151,2025-06-22 23:00:00,7938.404396293333,8041.235152403585,6368.086483814209
forecast_4152,2025-06-23 00:00:00,7286.868363363891,7188.960636744421,5403.806944684538
forecast_4153,2025-06-23 01:00:00,6784.995640164025,6367.533411052703,4966.930047093404
forecast_4154,2025-06-23 02:00:00,6299.2322216463035,6192.5758627472,4703.14165154444
forecast_4155,2025-06-23 03:00:00,6309.07241289092,5752.693852028504,4456.119629939156
forecast_4156,2025-06-23 04:00:00,6400.42460781206,4971.354026152706,4143.030241053176
forecast_4157,2025-06-23 05:00:00,4302.760580909239,3793.625437058814,3078.9905766980182
forecast_4158,2025-06-23 06:00:00,3129.8863605519814,3401.9053589658356,2104.6345117454644
forecast_4159,2025-06-23 07:00:00,1644.249949079696,1588.4752166842436,872.9740260184383
forecast_4160,2025-06-23 08:00:00,624.3921704734582,592.0525970539769,261.80200315959513
forecast_4161,2025-06-23 09:00:00,333.6836656752776,376.5042620513623,207.53205057484814
forecast_4162,2025-06-23 10:00:00,274.4342613994415,405.4668388590438,211.93052637049726
forecast_4163,2025-06-23 11:00:00,270.71919020079184,399.7877871155695,206.9424622798102
forecast_4164,2025-06-23 12:00:00,263.4449411890979,391.11873925324545,203.41201484478
forecast_4165,2025-06-23 13:00:00,263.8087614920905,347.39800689721164,233.55170162392233
forecast_4166,2025-06-23 14:00:00,255.60602594674816,331.7281757655997,227.49749389662557
forecast_4167,2025-06-23 15:00:00,245.18761775622286,336.4735570741751,210.2630877935376
forecast_4168,2025-06-23 16:00:00,246.0107931670545,332.16919962044824,222.37100051548703
forecast_4169,2025-06-23 17:00:00,264.30854407629806,342.6355412814645,211.5501797677718
forecast_4170,2025-06-23 18:00:00,299.3456254308002,371.7611139866529,210.41899971507627
forecast_4171,2025-06-23 19:00:00,415.66000563463797,422.56790281426123,222.05080570743775
forecast_4172,2025-06-23 20:00:00,686.1816764438157,659.1065688538257,246.47725546481453
forecast_4173,2025-06-23 21:00:00,758.4824286488026,748.0667326034858,300.894941816071
forecast_4174,2025-06-23 22:00:00,873.4873790775222,874.0092554342424,344.98793196039645
forecast_4175,2025-06-23 23:00:00,853.9434365723197,848.5639399867681,358.12181623294725
forecast_4176,2025-06-24 00:00:00,832.861275533104,772.2287295265595,334.1412350957422
forecast_4177,2025-06-24 01:00:00,1022.7788433399498,886.9098230301389,343.0828131101818
forecast_4178,2025-06-24 02:00:00,893.6156997522188,822.4034808379428,329.24784235050157
forecast_4179,2025-06-24 03:00:00,899.0835686283523,838.2907425868689,326.01005067369977
forecast_4180,2025-06-24 04:00:00,851.9094477046026,852.0699187348563,342.8715606074723
forecast_4181,2025-06-24 05:00:00,1131.0877024417575,1043.1225957491802,415.17074234533334
forecast_4182,2025-06-24 06:00:00,1270.0575271987605,1111.7163227391297,417.9633830267382
forecast_4183,2025-06-24 07:00:00,1294.430069315851,1120.267327603834,400.55112771627904
forecast_4184,2025-06-24 08:00:00,1711.7361528331778,1518.3419968124213,500.96484502687
forecast_4185,2025-06-24 09:00:00,2026.5967611920826,1917.6141564804414,857.2885164590582
forecast_4186,2025-06-24 10:00:00,1940.2556191732463,2068.2689650927887,854.3972292126506
forecast_4187,2025-06-24 11:00:00,1481.1941149119646,1673.9946762059878,811.6763501381296
forecast_4188,2025-06-24 12:00:00,1493.382022101036,1641.024451332028,828.9314644654295
forecast_4189,2025-06-24 13:00:00,1427.2078537608493,1603.470131051244,774.7714135433587
forecast_4190,2025-06-24 14:00:00,1429.932346903023,1731.3475929370748,770.2676732735222
forecast_4191,2025-06-24 15:00:00,1928.7434417973889,2485.7179458424807,984.7483327804002
forecast_4192,2025-06-24 16:00:00,2095.0929628789095,2660.9901451268665,1099.1580949684164
forecast_4193,2025-06-24 17:00:00,2445.920893303924,2855.631624387633,1087.6103057575276
forecast_4194,2025-06-24 18:00:00,2311.810548553282,2666.1831961315756,1235.2516793513937
forecast_4195,2025-06-24 19:00:00,2853.090126987818,2980.352885178953,1522.403132666244
forecast_4196,2025-06-24 20:00:00,3948.477600511558,4244.855923061293,1759.9513474965202
forecast_4197,2025-06-24 21:00:00,4838.769616277945,5749.092273746582,1923.2187293105137
forecast_4198,2025-06-24 22:00:00,4990.182936640662,5696.686243735245,2241.3427571243606
forecast_4199,2025-06-24 23:00:00,5299.4016849503505,5485.221849001245,1899.2119162260117
forecast_4200,2025-06-25 00:00:00,4626.081477762646,4788.262431958685,1733.372400192727
forecast_4201,2025-06-25 01:00:00,3348.7219093895205,3538.6436395136816,1496.4030740887852
forecast_4202,2025-06-25 02:00:00,3030.420930142643,3344.7554383606994,1734.2639954702865
forecast_4203,2025-06-25 03:00:00,2717.6745300519447,3032.8754543786613,1560.1077129743041
forecast_4204,2025-06-25 04:00:00,2553.600637747047,2808.25806061082,2114.7017850716757
forecast_4205,2025-06-25 05:00:00,2092.8093315073975,2459.459054250423,1079.4967661435533
forecast_4206,2025-06-25 06:00:00,2169.550187939861,2430.895154684034,1005.8173872659547
forecast_4207,2025-06-25 07:00:00,1932.4834504495984,2199.6164079733976,771.1849065935888
forecast_4208,2025-06-25 08:00:00,1821.7430645131578,1985.829094358405,724.6071654089462
forecast_4209,2025-06-25 09:00:00,1803.2359868157155,1851.085440191571,832.4877941795672
forecast_4210,2025-06-25 10:00:00,1685.2266106675115,1532.9016722763115,672.3089182112599
forecast_4211,2025-06-25 11:00:00,1268.449253507487,1283.950935152019,519.7964311738168
forecast_4212,2025-06-25 12:00:00,1145.3405839159993,1429.2335924427898,569.6269249446144
forecast_4213,2025-06-25 13:00:00,1168.2858899518533,1136.7287672866541,498.14307109711353
forecast_4214,2025-06-25 14:00:00,1198.7287212625708,1126.9644071547284,452.0192891515005
forecast_4215,2025-06-25 15:00:00,1074.147534003378,1129.9594631105167,366.71136602760976
forecast_4216,2025-06-25 16:00:00,1139.1834668026233,1169.5226865261095,413.0294234278459
forecast_4217,2025-06-25 17:00:00,1432.7419747319955,1615.349993825052,648.6519786272032
forecast_4218,2025-06-25 18:00:00,1532.8539810040081,1735.6519672868437,822.9633125354296
forecast_4219,2025-06-25 19:00:00,2475.645880709111,2291.7755144410894,1285.8269660209328
forecast_4220,2025-06-25 20:00:00,3059.2349470304453,3186.8280976147407,2068.257495440091
forecast_4221,2025-06-25 21:00:00,2984.60530832683,3720.7898938019866,1504.4067729792578
forecast_4222,2025-06-25 22:00:00,3641.3615943407212,4574.734911899183,2459.573305340987
forecast_4223,2025-06-25 23:00:00,4751.438211224404,5650.515738451213,3779.2732911830435
forecast_4224,2025-06-26 00:00:00,6130.502808948049,6225.9048647733025,4429.613985278396
forecast_4225,2025-06-26 01:00:00,9945.22144696145,10780.659946753522,8622.767495519825
forecast_4226,2025-06-26 02:00:00,11269.51980992687,11924.765518707263,10166.951199839415
forecast_4227,2025-06-26 03:00:00,11685.271240290405,12667.883957780274,10472.132598515693
forecast_4228,2025-06-26 04:00:00,9948.335211888792,11500.547891798495,9552.961297388763
forecast_4229,2025-06-26 05:00:00,10150.845685132144,10810.505480120657,9787.174424096354
forecast_4230,2025-06-26 06:00:00,9299.295858458627,10321.759460281686,8678.378808427371
forecast_4231,2025-06-26 07:00:00,8603.541088193126,9255.04144774343,8276.279589768068
forecast_4232,2025-06-26 08:00:00,8759.275729527655,10216.611160106835,7798.964728370975
forecast_4233,2025-06-26 09:00:00,8286.973872872315,9248.778478026088,7297.884477666188
forecast_4234,2025-06-26 10:00:00,6191.7827295098305,6829.720244826148,5138.535370866263
forecast_4235,2025-06-26 11:00:00,4872.200909404981,4948.991629619898,3955.588717776899
forecast_4236,2025-06-26 12:00:00,4774.8202549224925,4135.336431920403,4173.779296876855
forecast_4237,2025-06-26 13:00:00,4374.284861023842,3444.1163247033905,3433.513462610079
forecast_4238,2025-06-26 14:00:00,3743.502982545744,3414.482012629081,3014.71024258985
forecast_4239,2025-06-26 15:00:00,4501.751357117041,4321.268316148487,3412.9956472888803
forecast_4240,2025-06-26 16:00:00,4525.3026535429535,4384.829762499396,3354.388363959676
forecast_4241,2025-06-26 17:00:00,4938.117270404101,4889.890454995462,4417.764295249313
forecast_4242,2025-06-26 18:00:00,5006.327469515277,4953.984441503153,4770.703462693771
forecast_4243,2025-06-26 19:00:00,4665.053772571377,4611.390884699401,3481.9970435889895
forecast_4244,2025-06-26 20:00:00,5490.535544030712,6171.000568282169,5228.777572760439
forecast_4245,2025-06-26 21:00:00,5154.199201629734,5096.633461620039,4468.811144220351
forecast_4246,2025-06-26 22:00:00,4437.523728242431,4080.353107135916,3785.309844275862
forecast_4247,2025-06-26 23:00:00,4865.211044749411,5187.244333343884,3571.603516729314
forecast_4248,2025-06-27 00:00:00,5032.61863683016,5070.483512513071,3728.4144610402464
forecast_4249,2025-06-27 01:00:00,3746.5239648005913,3914.9941207533525,2509.1300919612386
forecast_4250,2025-06-27 02:00:00,3939.727918797116,4412.328030259245,3180.267142282682
forecast_4251,2025-06-27 03:00:00,6099.0527395863755,5575.695191420652,4494.887079499059
forecast_4252,2025-06-27 04:00:00,6645.332934390438,6188.898553385283,4902.006138154122
forecast_4253,2025-06-27 05:00:00,4118.804120336895,4056.3951325098374,3253.137213073134
forecast_4254,2025-06-27 06:00:00,4027.444280109859,3703.6623496626685,2670.588774899134
forecast_4255,2025-06-27 07:00:00,2873.7525270637266,2617.172927143594,2085.994454142408
forecast_4256,2025-06-27 08:00:00,2397.68557191373,2096.223098063164,1679.16492105105
forecast_4257,2025-06-27 09:00:00,1007.2264182772653,1022.2131552697653,525.5295837733498
forecast_4258,2025-06-27 10:00:00,454.2594490362805,459.5111463485782,294.3330241612958
forecast_4259,2025-06-27 11:00:00,363.0576051742144,339.9968589541164,228.35510243928098
forecast_4260,2025-06-27 12:00:00,463.15818176393464,472.22234432925154,278.56359768327974
forecast_4261,2025-06-27 13:00:00,1114.371040761932,1076.0835897046882,740.2666853020818
forecast_4262,2025-06-27 14:00:00,1485.1912595927208,1626.9048792044757,1155.3955778096492
forecast_4263,2025-06-27 15:00:00,1097.0069532009688,1001.8303219477896,629.2342312232873
forecast_4264,2025-06-27 16:00:00,1012.3457123159726,982.0265093311185,609.7908179439388
forecast_4265,2025-06-27 17:00:00,817.3467960400584,918.4205093915612,537.3124576707477
forecast_4266,2025-06-27 18:00:00,526.485421282439,595.7443627746842,278.23722694824005
forecast_4267,2025-06-27 19:00:00,763.7395312605798,778.4776035364399,314.3918531877224
forecast_4268,2025-06-27 20:00:00,1064.2298481179025,1214.3783992866959,599.0893621587982
forecast_4269,2025-06-27 21:00:00,2091.933212215747,2261.128233047158,1153.1636513809915
forecast_4270,2025-06-27 22:00:00,3093.587433305341,3646.0860908759114,1984.976567940697
forecast_4271,2025-06-27 23:00:00,5194.465040327864,5284.830405214322,3331.5752218502157
forecast_4272,2025-06-28 00:00:00,5180.589139931182,5594.875434759921,3764.4680466554873
forecast_4273,2025-06-28 01:00:00,6499.876266145874,7360.974670537292,4689.099868537826
forecast_4274,2025-06-28 02:00:00,7562.491544086248,8109.362723207444,6211.287622065475
forecast_4275,2025-06-28 03:00:00,7836.724744952214,8670.623311389898,6283.732280726255
forecast_4276,2025-06-28 04:00:00,8838.983428207319,9226.108025626454,6273.504544906913
forecast_4277,2025-06-28 05:00:00,8502.591489863946,9930.965194965633,5959.817637302435
forecast_4278,2025-06-28 06:00:00,8055.026308588017,8945.547682232747,5995.52329563316
forecast_4279,2025-06-28 07:00:00,7163.375028847173,8609.88036353577,5896.7810480874705
forecast_4280,2025-06-28 08:00:00,5986.584299367109,6743.973710978742,4316.931899884721
forecast_4281,2025-06-28 09:00:00,4087.886338216475,4606.217721987589,2829.9043960195854
forecast_4282,2025-06-28 10:00:00,2532.6644735058876,3061.8613838529905,1812.456165984217
forecast_4283,2025-06-28 11:00:00,1537.5570577857766,1713.6557901197966,1282.4875854931036
forecast_4284,2025-06-28 12:00:00,451.30676602545776,468.7567884120823,395.7961238888718
forecast_4285,2025-06-28 13:00:00,453.8700008388944,488.2832495146358,379.0366696833213
forecast_4286,2025-06-28 14:00:00,1050.7138365819571,854.7555796482967,910.8744000612019
forecast_4287,2025-06-28 15:00:00,1256.7557817244071,888.7247356672435,966.3939322293515
forecast_4288,2025-06-28 16:00:00,1645.6682634478907,1626.1531638828483,1338.5624114334112
forecast_4289,2025-06-28 17:00:00,1979.9102374383726,2243.26067075449,1786.0667237616092
forecast_4290,2025-06-28 18:00:00,2792.9788440207462,3292.5292615503854,2283.4640995621035
forecast_4291,2025-06-28 19:00:00,4257.223861443229,5730.235572487076,4113.329217183659
forecast_4292,2025-06-28 20:00:00,5109.7387362591135,6669.0708857263535,5357.473644804883
forecast_4293,2025-06-28 21:00:00,6354.378629697321,8112.514258998421,6406.276307375303
forecast_4294,2025-06-28 22:00:00,7135.965225664444,9152.874338508034,6974.260916609344
forecast_4295,2025-06-28 23:00:00,6861.006636499963,9191.219555867836,6675.607103468652
forecast_4296,2025-06-29 00:00:00,7147.549544452068,9212.518045836146,7061.9750557275565
forecast_4297,2025-06-29 01:00:00,9466.56352151456,9969.400170078732,7713.460317561095
forecast_4298,2025-06-29 02:00:00,10092.351269163615,11142.663406182814,8489.203051689577
forecast_4299,2025-06-29 03:00:00,11351.515185465867,12558.720134688432,10289.560455895002
forecast_4300,2025-06-29 04:00:00,12495.87158456784,13420.72531383958,11815.207154452517
forecast_4301,2025-06-29 05:00:00,12213.029611855438,13408.95384153351,11928.954190226692
forecast_4302,2025-06-29 06:00:00,12160.063965507055,12183.275708142492,10839.239268193656
forecast_4303,2025-06-29 07:00:00,11145.724083947915,11552.480306588459,9501.629104182204
forecast_4304,2025-06-29 08:00:00,9860.832518460917,10822.367618851686,8483.809621616028
forecast_4305,2025-06-29 09:00:00,7925.843861861751,9116.307859802233,7362.656556920203
forecast_4306,2025-06-29 10:00:00,4736.782656738464,5535.494370681955,4824.174035752391
forecast_4307,2025-06-29 11:00:00,3962.3446592920477,4619.033754887754,4035.7906176960337
forecast_4308,2025-06-29 12:00:00,3906.294902884858,4118.060225737113,3730.5840584678017
forecast_4309,2025-06-29 13:00:00,3747.98107728939,4184.957884931905,3797.5493852268983
forecast_4310,2025-06-29 14:00:00,3661.7500413562348,3836.0251132774265,3570.2147546067354
forecast_4311,2025-06-29 15:00:00,3511.9999659273158,3245.365885881738,3538.9868368582693
forecast_4312,2025-06-29 16:00:00,4216.790231699184,3879.311414982806,4211.844980889381
forecast_4313,2025-06-29 17:00:00,4652.955729873324,4848.787985213717,4453.527223926803
forecast_4314,2025-06-29 18:00:00,4241.18477015404,4169.128777034449,4481.936984315596
forecast_4315,2025-06-29 19:00:00,6434.595429451473,5673.774557141514,5355.037420243867
forecast_4316,2025-06-29 20:00:00,6422.604433510042,6317.033457169309,5177.401701479336
forecast_4317,2025-06-29 21:00:00,7189.51152572385,8357.865976874817,6711.865887648961
forecast_4318,2025-06-29 22:00:00,10003.05011940231,10592.29161305366,8681.60955714726
forecast_4319,2025-06-29 23:00:00,11145.420964170315,11458.044096984406,10780.139305227482
forecast_4320,2025-06-30 00:00:00,11787.537402010397,12334.604774978021,10915.353330720185
forecast_4321,2025-06-30 01:00:00,10708.88085625835,11219.12625977748,8504.981129875778
forecast_4322,2025-06-30 02:00:00,10326.658823916612,11632.027242139815,9096.690256579257
forecast_4323,2025-06-30 03:00:00,9712.238915507807,11077.85993504129,8193.040800088926
forecast_4324,2025-06-30 04:00:00,10190.57589999166,11177.407047693077,8660.370252426545
forecast_4325,2025-06-30 05:00:00,10684.7513347202,11570.2077001342,8337.503194273459
forecast_4326,2025-06-30 06:00:00,10519.032780293848,11273.62873494078,8424.780306862924
forecast_4327,2025-06-30 07:00:00,9222.962066530226,10057.56071585116,7728.559804274007
forecast_4328,2025-06-30 08:00:00,6800.295868613463,8396.418148346755,6084.848020963018
forecast_4329,2025-06-30 09:00:00,5584.892807497183,7058.5403496931785,5260.016674998067
forecast_4330,2025-06-30 10:00:00,3738.4241613236254,5023.566759227162,4028.4350078674693
forecast_4331,2025-06-30 11:00:00,2754.502681385837,3331.368280965523,3015.283307780889
forecast_4332,2025-06-30 12:00:00,3545.9003964076865,3622.6493675881056,3583.424241090674
forecast_4333,2025-06-30 13:00:00,4123.8376166141725,4459.537913138499,3563.060418054029
forecast_4334,2025-06-30 14:00:00,5164.2000468556425,5994.392362053056,4996.933716328732
forecast_4335,2025-06-30 15:00:00,6533.986066074246,7250.280672787567,6243.272929435843
forecast_4336,2025-06-30 16:00:00,7804.725082013713,8468.38106164826,8529.550528443604
forecast_4337,2025-06-30 17:00:00,7921.4324418804445,8432.310418829707,7527.717316202269
forecast_4338,2025-06-30 18:00:00,7172.535416634166,8006.593023526345,6660.821457312953
forecast_4339,2025-06-30 19:00:00,8579.013862338377,8831.930818802748,7964.52378272729
forecast_4340,2025-06-30 20:00:00,9685.997098026162,10095.262100725693,10115.24598516703
forecast_4341,2025-06-30 21:00:00,10106.061684385186,11042.079117294006,9460.116479474875
forecast_4342,2025-06-30 22:00:00,11552.422921718646,11808.201468783062,9900.173605954235
forecast_4343,2025-06-30 23:00:00,11965.185228456963,12122.203458570079,10841.240226308333
forecast_4344,2025-07-01 00:00:00,11491.271564348488,11862.499626895262,10143.24376208391
forecast_4345,2025-07-01 01:00:00,10585.722213664265,11328.628608315747,8814.11435949228
forecast_4346,2025-07-01 02:00:00,11235.568442043843,11849.432144155086,9197.193275980613
forecast_4347,2025-07-01 03:00:00,11159.14121459635,12132.168879491504,8960.029449660955
forecast_4348,2025-07-01 04:00:00,11126.616841758903,11987.246429667453,9811.072414255234
forecast_4349,2025-07-01 05:00:00,11502.880401055703,12632.019420028606,11062.426659669632
forecast_4350,2025-07-01 06:00:00,11669.156896333769,12120.53246134137,9774.668068114623
forecast_4351,2025-07-01 07:00:00,10161.53337245992,11061.379294290547,8623.230892387328
forecast_4352,2025-07-01 08:00:00,8791.046914600198,10300.132997948655,7384.245036464565
forecast_4353,2025-07-01 09:00:00,8177.984669378129,9541.638536361288,7684.712681998723
forecast_4354,2025-07-01 10:00:00,6499.369838213745,7958.097657917668,6150.743079410548
forecast_4355,2025-07-01 11:00:00,6987.447705498196,8034.896405502657,6868.4986045175965
forecast_4356,2025-07-01 12:00:00,7137.989252801764,7255.977649022212,6702.917627899576
forecast_4357,2025-07-01 13:00:00,6285.567283814453,6340.351767872022,6221.6256594135975
forecast_4358,2025-07-01 14:00:00,5635.099642604997,5441.091276182503,5532.634637251425
forecast_4359,2025-07-01 15:00:00,5211.901065807325,5560.478914693803,5513.952427194252
forecast_4360,2025-07-01 16:00:00,5601.738950582387,5720.628043626279,5730.489102976492
forecast_4361,2025-07-01 17:00:00,5284.297319416163,6316.517207307215,5638.371145261635
forecast_4362,2025-07-01 18:00:00,5553.233250378712,6421.1979112316485,5748.569017845077
forecast_4363,2025-07-01 19:00:00,7096.104181202413,7417.666363029296,6698.050767978511
forecast_4364,2025-07-01 20:00:00,7852.480366720752,8346.718111847262,7468.128365217263
forecast_4365,2025-07-01 21:00:00,9062.671404276774,9822.05856992991,8322.976234332393
forecast_4366,2025-07-01 22:00:00,10463.267864551437,11949.04567508244,9299.857262205514
forecast_4367,2025-07-01 23:00:00,12025.386478370807,12963.32881565051,10374.0372473239
forecast_4368,2025-07-02 00:00:00,13150.589598909188,14217.724110515219,12387.190494440727
forecast_4369,2025-07-02 01:00:00,12125.656936180309,13397.196568858823,12457.435698650259
forecast_4370,2025-07-02 02:00:00,13702.35055468887,14383.966078878297,13000.081318652263
forecast_4371,2025-07-02 03:00:00,13831.881590902452,14778.606248130025,12811.72152806767
forecast_4372,2025-07-02 04:00:00,13008.665447719595,14240.082426526824,12189.556613433502
forecast_4373,2025-07-02 05:00:00,12337.33915865649,13924.268563405025,12185.77231706129
forecast_4374,2025-07-02 06:00:00,11825.537127366695,13522.082069460092,11416.498274544772
forecast_4375,2025-07-02 07:00:00,11778.1009020672,13291.734930847213,10268.390796032892
forecast_4376,2025-07-02 08:00:00,11533.91119558302,12613.4673305292,10500.428113991984
forecast_4377,2025-07-02 09:00:00,9611.851890056803,11392.276888149983,9428.55179381312
forecast_4378,2025-07-02 10:00:00,8000.246981342342,9033.90624810114,7319.985117342171
forecast_4379,2025-07-02 11:00:00,5919.265473792819,7352.294030675215,5960.437681287934
forecast_4380,2025-07-02 12:00:00,6620.599226706586,7226.702937199448,6744.561288445112
forecast_4381,2025-07-02 13:00:00,6591.073424640202,6558.447279214456,6138.415414838362
forecast_4382,2025-07-02 14:00:00,6655.092949123495,6587.219299523053,5929.607920869762
forecast_4383,2025-07-02 15:00:00,6844.134164415163,6877.024691620289,5943.999198142349
forecast_4384,2025-07-02 16:00:00,6137.175991340604,6321.163530563217,5105.468710229656
forecast_4385,2025-07-02 17:00:00,5283.618018837259,5933.444290514498,4557.062282455472
forecast_4386,2025-07-02 18:00:00,4329.37407415323,4307.663848780927,3694.4034066310874
forecast_4387,2025-07-02 19:00:00,5259.728144185179,5203.993087850465,4190.022333256396
forecast_4388,2025-07-02 20:00:00,5607.140704624134,6953.52648910436,5905.890546007496
forecast_4389,2025-07-02 21:00:00,6140.1577422383625,7547.988497454017,6246.687542502495
forecast_4390,2025-07-02 22:00:00,7272.914433082536,8591.957332339982,6968.847134605285
forecast_4391,2025-07-02 23:00:00,8017.612941200641,9458.59809970499,7973.150284119579
forecast_4392,2025-07-03 00:00:00,9275.322105932502,11154.872060700147,8380.088925188544
forecast_4393,2025-07-03 01:00:00,11014.891599365372,11833.745723558997,9013.677713547098
forecast_4394,2025-07-03 02:00:00,11705.33938630332,12802.079490187973,10459.308105000437
forecast_4395,2025-07-03 03:00:00,12120.41467649197,13658.192639762576,11517.371119322324
forecast_4396,2025-07-03 04:00:00,13450.90259664039,14176.903748543618,12686.5439425842
forecast_4397,2025-07-03 05:00:00,13126.22207727912,14549.694089058201,12311.414072350084
forecast_4398,2025-07-03 06:00:00,12813.45262693335,13950.4298987217,11251.463780102651
forecast_4399,2025-07-03 07:00:00,11986.886699934148,12979.401307003265,10660.459714323912
forecast_4400,2025-07-03 08:00:00,10697.35306239261,12725.652358947244,9690.853086637913
forecast_4401,2025-07-03 09:00:00,9926.961453267635,12257.418481344848,9458.686197449286
forecast_4402,2025-07-03 10:00:00,8904.986458019846,10091.721033723523,8482.87946612066
forecast_4403,2025-07-03 11:00:00,7258.051745642696,7249.442303869626,6820.843688273494
forecast_4404,2025-07-03 12:00:00,7363.4726774484525,6741.172412551522,5935.483119288243
forecast_4405,2025-07-03 13:00:00,7657.899308509082,7777.658189002292,6925.282458752969
forecast_4406,2025-07-03 14:00:00,7840.878312237622,7980.118956537872,7543.798563542004
forecast_4407,2025-07-03 15:00:00,8349.5749064366,7996.34120171267,9388.950445222375
forecast_4408,2025-07-03 16:00:00,7967.908245030289,7604.2610945368715,8526.937849455626
forecast_4409,2025-07-03 17:00:00,7863.049287179309,7639.182487283023,8251.37026238171
forecast_4410,2025-07-03 18:00:00,6745.145042474588,7364.327704399679,7913.842671468646
forecast_4411,2025-07-03 19:00:00,8963.624099152392,9109.99761709092,10341.930399247414
forecast_4412,2025-07-03 20:00:00,10514.11569417903,10577.608366355002,11771.507475800649
forecast_4413,2025-07-03 21:00:00,11515.710219924513,12131.344098783547,12656.669890687719
forecast_4414,2025-07-03 22:00:00,13635.878807982745,14542.852838636789,13875.721976566538
forecast_4415,2025-07-03 23:00:00,14013.314443402232,14858.363064599771,14313.930132656129
forecast_4416,2025-07-04 00:00:00,14297.569808288792,15939.03860084797,15101.657638033534
forecast_4417,2025-07-04 01:00:00,13790.954980962264,15039.688973869756,14873.00661669918
forecast_4418,2025-07-04 02:00:00,14072.535126281056,15691.32467252856,15649.275239124981
forecast_4419,2025-07-04 03:00:00,14329.450310830465,15995.778445304442,16258.249145562935
forecast_4420,2025-07-04 04:00:00,13771.131133235604,15949.30584107816,15390.192903911668
forecast_4421,2025-07-04 05:00:00,13621.705054450498,15849.241209590547,15594.089999627528
forecast_4422,2025-07-04 06:00:00,13398.078814279925,15194.177411194727,14344.737623202916
forecast_4423,2025-07-04 07:00:00,13687.687211132265,15215.3214093184,14998.821853487452
forecast_4424,2025-07-04 08:00:00,13257.114797297254,14921.680336273277,14719.926969785347
forecast_4425,2025-07-04 09:00:00,14099.895921402018,15094.029279915278,14596.522829817744
forecast_4426,2025-07-04 10:00:00,13108.053660320269,15026.019697927795,13964.256698559557
forecast_4427,2025-07-04 11:00:00,12734.067312976624,14803.825883326304,14119.47407820982
forecast_4428,2025-07-04 12:00:00,13011.867407073663,14818.375074819078,14174.055549661005
forecast_4429,2025-07-04 13:00:00,11986.491577071023,14992.959731511979,13630.57680909756
forecast_4430,2025-07-04 14:00:00,11762.70575398641,14266.626942433515,13539.74853290998
forecast_4431,2025-07-04 15:00:00,11077.156383938436,13985.569194780288,14121.625102143133
forecast_4432,2025-07-04 16:00:00,11682.713116702367,14432.044134021357,14241.173139281544
forecast_4433,2025-07-04 17:00:00,12117.736231371133,14768.354819008398,15090.715630790177
forecast_4434,2025-07-04 18:00:00,12405.007647872708,14627.77090766833,15112.847534204486
forecast_4435,2025-07-04 19:00:00,12813.15570751782,15145.871415668222,15450.693124111045
forecast_4436,2025-07-04 20:00:00,13592.537109429699,15325.098797438755,15889.737158054946
forecast_4437,2025-07-04 21:00:00,13682.180326620188,15088.618483738366,15238.490368662982
forecast_4438,2025-07-04 22:00:00,14204.255669361008,15371.870941280684,15161.027918274614
forecast_4439,2025-07-04 23:00:00,14424.77327585925,15723.940392061386,15307.794949003777
forecast_4440,2025-07-05 00:00:00,14318.734909839126,16007.998605959046,15209.42422202719
forecast_4441,2025-07-05 01:00:00,14047.182832735652,15810.485272334197,14480.317692782231
forecast_4442,2025-07-05 02:00:00,13954.493860991928,15707.059361992357,14025.716222199893
forecast_4443,2025-07-05 03:00:00,13808.494642120182,15353.446295025391,14152.490388501015
forecast_4444,2025-07-05 04:00:00,13318.694431268366,14941.33074300271,13040.133713465812
forecast_4445,2025-07-05 05:00:00,13816.709615253778,15281.20976994101,14163.716090338106
forecast_4446,2025-07-05 06:00:00,13296.100395182108,14485.130193581846,12755.537379413749
forecast_4447,2025-07-05 07:00:00,12936.561967964904,13179.913969597575,11791.484777955651
forecast_4448,2025-07-05 08:00:00,11646.668746564474,12119.14127905934,11604.860622828939
forecast_4449,2025-07-05 09:00:00,10337.222372262033,11094.981171314335,9844.999592251948
forecast_4450,2025-07-05 10:00:00,9322.465232406092,10125.751766234578,9193.254130049614
forecast_4451,2025-07-05 11:00:00,9098.992358542835,10105.492198235068,9377.444037977042
forecast_4452,2025-07-05 12:00:00,8863.17620136075,9423.451124366498,9665.40020950305
forecast_4453,2025-07-05 13:00:00,9242.570730903039,9474.253654807137,9822.96306819696
forecast_4454,2025-07-05 14:00:00,9290.565992972097,9216.263515026933,9528.218341354146
forecast_4455,2025-07-05 15:00:00,8986.327466612298,8678.160550417253,9189.197136437195
forecast_4456,2025-07-05 16:00:00,9159.645476188021,8816.222099495646,9288.29358373323
forecast_4457,2025-07-05 17:00:00,9569.33203285177,8830.70017641329,8702.74773646717
forecast_4458,2025-07-05 18:00:00,9459.171348620048,9001.74873885656,9142.863803705372
forecast_4459,2025-07-05 19:00:00,11070.901706216564,10748.906701346592,10487.6936392527
forecast_4460,2025-07-05 20:00:00,11958.037117413682,11490.3362441777,11853.434257693278
forecast_4461,2025-07-05 21:00:00,12816.54490948468,13606.910713853022,13447.19091981439
forecast_4462,2025-07-05 22:00:00,13944.912724192396,15378.003296260333,14431.590647193128
forecast_4463,2025-07-05 23:00:00,13966.780400427693,15372.149462290154,15036.996052362201
forecast_4464,2025-07-06 00:00:00,13663.5893850535,15762.312147776782,14371.171256981113
forecast_4465,2025-07-06 01:00:00,14415.037834117911,15697.421790692333,14933.08534255514
forecast_4466,2025-07-06 02:00:00,14278.617376602171,15441.938802508495,14674.209689684965
forecast_4467,2025-07-06 03:00:00,14476.21160872905,15648.30683628538,14875.83908759225
forecast_4468,2025-07-06 04:00:00,14366.573131736468,15779.791533407677,15283.75852484028
forecast_4469,2025-07-06 05:00:00,14307.397099321994,15730.548153913911,14304.493344665776
forecast_4470,2025-07-06 06:00:00,14099.251539417059,15104.098480097822,13980.760947815383
forecast_4471,2025-07-06 07:00:00,13643.29871283969,14505.765344620471,12994.835915235857
forecast_4472,2025-07-06 08:00:00,11907.669427804796,12481.009755457362,11654.36395655951
forecast_4473,2025-07-06 09:00:00,10598.047277951591,10967.89111850481,9323.660285258271
forecast_4474,2025-07-06 10:00:00,8549.457724167381,9152.199992196927,7787.667845451994
forecast_4475,2025-07-06 11:00:00,7557.292174857496,7614.643499153346,6845.185412900528
forecast_4476,2025-07-06 12:00:00,6030.535646757943,5971.051882133031,5746.512484247359
forecast_4477,2025-07-06 13:00:00,5298.8878120946565,5487.743208245787,5298.481760321961
forecast_4478,2025-07-06 14:00:00,4863.878017853567,5161.525618869028,4718.370528498645
forecast_4479,2025-07-06 15:00:00,4428.86567700669,4694.735331737117,3825.8936753131507
forecast_4480,2025-07-06 16:00:00,4020.529293651161,4082.9536048481004,3606.670441918544
forecast_4481,2025-07-06 17:00:00,4491.000099346298,4349.687354723494,4094.0450133645263
forecast_4482,2025-07-06 18:00:00,4566.643742211149,4506.857404950683,3695.83330959146
forecast_4483,2025-07-06 19:00:00,6820.5878804122585,6000.910219504163,5109.642042937368
forecast_4484,2025-07-06 20:00:00,7581.3000702531735,7500.813796215161,6813.842391388942
forecast_4485,2025-07-06 21:00:00,8098.40725940393,8384.294657305267,7034.509563625804
forecast_4486,2025-07-06 22:00:00,8130.021101376242,9123.947381846769,6481.179280669127
forecast_4487,2025-07-06 23:00:00,7875.479379605986,8531.203982745054,6463.815105685337
forecast_4488,2025-07-07 00:00:00,8272.942751803816,8968.853538340905,6660.340131347072
forecast_4489,2025-07-07 01:00:00,6977.504525824062,7263.855394682283,5660.37225409686
forecast_4490,2025-07-07 02:00:00,6943.802676542671,7226.813841079463,5907.234389847024
forecast_4491,2025-07-07 03:00:00,6779.49245062609,6709.488297094786,5623.883358251962
forecast_4492,2025-07-07 04:00:00,5682.6505655869605,5838.090415340898,4347.147558937248
forecast_4493,2025-07-07 05:00:00,3374.3769097397058,2994.137068995148,2095.4059481743334
forecast_4494,2025-07-07 06:00:00,2058.9382886967255,1799.6661631300453,1292.1445385652196
forecast_4495,2025-07-07 07:00:00,1888.3863688511399,1573.5223423556608,1022.5100188073528
forecast_4496,2025-07-07 08:00:00,1244.3432711448304,1060.06954480408,527.7598680035193
forecast_4497,2025-07-07 09:00:00,362.38684367116485,452.57652848910686,216.80243240668688
forecast_4498,2025-07-07 10:00:00,258.32491659997964,329.40187250139934,206.92194794227302
forecast_4499,2025-07-07 11:00:00,251.24767112506603,321.84914316649395,223.93026637509465
forecast_4500,2025-07-07 12:00:00,252.66183096665378,320.33768821405107,225.36531003367494
forecast_4501,2025-07-07 13:00:00,291.77673913180513,381.2414224450834,251.35250639468512
forecast_4502,2025-07-07 14:00:00,317.81493774778176,365.11089983479593,286.1335752310974
forecast_4503,2025-07-07 15:00:00,278.8771942134676,329.76126123976934,262.16571062422264
forecast_4504,2025-07-07 16:00:00,262.5008291018698,457.49743834124286,373.12527938423705
forecast_4505,2025-07-07 17:00:00,316.3685348786311,438.5772574470679,319.98399034036595
forecast_4506,2025-07-07 18:00:00,327.54032458680524,431.10675347482754,245.97756206485752
forecast_4507,2025-07-07 19:00:00,441.71842819002916,495.3041756800637,272.50770907941194
forecast_4508,2025-07-07 20:00:00,722.1670899719455,673.3876307348769,273.38871083605056
forecast_4509,2025-07-07 21:00:00,825.5183049930077,773.5006432640822,281.7534518889534
forecast_4510,2025-07-07 22:00:00,888.6096895331767,856.1896504870298,304.98597050074625
forecast_4511,2025-07-07 23:00:00,797.447220557675,812.7784016605383,298.63656589390274
forecast_4512,2025-07-08 00:00:00,791.0932228100493,811.3528162225741,297.7869056939986
forecast_4513,2025-07-08 01:00:00,952.8374976384716,818.7362974965542,314.5788545062256
forecast_4514,2025-07-08 02:00:00,755.3769736733303,729.0144510066715,306.08745618081485
forecast_4515,2025-07-08 03:00:00,751.8248086971657,732.8588483014267,309.87264460932903
forecast_4516,2025-07-08 04:00:00,834.4008475598183,796.8761336176083,308.94009459912667
forecast_4517,2025-07-08 05:00:00,770.0386924588546,750.8903740935631,292.01319852759394
forecast_4518,2025-07-08 06:00:00,816.5521634214666,788.4871409031604,274.5002752321088
forecast_4519,2025-07-08 07:00:00,821.2439676730509,776.7559613828483,283.13099625275913
forecast_4520,2025-07-08 08:00:00,607.3661647646933,715.0771768857228,295.5164033307738
forecast_4521,2025-07-08 09:00:00,346.26117365078534,376.8441082323288,222.67614098516094
forecast_4522,2025-07-08 10:00:00,270.8734265217473,317.7762607279064,210.09470383075762
forecast_4523,2025-07-08 11:00:00,256.1515763575029,315.95460086939454,210.04308539369495
forecast_4524,2025-07-08 12:00:00,262.6166166857662,315.1316719699144,217.45928833152357
forecast_4525,2025-07-08 13:00:00,421.5864319924743,526.88500817078,343.24016921436777
forecast_4526,2025-07-08 14:00:00,400.68778851171487,479.0496825341647,328.29709718416603
forecast_4527,2025-07-08 15:00:00,474.76816382601413,563.5887321210616,354.1112697000539
forecast_4528,2025-07-08 16:00:00,464.47201985450954,499.30656097469426,342.648793874207
forecast_4529,2025-07-08 17:00:00,289.0505977128035,399.27020895166544,247.13380096927045
forecast_4530,2025-07-08 18:00:00,354.89626794747903,490.38916943415643,241.66462060821974
forecast_4531,2025-07-08 19:00:00,552.2564734092921,578.4205417062401,243.47214284793256
forecast_4532,2025-07-08 20:00:00,796.1796824658103,826.0683313112294,290.2799840716922
forecast_4533,2025-07-08 21:00:00,959.3449223734899,936.1144011061531,298.2014291398336
forecast_4534,2025-07-08 22:00:00,1248.8585438509072,1217.1377498126428,486.24879988078504
forecast_4535,2025-07-08 23:00:00,1249.5525418352058,1289.943220875787,517.4430270912628
forecast_4536,2025-07-09 00:00:00,1270.5276519959,1243.4480321873782,566.3640583131512
forecast_4537,2025-07-09 01:00:00,982.9742953739784,1051.1725325773805,317.1246484717136
forecast_4538,2025-07-09 02:00:00,979.7512363809786,1018.8669003867873,317.1246484717136
forecast_4539,2025-07-09 03:00:00,978.4054058876129,1035.2136613050184,318.74919887415274
forecast_4540,2025-07-09 04:00:00,987.0357084570533,998.8907577296502,315.3819641707721
forecast_4541,2025-07-09 05:00:00,1064.8869881491594,1026.9783398147238,398.60237960598164
forecast_4542,2025-07-09 06:00:00,1230.9118237487423,1244.9171237396283,467.64070461006673
forecast_4543,2025-07-09 07:00:00,1169.498264797112,1123.1933743024422,406.51479250816647
forecast_4544,2025-07-09 08:00:00,1099.403148274961,1028.3442901550818,455.2474863914258
forecast_4545,2025-07-09 09:00:00,743.5959923691701,773.896183707223,440.5036792615382
forecast_4546,2025-07-09 10:00:00,712.0790130083518,921.7419449765006,579.1106548027674
forecast_4547,2025-07-09 11:00:00,812.8175889992509,1076.5143454050024,756.5659680993747
forecast_4548,2025-07-09 12:00:00,824.9891061188223,1004.386944100768,842.592212301492
forecast_4549,2025-07-09 13:00:00,896.7273809742351,1109.397463762451,964.1471651758422
forecast_4550,2025-07-09 14:00:00,990.8613948937842,1294.2947717823542,1123.5367674338918
forecast_4551,2025-07-09 15:00:00,885.5829963902528,1175.0794288495208,1018.2874758744148
forecast_4552,2025-07-09 16:00:00,777.5229289537913,997.9962209339719,768.4894974737027
forecast_4553,2025-07-09 17:00:00,769.3449273890602,863.0486324906834,654.0034269996826
forecast_4554,2025-07-09 18:00:00,843.100444650982,834.0202378807186,501.5937825821946
forecast_4555,2025-07-09 19:00:00,880.2900240928996,910.7004012597088,434.48921690577913
forecast_4556,2025-07-09 20:00:00,1305.383312368912,1252.619878212401,524.4588172911602
forecast_4557,2025-07-09 21:00:00,1743.572618437327,1803.5802339491286,784.9797853044997
forecast_4558,2025-07-09 22:00:00,2417.8125023677208,2841.707273717567,970.4981324958281
forecast_4559,2025-07-09 23:00:00,2671.115682741809,3121.386222728271,1210.0169218289643
forecast_4560,2025-07-10 00:00:00,2743.9803438185904,3063.9161157965923,1262.4916777318724
forecast_4561,2025-07-10 01:00:00,2959.2596487647866,3300.067979991685,978.6911020027851
forecast_4562,2025-07-10 02:00:00,2354.86619340095,2732.6880412131954,969.1030103562493
forecast_4563,2025-07-10 03:00:00,2419.105400495699,2808.8353459907585,1001.2390091315003
forecast_4564,2025-07-10 04:00:00,2358.9033917901584,2925.1284683200774,1184.1010913676846
forecast_4565,2025-07-10 05:00:00,2728.9662642394374,3771.736047520133,1333.793804137875
forecast_4566,2025-07-10 06:00:00,3285.1841638014184,4551.592544887113,1631.3797364139186
forecast_4567,2025-07-10 07:00:00,3531.3397131802817,4158.9658212920685,1786.2337239024687
forecast_4568,2025-07-10 08:00:00,3687.727343173867,5248.503567366828,2554.9091612637867
forecast_4569,2025-07-10 09:00:00,3680.2512282372636,5571.820594942226,3254.517234612397
forecast_4570,2025-07-10 10:00:00,3539.505930431522,5739.2323587767405,3990.812451929977
forecast_4571,2025-07-10 11:00:00,3536.7189063980118,5928.708439902702,3849.837740694156
forecast_4572,2025-07-10 12:00:00,3713.435320607089,5683.484574259287,3796.01717169188
forecast_4573,2025-07-10 13:00:00,3595.9029332374616,5025.795442421234,3715.5700696974745
forecast_4574,2025-07-10 14:00:00,3175.121793046764,4229.529133499667,3387.8261902269646
forecast_4575,2025-07-10 15:00:00,2676.839663935872,3731.4024542424154,3189.1047641194036
forecast_4576,2025-07-10 16:00:00,2731.3995650210395,3700.6115405754017,3235.6297029721395
forecast_4577,2025-07-10 17:00:00,2760.930870738475,3548.411850024044,2976.9059257780814
forecast_4578,2025-07-10 18:00:00,3198.1394209430478,4323.074587544742,2701.524973264338
forecast_4579,2025-07-10 19:00:00,3765.7951430221046,4992.162773505237,2669.727841720441
forecast_4580,2025-07-10 20:00:00,4129.638957711001,5906.287357196374,2639.0162596858104
forecast_4581,2025-07-10 21:00:00,4637.1227629481855,6606.741426642776,2660.252750984568
forecast_4582,2025-07-10 22:00:00,5694.424577711743,7614.88996574681,3427.934451340375
forecast_4583,2025-07-10 23:00:00,5760.036275196908,7772.179946274666,3372.5515528532824
forecast_4584,2025-07-11 00:00:00,5674.32545626347,7770.642402814693,3777.385036658193
forecast_4585,2025-07-11 01:00:00,5380.068477280758,7445.107386800183,2555.4357676080544
forecast_4586,2025-07-11 02:00:00,5306.869147971578,7081.140908369386,2645.324753931462
forecast_4587,2025-07-11 03:00:00,5227.883593578944,7437.392179983963,2991.548071059319
forecast_4588,2025-07-11 04:00:00,5115.542183645984,7037.419654406115,3427.0637666668035
forecast_4589,2025-07-11 05:00:00,5774.437887787835,7491.391646009562,3845.6499442940517
forecast_4590,2025-07-11 06:00:00,5587.107180146372,7312.755896445405,3873.5287151420116
forecast_4591,2025-07-11 07:00:00,5801.296646746591,7177.109852186438,4175.886090106573
forecast_4592,2025-07-11 08:00:00,5527.442228557165,7068.787291822019,4502.146733186286
forecast_4593,2025-07-11 09:00:00,5122.296268676535,7161.745416459427,4457.156852257221
forecast_4594,2025-07-11 10:00:00,4278.970002435746,5949.213493506891,4234.699385192099
forecast_4595,2025-07-11 11:00:00,4278.712355286077,5812.31649150303,4308.672306920724
forecast_4596,2025-07-11 12:00:00,4726.928811873953,6334.197137134102,4673.489257607663
forecast_4597,2025-07-11 13:00:00,4433.0940955422975,6357.932665199981,4609.294069742861
forecast_4598,2025-07-11 14:00:00,3803.032395640038,5256.474883794284,4167.488687013379
forecast_4599,2025-07-11 15:00:00,2805.7302309822053,4268.985329509417,3597.1810026133685
forecast_4600,2025-07-11 16:00:00,2480.736968172488,3600.9370366041044,3143.8163761145115
forecast_4601,2025-07-11 17:00:00,2547.8117006917305,3658.3437608600666,2946.717593944942
forecast_4602,2025-07-11 18:00:00,3110.5279429590432,4196.729248343631,2771.269907328204
forecast_4603,2025-07-11 19:00:00,3313.2972514854646,4765.4153475152025,2523.0726744189037
forecast_4604,2025-07-11 20:00:00,3896.953478955888,5588.213117370186,2286.4878051951932
forecast_4605,2025-07-11 21:00:00,4662.93333425811,6514.670907006687,2473.2179472033504
forecast_4606,2025-07-11 22:00:00,5010.887400704751,6719.827311338747,2575.1456336953124
forecast_4607,2025-07-11 23:00:00,5045.116680240198,6584.257490895985,2302.5030255886636
forecast_4608,2025-07-12 00:00:00,5243.130569388695,6782.176192386612,2232.3561380086485
forecast_4609,2025-07-12 01:00:00,4582.239120689364,5664.2970166966925,2145.705150257119
forecast_4610,2025-07-12 02:00:00,4201.75257690407,5293.72369104733,1931.4831060112201
forecast_4611,2025-07-12 03:00:00,4167.095765121297,5080.271221649654,1970.4196743040488
forecast_4612,2025-07-12 04:00:00,3807.2302192044936,4805.880315163645,1642.5822946832131
forecast_4613,2025-07-12 05:00:00,3270.7541738769987,3960.915791292579,1244.3366392527912
forecast_4614,2025-07-12 06:00:00,2849.5483585132965,3037.5151454627385,979.886645570842
forecast_4615,2025-07-12 07:00:00,2298.7466441694355,2425.440708473377,775.6504475064738
forecast_4616,2025-07-12 08:00:00,2031.80236834912,1820.5065187255304,781.3783260431447
forecast_4617,2025-07-12 09:00:00,1315.3741690819006,1244.2011606693327,666.6404068894766
forecast_4618,2025-07-12 10:00:00,970.0519362824496,813.1885276157326,519.2021127249794
forecast_4619,2025-07-12 11:00:00,787.1008516124683,646.2774826364706,446.2011090507472
forecast_4620,2025-07-12 12:00:00,562.3730921778515,553.7272774477284,365.03262601010266
forecast_4621,2025-07-12 13:00:00,419.2762455691435,441.3818249147107,317.970397030926
forecast_4622,2025-07-12 14:00:00,312.86289464774507,380.78197823987676,270.85215468129473
forecast_4623,2025-07-12 15:00:00,316.968748564411,366.8260756623215,267.9076514472026
forecast_4624,2025-07-12 16:00:00,255.29462217774025,311.2928400805588,203.21673556481784
forecast_4625,2025-07-12 17:00:00,266.9596543693826,328.70294501513933,199.31548067382045
forecast_4626,2025-07-12 18:00:00,364.1249341185442,399.8401907148961,218.08208013032132
forecast_4627,2025-07-12 19:00:00,445.2948854595548,448.64513148998543,257.50107472789034
forecast_4628,2025-07-12 20:00:00,952.3890259651358,820.4517612604345,354.44398958312627
forecast_4629,2025-07-12 21:00:00,893.3683433610788,945.4849318443613,404.29412203697717
forecast_4630,2025-07-12 22:00:00,1103.5321105232958,1169.8087129017724,431.5507308789249
forecast_4631,2025-07-12 23:00:00,1136.3220596555054,1248.1268069394494,522.8584966896213
forecast_4632,2025-07-13 00:00:00,1635.4167319699125,1481.8731677994558,1069.9801352952904
forecast_4633,2025-07-13 01:00:00,2211.28365020358,2322.472213084407,1571.4742243088758
forecast_4634,2025-07-13 02:00:00,2652.245885329855,2756.465206318544,1602.92996247315
forecast_4635,2025-07-13 03:00:00,2392.237560880181,2441.216272629913,1620.8611831028427
forecast_4636,2025-07-13 04:00:00,1360.768902760814,1265.2865108488647,796.9982777479111
forecast_4637,2025-07-13 05:00:00,1207.305991718781,1112.4332352500526,582.0873520984513
forecast_4638,2025-07-13 06:00:00,1038.0389290405842,865.732316276688,440.04882468388166
forecast_4639,2025-07-13 07:00:00,977.938816078557,856.9753456180952,409.1291467124189
forecast_4640,2025-07-13 08:00:00,792.6145350545158,750.7007243541472,283.79780528123587
forecast_4641,2025-07-13 09:00:00,512.7196855832692,572.6796733037066,254.7384396463321
forecast_4642,2025-07-13 10:00:00,306.04811500300906,365.90326147160425,239.75101945995112
forecast_4643,2025-07-13 11:00:00,373.1420199557349,397.92202889775183,284.0456202441164
forecast_4644,2025-07-13 12:00:00,377.5105967317021,427.2099371918284,333.3987992578141
forecast_4645,2025-07-13 13:00:00,582.0884370549413,562.5536168022153,536.2814095250319
forecast_4646,2025-07-13 14:00:00,747.953547746754,781.4170118359095,622.8743078667925
forecast_4647,2025-07-13 15:00:00,870.5547452824778,664.9914228539131,589.7752141052006
forecast_4648,2025-07-13 16:00:00,1301.4993280719423,1251.651239915993,795.2476623218424
forecast_4649,2025-07-13 17:00:00,1835.3991559164156,1873.229125473226,1208.82599550219
forecast_4650,2025-07-13 18:00:00,2523.609253453947,2391.751127621035,1476.1902188971112
forecast_4651,2025-07-13 19:00:00,3424.8644345145344,3647.82405802603,2290.535642843354
forecast_4652,2025-07-13 20:00:00,3473.963947868472,3471.0426260632717,2476.4254632191
forecast_4653,2025-07-13 21:00:00,2688.0386569132575,2707.330875778037,1653.1903961628407
forecast_4654,2025-07-13 22:00:00,1904.0072854941573,2041.6502554835754,1479.3184465444367
forecast_4655,2025-07-13 23:00:00,2545.5792808354295,2826.244890888251,2078.7387594916718
forecast_4656,2025-07-14 00:00:00,2519.481389230197,2533.5247613123734,2415.310816262847
forecast_4657,2025-07-14 01:00:00,2859.078538180548,3212.3437569617354,2458.094516176496
forecast_4658,2025-07-14 02:00:00,3288.6535924145064,3487.1473552738894,2402.235928157831
forecast_4659,2025-07-14 03:00:00,2959.5859888549853,3702.175177513788,2539.1719383525315
forecast_4660,2025-07-14 04:00:00,3438.6101025521248,3809.2138198632115,2238.722494085662
forecast_4661,2025-07-14 05:00:00,3529.712235260886,3654.283654172503,1977.3452915489481
forecast_4662,2025-07-14 06:00:00,3934.1977181849747,4915.273009376569,2698.1587988574456
forecast_4663,2025-07-14 07:00:00,4217.014287275311,4862.783362492694,3434.9746511884564
forecast_4664,2025-07-14 08:00:00,3898.797221467242,4544.27815025954,3097.083210915218
forecast_4665,2025-07-14 09:00:00,5026.697420523981,5594.919547570519,3530.307096372394
forecast_4666,2025-07-14 10:00:00,3980.1336356816823,4579.167470605585,2997.7848986204394
forecast_4667,2025-07-14 11:00:00,4055.924428495507,4896.195436353141,3520.602108210504
forecast_4668,2025-07-14 12:00:00,2647.302291438346,3925.473925281552,2462.206160459103
forecast_4669,2025-07-14 13:00:00,3039.837102092476,3573.3061203755074,2322.125048180803
forecast_4670,2025-07-14 14:00:00,2922.8807294594876,3723.8934922380804,2588.8892520505756
forecast_4671,2025-07-14 15:00:00,3574.51809586655,4508.355977994337,2702.941218924258
forecast_4672,2025-07-14 16:00:00,3686.9944645455007,4854.366128172068,2967.3429363447694
forecast_4673,2025-07-14 17:00:00,3830.0076726839006,4680.77653814755,2908.4656335125433
forecast_4674,2025-07-14 18:00:00,3734.039126610987,4896.133461982551,3010.5663719233385
forecast_4675,2025-07-14 19:00:00,5381.1441874217935,5258.339650180731,2943.022690804427
forecast_4676,2025-07-14 20:00:00,5386.519231297773,5414.038763646543,3103.106343890709
forecast_4677,2025-07-14 21:00:00,5423.8628669348755,5507.1507027154485,3090.0901785989395
forecast_4678,2025-07-14 22:00:00,5336.075336022961,5570.18204574265,3068.019323926138
forecast_4679,2025-07-14 23:00:00,5108.5354221457255,5074.944472979014,3424.5136846466226
forecast_4680,2025-07-15 00:00:00,5901.079655505175,5813.6872950644965,3797.988821784187
forecast_4681,2025-07-15 01:00:00,10953.74802700618,12146.483211085206,10261.678885796327
forecast_4682,2025-07-15 02:00:00,10118.302748137527,10080.177263771193,8303.838599269502
forecast_4683,2025-07-15 03:00:00,8988.748851416452,9556.915311069906,7515.173444824633
forecast_4684,2025-07-15 04:00:00,8427.797316095724,9522.062812363849,7100.882471269377
forecast_4685,2025-07-15 05:00:00,8329.357339666034,9581.988638396166,7097.597063580039
forecast_4686,2025-07-15 06:00:00,9506.978966403225,10090.449462874529,8419.335349261088
forecast_4687,2025-07-15 07:00:00,7781.893627791613,8032.677717885921,6166.797658954559
forecast_4688,2025-07-15 08:00:00,6198.414751749085,6959.556370196338,4877.320846920378
forecast_4689,2025-07-15 09:00:00,7136.834880133309,7612.13432147855,5914.475705664011
forecast_4690,2025-07-15 10:00:00,5568.964915231333,6036.7813677518225,4043.068429770743
forecast_4691,2025-07-15 11:00:00,4075.223147230433,4959.7899328144695,3310.246291501357
forecast_4692,2025-07-15 12:00:00,3137.1361116119533,3485.8231030341676,2309.9963975214864
forecast_4693,2025-07-15 13:00:00,3588.9117981860854,3808.9342356361985,2708.919987500896
forecast_4694,2025-07-15 14:00:00,4349.1049727318505,4973.4981202709605,3691.483704618047
forecast_4695,2025-07-15 15:00:00,4774.570966951798,5916.498674085734,4303.928515378173
forecast_4696,2025-07-15 16:00:00,4685.851705331562,5178.078942636928,3789.5912473628546
forecast_4697,2025-07-15 17:00:00,3613.321555204462,3957.480343279129,2743.689786559521
forecast_4698,2025-07-15 18:00:00,4451.759486721206,5312.163046035695,3649.23009892864
forecast_4699,2025-07-15 19:00:00,2712.1864894636883,2686.8111310257204,1865.1520951995367
forecast_4700,2025-07-15 20:00:00,3450.6660384346683,4100.721533582432,2328.885988062998
forecast_4701,2025-07-15 21:00:00,4865.404127787339,5652.814171463555,3568.2428012921378
forecast_4702,2025-07-15 22:00:00,5532.813285112817,6464.677650073631,3734.2305691257593
forecast_4703,2025-07-15 23:00:00,4607.1446280127,5147.5925321999875,2926.843251883008
forecast_4704,2025-07-16 00:00:00,6623.219516351316,7461.029363604227,4641.751376941217
forecast_4705,2025-07-16 01:00:00,10642.589223547186,10919.226816654262,8709.196330393348
forecast_4706,2025-07-16 02:00:00,11440.678836253555,12403.52147837909,10740.253360677036
forecast_4707,2025-07-16 03:00:00,12017.574728912356,13318.45667372922,12589.280683534796
forecast_4708,2025-07-16 04:00:00,11864.149842691246,13255.470039927319,12769.125197819789
forecast_4709,2025-07-16 05:00:00,11753.704534510545,11694.34105566526,10498.394830972939
forecast_4710,2025-07-16 06:00:00,10809.268622714793,11506.483971218133,10673.174266263075
forecast_4711,2025-07-16 07:00:00,9092.847832519315,10151.326816208422,8867.05928444682
forecast_4712,2025-07-16 08:00:00,8515.445220526952,8943.986655042014,7620.504980994617
forecast_4713,2025-07-16 09:00:00,5619.8818140054345,6168.401601094419,5486.002272896197
forecast_4714,2025-07-16 10:00:00,4973.542892751299,5214.404467720579,4775.430415399328
forecast_4715,2025-07-16 11:00:00,3792.3566675370876,4498.85688950645,4285.166626316247
forecast_4716,2025-07-16 12:00:00,3911.8629562482843,4650.900174556468,3967.970218998356
forecast_4717,2025-07-16 13:00:00,4969.897103875277,6890.266564544353,4889.315567005873
forecast_4718,2025-07-16 14:00:00,4286.345160725779,5063.339294254609,3672.136390267605
forecast_4719,2025-07-16 15:00:00,3297.6598664450535,4210.56516248014,2398.267181495976
forecast_4720,2025-07-16 16:00:00,3517.397588178351,4140.346924496192,2680.0252077083887
forecast_4721,2025-07-16 17:00:00,4142.113685877578,5007.110341079783,3396.350432326448
forecast_4722,2025-07-16 18:00:00,3827.091430967554,4951.379636788071,2768.5898694618363
forecast_4723,2025-07-16 19:00:00,2690.2981197613803,3614.6494729416945,2267.208320929511
forecast_4724,2025-07-16 20:00:00,2270.058391429496,2822.3779431054636,1427.9555079258214
forecast_4725,2025-07-16 21:00:00,3256.030272755741,4131.697015008388,2699.761263805276
forecast_4726,2025-07-16 22:00:00,3964.718231416373,5014.205771936841,3101.9389315669564
forecast_4727,2025-07-16 23:00:00,7005.4755620478845,9379.285043321293,5425.751892676529
forecast_4728,2025-07-17 00:00:00,8778.723513895367,10929.87204908316,7117.530362907735
forecast_4729,2025-07-17 01:00:00,10468.804012980265,12109.957281064233,9023.00154770643
forecast_4730,2025-07-17 02:00:00,10816.265073084402,12702.071901221583,9184.832423151813
forecast_4731,2025-07-17 03:00:00,10523.054780432292,12876.970534164138,8812.327978021543
forecast_4732,2025-07-17 04:00:00,9400.347502544899,11795.036655398382,7542.9141169181075
forecast_4733,2025-07-17 05:00:00,8963.827909822501,10807.147543164432,7476.090438169353
forecast_4734,2025-07-17 06:00:00,8567.006521751895,10415.87098009661,7562.417894323344
forecast_4735,2025-07-17 07:00:00,8568.90489315459,11068.442425297495,8429.580601772475
forecast_4736,2025-07-17 08:00:00,8507.472388701168,10317.462606544412,8285.857951237409
forecast_4737,2025-07-17 09:00:00,8298.469615429934,10370.303609081448,7925.647059732383
forecast_4738,2025-07-17 10:00:00,8886.631073550272,11810.523066258316,8951.1066724646
forecast_4739,2025-07-17 11:00:00,7863.900260214796,10453.882383914532,7549.164884591301
forecast_4740,2025-07-17 12:00:00,7255.580120586465,10109.074503265812,7789.109097975783
forecast_4741,2025-07-17 13:00:00,7329.501705745975,10374.9460764162,7364.827163205287
forecast_4742,2025-07-17 14:00:00,8513.577205850977,11415.456466508904,8772.378355935727
forecast_4743,2025-07-17 15:00:00,8872.769615088337,11355.414305526201,8349.642959463403
forecast_4744,2025-07-17 16:00:00,7389.212284261168,9307.637085015709,7062.941530599244
forecast_4745,2025-07-17 17:00:00,7378.679050761416,9485.776349793694,7730.684701298626
forecast_4746,2025-07-17 18:00:00,6397.270235178811,9600.855487260447,6706.706223589345
forecast_4747,2025-07-17 19:00:00,6632.831367211043,8939.717360760891,6736.788934499633
forecast_4748,2025-07-17 20:00:00,5987.7350958413845,8405.573805078591,6360.308820827612
forecast_4749,2025-07-17 21:00:00,7164.996270099877,9690.653775047907,6222.572360579743
forecast_4750,2025-07-17 22:00:00,6517.474228792727,8691.050999557421,5214.141967166259
forecast_4751,2025-07-17 23:00:00,7737.0648618283685,9692.67186350823,6211.106904702191
forecast_4752,2025-07-18 00:00:00,7633.17151267303,10254.84948449554,5763.741236374654
forecast_4753,2025-07-18 01:00:00,8881.427769562988,11161.12780514942,8168.756308456915
forecast_4754,2025-07-18 02:00:00,7697.996417903879,10256.589374411902,7224.270887053003
forecast_4755,2025-07-18 03:00:00,7697.1502288808315,9962.613706657497,7370.348593666188
forecast_4756,2025-07-18 04:00:00,7430.487918875997,9551.840191817584,6585.003530949831
forecast_4757,2025-07-18 05:00:00,8081.689963500759,10074.397135321644,6976.154221420652
forecast_4758,2025-07-18 06:00:00,6985.642086442252,8491.702958777936,5459.346503611241
forecast_4759,2025-07-18 07:00:00,7818.708595584166,9452.280701954423,6415.657143756309
forecast_4760,2025-07-18 08:00:00,7179.2268297214805,8487.309681857743,5709.42087055301
forecast_4761,2025-07-18 09:00:00,7352.738276044919,9883.53653100969,6584.997138257563
forecast_4762,2025-07-18 10:00:00,6935.11342918874,9748.242777579151,6563.945677551125
forecast_4763,2025-07-18 11:00:00,4850.4095966169225,6930.730666565771,4697.266313552494
forecast_4764,2025-07-18 12:00:00,2311.011968555743,3402.0568926251303,2223.468993249059
forecast_4765,2025-07-18 13:00:00,1540.9392636219407,2067.227460635256,1434.3460213874248
forecast_4766,2025-07-18 14:00:00,1590.9333171270928,1975.2051708832746,1286.2538948662107
forecast_4767,2025-07-18 15:00:00,3662.2075682406207,4607.903819595541,3490.960995589574
forecast_4768,2025-07-18 16:00:00,2321.632654196704,2934.0387187976535,1354.8748503347454
forecast_4769,2025-07-18 17:00:00,4683.233956399953,5426.560667527542,2570.2062200429637
forecast_4770,2025-07-18 18:00:00,5920.662603755283,7356.799901114069,4027.391728058094
forecast_4771,2025-07-18 19:00:00,4978.020235344965,7393.844255889327,3201.537778343534
forecast_4772,2025-07-18 20:00:00,6043.1024519099865,8499.968073074198,4454.7773752911535
forecast_4773,2025-07-18 21:00:00,5995.013732584713,9093.275389169294,5365.470307920195
forecast_4774,2025-07-18 22:00:00,6459.762805610615,9388.053656190865,6050.1934697592205
forecast_4775,2025-07-18 23:00:00,7824.2646021930095,10393.111233817086,7320.941841459514
forecast_4776,2025-07-19 00:00:00,7413.9114530499155,10039.379390748421,7652.342326822979
forecast_4777,2025-07-19 01:00:00,6916.913267751113,8666.646729434005,5953.922019485496
forecast_4778,2025-07-19 02:00:00,6670.659882132194,8363.596034487051,5639.054417644493
forecast_4779,2025-07-19 03:00:00,6058.169305346409,7581.228879181543,4625.931873380411
forecast_4780,2025-07-19 04:00:00,5730.397033337905,7570.912643765288,4575.507851340207
forecast_4781,2025-07-19 05:00:00,5139.471191099094,6126.375655955967,3312.67663432655
forecast_4782,2025-07-19 06:00:00,5150.823760242269,6255.305910800202,3120.6643315706588
forecast_4783,2025-07-19 07:00:00,4580.089018479706,5090.35957347161,3051.2104043010186
forecast_4784,2025-07-19 08:00:00,4605.8652644537615,5083.249976673545,3293.1781017739204
forecast_4785,2025-07-19 09:00:00,4340.815347939426,4874.9950404084775,3058.0260160144653
forecast_4786,2025-07-19 10:00:00,5139.077335430232,5839.2667831218805,3983.2493014094293
forecast_4787,2025-07-19 11:00:00,6702.7518952996525,8982.421088308378,5781.627509749314
forecast_4788,2025-07-19 12:00:00,6763.35134837047,9467.677355066973,6237.382575437781
forecast_4789,2025-07-19 13:00:00,5349.199732322791,7659.133258530392,5236.914937072806
forecast_4790,2025-07-19 14:00:00,7469.058309167102,10040.75036901654,8578.592766672018
forecast_4791,2025-07-19 15:00:00,7400.881024620966,10161.981517400245,9095.8587092997
forecast_4792,2025-07-19 16:00:00,7426.604034215825,10761.39819701833,10044.242436057779
forecast_4793,2025-07-19 17:00:00,8710.787089414023,11057.194673062688,10631.772382583706
forecast_4794,2025-07-19 18:00:00,8592.763293397711,10828.319079071907,9802.889095929339
forecast_4795,2025-07-19 19:00:00,8478.323722556212,10251.601787577796,9235.983660478812
forecast_4796,2025-07-19 20:00:00,8528.878864513701,10724.606402824686,9281.088783874946
forecast_4797,2025-07-19 21:00:00,8968.539893676902,11069.448184782439,9496.29840379778
forecast_4798,2025-07-19 22:00:00,9609.774477674908,12428.80401467933,10153.6241062922
forecast_4799,2025-07-19 23:00:00,8608.976649340302,11038.089370604384,8083.803989369405
forecast_4800,2025-07-20 00:00:00,8552.43052710946,11091.338977715086,7931.203631209909
forecast_4801,2025-07-20 01:00:00,9146.335018804222,12181.208977061215,9592.197128633425
forecast_4802,2025-07-20 02:00:00,9584.178324995766,12319.644620828576,10645.955939825508
forecast_4803,2025-07-20 03:00:00,10314.876847980133,12771.331995369632,11137.256130314254
forecast_4804,2025-07-20 04:00:00,10637.477742516094,12973.14654406128,11319.103503495753
forecast_4805,2025-07-20 05:00:00,9731.936158157096,12064.794237660211,9502.951759589601
forecast_4806,2025-07-20 06:00:00,9298.07367888252,12141.821547980411,9455.559430502328
forecast_4807,2025-07-20 07:00:00,8924.630073091195,12263.526385877387,8960.008507977009
forecast_4808,2025-07-20 08:00:00,8304.791704370939,10992.984715495351,8338.584694024405
forecast_4809,2025-07-20 09:00:00,7097.298920769257,9629.978937053607,7110.187017328252
forecast_4810,2025-07-20 10:00:00,6666.805788578819,8833.615473183467,7688.4560198637955
forecast_4811,2025-07-20 11:00:00,6444.294092057169,7979.784250029873,7303.229110918434
forecast_4812,2025-07-20 12:00:00,5616.6673101785655,7544.037015755018,6864.644880891892
forecast_4813,2025-07-20 13:00:00,5352.9701909070545,6877.658682181451,5824.686127543446
forecast_4814,2025-07-20 14:00:00,4591.323717707064,5862.942977649914,5009.101890039575
forecast_4815,2025-07-20 15:00:00,4359.449553260184,5682.835799579828,5245.388149313053
forecast_4816,2025-07-20 16:00:00,4611.287912060114,5937.346408970136,5076.974780450947
forecast_4817,2025-07-20 17:00:00,4661.554984308944,5763.94883001457,5097.954168233321
forecast_4818,2025-07-20 18:00:00,4212.97568842249,5843.269260511355,4755.699205266789
forecast_4819,2025-07-20 19:00:00,5991.477019619454,7560.572864746678,6244.23429782923
forecast_4820,2025-07-20 20:00:00,7314.56825046721,8922.747848734316,6900.757453497468
forecast_4821,2025-07-20 21:00:00,9234.368801968694,10552.877786254914,8449.789537050972
forecast_4822,2025-07-20 22:00:00,10850.121947553564,11956.965996160936,10209.495547167815
forecast_4823,2025-07-20 23:00:00,10088.399540648144,12037.867688771907,9613.040464239633
forecast_4824,2025-07-21 00:00:00,9839.21965698381,11386.089286882725,9386.736380319353
forecast_4825,2025-07-21 01:00:00,10386.501884541443,11498.617088914138,8926.743202081892
forecast_4826,2025-07-21 02:00:00,10913.071442212675,12227.088432118702,9468.469729865541
forecast_4827,2025-07-21 03:00:00,10559.169031173942,11771.503647343687,8755.800695931925
forecast_4828,2025-07-21 04:00:00,9690.083539954652,10135.381369644827,7459.171213824293
forecast_4829,2025-07-21 05:00:00,8407.724970304138,9487.297284123186,7173.443541843209
forecast_4830,2025-07-21 06:00:00,8514.860659298822,9671.833049230509,7545.900981331316
forecast_4831,2025-07-21 07:00:00,9568.649036654142,9731.622965935594,8126.587751878062
forecast_4832,2025-07-21 08:00:00,10012.821764366297,10520.335694400499,8649.229755741764
forecast_4833,2025-07-21 09:00:00,9551.295067018938,9639.885930723593,8300.515945439249
forecast_4834,2025-07-21 10:00:00,7802.676570499967,7982.477670979864,7555.935831179098
forecast_4835,2025-07-21 11:00:00,6965.80065410769,7352.310281231922,7446.705840785211
forecast_4836,2025-07-21 12:00:00,5819.523648441452,6494.086699086217,6907.840109692104
forecast_4837,2025-07-21 13:00:00,5407.10540553988,6201.838612884929,6465.662062934726
forecast_4838,2025-07-21 14:00:00,6134.419551381117,7102.165099013224,6803.831030074029
forecast_4839,2025-07-21 15:00:00,5176.011708753836,5632.397076198342,5796.195588291691
forecast_4840,2025-07-21 16:00:00,5166.33218054465,5465.42012176386,4954.3732064607
forecast_4841,2025-07-21 17:00:00,5447.986199409122,6364.56067045156,5115.5710167246225
forecast_4842,2025-07-21 18:00:00,6294.26511982189,6414.466191501813,5467.447442525807
forecast_4843,2025-07-21 19:00:00,8541.219863400926,9025.68183730803,8421.292208230252
forecast_4844,2025-07-21 20:00:00,9537.594461715636,9604.919935604858,8293.780571283725
forecast_4845,2025-07-21 21:00:00,11270.812270165701,11287.186131483584,9638.71372068534
forecast_4846,2025-07-21 22:00:00,12555.828619583031,13641.628827213333,11114.397427271668
forecast_4847,2025-07-21 23:00:00,13221.330012798797,13779.18520566506,11253.676965305971
forecast_4848,2025-07-22 00:00:00,12944.931404623127,13520.946121750874,10972.757972236483
forecast_4849,2025-07-22 01:00:00,10897.514497737506,12866.804729530237,9644.600972361191
forecast_4850,2025-07-22 02:00:00,11500.608308012039,13509.166942138367,11592.001167806704
forecast_4851,2025-07-22 03:00:00,13249.203785823362,14211.023131195372,11681.61749928496
forecast_4852,2025-07-22 04:00:00,12382.262392976207,13169.827773713236,11140.576078287506
forecast_4853,2025-07-22 05:00:00,12558.524072097489,12894.656840418413,11142.506750008995
forecast_4854,2025-07-22 06:00:00,12072.29151002326,12337.359993285532,10485.064190000317
forecast_4855,2025-07-22 07:00:00,10549.929198792443,11387.306979752815,8631.510993589367
forecast_4856,2025-07-22 08:00:00,9449.874490456783,10613.873760220453,8217.267598347364
forecast_4857,2025-07-22 09:00:00,7902.9436239092465,9064.058823272575,6864.96132968135
forecast_4858,2025-07-22 10:00:00,5223.490552148817,6088.10926945566,4583.663776834806
forecast_4859,2025-07-22 11:00:00,4389.73009361607,4702.508574623728,3617.0762391314297
forecast_4860,2025-07-22 12:00:00,3199.188453523915,3181.1429850482787,2755.0725855643122
forecast_4861,2025-07-22 13:00:00,2984.266642608633,2891.276231204533,2678.478326794248
forecast_4862,2025-07-22 14:00:00,3120.278675970121,3080.3870781488345,3069.760710849624
forecast_4863,2025-07-22 15:00:00,2869.360886452448,3010.724329857767,2654.725794646018
forecast_4864,2025-07-22 16:00:00,3190.4155053129657,2933.0045277871386,2774.44471076019
forecast_4865,2025-07-22 17:00:00,2866.2496924469806,2738.1350896816866,2251.390553866279
forecast_4866,2025-07-22 18:00:00,2182.1315902582123,2240.7292401451605,1819.9381035487786
forecast_4867,2025-07-22 19:00:00,2630.9873006522957,2634.883360912648,2229.6929042669926
forecast_4868,2025-07-22 20:00:00,4273.49642469798,4330.183416716586,3647.8983840956917
forecast_4869,2025-07-22 21:00:00,4536.823158121656,4969.557366798907,3859.926426446442
forecast_4870,2025-07-22 22:00:00,6176.974230358409,5724.713466242731,4528.83295664612
forecast_4871,2025-07-22 23:00:00,8192.736318009926,7649.121905694735,5997.567169460735
forecast_4872,2025-07-23 00:00:00,8156.087480308071,7738.040941357225,6212.013839336597
forecast_4873,2025-07-23 01:00:00,8932.333063281469,8686.70480541858,6731.952054216841
forecast_4874,2025-07-23 02:00:00,9859.03824146266,9323.217323319315,6921.240835227537
forecast_4875,2025-07-23 03:00:00,9910.922145647908,9803.609176225456,6590.341689158299
forecast_4876,2025-07-23 04:00:00,9166.783049110634,9217.530813738704,6290.072396216681
forecast_4877,2025-07-23 05:00:00,7578.953453614921,7185.70874631385,4780.269967830177
forecast_4878,2025-07-23 06:00:00,6784.455000674968,5930.500215505741,3815.7209856714044
forecast_4879,2025-07-23 07:00:00,5182.934920398296,5226.572365205449,3773.3214383763625
forecast_4880,2025-07-23 08:00:00,4963.545954134039,4132.256528262334,2618.113368503209
forecast_4881,2025-07-23 09:00:00,3084.8693339052566,2632.1163015959078,1695.3532213840147
forecast_4882,2025-07-23 10:00:00,1186.4311742616262,1095.9890407026412,683.1511209896356
forecast_4883,2025-07-23 11:00:00,643.7143251297416,733.3921573701001,556.5418560376293
forecast_4884,2025-07-23 12:00:00,483.6834845322059,456.07338602399585,355.4915622815296
forecast_4885,2025-07-23 13:00:00,413.4349106359658,395.78705486262686,389.265766192189
forecast_4886,2025-07-23 14:00:00,371.3818017915912,389.8294940551121,404.1314734410423
forecast_4887,2025-07-23 15:00:00,759.3120879126479,677.3984053054186,658.2789911663843
forecast_4888,2025-07-23 16:00:00,426.3661767723722,477.48769908017493,560.69888493152
forecast_4889,2025-07-23 17:00:00,350.51493128673127,435.54303656845667,270.2464601972709
forecast_4890,2025-07-23 18:00:00,452.20271405241783,456.18776503071973,342.98989317302386
forecast_4891,2025-07-23 19:00:00,688.5664993096138,626.9111976054013,388.11477771086624
forecast_4892,2025-07-23 20:00:00,1053.7886132525102,1046.9177977103489,458.7819708277961
forecast_4893,2025-07-23 21:00:00,2112.163965421714,2403.9938870881674,1320.6553921305779
forecast_4894,2025-07-23 22:00:00,4269.424308826168,4275.570692391413,3473.2701967259154
forecast_4895,2025-07-23 23:00:00,4514.626442905064,4621.914052167321,3466.3757095936558
forecast_4896,2025-07-24 00:00:00,4625.02823181977,4930.947754649257,3550.850187230605
forecast_4897,2025-07-24 01:00:00,6045.38578662374,5777.325991537792,4056.613093596373
forecast_4898,2025-07-24 02:00:00,6604.91547762319,6356.408464708079,4791.724116856006
forecast_4899,2025-07-24 03:00:00,7031.59951848081,7215.740666856566,4839.885375625668
forecast_4900,2025-07-24 04:00:00,7220.200600532411,7018.516501347774,4666.925774502484
forecast_4901,2025-07-24 05:00:00,6240.213304527539,6885.100955207641,5073.67065401208
forecast_4902,2025-07-24 06:00:00,5066.233719722685,5248.803565809153,3786.4358129190236
forecast_4903,2025-07-24 07:00:00,3710.373959487523,3085.1748010423917,2027.9466771238142
forecast_4904,2025-07-24 08:00:00,1497.9486053640615,1175.3540839763327,748.2511459911242
forecast_4905,2025-07-24 09:00:00,477.41152040941665,494.69551187049206,274.1333576191219
forecast_4906,2025-07-24 10:00:00,299.2591255875338,331.8456502050054,211.63532492251525
forecast_4907,2025-07-24 11:00:00,240.65169301544455,301.2128630395589,200.87227791260432
forecast_4908,2025-07-24 12:00:00,237.22204581995493,287.2786089164359,207.08474549509575
forecast_4909,2025-07-24 13:00:00,241.15035388951785,299.8360945859344,237.40964130074053
forecast_4910,2025-07-24 14:00:00,248.9809513898941,323.3116479655379,275.8722387311018
forecast_4911,2025-07-24 15:00:00,274.9800797999442,370.86246715379815,277.8475135718725
forecast_4912,2025-07-24 16:00:00,307.79009249553485,416.9133429822763,339.3132007783467
forecast_4913,2025-07-24 17:00:00,311.97498622812145,372.11856896718,265.2631380491217
forecast_4914,2025-07-24 18:00:00,368.0112024571966,430.38257192677116,255.75614383451065
forecast_4915,2025-07-24 19:00:00,498.2530644006368,512.7312680759162,269.23573972193736
forecast_4916,2025-07-24 20:00:00,801.0427139990978,898.5860689999253,388.31841162402964
forecast_4917,2025-07-24 21:00:00,893.6552219022163,1012.337940106103,458.347741218555
forecast_4918,2025-07-24 22:00:00,1093.6253567965298,1476.7875619707258,676.5705467121094
forecast_4919,2025-07-24 23:00:00,1387.6484941595986,1358.1025885225943,929.92699789125
forecast_4920,2025-07-25 00:00:00,1382.9756396229632,1365.2264795270032,938.5980580989107
forecast_4921,2025-07-25 01:00:00,2287.3604841348474,2324.530788770105,1318.6992361028133
forecast_4922,2025-07-25 02:00:00,3854.5793297920236,3766.728152056617,2590.094832597309
forecast_4923,2025-07-25 03:00:00,4086.4999602217317,3966.35954432806,2729.70067756948
forecast_4924,2025-07-25 04:00:00,3426.457792010069,3554.4344575569467,2604.310499011993
forecast_4925,2025-07-25 05:00:00,3879.7867868213934,4246.444822731428,2753.944543931675
forecast_4926,2025-07-25 06:00:00,2886.7355329963507,3050.5574004020737,1849.0122731982206
forecast_4927,2025-07-25 07:00:00,1838.6096144807243,1637.487636938658,1007.7182484185461
forecast_4928,2025-07-25 08:00:00,847.0573862526613,909.6007023958749,433.14767839774305
forecast_4929,2025-07-25 09:00:00,494.4263983595528,532.1452583622339,319.10464365630935
forecast_4930,2025-07-25 10:00:00,373.7240406732058,370.0515781321132,229.82862032445183
forecast_4931,2025-07-25 11:00:00,300.5364784684246,342.28240821285846,224.34505116344513
forecast_4932,2025-07-25 12:00:00,270.9567249214079,329.45000806063666,217.63508926237697
forecast_4933,2025-07-25 13:00:00,269.1244037988545,316.96794763718503,214.55238980626945
forecast_4934,2025-07-25 14:00:00,281.51058178781,332.68247104919203,239.32543908075561
forecast_4935,2025-07-25 15:00:00,295.0970818747984,367.63348047882147,253.3135709649832
forecast_4936,2025-07-25 16:00:00,472.99905582056215,485.9336667983135,309.14099127518017
forecast_4937,2025-07-25 17:00:00,407.4843033057741,456.3685135118384,408.43759295362884
forecast_4938,2025-07-25 18:00:00,592.3884439630945,657.3975992518917,465.5809248633848
forecast_4939,2025-07-25 19:00:00,749.0954078908073,1051.3298634850657,633.7277917753524
forecast_4940,2025-07-25 20:00:00,1406.9580086334097,1776.4630467702918,1132.9592131763263
forecast_4941,2025-07-25 21:00:00,2021.8385261465003,2406.7269131064163,1312.2118180931707
forecast_4942,2025-07-25 22:00:00,2719.433244839092,3182.8953051488393,1664.121072351941
forecast_4943,2025-07-25 23:00:00,2913.254633160321,3185.6255491941806,2415.909549533738
forecast_4944,2025-07-26 00:00:00,5835.572027205737,5096.494211572243,3405.910726705362
forecast_4945,2025-07-26 01:00:00,7368.365586748956,7813.699654976245,6122.064683006102
forecast_4946,2025-07-26 02:00:00,6761.085852004781,7539.1417436756,5695.801027135616
forecast_4947,2025-07-26 03:00:00,6837.995332702729,7077.303680241751,5519.428131039936
forecast_4948,2025-07-26 04:00:00,6385.463076193312,6552.450873714332,4994.36162762454
forecast_4949,2025-07-26 05:00:00,5498.558018061335,4932.7074065244,3178.97711192251
forecast_4950,2025-07-26 06:00:00,2598.1232270036076,2442.033402010497,2011.0451564078064
forecast_4951,2025-07-26 07:00:00,2348.2539653285958,1959.083065782904,1708.4788153377856
forecast_4952,2025-07-26 08:00:00,1383.6269060704008,1386.2315509156554,783.7057111117538
forecast_4953,2025-07-26 09:00:00,649.6554540273041,624.2869613712654,405.1853401323427
forecast_4954,2025-07-26 10:00:00,440.5996348762423,464.2094649144545,298.7031841846319
forecast_4955,2025-07-26 11:00:00,382.5134567111247,430.38230417132286,292.2628803110071
forecast_4956,2025-07-26 12:00:00,285.97633269793624,363.5267162744701,241.93916909042636
forecast_4957,2025-07-26 13:00:00,284.76120061880687,363.9621891515508,231.30421865371363
forecast_4958,2025-07-26 14:00:00,326.2474337669985,370.15627746439384,231.46728401781473
forecast_4959,2025-07-26 15:00:00,449.94464559021225,436.02140753292696,237.3133871013981
forecast_4960,2025-07-26 16:00:00,487.95227398064105,424.85346753701464,256.38410774395305
forecast_4961,2025-07-26 17:00:00,318.42255218326324,381.47184017512467,258.5848866083781
forecast_4962,2025-07-26 18:00:00,391.63359033947756,417.82912405814386,338.88369351410006
forecast_4963,2025-07-26 19:00:00,638.7562125493017,999.4136672912028,510.10520269199503
forecast_4964,2025-07-26 20:00:00,1022.32676383151,1342.6735808034714,644.3245575864815
forecast_4965,2025-07-26 21:00:00,1242.8898832503207,1654.21583747607,795.0533542345721
forecast_4966,2025-07-26 22:00:00,2047.7544370344908,2312.653591980191,1292.141822840181
forecast_4967,2025-07-26 23:00:00,3315.047354555792,3249.539345764962,2649.1584841758036
forecast_4968,2025-07-27 00:00:00,7198.440273036425,6779.075065542461,5560.7532284178205
forecast_4969,2025-07-27 01:00:00,9311.250345282175,8788.112079099048,7284.221664502582
forecast_4970,2025-07-27 02:00:00,8391.937887493545,8498.27298141034,6609.670831230757
forecast_4971,2025-07-27 03:00:00,7453.441465882477,7405.011281260454,5665.95883654468
forecast_4972,2025-07-27 04:00:00,7495.510178978739,7438.774349985154,5564.053607468286
forecast_4973,2025-07-27 05:00:00,6911.4172634825,7095.308836369343,5300.809455480881
forecast_4974,2025-07-27 06:00:00,7835.558642308808,6858.671989930162,5294.2526721198265
forecast_4975,2025-07-27 07:00:00,6204.102484410369,5671.010969090039,4015.300411109163
forecast_4976,2025-07-27 08:00:00,4917.216339608741,4139.97848895202,2898.054069644183
forecast_4977,2025-07-27 09:00:00,2399.384485834491,2088.957615488448,1520.5769429648637
forecast_4978,2025-07-27 10:00:00,1402.9096399672076,1587.708180268475,1262.0221807252817
forecast_4979,2025-07-27 11:00:00,1148.246817386322,1509.6342175091672,1032.5641429804034
forecast_4980,2025-07-27 12:00:00,1200.1573304145438,1303.7374008402983,1244.018217610877
forecast_4981,2025-07-27 13:00:00,1122.5240352179248,1284.4516688556128,1107.8096183674925
forecast_4982,2025-07-27 14:00:00,1176.2425592922707,1435.2590405227259,1452.9411975370372
forecast_4983,2025-07-27 15:00:00,1475.1842869964173,1599.371531971222,1920.101714006994
forecast_4984,2025-07-27 16:00:00,2549.4656258592327,2531.714854092495,2936.237479344936
forecast_4985,2025-07-27 17:00:00,2533.6310675392565,2779.9225159291586,3143.474759258572
forecast_4986,2025-07-27 18:00:00,2577.566366563099,2283.405840380232,2492.8784501688574
forecast_4987,2025-07-27 19:00:00,4054.749508974414,4195.779753273822,3624.03704267828
forecast_4988,2025-07-27 20:00:00,5818.670257303879,5771.572197163461,4780.340042999345
forecast_4989,2025-07-27 21:00:00,6179.63254039695,6144.430092396148,4835.875837299825
forecast_4990,2025-07-27 22:00:00,7565.081737998305,7816.699331820582,6439.163346657898
forecast_4991,2025-07-27 23:00:00,8670.729247385609,9215.680493979537,7530.159568455547
forecast_4992,2025-07-28 00:00:00,10041.649696659548,9787.741362737495,8539.531584057975
forecast_4993,2025-07-28 01:00:00,10826.523032849635,10133.91792947546,8650.98532394953
forecast_4994,2025-07-28 02:00:00,11090.884140394879,10302.717620197616,8564.68223942561
forecast_4995,2025-07-28 03:00:00,11261.866558711423,10221.86397883916,8584.341600969705
forecast_4996,2025-07-28 04:00:00,10621.989374082597,9738.82371290159,8336.659886966137
forecast_4997,2025-07-28 05:00:00,10790.316842925009,9585.871512804319,8038.350996189812
forecast_4998,2025-07-28 06:00:00,8715.45135449811,7853.961163407961,6018.577163568563
forecast_4999,2025-07-28 07:00:00,6304.236001986796,6066.734887882272,4238.621183504473
forecast_5000,2025-07-28 08:00:00,5653.926038626607,4562.866162867325,3061.433445594742
forecast_5001,2025-07-28 09:00:00,2953.540703773013,2143.8416802927127,1693.9219015172093
forecast_5002,2025-07-28 10:00:00,888.9860886212551,793.0768886140593,697.2365762995689
forecast_5003,2025-07-28 11:00:00,512.2708446944836,389.43174386867173,432.00898585065227
forecast_5004,2025-07-28 12:00:00,327.6912477130583,343.5087316960174,326.76608692015026
forecast_5005,2025-07-28 13:00:00,642.1217782063029,642.2422157771128,582.9031005456834
forecast_5006,2025-07-28 14:00:00,493.1601896451921,476.35211621376703,599.3620964174388
forecast_5007,2025-07-28 15:00:00,261.2820250216871,345.592381498081,327.21087207221365
forecast_5008,2025-07-28 16:00:00,368.3861497691788,672.3716854258914,452.4766120781649
forecast_5009,2025-07-28 17:00:00,403.9251392445993,655.0737059818852,426.49867824469095
forecast_5010,2025-07-28 18:00:00,597.9481823833012,743.0576053220495,414.81136243928484
forecast_5011,2025-07-28 19:00:00,796.5073111058351,772.1218260556893,360.53837414297675
forecast_5012,2025-07-28 20:00:00,784.0662102797731,734.8273629573708,408.4337130085344
forecast_5013,2025-07-28 21:00:00,1244.1497941936448,1018.1388177441662,515.8467938349102
forecast_5014,2025-07-28 22:00:00,1008.5547368027297,1047.837550044499,589.9439409780776
forecast_5015,2025-07-28 23:00:00,847.0368809747572,996.4378071407169,552.9956777740695
forecast_5016,2025-07-29 00:00:00,862.9425003559633,935.4389690418252,619.4359542635855
forecast_5017,2025-07-29 01:00:00,1889.6589865616947,1615.2083930623749,1087.741813757525
forecast_5018,2025-07-29 02:00:00,2457.140474315265,2386.582275681542,1516.7032917578035
forecast_5019,2025-07-29 03:00:00,2229.400422164613,2162.9437693276514,1269.1233553708305
forecast_5020,2025-07-29 04:00:00,1991.040582035661,2088.352952645898,1049.2046157090808
forecast_5021,2025-07-29 05:00:00,1448.9958120580013,1551.6032078423518,859.1082988619121
forecast_5022,2025-07-29 06:00:00,1016.2753135930213,1103.4895358716128,516.6571907810365
forecast_5023,2025-07-29 07:00:00,681.4112470916913,639.4896385526795,332.34959395385863
forecast_5024,2025-07-29 08:00:00,503.2250298291294,594.9474945154101,266.10089520324215
forecast_5025,2025-07-29 09:00:00,343.5353797181471,415.60260951422606,221.94504491540962
forecast_5026,2025-07-29 10:00:00,245.1845056368992,307.5534433379417,212.2907672612317
forecast_5027,2025-07-29 11:00:00,243.34110851716844,290.85706108831084,220.97287817138923
forecast_5028,2025-07-29 12:00:00,265.0514622221183,313.95966554850503,225.0643073606332
forecast_5029,2025-07-29 13:00:00,308.4624424350825,365.19446255887334,315.93368931116675
forecast_5030,2025-07-29 14:00:00,288.18565211930405,340.2025641351069,263.0806981867874
forecast_5031,2025-07-29 15:00:00,331.5822579264879,382.0111109675874,228.20207179167588
forecast_5032,2025-07-29 16:00:00,354.368044938779,415.18609383093644,325.06293980346584
forecast_5033,2025-07-29 17:00:00,376.72783103396165,445.13075416299927,358.67347175720715
forecast_5034,2025-07-29 18:00:00,419.8174434222687,459.79742727690007,333.86155110773257
forecast_5035,2025-07-29 19:00:00,608.8985360373707,669.1162933027246,354.99458550983576
forecast_5036,2025-07-29 20:00:00,889.8446910059262,911.0196294652018,505.3740171537434
forecast_5037,2025-07-29 21:00:00,838.7535356182357,882.9761895885954,482.0634385058237
forecast_5038,2025-07-29 22:00:00,1026.3836453630445,1321.1698155515808,517.723087644565
forecast_5039,2025-07-29 23:00:00,1340.483942349698,1511.8335645393563,606.2339496826145
forecast_5040,2025-07-30 00:00:00,1763.039709843887,1959.522090968438,1531.7477467954727
forecast_5041,2025-07-30 01:00:00,1346.0898143862198,1691.0892750240066,861.0824093975131
forecast_5042,2025-07-30 02:00:00,1695.481074431749,1830.9308167667791,1032.4175098222129
forecast_5043,2025-07-30 03:00:00,1700.551933258339,1784.3596749072542,1025.8874436574513
forecast_5044,2025-07-30 04:00:00,1505.6463361637589,1490.9142764395115,853.7474818829451
forecast_5045,2025-07-30 05:00:00,1277.5615393535193,1289.2556408421444,616.4679156401087
forecast_5046,2025-07-30 06:00:00,949.7422094555936,1088.6255294213681,419.8636101870412
forecast_5047,2025-07-30 07:00:00,832.690988224558,799.5388430728057,342.17669146419416
forecast_5048,2025-07-30 08:00:00,509.79246694931135,599.3589506442645,251.7161337200456
forecast_5049,2025-07-30 09:00:00,411.5840299414637,528.1381044885603,208.22913996603472
forecast_5050,2025-07-30 10:00:00,250.5408399932749,355.51124519642866,225.55605092634772
forecast_5051,2025-07-30 11:00:00,286.123169339195,391.7647979241056,250.79155126106755
forecast_5052,2025-07-30 12:00:00,301.0721615558134,410.07061389125687,276.07864406445657
forecast_5053,2025-07-30 13:00:00,326.60869560817883,435.98598830312733,308.23652366803327
forecast_5054,2025-07-30 14:00:00,326.4985186152966,430.8846565388958,304.65188880641614
forecast_5055,2025-07-30 15:00:00,340.9315368682041,419.2928443993693,276.16951258030025
forecast_5056,2025-07-30 16:00:00,329.31248716333147,405.9746152364143,292.50018616036857
forecast_5057,2025-07-30 17:00:00,301.43044510914,430.3254518117446,284.9844178205342
forecast_5058,2025-07-30 18:00:00,353.40570256781797,463.403479299129,330.9353810244574
forecast_5059,2025-07-30 19:00:00,656.0086832342232,635.066424458231,306.2388617340535
forecast_5060,2025-07-30 20:00:00,802.5195821174176,798.0889350752279,335.1472237972746
forecast_5061,2025-07-30 21:00:00,1195.5586820881977,1102.5736207848224,353.94157632905916
forecast_5062,2025-07-30 22:00:00,1545.36149732544,1309.1188126193383,433.30960882537227
forecast_5063,2025-07-30 23:00:00,1773.3725786758973,1514.6948141131963,539.8961699146727
forecast_5064,2025-07-31 00:00:00,1642.7269847161567,1363.5460490060782,561.9180112379782
forecast_5065,2025-07-31 01:00:00,2074.170460174031,2154.2643054529103,798.5767351710405
forecast_5066,2025-07-31 02:00:00,2195.7694099322116,2315.6367331614815,923.3670280561985
forecast_5067,2025-07-31 03:00:00,2336.478176709198,2416.0839607610706,1096.9885901002467
forecast_5068,2025-07-31 04:00:00,2292.0524648428805,2163.173068044727,990.6003032954667
forecast_5069,2025-07-31 05:00:00,2046.7862500514389,1994.6015503638453,842.1050494771005
forecast_5070,2025-07-31 06:00:00,1151.272176733177,1320.7148229551929,525.0584046503384
forecast_5071,2025-07-31 07:00:00,998.8255776966796,967.2419341978103,441.0918911821992
forecast_5072,2025-07-31 08:00:00,692.3263679809569,771.0241648560616,343.18407899794755
forecast_5073,2025-07-31 09:00:00,456.90117554030064,500.9471191784813,268.6081731503105
forecast_5074,2025-07-31 10:00:00,576.4446863094423,675.6366355335455,273.66275321067155
forecast_5075,2025-07-31 11:00:00,710.8348435518911,764.8072452365192,360.53951672613755
forecast_5076,2025-07-31 12:00:00,698.2221206666838,856.1422510945108,534.0501552023314
forecast_5077,2025-07-31 13:00:00,627.9492910704588,829.4514235742419,497.0610196846568
forecast_5078,2025-07-31 14:00:00,647.4156956427299,881.6741080873301,390.87193246942184
forecast_5079,2025-07-31 15:00:00,486.35446999518183,785.1223278127068,335.38460439985306
forecast_5080,2025-07-31 16:00:00,435.74760873086325,656.3903312730691,327.74245525754105
forecast_5081,2025-07-31 17:00:00,355.4894401562114,442.7450450925164,311.8966752136926
forecast_5082,2025-07-31 18:00:00,418.66481681781676,459.4323862820554,293.32892019577963
forecast_5083,2025-07-31 19:00:00,542.4274688664855,465.937592867942,314.08416373485574
forecast_5084,2025-07-31 20:00:00,647.6074194884011,640.1873282610262,312.19495957690174
forecast_5085,2025-07-31 21:00:00,847.6591367782237,687.1038240236323,321.8344850618494
forecast_5086,2025-07-31 22:00:00,945.7504003798754,828.6431872636174,373.42834777630486
forecast_5087,2025-07-31 23:00:00,952.5915838281184,852.5506716975701,347.86350279323227
forecast_5088,2025-08-01 00:00:00,826.922533993655,801.9723656839122,338.14801496793456
forecast_5089,2025-08-01 01:00:00,815.2397639214093,889.6911729961727,612.7747153098379
forecast_5090,2025-08-01 02:00:00,797.9785626219088,835.5025925047653,541.7872324637119
forecast_5091,2025-08-01 03:00:00,767.0254727149135,811.4347989926326,580.2727378175643
forecast_5092,2025-08-01 04:00:00,777.5995311086473,802.306521010026,399.9312437866071
forecast_5093,2025-08-01 05:00:00,746.730049714756,722.6497003662682,439.6668323859423
forecast_5094,2025-08-01 06:00:00,711.1949892037269,720.6938814979806,353.91508094392555
forecast_5095,2025-08-01 07:00:00,666.8320609916833,646.3628953631182,261.9201588514807
forecast_5096,2025-08-01 08:00:00,539.4987872691868,585.8737750661948,252.85357643011562
forecast_5097,2025-08-01 09:00:00,329.94871775726665,391.5754574369405,202.17970639629553
forecast_5098,2025-08-01 10:00:00,257.34666378289506,300.66250529171253,199.51806216290657
forecast_5099,2025-08-01 11:00:00,248.29252165149566,322.9675743937263,210.88634147503598
forecast_5100,2025-08-01 12:00:00,279.27961269936674,345.95934952700725,247.15720888422825
forecast_5101,2025-08-01 13:00:00,461.9966604288959,509.4460123290021,459.82024232146927
forecast_5102,2025-08-01 14:00:00,297.66552944576443,368.02292591137655,278.6809255272388
forecast_5103,2025-08-01 15:00:00,271.5682745991442,333.7937442069232,226.359872846931
forecast_5104,2025-08-01 16:00:00,261.0996959663931,332.1825498502096,217.04563473791987
forecast_5105,2025-08-01 17:00:00,284.58813899082753,359.6449796915937,225.6770637580453
forecast_5106,2025-08-01 18:00:00,304.37335163914446,366.3452528917848,219.5951617113357
forecast_5107,2025-08-01 19:00:00,455.5590417939111,465.80820134733835,226.22830389603067
forecast_5108,2025-08-01 20:00:00,646.3631583803871,667.3065231131146,303.8998224820378
forecast_5109,2025-08-01 21:00:00,681.5418937661714,701.9495096327793,317.88528216820674
forecast_5110,2025-08-01 22:00:00,735.7993604279224,759.0670254672312,295.70827734040995
forecast_5111,2025-08-01 23:00:00,704.9123836015872,727.5461187593826,294.6604103864107
forecast_5112,2025-08-02 00:00:00,717.7144211657671,738.9709134447709,301.93495562346965
forecast_5113,2025-08-02 01:00:00,2505.2443186854202,2542.7780399899266,1396.5121466547532
forecast_5114,2025-08-02 02:00:00,4094.1937077528178,3956.1382818377438,2852.2054295769826
forecast_5115,2025-08-02 03:00:00,4940.391908598728,5281.536115300729,3405.068092092398
forecast_5116,2025-08-02 04:00:00,5896.357667214982,5752.988547025791,3877.323604561004
forecast_5117,2025-08-02 05:00:00,6314.046529376952,6310.480008946144,4544.871238595178
forecast_5118,2025-08-02 06:00:00,6981.788403399811,7708.051102980206,5647.339944128861
forecast_5119,2025-08-02 07:00:00,6515.218920896675,6906.788654630093,5216.099904818991
forecast_5120,2025-08-02 08:00:00,5579.697762280268,5379.692189119878,3108.8491951875494
forecast_5121,2025-08-02 09:00:00,4380.77497767701,4738.053245191769,2268.9278033030832
forecast_5122,2025-08-02 10:00:00,2931.748220437979,2536.333653095037,1433.118473389165
forecast_5123,2025-08-02 11:00:00,1698.479410227178,1375.9336225703075,994.8957719013363
forecast_5124,2025-08-02 12:00:00,1287.5488655441077,1122.506244914601,874.253512994832
forecast_5125,2025-08-02 13:00:00,1880.0427132701768,1496.9150105996932,1080.0968301215137
forecast_5126,2025-08-02 14:00:00,2176.8665835312,1697.7740451866505,1182.0078010490854
forecast_5127,2025-08-02 15:00:00,940.2275254202254,973.3627551888642,658.8566497416393
forecast_5128,2025-08-02 16:00:00,630.5289709498468,809.1411827664843,543.5742564176343
forecast_5129,2025-08-02 17:00:00,543.4366308582692,666.4921562715887,503.56943805963715
forecast_5130,2025-08-02 18:00:00,696.1802448279667,679.9127897303156,495.12133912924855
forecast_5131,2025-08-02 19:00:00,1011.1465313291908,1116.9824798365937,623.3514360451802
forecast_5132,2025-08-02 20:00:00,1071.4228132420951,920.6601034469414,533.5099509042046
forecast_5133,2025-08-02 21:00:00,1135.2943019375712,1151.726343011717,644.5747373078177
forecast_5134,2025-08-02 22:00:00,1296.148000874029,1238.961790581377,931.5057330553589
forecast_5135,2025-08-02 23:00:00,1352.913944160455,1275.4777821895632,899.5855497779678
forecast_5136,2025-08-03 00:00:00,1995.7472804688987,2029.9595812060763,1271.7906977124608
forecast_5137,2025-08-03 01:00:00,3571.8785380124364,3326.2537786590956,2184.6205870785975
forecast_5138,2025-08-03 02:00:00,3096.5661321443845,3434.508446590546,2127.2080206505507
forecast_5139,2025-08-03 03:00:00,4003.7787715333,3721.1476298498574,2373.6081955508776
forecast_5140,2025-08-03 04:00:00,2588.9445976786346,2249.7260728005426,1632.6130394108718
forecast_5141,2025-08-03 05:00:00,2776.2169754729334,2590.7924378261905,1875.4914275342126
forecast_5142,2025-08-03 06:00:00,1480.2574820237512,1334.582925291377,906.1147198212825
forecast_5143,2025-08-03 07:00:00,820.2461443465528,752.0562760479842,354.4901957896303
forecast_5144,2025-08-03 08:00:00,656.2775632833848,763.401123128372,376.5173086073417
forecast_5145,2025-08-03 09:00:00,487.28429371726753,603.9960223098242,351.47394887501144
forecast_5146,2025-08-03 10:00:00,330.63499293540514,416.7327188232475,271.21135523078834
forecast_5147,2025-08-03 11:00:00,288.3549537446881,429.6715455072203,245.62343864241166
forecast_5148,2025-08-03 12:00:00,317.94034752570576,456.2746391328637,300.2661283642805
forecast_5149,2025-08-03 13:00:00,399.4171754571384,565.1980542969254,313.219979454334
forecast_5150,2025-08-03 14:00:00,504.6494122290539,716.5499087999948,520.0013576251469
forecast_5151,2025-08-03 15:00:00,941.7621239696988,1147.7519066820266,854.0632067511365
forecast_5152,2025-08-03 16:00:00,1525.329574470426,1785.2922998151328,1415.9755669315696
forecast_5153,2025-08-03 17:00:00,2001.2239785969875,2468.944402819078,1664.7177480368116
forecast_5154,2025-08-03 18:00:00,2290.5598794681177,2646.980308283318,1756.838063663691
forecast_5155,2025-08-03 19:00:00,4846.668914257529,5752.825610684361,5197.183724066469
forecast_5156,2025-08-03 20:00:00,5948.15488950853,6867.835445549761,6305.614773115856
forecast_5157,2025-08-03 21:00:00,5640.366716618738,6137.670064881348,5413.393100333643
forecast_5158,2025-08-03 22:00:00,3745.8763664277158,4592.9490457559095,3083.7825598014388
forecast_5159,2025-08-03 23:00:00,3627.7027682231283,4956.873937826694,2911.8413897775204
forecast_5160,2025-08-04 00:00:00,4413.982560486429,5221.456824743056,3729.190265700457
forecast_5161,2025-08-04 01:00:00,2931.540329922258,3633.243477944636,2129.2862664887484
forecast_5162,2025-08-04 02:00:00,4517.218167604025,5266.3781403560315,3600.9814813261673
forecast_5163,2025-08-04 03:00:00,5299.679170986661,5615.285476680448,3755.855844064223
forecast_5164,2025-08-04 04:00:00,6571.936266753139,7846.832745724582,4944.588565312276
forecast_5165,2025-08-04 05:00:00,6570.63378415685,8911.17660016588,5758.827394790224
forecast_5166,2025-08-04 06:00:00,7836.2756403454405,9841.969803249312,7563.314225925985
forecast_5167,2025-08-04 07:00:00,7844.572885806222,10146.547782472862,7476.716468745059
forecast_5168,2025-08-04 08:00:00,6268.343888617687,8403.79061276089,6310.842703199549
forecast_5169,2025-08-04 09:00:00,5732.530118114697,7794.374230159596,5705.2569531845165
forecast_5170,2025-08-04 10:00:00,4959.80491068127,6741.778496614279,5695.049549855374
forecast_5171,2025-08-04 11:00:00,6010.332405693252,8305.18870593032,6068.898535823439
forecast_5172,2025-08-04 12:00:00,5975.490150068168,8224.53283613295,5167.563885231696
forecast_5173,2025-08-04 13:00:00,4654.608423470164,6460.551853124457,4073.093809271043
forecast_5174,2025-08-04 14:00:00,2822.9573535619134,3753.3539058584984,2243.486524552979
forecast_5175,2025-08-04 15:00:00,3072.122033400266,3669.7767834680612,2165.3982003121487
forecast_5176,2025-08-04 16:00:00,3266.7273909280766,4036.8255036542187,2866.1704019340573
forecast_5177,2025-08-04 17:00:00,3394.6521274035736,4428.122330035786,2581.8617928353774
forecast_5178,2025-08-04 18:00:00,3612.5882870729015,4524.64362382343,3226.2758127360953
forecast_5179,2025-08-04 19:00:00,3436.8556408107634,4412.724021927539,3553.9170775592092
forecast_5180,2025-08-04 20:00:00,3849.6646542560457,4511.700010566152,3871.3602401214653
forecast_5181,2025-08-04 21:00:00,4202.144699719635,5447.519374697291,4565.87478436858
forecast_5182,2025-08-04 22:00:00,4609.136531857585,5982.394798953259,4647.629402758906
forecast_5183,2025-08-04 23:00:00,4837.163820356949,6396.777687728498,5335.324005692005
forecast_5184,2025-08-05 00:00:00,5835.144017240777,7625.7470122095,6202.794257583812
forecast_5185,2025-08-05 01:00:00,5164.583969566142,6125.8674269593475,5131.2836997076065
forecast_5186,2025-08-05 02:00:00,4846.4014433963175,5573.277008982973,4514.868079422119
forecast_5187,2025-08-05 03:00:00,4455.858355471487,4732.6805521067,3740.446211537434
forecast_5188,2025-08-05 04:00:00,4713.478153792158,4567.711746303113,3524.6416809326956
forecast_5189,2025-08-05 05:00:00,3039.153411852016,2781.4363582481187,1926.2187562911774
forecast_5190,2025-08-05 06:00:00,2530.3536356137342,2131.504424563002,1288.3054882265026
forecast_5191,2025-08-05 07:00:00,2323.125167476641,2207.4957312377933,1116.8123957886744
forecast_5192,2025-08-05 08:00:00,1468.6186452247894,1782.3424634653095,856.5476108090868
forecast_5193,2025-08-05 09:00:00,1136.0543667772959,1528.91564465335,781.8865046918785
forecast_5194,2025-08-05 10:00:00,1418.9666823489163,1122.6082170035536,1027.547848851724
forecast_5195,2025-08-05 11:00:00,1993.416199171609,1870.2407882481007,1697.6177904388558
forecast_5196,2025-08-05 12:00:00,3020.8664369402663,2919.474646363199,2617.644370763623
forecast_5197,2025-08-05 13:00:00,3893.570365139623,3873.5119950391454,4373.059707044038
forecast_5198,2025-08-05 14:00:00,5116.508371881349,5669.868486213895,5459.741434153483
forecast_5199,2025-08-05 15:00:00,6537.4584659314105,6671.638342203429,6592.708261326088
forecast_5200,2025-08-05 16:00:00,8499.987034040161,8451.841884083655,9527.703468133655
forecast_5201,2025-08-05 17:00:00,8340.525818162216,8540.549263298548,9428.967393844841
forecast_5202,2025-08-05 18:00:00,7179.180688942002,7351.291075378709,7686.060643492621
forecast_5203,2025-08-05 19:00:00,7301.19441896339,7478.669943045647,7277.5787247298385
forecast_5204,2025-08-05 20:00:00,8606.32863697256,9133.606345491477,7973.784575733842
forecast_5205,2025-08-05 21:00:00,8919.05568500002,10525.149242502644,8829.32812328557
forecast_5206,2025-08-05 22:00:00,10330.277626808482,11483.567981046224,8268.500267193502
forecast_5207,2025-08-05 23:00:00,9445.780447044688,11050.878043610073,8106.482149269863
forecast_5208,2025-08-06 00:00:00,9369.643991230641,10960.655071990475,8566.67292643231
forecast_5209,2025-08-06 01:00:00,12762.276257080628,15385.080148709018,14521.73679413442
forecast_5210,2025-08-06 02:00:00,12442.134026318565,15000.009996186625,14467.292044486732
forecast_5211,2025-08-06 03:00:00,12048.038647275764,13967.066632935283,12288.632175494135
forecast_5212,2025-08-06 04:00:00,11158.601014511394,13688.175541654999,11374.326185329579
forecast_5213,2025-08-06 05:00:00,11225.700091708675,13115.842585403398,10892.54006027938
forecast_5214,2025-08-06 06:00:00,10922.958851474972,13128.481182456037,10101.272978612462
forecast_5215,2025-08-06 07:00:00,10336.288093835075,12710.025717626091,10701.950956935138
forecast_5216,2025-08-06 08:00:00,9291.891477875946,11973.484046787597,9523.710512364087
forecast_5217,2025-08-06 09:00:00,9839.294589108731,12336.544982809195,10617.817711721656
forecast_5218,2025-08-06 10:00:00,10180.347371268257,13405.955286010689,11073.36533662084
forecast_5219,2025-08-06 11:00:00,11120.155783274158,14024.987914411882,11849.033586240932
forecast_5220,2025-08-06 12:00:00,11671.229820016973,14488.54953897539,12535.030907722785
forecast_5221,2025-08-06 13:00:00,11633.972096116748,14759.29088288251,14432.190646630965
forecast_5222,2025-08-06 14:00:00,12618.825582727883,15333.34347865116,14903.15063656436
forecast_5223,2025-08-06 15:00:00,12600.532958889837,15765.259720788954,15507.994977456
forecast_5224,2025-08-06 16:00:00,11434.086781493468,14627.695168704313,14674.380335658223
forecast_5225,2025-08-06 17:00:00,11373.203414650223,15214.848637956766,14088.046757695389
forecast_5226,2025-08-06 18:00:00,11949.108139790616,14769.765830538921,14591.889387280276
forecast_5227,2025-08-06 19:00:00,11613.605926488499,15112.860390280357,14127.166017659885
forecast_5228,2025-08-06 20:00:00,11615.438011473936,14543.803772604182,13312.114867112763
forecast_5229,2025-08-06 21:00:00,12779.657120255048,15246.288410986239,13952.133219011232
forecast_5230,2025-08-06 22:00:00,12897.89752293559,15335.428735698113,14210.109590325077
forecast_5231,2025-08-06 23:00:00,12838.681679947384,15618.976954500667,14529.801091097119
forecast_5232,2025-08-07 00:00:00,12661.526561937917,15578.356469270084,13620.684547843628
forecast_5233,2025-08-07 01:00:00,13740.971417387405,13561.371683345265,12973.652210174036
forecast_5234,2025-08-07 02:00:00,13690.02607483122,13931.517599956404,13174.05283564589
forecast_5235,2025-08-07 03:00:00,14094.468602736257,14715.961814094135,13930.137396174796
forecast_5236,2025-08-07 04:00:00,14030.754566178945,14599.060867589184,13733.947144939939
forecast_5237,2025-08-07 05:00:00,13907.744527228797,14672.535807624705,13284.029032389391
forecast_5238,2025-08-07 06:00:00,13702.699649495924,14231.006355883355,12235.204661179714
forecast_5239,2025-08-07 07:00:00,13177.609413498913,13721.710076492216,10987.588750560126
forecast_5240,2025-08-07 08:00:00,11737.715668536395,12334.953719503212,10182.712874198482
forecast_5241,2025-08-07 09:00:00,9150.439467410242,9738.533667138354,6431.4784535825165
forecast_5242,2025-08-07 10:00:00,6488.996545515101,6992.116659808179,4163.33251880705
forecast_5243,2025-08-07 11:00:00,4738.586202385829,3916.2998036213903,2666.519867851297
forecast_5244,2025-08-07 12:00:00,3030.7479717099,2502.7609774731472,1636.9158464178165
forecast_5245,2025-08-07 13:00:00,1262.0294133935845,1234.4751819204064,913.5014100333021
forecast_5246,2025-08-07 14:00:00,888.6544064917769,741.9289695655348,672.0488228472307
forecast_5247,2025-08-07 15:00:00,455.2202502784664,553.9236301018569,473.230815889165
forecast_5248,2025-08-07 16:00:00,470.7372276034622,523.0011217601807,413.84452236757437
forecast_5249,2025-08-07 17:00:00,857.479980384527,933.9798658026286,735.2984592158899
forecast_5250,2025-08-07 18:00:00,1248.104242164039,1385.5172581430395,1176.9115540129283
forecast_5251,2025-08-07 19:00:00,1443.1055294717598,1519.03766403806,1217.7384121850077
forecast_5252,2025-08-07 20:00:00,1566.3456194335463,1178.4302045740544,750.2388748924383
forecast_5253,2025-08-07 21:00:00,1932.0816875279136,1610.3970946183429,844.5103068045149
forecast_5254,2025-08-07 22:00:00,3648.909004193982,4038.503373458203,2840.4991480631898
forecast_5255,2025-08-07 23:00:00,4994.3934546126975,5639.338363702415,4352.922654526154
forecast_5256,2025-08-08 00:00:00,5924.900032598032,6766.307963169322,5889.5834889815205
forecast_5257,2025-08-08 01:00:00,4875.760676494291,5444.500119011977,4368.87287521134
forecast_5258,2025-08-08 02:00:00,4797.29445028039,4794.937252688546,3670.413839831583
forecast_5259,2025-08-08 03:00:00,4619.436070225227,4200.00368207508,3475.0939951121477
forecast_5260,2025-08-08 04:00:00,4503.5865066695,4258.044311078295,2952.602812874023
forecast_5261,2025-08-08 05:00:00,3293.0541763879446,2542.921874350885,1961.1703027231736
forecast_5262,2025-08-08 06:00:00,2321.6924733628794,1783.0201772661226,1195.1475222637519
forecast_5263,2025-08-08 07:00:00,1111.5503869245467,1228.1473785422343,574.810754083924
forecast_5264,2025-08-08 08:00:00,632.518457616111,676.4943403918356,290.3059890852638
forecast_5265,2025-08-08 09:00:00,353.3996969237304,391.6832488430003,207.18719577219764
forecast_5266,2025-08-08 10:00:00,260.5069933422154,293.43587713733103,206.29963031300682
forecast_5267,2025-08-08 11:00:00,246.42880624592547,286.25317589611404,201.43139965160466
forecast_5268,2025-08-08 12:00:00,249.35904021274249,292.35351605161355,199.4951773761062
forecast_5269,2025-08-08 13:00:00,246.49680441283215,318.09387832655256,220.67462360536857
forecast_5270,2025-08-08 14:00:00,271.0881889719315,317.6623540402577,214.79790210814357
forecast_5271,2025-08-08 15:00:00,290.3402938763371,389.0608662472678,235.774369433118
forecast_5272,2025-08-08 16:00:00,301.52733677281987,365.2261508260976,244.4383314977171
forecast_5273,2025-08-08 17:00:00,341.25596140837985,406.59224677106414,230.18995405643312
forecast_5274,2025-08-08 18:00:00,484.61471846356307,497.6130951256446,245.17940760925103
forecast_5275,2025-08-08 19:00:00,615.9211013217267,598.0308851161072,263.8167561573278
forecast_5276,2025-08-08 20:00:00,694.1422648650215,691.8408049165313,276.8249430396371
forecast_5277,2025-08-08 21:00:00,878.775160000669,880.5248444699032,338.8824565699617
forecast_5278,2025-08-08 22:00:00,981.8320721225041,954.5520609327443,412.6135585180346
forecast_5279,2025-08-08 23:00:00,1228.7653445076203,1464.3557441608743,806.5353058381568
forecast_5280,2025-08-09 00:00:00,2396.38916883042,2164.6649230052312,1469.463062390856
forecast_5281,2025-08-09 01:00:00,1297.6038679771289,1205.7154919359862,704.0398591961779
forecast_5282,2025-08-09 02:00:00,2581.5806119036847,2614.6031377639506,1622.9671443732761
forecast_5283,2025-08-09 03:00:00,2379.4532586839973,2723.4993558295255,1879.6706668482939
forecast_5284,2025-08-09 04:00:00,3191.28280049918,3680.6818577905187,2797.5592825748768
forecast_5285,2025-08-09 05:00:00,3699.662092030186,3528.755074977154,2202.5796144063456
forecast_5286,2025-08-09 06:00:00,3015.8488065571173,2643.8883057936036,1625.7993453104007
forecast_5287,2025-08-09 07:00:00,2995.4995494683744,2989.44900847141,1656.6293628973185
forecast_5288,2025-08-09 08:00:00,3055.0444864748206,3003.552155252987,1721.7960611004632
forecast_5289,2025-08-09 09:00:00,2385.735653300809,2136.968791214196,1350.4929132637933
forecast_5290,2025-08-09 10:00:00,2157.1360138754717,2282.290958684985,1285.3893793938264
forecast_5291,2025-08-09 11:00:00,1890.7735665025525,2120.088157103546,1274.9227353617348
forecast_5292,2025-08-09 12:00:00,1903.061815000214,2011.1908978683443,1474.8449966691048
forecast_5293,2025-08-09 13:00:00,1075.6184117136818,1398.3735323359142,818.7035670125485
forecast_5294,2025-08-09 14:00:00,1184.0483948237365,1501.1700073476038,803.9831430228987
forecast_5295,2025-08-09 15:00:00,1306.5866326176133,1548.3257287283645,1043.1095011129428
forecast_5296,2025-08-09 16:00:00,1780.2012768858326,1690.1592183631847,1024.3912869573503
forecast_5297,2025-08-09 17:00:00,1703.3429074826183,1621.5351528349815,934.8418401714251
forecast_5298,2025-08-09 18:00:00,1651.747479436098,1352.03378905957,776.9441758731274
forecast_5299,2025-08-09 19:00:00,1792.6000536874064,1592.7601930560224,874.8925844826041
forecast_5300,2025-08-09 20:00:00,2503.538638938227,3021.5281008723,1821.7568311809143
forecast_5301,2025-08-09 21:00:00,2426.714216159421,3073.499818893998,2023.5329243870688
forecast_5302,2025-08-09 22:00:00,1796.2353585578696,2150.975826232409,1267.0904002734767
forecast_5303,2025-08-09 23:00:00,1444.6495119759418,1554.526767683148,878.8911759021572
forecast_5304,2025-08-10 00:00:00,1269.721170973843,1317.1063136090715,623.2916261405745
forecast_5305,2025-08-10 01:00:00,1534.082838539154,1467.0225608174057,728.4256839546125
forecast_5306,2025-08-10 02:00:00,1264.4824194305763,1325.9498770825999,571.7354919668152
forecast_5307,2025-08-10 03:00:00,1176.128769689053,1139.313604891004,573.5440133513924
forecast_5308,2025-08-10 04:00:00,1085.1786648646778,1066.2272572529514,478.9606093089333
forecast_5309,2025-08-10 05:00:00,1163.9008324532076,982.6921445805096,465.2876675653651
forecast_5310,2025-08-10 06:00:00,1268.8548958847366,1207.4297937102715,505.6724999410016
forecast_5311,2025-08-10 07:00:00,1126.2589035724573,1088.7441304133042,368.13684584459367
forecast_5312,2025-08-10 08:00:00,746.5447158145088,815.2224870676304,267.6881889379109
forecast_5313,2025-08-10 09:00:00,498.68779548363614,497.8927769870628,302.87022462463943
forecast_5314,2025-08-10 10:00:00,517.8593598029953,667.7956827444107,386.0903952571851
forecast_5315,2025-08-10 11:00:00,523.9765470381301,604.0540464992191,386.26690243829165
forecast_5316,2025-08-10 12:00:00,391.8254709814442,509.1634672240412,319.01801904080537
forecast_5317,2025-08-10 13:00:00,270.26047349595046,386.6066713198597,297.4805770483006
forecast_5318,2025-08-10 14:00:00,288.30493225049787,391.95661298481554,410.20385454074284
forecast_5319,2025-08-10 15:00:00,264.05503072984266,393.5609957641656,406.00989803229743
forecast_5320,2025-08-10 16:00:00,280.67792381070075,409.99651380076307,352.543491098396
forecast_5321,2025-08-10 17:00:00,293.37872157615396,378.7429766814951,275.83660161900326
forecast_5322,2025-08-10 18:00:00,305.25830781772737,375.84951149144285,258.1941361302919
forecast_5323,2025-08-10 19:00:00,542.9906070014143,542.9632902673949,263.95389797868285
forecast_5324,2025-08-10 20:00:00,629.5635466542151,626.8373030761883,242.339977092521
forecast_5325,2025-08-10 21:00:00,622.7501257125771,644.9219493403813,261.0129398798874
forecast_5326,2025-08-10 22:00:00,769.9217193700883,770.4451198128828,292.3921331198245
forecast_5327,2025-08-10 23:00:00,719.8905421373241,716.2187501447368,285.49837720108206
forecast_5328,2025-08-11 00:00:00,723.59995287528,717.9625571638427,292.29264349349353
forecast_5329,2025-08-11 01:00:00,788.0854969793364,735.4493605095746,302.11151368063537
forecast_5330,2025-08-11 02:00:00,794.9343205108601,751.5873941355059,349.9155180210148
forecast_5331,2025-08-11 03:00:00,904.278486649497,896.5619585638538,441.21279123354697
forecast_5332,2025-08-11 04:00:00,840.7069937234625,934.7829532540234,387.75810833606175
forecast_5333,2025-08-11 05:00:00,840.7781373683756,922.2235213541215,367.14009537549725
forecast_5334,2025-08-11 06:00:00,795.8987283798847,746.3326596643188,314.0352117463887
forecast_5335,2025-08-11 07:00:00,714.8586668545879,670.8314856640735,260.98416632427023
forecast_5336,2025-08-11 08:00:00,641.8014922545574,648.282983315199,254.6744492750062
forecast_5337,2025-08-11 09:00:00,611.1554308012645,605.0338605669216,249.7770970902067
forecast_5338,2025-08-11 10:00:00,285.5174656148955,325.89297186090135,220.84219462531283
forecast_5339,2025-08-11 11:00:00,267.4802256903307,319.2440914444005,222.18469419090434
forecast_5340,2025-08-11 12:00:00,351.2658887585584,390.564608261132,257.4179796047089
forecast_5341,2025-08-11 13:00:00,479.5208037304141,488.0088048222182,272.4642208896083
forecast_5342,2025-08-11 14:00:00,552.542572383153,528.1814116535322,278.41173506724743
forecast_5343,2025-08-11 15:00:00,637.7708931488372,612.841657692942,286.2857569660989
forecast_5344,2025-08-11 16:00:00,607.9603086903547,627.8193620798629,289.0747507530098
forecast_5345,2025-08-11 17:00:00,760.5477109352487,836.3210785386428,330.42196428581804
forecast_5346,2025-08-11 18:00:00,650.3919876924022,705.7614691021328,361.2941176475484
forecast_5347,2025-08-11 19:00:00,728.2122028848922,747.0331494557881,325.02813244699706
forecast_5348,2025-08-11 20:00:00,720.5888352407536,719.5405041988304,342.2258798145358
forecast_5349,2025-08-11 21:00:00,868.9814688838684,769.6173631382165,314.8440199323857
forecast_5350,2025-08-11 22:00:00,828.2353040249307,737.7537248792665,315.18194927612114
forecast_5351,2025-08-11 23:00:00,819.8002554985799,725.1324589422059,317.0293903410208
forecast_5352,2025-08-12 00:00:00,784.1014656530444,720.73896010817,312.86451683850635
forecast_5353,2025-08-12 01:00:00,1468.2676393100971,1585.0630589649334,693.7170618026248
forecast_5354,2025-08-12 02:00:00,1688.7609305851693,1457.7201731736134,879.6960339391416
forecast_5355,2025-08-12 03:00:00,2359.8914491774703,2208.095238220695,1719.4720136228154
forecast_5356,2025-08-12 04:00:00,1918.8578578130714,1880.9470508532586,1335.49172913014
forecast_5357,2025-08-12 05:00:00,1592.4398271849311,1481.8362107149562,957.6770524181223
forecast_5358,2025-08-12 06:00:00,1301.1344994442234,1231.0616376780704,606.9856608976578
forecast_5359,2025-08-12 07:00:00,735.9213437943882,696.1025074974973,317.79156388911036
forecast_5360,2025-08-12 08:00:00,623.7207969806512,646.1006565129622,255.50862505657875
forecast_5361,2025-08-12 09:00:00,483.06648664867265,479.37271453726055,221.29206647480467
forecast_5362,2025-08-12 10:00:00,284.77100271390367,400.13616881113444,214.1225634319589
forecast_5363,2025-08-12 11:00:00,271.0324228405996,390.40977828451366,224.66819900042904
forecast_5364,2025-08-12 12:00:00,266.98602585177645,325.6475340876537,220.40266824326406
forecast_5365,2025-08-12 13:00:00,277.88941108359705,337.2746644635497,295.4951017814982
forecast_5366,2025-08-12 14:00:00,355.44711946343523,436.57387453682037,412.29280166827135
forecast_5367,2025-08-12 15:00:00,330.4876445846188,435.0766838539804,366.5826500655293
forecast_5368,2025-08-12 16:00:00,535.8952623762304,536.1192756333702,548.0972299026722
forecast_5369,2025-08-12 17:00:00,472.7943575780755,578.640871836822,513.352479088106
forecast_5370,2025-08-12 18:00:00,769.4868434895991,905.1138255837155,551.1741403257955
forecast_5371,2025-08-12 19:00:00,1170.9680447459218,1463.7725007143704,519.0617763254347
forecast_5372,2025-08-12 20:00:00,1054.7589807141653,1367.4769923985223,567.8724252177847
forecast_5373,2025-08-12 21:00:00,981.9653642228948,1297.6045428123903,543.3827468141162
forecast_5374,2025-08-12 22:00:00,1618.6515247881434,1844.5678102947577,681.7527713349173
forecast_5375,2025-08-12 23:00:00,1481.9580251118255,1719.0433838459523,594.9753969468164
forecast_5376,2025-08-13 00:00:00,1800.527344553289,2286.8749949539697,932.3304673115289
forecast_5377,2025-08-13 01:00:00,1609.5533235574062,1870.2729257111116,995.3033720781526
forecast_5378,2025-08-13 02:00:00,2813.374687842222,2760.0492381512404,1556.4611369123518
forecast_5379,2025-08-13 03:00:00,3045.1111042107027,3040.5247709577825,1783.0028699624477
forecast_5380,2025-08-13 04:00:00,2113.9558511286996,2631.961595767772,1255.3440149522041
forecast_5381,2025-08-13 05:00:00,1651.3535517736939,2253.2333982042187,909.6309872908533
forecast_5382,2025-08-13 06:00:00,3417.637414184216,4088.9871920725727,2131.1470360887083
forecast_5383,2025-08-13 07:00:00,4745.852579360058,6191.270411033368,3876.089218690484
forecast_5384,2025-08-13 08:00:00,4661.660363366145,6356.742729105961,4309.144783545599
forecast_5385,2025-08-13 09:00:00,5438.081456271372,7146.24136592794,5052.559147441062
forecast_5386,2025-08-13 10:00:00,5635.549261040973,7509.718730611504,5951.497649630779
forecast_5387,2025-08-13 11:00:00,4749.63866522771,6696.312779592218,4568.296158914573
forecast_5388,2025-08-13 12:00:00,4571.482895913132,6454.501529601661,4616.035711116977
forecast_5389,2025-08-13 13:00:00,4836.124269614054,6870.798477770263,4469.524576377248
forecast_5390,2025-08-13 14:00:00,6329.937879007282,9075.36743691153,6021.5684433910665
forecast_5391,2025-08-13 15:00:00,6565.583539463666,10141.276043112006,7262.4794129996535
forecast_5392,2025-08-13 16:00:00,6764.182355791081,10173.659356882572,7517.750867389408
forecast_5393,2025-08-13 17:00:00,7057.10094261179,10411.176172622363,7721.166152778736
forecast_5394,2025-08-13 18:00:00,7624.864502220127,10846.915254818588,8621.836171054947
forecast_5395,2025-08-13 19:00:00,9216.3174320902,11784.80191625634,9535.96167254937
forecast_5396,2025-08-13 20:00:00,11142.436728567902,13313.238754467344,12353.87131110106
forecast_5397,2025-08-13 21:00:00,13581.942422379721,15594.346006926022,15942.66942335867
forecast_5398,2025-08-13 22:00:00,14727.988298349752,16871.18922172776,16762.66384060571
forecast_5399,2025-08-13 23:00:00,14895.282638877488,17235.32830422015,17217.42714283806
forecast_5400,2025-08-14 00:00:00,14435.109146354633,17494.026221367763,17008.463598502698
forecast_5401,2025-08-14 01:00:00,14759.357224133822,17572.37264120873,17380.340591517972
forecast_5402,2025-08-14 02:00:00,14749.969363740593,17827.81300570227,17420.726506100942
forecast_5403,2025-08-14 03:00:00,14796.038844996609,17306.46312767953,17302.00140403138
forecast_5404,2025-08-14 04:00:00,13720.51976091556,16566.856108369353,15334.055444799043
forecast_5405,2025-08-14 05:00:00,12022.850411929223,14786.900143492001,13882.484859652937
forecast_5406,2025-08-14 06:00:00,12101.906700101856,14701.356060279737,13766.719807996793
forecast_5407,2025-08-14 07:00:00,12278.307699944582,14356.6911487258,12614.060042340441
forecast_5408,2025-08-14 08:00:00,11284.75895630244,14411.952844481973,13175.928840194692
forecast_5409,2025-08-14 09:00:00,12379.122818337193,14932.0432758299,14083.713474937998
forecast_5410,2025-08-14 10:00:00,12291.320821640216,14594.309249872582,13712.390681146177
forecast_5411,2025-08-14 11:00:00,10079.282091076366,11171.983620550622,11015.585996218018
forecast_5412,2025-08-14 12:00:00,9138.267945721216,9792.223884306393,9070.767314931762
forecast_5413,2025-08-14 13:00:00,6857.5796325284355,7710.6504964554515,7327.007871055797
forecast_5414,2025-08-14 14:00:00,7025.270761477927,9301.468163117297,7858.932599125523
forecast_5415,2025-08-14 15:00:00,7056.195208594528,7874.494701748017,7310.092478491129
forecast_5416,2025-08-14 16:00:00,9174.329795343208,10942.633114112214,10908.987962837946
forecast_5417,2025-08-14 17:00:00,11594.999030573912,12930.786588502147,12226.297009828519
forecast_5418,2025-08-14 18:00:00,11848.300790723542,12626.10473139753,11907.900604360477
forecast_5419,2025-08-14 19:00:00,10465.432068926364,11701.379704743482,10257.875216179173
forecast_5420,2025-08-14 20:00:00,11430.631356393185,12453.522136585152,11806.958958193722
forecast_5421,2025-08-14 21:00:00,10837.53869409929,12576.63240233659,11613.45974084887
forecast_5422,2025-08-14 22:00:00,12152.901677055259,13860.537714793038,11167.231506589778
forecast_5423,2025-08-14 23:00:00,12214.721347433318,14214.848242294489,10859.66446629545
forecast_5424,2025-08-15 00:00:00,12464.538909977999,13828.34880068596,10947.227917262933
forecast_5425,2025-08-15 01:00:00,11320.807867589823,11737.793462753316,9505.681049554776
forecast_5426,2025-08-15 02:00:00,10215.940472092228,10277.60787955962,7856.778300397385
forecast_5427,2025-08-15 03:00:00,9865.619345959052,10109.019954003565,7633.811857256703
forecast_5428,2025-08-15 04:00:00,10551.602673287947,10678.565281859921,7330.22544035462
forecast_5429,2025-08-15 05:00:00,9637.497547613915,9205.469313198322,6257.525157288732
forecast_5430,2025-08-15 06:00:00,8819.573954091093,7845.99644806996,5409.462511242996
forecast_5431,2025-08-15 07:00:00,7058.867886647422,6613.153031839419,4629.065282197299
forecast_5432,2025-08-15 08:00:00,5410.402556342351,4644.487806022523,3265.766678352304
forecast_5433,2025-08-15 09:00:00,2602.3478846401563,2318.2981184841024,1487.8904141251712
forecast_5434,2025-08-15 10:00:00,1160.4166321009568,843.6159563241494,647.8264758866785
forecast_5435,2025-08-15 11:00:00,633.6243907475863,673.0781158291544,530.9606122155343
forecast_5436,2025-08-15 12:00:00,627.4367606755308,562.7484966165277,622.2641360270752
forecast_5437,2025-08-15 13:00:00,920.8729143836418,918.081987596817,807.2509039374975
forecast_5438,2025-08-15 14:00:00,1497.9002576633795,1263.2646819827644,1038.875426271991
forecast_5439,2025-08-15 15:00:00,1841.76086582557,1410.6527222534141,1081.6702232163636
forecast_5440,2025-08-15 16:00:00,1395.159279772303,1244.5592053965922,977.959241222819
forecast_5441,2025-08-15 17:00:00,1124.0703976210086,1154.7273214595687,867.3499654815699
forecast_5442,2025-08-15 18:00:00,1538.5214695701143,1655.2981457621618,1207.9859213590178
forecast_5443,2025-08-15 19:00:00,1612.758542911778,1482.665402926351,1025.7545622417774
forecast_5444,2025-08-15 20:00:00,2541.5704312319954,2679.7804676301166,1910.7856933328642
forecast_5445,2025-08-15 21:00:00,3523.896790892081,3546.4402050159165,2721.1765784925883
forecast_5446,2025-08-15 22:00:00,5055.200203532832,5425.658245205009,4216.364814747084
forecast_5447,2025-08-15 23:00:00,5317.52739876058,6085.226775641526,4504.071350117218
forecast_5448,2025-08-16 00:00:00,6439.086850324433,7120.28857947141,5632.904361484052
forecast_5449,2025-08-16 01:00:00,8043.442088168504,9206.481845518407,5980.879287330007
forecast_5450,2025-08-16 02:00:00,9956.641722752425,11168.475717658615,7895.59413867952
forecast_5451,2025-08-16 03:00:00,9828.56772915283,11087.85057302277,8455.722807275684
forecast_5452,2025-08-16 04:00:00,8813.587382134614,10204.179722792378,7296.87954482721
forecast_5453,2025-08-16 05:00:00,9072.011029836427,10199.666872822967,7038.6605820328805
forecast_5454,2025-08-16 06:00:00,8639.82625460371,9216.166586633022,6260.306607766732
forecast_5455,2025-08-16 07:00:00,7838.71809219628,8149.174390449324,5737.905249862899
forecast_5456,2025-08-16 08:00:00,6193.313265567384,6503.755624336949,4352.776612237726
forecast_5457,2025-08-16 09:00:00,5301.290327150506,5555.169307372421,3664.3418267974153
forecast_5458,2025-08-16 10:00:00,4219.785908546694,3812.3121605185784,2779.4733952461193
forecast_5459,2025-08-16 11:00:00,4200.490510615268,3715.2956281646298,3438.2972600884814
forecast_5460,2025-08-16 12:00:00,4553.884499703287,4543.898566731585,4473.392807253728
forecast_5461,2025-08-16 13:00:00,6158.055543389502,6734.216967669597,5858.978426675644
forecast_5462,2025-08-16 14:00:00,7452.09009558178,7939.101046921449,7747.559489018775
forecast_5463,2025-08-16 15:00:00,7820.993698847943,8205.224262613277,8187.09011509234
forecast_5464,2025-08-16 16:00:00,8022.6338735594345,7729.863468874482,8700.156489747715
forecast_5465,2025-08-16 17:00:00,8630.894573158408,9135.379699386243,9507.368668798086
forecast_5466,2025-08-16 18:00:00,9786.964478255744,10144.135145495546,10289.49470133116
forecast_5467,2025-08-16 19:00:00,10632.824063966187,10519.769642556153,11101.338155465466
forecast_5468,2025-08-16 20:00:00,11668.027200069608,11891.385368065261,12309.843622923654
forecast_5469,2025-08-16 21:00:00,13477.595668270038,13760.745457451783,12954.693831615605
forecast_5470,2025-08-16 22:00:00,14579.341274123937,15122.919419623226,13931.456178224342
forecast_5471,2025-08-16 23:00:00,15432.488825969054,15736.920294548949,14681.900713916506
forecast_5472,2025-08-17 00:00:00,14904.720622330266,16287.346076606837,14509.923840601547
forecast_5473,2025-08-17 01:00:00,15369.748532811047,16275.890479279471,15018.88214325619
forecast_5474,2025-08-17 02:00:00,15517.509855469258,16309.228442347092,14928.4170886026
forecast_5475,2025-08-17 03:00:00,14822.020459594025,15852.873342021368,14647.470196585838
forecast_5476,2025-08-17 04:00:00,15344.637374228354,16008.989601120165,14725.03159777609
forecast_5477,2025-08-17 05:00:00,15223.163054036302,15520.097073451787,13674.595992751934
forecast_5478,2025-08-17 06:00:00,14358.337914734188,14902.737161465986,12504.736800106264
forecast_5479,2025-08-17 07:00:00,13801.08315017632,14273.050163348089,11263.638892803525
forecast_5480,2025-08-17 08:00:00,11660.701100238479,12991.760246889527,9674.796020151442
forecast_5481,2025-08-17 09:00:00,10103.92763560289,10915.615628804191,8399.835371672501
forecast_5482,2025-08-17 10:00:00,6664.677790634376,7848.77683860032,6137.592804203831
forecast_5483,2025-08-17 11:00:00,4793.071221485284,5967.594932898303,4221.213160294614
forecast_5484,2025-08-17 12:00:00,3765.7978510111934,3823.0190175569,3416.6036069982165
forecast_5485,2025-08-17 13:00:00,3788.177538280493,3276.533086265244,3272.829676131481
forecast_5486,2025-08-17 14:00:00,4472.078167580602,4346.545075283148,4238.504210052524
forecast_5487,2025-08-17 15:00:00,4888.849141296813,4464.181115658023,4608.694490673192
forecast_5488,2025-08-17 16:00:00,4520.930842057136,4200.526770478281,3974.979695587759
forecast_5489,2025-08-17 17:00:00,4474.117102045711,4290.807875770657,3405.008046598823
forecast_5490,2025-08-17 18:00:00,4693.42784091878,4691.639031092379,3266.6054848391896
forecast_5491,2025-08-17 19:00:00,5566.080015948056,4858.594523133648,3483.4852359467714
forecast_5492,2025-08-17 20:00:00,5017.507282298402,4924.0908988509655,3017.3487394013714
forecast_5493,2025-08-17 21:00:00,5876.973249279367,5913.617816564499,3984.6688961071995
forecast_5494,2025-08-17 22:00:00,5862.140975035781,5972.612528573489,4057.8616127741043
forecast_5495,2025-08-17 23:00:00,5862.8537176515665,5922.078717216521,4247.720303723256
forecast_5496,2025-08-18 00:00:00,6357.605938216089,6416.822529409228,4250.592255151284
forecast_5497,2025-08-18 01:00:00,7975.015157112473,8439.061499152136,5779.677297056084
forecast_5498,2025-08-18 02:00:00,8700.18410392095,8222.899054297754,5003.247136759598
forecast_5499,2025-08-18 03:00:00,9785.146888499603,9569.663502294565,6230.842929067362
forecast_5500,2025-08-18 04:00:00,8113.541088818947,7595.393644269196,4629.9951212504475
forecast_5501,2025-08-18 05:00:00,8883.024646129194,8742.378629476705,4856.746903220982
forecast_5502,2025-08-18 06:00:00,9314.676437073646,10377.347628729947,6072.850909489153
forecast_5503,2025-08-18 07:00:00,9500.146952911675,9519.574091821556,5757.145143513239
forecast_5504,2025-08-18 08:00:00,9300.095090616496,9235.654587187242,5448.767469232728
forecast_5505,2025-08-18 09:00:00,8160.527520086106,8165.050361193778,4850.816620909665
forecast_5506,2025-08-18 10:00:00,7215.603504378587,7570.804843974637,5426.743019614531
forecast_5507,2025-08-18 11:00:00,7079.464673362125,7101.348899996389,5735.647030986196
forecast_5508,2025-08-18 12:00:00,6654.366935988689,6531.780653449007,5134.900052664996
forecast_5509,2025-08-18 13:00:00,5133.804376546599,5119.766839219116,4494.406226281636
forecast_5510,2025-08-18 14:00:00,5298.1029423630935,5548.852342048727,5362.146677694027
forecast_5511,2025-08-18 15:00:00,5647.304373820299,5464.294397431702,6019.271724608362
forecast_5512,2025-08-18 16:00:00,6076.020681822254,5677.988580205974,5639.067682818462
forecast_5513,2025-08-18 17:00:00,3942.275154874404,3970.0990252845645,3826.573055259681
forecast_5514,2025-08-18 18:00:00,4624.502625105817,4379.755613995557,4843.145672663762
forecast_5515,2025-08-18 19:00:00,6633.4388140042165,6369.348246735661,5570.3654106968725
forecast_5516,2025-08-18 20:00:00,7392.405303237038,7484.415876546627,6995.612450125321
forecast_5517,2025-08-18 21:00:00,8909.219000817953,9586.858624690278,7652.863262318876
forecast_5518,2025-08-18 22:00:00,11760.182373403059,12855.773542031302,10451.632848188156
forecast_5519,2025-08-18 23:00:00,12463.196039340231,13549.506881297228,11480.505282819307
forecast_5520,2025-08-19 00:00:00,13176.892292608381,14219.979000505864,12282.528045794113
forecast_5521,2025-08-19 01:00:00,12913.217475143612,13857.412214116292,12177.813954934361
forecast_5522,2025-08-19 02:00:00,12956.947963763812,14868.538158756224,12885.666286726291
forecast_5523,2025-08-19 03:00:00,13254.858550673487,15851.755818387375,14012.771443492064
forecast_5524,2025-08-19 04:00:00,12966.411810068066,15438.294718202993,13652.385950669695
forecast_5525,2025-08-19 05:00:00,13080.92459080095,15574.836247760579,13798.391225907564
forecast_5526,2025-08-19 06:00:00,12672.750505384472,14618.389884851083,13104.191916285034
forecast_5527,2025-08-19 07:00:00,12591.02692062102,13787.369827296656,11873.05305079708
forecast_5528,2025-08-19 08:00:00,11564.450019733304,13490.396443855843,11390.566594510947
forecast_5529,2025-08-19 09:00:00,11922.371413788824,14426.762260248794,13110.848959111843
forecast_5530,2025-08-19 10:00:00,10192.788551474987,11705.674612441799,10415.86318345663
forecast_5531,2025-08-19 11:00:00,9517.93069342549,10494.50235063807,9220.685439012126
forecast_5532,2025-08-19 12:00:00,9179.202301138788,9070.250561615763,8687.917339170303
forecast_5533,2025-08-19 13:00:00,8301.160566290077,8521.815920426752,7596.0549655659015
forecast_5534,2025-08-19 14:00:00,8611.621589718632,8211.365787060564,7548.151600084009
forecast_5535,2025-08-19 15:00:00,9046.397755397491,9051.399948364986,8713.487502796941
forecast_5536,2025-08-19 16:00:00,9442.434800234909,9016.18668890703,9277.652376582242
forecast_5537,2025-08-19 17:00:00,9224.127486404985,9513.041967701816,8411.298755104677
forecast_5538,2025-08-19 18:00:00,10246.712367433483,10131.341243515864,8904.073020346666
forecast_5539,2025-08-19 19:00:00,10498.941833617237,10151.82535819393,8958.267651847096
forecast_5540,2025-08-19 20:00:00,11778.389379763308,12269.501762954356,10806.223916002835
forecast_5541,2025-08-19 21:00:00,11824.388504668483,12221.682401272237,11106.881449792978
forecast_5542,2025-08-19 22:00:00,13458.366798457382,14307.97826682236,12758.682870468978
forecast_5543,2025-08-19 23:00:00,13470.199042291146,14575.929257179034,13127.47013594448
forecast_5544,2025-08-20 00:00:00,14206.009692440837,14999.252703497486,14324.257363333856
forecast_5545,2025-08-20 01:00:00,14439.412464966053,16460.03578180822,16202.865958669337
forecast_5546,2025-08-20 02:00:00,14606.388685791257,16441.152521361553,16204.896482364416
forecast_5547,2025-08-20 03:00:00,14614.421891342186,16471.455245845587,16000.288200550525
forecast_5548,2025-08-20 04:00:00,14789.20438082352,16429.718127435986,16292.6305439099
forecast_5549,2025-08-20 05:00:00,14698.034038022237,16246.932293607399,15502.284992800905
forecast_5550,2025-08-20 06:00:00,14482.838414142152,15895.040475561831,14933.151522633936
forecast_5551,2025-08-20 07:00:00,12942.365707342633,13874.840177305874,13512.654273432783
forecast_5552,2025-08-20 08:00:00,11887.181120333153,13843.758928395362,12654.690769092727
forecast_5553,2025-08-20 09:00:00,9802.80027412835,11407.46447735274,10175.208780291963
forecast_5554,2025-08-20 10:00:00,7783.37573861242,8649.250452470656,7681.104770536994
forecast_5555,2025-08-20 11:00:00,6273.132328077504,6841.878797091316,5330.5838851843755
forecast_5556,2025-08-20 12:00:00,4052.2829253896284,3927.0813191684565,3485.8111928603184
forecast_5557,2025-08-20 13:00:00,3464.5239823245715,3052.9001512889113,3287.616763814988
forecast_5558,2025-08-20 14:00:00,2810.178191099469,2396.4592956066726,2446.493318372329
forecast_5559,2025-08-20 15:00:00,3275.8657958174576,3136.078574127972,3396.136435556692
forecast_5560,2025-08-20 16:00:00,4436.54601025977,4425.023666871921,4183.697937855831
forecast_5561,2025-08-20 17:00:00,4966.094389504761,4184.718828168562,4359.829978212994
forecast_5562,2025-08-20 18:00:00,4865.821216888142,3871.587028899084,3952.2847573721197
forecast_5563,2025-08-20 19:00:00,6916.525917623463,7166.820623442348,5788.667573073499
forecast_5564,2025-08-20 20:00:00,7202.6264168970465,7256.086120138291,5013.241257819122
forecast_5565,2025-08-20 21:00:00,6231.369625661743,6309.12794325513,4710.893375973429
forecast_5566,2025-08-20 22:00:00,6702.330104319977,7085.334615260478,5318.143369827797
forecast_5567,2025-08-20 23:00:00,9409.736332582765,10287.390005282288,8169.1256700044705
forecast_5568,2025-08-21 00:00:00,10800.166995578054,12344.683069857228,10289.554191705258
forecast_5569,2025-08-21 01:00:00,10327.456342995483,10817.706888066901,8408.59302436708
forecast_5570,2025-08-21 02:00:00,10826.110199126178,11545.59534464943,9073.68789258444
forecast_5571,2025-08-21 03:00:00,12057.611051528918,12396.944530380943,10344.167273190085
forecast_5572,2025-08-21 04:00:00,13124.066803754127,13485.507327074343,11485.762000158426
forecast_5573,2025-08-21 05:00:00,13748.07382032309,13145.481640179003,11521.354150978568
forecast_5574,2025-08-21 06:00:00,10580.082829230323,11210.317860220888,7637.04307523029
forecast_5575,2025-08-21 07:00:00,8334.637532349614,8273.325299265694,5183.377669504024
forecast_5576,2025-08-21 08:00:00,6201.817293718747,5394.700834820982,3529.1724786782647
forecast_5577,2025-08-21 09:00:00,3613.1377039593503,3137.3772583138225,2184.278870402289
forecast_5578,2025-08-21 10:00:00,1421.1853191966438,1333.8884828718826,961.2012080497846
forecast_5579,2025-08-21 11:00:00,898.0215375844343,857.0642361281643,769.8543888118169
forecast_5580,2025-08-21 12:00:00,505.6224658805409,597.8144544868836,529.2686797505713
forecast_5581,2025-08-21 13:00:00,373.1983791706404,506.5863441985124,370.92459658954004
forecast_5582,2025-08-21 14:00:00,307.87382613091853,355.2991477711765,309.1203877934762
forecast_5583,2025-08-21 15:00:00,441.8863265725892,361.7376261203791,388.93752643565523
forecast_5584,2025-08-21 16:00:00,518.02680100647,397.9863267782366,565.6849499026455
forecast_5585,2025-08-21 17:00:00,557.7840746428428,522.3698855347279,534.7420040817005
forecast_5586,2025-08-21 18:00:00,903.7846485631688,614.2129173010346,488.39578278752265
forecast_5587,2025-08-21 19:00:00,615.6626651940475,676.99381629927,310.9488745172943
forecast_5588,2025-08-21 20:00:00,655.3034498743414,737.8441468170596,403.50971888530717
forecast_5589,2025-08-21 21:00:00,1002.2340373774985,1077.5567841457128,626.7205245102815
forecast_5590,2025-08-21 22:00:00,1567.136123958786,1709.8411251057632,1063.0584488210638
forecast_5591,2025-08-21 23:00:00,2482.7504297606906,2284.1535936411146,1873.4750551843013
forecast_5592,2025-08-22 00:00:00,3369.3695555316026,3133.849831183945,2070.2137293025144
forecast_5593,2025-08-22 01:00:00,2672.4722906360603,2454.67840369616,1487.6333570028125
forecast_5594,2025-08-22 02:00:00,3089.926632662785,2748.417806734753,1753.9583985685802
forecast_5595,2025-08-22 03:00:00,3620.4676328902538,3294.2195799356186,2588.7637869190226
forecast_5596,2025-08-22 04:00:00,5083.435455064565,5172.4162155429685,3927.738982532253
forecast_5597,2025-08-22 05:00:00,6188.524153589461,6737.72857469473,4699.506859675418
forecast_5598,2025-08-22 06:00:00,9220.92884675406,9384.085703661032,6673.69485100313
forecast_5599,2025-08-22 07:00:00,8464.737667587884,9045.207903497801,6287.211873014047
forecast_5600,2025-08-22 08:00:00,7277.761373134625,7469.816233134724,4805.369692693363
forecast_5601,2025-08-22 09:00:00,5540.226690978749,5727.472090150535,3462.1320377091133
forecast_5602,2025-08-22 10:00:00,3680.4433184281215,3159.1412428532776,2190.8237700462582
forecast_5603,2025-08-22 11:00:00,2307.1186145057172,1863.1638983494463,1492.4539948547067
forecast_5604,2025-08-22 12:00:00,1576.0481525494947,1304.050188763525,1290.8590964627554
forecast_5605,2025-08-22 13:00:00,2106.225699427107,1635.1720433302316,1593.346768869258
forecast_5606,2025-08-22 14:00:00,2648.2068878814157,2443.1637946816427,2748.8274903721367
forecast_5607,2025-08-22 15:00:00,3689.5880905923746,3336.68981550086,4032.0534999751267
forecast_5608,2025-08-22 16:00:00,3949.586468475535,3957.0467871180504,4180.486828860741
forecast_5609,2025-08-22 17:00:00,5319.8332794980815,5058.291977631341,4988.786829683272
forecast_5610,2025-08-22 18:00:00,6354.096646751435,5165.633543527643,5440.994175793229
forecast_5611,2025-08-22 19:00:00,7343.859170761095,7344.575158438251,6782.949224815903
forecast_5612,2025-08-22 20:00:00,8642.304538649345,8375.749314087054,7247.836465095185
forecast_5613,2025-08-22 21:00:00,10496.913269984123,10286.146037397219,8250.491744344266
forecast_5614,2025-08-22 22:00:00,11643.473997882647,11209.946091396132,8380.592885719807
forecast_5615,2025-08-22 23:00:00,11907.898255222737,12401.843054883338,9795.017863111907
forecast_5616,2025-08-23 00:00:00,12336.164935345294,12859.53451993249,10798.975651006525
forecast_5617,2025-08-23 01:00:00,13138.522289748804,13568.378448668664,11312.461296063304
forecast_5618,2025-08-23 02:00:00,13046.98056921465,13528.764811626512,10982.983793773983
forecast_5619,2025-08-23 03:00:00,13094.246512828486,13113.084830462674,11243.297251465998
forecast_5620,2025-08-23 04:00:00,11533.682844775507,11586.604573149927,8677.823327517848
forecast_5621,2025-08-23 05:00:00,9984.640574016395,10051.548949199367,6809.436366649066
forecast_5622,2025-08-23 06:00:00,8151.370611134092,8408.522189665533,6082.284152500178
forecast_5623,2025-08-23 07:00:00,6934.270251744454,6758.0372084140145,5273.783709840238
forecast_5624,2025-08-23 08:00:00,4850.058110644468,4568.187071755373,3159.771010032336
forecast_5625,2025-08-23 09:00:00,2873.1874963668265,2229.908904071504,1663.2156740244488
forecast_5626,2025-08-23 10:00:00,702.1993878431912,620.70684343859,542.0007318970335
forecast_5627,2025-08-23 11:00:00,335.1783680207107,380.82469088890934,281.47951173502184
forecast_5628,2025-08-23 12:00:00,259.502093992576,328.4777717969625,255.6487235048927
forecast_5629,2025-08-23 13:00:00,252.53689792228982,315.45989659511577,239.42292580573348
forecast_5630,2025-08-23 14:00:00,263.360417741371,322.67114694588577,238.27149790248444
forecast_5631,2025-08-23 15:00:00,257.9938192037242,327.37800563070147,226.63787322681824
forecast_5632,2025-08-23 16:00:00,261.3368540858057,500.63817281504055,310.2069126300083
forecast_5633,2025-08-23 17:00:00,288.147088165363,535.4371139006907,361.5898387700712
forecast_5634,2025-08-23 18:00:00,516.5853096836364,715.372286242927,378.74448326520576
forecast_5635,2025-08-23 19:00:00,948.8547148559386,956.6416304090296,466.34300946292234
forecast_5636,2025-08-23 20:00:00,937.6913054844811,916.4994076201342,547.1128886627656
forecast_5637,2025-08-23 21:00:00,1671.8444273391985,1618.6213089763107,921.5005989591688
forecast_5638,2025-08-23 22:00:00,3348.413465006306,3109.220918378225,1694.6634796780559
forecast_5639,2025-08-23 23:00:00,3799.54082358169,3335.814186557928,1965.798091969948
forecast_5640,2025-08-24 00:00:00,3903.75583836414,3105.3376827265133,1757.3302541615737
forecast_5641,2025-08-24 01:00:00,2253.854683613873,2116.1063514633797,1231.827550885148
forecast_5642,2025-08-24 02:00:00,1802.7995243366172,1812.4343694037545,1005.8767064119661
forecast_5643,2025-08-24 03:00:00,1713.6871607461824,1800.1519540134695,984.0732790153183
forecast_5644,2025-08-24 04:00:00,1507.466848126161,1634.3104999206707,842.4404761475445
forecast_5645,2025-08-24 05:00:00,977.957683647404,1243.4553655720808,629.7163739378759
forecast_5646,2025-08-24 06:00:00,1149.5257658026917,1289.2641465592396,686.6165352180342
forecast_5647,2025-08-24 07:00:00,857.9929862182178,1093.5993103349692,462.40827972561175
forecast_5648,2025-08-24 08:00:00,835.3060128447006,903.3715841322307,316.9448297038127
forecast_5649,2025-08-24 09:00:00,466.3806839805858,479.8428932715268,246.57402800251313
forecast_5650,2025-08-24 10:00:00,320.49702390290133,358.93066590554827,218.38431404121897
forecast_5651,2025-08-24 11:00:00,311.86335891841156,417.43751212005935,235.2036956904016
forecast_5652,2025-08-24 12:00:00,315.97107281334826,385.39578048733716,237.62898634700684
forecast_5653,2025-08-24 13:00:00,402.8119691500842,400.78890840590793,433.3364942713152
forecast_5654,2025-08-24 14:00:00,525.5335756319333,666.9813617877837,609.0309202545504
forecast_5655,2025-08-24 15:00:00,452.4520383659065,544.900935706433,449.8498561356094
forecast_5656,2025-08-24 16:00:00,1357.383830114032,1733.063627137526,1095.2099002494676
forecast_5657,2025-08-24 17:00:00,1647.3241196539539,1957.8011819523488,1487.0240508798447
forecast_5658,2025-08-24 18:00:00,1609.4268603004828,1752.9001762889006,1479.4517236371516
forecast_5659,2025-08-24 19:00:00,1944.1461110787918,1769.4464381245743,1136.996509025383
forecast_5660,2025-08-24 20:00:00,1990.6351059938083,1996.3079061663477,1224.2141330675527
forecast_5661,2025-08-24 21:00:00,2099.011705150232,2079.480795261056,1190.988521593503
forecast_5662,2025-08-24 22:00:00,2006.932683592615,1620.3954267899358,1254.4529723267738
forecast_5663,2025-08-24 23:00:00,1816.6910113038728,1690.1732251943429,1124.0280291982954
forecast_5664,2025-08-25 00:00:00,1494.652650785805,1660.9484763133585,928.3918699281098
forecast_5665,2025-08-25 01:00:00,2063.999583692699,2053.8552575556137,1528.3685972091253
forecast_5666,2025-08-25 02:00:00,2176.416232162211,2143.3493370628107,1543.7245049873768
forecast_5667,2025-08-25 03:00:00,2477.281588523979,2644.7295456179413,1935.2455460805215
forecast_5668,2025-08-25 04:00:00,2268.3690013886285,2373.529667272793,1274.3723460787055
forecast_5669,2025-08-25 05:00:00,2511.773242244277,2193.8873635215405,1488.9050469251004
forecast_5670,2025-08-25 06:00:00,2896.9000725799447,2493.629111325607,2038.9180536475262
forecast_5671,2025-08-25 07:00:00,4244.5775526268835,3617.7115717050574,2895.409425978035
forecast_5672,2025-08-25 08:00:00,2972.1513264584623,2467.357298393584,1421.6795599507657
forecast_5673,2025-08-25 09:00:00,1148.3820888604203,1287.213531432349,684.4690732421594
forecast_5674,2025-08-25 10:00:00,737.3316402906617,1039.8129413011131,654.954764296696
forecast_5675,2025-08-25 11:00:00,1296.022226435094,1311.9470823219888,1147.537353844502
forecast_5676,2025-08-25 12:00:00,1711.4149291597791,2133.8053139207154,2064.5306350392775
forecast_5677,2025-08-25 13:00:00,2031.6167521677555,2088.887364424618,2015.0463110618864
forecast_5678,2025-08-25 14:00:00,2071.4574259473748,2263.476641500352,1975.9588651646384
forecast_5679,2025-08-25 15:00:00,2709.985028450749,2945.2126302771067,2646.150328499009
forecast_5680,2025-08-25 16:00:00,2908.7908024815583,3163.797974111173,3022.7593563746027
forecast_5681,2025-08-25 17:00:00,3467.4220033738657,3952.782184327341,3946.3925217798533
forecast_5682,2025-08-25 18:00:00,5010.732793537154,5835.091002477672,4740.696988956182
forecast_5683,2025-08-25 19:00:00,6069.982199957573,6441.384068303587,5404.800305764159
forecast_5684,2025-08-25 20:00:00,8746.361484513955,9378.891835109327,8115.7822881827005
forecast_5685,2025-08-25 21:00:00,10838.784797861688,11950.98544295729,9829.961823682836
forecast_5686,2025-08-25 22:00:00,12550.197400998515,13424.158974827475,11484.471645015905
forecast_5687,2025-08-25 23:00:00,12916.616362984378,13925.236110100599,12738.868313332763
forecast_5688,2025-08-26 00:00:00,13157.530760082735,14576.714814780007,13339.162164095951
forecast_5689,2025-08-26 01:00:00,12871.007167949394,14281.289910672249,12806.400842416746
forecast_5690,2025-08-26 02:00:00,12930.91335278383,15207.053645416094,13741.949920516096
forecast_5691,2025-08-26 03:00:00,12616.017801774013,15162.578741298415,13816.217576614934
forecast_5692,2025-08-26 04:00:00,12758.539300396404,15238.755727467016,14539.87863288527
forecast_5693,2025-08-26 05:00:00,12714.109656527442,15131.193644561468,14204.83895095621
forecast_5694,2025-08-26 06:00:00,13148.454118219455,15071.685164366183,14179.105820399554
forecast_5695,2025-08-26 07:00:00,12234.760298473568,14878.431246732978,13675.69206686295
forecast_5696,2025-08-26 08:00:00,11993.23292954903,14376.455462335858,13766.747316681323
forecast_5697,2025-08-26 09:00:00,12391.838281286742,15006.548204152503,15163.60695457315
forecast_5698,2025-08-26 10:00:00,10575.994726555035,12284.47342974306,12997.579557233426
forecast_5699,2025-08-26 11:00:00,10200.966365462114,12939.932023068974,13076.642124272852
forecast_5700,2025-08-26 12:00:00,9278.387848608387,12003.698578308638,11402.790632593353
forecast_5701,2025-08-26 13:00:00,10909.267770385979,13136.630187685649,12021.17809952579
forecast_5702,2025-08-26 14:00:00,12493.258218160185,14775.97139762941,13429.187625496412
forecast_5703,2025-08-26 15:00:00,11961.477829257234,14231.747577896806,13520.849676311607
forecast_5704,2025-08-26 16:00:00,10105.765619177493,11510.319217738657,11616.142337383593
forecast_5705,2025-08-26 17:00:00,10105.869474292529,10460.706453775445,10675.33191430969
forecast_5706,2025-08-26 18:00:00,9803.626822093893,10428.545258156228,9699.424498915747
forecast_5707,2025-08-26 19:00:00,9960.632976265962,10313.804834687295,9503.337762625888
forecast_5708,2025-08-26 20:00:00,8971.68859353864,11078.410168666216,9733.13448302183
forecast_5709,2025-08-26 21:00:00,10466.950118112634,11627.480833966452,9341.389331781298
forecast_5710,2025-08-26 22:00:00,10892.63745666003,11950.323470866237,10729.496851715989
forecast_5711,2025-08-26 23:00:00,10861.52768266198,11841.649509976069,9090.482618059688
forecast_5712,2025-08-27 00:00:00,10002.379008959022,11476.813936679433,7741.842486582416
forecast_5713,2025-08-27 01:00:00,8625.119244309644,8852.215194229644,6102.914819271828
forecast_5714,2025-08-27 02:00:00,7395.782970426911,7659.551553308014,5894.578182675971
forecast_5715,2025-08-27 03:00:00,5723.585500325489,5408.2792465918665,4633.859999700725
forecast_5716,2025-08-27 04:00:00,4455.436827247744,3903.3680165495834,2632.15031786055
forecast_5717,2025-08-27 05:00:00,2519.397542314368,1735.5135048512702,1391.5328677684136
forecast_5718,2025-08-27 06:00:00,1807.4860271723448,1394.667918909633,833.4169555551978
forecast_5719,2025-08-27 07:00:00,1055.1571373692686,1062.0679452262261,511.13740406538017
forecast_5720,2025-08-27 08:00:00,1115.6805778884714,981.438428813188,446.3563848484858
forecast_5721,2025-08-27 09:00:00,467.417080693058,521.2506322937493,238.47580276000247
forecast_5722,2025-08-27 10:00:00,267.0977989766935,322.5906931363595,225.36233671922443
forecast_5723,2025-08-27 11:00:00,246.58720681262218,305.2634269611878,227.51219816190252
forecast_5724,2025-08-27 12:00:00,259.8073388214635,358.80656296415697,263.4351806088886
forecast_5725,2025-08-27 13:00:00,395.18221328609656,613.3802251834928,529.1187054925497
forecast_5726,2025-08-27 14:00:00,409.20949757072134,575.8205346883882,468.8472947633971
forecast_5727,2025-08-27 15:00:00,439.0002687103978,490.563624902871,435.89603341989493
forecast_5728,2025-08-27 16:00:00,689.0650148902346,813.9474019551101,610.1657205547425
forecast_5729,2025-08-27 17:00:00,814.7566128060539,802.0216597992287,520.9568119998149
forecast_5730,2025-08-27 18:00:00,1067.7468394417358,1183.5528547364422,476.0206944533154
forecast_5731,2025-08-27 19:00:00,1093.443246988618,1208.665435748882,514.5997769126839
forecast_5732,2025-08-27 20:00:00,1440.4819780029616,1627.2838711874347,513.8036008646051
forecast_5733,2025-08-27 21:00:00,1315.374772714719,1398.0979975454243,498.26231435696695
forecast_5734,2025-08-27 22:00:00,1181.873615859569,1129.5475474772534,465.8111552068233
forecast_5735,2025-08-27 23:00:00,895.8128860829399,802.4201776836042,324.63028545778906
forecast_5736,2025-08-28 00:00:00,826.8356222943797,756.6042231244379,307.13301405778634
forecast_5737,2025-08-28 01:00:00,1108.9125177985554,936.9704315140582,373.96394567642426
forecast_5738,2025-08-28 02:00:00,972.0820389830085,864.596302255328,439.5753466281358
forecast_5739,2025-08-28 03:00:00,1185.0836222101705,1101.191710000278,544.9016045744193
forecast_5740,2025-08-28 04:00:00,1444.8399746783357,1693.11162513241,825.3289739370327
forecast_5741,2025-08-28 05:00:00,1544.4786402578627,1784.5453670851873,1200.439832179556
forecast_5742,2025-08-28 06:00:00,1557.9431054275358,1571.568258568604,883.5788904736087
forecast_5743,2025-08-28 07:00:00,1341.3073887705361,1357.6977958734658,657.4570665853364
forecast_5744,2025-08-28 08:00:00,1310.4105029821578,1377.1983823554124,523.2064172571551
forecast_5745,2025-08-28 09:00:00,1444.196010611261,1441.8286340434495,646.4847592917521
forecast_5746,2025-08-28 10:00:00,936.5405007166777,1144.3570574056735,653.1514507193435
forecast_5747,2025-08-28 11:00:00,769.7987414950771,1146.5248561331932,805.9888256004873
forecast_5748,2025-08-28 12:00:00,1736.7511872706773,2079.805970199309,1907.4007691149577
forecast_5749,2025-08-28 13:00:00,1939.0911439393583,2533.9698217152754,2062.027829582249
forecast_5750,2025-08-28 14:00:00,3525.4632875276834,3997.220094594416,3053.100761901391
forecast_5751,2025-08-28 15:00:00,3805.1293417451584,5249.362546600198,3651.228356483752
forecast_5752,2025-08-28 16:00:00,3957.019411233801,5465.789136274621,4104.626958393512
forecast_5753,2025-08-28 17:00:00,3920.5265654368472,5820.55856876758,4554.29850924364
forecast_5754,2025-08-28 18:00:00,3998.0570475313707,6192.072259358301,4022.5058509691194
forecast_5755,2025-08-28 19:00:00,5053.040789548032,6716.444698277763,4662.311545450344
forecast_5756,2025-08-28 20:00:00,6569.176380785706,8394.96304886378,6050.459751539333
forecast_5757,2025-08-28 21:00:00,7565.661660131385,9784.507146512367,7018.808649180015
forecast_5758,2025-08-28 22:00:00,10098.146399727097,12470.430564618777,9681.91255588108
forecast_5759,2025-08-28 23:00:00,11637.3691447917,13632.191870871578,12168.00034439032
forecast_5760,2025-08-29 00:00:00,12767.08072040005,14504.354743985685,13361.117964849309
forecast_5761,2025-08-29 01:00:00,13712.783540266682,15851.913226751525,15204.662476252688
forecast_5762,2025-08-29 02:00:00,13577.092604823669,15916.616018168354,15057.833691101148
forecast_5763,2025-08-29 03:00:00,13560.172072865307,15497.651338459795,14383.618518740182
forecast_5764,2025-08-29 04:00:00,13810.031637735165,15454.660958603532,14356.324913359165
forecast_5765,2025-08-29 05:00:00,13957.21124693865,16198.930994100943,15840.793427346158
forecast_5766,2025-08-29 06:00:00,14322.926843322814,15548.853745548167,15587.179505473354
forecast_5767,2025-08-29 07:00:00,13625.768328025692,15500.159093392851,15404.1493558035
forecast_5768,2025-08-29 08:00:00,13450.695507514785,15855.982863107482,15450.841789377453
forecast_5769,2025-08-29 09:00:00,13734.790653036112,14921.626849439734,14266.918873070024
forecast_5770,2025-08-29 10:00:00,12195.388428628645,13977.06742352693,11755.08289648175
forecast_5771,2025-08-29 11:00:00,11003.166053999228,11785.678180290162,9947.706745069156
forecast_5772,2025-08-29 12:00:00,10006.189763189532,9700.336058513549,9048.087719222385
forecast_5773,2025-08-29 13:00:00,10473.569441668496,10119.361544655114,9597.58508702006
forecast_5774,2025-08-29 14:00:00,9858.902122420715,9948.87526085826,9378.884642255009
forecast_5775,2025-08-29 15:00:00,10059.899119486017,9812.080828476397,9206.095829423995
forecast_5776,2025-08-29 16:00:00,9906.57427655908,9846.852674354266,8344.117546433466
forecast_5777,2025-08-29 17:00:00,9459.629140286967,10097.174933614222,8645.669401714327
forecast_5778,2025-08-29 18:00:00,9715.90953211016,10091.408054280822,8881.306285628747
forecast_5779,2025-08-29 19:00:00,10693.852181608405,10880.576538201627,9621.65285447248
forecast_5780,2025-08-29 20:00:00,11380.187760216597,11938.76586378332,10273.316645010747
forecast_5781,2025-08-29 21:00:00,11637.938265317045,12218.960936491909,10242.70375515698
forecast_5782,2025-08-29 22:00:00,12342.444825682465,13027.135584696456,11187.08266637041
forecast_5783,2025-08-29 23:00:00,12742.94621324431,13413.049379923637,10655.286065544426
forecast_5784,2025-08-30 00:00:00,12209.072583259804,12578.728945966295,10040.240665697705
forecast_5785,2025-08-30 01:00:00,12935.022376262732,13532.496414805566,10833.215890110943
forecast_5786,2025-08-30 02:00:00,12487.432905798521,13167.352033935573,10431.665149920127
forecast_5787,2025-08-30 03:00:00,11812.25738440954,12358.465644831023,9223.51501240937
forecast_5788,2025-08-30 04:00:00,10715.828161232423,10581.778397334187,8119.247903542918
forecast_5789,2025-08-30 05:00:00,9365.747401971314,9765.892519392011,6380.117010743857
forecast_5790,2025-08-30 06:00:00,8521.084146226183,8363.236200595398,5247.178194991014
forecast_5791,2025-08-30 07:00:00,7735.413978057919,7022.464111363854,4761.968493623033
forecast_5792,2025-08-30 08:00:00,7104.337751751895,6594.200106661262,4250.844743412884
forecast_5793,2025-08-30 09:00:00,5130.106342725621,3999.5981851086453,2846.3968168747083
forecast_5794,2025-08-30 10:00:00,3170.3577254326383,2374.3400486281976,1819.7816014624705
forecast_5795,2025-08-30 11:00:00,1671.260784472208,1558.8612530400414,1264.8711293041279
forecast_5796,2025-08-30 12:00:00,1108.7103673316278,1109.7156196219732,1135.1333563122796
forecast_5797,2025-08-30 13:00:00,1291.471569759335,1250.9143754342572,1323.9254637820484
forecast_5798,2025-08-30 14:00:00,1673.9734022297205,1611.9912790155672,1378.7869851622513
forecast_5799,2025-08-30 15:00:00,1863.2479578411644,2083.7124478985584,1500.9801837333034
forecast_5800,2025-08-30 16:00:00,2361.527007317198,2625.288449459191,1687.5063817809819
forecast_5801,2025-08-30 17:00:00,2000.0120526940211,1911.236314068171,1794.0895317171446
forecast_5802,2025-08-30 18:00:00,2102.227680676628,1899.9161019732128,1447.1854468983663
forecast_5803,2025-08-30 19:00:00,1861.1451811403947,1846.6528309393268,1165.340185219105
forecast_5804,2025-08-30 20:00:00,3332.1695056956805,2884.1899536128467,2070.3785601955465
forecast_5805,2025-08-30 21:00:00,3758.0899038429257,3582.6078685015905,2408.9864480483025
forecast_5806,2025-08-30 22:00:00,4176.772651665387,4245.102706997611,3272.7033490594326
forecast_5807,2025-08-30 23:00:00,3671.319483546172,3600.001477461858,2735.026331549085
forecast_5808,2025-08-31 00:00:00,3895.977419299862,3766.641109985136,2217.9897333786357
forecast_5809,2025-08-31 01:00:00,4541.412499337011,5457.017491675602,3102.893900001641
forecast_5810,2025-08-31 02:00:00,6285.177931312609,6154.57028176938,3584.172565731367
forecast_5811,2025-08-31 03:00:00,5337.037295071437,5822.603951782084,3340.0965838338648
forecast_5812,2025-08-31 04:00:00,5038.802199757111,5594.016366486607,2802.3197218681184
forecast_5813,2025-08-31 05:00:00,3069.3875567519267,3075.1222594394276,1457.9273893034078
forecast_5814,2025-08-31 06:00:00,2036.6316456973561,1923.6986629780781,1013.7081923440836
forecast_5815,2025-08-31 07:00:00,1564.4166856249656,1615.2501660865041,642.6273885961887
forecast_5816,2025-08-31 08:00:00,1218.7945025293552,1273.4938238366215,453.59365666312374
forecast_5817,2025-08-31 09:00:00,614.6600782837286,706.6054013895086,305.10690185734836
forecast_5818,2025-08-31 10:00:00,530.6372155704355,561.0714240550594,391.21956449294316
forecast_5819,2025-08-31 11:00:00,725.462579065969,927.0141619618447,466.7459763720288
forecast_5820,2025-08-31 12:00:00,1085.2595917072056,1533.329957811367,1063.85705472461
forecast_5821,2025-08-31 13:00:00,1547.0602553183599,2202.042583443037,1758.0341277646303
forecast_5822,2025-08-31 14:00:00,2168.7666725115346,3517.208010752058,2591.0762390782943
forecast_5823,2025-08-31 15:00:00,3484.2163042599223,4118.980779433898,4193.817718789161
forecast_5824,2025-08-31 16:00:00,3691.848881099711,4706.352136132136,4446.997024031543
forecast_5825,2025-08-31 17:00:00,3809.2111487043517,5343.7156431741305,4700.35920059228
forecast_5826,2025-08-31 18:00:00,4767.878950676573,5842.1215195799405,4144.763722587894
forecast_5827,2025-08-31 19:00:00,6113.407368913621,7865.345761194452,5615.586543548306
forecast_5828,2025-08-31 20:00:00,7144.759605907679,8385.174009436607,6680.006711501153
forecast_5829,2025-08-31 21:00:00,8038.2838219327805,9912.467930277311,7164.65078626268
forecast_5830,2025-08-31 22:00:00,9869.95968743497,11572.956997807005,8287.943965319131
forecast_5831,2025-08-31 23:00:00,9863.534892241305,11632.878499155577,8183.468555366187
forecast_5832,2025-09-01 00:00:00,9959.522008056356,11895.040228665504,7959.5026007948
forecast_5833,2025-09-01 01:00:00,10165.941795336797,12494.849392045448,8618.955006546601
forecast_5834,2025-09-01 02:00:00,9618.133033633783,11602.330765291958,8101.693212811145
forecast_5835,2025-09-01 03:00:00,10860.741956921958,12021.376622460644,9799.257892694772
forecast_5836,2025-09-01 04:00:00,11887.521864602102,13172.707651004666,11239.02523883369
forecast_5837,2025-09-01 05:00:00,11427.675391199191,13814.930664038013,11626.575184760331
forecast_5838,2025-09-01 06:00:00,10419.312924694863,13210.280198472361,10362.212005034982
forecast_5839,2025-09-01 07:00:00,9635.157951618889,12260.833492746002,10279.802510898384
forecast_5840,2025-09-01 08:00:00,8963.31243697891,10657.234592372773,9083.042214593468
forecast_5841,2025-09-01 09:00:00,7640.1857613584025,10368.847720196241,8445.543646419825
forecast_5842,2025-09-01 10:00:00,5494.354787494307,7671.083267407193,6855.06987252873
forecast_5843,2025-09-01 11:00:00,5112.742437754226,6194.888011543223,5708.092226070687
forecast_5844,2025-09-01 12:00:00,4763.509094109223,6146.60230868412,5420.853550590794
forecast_5845,2025-09-01 13:00:00,4913.055026240288,5974.423885624519,5960.857246661984
forecast_5846,2025-09-01 14:00:00,5390.692764651698,6635.871943452681,6557.402678743155
forecast_5847,2025-09-01 15:00:00,6126.0869870325705,6529.437331778182,6446.67287723207
forecast_5848,2025-09-01 16:00:00,6913.821275575372,7619.034608230775,7809.9422674698235
forecast_5849,2025-09-01 17:00:00,7305.040350785724,8151.3578205932745,8877.631172563448
forecast_5850,2025-09-01 18:00:00,8154.428568010763,9917.528362364956,9120.427195099805
forecast_5851,2025-09-01 19:00:00,8783.993194552373,10483.984726117516,8283.240760507986
forecast_5852,2025-09-01 20:00:00,7459.45543882991,9957.733313215274,6853.495879493538
forecast_5853,2025-09-01 21:00:00,6629.781851273567,8363.082421403311,5338.290079412533
forecast_5854,2025-09-01 22:00:00,7042.164606510686,8979.984464605132,6068.174620262291
forecast_5855,2025-09-01 23:00:00,8231.046661843995,10123.101250973537,7501.541086734128
forecast_5856,2025-09-02 00:00:00,8047.119099095788,10135.163125873643,7631.208058662939
forecast_5857,2025-09-02 01:00:00,11589.417883510956,13458.424712382626,11592.310669222696
forecast_5858,2025-09-02 02:00:00,10307.024559455285,12120.372429106288,9551.787161131342
forecast_5859,2025-09-02 03:00:00,10232.321293857438,11780.644686035668,9665.513525453023
forecast_5860,2025-09-02 04:00:00,7719.940986607782,10291.868319257683,8780.407482986182
forecast_5861,2025-09-02 05:00:00,7195.603223438682,8053.765013801149,6974.124001646905
forecast_5862,2025-09-02 06:00:00,6661.971510540161,7850.5972808047745,6350.518534229744
forecast_5863,2025-09-02 07:00:00,6385.006232160859,6924.561998850167,5481.324066144201
forecast_5864,2025-09-02 08:00:00,5276.457090102329,6088.746523460853,3937.553495035953
forecast_5865,2025-09-02 09:00:00,4424.828413768109,4808.691765016579,3096.1703457289864
forecast_5866,2025-09-02 10:00:00,3417.5901255504423,3586.1655813877833,2328.7069313361553
forecast_5867,2025-09-02 11:00:00,2522.619853097133,2423.1765801857487,1621.1079093549347
forecast_5868,2025-09-02 12:00:00,2151.7230609404573,1854.4614182642038,1333.8559123630641
forecast_5869,2025-09-02 13:00:00,911.5553342651165,1062.408082106955,740.4563410440264
forecast_5870,2025-09-02 14:00:00,321.5308222051174,378.7645879856792,260.21846070545877
forecast_5871,2025-09-02 15:00:00,285.2357824300492,339.3319550136874,266.89623069535907
forecast_5872,2025-09-02 16:00:00,421.5858708736078,433.14243071994895,253.23781104857196
forecast_5873,2025-09-02 17:00:00,317.71133013019033,391.9406360175638,232.05888147694947
forecast_5874,2025-09-02 18:00:00,415.61737333328347,420.57552015595166,215.34071999990144
forecast_5875,2025-09-02 19:00:00,648.7370173660277,597.9047660580386,244.68776992857548
forecast_5876,2025-09-02 20:00:00,681.9480215351523,733.1992265559345,267.85759864350587
forecast_5877,2025-09-02 21:00:00,639.2557334481329,666.9442951740756,275.645614273028
forecast_5878,2025-09-02 22:00:00,769.0938940524685,729.1838331723236,306.03245339325736
forecast_5879,2025-09-02 23:00:00,744.3809694928618,738.9470036045109,313.7968757801394
forecast_5880,2025-09-03 00:00:00,710.9520401845944,739.3653102192541,293.81867801663583
forecast_5881,2025-09-03 01:00:00,786.5768196325105,764.2531785389666,315.09092301814593
forecast_5882,2025-09-03 02:00:00,778.0470644615384,770.3709365984993,291.22711658139514
forecast_5883,2025-09-03 03:00:00,768.0818975926032,783.0588911199619,296.8550160886135
forecast_5884,2025-09-03 04:00:00,812.686930819757,828.9701252549149,413.6690701578724
forecast_5885,2025-09-03 05:00:00,805.8187960361442,757.8179645921376,352.148653197299
forecast_5886,2025-09-03 06:00:00,771.7813466985621,728.4763852445428,289.1619262146711
forecast_5887,2025-09-03 07:00:00,664.6080167980093,653.5112720617296,247.89270598386156
forecast_5888,2025-09-03 08:00:00,600.0969659671396,643.8830682320784,239.4758680227646
forecast_5889,2025-09-03 09:00:00,445.59066480359866,489.64133176009483,222.62771995989462
forecast_5890,2025-09-03 10:00:00,257.2090750807924,298.67668029159955,204.16946887985097
forecast_5891,2025-09-03 11:00:00,242.67236573688854,306.11830270482665,205.32881981836653
forecast_5892,2025-09-03 12:00:00,310.01754180769257,375.45578155455695,277.29237625560927
forecast_5893,2025-09-03 13:00:00,461.76372170940573,437.3212956376115,312.4512912800076
forecast_5894,2025-09-03 14:00:00,456.0817837895077,465.1622681773125,318.01259715119465
forecast_5895,2025-09-03 15:00:00,455.57219203031474,451.9505106620324,343.0271995104413
forecast_5896,2025-09-03 16:00:00,404.27881759693736,412.31219027086496,279.1960159150552
forecast_5897,2025-09-03 17:00:00,453.99518346291205,456.68996691794786,284.3099621717838
forecast_5898,2025-09-03 18:00:00,373.78280023987037,405.96101441442136,235.50185281595262
forecast_5899,2025-09-03 19:00:00,641.2843484022432,593.9188498403437,247.50761404972496
forecast_5900,2025-09-03 20:00:00,738.6047024854001,731.5362840348494,289.36991244733855
forecast_5901,2025-09-03 21:00:00,812.2794027741725,774.2405481396745,291.55752801540876
forecast_5902,2025-09-03 22:00:00,989.2078129797204,860.777689093537,310.06347342940677
forecast_5903,2025-09-03 23:00:00,988.726506306483,813.4980436476288,313.2095771021039
forecast_5904,2025-09-04 00:00:00,1101.8357841464167,920.7140752484304,319.058659745646
forecast_5905,2025-09-04 01:00:00,959.2162269352169,853.3285683450698,307.1777805341861
forecast_5906,2025-09-04 02:00:00,960.8486863194304,865.8470167388344,289.52365723678554
forecast_5907,2025-09-04 03:00:00,868.3613890221561,777.4753827554725,296.57233907401405
forecast_5908,2025-09-04 04:00:00,857.3969966957662,812.8892454444523,297.62933040017685
forecast_5909,2025-09-04 05:00:00,816.67825297839,798.95723749275,313.0993508751059
forecast_5910,2025-09-04 06:00:00,954.9277347478148,949.1920551638206,360.7277067325979
forecast_5911,2025-09-04 07:00:00,1327.9983548784935,1177.714478113289,365.0992741265216
forecast_5912,2025-09-04 08:00:00,1503.8549385538,1516.216452837505,461.4563061100677
forecast_5913,2025-09-04 09:00:00,1335.6644377130071,1403.580631602955,484.5703707522994
forecast_5914,2025-09-04 10:00:00,917.3345198083623,1108.4308577101958,533.5675942513473
forecast_5915,2025-09-04 11:00:00,733.0058405886824,935.427776909387,524.3015799329231
forecast_5916,2025-09-04 12:00:00,882.872698869115,1093.8986779322347,740.4456325991232
forecast_5917,2025-09-04 13:00:00,1195.6507179438356,1646.8149074823466,1010.7923275677435
forecast_5918,2025-09-04 14:00:00,933.4107232791315,1361.0866884550035,975.0949325685991
forecast_5919,2025-09-04 15:00:00,850.4079728167125,1272.6961728693143,806.7019166139996
forecast_5920,2025-09-04 16:00:00,1083.6223081308667,1565.0896656509774,1173.0953616553493
forecast_5921,2025-09-04 17:00:00,1245.0945417770913,1780.4493355044126,924.9417756648851
forecast_5922,2025-09-04 18:00:00,1439.7604146884157,1934.8784801936636,985.0744092713651
forecast_5923,2025-09-04 19:00:00,1500.5636329575145,1800.7117010024729,942.1087680068727
forecast_5924,2025-09-04 20:00:00,1770.9401358204561,2210.365856565532,1275.5992878986056
forecast_5925,2025-09-04 21:00:00,1815.5681437071532,2213.6714679270613,1364.1045656149167
forecast_5926,2025-09-04 22:00:00,1551.1863709823335,1729.076337719234,835.7763531592569
forecast_5927,2025-09-04 23:00:00,1576.6911066298233,1805.7371210205065,845.9370321485783
forecast_5928,2025-09-05 00:00:00,1481.2702683659584,1959.9173211110442,954.1126892602205
forecast_5929,2025-09-05 01:00:00,1322.1312114470202,1347.4463835426952,468.96720276587513
forecast_5930,2025-09-05 02:00:00,1473.3676142233996,1731.3770469753802,753.999189601698
forecast_5931,2025-09-05 03:00:00,1664.0442032438273,1815.6612555580032,852.279593248533
forecast_5932,2025-09-05 04:00:00,1657.1742819942403,1898.2447484133195,952.4999435625048
forecast_5933,2025-09-05 05:00:00,1792.9469077329975,2063.473163282709,1096.0383624584356
forecast_5934,2025-09-05 06:00:00,1492.406964500114,1750.2144824437275,822.9047220784425
forecast_5935,2025-09-05 07:00:00,1433.1656969529388,1571.4697411342752,582.0848840119232
forecast_5936,2025-09-05 08:00:00,1252.9065480421953,1538.3472313190214,703.7083806073896
forecast_5937,2025-09-05 09:00:00,720.9290637552135,1166.0029627033753,752.7535348936726
forecast_5938,2025-09-05 10:00:00,404.2373901759399,567.0854833546971,461.3237915812736
forecast_5939,2025-09-05 11:00:00,328.5670032938471,441.8660693414029,326.8126736865693
forecast_5940,2025-09-05 12:00:00,263.51202964052356,345.13456680377755,224.424090501733
forecast_5941,2025-09-05 13:00:00,270.73720250830115,328.6176033187841,219.14656111265805
forecast_5942,2025-09-05 14:00:00,264.8561316446587,326.7656375858809,216.69748486171142
forecast_5943,2025-09-05 15:00:00,249.06711804771976,320.91362159001795,206.87313480638434
forecast_5944,2025-09-05 16:00:00,243.75380811758612,346.23212937992844,213.30922653016327
forecast_5945,2025-09-05 17:00:00,290.49099134727476,406.75029891232964,249.00815626225446
forecast_5946,2025-09-05 18:00:00,460.59407422318714,624.35325374106,285.4121457015475
forecast_5947,2025-09-05 19:00:00,697.8967651633686,735.2958142447119,323.3550897360232
forecast_5948,2025-09-05 20:00:00,835.100087354824,882.9273438352407,346.58116341686457
forecast_5949,2025-09-05 21:00:00,1132.9715391401937,1261.9356929369158,440.0304796982803
forecast_5950,2025-09-05 22:00:00,1549.3839837170715,1935.0746641195221,765.9364047813532
forecast_5951,2025-09-05 23:00:00,2106.114408096508,2740.5052695426775,1260.3970652230553
forecast_5952,2025-09-06 00:00:00,2732.5155735489575,3894.6027737322624,1739.8650993436363
forecast_5953,2025-09-06 01:00:00,6813.50083451155,8603.896335612857,5126.6405278258635
forecast_5954,2025-09-06 02:00:00,8135.503206247366,10523.057097616638,7013.198380315687
forecast_5955,2025-09-06 03:00:00,8918.05435846998,12258.708500727107,8340.786458906476
forecast_5956,2025-09-06 04:00:00,10592.493865124132,12739.113361386846,9523.2549954475
forecast_5957,2025-09-06 05:00:00,11842.019051755964,13787.066753658159,11644.113823703972
forecast_5958,2025-09-06 06:00:00,11728.432128181712,13530.268389715971,11894.094318290463
forecast_5959,2025-09-06 07:00:00,11538.172578911857,12634.62707401638,12086.294848350773
forecast_5960,2025-09-06 08:00:00,10861.438704781729,11580.497206761771,10457.17883173747
forecast_5961,2025-09-06 09:00:00,10169.929385843296,12002.765377838017,11122.303473862286
forecast_5962,2025-09-06 10:00:00,10259.779774649096,11923.84856958247,11795.165365489183
forecast_5963,2025-09-06 11:00:00,11054.406993527147,11979.125708549092,11203.683438154416
forecast_5964,2025-09-06 12:00:00,11368.071814398274,12102.905240651244,11403.810668663675
forecast_5965,2025-09-06 13:00:00,10670.970594626793,12001.203735116087,12471.675547069975
forecast_5966,2025-09-06 14:00:00,10862.29549778357,13026.05832927494,12003.626360793092
forecast_5967,2025-09-06 15:00:00,11495.631909344804,14363.973145149195,13010.881200451751
forecast_5968,2025-09-06 16:00:00,13389.978286006237,15357.314880485226,14552.657386597937
forecast_5969,2025-09-06 17:00:00,12313.191935910449,14369.610655516279,13963.766252123081
forecast_5970,2025-09-06 18:00:00,11462.631070715883,13740.580324250801,14370.9447340993
forecast_5971,2025-09-06 19:00:00,11778.51664434647,14812.233200468718,14703.05940562885
forecast_5972,2025-09-06 20:00:00,12201.189726095492,14766.787262790232,15007.139705972937
forecast_5973,2025-09-06 21:00:00,12875.66162286075,15190.30699999234,15311.964499181295
forecast_5974,2025-09-06 22:00:00,12910.54300381435,15704.141881258027,15579.757150397352
forecast_5975,2025-09-06 23:00:00,13146.249304124494,15907.906410880596,15969.011175034899
forecast_5976,2025-09-07 00:00:00,13323.615945745936,16130.84664174271,15942.16912375882
forecast_5977,2025-09-07 01:00:00,14310.043774696622,16690.83340302467,16467.648538533278
forecast_5978,2025-09-07 02:00:00,13918.966322857405,17213.090893129345,16464.16159996443
forecast_5979,2025-09-07 03:00:00,13468.441577321739,16619.74636593809,16040.220177652895
forecast_5980,2025-09-07 04:00:00,12502.491212903906,15514.164248271538,14447.426957538326
forecast_5981,2025-09-07 05:00:00,12482.468875888877,14831.00896769003,13763.954511645945
forecast_5982,2025-09-07 06:00:00,11988.231650092368,13668.31909142895,12623.336494481522
forecast_5983,2025-09-07 07:00:00,11171.42305911025,12169.938427984433,11508.849822210384
forecast_5984,2025-09-07 08:00:00,11213.079595758545,12533.822714949292,12047.061893747983
forecast_5985,2025-09-07 09:00:00,9238.917292871272,10915.080566262197,9316.315603655636
forecast_5986,2025-09-07 10:00:00,8139.421259283521,9211.718196324544,7650.177796575206
forecast_5987,2025-09-07 11:00:00,7505.637498137597,8626.70140233547,7877.458952571449
forecast_5988,2025-09-07 12:00:00,5649.468365426007,5582.743705575185,4002.3551785366176
forecast_5989,2025-09-07 13:00:00,3502.0724410839957,3212.505564634395,2940.3521711836065
forecast_5990,2025-09-07 14:00:00,3568.0436746825594,3592.7971048717022,3500.5423656363937
forecast_5991,2025-09-07 15:00:00,4662.603292825953,4728.317646108572,4481.306155892284
forecast_5992,2025-09-07 16:00:00,6085.12448518533,6066.81146405057,4790.710394716724
forecast_5993,2025-09-07 17:00:00,6187.248716795809,6054.0727577995385,5397.478989588379
forecast_5994,2025-09-07 18:00:00,8106.70916684215,7596.456220390509,5820.839509082644
forecast_5995,2025-09-07 19:00:00,9802.327172397641,10404.574931124811,8216.878157414088
forecast_5996,2025-09-07 20:00:00,10547.40696799644,11383.188730132202,9138.58143599613
forecast_5997,2025-09-07 21:00:00,10058.217298423764,10674.480199002246,8284.879835987129
forecast_5998,2025-09-07 22:00:00,9856.613863485369,11128.452631479167,8375.684039995984
forecast_5999,2025-09-07 23:00:00,10219.653730614538,10930.668331995897,8762.182189290046
forecast_6000,2025-09-08 00:00:00,10361.004237880063,11529.097964372364,9030.153252850598
forecast_6001,2025-09-08 01:00:00,8330.046958268997,8346.996545064676,5749.58816665877
forecast_6002,2025-09-08 02:00:00,8131.164079335739,8819.511798724689,6103.833902899412
forecast_6003,2025-09-08 03:00:00,7422.695797759855,6207.096899354486,4386.135895143018
forecast_6004,2025-09-08 04:00:00,6040.20012953969,5058.776108253219,3710.5732533379405
forecast_6005,2025-09-08 05:00:00,4534.556052588229,3664.223708382631,3110.0595934722382
forecast_6006,2025-09-08 06:00:00,2834.4006911590086,2466.201354385601,1589.8171797944992
forecast_6007,2025-09-08 07:00:00,1813.1662296968493,1500.2729106827853,1184.0277410632739
forecast_6008,2025-09-08 08:00:00,935.3372245398178,794.5812068908035,449.22030227296295
forecast_6009,2025-09-08 09:00:00,542.5953469351488,537.8071063524178,278.42876501019987
forecast_6010,2025-09-08 10:00:00,350.03018495733187,390.103967482098,226.9504034122089
forecast_6011,2025-09-08 11:00:00,275.83820696014914,325.5661240575356,267.7023306118121
forecast_6012,2025-09-08 12:00:00,296.42010722852206,367.5121411338043,274.8938481225752
forecast_6013,2025-09-08 13:00:00,406.13967924981796,464.6438464651452,416.4163137916076
forecast_6014,2025-09-08 14:00:00,430.50059022082155,449.13678952528187,485.3729012235015
forecast_6015,2025-09-08 15:00:00,512.0277525467216,490.4068590109752,396.7257466379303
forecast_6016,2025-09-08 16:00:00,995.617687699966,1115.9130298209068,590.1406315770258
forecast_6017,2025-09-08 17:00:00,2419.412914378667,2371.825486700874,1549.7857219535506
forecast_6018,2025-09-08 18:00:00,3157.743343263977,2446.8519676002097,1642.4411900120385
forecast_6019,2025-09-08 19:00:00,2627.6310265462002,2259.6633009946536,1538.2048307395492
forecast_6020,2025-09-08 20:00:00,2628.7795789875604,2307.8119147498733,1430.2228698746667
forecast_6021,2025-09-08 21:00:00,1675.2551139107886,1685.3831462363678,919.0283667991117
forecast_6022,2025-09-08 22:00:00,1600.5078647045082,1559.4258572009599,950.5414305864856
forecast_6023,2025-09-08 23:00:00,1598.3067656145072,1838.5424834955131,870.7710312105446
forecast_6024,2025-09-09 00:00:00,1558.024876675679,1751.0141249730652,847.2585819238175
forecast_6025,2025-09-09 01:00:00,2986.840650002457,2482.3815563604608,1478.3767074148325
forecast_6026,2025-09-09 02:00:00,2306.421306788166,2222.6786831020295,1094.5551981671526
forecast_6027,2025-09-09 03:00:00,1970.2484087397474,2107.3558407320684,1077.8242229684213
forecast_6028,2025-09-09 04:00:00,1797.6591277683842,1990.4807107737897,1009.8155866305927
forecast_6029,2025-09-09 05:00:00,1658.122155952825,1619.6868036789933,861.4379340582884
forecast_6030,2025-09-09 06:00:00,1692.8258116551544,1629.7265115157104,924.3828327362986
forecast_6031,2025-09-09 07:00:00,1248.985646543028,1163.7876482028053,647.0802911020878
forecast_6032,2025-09-09 08:00:00,1246.457530516672,1256.8589406614728,496.44114815592985
forecast_6033,2025-09-09 09:00:00,1271.4915900547662,1168.2656221829727,542.8583645051598
forecast_6034,2025-09-09 10:00:00,1169.2880902729946,1115.394726476074,785.1619750586528
forecast_6035,2025-09-09 11:00:00,810.9297665038326,880.5856959359581,819.1891965888366
forecast_6036,2025-09-09 12:00:00,942.096415284125,1096.155095770261,733.4023463606773
forecast_6037,2025-09-09 13:00:00,879.9580683856507,958.8322441017891,593.4982840487005
forecast_6038,2025-09-09 14:00:00,830.6823942558289,800.2574119603883,480.9079128031708
forecast_6039,2025-09-09 15:00:00,714.3279163762177,874.3969971108771,517.5508803660598
forecast_6040,2025-09-09 16:00:00,973.7723591361797,993.910600570395,517.049902250244
forecast_6041,2025-09-09 17:00:00,1173.9389056769064,1056.1028024688633,576.1358679315181
forecast_6042,2025-09-09 18:00:00,1206.1575104274702,1162.7338079787664,631.1957433752058
forecast_6043,2025-09-09 19:00:00,1285.4570327541412,1262.4825168398545,545.1677427290718
forecast_6044,2025-09-09 20:00:00,1505.4363484621676,1293.3532540245774,571.4994859945296
forecast_6045,2025-09-09 21:00:00,1496.1703190100204,1314.3580741950086,573.5382766609553
forecast_6046,2025-09-09 22:00:00,1345.5562972922894,1335.3290520007831,577.1714484594406
forecast_6047,2025-09-09 23:00:00,1390.4572893338532,1243.2098825235635,569.9210576263155
forecast_6048,2025-09-10 00:00:00,1207.8729327720366,1121.465720090299,474.6890504012876
forecast_6049,2025-09-10 01:00:00,1621.9965513385812,1555.3786143367893,744.4706622861653
forecast_6050,2025-09-10 02:00:00,1527.4392920017158,1551.3943547309198,777.3207684563165
forecast_6051,2025-09-10 03:00:00,1461.1240381066698,1558.2408263747093,799.8557463013681
forecast_6052,2025-09-10 04:00:00,1429.8210306341232,1494.745439714264,850.7463688055765
forecast_6053,2025-09-10 05:00:00,1443.2879212650498,1515.941829148393,741.1255045626526
forecast_6054,2025-09-10 06:00:00,1653.1313416436276,1873.7390599272926,771.053671760719
forecast_6055,2025-09-10 07:00:00,2115.144504768317,2419.2177063931354,1179.0803238533267
forecast_6056,2025-09-10 08:00:00,2132.1415627124125,2272.3820053021755,1187.8897410929335
forecast_6057,2025-09-10 09:00:00,1821.448854036926,2171.061219721681,1276.2019146513999
forecast_6058,2025-09-10 10:00:00,1118.0989172936481,1400.883566951078,1297.0534991851048
forecast_6059,2025-09-10 11:00:00,1214.0899542930495,1648.10283354987,1504.1238149405754
forecast_6060,2025-09-10 12:00:00,1159.9886548757574,1683.126428002917,1564.0369250483564
forecast_6061,2025-09-10 13:00:00,1039.2916625277994,1597.4319191679876,1400.0252248318259
forecast_6062,2025-09-10 14:00:00,858.348884266213,1319.0493493388071,1294.4755915754204
forecast_6063,2025-09-10 15:00:00,635.2836863706777,855.3361504776888,918.0279362353947
forecast_6064,2025-09-10 16:00:00,600.5415060128381,835.4579875719365,855.2911262479124
forecast_6065,2025-09-10 17:00:00,592.4680965471744,811.0010241502462,602.9459462866286
forecast_6066,2025-09-10 18:00:00,647.6638194625997,691.5787773440774,407.83641428981707
forecast_6067,2025-09-10 19:00:00,980.4892519733404,1058.1712528946125,517.7349890406124
forecast_6068,2025-09-10 20:00:00,1420.4797680537513,1695.4109331178274,766.480771811419
forecast_6069,2025-09-10 21:00:00,1537.5288785495795,1877.1559834802363,805.317131360109
forecast_6070,2025-09-10 22:00:00,1795.171209436265,2063.2093822698243,840.0347900367229
forecast_6071,2025-09-10 23:00:00,1813.1851551720806,2115.0155060795887,849.0322668359389
forecast_6072,2025-09-11 00:00:00,2124.2221109602933,2271.1633182262126,977.8194046019755
forecast_6073,2025-09-11 01:00:00,1399.9245928421321,1437.3781412903932,743.319835161114
forecast_6074,2025-09-11 02:00:00,1612.1967593485062,1636.8247856206956,754.961449864362
forecast_6075,2025-09-11 03:00:00,1634.6333540510525,1836.2545504721095,767.2538414196648
forecast_6076,2025-09-11 04:00:00,1695.247970041734,1901.538084183234,758.281742477994
forecast_6077,2025-09-11 05:00:00,1621.2824987402091,1976.1663524728206,787.8557201265759
forecast_6078,2025-09-11 06:00:00,2076.5911616437884,2613.707644287888,1145.366316457016
forecast_6079,2025-09-11 07:00:00,3480.3884996223496,3798.932803007546,2119.8238977991864
forecast_6080,2025-09-11 08:00:00,3428.8209435634512,3880.5838404632495,2021.404547928506
forecast_6081,2025-09-11 09:00:00,2298.3110137113517,3269.440896095398,2025.9137694281137
forecast_6082,2025-09-11 10:00:00,1795.3726859761357,2205.578152023688,1790.8753426116389
forecast_6083,2025-09-11 11:00:00,2009.680008708292,2664.6376900850873,2401.160786554786
forecast_6084,2025-09-11 12:00:00,2077.835547877953,3040.7178741849784,2545.5091482155553
forecast_6085,2025-09-11 13:00:00,2202.166912844841,3269.6975220157274,2475.7342117468916
forecast_6086,2025-09-11 14:00:00,2190.882923980079,3382.2864932034618,2640.3652363479778
forecast_6087,2025-09-11 15:00:00,2083.7320609864423,2984.201987706913,2589.815359983293
forecast_6088,2025-09-11 16:00:00,1965.0524149356718,2843.8109047780276,2273.0892115390866
forecast_6089,2025-09-11 17:00:00,2238.9947856532176,3385.694299034732,2306.462240894636
forecast_6090,2025-09-11 18:00:00,2349.7817150718383,3196.7184028495276,1472.206814411916
forecast_6091,2025-09-11 19:00:00,3391.789728014082,4582.3346759525575,1599.0366582706285
forecast_6092,2025-09-11 20:00:00,4198.883652006672,5213.092952998873,1739.837851780617
forecast_6093,2025-09-11 21:00:00,4573.342969782129,5676.689092192117,1960.0852196252815
forecast_6094,2025-09-11 22:00:00,5323.476994807595,5961.786288025424,2038.4599538091254
forecast_6095,2025-09-11 23:00:00,5399.652143037746,6159.741045537817,2148.295646644284
forecast_6096,2025-09-12 00:00:00,5383.963484288012,5686.402642469408,2251.3817585223846
forecast_6097,2025-09-12 01:00:00,4880.367176393963,5434.91351481845,2106.4484012879784
forecast_6098,2025-09-12 02:00:00,4462.987602247293,5012.722779257571,1938.3444473281443
forecast_6099,2025-09-12 03:00:00,4153.744769639358,5110.568940048929,2033.0906013744209
forecast_6100,2025-09-12 04:00:00,4021.653038536003,5204.50092788398,2000.2738959049925
forecast_6101,2025-09-12 05:00:00,3472.8075660043883,4396.163149835749,1979.8881563059792
forecast_6102,2025-09-12 06:00:00,2801.197213498603,3421.2798244928217,1249.2448094317904
forecast_6103,2025-09-12 07:00:00,3133.086877657374,3768.743313966698,1169.7428095548833
forecast_6104,2025-09-12 08:00:00,2936.416661304336,3231.498355855118,1083.8528260970095
forecast_6105,2025-09-12 09:00:00,2723.6160131834654,3066.6799273289407,1301.057096011554
forecast_6106,2025-09-12 10:00:00,2251.02581594898,2334.542624484799,1433.2566067268933
forecast_6107,2025-09-12 11:00:00,2398.641458427804,2693.344496521581,1806.361319680636
forecast_6108,2025-09-12 12:00:00,2421.0415194455913,3123.8590551798493,1823.678948902679
forecast_6109,2025-09-12 13:00:00,2184.004107282432,2710.9251737016843,1742.1481040198926
forecast_6110,2025-09-12 14:00:00,1865.235623365588,2016.638931827549,922.8901520502171
forecast_6111,2025-09-12 15:00:00,1787.487822706159,2094.6943270636793,875.6594801045816
forecast_6112,2025-09-12 16:00:00,2277.83123412718,2601.75473243432,911.4520174245808
forecast_6113,2025-09-12 17:00:00,2762.7089307884016,2951.5788586108806,983.9759503168472
forecast_6114,2025-09-12 18:00:00,2882.4921796851063,3340.3696211126453,1245.487674063856
forecast_6115,2025-09-12 19:00:00,2898.496486494134,3166.1999287461326,1802.136860527527
forecast_6116,2025-09-12 20:00:00,2780.4470941164423,3106.214552910811,1499.129190880029
forecast_6117,2025-09-12 21:00:00,3187.334605214225,3575.1830912456376,2007.7361998048182
forecast_6118,2025-09-12 22:00:00,3253.144416164568,3785.8403087438724,2560.506126556169
forecast_6119,2025-09-12 23:00:00,4350.637196668474,4333.741699573292,3031.13259945883
forecast_6120,2025-09-13 00:00:00,4400.690883526413,4689.043403875897,3079.3935486717187
forecast_6121,2025-09-13 01:00:00,4315.177797140459,4048.451191975478,2986.332514872955
forecast_6122,2025-09-13 02:00:00,4336.237880081173,4234.261242012683,3324.927051368078
forecast_6123,2025-09-13 03:00:00,5549.406898495416,4703.934576537899,4035.399019045387
forecast_6124,2025-09-13 04:00:00,5460.88436031115,5519.672152186229,3907.3338295031845
forecast_6125,2025-09-13 05:00:00,7404.198216883629,8958.304167396982,5792.584343154822
forecast_6126,2025-09-13 06:00:00,9734.045441681628,11272.149569538049,7837.352718189654
forecast_6127,2025-09-13 07:00:00,10585.375999007685,12245.31920350341,9385.329328969861
forecast_6128,2025-09-13 08:00:00,11866.243123312357,14743.978132246384,12941.991193516798
forecast_6129,2025-09-13 09:00:00,12150.243975562194,14524.687057875068,13253.783286304119
forecast_6130,2025-09-13 10:00:00,12326.439730668473,14787.49823608591,14507.155267073618
forecast_6131,2025-09-13 11:00:00,7976.71083468402,9532.63545410237,8539.623256090477
forecast_6132,2025-09-13 12:00:00,4388.802894759496,5147.668634827948,4416.448626339179
forecast_6133,2025-09-13 13:00:00,4129.742188777676,4176.195934187568,3539.1292243003454
forecast_6134,2025-09-13 14:00:00,3199.6265903734325,3042.6444973423468,2235.5215445192775
forecast_6135,2025-09-13 15:00:00,1754.878923723074,2226.813613334751,1311.6336574226077
forecast_6136,2025-09-13 16:00:00,2426.769147432943,3228.9997422975775,1702.0293457931343
forecast_6137,2025-09-13 17:00:00,2494.397555916786,3612.7522279527207,1837.5009062847153
forecast_6138,2025-09-13 18:00:00,2510.752588960021,3252.045669574426,1715.5416560832953
forecast_6139,2025-09-13 19:00:00,1852.4040827037231,2287.638094350876,1257.3506034372792
forecast_6140,2025-09-13 20:00:00,1364.8654453866247,1559.2482859989912,764.0274483164586
forecast_6141,2025-09-13 21:00:00,1407.9751679611202,1359.5990957594943,807.4906086232056
forecast_6142,2025-09-13 22:00:00,1216.8663340078908,1116.9415897678807,599.8034011295723
forecast_6143,2025-09-13 23:00:00,1170.5089279084582,1143.7557566451433,766.6217523027452
forecast_6144,2025-09-14 00:00:00,1012.9754963434048,984.8012473548694,699.4510616963867
forecast_6145,2025-09-14 01:00:00,1030.9542299181114,1085.2771229912028,439.38583922101213
forecast_6146,2025-09-14 02:00:00,1138.8873853852178,1093.6083321608862,532.3654990538251
forecast_6147,2025-09-14 03:00:00,1165.8309349983474,1090.8448746486456,509.6883408392661
forecast_6148,2025-09-14 04:00:00,1197.9486076171343,1148.9758807758521,538.6512308928551
forecast_6149,2025-09-14 05:00:00,1206.038685640686,1206.696609651592,537.0217965091165
forecast_6150,2025-09-14 06:00:00,1137.7568493245833,995.7143988682911,599.8153149902987
forecast_6151,2025-09-14 07:00:00,1201.5955328393868,1238.312330970773,491.68859884442
forecast_6152,2025-09-14 08:00:00,1329.4785774953073,1267.766314771309,523.7207772352783
forecast_6153,2025-09-14 09:00:00,1128.7068644935732,1055.154116780641,442.5789182542978
forecast_6154,2025-09-14 10:00:00,613.0785666204818,644.0757497328193,551.888334061725
forecast_6155,2025-09-14 11:00:00,876.4575124776361,877.6643975356506,789.2653039155898
forecast_6156,2025-09-14 12:00:00,1493.7495576231943,1681.8023919679224,1430.1759681478711
forecast_6157,2025-09-14 13:00:00,1711.657519537854,1647.6792911949883,1515.071480685518
forecast_6158,2025-09-14 14:00:00,1579.3411729274762,1731.470878943726,1617.7916267891742
forecast_6159,2025-09-14 15:00:00,2221.2577499304953,2569.0072596103782,1864.7023030617036
forecast_6160,2025-09-14 16:00:00,2780.431453952849,2749.5318881745447,2360.623072790201
forecast_6161,2025-09-14 17:00:00,2506.373847669115,2875.09795952112,2226.8130714616277
forecast_6162,2025-09-14 18:00:00,5028.8712135557635,4421.504047871062,3591.0210555610743
forecast_6163,2025-09-14 19:00:00,6490.812250892831,6155.6116377848775,4902.044271194254
forecast_6164,2025-09-14 20:00:00,7910.747935851151,8216.629846406318,6461.4767886179225
forecast_6165,2025-09-14 21:00:00,10040.55099340952,9757.41372756149,7553.092697916613
forecast_6166,2025-09-14 22:00:00,13026.182438316837,13735.10326165931,10581.005871116675
forecast_6167,2025-09-14 23:00:00,14116.951430679137,14488.473395762681,11906.295849504759
forecast_6168,2025-09-15 00:00:00,14238.467106791506,15096.62868602431,11899.844247284516
forecast_6169,2025-09-15 01:00:00,11897.819360511254,12961.813513090243,8903.021881573026
forecast_6170,2025-09-15 02:00:00,10608.670080552978,11586.481460354958,7863.842934612776
forecast_6171,2025-09-15 03:00:00,10013.344105543569,10944.798093248868,7023.094386531512
forecast_6172,2025-09-15 04:00:00,10262.968681729779,10961.420078081299,6686.016872581404
forecast_6173,2025-09-15 05:00:00,8102.825899922009,7957.761772261886,5131.809355633877
forecast_6174,2025-09-15 06:00:00,5543.899970641485,5256.143109776002,3207.1546489959305
forecast_6175,2025-09-15 07:00:00,5168.1649661490765,4312.914684425299,2926.32433788488
forecast_6176,2025-09-15 08:00:00,2706.0926703160944,1912.9413489850326,1379.197621959586
forecast_6177,2025-09-15 09:00:00,746.4795017191292,926.5680957471735,411.94096064538184
forecast_6178,2025-09-15 10:00:00,351.74882084448024,362.40733632948377,270.67297255979014
forecast_6179,2025-09-15 11:00:00,376.654699261521,349.24031705854753,265.5107866365808
forecast_6180,2025-09-15 12:00:00,302.3861405387289,329.59748765264374,240.03762303895596
forecast_6181,2025-09-15 13:00:00,291.41236339438063,343.3822545069605,234.95375128773676
forecast_6182,2025-09-15 14:00:00,386.14224708071185,383.5866974206397,258.8177428688161
forecast_6183,2025-09-15 15:00:00,438.03903432002465,443.3780486497532,329.1327849939697
forecast_6184,2025-09-15 16:00:00,733.458434871918,833.0577327594476,610.9561412866049
forecast_6185,2025-09-15 17:00:00,1757.5889988212266,1937.143798434488,1488.4709979622146
forecast_6186,2025-09-15 18:00:00,4168.984616663462,4036.4520019847932,3084.4220213292747
forecast_6187,2025-09-15 19:00:00,5052.403844917111,4788.295180362549,4003.3959135611613
forecast_6188,2025-09-15 20:00:00,6181.515549994984,5408.155231478073,3766.288900548519
forecast_6189,2025-09-15 21:00:00,5299.319022522313,5090.745330893477,3895.719754921323
forecast_6190,2025-09-15 22:00:00,4203.126352094459,4104.542767867368,3164.8119103434
forecast_6191,2025-09-15 23:00:00,3291.77142179665,3542.6610044747563,2944.0721024309287
forecast_6192,2025-09-16 00:00:00,4054.1556047914355,4727.662478973487,3412.983710190996
forecast_6193,2025-09-16 01:00:00,6780.777849766552,6755.473873042662,4505.403624290347
forecast_6194,2025-09-16 02:00:00,6810.607569874919,6882.326222958432,4624.434182278786
forecast_6195,2025-09-16 03:00:00,7186.554057802699,7186.1131321605,4774.598850479609
forecast_6196,2025-09-16 04:00:00,8192.027537735254,7793.470409602943,5056.064719858432
forecast_6197,2025-09-16 05:00:00,8589.532551331551,9321.260403034725,6126.99004044371
forecast_6198,2025-09-16 06:00:00,10434.397602114988,10840.053292158169,7203.063118824132
forecast_6199,2025-09-16 07:00:00,9992.022980899283,9112.585982154496,4940.188343032042
forecast_6200,2025-09-16 08:00:00,7255.193995997131,6875.968537416969,4619.410887849516
forecast_6201,2025-09-16 09:00:00,6433.309022939195,6502.748532982645,4444.058485530018
forecast_6202,2025-09-16 10:00:00,5089.151374005893,5752.69414161367,4519.819050546509
forecast_6203,2025-09-16 11:00:00,4727.945702567845,5597.293265846473,5156.737171771357
forecast_6204,2025-09-16 12:00:00,5027.638864056309,5924.49735118139,5473.978995057504
forecast_6205,2025-09-16 13:00:00,5650.16450287029,6864.75909397152,5999.039506180133
forecast_6206,2025-09-16 14:00:00,6161.424336881416,6428.2561117181285,5899.767240134215
forecast_6207,2025-09-16 15:00:00,7904.3134941215885,7938.781221174564,7193.374688922413
forecast_6208,2025-09-16 16:00:00,7667.06230720011,8418.098896302065,8172.961139342208
forecast_6209,2025-09-16 17:00:00,6916.615771411175,7752.537833083084,8166.34644376881
forecast_6210,2025-09-16 18:00:00,6685.595676988153,8609.858086762973,6700.547092241626
forecast_6211,2025-09-16 19:00:00,7588.258027834038,9167.958487691047,8165.864351534123
forecast_6212,2025-09-16 20:00:00,7627.57844661209,9648.821851861536,8668.09064557131
forecast_6213,2025-09-16 21:00:00,9082.583209857734,11036.392626598425,9056.869276656116
forecast_6214,2025-09-16 22:00:00,8930.612658694745,10798.461537798885,8915.812147143279
forecast_6215,2025-09-16 23:00:00,9192.917793024546,11097.029606970555,9508.39628278733
forecast_6216,2025-09-17 00:00:00,9467.687057862138,11697.157657855272,9994.313462781098
forecast_6217,2025-09-17 01:00:00,12187.761588388754,14942.370137432205,14411.368943588795
forecast_6218,2025-09-17 02:00:00,13320.948826394711,15896.140911346487,15648.28333123965
forecast_6219,2025-09-17 03:00:00,13818.136647960957,16408.865228217743,16193.25950264394
forecast_6220,2025-09-17 04:00:00,13511.851062613401,16032.921361826102,15492.423454498734
forecast_6221,2025-09-17 05:00:00,13645.772152789817,15826.379859121651,15377.124831584844
forecast_6222,2025-09-17 06:00:00,13483.147559655892,15627.047559857621,14160.47381667655
forecast_6223,2025-09-17 07:00:00,11459.728471951586,13340.030780904386,11894.580544897151
forecast_6224,2025-09-17 08:00:00,7973.80463821926,8649.115223935607,7145.492340846564
forecast_6225,2025-09-17 09:00:00,5946.697438357717,6227.381516332355,5062.527746111286
forecast_6226,2025-09-17 10:00:00,3652.8639060639193,3632.3776276259496,3002.789337569718
forecast_6227,2025-09-17 11:00:00,2806.501311605795,3415.581261530027,2540.6019996855753
forecast_6228,2025-09-17 12:00:00,2571.502550659008,3148.4604103188403,1940.9067116079293
forecast_6229,2025-09-17 13:00:00,2427.3459763765413,3114.3456412047326,1886.8994920934115
forecast_6230,2025-09-17 14:00:00,2776.0960008503803,3345.464051312124,2938.4676824010435
forecast_6231,2025-09-17 15:00:00,3651.263565021904,4849.152837800456,3663.7808425940375
forecast_6232,2025-09-17 16:00:00,3043.2954278072502,3672.6202483482816,2110.443244366065
forecast_6233,2025-09-17 17:00:00,2204.7901574582356,2716.5934387601583,1366.1016546214914
forecast_6234,2025-09-17 18:00:00,1568.3599356309458,1576.3326160936253,743.2442532229022
forecast_6235,2025-09-17 19:00:00,1417.4977549678472,1255.1959093425605,729.03232285108
forecast_6236,2025-09-17 20:00:00,1608.5746363796957,1644.0442533397045,848.7802871117244
forecast_6237,2025-09-17 21:00:00,1646.642858765351,1721.5192652679254,889.1977347345855
forecast_6238,2025-09-17 22:00:00,1494.607790141457,1586.7974010878133,910.7875488571353
forecast_6239,2025-09-17 23:00:00,1605.0025283485586,1904.5900303404298,1064.8832640482944
forecast_6240,2025-09-18 00:00:00,1533.5751933363456,1941.9399923419455,899.903891386625
forecast_6241,2025-09-18 01:00:00,1366.8097609363203,1367.6887685270701,947.1049866524888
forecast_6242,2025-09-18 02:00:00,1571.295941979909,1550.0773673544577,1058.9318741967031
forecast_6243,2025-09-18 03:00:00,1535.051437390856,1688.914377870373,1071.7474037851848
forecast_6244,2025-09-18 04:00:00,1627.64865842841,1621.5538197322096,1086.6526412932228
forecast_6245,2025-09-18 05:00:00,1939.677272450203,2500.2294373225545,1964.8775387782366
forecast_6246,2025-09-18 06:00:00,2354.1174481689022,3376.943729019067,2193.950419173893
forecast_6247,2025-09-18 07:00:00,2868.150816837364,4238.118506665466,2882.5437921776943
forecast_6248,2025-09-18 08:00:00,3066.37242886243,4445.145171245758,2888.980431493741
forecast_6249,2025-09-18 09:00:00,3110.6490792790814,4410.158023214437,3145.589216704605
forecast_6250,2025-09-18 10:00:00,2942.183649675166,4475.014912236351,3324.413899941718
forecast_6251,2025-09-18 11:00:00,2921.8269065407712,4188.940439822052,3197.3935459818226
forecast_6252,2025-09-18 12:00:00,2168.6275374157635,3323.3268197987827,2111.24230579982
forecast_6253,2025-09-18 13:00:00,1832.6441691032894,2611.5276845247126,1999.5298679768448
forecast_6254,2025-09-18 14:00:00,1577.6269016500037,2274.664258163733,2066.360987017642
forecast_6255,2025-09-18 15:00:00,1428.4189723022523,2231.150595492939,1839.3060569092788
forecast_6256,2025-09-18 16:00:00,1188.922733565206,1660.5448299282227,1520.4583612614772
forecast_6257,2025-09-18 17:00:00,1353.793588466085,1964.8478631458051,1611.694873995998
forecast_6258,2025-09-18 18:00:00,1855.4271905526832,2670.640186473352,1979.0203430751317
forecast_6259,2025-09-18 19:00:00,2028.8972529814755,2731.2116224925403,1667.3436553368206
forecast_6260,2025-09-18 20:00:00,1950.0602278353042,2456.2631669791353,1001.3526762753214
forecast_6261,2025-09-18 21:00:00,1766.4867570193735,1940.9958204055358,810.0297126414306
forecast_6262,2025-09-18 22:00:00,2136.4023392788454,2645.5274720027437,1031.7146299466215
forecast_6263,2025-09-18 23:00:00,2101.159687022951,2557.7595323700098,1143.558067537097
forecast_6264,2025-09-19 00:00:00,1996.525572035336,2352.594692165183,839.6519953015778
forecast_6265,2025-09-19 01:00:00,1969.7880674524567,2333.108207227898,924.1852128564694
forecast_6266,2025-09-19 02:00:00,1764.6640087942928,1994.5957496989624,864.2947748372736
forecast_6267,2025-09-19 03:00:00,1914.8524145732038,2176.1080426895796,846.5428469805682
forecast_6268,2025-09-19 04:00:00,1831.1845101196288,1991.5414413586093,729.0696192217899
forecast_6269,2025-09-19 05:00:00,1713.6509498367288,1742.1074382221095,583.9581800982331
forecast_6270,2025-09-19 06:00:00,1415.7693694190546,1399.3095121453396,519.9652477251906
forecast_6271,2025-09-19 07:00:00,1508.9254021432594,1318.5609655213982,435.0982755882876
forecast_6272,2025-09-19 08:00:00,1518.3715286484116,1267.2389021518939,479.8087129700569
forecast_6273,2025-09-19 09:00:00,1390.5030745225893,1116.5657735519533,419.1548809906921
forecast_6274,2025-09-19 10:00:00,591.8111144025144,525.4397623992891,346.2299670534894
forecast_6275,2025-09-19 11:00:00,468.9967798908104,448.519901864939,298.4937157051081
forecast_6276,2025-09-19 12:00:00,537.998173283735,453.1773580110801,322.8078267128296
forecast_6277,2025-09-19 13:00:00,491.58050892285587,488.6458406638603,303.2618278059984
forecast_6278,2025-09-19 14:00:00,514.8249075083218,501.51542935396253,322.43447754754703
forecast_6279,2025-09-19 15:00:00,492.27128142172296,505.732567001126,312.4835947321096
forecast_6280,2025-09-19 16:00:00,856.575229058195,815.2877886406483,354.7092873624363
forecast_6281,2025-09-19 17:00:00,993.1910229270707,893.0143935067101,336.4630482543955
forecast_6282,2025-09-19 18:00:00,1116.7322827941814,1029.8373042336311,436.8539767231592
forecast_6283,2025-09-19 19:00:00,1657.7855499923883,1299.6575016375914,738.0452376763895
forecast_6284,2025-09-19 20:00:00,1653.1516225346872,1577.9349174364565,637.1754124278657
forecast_6285,2025-09-19 21:00:00,2117.798430790916,1918.9519873070399,782.5952923347096
forecast_6286,2025-09-19 22:00:00,3191.436317067041,2726.5540968413106,1692.9848532325407
forecast_6287,2025-09-19 23:00:00,3490.9234974471096,3426.019785077176,2161.1539191906795
forecast_6288,2025-09-20 00:00:00,4128.29560612317,3902.9890446824043,2500.23138612148
forecast_6289,2025-09-20 01:00:00,4170.158385024808,3845.792799160161,2304.319333114357
forecast_6290,2025-09-20 02:00:00,4637.893887237916,4930.226652477226,2754.9601919922616
forecast_6291,2025-09-20 03:00:00,4266.554668095313,3924.225327421019,2382.2278291628254
forecast_6292,2025-09-20 04:00:00,3971.4361796741327,3784.4707046300814,2341.5244668025034
forecast_6293,2025-09-20 05:00:00,4172.2711142729695,4535.090098972085,2834.942404970459
forecast_6294,2025-09-20 06:00:00,4973.665578594659,5720.299349086717,3278.6270219549174
forecast_6295,2025-09-20 07:00:00,4806.566593802368,5354.330473723745,3256.0143696414034
forecast_6296,2025-09-20 08:00:00,4188.971949612157,4309.949009451823,2220.0786466512886
forecast_6297,2025-09-20 09:00:00,2319.4704735635983,2378.932746060081,1826.4095527933046
forecast_6298,2025-09-20 10:00:00,1325.545762579565,1370.4560800459935,1167.7897228956042
forecast_6299,2025-09-20 11:00:00,1985.9121352856446,2406.9355998742376,1651.1764107516547
forecast_6300,2025-09-20 12:00:00,2005.3945032436402,2520.1906125222336,1950.9963132466196
forecast_6301,2025-09-20 13:00:00,2970.1769434590346,3190.936770508361,2060.4983435407694
forecast_6302,2025-09-20 14:00:00,2432.5786442696626,2636.8891938806796,1536.7985076103607
forecast_6303,2025-09-20 15:00:00,2121.0574263078684,2417.5006734447725,1527.8955337966986
forecast_6304,2025-09-20 16:00:00,2100.411906964644,2022.133300098992,1036.5711322878587
forecast_6305,2025-09-20 17:00:00,1906.4428228668044,1528.8003087091454,1009.5577210582571
forecast_6306,2025-09-20 18:00:00,1474.3400961602126,1457.829957372903,816.9143454989072
forecast_6307,2025-09-20 19:00:00,1654.8832724016734,1650.038874273285,982.158659009145
forecast_6308,2025-09-20 20:00:00,2301.469694381714,2131.4033416179786,1771.496694650166
forecast_6309,2025-09-20 21:00:00,2557.4238313424225,2607.4613743351,1995.2913521426337
forecast_6310,2025-09-20 22:00:00,3244.0794346354432,3589.4557171229103,2308.584761624974
forecast_6311,2025-09-20 23:00:00,2793.036021342612,3385.6968289778515,1968.1837311790944
forecast_6312,2025-09-21 00:00:00,2807.5993699022083,3200.137864783718,2019.4125330357065
forecast_6313,2025-09-21 01:00:00,3438.018169147589,4153.225126812359,2915.2682795815026
forecast_6314,2025-09-21 02:00:00,3612.3824554219705,4411.161240038808,3003.920990898806
forecast_6315,2025-09-21 03:00:00,3280.017081189321,4189.945789817223,2793.4726187312313
forecast_6316,2025-09-21 04:00:00,2944.042085788339,3767.7406880198255,2525.395173615094
forecast_6317,2025-09-21 05:00:00,3244.71088062073,3669.0855170276845,2617.8690673356336
forecast_6318,2025-09-21 06:00:00,3371.3921050750328,4078.533623922378,2795.926101059442
forecast_6319,2025-09-21 07:00:00,3478.4730583617434,3872.856160694374,2729.136305380955
forecast_6320,2025-09-21 08:00:00,3115.5781211308354,3962.540618811331,2281.5259956171044
forecast_6321,2025-09-21 09:00:00,2194.4717956770955,3308.3490190462194,1838.3551909478385
forecast_6322,2025-09-21 10:00:00,1130.9046800792648,2012.0113287038585,1703.727852238455
forecast_6323,2025-09-21 11:00:00,814.7255634570921,1492.2436193554413,1429.1796351777123
forecast_6324,2025-09-21 12:00:00,806.8675834115687,1207.8234343149527,1242.8603124228825
forecast_6325,2025-09-21 13:00:00,737.6974493356701,950.797367979035,1157.2028299756962
forecast_6326,2025-09-21 14:00:00,828.7955079414511,1092.9056666522192,1141.1699164480058
forecast_6327,2025-09-21 15:00:00,889.480314785172,1386.867115931105,1337.783868610714
forecast_6328,2025-09-21 16:00:00,894.8208692061734,1272.209333869397,1302.4745665634496
forecast_6329,2025-09-21 17:00:00,862.2898234775105,1233.2386548568918,1257.9620630013653
forecast_6330,2025-09-21 18:00:00,1530.1102209007424,1642.9523201256088,1558.1353207581706
forecast_6331,2025-09-21 19:00:00,2044.9614815266114,2750.3374326930684,1907.3229559959598
forecast_6332,2025-09-21 20:00:00,1982.310166300174,2584.726428823143,1507.9368434411358
forecast_6333,2025-09-21 21:00:00,2409.70043708125,3126.592024203665,1592.5890428747743
forecast_6334,2025-09-21 22:00:00,2778.6817275464987,3466.517733778917,1859.422235757026
forecast_6335,2025-09-21 23:00:00,3517.6035581146702,4337.5408860557145,1959.6958269988359
forecast_6336,2025-09-22 00:00:00,3983.5862931844636,4787.5454381729205,2061.7461340628197
forecast_6337,2025-09-22 01:00:00,3832.89908040772,3736.499063603824,1609.6416507084368
forecast_6338,2025-09-22 02:00:00,4192.490547016657,4437.735726756247,1732.6134695130665
forecast_6339,2025-09-22 03:00:00,4500.259266241142,4557.74120399231,1892.6146799657652
forecast_6340,2025-09-22 04:00:00,4206.459219114682,4669.646959577791,1911.0739585183767
forecast_6341,2025-09-22 05:00:00,4236.481005773766,4805.615896761377,1808.1532446821986
forecast_6342,2025-09-22 06:00:00,3815.0007550918467,4621.099323439371,1820.2761446392437
forecast_6343,2025-09-22 07:00:00,3859.58507907843,4170.137142277753,1705.5666646780314
forecast_6344,2025-09-22 08:00:00,3832.2989267816356,4322.820745631946,1744.6208727326382
forecast_6345,2025-09-22 09:00:00,3974.537033152638,4371.308870909419,2130.717024725892
forecast_6346,2025-09-22 10:00:00,4361.819341941626,5517.638810676668,3027.2970743414094
forecast_6347,2025-09-22 11:00:00,3505.4883495575477,4041.6727374994343,2850.9389857686483
forecast_6348,2025-09-22 12:00:00,2862.753627402545,3350.402121301038,2380.7589326042576
forecast_6349,2025-09-22 13:00:00,2759.8685758450924,3383.5925307755488,2327.983092133669
forecast_6350,2025-09-22 14:00:00,2601.8379930873352,3261.1408869318448,2233.2544682277376
forecast_6351,2025-09-22 15:00:00,2626.411597823128,3596.830702479599,2555.2965497049113
forecast_6352,2025-09-22 16:00:00,2388.7385189905017,3057.98724682399,2233.710222064553
forecast_6353,2025-09-22 17:00:00,2295.418978699161,2848.0047153616338,1793.4196531952903
forecast_6354,2025-09-22 18:00:00,2160.1446706559127,2745.3628268856714,1096.273874866808
forecast_6355,2025-09-22 19:00:00,2603.080421835132,2836.340116750338,1021.7006239037753
forecast_6356,2025-09-22 20:00:00,2767.9887910443795,3044.21382230439,1077.6842980625536
forecast_6357,2025-09-22 21:00:00,2808.1533637210714,2949.4180360099463,1002.0269363450419
forecast_6358,2025-09-22 22:00:00,2903.5161229168957,2861.9977167697148,1024.920209755445
forecast_6359,2025-09-22 23:00:00,2645.5705472740015,2656.9498686863467,886.1115343969371
forecast_6360,2025-09-23 00:00:00,2471.1298195482495,2456.0462296785086,826.9741195147045
forecast_6361,2025-09-23 01:00:00,1084.2136222901202,1052.5855535490489,387.00278313496625
forecast_6362,2025-09-23 02:00:00,1047.0198723400454,987.5811960897922,415.3199826934519
forecast_6363,2025-09-23 03:00:00,1033.3000977266197,997.3281067446335,419.76779343702555
forecast_6364,2025-09-23 04:00:00,1163.4599958529614,1089.5289754776886,513.0691206536932
forecast_6365,2025-09-23 05:00:00,1364.8750134770678,1462.1478962799517,537.8108790216077
forecast_6366,2025-09-23 06:00:00,1684.1132051547906,1733.0006107002612,638.7366564347232
forecast_6367,2025-09-23 07:00:00,2110.2947704818516,2117.0544173549224,735.9194035868985
forecast_6368,2025-09-23 08:00:00,2381.633126701142,2099.9225902036915,761.4949176489159
forecast_6369,2025-09-23 09:00:00,1998.363057261639,1972.7227414949934,770.1609309994946
forecast_6370,2025-09-23 10:00:00,1260.397718724643,1463.9720060305742,790.5000800841383
forecast_6371,2025-09-23 11:00:00,1126.872081851853,1270.9103816262968,868.5180409361926
forecast_6372,2025-09-23 12:00:00,953.5477548066026,1200.6820061788378,821.7627447729313
forecast_6373,2025-09-23 13:00:00,1019.3276100259885,1114.4327772772383,825.4498478785616
forecast_6374,2025-09-23 14:00:00,835.3734727208017,1034.5127559085618,648.480562575036
forecast_6375,2025-09-23 15:00:00,852.0205068969158,1031.5253103356624,669.4053839936711
forecast_6376,2025-09-23 16:00:00,908.5358843331744,1085.154911391536,593.1815459253994
forecast_6377,2025-09-23 17:00:00,1129.2985866693177,1233.4930841536964,669.4838725115861
forecast_6378,2025-09-23 18:00:00,1769.492268299215,1987.612865170244,783.8111193083895
forecast_6379,2025-09-23 19:00:00,2533.0928543673376,2359.6213057573405,923.8024880682045
forecast_6380,2025-09-23 20:00:00,2395.6467701674214,2253.7620520303244,787.159439430267
forecast_6381,2025-09-23 21:00:00,2067.827993940133,1850.1294116747367,651.7368099691492
forecast_6382,2025-09-23 22:00:00,1923.3164502547895,1524.424151781265,584.5614893664502
forecast_6383,2025-09-23 23:00:00,1535.392279507912,1205.434344944451,478.8090965196791
forecast_6384,2025-09-24 00:00:00,1312.3833758720598,1309.9200520348593,421.9496478099837
forecast_6385,2025-09-24 01:00:00,1453.1750238412444,1247.7400414568551,474.99296355975486
forecast_6386,2025-09-24 02:00:00,1575.1788658610137,1468.243945351527,489.7522566873569
forecast_6387,2025-09-24 03:00:00,1791.4873446326017,1834.8315079297988,638.6778518722018
forecast_6388,2025-09-24 04:00:00,2445.2165570497377,2286.745581964421,800.694056252911
forecast_6389,2025-09-24 05:00:00,2584.331459938597,2510.611501857627,1062.8567153224556
forecast_6390,2025-09-24 06:00:00,2613.2086149360894,2856.623703466496,1389.9779437693355
forecast_6391,2025-09-24 07:00:00,3133.956772353928,2649.5175721584246,1204.1020356391805
forecast_6392,2025-09-24 08:00:00,2713.342381515109,3106.310565928746,1221.341021190698
forecast_6393,2025-09-24 09:00:00,3832.178731731769,3958.9355579831636,1794.168455334603
forecast_6394,2025-09-24 10:00:00,3539.252668568369,5230.356178614855,2883.703632161333
forecast_6395,2025-09-24 11:00:00,5613.667172591647,7347.464555475986,4399.719735012621
forecast_6396,2025-09-24 12:00:00,6995.166622288522,9620.972343553995,7050.696925278015
forecast_6397,2025-09-24 13:00:00,7332.116680372253,10794.51622056068,8114.339929769
forecast_6398,2025-09-24 14:00:00,8298.866860910142,12166.306735325028,9785.21682022698
forecast_6399,2025-09-24 15:00:00,7300.922176347739,11861.242211198487,9563.808147677117
forecast_6400,2025-09-24 16:00:00,7396.7282999754825,10835.684523346203,8394.802752402005
forecast_6401,2025-09-24 17:00:00,6709.162101463887,8893.579812579845,6574.391616106773
forecast_6402,2025-09-24 18:00:00,6957.059127683923,9351.984072020656,5735.877952110885
forecast_6403,2025-09-24 19:00:00,7586.708517746738,9562.847850766317,6746.0934817328825
forecast_6404,2025-09-24 20:00:00,8752.90007495215,11017.564555101651,8237.603475826441
forecast_6405,2025-09-24 21:00:00,10193.639627397113,13047.950970350672,10817.997490747828
forecast_6406,2025-09-24 22:00:00,12735.99262301183,14858.603645867914,13018.651469638424
forecast_6407,2025-09-24 23:00:00,14389.722044792874,16609.61066668874,15592.479504334295
forecast_6408,2025-09-25 00:00:00,14390.679974043956,16804.635543354074,15324.837106486655
forecast_6409,2025-09-25 01:00:00,14048.80065041436,15470.748748290453,14935.076704452715
forecast_6410,2025-09-25 02:00:00,14252.284525072499,15144.480061104168,14739.129704136236
forecast_6411,2025-09-25 03:00:00,13882.740816707728,15069.80246997793,14499.61198619684
forecast_6412,2025-09-25 04:00:00,14480.761485295483,15783.820009042109,15579.098552377063
forecast_6413,2025-09-25 05:00:00,14311.218256036895,15935.377838342543,14498.711322436842
forecast_6414,2025-09-25 06:00:00,14334.897229449522,16116.387204086586,14678.85559242001
forecast_6415,2025-09-25 07:00:00,14327.24181373464,15443.722712623208,14478.033950618548
forecast_6416,2025-09-25 08:00:00,13158.247555478336,14150.423740637714,12966.283041113935
forecast_6417,2025-09-25 09:00:00,12445.515923415851,13716.485335908383,11682.33402006544
forecast_6418,2025-09-25 10:00:00,12460.882785824902,12899.569368293014,11925.958452589506
forecast_6419,2025-09-25 11:00:00,11672.649193339905,12635.384237055383,11502.610449495804
forecast_6420,2025-09-25 12:00:00,12172.256154535678,12893.236771115342,11995.3227450684
forecast_6421,2025-09-25 13:00:00,11950.554886980173,12514.90874474848,11709.763486197506
forecast_6422,2025-09-25 14:00:00,10519.043344342748,11681.841930834631,10844.520983941027
forecast_6423,2025-09-25 15:00:00,10747.771147361123,11540.424865119905,11635.913874109783
forecast_6424,2025-09-25 16:00:00,10946.240578421997,11581.268989445742,11469.068753393927
forecast_6425,2025-09-25 17:00:00,11217.468708304046,11010.933772743456,11289.055889738689
forecast_6426,2025-09-25 18:00:00,12408.78537899994,12385.932697392413,10861.971934867519
forecast_6427,2025-09-25 19:00:00,13136.097964052151,13112.318273317127,12312.217548828598
forecast_6428,2025-09-25 20:00:00,13309.037654905622,14023.707223357294,12416.747888551396
forecast_6429,2025-09-25 21:00:00,14642.336724861543,14765.215819611445,13004.990006663606
forecast_6430,2025-09-25 22:00:00,13564.123939757274,13958.902354197256,11151.713234230501
forecast_6431,2025-09-25 23:00:00,13584.21060375078,13168.08681313805,9870.468851944599
forecast_6432,2025-09-26 00:00:00,13349.015972197834,13311.675240847504,9738.519688217222
forecast_6433,2025-09-26 01:00:00,9817.771264320547,8799.638646962074,6328.1601063548815
forecast_6434,2025-09-26 02:00:00,9102.80328778767,7871.635117733498,5337.409139345872
forecast_6435,2025-09-26 03:00:00,7660.486570861913,6590.507779212411,4720.833544337546
forecast_6436,2025-09-26 04:00:00,6341.991266950023,5739.792429582824,3700.273234718758
forecast_6437,2025-09-26 05:00:00,3886.1506140625397,2963.0530114796998,1874.5814589124082
forecast_6438,2025-09-26 06:00:00,2085.036566956465,1536.4557179683616,1091.376095899231
forecast_6439,2025-09-26 07:00:00,1281.3032112835724,1105.7514968243302,577.6697256274236
forecast_6440,2025-09-26 08:00:00,722.8618510475841,727.8138518465735,314.40578568518475
forecast_6441,2025-09-26 09:00:00,529.798521345164,529.7267396817975,253.37729344443977
forecast_6442,2025-09-26 10:00:00,252.67057368726597,317.51198899173266,214.0870857813533
forecast_6443,2025-09-26 11:00:00,246.73395621424143,303.5349289300979,212.1376010686883
forecast_6444,2025-09-26 12:00:00,247.86934788113254,291.98211201751377,211.7825538118721
forecast_6445,2025-09-26 13:00:00,244.52352419313354,293.43140333107465,213.82220701307565
forecast_6446,2025-09-26 14:00:00,246.12787701737952,291.98211201751377,208.15007513364574
forecast_6447,2025-09-26 15:00:00,268.0356146924212,297.34461098662644,212.38608372619657
forecast_6448,2025-09-26 16:00:00,261.97719800463295,310.0777919847668,209.56948751642707
forecast_6449,2025-09-26 17:00:00,333.43109763145077,360.9436796214999,223.02324301452794
forecast_6450,2025-09-26 18:00:00,559.881974567426,508.24506702971854,242.9520705550253
forecast_6451,2025-09-26 19:00:00,672.5564469412068,645.5770192316828,290.7241391388033
forecast_6452,2025-09-26 20:00:00,713.0273824608887,677.2395900748696,297.63732306344514
forecast_6453,2025-09-26 21:00:00,739.9273587865465,694.9691030819266,315.0985294965547
forecast_6454,2025-09-26 22:00:00,948.0803424211664,853.8329907690173,348.87454247727567
forecast_6455,2025-09-26 23:00:00,895.6509608329235,799.6333208702965,330.47773286001404
forecast_6456,2025-09-27 00:00:00,937.724412351369,806.9584717437576,339.4937684486157
forecast_6457,2025-09-27 01:00:00,859.6584342274473,804.5921186442704,338.13376989583236
forecast_6458,2025-09-27 02:00:00,906.5107630060172,833.8833285182482,345.56811105356576
forecast_6459,2025-09-27 03:00:00,947.1003734795576,871.4610068460164,365.66243836017634
forecast_6460,2025-09-27 04:00:00,979.1870267233238,909.8350948724271,326.92861727932564
forecast_6461,2025-09-27 05:00:00,1012.3683004596484,937.0455696656406,343.8084199518398
forecast_6462,2025-09-27 06:00:00,953.9235591530504,872.3855299635158,346.790105525774
forecast_6463,2025-09-27 07:00:00,1271.463337093705,1011.7146185014637,369.2720737067145
forecast_6464,2025-09-27 08:00:00,1167.7399158709893,925.0312435412612,327.9943089847145
forecast_6465,2025-09-27 09:00:00,884.5779469356629,737.7827936666022,279.6815798489774
forecast_6466,2025-09-27 10:00:00,509.96222544860865,457.8211245150284,247.62975466496803
forecast_6467,2025-09-27 11:00:00,305.61859344174405,318.4416549630781,231.71898873255296
forecast_6468,2025-09-27 12:00:00,265.2445561944308,310.5070605081019,224.43015484912658
forecast_6469,2025-09-27 13:00:00,253.29819959966554,300.4573256053325,219.22164899035397
forecast_6470,2025-09-27 14:00:00,257.7912780710263,312.53087350913194,223.34468270625152
forecast_6471,2025-09-27 15:00:00,366.01874263798493,376.49902829730837,242.49369178000433
forecast_6472,2025-09-27 16:00:00,552.4236775503431,497.6619368398969,298.26148244046055
forecast_6473,2025-09-27 17:00:00,617.2149556888684,592.2481333980817,374.26237870238856
forecast_6474,2025-09-27 18:00:00,849.9920416825736,799.6565326914375,433.60716775558177
forecast_6475,2025-09-27 19:00:00,981.289877094273,966.1019905690792,488.82455236645836
forecast_6476,2025-09-27 20:00:00,978.0400717224935,1051.7680547010984,434.54068383351677
forecast_6477,2025-09-27 21:00:00,1046.7876730626415,1126.2078385995717,585.7391472964719
forecast_6478,2025-09-27 22:00:00,1280.1932774544914,1880.041302093038,917.9015791275731
forecast_6479,2025-09-27 23:00:00,1329.9008371945706,2015.8414633125278,1318.6174433477406
forecast_6480,2025-09-28 00:00:00,1272.243455057835,1569.252174152874,1038.9448117845693
forecast_6481,2025-09-28 01:00:00,2691.453501178525,3545.1708887409927,1796.6819722130465
forecast_6482,2025-09-28 02:00:00,4222.4174250861115,5101.613875502845,2887.146898842284
forecast_6483,2025-09-28 03:00:00,4726.097937960449,5536.007597110091,3472.60057342759
forecast_6484,2025-09-28 04:00:00,4532.239270022833,5533.120691570034,3449.810971204329
forecast_6485,2025-09-28 05:00:00,4673.9097182314645,5200.5084313550415,3595.8175167321306
forecast_6486,2025-09-28 06:00:00,3212.5382392914444,4064.3640176442373,2159.1346602157505
forecast_6487,2025-09-28 07:00:00,3218.1988238201725,3629.6118575878118,1620.4952637424856
forecast_6488,2025-09-28 08:00:00,2941.156885288184,3719.490806989495,1852.8778916107383
forecast_6489,2025-09-28 09:00:00,1763.0622002281173,2020.2480876481427,1173.9692572080644
forecast_6490,2025-09-28 10:00:00,4259.860376134444,5012.565410582599,2845.2914329250825
forecast_6491,2025-09-28 11:00:00,4676.132741978136,5395.992442982951,3961.699087866467
forecast_6492,2025-09-28 12:00:00,2620.5474464664208,4159.375202878666,2272.1252513151367
forecast_6493,2025-09-28 13:00:00,1845.8473620468399,2062.0415456778696,1390.7261486745858
forecast_6494,2025-09-28 14:00:00,3844.5616835956075,4859.035047618499,2508.8638687530224
forecast_6495,2025-09-28 15:00:00,4757.1990219588715,6399.78792024818,3733.119609351217
forecast_6496,2025-09-28 16:00:00,4128.254107077608,5639.097511453583,2886.7587951853425
forecast_6497,2025-09-28 17:00:00,3927.7895352095534,5428.249085972587,2710.07803756998
forecast_6498,2025-09-28 18:00:00,4112.164807860639,4095.3585482519006,2361.1112003189996
forecast_6499,2025-09-28 19:00:00,4002.885882495743,3890.6874232420387,2233.8686323037914
forecast_6500,2025-09-28 20:00:00,4102.610625079176,3657.1587106663915,2594.5936097404815
forecast_6501,2025-09-28 21:00:00,5243.606589325119,5193.996167919187,3625.581471434568
forecast_6502,2025-09-28 22:00:00,4802.446021266447,4304.462362720347,3623.1920545425633
forecast_6503,2025-09-28 23:00:00,4645.659576719684,4387.246785373717,3619.804225704704
forecast_6504,2025-09-29 00:00:00,5280.9577633238805,5091.044921082121,3850.271194636341
forecast_6505,2025-09-29 01:00:00,3328.0943870452224,2983.3941799595173,1962.6246747471048
forecast_6506,2025-09-29 02:00:00,3097.728803483788,2981.6649609936458,1564.1259339019655
forecast_6507,2025-09-29 03:00:00,2797.423181521224,2326.615395968531,1299.1356472898635
forecast_6508,2025-09-29 04:00:00,3454.4975444760034,3156.833842700713,1841.5393919392686
forecast_6509,2025-09-29 05:00:00,2898.6464293098375,2242.8506369955107,1472.098024430851
forecast_6510,2025-09-29 06:00:00,2060.054461620164,1685.1987831264798,994.8339043575551
forecast_6511,2025-09-29 07:00:00,1722.8506957022653,1462.5402621767314,816.0138941195692
forecast_6512,2025-09-29 08:00:00,997.8962651579607,1012.7733860524991,424.042831154006
forecast_6513,2025-09-29 09:00:00,811.9569272269154,751.5858880128762,336.1493824581742
forecast_6514,2025-09-29 10:00:00,361.07466975079717,354.8674581709989,252.06964094772812
forecast_6515,2025-09-29 11:00:00,303.7257951117945,342.3284691107401,243.44891784628797
forecast_6516,2025-09-29 12:00:00,324.0638346856074,324.43271115049225,278.43291864728894
forecast_6517,2025-09-29 13:00:00,332.4722617548292,340.0397388412192,283.14296706127124
forecast_6518,2025-09-29 14:00:00,415.2083425037629,494.57192166634854,580.9074463009415
forecast_6519,2025-09-29 15:00:00,386.9526152195119,370.89356988813,500.1747130382054
forecast_6520,2025-09-29 16:00:00,430.22132015313105,522.8161185483392,530.2483776437558
forecast_6521,2025-09-29 17:00:00,521.5380690219357,541.3561307180802,435.06521821278034
forecast_6522,2025-09-29 18:00:00,704.4593743314288,644.548256979797,353.24904764415334
forecast_6523,2025-09-29 19:00:00,798.8610358979344,782.2069157562831,322.16386846165466
forecast_6524,2025-09-29 20:00:00,823.6409005229037,772.6342215592607,321.78772190299725
forecast_6525,2025-09-29 21:00:00,895.6389943136154,799.0037358803789,330.8613720517193
forecast_6526,2025-09-29 22:00:00,994.8093672090723,956.4607668354246,424.82407409566366
forecast_6527,2025-09-29 23:00:00,1372.1210802790263,1321.5661218286707,692.6964875583928
forecast_6528,2025-09-30 00:00:00,992.9694329544777,1093.284720265219,585.4359681834862
forecast_6529,2025-09-30 01:00:00,1991.1561403337482,1842.3582179594948,1311.9829750720373
forecast_6530,2025-09-30 02:00:00,2224.837713019837,1995.9544385739753,1356.8561894915508
forecast_6531,2025-09-30 03:00:00,1754.592192463312,1701.7155602875007,1106.9561780250297
forecast_6532,2025-09-30 04:00:00,3609.9713935066707,3259.787908164569,2020.9209288020595
forecast_6533,2025-09-30 05:00:00,2275.2405969405836,1737.0370212447947,1308.7755296237433
forecast_6534,2025-09-30 06:00:00,1882.0193960354004,1604.771902009618,1106.3782193973987
forecast_6535,2025-09-30 07:00:00,1326.6571057556687,1161.5089469985264,575.6195479845638
forecast_6536,2025-09-30 08:00:00,1173.9391874368087,1055.0955490388649,539.5293897364359
forecast_6537,2025-09-30 09:00:00,735.850949783626,730.6817389804372,421.37834972880466
forecast_6538,2025-09-30 10:00:00,464.024744890302,428.4409434927421,374.60170606842786
forecast_6539,2025-09-30 11:00:00,412.9611282609675,387.7025482325562,363.2469785333823
forecast_6540,2025-09-30 12:00:00,1157.383952357815,1399.2958902978519,951.4225445081629
forecast_6541,2025-09-30 13:00:00,643.6164714582411,667.356281051622,631.5677004434043
forecast_6542,2025-09-30 14:00:00,901.8349123973184,1148.3426275390113,895.5654128397076
forecast_6543,2025-09-30 15:00:00,1230.0624800568628,1613.6340991197599,1045.2582478665224
forecast_6544,2025-09-30 16:00:00,1386.788495394225,1518.0673569961582,1144.8470654815653
forecast_6545,2025-09-30 17:00:00,1127.6094320840455,1109.4310846728545,967.7693082141994
forecast_6546,2025-09-30 18:00:00,2346.718148112039,2285.1599627871115,1402.9779132175786
forecast_6547,2025-09-30 19:00:00,2534.2049711515374,2574.8594027955364,1531.38884598551
forecast_6548,2025-09-30 20:00:00,4015.7211070806034,4097.195120440515,2704.262334101842
forecast_6549,2025-09-30 21:00:00,5352.875544003011,5476.918978282673,3597.689695636318
forecast_6550,2025-09-30 22:00:00,6713.439717802282,6679.418146658151,4712.126918210255
forecast_6551,2025-09-30 23:00:00,7165.140180988604,7386.826221898836,5579.781711983745
forecast_6552,2025-10-01 00:00:00,7766.580618095531,8458.794265765227,5923.582549317542
forecast_6553,2025-10-01 01:00:00,8805.872488645886,8504.892226397711,6155.484235265337
forecast_6554,2025-10-01 02:00:00,8708.648278252007,8915.050278424234,5821.087063808961
forecast_6555,2025-10-01 03:00:00,7514.292408704938,7693.165122550233,5194.124539287699
forecast_6556,2025-10-01 04:00:00,7548.624647637663,7491.481453818608,5277.698358620995
forecast_6557,2025-10-01 05:00:00,7416.538723432703,6812.8070835767885,4774.477558108099
forecast_6558,2025-10-01 06:00:00,7811.579884675768,7314.4385701026,5565.050642582049
forecast_6559,2025-10-01 07:00:00,6301.732503999906,6238.436890229706,4098.650699816683
forecast_6560,2025-10-01 08:00:00,2836.214573899224,2236.34204854953,1646.752366648254
forecast_6561,2025-10-01 09:00:00,2611.486501898004,1975.6120597080335,1505.2420932227917
forecast_6562,2025-10-01 10:00:00,1396.8694039478717,891.5228247709595,727.8505085243984
forecast_6563,2025-10-01 11:00:00,771.7099384522278,696.428512709712,452.2198167794737
forecast_6564,2025-10-01 12:00:00,778.2729536139913,662.3016664462701,515.5215016998019
forecast_6565,2025-10-01 13:00:00,1441.4748168778715,1151.4965675386516,773.2664658869843
forecast_6566,2025-10-01 14:00:00,1575.9642342344948,1211.7008973004288,690.9700845234282
forecast_6567,2025-10-01 15:00:00,1916.9937728915982,1535.8690287703294,1077.3710716395956
forecast_6568,2025-10-01 16:00:00,1824.1894965964807,1315.2774407796994,849.790517293784
forecast_6569,2025-10-01 17:00:00,1821.693966907131,1368.45090979272,910.5260804230404
forecast_6570,2025-10-01 18:00:00,3501.8759006836926,3035.800172037845,1978.8223713618675
forecast_6571,2025-10-01 19:00:00,5411.122980874339,5213.835684133702,3671.781655086482
forecast_6572,2025-10-01 20:00:00,5547.097418583105,5835.730460828153,3858.0726196127625
forecast_6573,2025-10-01 21:00:00,5732.679634907068,5071.612535069394,3702.4542776846442
forecast_6574,2025-10-01 22:00:00,5113.414598005056,4208.177246781051,3148.806894328357
forecast_6575,2025-10-01 23:00:00,4574.963812687753,3613.3154911688594,2736.4452634354584
forecast_6576,2025-10-02 00:00:00,4862.186563438148,4486.011690628735,3751.181780064381
forecast_6577,2025-10-02 01:00:00,6698.863364216317,6995.406878080603,4777.749712700244
forecast_6578,2025-10-02 02:00:00,6499.448996370729,6567.59769729739,4487.82483951451
forecast_6579,2025-10-02 03:00:00,4557.718106773357,4369.814473276591,2814.9323373489287
forecast_6580,2025-10-02 04:00:00,3032.9722840138684,3053.3320887894056,2002.3175225323444
forecast_6581,2025-10-02 05:00:00,2509.1018825377387,2157.6521762801976,1564.5351739800058
forecast_6582,2025-10-02 06:00:00,2460.8670169832667,1829.9915030123407,1517.593448870893
forecast_6583,2025-10-02 07:00:00,2079.519195577052,1685.995247819616,990.134707029338
forecast_6584,2025-10-02 08:00:00,1433.5438816657615,1366.7018266596106,663.0431371346058
forecast_6585,2025-10-02 09:00:00,636.4605289617588,633.944391987466,324.05801292948485
forecast_6586,2025-10-02 10:00:00,292.38865551229424,330.5148581436457,226.77964451904415
forecast_6587,2025-10-02 11:00:00,257.0634696672003,298.7099772963182,229.2350829645189
forecast_6588,2025-10-02 12:00:00,266.0257120116423,304.4932198142747,223.2992934599778
forecast_6589,2025-10-02 13:00:00,276.65014882122284,299.66176044066276,265.5247829236551
forecast_6590,2025-10-02 14:00:00,273.99260481588107,332.56686718024906,251.51597436904694
forecast_6591,2025-10-02 15:00:00,258.94748552581024,308.90979257382844,249.5371951812006
forecast_6592,2025-10-02 16:00:00,296.6023108269396,336.9996981794626,248.3274054908845
forecast_6593,2025-10-02 17:00:00,377.27766585303686,367.7613047439189,260.62151732130894
forecast_6594,2025-10-02 18:00:00,691.7916728246405,669.4211077971074,310.2632343157139
forecast_6595,2025-10-02 19:00:00,817.9495017605107,715.8623098195436,328.5175062347536
forecast_6596,2025-10-02 20:00:00,873.2109958163304,716.5714366582522,434.04905818889443
forecast_6597,2025-10-02 21:00:00,861.4334386683262,787.9339824298062,396.1721041500327
forecast_6598,2025-10-02 22:00:00,948.0182534788979,785.4597436234769,378.55159183240795
forecast_6599,2025-10-02 23:00:00,919.5372021150251,792.2206107298961,359.9301515574524
forecast_6600,2025-10-03 00:00:00,1120.3099463449719,848.1371881121053,398.10779580105986
forecast_6601,2025-10-03 01:00:00,2059.490800445573,1551.5146748893028,827.7860046083367
forecast_6602,2025-10-03 02:00:00,2028.8323403288312,1956.8362537236644,726.6479591515815
forecast_6603,2025-10-03 03:00:00,2246.231592422437,1768.1166675315212,849.6070692018935
forecast_6604,2025-10-03 04:00:00,2418.398465400155,1770.641480374105,1182.9733538775151
forecast_6605,2025-10-03 05:00:00,2362.1420701375323,2011.3242429092206,1126.2227502370563
forecast_6606,2025-10-03 06:00:00,2465.8464322582654,2433.8415665916314,1156.295466010518
forecast_6607,2025-10-03 07:00:00,3017.990162541307,2887.8958090675465,1488.9799794659882
forecast_6608,2025-10-03 08:00:00,2851.6988972075474,2965.5868023538646,1546.800634314207
forecast_6609,2025-10-03 09:00:00,2847.0111074887463,3255.9036785918065,1425.245969534855
forecast_6610,2025-10-03 10:00:00,2925.4576627465194,3369.3802736618136,2008.770975125789
forecast_6611,2025-10-03 11:00:00,3172.9101354378304,3775.4612474072737,2144.461989797261
forecast_6612,2025-10-03 12:00:00,4051.5842280641946,5364.8168882858545,3419.364339238739
forecast_6613,2025-10-03 13:00:00,3407.405516163055,4119.49253240269,2635.877003209505
forecast_6614,2025-10-03 14:00:00,2714.500859647034,3068.8632475182476,1851.146895269273
forecast_6615,2025-10-03 15:00:00,2174.594925754771,2172.3871508378174,1105.644352177102
forecast_6616,2025-10-03 16:00:00,2929.9542000302995,3217.598953705414,1801.6834137372873
forecast_6617,2025-10-03 17:00:00,2856.9558166029883,2787.6803641843844,1569.2481366089303
forecast_6618,2025-10-03 18:00:00,3117.8309924348605,3284.6413918010458,1931.5672861139417
forecast_6619,2025-10-03 19:00:00,4135.458168291834,4378.4738816965555,2247.4140346413633
forecast_6620,2025-10-03 20:00:00,4396.91497486757,4607.577183414219,2134.8811965371037
forecast_6621,2025-10-03 21:00:00,3988.3849259379253,3604.9617276774743,2196.6854025489074
forecast_6622,2025-10-03 22:00:00,3961.999522832485,3485.810648168309,1821.3178838177412
forecast_6623,2025-10-03 23:00:00,3045.1463654707563,2675.651469767722,1232.0298164036979
forecast_6624,2025-10-04 00:00:00,3465.8593259479776,2769.518889788538,1155.906909121762
forecast_6625,2025-10-04 01:00:00,3077.03126871875,2833.2402689998858,1144.9242093328983
forecast_6626,2025-10-04 02:00:00,2289.639598565058,2161.3511550226262,779.5885330658537
forecast_6627,2025-10-04 03:00:00,2581.6213683096366,2446.4735563213794,839.4266504494489
forecast_6628,2025-10-04 04:00:00,2397.435686720565,2087.0752726113687,876.9808224295269
forecast_6629,2025-10-04 05:00:00,2362.2689587119603,2319.8619640379284,920.3829788709156
forecast_6630,2025-10-04 06:00:00,2379.1434856834585,2173.981978280556,844.5426122703465
forecast_6631,2025-10-04 07:00:00,2048.5124197264904,1891.8238404609313,699.0656159336946
forecast_6632,2025-10-04 08:00:00,2078.7917398591067,2102.980386021052,745.8632293636808
forecast_6633,2025-10-04 09:00:00,1823.4836301472508,1881.8167724176126,649.8203281980149
forecast_6634,2025-10-04 10:00:00,1200.7075959852384,1191.392474114086,463.83802803709443
forecast_6635,2025-10-04 11:00:00,860.6967716007543,944.4274927585163,450.2674609467593
forecast_6636,2025-10-04 12:00:00,927.7074042750062,960.2199609061066,453.1488663540431
forecast_6637,2025-10-04 13:00:00,913.2257884214829,1099.5488959192876,643.3883057256387
forecast_6638,2025-10-04 14:00:00,773.8946467026162,1030.0344110525227,783.2126486718581
forecast_6639,2025-10-04 15:00:00,868.2831741535299,869.652787917477,625.900298136174
forecast_6640,2025-10-04 16:00:00,1110.6318512446985,1258.9712438576232,927.156178371026
forecast_6641,2025-10-04 17:00:00,1215.2803941806173,1456.0426812047447,879.4759673596909
forecast_6642,2025-10-04 18:00:00,1346.2588661047807,1459.6949606628768,1091.9291182134598
forecast_6643,2025-10-04 19:00:00,1442.2645676360685,1600.6449930402791,923.1974671978126
forecast_6644,2025-10-04 20:00:00,1510.072718737553,1655.8885683550116,1106.5354410554069
forecast_6645,2025-10-04 21:00:00,1436.2960586091308,1619.210395920215,1126.6904081568434
forecast_6646,2025-10-04 22:00:00,1234.693607152221,1279.2393797780346,671.1874185535854
forecast_6647,2025-10-04 23:00:00,1207.932831169243,1224.9186489261592,610.9831599334071
forecast_6648,2025-10-05 00:00:00,970.3694353532545,969.5543808904253,378.9854257925262
forecast_6649,2025-10-05 01:00:00,858.22844547598,794.1153282126169,384.56924296591114
forecast_6650,2025-10-05 02:00:00,866.4871091920289,779.2526339564694,387.0438904038167
forecast_6651,2025-10-05 03:00:00,877.4500039476331,766.0839475501544,353.11680776872873
forecast_6652,2025-10-05 04:00:00,882.8927466230685,775.5241177246666,334.90885712122235
forecast_6653,2025-10-05 05:00:00,848.4180910419841,745.552494284473,322.3094860537686
forecast_6654,2025-10-05 06:00:00,870.8126594202129,770.3433215153364,330.3365808409704
forecast_6655,2025-10-05 07:00:00,856.6292412738126,751.6000285626519,317.13996176559544
forecast_6656,2025-10-05 08:00:00,749.5039850118977,694.3140050969276,286.0821132323618
forecast_6657,2025-10-05 09:00:00,701.5340879340623,651.9243403593598,291.7436247873358
forecast_6658,2025-10-05 10:00:00,549.4304935924132,521.8019335026523,296.3827024213159
forecast_6659,2025-10-05 11:00:00,679.6840474678254,706.275420130531,323.09539255346203
forecast_6660,2025-10-05 12:00:00,596.9998756510851,634.3742060118719,311.88236767010636
forecast_6661,2025-10-05 13:00:00,560.5172645232568,575.0964212105533,285.76331903713316
forecast_6662,2025-10-05 14:00:00,503.4979547816647,548.5737884667767,273.61278911797746
forecast_6663,2025-10-05 15:00:00,724.8086286499126,793.7875960374221,396.958826086398
forecast_6664,2025-10-05 16:00:00,1072.0917727503577,970.9415728845372,399.01039954677304
forecast_6665,2025-10-05 17:00:00,993.5368083360944,918.7227818387847,412.6136384288162
forecast_6666,2025-10-05 18:00:00,1122.0360971557725,1183.4106081328714,585.5672648371043
forecast_6667,2025-10-05 19:00:00,1250.4388236528184,1371.1344597599973,677.11064074423
forecast_6668,2025-10-05 20:00:00,1240.641502189464,1208.3291237752965,548.8813910421115
forecast_6669,2025-10-05 21:00:00,1319.3680483643684,1333.5490209941813,513.3288139102317
forecast_6670,2025-10-05 22:00:00,1233.5981757908214,1139.528414948863,411.6214716649029
forecast_6671,2025-10-05 23:00:00,1340.602443300103,1054.0883308713562,447.4087004649121
forecast_6672,2025-10-06 00:00:00,1152.17389612735,963.9741464894055,409.86994826881437
forecast_6673,2025-10-06 01:00:00,1321.016571606663,1171.7766994703013,499.37249217791236
forecast_6674,2025-10-06 02:00:00,1734.3784864986178,1583.6666761314389,740.5224424876376
forecast_6675,2025-10-06 03:00:00,2663.406705529167,2819.780731672313,1045.8963556868775
forecast_6676,2025-10-06 04:00:00,2794.8351980789425,3044.8685903652645,1065.8751030429796
forecast_6677,2025-10-06 05:00:00,2905.2876231851683,3798.994771227103,1486.50807400328
forecast_6678,2025-10-06 06:00:00,4028.5700501429956,5272.740676008138,3659.116613143829
forecast_6679,2025-10-06 07:00:00,5867.378926654353,8096.59054700099,5488.864857927322
forecast_6680,2025-10-06 08:00:00,7058.049252176841,9280.00343235082,6763.795222719146
forecast_6681,2025-10-06 09:00:00,7013.668664289664,9580.771865399647,6477.037474749213
forecast_6682,2025-10-06 10:00:00,6868.474607196874,9409.140439474713,6394.284694227663
forecast_6683,2025-10-06 11:00:00,6379.998860289424,7801.625335501744,4748.580861529478
forecast_6684,2025-10-06 12:00:00,5421.415138012437,6517.997832438477,4335.7447786899575
forecast_6685,2025-10-06 13:00:00,3855.859585721038,5392.422923755564,3569.3179628838416
forecast_6686,2025-10-06 14:00:00,3003.0202398449983,4146.964933291819,2696.5405380592038
forecast_6687,2025-10-06 15:00:00,2858.6435037995884,3828.736297980741,2055.4891461807315
forecast_6688,2025-10-06 16:00:00,2895.2548351358405,3867.384073931614,2395.7860137785697
forecast_6689,2025-10-06 17:00:00,3849.336952021743,4943.490896314208,3102.1845028498105
forecast_6690,2025-10-06 18:00:00,4907.86071567349,5738.055964726818,4164.24169931873
forecast_6691,2025-10-06 19:00:00,5471.94089213403,5792.080390358549,4503.578968137694
forecast_6692,2025-10-06 20:00:00,5663.430596328764,6449.399175616702,4149.747589344586
forecast_6693,2025-10-06 21:00:00,6602.882750026246,7003.709949048576,4490.841843439172
forecast_6694,2025-10-06 22:00:00,7201.927376759244,7773.405471770754,6392.2741042718435
forecast_6695,2025-10-06 23:00:00,8516.691285673582,9819.129479305026,8576.363612574516
forecast_6696,2025-10-07 00:00:00,10660.678840686875,11834.255323521234,10945.588058658139
forecast_6697,2025-10-07 01:00:00,8464.37796984449,10400.565759978916,8606.658432398797
forecast_6698,2025-10-07 02:00:00,8227.203788354718,9569.376103295866,7177.8761013419535
forecast_6699,2025-10-07 03:00:00,7760.462931716041,9019.330197110867,7158.199356282401
forecast_6700,2025-10-07 04:00:00,7463.745136256771,8267.197556314914,6277.261706386963
forecast_6701,2025-10-07 05:00:00,7302.999907680139,7878.71530983485,6078.526889436106
forecast_6702,2025-10-07 06:00:00,7196.747568524495,8307.319355642056,5977.935366746636
forecast_6703,2025-10-07 07:00:00,6327.8380061066755,7112.492013538722,5873.83264791577
forecast_6704,2025-10-07 08:00:00,5708.702845285033,5709.462579751871,4933.831516711249
forecast_6705,2025-10-07 09:00:00,5244.47875785268,5296.790814786555,4915.89667721923
forecast_6706,2025-10-07 10:00:00,4156.1578030383425,4712.7618829699295,3929.925172018738
forecast_6707,2025-10-07 11:00:00,4018.705822864287,3987.4122707103993,3420.9915598803977
forecast_6708,2025-10-07 12:00:00,2979.685777754834,3284.91914030769,2544.0792961833777
forecast_6709,2025-10-07 13:00:00,3016.159862621565,2854.4329421083544,2285.6272432608457
forecast_6710,2025-10-07 14:00:00,2429.9620771095974,2312.515780926422,1457.48609130667
forecast_6711,2025-10-07 15:00:00,2567.2125981390946,2191.680298602978,1192.1813939537635
forecast_6712,2025-10-07 16:00:00,2134.9408869828258,1685.6039627272098,730.2809511027515
forecast_6713,2025-10-07 17:00:00,1798.4762365199556,1599.5238397311143,816.5697602841711
forecast_6714,2025-10-07 18:00:00,1670.0666409630433,1518.1030415743742,808.6616305818518
forecast_6715,2025-10-07 19:00:00,1280.8124723311555,1156.6662266303133,483.37285692497784
forecast_6716,2025-10-07 20:00:00,1221.2342041467828,1111.6900934125053,569.2388252464176
forecast_6717,2025-10-07 21:00:00,1162.5808095647603,966.2324088411839,575.8273429312891
forecast_6718,2025-10-07 22:00:00,1093.6395812763556,843.2541575485977,430.4777319338502
forecast_6719,2025-10-07 23:00:00,991.639437457831,887.4447172785389,540.0329095010196
forecast_6720,2025-10-08 00:00:00,1001.5254550982215,823.2115213079621,549.8310000232528
forecast_6721,2025-10-08 01:00:00,947.3235097527634,806.0360053716629,468.2385973040419
forecast_6722,2025-10-08 02:00:00,985.6790079580459,893.2016443271466,483.3239166038851
forecast_6723,2025-10-08 03:00:00,952.4043417618616,827.4539673167584,344.1786876443922
forecast_6724,2025-10-08 04:00:00,978.8628583407187,845.1699879558862,432.21406240609093
forecast_6725,2025-10-08 05:00:00,1087.2944659642387,964.1575106735294,443.4701033523485
forecast_6726,2025-10-08 06:00:00,1126.3377613379694,978.7518603592612,481.63998541860343
forecast_6727,2025-10-08 07:00:00,1158.123933591238,1115.8080395387544,428.78886879812706
forecast_6728,2025-10-08 08:00:00,1255.4959019664977,1121.0033920333503,385.56755156705873
forecast_6729,2025-10-08 09:00:00,1123.5010780669866,1092.8812390931562,374.20631387502397
forecast_6730,2025-10-08 10:00:00,867.3715266247107,1020.2151654132826,568.6445881003688
forecast_6731,2025-10-08 11:00:00,804.3344519555158,796.8568222611286,419.76321595780485
forecast_6732,2025-10-08 12:00:00,707.2485433410609,708.4845642314033,346.8194139464015
forecast_6733,2025-10-08 13:00:00,530.2705261491977,539.6709585198721,394.78338839220845
forecast_6734,2025-10-08 14:00:00,502.69810388920473,570.6366956165731,487.5550979708434
forecast_6735,2025-10-08 15:00:00,495.43074150063205,527.3618769792473,469.17684596958793
forecast_6736,2025-10-08 16:00:00,601.0933218155284,637.7166196580314,467.7837867630679
forecast_6737,2025-10-08 17:00:00,989.9273587276167,1034.6628756269906,480.05535107556585
forecast_6738,2025-10-08 18:00:00,1118.4557725497602,1058.4307819368923,517.072005126994
forecast_6739,2025-10-08 19:00:00,1542.3070564712282,1915.406420659801,924.5401329775857
forecast_6740,2025-10-08 20:00:00,2433.1861545699016,2958.732828689469,1522.737708182454
forecast_6741,2025-10-08 21:00:00,2450.630793556467,2949.038361475973,1621.4584368315332
forecast_6742,2025-10-08 22:00:00,3166.985503981845,3793.830211335814,2389.5609040257423
forecast_6743,2025-10-08 23:00:00,3570.2774775056087,4913.4027050414015,2757.044963568796
forecast_6744,2025-10-09 00:00:00,4858.611941784703,6808.219432082766,4009.3755103141903
forecast_6745,2025-10-09 01:00:00,4914.6260646996725,6857.0731585275325,4423.835818540738
forecast_6746,2025-10-09 02:00:00,5210.247361819984,7133.523166333762,4966.954963854838
forecast_6747,2025-10-09 03:00:00,5200.711009446501,6544.743860902804,4144.3438871694625
forecast_6748,2025-10-09 04:00:00,4488.562233770806,5864.521690915555,3689.746044579359
forecast_6749,2025-10-09 05:00:00,4577.248732452279,6391.007814172713,4284.044429060089
forecast_6750,2025-10-09 06:00:00,5198.75936373738,7293.738436588663,4303.9474555158995
forecast_6751,2025-10-09 07:00:00,4833.073423663764,7074.299486918272,4460.375236863303
forecast_6752,2025-10-09 08:00:00,4966.0320592516955,6253.543243072937,3928.364045623322
forecast_6753,2025-10-09 09:00:00,4655.387630056488,6065.629268323887,4094.478107198245
forecast_6754,2025-10-09 10:00:00,3600.864795264502,4207.081432692458,3125.799003256812
forecast_6755,2025-10-09 11:00:00,2985.7157126007296,3155.474310827223,2120.5067447669508
forecast_6756,2025-10-09 12:00:00,2625.403887678088,2910.6513798937385,1714.1605147569257
forecast_6757,2025-10-09 13:00:00,2255.1221756257787,2571.098518138758,1604.69158103132
forecast_6758,2025-10-09 14:00:00,1946.2530044634907,2306.5991017852575,1202.1473288187287
forecast_6759,2025-10-09 15:00:00,1844.9759467450515,2182.658463230523,851.5990847740369
forecast_6760,2025-10-09 16:00:00,2179.2264344185564,2404.3718807469695,1067.099930264943
forecast_6761,2025-10-09 17:00:00,2086.466285744013,2408.8638658887226,935.4297848683417
forecast_6762,2025-10-09 18:00:00,2379.937514225093,2293.7361005573666,831.71281007025
forecast_6763,2025-10-09 19:00:00,2132.299391583828,2065.4506383630687,689.570909460446
forecast_6764,2025-10-09 20:00:00,1915.7845368961089,1964.6553942458636,653.4879532108083
forecast_6765,2025-10-09 21:00:00,1953.0492465567188,1779.000363860382,680.4169928090049
forecast_6766,2025-10-09 22:00:00,1605.941264723988,1466.782929882155,525.8402601214207
forecast_6767,2025-10-09 23:00:00,1734.5755062996866,1585.432673352577,594.9580495442743
forecast_6768,2025-10-10 00:00:00,1433.094465177491,1186.6654487398528,542.6239450999999
forecast_6769,2025-10-10 01:00:00,1583.5490259326966,1234.2594938497627,660.8425552902253
forecast_6770,2025-10-10 02:00:00,1449.8619182849734,1078.542886707575,563.4087084970893
forecast_6771,2025-10-10 03:00:00,1587.409205385221,1195.452588711423,575.4423242738071
forecast_6772,2025-10-10 04:00:00,1706.2841112559893,1428.2684597233617,545.7809813097791
forecast_6773,2025-10-10 05:00:00,1514.1783248973918,1458.7739623905763,564.6325035615497
forecast_6774,2025-10-10 06:00:00,1461.4996556840963,1292.5785412975786,631.1412148310366
forecast_6775,2025-10-10 07:00:00,1406.1488984896184,1164.849684154872,575.5539966533083
forecast_6776,2025-10-10 08:00:00,1494.8385096363434,1340.422564119552,697.9857820475164
forecast_6777,2025-10-10 09:00:00,1570.7549703848936,1281.2404003288646,619.3118700342367
forecast_6778,2025-10-10 10:00:00,1430.190681659233,1209.1079082103959,726.66982664428
forecast_6779,2025-10-10 11:00:00,1173.5726790121905,1070.4623385646316,582.1440467988692
forecast_6780,2025-10-10 12:00:00,1145.0788018730243,1089.792196028179,512.623295518011
forecast_6781,2025-10-10 13:00:00,1297.7756512784072,1095.9346433394626,535.1258183313408
forecast_6782,2025-10-10 14:00:00,1636.04014999466,1458.9667890741398,875.4418524836915
forecast_6783,2025-10-10 15:00:00,1576.1508839950015,1437.3332830932895,698.3577791804092
forecast_6784,2025-10-10 16:00:00,1534.1216132003074,1475.8878882345412,675.3317939563307
forecast_6785,2025-10-10 17:00:00,1562.336950370677,1371.1453532008964,677.1944908015918
forecast_6786,2025-10-10 18:00:00,1522.3426816024544,1383.1343730540682,749.3291371637807
forecast_6787,2025-10-10 19:00:00,1759.303638668641,1783.8484940794647,682.383659279313
forecast_6788,2025-10-10 20:00:00,2302.4431242561377,2053.636040597117,1022.5967574638331
forecast_6789,2025-10-10 21:00:00,2640.0823883643357,2333.0833824154224,1245.1148255429923
forecast_6790,2025-10-10 22:00:00,2991.2279616370124,3142.5543840233076,1498.3494678765842
forecast_6791,2025-10-10 23:00:00,2223.634628273504,2305.8570259939374,1103.4993338451436
forecast_6792,2025-10-11 00:00:00,2275.101488918536,2268.0915838678097,1319.5340816779074
forecast_6793,2025-10-11 01:00:00,6050.251541927694,5710.241640454522,2867.156655668153
forecast_6794,2025-10-11 02:00:00,3965.9700472786103,4251.3985475457675,2010.001378089114
forecast_6795,2025-10-11 03:00:00,4222.457713518053,6567.077060249929,2581.0565824894493
forecast_6796,2025-10-11 04:00:00,5020.763233364979,7488.762769192138,3489.080651470974
forecast_6797,2025-10-11 05:00:00,5529.206038634931,8458.227549500296,4563.903425106805
forecast_6798,2025-10-11 06:00:00,5260.086833251891,8019.646212861374,4530.700260158543
forecast_6799,2025-10-11 07:00:00,5578.694224369751,8357.465815143149,4925.959571983175
forecast_6800,2025-10-11 08:00:00,7540.581534542395,9645.058775091087,5490.228949287369
forecast_6801,2025-10-11 09:00:00,7714.572472254133,10197.644484979595,6017.744813550474
forecast_6802,2025-10-11 10:00:00,6774.883884442566,9122.693865261625,6168.7404720184295
forecast_6803,2025-10-11 11:00:00,6354.612058515554,7687.477393847662,5798.741304911251
forecast_6804,2025-10-11 12:00:00,7357.556579989574,8276.51863372275,5968.95279623877
forecast_6805,2025-10-11 13:00:00,8469.33590638617,9612.315734433798,7750.366282411309
forecast_6806,2025-10-11 14:00:00,8670.344017029101,9826.783636715127,7999.062939482758
forecast_6807,2025-10-11 15:00:00,9831.688131089146,10305.219573626198,9383.342749329337
forecast_6808,2025-10-11 16:00:00,9998.312452402582,10976.716145342578,9952.485701477035
forecast_6809,2025-10-11 17:00:00,9484.489901426377,9904.1692795475,8611.869895512486
forecast_6810,2025-10-11 18:00:00,8762.544025143292,8921.891183764867,7766.552210646917
forecast_6811,2025-10-11 19:00:00,9773.133511135273,10340.620483087765,8503.824386301996
forecast_6812,2025-10-11 20:00:00,10078.986547297578,11033.416491318074,9122.94539889751
forecast_6813,2025-10-11 21:00:00,10041.322448111834,11083.076148096256,8980.145393439952
forecast_6814,2025-10-11 22:00:00,9749.013351430005,11088.16939827639,8479.536561643572
forecast_6815,2025-10-11 23:00:00,8777.987415558313,10266.70893726917,7523.521693396035
forecast_6816,2025-10-12 00:00:00,7129.945388223695,8698.201390690763,6741.388409116084
forecast_6817,2025-10-12 01:00:00,7954.591131790236,8774.045854798245,6892.4242095213785
forecast_6818,2025-10-12 02:00:00,6120.824399590269,7377.666785953389,5901.80001832997
forecast_6819,2025-10-12 03:00:00,5651.48093247982,6612.669264702233,5696.333561898707
forecast_6820,2025-10-12 04:00:00,4996.039961075902,5889.897457985275,5463.130709042714
forecast_6821,2025-10-12 05:00:00,3447.208615867482,3915.553809977312,3710.968639219812
forecast_6822,2025-10-12 06:00:00,3225.66111951418,3598.667894086269,2409.1852100798365
forecast_6823,2025-10-12 07:00:00,2414.74515753937,2695.149728526088,1756.0111576635102
forecast_6824,2025-10-12 08:00:00,2190.123799007754,2325.115127694975,1373.7921741561686
forecast_6825,2025-10-12 09:00:00,2506.3227006670727,3076.6657516899254,1659.5741897342607
forecast_6826,2025-10-12 10:00:00,3853.951200857846,4740.634516428374,3157.5621925470145
forecast_6827,2025-10-12 11:00:00,4599.0250612273085,5489.35128007378,4034.1170448707717
forecast_6828,2025-10-12 12:00:00,4015.0886864107115,4870.551166762484,3383.165534049602
forecast_6829,2025-10-12 13:00:00,4477.300978304352,5558.617383273677,3963.9785025690962
forecast_6830,2025-10-12 14:00:00,5116.675748320127,6435.230634846317,4977.498162984436
forecast_6831,2025-10-12 15:00:00,5121.062946197473,6670.442973918963,4929.32157348827
forecast_6832,2025-10-12 16:00:00,4120.252029849727,5870.1745460416605,4126.232477429143
forecast_6833,2025-10-12 17:00:00,4097.953076108067,5348.523172164703,4007.64240888116
forecast_6834,2025-10-12 18:00:00,4437.115152003865,6493.142822352009,5136.566408936024
forecast_6835,2025-10-12 19:00:00,5334.999514965022,7598.771125814988,5429.301226805262
forecast_6836,2025-10-12 20:00:00,5186.399865553473,7353.81843389023,5377.071309684961
forecast_6837,2025-10-12 21:00:00,4822.0256179527605,6212.195393984551,4098.994504316559
forecast_6838,2025-10-12 22:00:00,4000.5065826278174,4777.144135511117,3139.5808850315325
forecast_6839,2025-10-12 23:00:00,3297.542175199834,4100.525877190569,3334.808314459707
forecast_6840,2025-10-13 00:00:00,3237.7147761508254,4003.7883857805355,2551.9199752583786
forecast_6841,2025-10-13 01:00:00,2764.305840189862,2818.7374283366557,1225.8009802029978
forecast_6842,2025-10-13 02:00:00,2225.3840028492773,2412.7473884736432,1000.9054445519889
forecast_6843,2025-10-13 03:00:00,1820.3956568040333,1589.3223375623386,856.3108674387314
forecast_6844,2025-10-13 04:00:00,1572.564295510379,1269.89151679862,702.2570013999017
forecast_6845,2025-10-13 05:00:00,1736.0783398875724,1879.348904562229,1019.0908131781973
forecast_6846,2025-10-13 06:00:00,2321.099732619247,3166.837132540503,1940.4887881857
forecast_6847,2025-10-13 07:00:00,3430.3668856891163,4467.9188980005265,3032.6702374864385
forecast_6848,2025-10-13 08:00:00,3419.329193096152,4801.805312403331,3257.613251311543
forecast_6849,2025-10-13 09:00:00,3100.616396356241,4371.909597551184,3091.4663691017568
forecast_6850,2025-10-13 10:00:00,3510.497133752543,4762.774817043541,3432.1803151927807
forecast_6851,2025-10-13 11:00:00,3320.788441877398,4756.120010035378,3077.905328240856
forecast_6852,2025-10-13 12:00:00,3175.3218086345655,4720.350828764961,3588.383146476831
forecast_6853,2025-10-13 13:00:00,3139.7122949334603,4365.453509509149,3415.1677528655546
forecast_6854,2025-10-13 14:00:00,2729.99140815384,4347.729147173629,2620.638679064573
forecast_6855,2025-10-13 15:00:00,2985.361397464614,4451.944804284652,3056.6088005845154
forecast_6856,2025-10-13 16:00:00,3390.270540632037,4895.971912762217,3034.206802622497
forecast_6857,2025-10-13 17:00:00,3846.0589938076632,5391.922024684025,3472.8092295728443
forecast_6858,2025-10-13 18:00:00,3379.81692895028,4378.9816380675065,3046.0590761956396
forecast_6859,2025-10-13 19:00:00,4026.864169004782,4981.056467641595,3196.7604695631358
forecast_6860,2025-10-13 20:00:00,3813.7828407321153,4245.869724044845,3084.837317335156
forecast_6861,2025-10-13 21:00:00,4602.634937726693,5750.473135700848,3904.735343986798
forecast_6862,2025-10-13 22:00:00,4637.902594982105,4986.597581132226,3385.8513899775835
forecast_6863,2025-10-13 23:00:00,5158.084171072675,5327.725786121008,3524.7073619878583
forecast_6864,2025-10-14 00:00:00,5367.437894949369,5770.923172771069,4001.745324595225
forecast_6865,2025-10-14 01:00:00,6149.569041387707,6591.618396739563,3972.436110240289
forecast_6866,2025-10-14 02:00:00,6426.38940099944,7225.111876799918,4290.906413852714
forecast_6867,2025-10-14 03:00:00,6194.7884489315775,7065.149488736442,4042.3251477906965
forecast_6868,2025-10-14 04:00:00,5578.9177868312045,6572.994081788178,3724.403232467016
forecast_6869,2025-10-14 05:00:00,4862.270593339605,6010.117869383843,3563.6459880144525
forecast_6870,2025-10-14 06:00:00,4010.016533400462,5414.442789415901,3454.08356701291
forecast_6871,2025-10-14 07:00:00,4139.690503018158,5665.888384181499,3847.2344105005263
forecast_6872,2025-10-14 08:00:00,4525.686429528167,5477.390001048797,4047.289177644504
forecast_6873,2025-10-14 09:00:00,5012.4220026416115,6162.523396816764,4966.073166075914
forecast_6874,2025-10-14 10:00:00,4674.359000111111,6195.288749865108,4470.276513413161
forecast_6875,2025-10-14 11:00:00,4572.333747523733,6204.825717162294,3849.8126867055307
forecast_6876,2025-10-14 12:00:00,4410.609445612436,5763.856536619415,3518.250536469833
forecast_6877,2025-10-14 13:00:00,3917.33418732683,5227.418161594074,3141.1563567157928
forecast_6878,2025-10-14 14:00:00,3919.879394746868,5173.784961333998,3578.733639383698
forecast_6879,2025-10-14 15:00:00,4094.1123264062876,4995.645070444746,3320.0135663797023
forecast_6880,2025-10-14 16:00:00,3211.1129638707503,4012.7314998613574,2962.628065588545
forecast_6881,2025-10-14 17:00:00,3473.1489020566237,4445.748826123182,2964.4125718860073
forecast_6882,2025-10-14 18:00:00,3501.193509361283,4305.266251076057,2729.266710916963
forecast_6883,2025-10-14 19:00:00,2832.7032514619536,3583.8483216549703,2461.6179319166545
forecast_6884,2025-10-14 20:00:00,3109.474167660012,3799.8651944948465,2341.217289672993
forecast_6885,2025-10-14 21:00:00,3282.6024334483436,4236.596084121853,2486.8568366816553
forecast_6886,2025-10-14 22:00:00,3209.7192008422144,3924.756458956587,2323.466530666522
forecast_6887,2025-10-14 23:00:00,3291.4049457737815,3805.1565261978135,2226.85396727069
forecast_6888,2025-10-15 00:00:00,3437.59210051399,3818.939856099511,2150.3056065043306
forecast_6889,2025-10-15 01:00:00,2884.8677372617212,3193.1027346149685,1190.3632979242072
forecast_6890,2025-10-15 02:00:00,2996.400059022432,3245.1399848376523,1083.4332838203438
forecast_6891,2025-10-15 03:00:00,3114.9637557106253,3250.4635341311546,1081.0942121146486
forecast_6892,2025-10-15 04:00:00,2961.62532237369,3119.476216496531,963.1381649550619
forecast_6893,2025-10-15 05:00:00,2878.3134617994647,2988.819230931191,927.0428172293206
forecast_6894,2025-10-15 06:00:00,2988.513249432682,2998.105647049319,967.3630708331917
forecast_6895,2025-10-15 07:00:00,3113.661199257551,2771.1578834008274,970.7677566724954
forecast_6896,2025-10-15 08:00:00,2785.845692538649,2616.5692658075855,983.0867792917194
forecast_6897,2025-10-15 09:00:00,2351.258976500651,2047.459264578366,983.6734435143912
forecast_6898,2025-10-15 10:00:00,1590.2498270030342,1585.490517246281,866.7094961699346
forecast_6899,2025-10-15 11:00:00,1475.4796839148619,1436.1947532483682,802.9833049691543
forecast_6900,2025-10-15 12:00:00,1461.1776696689567,1530.9937762655836,896.8008599451842
forecast_6901,2025-10-15 13:00:00,1215.4104077568945,1160.2238902986226,787.2514867224207
forecast_6902,2025-10-15 14:00:00,1047.1676506792603,1019.9992358312194,670.7470065514003
forecast_6903,2025-10-15 15:00:00,987.8806319555863,954.9319501173062,595.3270209497575
forecast_6904,2025-10-15 16:00:00,1479.145998675791,1273.0607147195908,616.7528243496688
forecast_6905,2025-10-15 17:00:00,1838.0602422315412,1749.072987906206,651.5067309715783
forecast_6906,2025-10-15 18:00:00,1731.501695463336,1567.0542960292128,625.2095392466248
forecast_6907,2025-10-15 19:00:00,1685.6694993111148,1445.874946182022,554.4241196429032
forecast_6908,2025-10-15 20:00:00,2123.962270858642,2004.3289693818397,746.8027031343968
forecast_6909,2025-10-15 21:00:00,2298.608689717507,1806.8370649298624,881.091213133319
forecast_6910,2025-10-15 22:00:00,2775.0803347112546,2547.9371407953167,1798.2100524283528
forecast_6911,2025-10-15 23:00:00,3387.4986329152957,3021.793482443317,2124.111431958451
forecast_6912,2025-10-16 00:00:00,3880.3174361375486,4061.5953736907254,2570.253295593817
forecast_6913,2025-10-16 01:00:00,2374.7715418417242,2317.135149642607,1161.916412711264
forecast_6914,2025-10-16 02:00:00,2889.4368355729193,2695.929759486041,1758.699903960854
forecast_6915,2025-10-16 03:00:00,2887.891347763543,2700.4034151308215,2688.4236816288235
forecast_6916,2025-10-16 04:00:00,2645.7890301670436,2078.242526772819,1882.0736870570108
forecast_6917,2025-10-16 05:00:00,2206.2660754662516,2524.8214926702776,1835.85149021865
forecast_6918,2025-10-16 06:00:00,2525.7421851528734,2815.3372289470394,2101.4170643562434
forecast_6919,2025-10-16 07:00:00,3193.480309256628,4217.659634857859,2851.7833314940767
forecast_6920,2025-10-16 08:00:00,3694.0890221002987,5097.079415377665,3547.8736704650732
forecast_6921,2025-10-16 09:00:00,3452.5301429039637,5039.495361648442,3295.232467351529
forecast_6922,2025-10-16 10:00:00,3269.4841183511403,4702.609845356992,3038.7261046151157
forecast_6923,2025-10-16 11:00:00,3480.7511569190406,4931.4606470601675,2954.7272054648824
forecast_6924,2025-10-16 12:00:00,3678.98721238113,4522.466805585602,2909.803414690586
forecast_6925,2025-10-16 13:00:00,3941.9433656635297,4403.855285281244,3236.937161046444
forecast_6926,2025-10-16 14:00:00,3750.7915540067092,4882.300909787128,3190.6099629670166
forecast_6927,2025-10-16 15:00:00,3346.7778802990633,4361.209052628852,2575.452553938194
forecast_6928,2025-10-16 16:00:00,2756.7255422024773,3559.173179321463,2234.0966936461027
forecast_6929,2025-10-16 17:00:00,2333.084604594666,3173.0141766042125,2040.01133565595
forecast_6930,2025-10-16 18:00:00,2269.5311054821636,3382.4047557383337,2037.574159682431
forecast_6931,2025-10-16 19:00:00,2521.0545907961978,3405.650902710447,2235.862873510131
forecast_6932,2025-10-16 20:00:00,2780.9943496620494,3619.0935907186868,2414.089018457705
forecast_6933,2025-10-16 21:00:00,3065.6003171660177,3661.2724096097704,2336.739223748379
forecast_6934,2025-10-16 22:00:00,2905.0677176882355,3542.5928932014517,2210.8588310415917
forecast_6935,2025-10-16 23:00:00,2861.1211394329866,3405.181728206909,2054.3247201332542
forecast_6936,2025-10-17 00:00:00,2660.131935390949,3272.620480207021,1606.251865129897
forecast_6937,2025-10-17 01:00:00,2841.074100423942,3562.11663255296,1721.767759658927
forecast_6938,2025-10-17 02:00:00,3222.3397367685307,3577.5510023670413,1426.6744438874402
forecast_6939,2025-10-17 03:00:00,3006.6025101136865,3310.3545667873245,1199.0993673942746
forecast_6940,2025-10-17 04:00:00,2828.517783768669,2995.6018367441366,1090.6666166823811
forecast_6941,2025-10-17 05:00:00,2515.608406320437,2856.637524486157,829.3121305401488
forecast_6942,2025-10-17 06:00:00,2274.03488933428,2560.3820464339706,710.6537247264889
forecast_6943,2025-10-17 07:00:00,2135.581099311196,2038.5574018831605,618.8196340095058
forecast_6944,2025-10-17 08:00:00,1742.1841184769794,1662.847146921453,567.4211536992303
forecast_6945,2025-10-17 09:00:00,1565.412916066825,1191.673554226949,395.19637433555755
forecast_6946,2025-10-17 10:00:00,796.3076651314858,685.7776877429919,330.6648396473765
forecast_6947,2025-10-17 11:00:00,522.5761153987,514.7824643126397,291.4151417647344
forecast_6948,2025-10-17 12:00:00,535.4918844364948,524.9421121501105,324.88957639597356
forecast_6949,2025-10-17 13:00:00,551.8704191331566,512.7378500214015,290.8670137318769
forecast_6950,2025-10-17 14:00:00,569.330093032202,613.9638958553516,318.4190549455943
forecast_6951,2025-10-17 15:00:00,738.320205180854,821.604097030601,390.5203209438152
forecast_6952,2025-10-17 16:00:00,1022.5239031264427,1119.9698595996756,494.6035797518646
forecast_6953,2025-10-17 17:00:00,1436.9391325815848,1509.8934675073285,576.3077879468474
forecast_6954,2025-10-17 18:00:00,1919.1285154997724,1807.3779455667311,725.113954591056
forecast_6955,2025-10-17 19:00:00,2225.0094953269795,2147.155902003621,951.4035078850405
forecast_6956,2025-10-17 20:00:00,2802.0220534980135,2988.178417419008,1251.1880234099388
forecast_6957,2025-10-17 21:00:00,4081.4415177378523,4603.822481627281,1885.2344524210034
forecast_6958,2025-10-17 22:00:00,5738.633285088447,6231.799504164981,2842.7274732702735
forecast_6959,2025-10-17 23:00:00,4737.849961163233,4792.903130425928,2276.904602994057
forecast_6960,2025-10-18 00:00:00,3535.7938707677768,3693.365654035084,1897.0764085585104
forecast_6961,2025-10-18 01:00:00,2455.5443638568954,2410.632047082069,1536.128845958998
forecast_6962,2025-10-18 02:00:00,3559.6918775489617,4689.115847398831,2917.6937767339386
forecast_6963,2025-10-18 03:00:00,3123.815075421148,4379.183475607865,2854.7064056605273
forecast_6964,2025-10-18 04:00:00,3428.3528638431426,4722.5943636444135,2777.542690494181
forecast_6965,2025-10-18 05:00:00,3127.730075488696,3622.076197837998,2512.5939342093748
forecast_6966,2025-10-18 06:00:00,2546.596060892034,3171.4777351495745,1929.3343673361342
forecast_6967,2025-10-18 07:00:00,2262.045144656212,2831.554250452624,1359.5053935881156
forecast_6968,2025-10-18 08:00:00,2084.014543552003,2382.0080708383944,1209.0931576200674
forecast_6969,2025-10-18 09:00:00,1950.6339079619333,2096.7053196628285,1238.6930429571019
forecast_6970,2025-10-18 10:00:00,1883.6744612039802,1941.9353012015465,1089.6742223256886
forecast_6971,2025-10-18 11:00:00,1880.687461398037,2000.9952891148719,1290.4430730195702
forecast_6972,2025-10-18 12:00:00,1671.169901695763,1731.8239809592376,1222.2696822051519
forecast_6973,2025-10-18 13:00:00,1845.3768779243846,2335.8806376892376,1648.5001024456599
forecast_6974,2025-10-18 14:00:00,1748.3662029753575,2434.4044360988455,1738.4505080993374
forecast_6975,2025-10-18 15:00:00,2220.5073758245053,3039.9980150558517,1958.000736782032
forecast_6976,2025-10-18 16:00:00,3010.3182334213407,3798.811350382334,2333.7761484998673
forecast_6977,2025-10-18 17:00:00,2689.478352039693,3705.373170370668,2136.7256110483786
forecast_6978,2025-10-18 18:00:00,2360.1265562173157,3084.6536292744436,1968.8761066311572
forecast_6979,2025-10-18 19:00:00,2250.31363174569,2895.526530774778,1867.09789417978
forecast_6980,2025-10-18 20:00:00,1807.2158208967542,2552.8162599172956,1329.596862803546
forecast_6981,2025-10-18 21:00:00,1903.0937778996972,2332.174327170159,1387.9127870564878
forecast_6982,2025-10-18 22:00:00,1658.0554197945826,1784.1176039808502,1151.3920200545397
forecast_6983,2025-10-18 23:00:00,1560.9746519466746,1619.994401108571,797.3455682139162
forecast_6984,2025-10-19 00:00:00,1276.4338466583563,1380.5183659984823,543.9979348881261
forecast_6985,2025-10-19 01:00:00,1153.2173749371577,1022.9393832003399,420.08352427854214
forecast_6986,2025-10-19 02:00:00,1154.425985837728,1037.2596266442927,422.15777040523244
forecast_6987,2025-10-19 03:00:00,1151.4071312611543,1075.392717479535,439.8671382146873
forecast_6988,2025-10-19 04:00:00,1243.223542987379,1173.4846380539557,444.8647748350669
forecast_6989,2025-10-19 05:00:00,1203.1865127167657,1103.584791637618,468.53568766242006
forecast_6990,2025-10-19 06:00:00,1125.1418574941106,1018.6370050223034,399.1413803543149
forecast_6991,2025-10-19 07:00:00,1251.2991281226502,1149.589610363238,473.33329118991145
forecast_6992,2025-10-19 08:00:00,1370.181278964133,1164.7657556375427,504.44474380680543
forecast_6993,2025-10-19 09:00:00,1293.4626049507922,1165.568510203379,606.295503395381
forecast_6994,2025-10-19 10:00:00,961.9277190681288,827.7917043628022,522.7782465476939
forecast_6995,2025-10-19 11:00:00,761.9452971335413,978.588224094057,680.5896511723035
forecast_6996,2025-10-19 12:00:00,753.9235146245519,949.4506764499038,684.9124129855925
forecast_6997,2025-10-19 13:00:00,1358.208219052548,1394.344327088644,1353.159889455766
forecast_6998,2025-10-19 14:00:00,3171.7676976009375,3992.5953541888957,3151.741661317523
forecast_6999,2025-10-19 15:00:00,4322.446586129007,4946.725381579133,3912.887083448385
forecast_7000,2025-10-19 16:00:00,4799.18892665706,5883.4371181744345,5441.627605370159
forecast_7001,2025-10-19 17:00:00,5191.275766919798,6554.363584895429,4671.1432419371795
forecast_7002,2025-10-19 18:00:00,5466.95190953922,6874.316383499268,4669.386521751823
forecast_7003,2025-10-19 19:00:00,7874.33851677147,8417.29393571017,5616.644957733533
forecast_7004,2025-10-19 20:00:00,8710.367199148124,9787.874462625989,7306.150463303781
forecast_7005,2025-10-19 21:00:00,6565.268525020187,6566.475895383407,4508.06491991162
forecast_7006,2025-10-19 22:00:00,5442.051357479423,4795.8566408829365,3219.6326647478613
forecast_7007,2025-10-19 23:00:00,5223.2808980014115,4465.355008671633,2725.459745402196
forecast_7008,2025-10-20 00:00:00,3837.5531131302027,3875.282038294397,2714.5850900198366
forecast_7009,2025-10-20 01:00:00,1953.7847047370333,2239.489744638244,1309.0467862291505
forecast_7010,2025-10-20 02:00:00,1432.9433934951714,1735.1767518434715,1336.3401950917391
forecast_7011,2025-10-20 03:00:00,1449.3491888887268,1752.5646616209567,1288.8178357590639
forecast_7012,2025-10-20 04:00:00,1505.1529330080782,1782.394419190375,1464.508205159718
forecast_7013,2025-10-20 05:00:00,1579.0885029087178,2052.193665054364,1521.2979972418864
forecast_7014,2025-10-20 06:00:00,1781.4716616154806,2362.8153867685533,1640.3359721608642
forecast_7015,2025-10-20 07:00:00,1758.3062431820968,2400.585444816835,1197.1385156459344
forecast_7016,2025-10-20 08:00:00,1769.8347717749562,2397.2703434307964,1208.948361502447
forecast_7017,2025-10-20 09:00:00,2318.3666649009606,3037.769755927611,1775.2429045372555
forecast_7018,2025-10-20 10:00:00,1559.1925109143428,2023.018170108925,1711.1280415223782
forecast_7019,2025-10-20 11:00:00,1434.698845438082,2281.6691519913998,1812.4415992868242
forecast_7020,2025-10-20 12:00:00,1551.4660231819978,2259.060064633658,2028.1276803309631
forecast_7021,2025-10-20 13:00:00,1517.16697436462,2407.2161609274485,1837.6842668036502
forecast_7022,2025-10-20 14:00:00,1315.126096196448,1732.2909286897223,1250.787524948737
forecast_7023,2025-10-20 15:00:00,1143.1230227939263,1439.5926123226413,924.6853835688096
forecast_7024,2025-10-20 16:00:00,1299.2293993958,1314.6706877028541,671.6303317130064
forecast_7025,2025-10-20 17:00:00,1330.4306213850496,1236.4615027288025,571.8246325352811
forecast_7026,2025-10-20 18:00:00,1285.42146380955,1266.434086774266,566.6251673545414
forecast_7027,2025-10-20 19:00:00,1187.4803200691154,996.5768876875485,545.0222077980844
forecast_7028,2025-10-20 20:00:00,1130.4703686777095,913.2458988707083,539.4139083060893
forecast_7029,2025-10-20 21:00:00,1055.734188794811,907.2171185956232,549.9270445314594
forecast_7030,2025-10-20 22:00:00,1122.658764953011,835.0078684495952,567.3760819866907
forecast_7031,2025-10-20 23:00:00,959.4556048540877,845.9016108837602,572.7514269339645
forecast_7032,2025-10-21 00:00:00,911.8500423869759,844.5960239293613,616.1336091202588
forecast_7033,2025-10-21 01:00:00,1051.1674901469728,1083.4813097964761,587.6459751625058
forecast_7034,2025-10-21 02:00:00,1031.8688742950278,985.2089584605827,657.4978761942942
forecast_7035,2025-10-21 03:00:00,1058.699643071681,934.386274509072,682.7427484984266
forecast_7036,2025-10-21 04:00:00,1055.7242790179855,1020.5748120713965,708.4133719492384
forecast_7037,2025-10-21 05:00:00,1727.1886958978894,1640.8072058702962,1158.0351312209552
forecast_7038,2025-10-21 06:00:00,1361.1277425617773,1124.913827115332,659.7139454376495
forecast_7039,2025-10-21 07:00:00,1035.888141721502,1061.689748664055,584.4551973689636
forecast_7040,2025-10-21 08:00:00,982.756457286176,935.6914979622424,502.8343925469297
forecast_7041,2025-10-21 09:00:00,925.1984250974364,941.0944492386683,430.4078953507727
forecast_7042,2025-10-21 10:00:00,419.29387629855484,512.8687095292985,435.7237889920197
forecast_7043,2025-10-21 11:00:00,368.65422407515933,444.9132278689713,457.37645863314134
forecast_7044,2025-10-21 12:00:00,396.5346040316691,439.9251444522816,459.52098723440025
forecast_7045,2025-10-21 13:00:00,393.41577574894706,464.9004154940842,448.35120790075564
forecast_7046,2025-10-21 14:00:00,388.2481168655493,507.6434498255799,461.26441749542687
forecast_7047,2025-10-21 15:00:00,407.97946864878026,543.0561378742631,497.32299761384013
forecast_7048,2025-10-21 16:00:00,415.72104400524944,511.0063168122723,499.79215041697825
forecast_7049,2025-10-21 17:00:00,587.2887966536638,628.0786669522222,544.3879055561687
forecast_7050,2025-10-21 18:00:00,893.2941139559291,811.7235482699518,455.9052346561078
forecast_7051,2025-10-21 19:00:00,948.8048054845985,939.9092580214602,481.0025025893757
forecast_7052,2025-10-21 20:00:00,1095.455144046778,1079.494677920203,485.4103890189512
forecast_7053,2025-10-21 21:00:00,1142.5693433300692,1054.6540753257527,571.3104327626104
forecast_7054,2025-10-21 22:00:00,1123.977000629413,1148.8393142152524,615.5759643014998
forecast_7055,2025-10-21 23:00:00,1139.5585651529448,1069.292268001265,561.3923541181196
forecast_7056,2025-10-22 00:00:00,1639.5604460506172,1773.5425364306277,1177.087173362916
forecast_7057,2025-10-22 01:00:00,1049.3225998732626,964.8950024460137,467.4843756255352
forecast_7058,2025-10-22 02:00:00,1105.1178003553784,1107.0283039684975,527.0364210141782
forecast_7059,2025-10-22 03:00:00,1157.7171198508258,1243.1936144951237,580.266730572463
forecast_7060,2025-10-22 04:00:00,1112.7400464120726,1372.6665160517998,624.9232277021243
forecast_7061,2025-10-22 05:00:00,1135.3978968308666,1240.2388283220855,614.3741066577455
forecast_7062,2025-10-22 06:00:00,1181.3239920005137,1570.1845130824051,699.4043059230945
forecast_7063,2025-10-22 07:00:00,1259.872504213403,1479.979891620343,685.4523579422934
forecast_7064,2025-10-22 08:00:00,1480.6431121432,1938.4066536134817,934.4499942934641
forecast_7065,2025-10-22 09:00:00,2417.1430742656016,2940.791515975518,1730.6892156579736
forecast_7066,2025-10-22 10:00:00,1303.335671126669,1767.1207344456518,1095.7445106879334
forecast_7067,2025-10-22 11:00:00,2108.4758777606066,2160.2939366846017,1277.9692494067606
forecast_7068,2025-10-22 12:00:00,2361.0188190944173,2166.309952481806,1527.449944296436
forecast_7069,2025-10-22 13:00:00,2182.3873367939286,1921.910370149169,1327.1338628886165
forecast_7070,2025-10-22 14:00:00,1567.8963930814277,1358.3688301957316,955.3836330399374
forecast_7071,2025-10-22 15:00:00,1801.4368936211763,1614.6110322138786,847.8434895051121
forecast_7072,2025-10-22 16:00:00,2316.080052628367,2051.0163494918406,940.4425988638409
forecast_7073,2025-10-22 17:00:00,2132.817196753091,1629.3901433319675,779.0601208804542
forecast_7074,2025-10-22 18:00:00,1421.4955292448337,1291.628802085229,572.2014575974488
forecast_7075,2025-10-22 19:00:00,1320.4673751970797,1294.997259839528,508.34770915128706
forecast_7076,2025-10-22 20:00:00,1343.0027928445813,1077.7156083343336,376.3249746550157
forecast_7077,2025-10-22 21:00:00,1347.9157577067476,1070.9626611266222,370.45256798215974
forecast_7078,2025-10-22 22:00:00,1637.8411384009369,1047.160369311027,381.7330712242046
forecast_7079,2025-10-22 23:00:00,1671.642904509312,1193.8381009236223,457.00850130152907
forecast_7080,2025-10-23 00:00:00,1517.0872120311399,1102.8105342176602,390.2369964116978
forecast_7081,2025-10-23 01:00:00,1063.873567758284,845.4432578380848,353.36062524539494
forecast_7082,2025-10-23 02:00:00,1074.1399986272243,834.3221668670536,346.2020854128257
forecast_7083,2025-10-23 03:00:00,920.0370326389202,804.995668822095,334.8142778652774
forecast_7084,2025-10-23 04:00:00,884.8239256208358,789.4488538519755,382.1638286354981
forecast_7085,2025-10-23 05:00:00,856.2587195452091,773.7474272520116,394.04234168490916
forecast_7086,2025-10-23 06:00:00,878.3188720100693,770.7345365640078,380.09668390392227
forecast_7087,2025-10-23 07:00:00,856.2413582314304,793.4806135874626,372.36975003569063
forecast_7088,2025-10-23 08:00:00,819.5313701319542,734.5998464508438,319.14334861601384
forecast_7089,2025-10-23 09:00:00,775.9523796098633,720.6122591938762,306.20619839797905
forecast_7090,2025-10-23 10:00:00,345.5279937972755,341.0737829945279,253.9564198958995
forecast_7091,2025-10-23 11:00:00,308.36898379148784,338.3180790634547,302.4041357675878
forecast_7092,2025-10-23 12:00:00,288.6362523999497,371.34937165413675,297.9820496927732
forecast_7093,2025-10-23 13:00:00,435.2373802540637,491.4840705854877,375.9821079452732
forecast_7094,2025-10-23 14:00:00,540.6026739616959,554.0548544061623,486.88384210839763
forecast_7095,2025-10-23 15:00:00,388.1648507768339,448.1930425290108,436.94160663731725
forecast_7096,2025-10-23 16:00:00,781.13254061063,728.2067484284224,505.78480872213896
forecast_7097,2025-10-23 17:00:00,968.9556101553876,969.0208321334459,499.5556493512758
forecast_7098,2025-10-23 18:00:00,1045.2158860962538,1088.5829380526102,528.6631904361424
forecast_7099,2025-10-23 19:00:00,1111.0414738763502,1009.2671166758721,493.9104907034962
forecast_7100,2025-10-23 20:00:00,1065.4917850378238,978.0640494133469,511.2857984806458
forecast_7101,2025-10-23 21:00:00,1161.2906020831751,1136.70896913744,518.0256408243079
forecast_7102,2025-10-23 22:00:00,1131.9015443677501,1057.6798496289914,536.1947795232414
forecast_7103,2025-10-23 23:00:00,1202.4486464562665,1076.1248517795245,522.0240087834133
forecast_7104,2025-10-24 00:00:00,1173.8690006210645,1151.4400142784662,537.8277292300971
forecast_7105,2025-10-24 01:00:00,1274.765956369028,1371.7392914406294,736.5854232026198
forecast_7106,2025-10-24 02:00:00,1365.1892707269617,1354.7739547379692,743.356437147068
forecast_7107,2025-10-24 03:00:00,1849.2222777346117,2103.7338221910727,1212.8575413906394
forecast_7108,2025-10-24 04:00:00,2125.8116730399265,2538.6671178272027,1624.1128006342446
forecast_7109,2025-10-24 05:00:00,1827.0809337109972,2317.2085808065185,1357.659887562794
forecast_7110,2025-10-24 06:00:00,2679.962708534846,3315.8086707777434,1968.0137682782074
forecast_7111,2025-10-24 07:00:00,2937.9739969794746,3077.151193902667,1847.9070321005347
forecast_7112,2025-10-24 08:00:00,2524.9303764377046,2841.9802161368525,1088.2209629136992
forecast_7113,2025-10-24 09:00:00,2648.227866763216,2460.2506705805913,1590.60845861005
forecast_7114,2025-10-24 10:00:00,2636.6180812658563,2991.2064615511945,2516.365215330649
forecast_7115,2025-10-24 11:00:00,2649.1450935585176,2596.4961980455346,2452.2700271700533
forecast_7116,2025-10-24 12:00:00,2310.7933994201476,2281.8709427758527,2339.994570081848
forecast_7117,2025-10-24 13:00:00,2575.737186492957,2164.101271451705,1946.3059132849119
forecast_7118,2025-10-24 14:00:00,1592.9625971858454,1616.275146239986,1265.6664925922416
forecast_7119,2025-10-24 15:00:00,1213.4336372131734,1481.6603120484,992.3294195291252
forecast_7120,2025-10-24 16:00:00,1468.865428669499,1336.613059915794,824.7111584840276
forecast_7121,2025-10-24 17:00:00,1578.2507758177017,1542.9109035273345,540.5992913133492
forecast_7122,2025-10-24 18:00:00,2176.0169026676454,1593.132429973393,549.4908562956792
forecast_7123,2025-10-24 19:00:00,2390.833640229439,1516.270867905547,599.5757936365292
forecast_7124,2025-10-24 20:00:00,2438.024589144652,1567.1338189809808,582.2180363056796
forecast_7125,2025-10-24 21:00:00,2451.73681361717,1708.0798780412176,639.033052936095
forecast_7126,2025-10-24 22:00:00,2833.961220713727,2282.4811370373764,628.1544275531523
forecast_7127,2025-10-24 23:00:00,2041.4018767987857,1824.1933775348666,520.5492260585801
forecast_7128,2025-10-25 00:00:00,1758.618740065257,1618.9359774931365,486.185353111833
forecast_7129,2025-10-25 01:00:00,1781.72273006076,1633.501051819783,583.8231323031799
forecast_7130,2025-10-25 02:00:00,1653.8279992878956,1373.7626455020893,518.4571461533943
forecast_7131,2025-10-25 03:00:00,1167.2553509581646,1116.3411543138272,463.8129042586548
forecast_7132,2025-10-25 04:00:00,1277.7578805310716,1351.828216279357,721.2007561728004
forecast_7133,2025-10-25 05:00:00,1383.3111840217289,1285.4743793636997,555.309090731045
forecast_7134,2025-10-25 06:00:00,1524.9402159375202,1407.9672215176263,610.1230763583015
forecast_7135,2025-10-25 07:00:00,1402.6806686548066,1407.0198431691351,611.9201101144647
forecast_7136,2025-10-25 08:00:00,1125.42715065367,1078.7768958534423,523.8262212627711
forecast_7137,2025-10-25 09:00:00,1221.2424576261437,1186.3782794736883,621.8505056828812
forecast_7138,2025-10-25 10:00:00,482.31784053057896,422.15659183085756,334.65652469482836
forecast_7139,2025-10-25 11:00:00,518.4784689845651,475.66880682603335,442.1544229449995
forecast_7140,2025-10-25 12:00:00,711.040956513694,737.1468650515121,713.1784961677971
forecast_7141,2025-10-25 13:00:00,980.6757605364074,900.286014244484,745.3048528148131
forecast_7142,2025-10-25 14:00:00,1158.4621385695166,1015.3220099561855,694.439156543043
forecast_7143,2025-10-25 15:00:00,846.3665297691336,694.5207861159543,507.8467364573281
forecast_7144,2025-10-25 16:00:00,1030.8555094695423,1095.6351015480652,642.7022553055925
forecast_7145,2025-10-25 17:00:00,1253.1314814321902,1459.1771914757473,863.2860355672294
forecast_7146,2025-10-25 18:00:00,1393.7039419221635,1221.310350319515,695.3062681408941
forecast_7147,2025-10-25 19:00:00,1321.9311381879197,1061.6534885681563,609.2505295152334
forecast_7148,2025-10-25 20:00:00,1373.5985272671828,1095.6310505166687,521.1058332916076
forecast_7149,2025-10-25 21:00:00,1039.9487869250368,981.8707271854208,523.5238769152654
forecast_7150,2025-10-25 22:00:00,1044.5961222383633,979.1060129887105,590.340188342291
forecast_7151,2025-10-25 23:00:00,1371.6577906691261,1570.524392281119,719.9433945309286
forecast_7152,2025-10-26 00:00:00,1922.2755454085975,2257.0920195517556,927.7824296052394
forecast_7153,2025-10-26 01:00:00,986.7044148511305,934.0593765822011,529.616551372713
forecast_7154,2025-10-26 02:00:00,1585.6434212594784,1511.7774990109715,667.0790460171702
forecast_7155,2025-10-26 03:00:00,2204.156401880231,1997.0114221582103,964.4864812870642
forecast_7156,2025-10-26 04:00:00,2485.2222638805206,1933.5102725001,1163.3954310646513
forecast_7157,2025-10-26 05:00:00,2699.800202479761,2484.0021615902137,1487.1458648015985
forecast_7158,2025-10-26 06:00:00,2664.6878096406344,2348.2832856140353,1246.3342467487514
forecast_7159,2025-10-26 07:00:00,3187.1295420536853,2827.2813517984223,1606.0808778436372
forecast_7160,2025-10-26 08:00:00,3180.044373616353,3130.172117419347,2007.3970334185549
forecast_7161,2025-10-26 09:00:00,2988.639119372646,2936.2885103716485,1814.16990539348
forecast_7162,2025-10-26 10:00:00,2356.2267911786757,1914.9845677685585,1297.1150532395116
forecast_7163,2025-10-26 11:00:00,2069.842703072461,2111.9683991558845,1277.960284077802
forecast_7164,2025-10-26 12:00:00,3956.906264340399,3424.066033314566,2321.799035950008
forecast_7165,2025-10-26 13:00:00,3760.4140143434665,3601.442938562419,2253.8755270637607
forecast_7166,2025-10-26 14:00:00,4246.475612821235,4100.909669163874,2430.061022022756
forecast_7167,2025-10-26 15:00:00,4620.75306875336,4526.00975359055,2539.372428960129
forecast_7168,2025-10-26 16:00:00,4140.0504943751885,4330.558442598687,2659.031969778259
forecast_7169,2025-10-26 17:00:00,5825.9848140027525,5298.854428293443,3176.179309599823
forecast_7170,2025-10-26 18:00:00,8156.163589359087,7667.647669516173,6926.827220419684
forecast_7171,2025-10-26 19:00:00,9120.850052761636,10046.680839162911,7436.505929555254
forecast_7172,2025-10-26 20:00:00,10298.109995537841,11835.565984164143,9216.864210843889
forecast_7173,2025-10-26 21:00:00,11519.049530095153,12024.400042851794,9594.255543604428
forecast_7174,2025-10-26 22:00:00,12831.649478892283,12464.897306468634,10934.64705794415
forecast_7175,2025-10-26 23:00:00,12786.446906798608,12882.075487434819,10945.015286253021
forecast_7176,2025-10-27 00:00:00,13913.654074427257,13604.123113885555,11553.932179557416
forecast_7177,2025-10-27 01:00:00,15545.639222040401,15018.955585804082,14153.396673953686
forecast_7178,2025-10-27 02:00:00,16403.42730352612,17010.80641465965,14297.486067000771
forecast_7179,2025-10-27 03:00:00,16458.302542874702,16808.274515006797,13923.903754033712
forecast_7180,2025-10-27 04:00:00,16204.51052604258,15753.926213998115,13242.270634331953
forecast_7181,2025-10-27 05:00:00,15788.201104552862,16444.45147493753,12969.082852323736
forecast_7182,2025-10-27 06:00:00,14325.548195746966,14810.529980678282,10950.58030358
forecast_7183,2025-10-27 07:00:00,12008.684024710918,13080.24120072618,8629.842686806302
forecast_7184,2025-10-27 08:00:00,12166.662179921319,12697.05201330082,8097.7368348638865
forecast_7185,2025-10-27 09:00:00,11378.249031534631,12100.422297065177,7789.273160946513
forecast_7186,2025-10-27 10:00:00,10133.84290800888,10805.39682258158,7971.907812617772
forecast_7187,2025-10-27 11:00:00,10350.629817235342,10977.2665469201,8412.090409180226
forecast_7188,2025-10-27 12:00:00,11479.598771950461,11508.314694182844,8705.9150582753
forecast_7189,2025-10-27 13:00:00,12328.973102875465,11797.59414883934,8913.511964745698
forecast_7190,2025-10-27 14:00:00,12976.063981091316,12340.738767587929,9589.05903754553
forecast_7191,2025-10-27 15:00:00,13294.801365287401,12849.963973719461,9746.22637817571
forecast_7192,2025-10-27 16:00:00,14256.810067643708,12988.92197109867,10204.015564374471
forecast_7193,2025-10-27 17:00:00,14355.531955376127,13836.687750928946,10552.412866366185
forecast_7194,2025-10-27 18:00:00,14322.762352708374,13232.114826497353,11316.475175936224
forecast_7195,2025-10-27 19:00:00,13382.975168666144,12819.088671693626,9641.529280492745
forecast_7196,2025-10-27 20:00:00,13649.936458433607,12364.670976813946,9271.605542460491
forecast_7197,2025-10-27 21:00:00,13065.959230561442,11480.592102889937,8485.248611768806
forecast_7198,2025-10-27 22:00:00,11877.465386152853,11641.269050595032,8818.25364901723
forecast_7199,2025-10-27 23:00:00,11104.437530061552,11223.766127512517,7655.617510118954
forecast_7200,2025-10-28 00:00:00,11142.556583853106,10674.338759732067,6511.511048090542
forecast_7201,2025-10-28 01:00:00,12231.209338498022,12279.280299511482,9672.639212322025
forecast_7202,2025-10-28 02:00:00,13388.52099116588,14752.520118748775,10113.420088404107
forecast_7203,2025-10-28 03:00:00,12307.998355933734,13860.1205440822,9079.33488103065
forecast_7204,2025-10-28 04:00:00,12103.758939265075,13511.836571880887,9116.391633967203
forecast_7205,2025-10-28 05:00:00,11519.650481916797,12785.363825326094,9533.590757989576
forecast_7206,2025-10-28 06:00:00,11428.774550635899,12047.500206725466,9404.376417306627
forecast_7207,2025-10-28 07:00:00,11122.654792947982,11253.901154392272,7719.874857410947
forecast_7208,2025-10-28 08:00:00,9004.842858992079,10042.84470271727,6564.50169228797
forecast_7209,2025-10-28 09:00:00,7338.224125685397,6316.653470807554,4623.249076412711
forecast_7210,2025-10-28 10:00:00,4551.338446383581,3785.772028677284,3085.4183380570407
forecast_7211,2025-10-28 11:00:00,3448.6852001638213,2829.5794825073463,2173.0873104854827
forecast_7212,2025-10-28 12:00:00,3510.682766168405,2925.5755430478976,2005.444321697397
forecast_7213,2025-10-28 13:00:00,4291.074253392952,3309.795053108188,2269.176905518781
forecast_7214,2025-10-28 14:00:00,4433.83172272683,4181.553734943169,2577.630988643083
forecast_7215,2025-10-28 15:00:00,4454.581514121,4057.119581495725,2581.0202632120668
forecast_7216,2025-10-28 16:00:00,4198.346556741122,3779.6732138476677,2680.3359900144264
forecast_7217,2025-10-28 17:00:00,6057.761266821314,5135.650933812661,3551.7482416668554
forecast_7218,2025-10-28 18:00:00,8333.235626011805,7773.478893603372,5852.19805721177
forecast_7219,2025-10-28 19:00:00,8571.639860205834,8551.283745475916,6658.19932312597
forecast_7220,2025-10-28 20:00:00,8819.584275948388,9012.712984918555,6477.747143329804
forecast_7221,2025-10-28 21:00:00,9473.842299426962,9487.36219093216,7147.239281215568
forecast_7222,2025-10-28 22:00:00,9488.4558426631,8983.461155863244,7219.369159763565
forecast_7223,2025-10-28 23:00:00,9052.564763291373,7694.623861154741,6563.621416106644
forecast_7224,2025-10-29 00:00:00,8681.811820524174,7750.082539010974,6377.750245041023
forecast_7225,2025-10-29 01:00:00,5167.856008880085,4042.820671320347,2942.8823436073917
forecast_7226,2025-10-29 02:00:00,4520.155548182404,3711.6511574044252,2600.2486271799253
forecast_7227,2025-10-29 03:00:00,4852.135409880357,3605.107936721005,2345.7312184331913
forecast_7228,2025-10-29 04:00:00,4007.754803700882,2854.6389837296583,1987.1549290861424
forecast_7229,2025-10-29 05:00:00,2626.826812536002,2209.3619773204596,1382.6377768392163
forecast_7230,2025-10-29 06:00:00,2383.1128301352846,2076.6548561395475,1377.6135166923261
forecast_7231,2025-10-29 07:00:00,2088.382974059878,1864.7834624932702,1064.9915635945522
forecast_7232,2025-10-29 08:00:00,1133.488372203451,1382.4577725895522,634.5916020817755
forecast_7233,2025-10-29 09:00:00,670.9209163016517,811.5719977483328,381.17891307641855
forecast_7234,2025-10-29 10:00:00,382.3321333842654,391.6036734765499,292.92835235511825
forecast_7235,2025-10-29 11:00:00,277.67242331421244,311.4111926993242,246.20534606309002
forecast_7236,2025-10-29 12:00:00,276.827353032123,303.63362605758886,241.7623803974298
forecast_7237,2025-10-29 13:00:00,350.6238400857261,318.70012819924335,304.41220262616594
forecast_7238,2025-10-29 14:00:00,297.1024278907041,322.37962476427487,288.0083359187818
forecast_7239,2025-10-29 15:00:00,310.6458292685342,332.83007628918955,285.18816982265446
forecast_7240,2025-10-29 16:00:00,332.87668471055866,346.36562936513616,303.65952565713974
forecast_7241,2025-10-29 17:00:00,608.7190032280547,588.964963904661,349.20308269786227
forecast_7242,2025-10-29 18:00:00,1113.0879019231018,1065.239116168558,393.0108943081763
forecast_7243,2025-10-29 19:00:00,1203.1290403501503,1312.2250256083285,632.5825603665027
forecast_7244,2025-10-29 20:00:00,1560.149025117886,1633.7451614276715,1020.4179427930642
forecast_7245,2025-10-29 21:00:00,3149.68189563113,3471.914127920514,1873.053776265465
forecast_7246,2025-10-29 22:00:00,3706.5230472787966,4392.5279377637335,2768.600039264464
forecast_7247,2025-10-29 23:00:00,4614.303327462282,4880.528637662272,2787.5057266549725
forecast_7248,2025-10-30 00:00:00,7079.404360614902,7333.925638154239,4397.023245484972
forecast_7249,2025-10-30 01:00:00,5777.366039435849,6175.538890708446,3333.327848339124
forecast_7250,2025-10-30 02:00:00,8021.182898265382,8249.237108703494,4791.715189445915
forecast_7251,2025-10-30 03:00:00,11218.188595240612,11255.096030365281,7234.172266917146
forecast_7252,2025-10-30 04:00:00,11405.095930254663,12019.276511578333,8109.49239395979
forecast_7253,2025-10-30 05:00:00,11183.303143474699,11675.825164765834,7403.234322053661
forecast_7254,2025-10-30 06:00:00,11765.621439109596,12595.678972092655,8534.751942599944
forecast_7255,2025-10-30 07:00:00,8718.152174759653,9092.84187376968,5552.998166013713
forecast_7256,2025-10-30 08:00:00,7674.232153293415,7317.496923668799,4347.58238258268
forecast_7257,2025-10-30 09:00:00,6271.700026681468,6212.677946791889,3650.0479218913983
forecast_7258,2025-10-30 10:00:00,4689.563449596961,4493.914049584223,2885.5992933820753
forecast_7259,2025-10-30 11:00:00,1945.6721436092746,2229.1261767478554,1529.3412878818287
forecast_7260,2025-10-30 12:00:00,1489.9556547647492,1593.2814056653558,1080.7592964154817
forecast_7261,2025-10-30 13:00:00,1386.1182082107514,1485.025844771698,1077.439216703861
forecast_7262,2025-10-30 14:00:00,1065.9185073012763,1003.8658898321238,854.1347597480145
forecast_7263,2025-10-30 15:00:00,915.6869743824367,666.8896697201412,773.3662496594188
forecast_7264,2025-10-30 16:00:00,1269.2215498694432,826.0685940676398,827.8251488503013
forecast_7265,2025-10-30 17:00:00,3046.422403175887,2406.8819980300595,1602.1055477460282
forecast_7266,2025-10-30 18:00:00,3700.2740500614777,2966.7193739847594,1639.9168874132122
forecast_7267,2025-10-30 19:00:00,3352.640577742682,2761.994611997723,1894.1114490708699
forecast_7268,2025-10-30 20:00:00,3732.431437865965,3139.874798392441,2214.7691072832145
forecast_7269,2025-10-30 21:00:00,2926.6282965779387,2533.4164126053583,2084.1716527819267
forecast_7270,2025-10-30 22:00:00,2231.97088772261,2191.7311398869415,1690.7451202809018
forecast_7271,2025-10-30 23:00:00,2471.1364732290913,2147.2788185255285,1658.4730805225456
forecast_7272,2025-10-31 00:00:00,2223.155179516759,1953.678720538207,1328.007668122077
forecast_7273,2025-10-31 01:00:00,1132.1602330851645,1099.1351027242324,604.942455765928
forecast_7274,2025-10-31 02:00:00,999.0540283278646,857.1393183102603,457.7700450570935
forecast_7275,2025-10-31 03:00:00,927.3948531928448,802.2822834540979,425.1277798484931
forecast_7276,2025-10-31 04:00:00,930.5216631273022,814.6765002754564,443.97072984448704
forecast_7277,2025-10-31 05:00:00,892.5368883555767,839.0648368651108,392.40588548632616
forecast_7278,2025-10-31 06:00:00,935.5784495663581,855.5238248727763,391.20094394359114
forecast_7279,2025-10-31 07:00:00,939.3863718338395,867.6044402030785,388.1284308639581
forecast_7280,2025-10-31 08:00:00,841.2013229126461,779.0460495720017,338.5399732579603
forecast_7281,2025-10-31 09:00:00,883.9971323686125,859.3936226571117,348.38137441918445
forecast_7282,2025-10-31 10:00:00,385.6712131882345,444.65030685960386,290.84809991088997
forecast_7283,2025-10-31 11:00:00,392.3459667729418,459.1251270397823,315.97183813416416
forecast_7284,2025-10-31 12:00:00,361.42855088970697,425.10317215276797,277.7490193590724
forecast_7285,2025-10-31 13:00:00,306.01485000144027,362.0399313838419,260.66912071816665
forecast_7286,2025-10-31 14:00:00,305.1329383280962,331.24403646144026,267.402791123784
forecast_7287,2025-10-31 15:00:00,311.8121643472786,318.88931854704884,275.17514793647695
forecast_7288,2025-10-31 16:00:00,474.8307854678387,370.08866964348357,311.5220621944094
forecast_7289,2025-10-31 17:00:00,590.0174348285111,497.27872900285155,299.4943719326936
forecast_7290,2025-10-31 18:00:00,780.8333542123538,799.9291322949082,385.71603385173705
forecast_7291,2025-10-31 19:00:00,1475.9954256714543,1665.0673194609385,618.9568075543
forecast_7292,2025-10-31 20:00:00,3225.0998784493295,3026.9117595751377,1622.074084230156
forecast_7293,2025-10-31 21:00:00,6005.586168675582,5781.498009586569,3982.1311972308686
forecast_7294,2025-10-31 22:00:00,7573.305830265894,7362.728340541891,4938.356369406238
forecast_7295,2025-10-31 23:00:00,7301.18592165364,7747.834461568266,5203.908304976578
forecast_7296,2025-11-01 00:00:00,7711.1193269368405,9704.78990620895,5893.923469720387
forecast_7297,2025-11-01 01:00:00,8447.508489757016,9631.765081739768,6773.510864005994
forecast_7298,2025-11-01 02:00:00,8027.9970193714025,9465.441201281003,6681.4845709558995
forecast_7299,2025-11-01 03:00:00,9011.95666679725,9196.13362582369,7437.977023641546
forecast_7300,2025-11-01 04:00:00,10075.600198481878,10035.211888765967,8221.303673662167
forecast_7301,2025-11-01 05:00:00,10760.377890909213,11564.310945133013,9709.127351281662
forecast_7302,2025-11-01 06:00:00,11335.896157115623,11640.544278644109,9722.37646963709
forecast_7303,2025-11-01 07:00:00,12010.18792396768,12002.840257491383,9044.320265935332
forecast_7304,2025-11-01 08:00:00,12328.517739806573,12419.488362284083,9866.439875350714
forecast_7305,2025-11-01 09:00:00,12689.713376809148,13080.624189225435,10588.967406079139
forecast_7306,2025-11-01 10:00:00,12818.91126396186,13063.598271850198,9960.210238253896
forecast_7307,2025-11-01 11:00:00,12987.673089082826,12469.496707880642,9092.14659520341
forecast_7308,2025-11-01 12:00:00,12774.61545569655,11788.681364238904,9057.00210138632
forecast_7309,2025-11-01 13:00:00,12932.236748176523,11882.083598340449,9243.984519929638
forecast_7310,2025-11-01 14:00:00,13156.099754823268,12007.221314024782,9546.1963463504
forecast_7311,2025-11-01 15:00:00,13181.191219420722,12273.80324371045,9696.420505494892
forecast_7312,2025-11-01 16:00:00,13076.928475494704,12563.410031393856,9705.596411593984
forecast_7313,2025-11-01 17:00:00,13142.787079744628,12684.113094698007,10624.22272025959
forecast_7314,2025-11-01 18:00:00,13279.59872722551,13121.145944971362,11200.623256157114
forecast_7315,2025-11-01 19:00:00,13741.565831854894,13409.67573633549,12184.84450277651
forecast_7316,2025-11-01 20:00:00,14520.22520589513,14953.153634469858,13478.157988776367
forecast_7317,2025-11-01 21:00:00,14828.427263584103,15488.816785251844,13318.087161512105
forecast_7318,2025-11-01 22:00:00,14959.064304558178,15126.137317880059,13155.60696421065
forecast_7319,2025-11-01 23:00:00,16204.968573619257,16390.731021626398,13593.163935685781
forecast_7320,2025-11-02 00:00:00,16701.83573203807,16901.078128057994,14279.161800636637
forecast_7321,2025-11-02 01:00:00,16488.075421430527,16905.89399671809,14513.574555668847
forecast_7322,2025-11-02 02:00:00,16930.603889918388,17233.275777088576,14687.379242995292
forecast_7323,2025-11-02 03:00:00,16937.830195439095,16987.184681302708,14555.825986798272
forecast_7324,2025-11-02 04:00:00,16834.037713042613,16630.254620931366,14415.741522792838
forecast_7325,2025-11-02 05:00:00,16486.28939149648,16354.788368433936,14481.159927558103
forecast_7326,2025-11-02 06:00:00,15824.387897361416,15696.904017046892,13874.723955313495
forecast_7327,2025-11-02 07:00:00,15568.363957864738,16173.1983362468,13534.369174413176
forecast_7328,2025-11-02 08:00:00,16691.411690292338,17260.681095047003,14029.598177198768
forecast_7329,2025-11-02 09:00:00,15719.512917331489,16839.607278669122,13408.692660644117
forecast_7330,2025-11-02 10:00:00,14934.7612064283,16136.537125244244,12874.8296393712
forecast_7331,2025-11-02 11:00:00,15094.369183744731,16107.930616738628,13096.465133092433
forecast_7332,2025-11-02 12:00:00,14760.194338173458,15176.234174585845,12287.64339969223
forecast_7333,2025-11-02 13:00:00,14042.377306080007,14887.643170823698,11831.659187831852
forecast_7334,2025-11-02 14:00:00,13876.47647936166,14647.05081610158,11093.097585234009
forecast_7335,2025-11-02 15:00:00,13760.928893127955,14534.162248566874,10324.92899350933
forecast_7336,2025-11-02 16:00:00,13792.84434222718,14131.878659992564,9892.600740545724
forecast_7337,2025-11-02 17:00:00,13258.738169947545,13531.446039821745,9299.512935396404
forecast_7338,2025-11-02 18:00:00,12594.20303602693,11628.518182552598,8020.112100323588
forecast_7339,2025-11-02 19:00:00,12185.499115450693,11181.91719233772,8440.97422462404
forecast_7340,2025-11-02 20:00:00,11666.050604264066,10481.567749775319,8880.975392311235
forecast_7341,2025-11-02 21:00:00,9031.526534908959,9022.337195165648,6262.124514767383
forecast_7342,2025-11-02 22:00:00,9103.630299426028,8625.211366524596,6721.664276227175
forecast_7343,2025-11-02 23:00:00,8128.578522877837,8593.332742299246,6341.417151726119
forecast_7344,2025-11-03 00:00:00,5021.247736136347,4904.235328559525,2836.889453980666
forecast_7345,2025-11-03 01:00:00,4486.113946033122,4512.52403570249,2162.576325391257
forecast_7346,2025-11-03 02:00:00,3641.5839873948603,3873.6531303913393,1847.4115146496142
forecast_7347,2025-11-03 03:00:00,2853.704983044503,2755.129715596147,1529.8348718012678
forecast_7348,2025-11-03 04:00:00,3039.9939646238104,3540.440388491622,2124.284962825165
forecast_7349,2025-11-03 05:00:00,2724.5931541845785,2730.2324831760384,1935.563293951515
forecast_7350,2025-11-03 06:00:00,2229.3179835945575,2542.192254250133,1804.4393356165767
forecast_7351,2025-11-03 07:00:00,2039.3692935750998,2164.0183536863888,1443.4642285790808
forecast_7352,2025-11-03 08:00:00,1915.5066095883851,2083.7909461757376,1308.302105966889
forecast_7353,2025-11-03 09:00:00,1833.038049736551,2495.2741480354225,1592.5883720431134
forecast_7354,2025-11-03 10:00:00,915.9459329208968,1388.4452354656746,1327.734929767618
forecast_7355,2025-11-03 11:00:00,372.41677385952096,624.6652746000608,975.648968566936
forecast_7356,2025-11-03 12:00:00,289.99494021174996,403.71321251407534,465.07401424428076
forecast_7357,2025-11-03 13:00:00,277.80183469402965,339.43167879224956,277.55560102609354
forecast_7358,2025-11-03 14:00:00,274.7247227898119,318.2376742792218,252.7479199938444
forecast_7359,2025-11-03 15:00:00,268.8989729408206,316.8721631212259,246.18822247124382
forecast_7360,2025-11-03 16:00:00,282.77139597992834,334.42851854037576,239.44559374884935
forecast_7361,2025-11-03 17:00:00,495.30458751750217,495.0464544472974,266.37719003232604
forecast_7362,2025-11-03 18:00:00,682.2403716019222,638.1454782783729,306.823473813072
forecast_7363,2025-11-03 19:00:00,915.644932662986,931.7071937085595,360.81596274952284
forecast_7364,2025-11-03 20:00:00,1564.4827814302744,1414.9740151380129,655.3831034405658
forecast_7365,2025-11-03 21:00:00,1769.7939172687634,1862.6481854847434,921.631254741884
forecast_7366,2025-11-03 22:00:00,2166.091888892403,2586.2876904728178,1367.8537056157872
forecast_7367,2025-11-03 23:00:00,5402.928500525564,4884.729864577342,3261.9006433712375
forecast_7368,2025-11-04 00:00:00,8115.062127692333,8735.094247098907,5752.033698886048
forecast_7369,2025-11-04 01:00:00,7040.416729528356,7493.984388207914,4579.847155762665
forecast_7370,2025-11-04 02:00:00,7296.241153726634,8189.438136281582,4434.132392289323
forecast_7371,2025-11-04 03:00:00,7046.934249293135,8741.520735691101,4541.605573110388
forecast_7372,2025-11-04 04:00:00,8940.625432633764,9112.252815668293,5302.538089623455
forecast_7373,2025-11-04 05:00:00,10205.175207977667,9697.712347953586,6121.628593161814
forecast_7374,2025-11-04 06:00:00,10215.225227410656,10694.208644749602,6757.997407636723
forecast_7375,2025-11-04 07:00:00,10749.884681695241,10997.81379593821,7894.237319738203
forecast_7376,2025-11-04 08:00:00,10625.31415501893,11168.387398199253,7210.535811275588
forecast_7377,2025-11-04 09:00:00,11207.972656113394,12789.990225412881,8321.012019619642
forecast_7378,2025-11-04 10:00:00,10930.264496528349,12572.886287938243,12103.159438985236
forecast_7379,2025-11-04 11:00:00,11226.208438430736,12138.638802401172,11936.715580780046
forecast_7380,2025-11-04 12:00:00,10182.479302090904,11107.899689825119,10937.375799656125
forecast_7381,2025-11-04 13:00:00,9951.196087521346,9871.967209265855,9912.538935496057
forecast_7382,2025-11-04 14:00:00,9973.032004044226,9940.07304536508,9511.806696827856
forecast_7383,2025-11-04 15:00:00,10192.091468405928,10256.856669332885,9751.073703436303
forecast_7384,2025-11-04 16:00:00,10367.338270681194,9605.880091389014,10007.392847877292
forecast_7385,2025-11-04 17:00:00,11143.852075987055,10371.112361199217,9488.116878164583
forecast_7386,2025-11-04 18:00:00,9204.613502501805,9267.61249635718,7884.477967250111
forecast_7387,2025-11-04 19:00:00,9251.5008239207,8565.230746635136,6318.9620711266425
forecast_7388,2025-11-04 20:00:00,8156.491305027117,7711.60934280577,5179.830515081907
forecast_7389,2025-11-04 21:00:00,8356.384697265723,7893.323969051809,5238.295986667901
forecast_7390,2025-11-04 22:00:00,8117.579307459523,7080.240354213326,4999.651953284419
forecast_7391,2025-11-04 23:00:00,6907.153606019018,6385.887048253418,4826.156834639572
forecast_7392,2025-11-05 00:00:00,6971.4716856009745,5340.666144036995,4271.300354426618
forecast_7393,2025-11-05 01:00:00,7143.652261292781,6198.40584998234,4073.7067748523946
forecast_7394,2025-11-05 02:00:00,4814.8442859158795,4158.838841443556,2582.8646927513896
forecast_7395,2025-11-05 03:00:00,2859.5516965920965,2196.52350284816,1776.0846773107328
forecast_7396,2025-11-05 04:00:00,1960.483710621167,1409.7651689567908,1045.7899651170374
forecast_7397,2025-11-05 05:00:00,1209.5792879598464,1092.6865496304897,614.1280069237581
forecast_7398,2025-11-05 06:00:00,965.7406273250018,936.0820956208557,460.99768191038737
forecast_7399,2025-11-05 07:00:00,905.932175598364,812.6075227808531,331.15342653672775
forecast_7400,2025-11-05 08:00:00,812.8225417945288,755.154140298307,300.5984721217861
forecast_7401,2025-11-05 09:00:00,851.1810621799128,703.8988307802342,297.7100518668441
forecast_7402,2025-11-05 10:00:00,371.84607586978564,370.3017702531119,248.09008351438337
forecast_7403,2025-11-05 11:00:00,289.21977364002004,325.2352658028042,243.5351405188703
forecast_7404,2025-11-05 12:00:00,295.103626077486,319.468261293821,236.70251591577534
forecast_7405,2025-11-05 13:00:00,275.2304326500495,314.5334370202138,239.5397705716077
forecast_7406,2025-11-05 14:00:00,268.271084666951,337.6539748008048,239.78611579429693
forecast_7407,2025-11-05 15:00:00,313.99781946458444,346.04409637581085,248.61252888438364
forecast_7408,2025-11-05 16:00:00,387.5794791368426,382.3486244154088,267.36192783441794
forecast_7409,2025-11-05 17:00:00,515.3008407679349,508.91441701749574,284.9231311080053
forecast_7410,2025-11-05 18:00:00,728.0951977302939,663.467284378285,342.1652719292529
forecast_7411,2025-11-05 19:00:00,830.3758861344533,738.7665921120395,351.67077572200657
forecast_7412,2025-11-05 20:00:00,867.814922640273,784.1980131873682,354.47375586945986
forecast_7413,2025-11-05 21:00:00,868.2017167140874,784.6950668662049,341.1910493199703
forecast_7414,2025-11-05 22:00:00,896.989419118107,807.1738986182851,358.24764688634514
forecast_7415,2025-11-05 23:00:00,882.7380905494234,841.3394688085385,391.48938848265686
forecast_7416,2025-11-06 00:00:00,940.2680005727616,930.6098844472632,451.9542197545077
forecast_7417,2025-11-06 01:00:00,1206.3085639678045,1170.0743420756794,643.2455266006566
forecast_7418,2025-11-06 02:00:00,2201.7687322745915,1981.7213153690652,1253.1843155525662
forecast_7419,2025-11-06 03:00:00,2959.975175667833,3038.0247678778446,2059.4793376753464
forecast_7420,2025-11-06 04:00:00,4036.0169593296177,3597.953880359987,2375.727246952176
forecast_7421,2025-11-06 05:00:00,5685.891729077786,4965.051005106615,3080.8936141999393
forecast_7422,2025-11-06 06:00:00,5396.761757759369,5217.400632667176,2941.962291992827
forecast_7423,2025-11-06 07:00:00,4753.9786637031675,3750.7259824304188,2401.0304335178475
forecast_7424,2025-11-06 08:00:00,2401.6371788128595,1902.062813253169,1179.2057702670645
forecast_7425,2025-11-06 09:00:00,1073.9619725652733,1002.5157407413218,617.5631725809324
forecast_7426,2025-11-06 10:00:00,573.1701439272953,523.1705301322783,356.5067007243609
forecast_7427,2025-11-06 11:00:00,308.6792253365612,389.23853497144376,301.4392189506654
forecast_7428,2025-11-06 12:00:00,286.88842507435646,336.37951951498786,277.00686029881564
forecast_7429,2025-11-06 13:00:00,277.5231894120698,326.37154045450114,258.9189907526221
forecast_7430,2025-11-06 14:00:00,300.0412019951993,343.3161006032226,288.1642573180427
forecast_7431,2025-11-06 15:00:00,369.46034591547084,361.8080519050776,303.97435387410883
forecast_7432,2025-11-06 16:00:00,414.6561878836593,426.110210856442,310.05782364721955
forecast_7433,2025-11-06 17:00:00,525.1213526661398,508.6305244123935,330.70966468029945
forecast_7434,2025-11-06 18:00:00,753.1497858324509,742.0873083752089,433.5551811939849
forecast_7435,2025-11-06 19:00:00,842.6190790408134,894.1654274051831,543.9074455902389
forecast_7436,2025-11-06 20:00:00,860.2741066326973,875.1550707827115,489.2237561463033
forecast_7437,2025-11-06 21:00:00,793.9006171048725,817.0653834365386,375.7223098828127
forecast_7438,2025-11-06 22:00:00,830.7171378432769,804.6462457442441,408.1069149254198
forecast_7439,2025-11-06 23:00:00,823.7999655295758,809.8079954080993,426.6873133182863
forecast_7440,2025-11-07 00:00:00,786.0226942809397,777.6522318364762,362.76984483785895
forecast_7441,2025-11-07 01:00:00,853.2614034278126,814.4343490433442,363.6813946765823
forecast_7442,2025-11-07 02:00:00,1537.40718173444,1547.1748051653278,869.5154593671894
forecast_7443,2025-11-07 03:00:00,1605.6719063968137,1885.3673161713227,1175.2572911511982
forecast_7444,2025-11-07 04:00:00,2271.64638777128,2626.9810476402045,1565.2002776436345
forecast_7445,2025-11-07 05:00:00,3024.7484799310196,3108.9863863363626,2146.7486140372166
forecast_7446,2025-11-07 06:00:00,4006.164574197636,3535.619465676201,2459.289179093496
forecast_7447,2025-11-07 07:00:00,2966.608157923759,2568.224589476025,1799.282284683738
forecast_7448,2025-11-07 08:00:00,986.6275460082851,1061.394774403287,543.2116966547491
forecast_7449,2025-11-07 09:00:00,611.3345853914176,644.8740767876862,348.87992504754703
forecast_7450,2025-11-07 10:00:00,303.94209319366786,336.267674700554,252.27836546719948
forecast_7451,2025-11-07 11:00:00,275.62418406998955,317.36212227909084,245.4740695678277
forecast_7452,2025-11-07 12:00:00,264.70495240819207,302.7471759903838,238.45582385880488
forecast_7453,2025-11-07 13:00:00,268.8807180725506,302.5232758207775,249.380945205452
forecast_7454,2025-11-07 14:00:00,276.9836309470833,330.95791200558153,269.55625110862076
forecast_7455,2025-11-07 15:00:00,342.77621969307063,455.5228364453313,408.93001796278963
forecast_7456,2025-11-07 16:00:00,542.2330632145688,667.008186116038,722.7245159878646
forecast_7457,2025-11-07 17:00:00,1208.0657424290305,1335.946469173619,927.6721067856708
forecast_7458,2025-11-07 18:00:00,1716.9763579954604,1934.6572680927509,884.2204720861698
forecast_7459,2025-11-07 19:00:00,1678.7452344832468,1996.8217302150483,823.0028911432332
forecast_7460,2025-11-07 20:00:00,1743.3333451817643,1994.9335188677878,1125.4147703786618
forecast_7461,2025-11-07 21:00:00,2215.8207488999305,2482.744629655461,1372.408268848373
forecast_7462,2025-11-07 22:00:00,2704.951690882607,2699.121908891585,1313.2239814922389
forecast_7463,2025-11-07 23:00:00,2929.3514676264117,2634.0062595065183,1117.8527118114212
forecast_7464,2025-11-08 00:00:00,2998.1525189505987,2728.5277341754877,1153.7058408557639
forecast_7465,2025-11-08 01:00:00,1814.7245643452334,1622.683541533693,601.2713526166547
forecast_7466,2025-11-08 02:00:00,1765.3856240849586,1366.999745424153,505.6074203842355
forecast_7467,2025-11-08 03:00:00,1781.3687620948012,1587.821795453901,643.4739009574331
forecast_7468,2025-11-08 04:00:00,1996.3862471997961,1910.8434505342418,890.8965906994601
forecast_7469,2025-11-08 05:00:00,2347.7544009448943,2411.9912903196455,1010.0537964131623
forecast_7470,2025-11-08 06:00:00,2554.518974288905,2285.267915704852,1490.0568166181222
forecast_7471,2025-11-08 07:00:00,2498.8254264339607,2501.7165853794413,1651.701774981311
forecast_7472,2025-11-08 08:00:00,2747.3646810822706,2288.0014446615487,1293.4980158554097
forecast_7473,2025-11-08 09:00:00,2477.2366940166257,2032.746430773062,1081.5049293885772
forecast_7474,2025-11-08 10:00:00,1709.383136887364,1580.032163779365,839.5382825391837
forecast_7475,2025-11-08 11:00:00,1585.7347991040835,1480.40269639996,708.5926043665211
forecast_7476,2025-11-08 12:00:00,1409.1909572308102,1583.5492061013385,875.2112699672621
forecast_7477,2025-11-08 13:00:00,1709.2022992097552,2444.6703299270093,1047.0315038496492
forecast_7478,2025-11-08 14:00:00,1518.6064985203932,2194.63302277122,972.5321391792938
forecast_7479,2025-11-08 15:00:00,1601.01683627043,1954.4596524766093,955.9029251187424
forecast_7480,2025-11-08 16:00:00,1618.4306281648246,2211.0098906223297,900.8890439099116
forecast_7481,2025-11-08 17:00:00,1861.2090383913621,1994.9492424712303,856.8770922478245
forecast_7482,2025-11-08 18:00:00,2324.7603525920595,2817.2235774988544,1390.6228602422952
forecast_7483,2025-11-08 19:00:00,3180.5691938170817,3526.253211243429,2010.8443841698108
forecast_7484,2025-11-08 20:00:00,3676.4313644170957,3784.999597429244,2017.4377970915461
forecast_7485,2025-11-08 21:00:00,3917.1866588269827,4425.932494603464,2473.2007841849468
forecast_7486,2025-11-08 22:00:00,5081.84623164043,5731.7463622666455,3465.1007645594923
forecast_7487,2025-11-08 23:00:00,7888.179362457851,9509.092620565325,6282.300757760491
forecast_7488,2025-11-09 00:00:00,7257.3990864283305,8975.310863627441,4897.961368383626
forecast_7489,2025-11-09 01:00:00,6885.295278793621,7766.931175769712,4622.389815060491
forecast_7490,2025-11-09 02:00:00,7477.872752657135,8069.179318250624,5429.991890795374
forecast_7491,2025-11-09 03:00:00,8528.88188765809,9505.613373634049,5966.918076700486
forecast_7492,2025-11-09 04:00:00,9167.785512761859,10170.549848850147,6215.784896246667
forecast_7493,2025-11-09 05:00:00,10758.239434689936,11318.295611389201,8614.968455546139
forecast_7494,2025-11-09 06:00:00,11280.31418579936,11981.59018195235,9465.031190847394
forecast_7495,2025-11-09 07:00:00,12114.507749123073,13065.941789187367,10865.843132497632
forecast_7496,2025-11-09 08:00:00,11962.337603749145,12881.54360473876,10295.794303033954
forecast_7497,2025-11-09 09:00:00,10980.853972339706,12102.619089599862,9333.790444496819
forecast_7498,2025-11-09 10:00:00,10184.369980030551,11193.142500269634,9365.301029107142
forecast_7499,2025-11-09 11:00:00,9693.829446460344,9967.811127617344,7970.316204891632
forecast_7500,2025-11-09 12:00:00,9476.728027409208,9120.505260559868,7105.117050670916
forecast_7501,2025-11-09 13:00:00,10690.432220655435,10613.277293147568,9295.879958178497
forecast_7502,2025-11-09 14:00:00,11906.968362486521,11901.302144378586,10423.20842512472
forecast_7503,2025-11-09 15:00:00,12493.229129892441,12014.576248215288,9901.662858761285
forecast_7504,2025-11-09 16:00:00,13437.108849069376,12457.320824118444,11071.183396167498
forecast_7505,2025-11-09 17:00:00,13234.570107766898,12703.74976999557,10137.952240634602
forecast_7506,2025-11-09 18:00:00,13483.315184936453,12973.396093663536,10727.27289195185
forecast_7507,2025-11-09 19:00:00,15080.04394268643,15183.007188279467,13614.849832597152
forecast_7508,2025-11-09 20:00:00,16102.504626912541,16447.99873583773,14814.097715393516
forecast_7509,2025-11-09 21:00:00,16656.1118279834,16686.573588866475,14737.736314506024
forecast_7510,2025-11-09 22:00:00,15483.62260692257,15448.117979539695,13747.023506471354
forecast_7511,2025-11-09 23:00:00,14221.530742126644,14374.426933947172,11460.048736014664
forecast_7512,2025-11-10 00:00:00,13506.025271675226,13842.684749989678,10342.089277824789
forecast_7513,2025-11-10 01:00:00,13920.61303373757,13513.762817939925,10166.468990263556
forecast_7514,2025-11-10 02:00:00,13344.466962022094,12813.22935938011,9534.078893934704
forecast_7515,2025-11-10 03:00:00,12684.962143500215,12071.508099042441,8901.220951620195
forecast_7516,2025-11-10 04:00:00,11816.293549811986,11739.91989450312,8669.374584692348
forecast_7517,2025-11-10 05:00:00,11630.05745328691,12058.526605521423,9012.052000872794
forecast_7518,2025-11-10 06:00:00,12242.713224697516,12367.546269154882,8515.66220055306
forecast_7519,2025-11-10 07:00:00,14048.358448829154,14564.783053141067,9906.663350038276
forecast_7520,2025-11-10 08:00:00,13660.434157070073,13747.143535379466,9696.701866791253
forecast_7521,2025-11-10 09:00:00,11802.69522162236,12756.350513720232,9221.034389761115
forecast_7522,2025-11-10 10:00:00,10251.309955095152,11475.23345400001,8189.479867210743
forecast_7523,2025-11-10 11:00:00,9525.942375295388,10606.415418201786,7588.061768087268
forecast_7524,2025-11-10 12:00:00,8120.620571478885,9046.605777940396,6551.4076147644455
forecast_7525,2025-11-10 13:00:00,6737.726557784055,7120.276124164,4708.483013653864
forecast_7526,2025-11-10 14:00:00,5223.382063514958,5595.430998495408,4098.013184372261
forecast_7527,2025-11-10 15:00:00,5154.173509606569,4999.890224570699,3990.081998368457
forecast_7528,2025-11-10 16:00:00,5354.796173937292,5035.298746227796,4029.727901329656
forecast_7529,2025-11-10 17:00:00,8713.492321295522,8097.267628593114,6316.014745751902
forecast_7530,2025-11-10 18:00:00,12136.418183026944,12696.001287400002,10933.987417357384
forecast_7531,2025-11-10 19:00:00,13981.141125752103,13534.09949618494,12261.918315290955
forecast_7532,2025-11-10 20:00:00,15173.60855097406,14246.77361530633,12513.293892157128
forecast_7533,2025-11-10 21:00:00,15668.625059137059,14851.501094377632,12451.567147429123
forecast_7534,2025-11-10 22:00:00,15444.987644263263,15194.313403841872,13044.431771849271
forecast_7535,2025-11-10 23:00:00,13079.532358153354,13706.645526793936,10896.22541030341
forecast_7536,2025-11-11 00:00:00,13806.599141288485,14028.461139019008,11362.523699950094
forecast_7537,2025-11-11 01:00:00,16175.584343997336,16076.870755509764,13564.257838030904
forecast_7538,2025-11-11 02:00:00,13727.525988299534,14990.53034531427,11425.428446754151
forecast_7539,2025-11-11 03:00:00,12740.402320521396,14346.513370032797,10053.383121521783
forecast_7540,2025-11-11 04:00:00,11366.964588647925,12436.927026403764,7367.52884590872
forecast_7541,2025-11-11 05:00:00,9229.080295471334,9267.931091362845,5299.189257311216
forecast_7542,2025-11-11 06:00:00,4963.514056398297,3991.580058195828,2621.1391171092573
forecast_7543,2025-11-11 07:00:00,6169.694345479002,4836.63060609406,3222.887444759613
forecast_7544,2025-11-11 08:00:00,4455.1167187322635,3683.560716745965,2464.9323752871946
forecast_7545,2025-11-11 09:00:00,4374.165317663526,3148.2093654014575,2267.0657946643123
forecast_7546,2025-11-11 10:00:00,3399.446689424255,2367.9101455417103,1655.9769997925607
forecast_7547,2025-11-11 11:00:00,2100.625380480078,1623.5575731052443,1128.4995279172692
forecast_7548,2025-11-11 12:00:00,1643.9934628960714,1393.4142257200215,842.9197956383013
forecast_7549,2025-11-11 13:00:00,1095.8180291943756,990.2936423692241,790.0179869185272
forecast_7550,2025-11-11 14:00:00,1080.5877278003713,797.8519149184277,735.3502223042226
forecast_7551,2025-11-11 15:00:00,1015.0005874667714,738.767216295613,661.4880307487532
forecast_7552,2025-11-11 16:00:00,1060.5725787318377,949.7592134023234,657.404497133279
forecast_7553,2025-11-11 17:00:00,1157.7791086735585,1165.8304654780618,554.9892109062304
forecast_7554,2025-11-11 18:00:00,1058.7219098839773,904.3852737883298,553.0617961586776
forecast_7555,2025-11-11 19:00:00,772.2926383408757,746.090800741399,399.13549499182955
forecast_7556,2025-11-11 20:00:00,801.862009895848,747.3224763518605,352.1789603712338
forecast_7557,2025-11-11 21:00:00,801.8952923658559,768.2377668746207,357.63601300728993
forecast_7558,2025-11-11 22:00:00,833.7545836274045,800.0080978988808,374.23005821267276
forecast_7559,2025-11-11 23:00:00,898.6692975929259,828.9432140926009,364.5413549376208
forecast_7560,2025-11-12 00:00:00,926.4537017449278,891.611105322492,361.6875520171442
forecast_7561,2025-11-12 01:00:00,936.6729226999604,841.1396251214215,365.8519868207011
forecast_7562,2025-11-12 02:00:00,1075.6086349408379,953.6275759962501,415.14790297157987
forecast_7563,2025-11-12 03:00:00,1098.4020042934483,937.0729968263839,388.5065362855427
forecast_7564,2025-11-12 04:00:00,1157.9884256704588,1025.7738807740975,417.34393236526205
forecast_7565,2025-11-12 05:00:00,1217.2666637468035,1167.6780904562706,527.5161658557823
forecast_7566,2025-11-12 06:00:00,1815.160697930913,2127.5865633160224,1415.821197324659
forecast_7567,2025-11-12 07:00:00,3307.065568387784,3295.0149605795928,2311.109942048022
forecast_7568,2025-11-12 08:00:00,2872.6279216458365,3037.0984966689443,2218.2969660264903
forecast_7569,2025-11-12 09:00:00,3658.992023564643,2886.145559342856,2188.351578147446
forecast_7570,2025-11-12 10:00:00,3775.359356366635,3028.6023157776776,2208.380937266351
forecast_7571,2025-11-12 11:00:00,3738.449961313448,4457.69985027852,2956.607103929456
forecast_7572,2025-11-12 12:00:00,4089.9722942203607,5138.291926979244,4128.187005112893
forecast_7573,2025-11-12 13:00:00,6149.201213863948,5899.0258396041045,5003.11139412713
forecast_7574,2025-11-12 14:00:00,5129.610667209156,5256.693751477,4502.624831320052
forecast_7575,2025-11-12 15:00:00,6213.1704851398035,6005.191451974719,5082.807112293765
forecast_7576,2025-11-12 16:00:00,7352.799540231336,6993.877598467931,5914.220718134547
forecast_7577,2025-11-12 17:00:00,10255.308586632771,9849.926396816783,8539.60237921239
forecast_7578,2025-11-12 18:00:00,11712.730735130202,11265.759521220547,9659.809773923409
forecast_7579,2025-11-12 19:00:00,14413.29361888371,13484.130802335521,11680.555760414818
forecast_7580,2025-11-12 20:00:00,14946.753321655067,14497.390069587662,11691.111348039924
forecast_7581,2025-11-12 21:00:00,15390.57359048207,15402.461888810709,11821.296736130427
forecast_7582,2025-11-12 22:00:00,15686.092603824956,15754.219101228247,12595.616100150688
forecast_7583,2025-11-12 23:00:00,16244.698198993266,16715.136810212418,14370.95670270081
forecast_7584,2025-11-13 00:00:00,17275.13845584265,18024.75702850262,15400.72202191526
forecast_7585,2025-11-13 01:00:00,16419.429746879952,16178.873071669223,12045.65272507709
forecast_7586,2025-11-13 02:00:00,15945.497317362948,15486.02242794822,12186.11726957654
forecast_7587,2025-11-13 03:00:00,16050.627302367408,16479.091207379835,12581.328532321535
forecast_7588,2025-11-13 04:00:00,15277.191651189736,14996.819584810371,11585.038783151773
forecast_7589,2025-11-13 05:00:00,14717.979767741546,14844.380583098515,10775.411911017047
forecast_7590,2025-11-13 06:00:00,13595.212846697354,14333.374454063718,10261.547028871166
forecast_7591,2025-11-13 07:00:00,12817.194167878284,13877.377132867874,10156.45682327192
forecast_7592,2025-11-13 08:00:00,12718.600651698067,14040.544273119644,9645.429077452594
forecast_7593,2025-11-13 09:00:00,12007.569987279061,13691.175604915623,9366.828485864722
forecast_7594,2025-11-13 10:00:00,9711.121157553922,11321.207869460564,8830.030701665311
forecast_7595,2025-11-13 11:00:00,9105.477775800415,9949.23493216236,8064.165081180475
forecast_7596,2025-11-13 12:00:00,6615.130583486671,6870.193406533998,4774.955018605378
forecast_7597,2025-11-13 13:00:00,4795.845777573161,4487.1252391919825,2519.0351135177216
forecast_7598,2025-11-13 14:00:00,4334.494309108717,3834.8162753550596,2197.6615563130035
forecast_7599,2025-11-13 15:00:00,3616.3267497180645,2841.258750220111,1908.90931918024
forecast_7600,2025-11-13 16:00:00,4045.1824028876517,3542.939009162401,2533.03906959788
forecast_7601,2025-11-13 17:00:00,5016.927927030423,4919.325388506155,3676.0990781291553
forecast_7602,2025-11-13 18:00:00,6556.808531193837,6145.662126974857,4054.3691820834015
forecast_7603,2025-11-13 19:00:00,6517.466831559793,6063.335025131711,4746.467529035144
forecast_7604,2025-11-13 20:00:00,5082.205846524069,5040.624894051335,3444.2292438707127
forecast_7605,2025-11-13 21:00:00,6674.528178235272,6078.590421192292,3902.856111189589
forecast_7606,2025-11-13 22:00:00,6529.61587602666,5810.565427596214,3840.058198850223
forecast_7607,2025-11-13 23:00:00,6868.89480161771,6461.669708435837,4490.442796668444
forecast_7608,2025-11-14 00:00:00,5965.838332409642,5306.511390821145,3696.1088770734286
forecast_7609,2025-11-14 01:00:00,2857.5956200955075,2935.7915922361185,2202.369626382501
forecast_7610,2025-11-14 02:00:00,3090.498954728354,2788.9908059920203,2218.661739543044
forecast_7611,2025-11-14 03:00:00,3262.1053140338418,2880.0410924969765,2193.006443466034
forecast_7612,2025-11-14 04:00:00,3301.8020207540208,3089.3506385903593,2373.4561048877545
forecast_7613,2025-11-14 05:00:00,3539.636850623361,3083.4278133376747,2515.303896773859
forecast_7614,2025-11-14 06:00:00,3539.6798110751347,3064.7105585732347,2554.152166161021
forecast_7615,2025-11-14 07:00:00,3632.023688478505,3025.953056352517,2863.09855905267
forecast_7616,2025-11-14 08:00:00,4564.524994081831,4415.884581027768,3371.993616318473
forecast_7617,2025-11-14 09:00:00,4053.6825123161516,4352.312650531875,2886.840081664631
forecast_7618,2025-11-14 10:00:00,4355.1710849362335,4239.78573176601,2975.796538150051
forecast_7619,2025-11-14 11:00:00,3909.2333045374235,4137.330222663029,2434.2459974748654
forecast_7620,2025-11-14 12:00:00,3032.730348870447,3158.2782164631667,2199.574262303811
forecast_7621,2025-11-14 13:00:00,3413.523096011149,3418.2257615983344,2554.123533374346
forecast_7622,2025-11-14 14:00:00,3719.6835749369952,3728.0735195862135,2851.3620434375325
forecast_7623,2025-11-14 15:00:00,4029.0485091366386,4252.307496115023,3111.0458607347628
forecast_7624,2025-11-14 16:00:00,4166.8728293948525,4067.8464896774753,2858.905548976548
forecast_7625,2025-11-14 17:00:00,5449.540611508421,5454.8776328031445,3913.738732923849
forecast_7626,2025-11-14 18:00:00,6728.695886247438,5877.177705878424,4315.181485662619
forecast_7627,2025-11-14 19:00:00,7822.690360019843,7613.672454344926,5479.032773889692
forecast_7628,2025-11-14 20:00:00,8601.27211835124,8732.508486074226,6512.580445385687
forecast_7629,2025-11-14 21:00:00,8092.0183001305795,7491.980959954412,5852.8808759756075
forecast_7630,2025-11-14 22:00:00,7960.440655754112,6925.693623483873,5569.76893859471
forecast_7631,2025-11-14 23:00:00,8237.733580023572,7175.237314336007,5488.780998476269
forecast_7632,2025-11-15 00:00:00,7361.264878433506,6485.279227366006,4768.374459314485
forecast_7633,2025-11-15 01:00:00,5981.709496847044,4875.137251551673,3748.972428955745
forecast_7634,2025-11-15 02:00:00,5396.29388081929,4314.26376322118,2967.5056126620298
forecast_7635,2025-11-15 03:00:00,5288.648673228844,4141.402926701404,2690.450233310119
forecast_7636,2025-11-15 04:00:00,5404.926495821517,4408.100738614379,3161.14511345917
forecast_7637,2025-11-15 05:00:00,3986.414578537945,3232.7193211309086,2229.8392056466405
forecast_7638,2025-11-15 06:00:00,3382.409503203533,2658.1217979462904,1894.5380378571979
forecast_7639,2025-11-15 07:00:00,3565.4454041070044,3052.6381976629664,2086.9653580534405
forecast_7640,2025-11-15 08:00:00,2623.8922520330398,1949.0212109647075,1195.5040004890818
forecast_7641,2025-11-15 09:00:00,1381.5341768455046,1098.0931663566823,677.593699317744
forecast_7642,2025-11-15 10:00:00,730.378532459473,654.760091220411,435.70839556909607
forecast_7643,2025-11-15 11:00:00,479.55466570475204,382.1003380287948,345.4813189239591
forecast_7644,2025-11-15 12:00:00,575.018675014872,555.93873373958,604.5505450174945
forecast_7645,2025-11-15 13:00:00,482.0578860305152,424.14779102743165,520.814214171724
forecast_7646,2025-11-15 14:00:00,573.7142736071117,562.1976134762007,493.7959701568689
forecast_7647,2025-11-15 15:00:00,1139.1337322556642,1179.16307962135,1172.2996015713334
forecast_7648,2025-11-15 16:00:00,2043.919534111346,1779.5568016926748,1598.6999494385097
forecast_7649,2025-11-15 17:00:00,3247.328773564841,3322.656757790324,2283.0171108613713
forecast_7650,2025-11-15 18:00:00,5595.515442507448,5194.701387239862,3277.191689777529
forecast_7651,2025-11-15 19:00:00,6361.423335807038,6589.475416675944,4581.849135077916
forecast_7652,2025-11-15 20:00:00,8030.207775820704,7971.283056699204,5845.076800625414
forecast_7653,2025-11-15 21:00:00,8328.749641354994,8807.320386100999,6604.517052736609
forecast_7654,2025-11-15 22:00:00,8191.850051734875,8344.687823381468,5704.893969015019
forecast_7655,2025-11-15 23:00:00,7664.795720351013,7815.897326369281,5397.774205556825
forecast_7656,2025-11-16 00:00:00,8244.262096935587,7326.559123842477,5299.332828602678
forecast_7657,2025-11-16 01:00:00,10304.535987658566,9164.632337013994,5809.096984248806
forecast_7658,2025-11-16 02:00:00,7481.649156598118,7622.288347637034,4512.051590851282
forecast_7659,2025-11-16 03:00:00,7735.551436855574,7593.823979969799,4603.1855187398605
forecast_7660,2025-11-16 04:00:00,7684.535879766708,8077.123115239087,4527.342035579453
forecast_7661,2025-11-16 05:00:00,8432.743281532215,8421.480194606385,5281.719559854873
forecast_7662,2025-11-16 06:00:00,9058.477464844094,8670.503822472896,5550.089431607882
forecast_7663,2025-11-16 07:00:00,10627.820277452132,10641.530463397392,7078.210331957404
forecast_7664,2025-11-16 08:00:00,10846.102893605635,11417.068654694009,7434.022582784299
forecast_7665,2025-11-16 09:00:00,10832.103621941777,11932.48688524646,7733.725071325598
forecast_7666,2025-11-16 10:00:00,9129.447961490523,10697.865661915936,7250.770328323126
forecast_7667,2025-11-16 11:00:00,9108.184398893434,10583.495855802907,7789.540558556442
forecast_7668,2025-11-16 12:00:00,11637.193627741583,13086.185036607703,11564.139063993698
forecast_7669,2025-11-16 13:00:00,12195.833576049232,13047.57111730753,12063.872796182406
forecast_7670,2025-11-16 14:00:00,12634.08289732192,13424.13756624351,12191.522416399686
forecast_7671,2025-11-16 15:00:00,13828.268207709825,14215.870447242374,12783.428666394428
forecast_7672,2025-11-16 16:00:00,14548.735247152665,15356.229201233264,13933.674828692887
forecast_7673,2025-11-16 17:00:00,16184.070702049812,16371.79403156449,15100.517497880155
forecast_7674,2025-11-16 18:00:00,17933.152732642073,18381.90032741068,16661.970521348754
forecast_7675,2025-11-16 19:00:00,18206.877298293868,18570.727562650503,17029.69888561243
forecast_7676,2025-11-16 20:00:00,18585.672897326447,18800.875930240472,17461.857336081823
forecast_7677,2025-11-16 21:00:00,18691.600961743992,19025.91402869089,17549.66788771546
forecast_7678,2025-11-16 22:00:00,18368.319554239562,19162.327110067967,17503.070186244597
forecast_7679,2025-11-16 23:00:00,18178.81420687351,18917.243534356898,17592.547517724284
forecast_7680,2025-11-17 00:00:00,18590.446462817057,18848.46188879548,17268.847489939984
forecast_7681,2025-11-17 01:00:00,18252.94227191514,18618.500733126737,16842.630318561503
forecast_7682,2025-11-17 02:00:00,18424.226475040727,18638.72063701136,16724.67420258378
forecast_7683,2025-11-17 03:00:00,17516.386904288658,17994.78597813653,14713.924183280622
forecast_7684,2025-11-17 04:00:00,17155.39586988487,17882.875955039384,14558.98765162046
forecast_7685,2025-11-17 05:00:00,16767.054811779406,17767.20252433202,14796.418169520479
forecast_7686,2025-11-17 06:00:00,16504.790843535768,17393.263512471916,14266.352067409694
forecast_7687,2025-11-17 07:00:00,16499.073687550357,16934.723106361333,14362.383479858323
forecast_7688,2025-11-17 08:00:00,16495.83550781982,16793.175704079833,13762.502782009504
forecast_7689,2025-11-17 09:00:00,16043.582011264736,16359.61081036584,14169.31005512321
forecast_7690,2025-11-17 10:00:00,14908.006559199865,15184.637567725666,13215.7273681182
forecast_7691,2025-11-17 11:00:00,13987.344029194606,14910.243678921059,12395.377504994329
forecast_7692,2025-11-17 12:00:00,13753.467488836064,13902.338677538819,11813.469906213091
forecast_7693,2025-11-17 13:00:00,13269.920995926133,13479.983787323132,11247.018437374014
forecast_7694,2025-11-17 14:00:00,13005.65462357871,12589.33239666298,10205.25581285848
forecast_7695,2025-11-17 15:00:00,11975.22558515169,12035.5671197247,9631.461552484072
forecast_7696,2025-11-17 16:00:00,12310.130270569834,13045.506228398355,9941.547087553347
forecast_7697,2025-11-17 17:00:00,13125.28989164575,13644.123673952836,11415.245835668411
forecast_7698,2025-11-17 18:00:00,12745.849702009287,13342.473876212556,11309.008074660896
forecast_7699,2025-11-17 19:00:00,11845.780961334956,12890.70464715834,10377.179951240561
forecast_7700,2025-11-17 20:00:00,11771.2041461929,13517.67932346801,10504.087396015202
forecast_7701,2025-11-17 21:00:00,12904.50108276933,14331.70484801096,11765.386321975908
forecast_7702,2025-11-17 22:00:00,13700.300201625743,14418.10677994137,12197.540057256743
forecast_7703,2025-11-17 23:00:00,14374.650646766915,14970.069251286175,13248.104476269877
forecast_7704,2025-11-18 00:00:00,14559.726299839404,15324.740791683475,12791.10177627498
forecast_7705,2025-11-18 01:00:00,13709.22560535291,15272.309408951394,12082.466284714948
forecast_7706,2025-11-18 02:00:00,13339.742255516796,14945.180527215494,12555.24949544222
forecast_7707,2025-11-18 03:00:00,13790.556926909949,15032.765505364707,12172.32968676449
forecast_7708,2025-11-18 04:00:00,14121.69969657518,15545.05691706222,12538.146362785517
forecast_7709,2025-11-18 05:00:00,14739.591659022619,16027.446972340087,12836.574248566969
forecast_7710,2025-11-18 06:00:00,15137.526617666295,16499.65440119578,12877.33391396603
forecast_7711,2025-11-18 07:00:00,15990.099953521445,17329.353809310018,13723.808175808663
forecast_7712,2025-11-18 08:00:00,15301.321795832053,15762.81658539793,13535.433039818568
forecast_7713,2025-11-18 09:00:00,14015.653517592536,14711.17059767935,12171.717103016164
forecast_7714,2025-11-18 10:00:00,12953.689305632151,13562.571035756593,11564.856179222452
forecast_7715,2025-11-18 11:00:00,12997.375511526317,12890.262763454095,10713.817500414929
forecast_7716,2025-11-18 12:00:00,12596.351153547448,12150.17672306736,9310.038468514364
forecast_7717,2025-11-18 13:00:00,12076.383669644278,11316.085295509527,8892.75617497411
forecast_7718,2025-11-18 14:00:00,11592.794868502571,11108.767804415045,8663.447355071097
forecast_7719,2025-11-18 15:00:00,11438.773718162927,10802.300709403316,8126.562472439474
forecast_7720,2025-11-18 16:00:00,10219.65032002302,9266.817561332376,6246.57847050415
forecast_7721,2025-11-18 17:00:00,8642.226815937529,7808.64321953127,5453.192216757573
forecast_7722,2025-11-18 18:00:00,8224.401753862257,6951.958682703889,5113.475003135428
forecast_7723,2025-11-18 19:00:00,7443.756355998496,6721.978127713111,5589.706401274033
forecast_7724,2025-11-18 20:00:00,8752.760353061303,7628.380459751086,6098.2266731164245
forecast_7725,2025-11-18 21:00:00,7733.57965332594,8244.267009756482,6820.057138282646
forecast_7726,2025-11-18 22:00:00,7191.685096982403,7680.280272124027,6073.409378992311
forecast_7727,2025-11-18 23:00:00,7294.553958290418,7185.511215506702,5806.675948447178
forecast_7728,2025-11-19 00:00:00,7273.586963319742,7618.716745571859,5947.71496937452
forecast_7729,2025-11-19 01:00:00,9443.538890783055,10066.966406426889,7521.166930184985
forecast_7730,2025-11-19 02:00:00,9617.977473860448,9832.551224760371,7277.488579983773
forecast_7731,2025-11-19 03:00:00,9053.360011493402,8904.484141709778,6895.860594560439
forecast_7732,2025-11-19 04:00:00,8296.005672681795,7570.618686587889,5915.109945312739
forecast_7733,2025-11-19 05:00:00,7269.502629177899,5365.6928543221065,4491.3393656915405
forecast_7734,2025-11-19 06:00:00,4439.95750564754,4175.255715103718,3401.220585453539
forecast_7735,2025-11-19 07:00:00,3935.564301451096,3377.652900378067,2851.6753097758697
forecast_7736,2025-11-19 08:00:00,3499.7915164778374,3022.7750617104844,2375.1529942070238
forecast_7737,2025-11-19 09:00:00,2825.7686366290695,2184.3987436773855,1679.477002405048
forecast_7738,2025-11-19 10:00:00,1403.1728273814608,1247.0655909127747,1017.9367241490125
forecast_7739,2025-11-19 11:00:00,526.3116425685265,483.7543175592391,452.56215722641235
forecast_7740,2025-11-19 12:00:00,443.5269852651753,511.1325945786479,470.715125060064
forecast_7741,2025-11-19 13:00:00,573.4638139973099,553.5682363036983,536.4078300663791
forecast_7742,2025-11-19 14:00:00,1155.8891660632796,993.6038773648942,746.4826599798487
forecast_7743,2025-11-19 15:00:00,2798.4017723098314,2121.020338002568,1645.9942006660604
forecast_7744,2025-11-19 16:00:00,3808.472093462605,3576.8169483436127,2105.591088588801
forecast_7745,2025-11-19 17:00:00,6109.348190419593,6862.638428060639,4766.247955611387
forecast_7746,2025-11-19 18:00:00,9102.57230467903,8911.564123742468,7218.823891250469
forecast_7747,2025-11-19 19:00:00,11707.384910982588,10562.593635268526,9647.060574990332
forecast_7748,2025-11-19 20:00:00,12507.544185466997,12222.223148348818,10163.773343733
forecast_7749,2025-11-19 21:00:00,13800.988216716067,14463.518673261042,11405.455275335613
forecast_7750,2025-11-19 22:00:00,16887.265438737373,16391.52518098163,13605.029651538594
forecast_7751,2025-11-19 23:00:00,17664.707236520953,17562.15222932056,14847.805532062013
forecast_7752,2025-11-20 00:00:00,18122.722990297378,18093.34972771845,14798.058504731576
forecast_7753,2025-11-20 01:00:00,17948.521736991428,18114.988259554106,15061.113831508235
forecast_7754,2025-11-20 02:00:00,17699.75885183272,17975.681662109335,15071.39775055442
forecast_7755,2025-11-20 03:00:00,17287.99108138257,17910.03175615496,14750.967730413719
forecast_7756,2025-11-20 04:00:00,17020.83294011682,17352.475667616465,14250.833768871264
forecast_7757,2025-11-20 05:00:00,17102.550946977593,17765.587027143083,14395.900000830938
forecast_7758,2025-11-20 06:00:00,17069.53680880849,17378.50970824383,14090.79368981591
forecast_7759,2025-11-20 07:00:00,16848.690109835803,17510.083027216515,14573.792815856516
forecast_7760,2025-11-20 08:00:00,15146.606743576074,16454.583002392963,13209.762316437314
forecast_7761,2025-11-20 09:00:00,15487.891732578826,16536.822538425404,14156.458316099635
forecast_7762,2025-11-20 10:00:00,14606.419527989727,15751.854152668822,13776.656139958492
forecast_7763,2025-11-20 11:00:00,15473.533342295992,16395.823457443537,14172.891248258526
forecast_7764,2025-11-20 12:00:00,15477.233397080712,15854.140414390395,14020.238282825354
forecast_7765,2025-11-20 13:00:00,16531.67047518467,16344.952829111544,15044.900935801763
forecast_7766,2025-11-20 14:00:00,17303.438546764555,17660.607087895758,16190.640821586983
forecast_7767,2025-11-20 15:00:00,18008.630365813387,18255.483084695992,16346.986486539801
forecast_7768,2025-11-20 16:00:00,18664.688612232138,18792.91787152829,16911.872992456436
forecast_7769,2025-11-20 17:00:00,18754.056749953805,18534.057392878207,16667.77371687021
forecast_7770,2025-11-20 18:00:00,18626.867420788392,18651.523427062704,16930.101783132315
forecast_7771,2025-11-20 19:00:00,18401.89345431321,18679.47620989533,15518.680327830292
forecast_7772,2025-11-20 20:00:00,17936.549844471054,18095.396925846155,14934.79231549988
forecast_7773,2025-11-20 21:00:00,17553.81360583892,18015.027604214174,15037.972031127798
forecast_7774,2025-11-20 22:00:00,17377.192860468185,18204.541697772216,15384.358464839288
forecast_7775,2025-11-20 23:00:00,17063.569080314977,17969.124982212095,15085.78000664306
forecast_7776,2025-11-21 00:00:00,16765.882774440142,17874.307839813668,14671.640858882669
forecast_7777,2025-11-21 01:00:00,16046.050954777964,17103.250202897285,13720.638350746793
forecast_7778,2025-11-21 02:00:00,14575.519619662704,15374.39775796836,12147.783634782874
forecast_7779,2025-11-21 03:00:00,14227.69864317507,14930.596501199463,10900.316221483057
forecast_7780,2025-11-21 04:00:00,14196.666944030589,14670.277880438749,10301.673513426083
forecast_7781,2025-11-21 05:00:00,14422.839197933516,16043.016171146191,11384.87790565383
forecast_7782,2025-11-21 06:00:00,15556.034582215947,16319.217963229086,13173.15864669069
forecast_7783,2025-11-21 07:00:00,16673.829745373325,17288.67866446742,14004.137839461411
forecast_7784,2025-11-21 08:00:00,16346.59241594212,17197.619098452826,13567.385983957714
forecast_7785,2025-11-21 09:00:00,14962.388152002548,16403.476817857896,12867.531214282873
forecast_7786,2025-11-21 10:00:00,14359.225856754196,15462.304700724488,12262.014252344181
forecast_7787,2025-11-21 11:00:00,14435.832411448722,15508.304312878989,11706.029787157126
forecast_7788,2025-11-21 12:00:00,14478.69211914523,15076.76198657279,11972.368533569019
forecast_7789,2025-11-21 13:00:00,14637.714940793587,14711.078608376778,12097.34518891443
forecast_7790,2025-11-21 14:00:00,14704.226524142807,14903.130693004274,11626.504608390389
forecast_7791,2025-11-21 15:00:00,14727.423807491545,14787.702842824585,11433.430075201497
forecast_7792,2025-11-21 16:00:00,14339.035842408264,14479.02464860195,11327.280090387136
forecast_7793,2025-11-21 17:00:00,14334.521170061209,14177.417758785065,11818.622557192875
forecast_7794,2025-11-21 18:00:00,14814.192427365586,14687.837140833288,13104.127945892564
forecast_7795,2025-11-21 19:00:00,14607.593394922304,14200.360865665325,12713.748815047034
forecast_7796,2025-11-21 20:00:00,14187.877276191854,14169.97882878479,12522.801735698655
forecast_7797,2025-11-21 21:00:00,14820.189293007266,14920.181775646159,13609.462362831713
forecast_7798,2025-11-21 22:00:00,14081.614406362087,15352.222653091541,12996.405581738645
forecast_7799,2025-11-21 23:00:00,14357.478449846802,15975.99263938872,13347.980511864334
forecast_7800,2025-11-22 00:00:00,15768.892341257157,17079.010727822442,13852.205556347722
forecast_7801,2025-11-22 01:00:00,15412.803205475642,16907.58168663719,13607.857155995238
forecast_7802,2025-11-22 02:00:00,15352.198836823252,17144.492624172006,13574.471826136174
forecast_7803,2025-11-22 03:00:00,15143.857895636547,16375.642836554698,13096.420350120967
forecast_7804,2025-11-22 04:00:00,15072.41178548426,16670.453738188007,12415.962807444594
forecast_7805,2025-11-22 05:00:00,15969.96951325071,16875.76528215077,13014.958603481191
forecast_7806,2025-11-22 06:00:00,16413.906460465536,17088.16966037531,13365.980849576297
forecast_7807,2025-11-22 07:00:00,16895.737176056205,17187.53664126782,13807.392299315374
forecast_7808,2025-11-22 08:00:00,16227.242245450818,16140.027558723106,11708.131884912047
forecast_7809,2025-11-22 09:00:00,14190.713062811174,15253.097097461057,10037.595395971339
forecast_7810,2025-11-22 10:00:00,11052.129562503256,13142.07570179454,9649.404314666726
forecast_7811,2025-11-22 11:00:00,9317.229279374293,11279.232077056153,10196.958831606205
forecast_7812,2025-11-22 12:00:00,9122.93154740302,9638.302319758071,9346.033329135224
forecast_7813,2025-11-22 13:00:00,9480.909438990033,10088.17758972052,9466.238175918928
forecast_7814,2025-11-22 14:00:00,9991.673422646325,10974.936654538511,9836.510138496971
forecast_7815,2025-11-22 15:00:00,10996.925446875173,11770.453791079342,10610.725886801441
forecast_7816,2025-11-22 16:00:00,12229.431828770437,13400.165636425028,11547.947135617896
forecast_7817,2025-11-22 17:00:00,14212.947124072289,14571.271696039308,12995.638246884033
forecast_7818,2025-11-22 18:00:00,15801.196691179981,15620.040455710281,14244.27917080197
forecast_7819,2025-11-22 19:00:00,16130.949736770031,16494.703806187506,14729.394756476257
forecast_7820,2025-11-22 20:00:00,16799.46293470509,17303.635821325013,14886.122863892775
forecast_7821,2025-11-22 21:00:00,17350.305506064706,17610.83100181272,15003.45438138385
forecast_7822,2025-11-22 22:00:00,17083.760750665948,17434.687851886232,14675.664973378704
forecast_7823,2025-11-22 23:00:00,17667.465258317196,18120.593557586028,14808.21883773468
forecast_7824,2025-11-23 00:00:00,17387.850765183222,17376.131454184353,14722.938733275136
forecast_7825,2025-11-23 01:00:00,17783.363056779872,18800.196007280847,14405.905845822168
forecast_7826,2025-11-23 02:00:00,17214.089445616857,17871.615976293975,14224.727776882306
forecast_7827,2025-11-23 03:00:00,17814.65102739144,17747.580237442104,14163.361191119939
forecast_7828,2025-11-23 04:00:00,17998.00556760511,18405.271818706573,14409.418682219204
forecast_7829,2025-11-23 05:00:00,17474.74352224196,18161.759463347957,14001.949883959549
forecast_7830,2025-11-23 06:00:00,17647.985025883783,17670.36666204279,13489.540922461058
forecast_7831,2025-11-23 07:00:00,17787.221721873662,18472.823669643745,14608.382043674152
forecast_7832,2025-11-23 08:00:00,17226.92630345861,17591.53272766003,14173.71437190451
forecast_7833,2025-11-23 09:00:00,16069.248050585367,16571.122308161714,13221.961973785732
forecast_7834,2025-11-23 10:00:00,14506.929437743956,15353.7581121576,12294.919547452992
forecast_7835,2025-11-23 11:00:00,13098.366173098048,14083.709452396182,11169.148989154006
forecast_7836,2025-11-23 12:00:00,12613.132142037437,14009.374503769526,11087.59805295033
forecast_7837,2025-11-23 13:00:00,11219.649456980467,12171.344970478514,10541.83105602888
forecast_7838,2025-11-23 14:00:00,11389.750076726172,12720.12703167108,10553.517308294051
forecast_7839,2025-11-23 15:00:00,12804.84886857155,13974.769743575735,11686.209498439992
forecast_7840,2025-11-23 16:00:00,13585.149765338654,13761.716325556732,11448.30930444177
forecast_7841,2025-11-23 17:00:00,14644.525880247786,14043.383938747525,12757.318220315927
forecast_7842,2025-11-23 18:00:00,16442.46190392102,17426.26935763899,13714.005612346982
forecast_7843,2025-11-23 19:00:00,16469.382764098988,17811.81187260029,14212.378181047796
forecast_7844,2025-11-23 20:00:00,17291.00734562458,18181.952794313074,14489.94670938392
forecast_7845,2025-11-23 21:00:00,16856.227480521327,17733.830804420028,14375.62947974873
forecast_7846,2025-11-23 22:00:00,16818.417056078877,17921.555362262105,14134.688139468779
forecast_7847,2025-11-23 23:00:00,16118.332000414379,17345.449529543537,13275.012421706457
forecast_7848,2025-11-24 00:00:00,16486.42584646684,17539.48887200355,13803.164031813936
forecast_7849,2025-11-24 01:00:00,11318.613195235166,12233.747738517286,10684.73492695143
forecast_7850,2025-11-24 02:00:00,12279.944661929765,13805.076038424473,10894.388511358
forecast_7851,2025-11-24 03:00:00,9074.311495302654,11689.666785711559,6954.396613155355
forecast_7852,2025-11-24 04:00:00,9395.025218526813,11338.012646526771,6693.32195003807
forecast_7853,2025-11-24 05:00:00,9282.34076923792,11110.81360521922,6200.118023895096
forecast_7854,2025-11-24 06:00:00,9220.766713472989,11059.014020087594,6140.582943039081
forecast_7855,2025-11-24 07:00:00,8873.14421223842,10853.85054530686,6346.5666071419
forecast_7856,2025-11-24 08:00:00,10194.28820940781,11238.009155281465,7122.072435963895
forecast_7857,2025-11-24 09:00:00,9733.194385036028,11298.288931930725,7992.098983180788
forecast_7858,2025-11-24 10:00:00,10064.213505146692,10608.28646796149,9441.168362686663
forecast_7859,2025-11-24 11:00:00,10416.151396532126,11116.851111298021,9856.818124405567
forecast_7860,2025-11-24 12:00:00,10210.384654623886,10459.633889012961,9760.04163359989
forecast_7861,2025-11-24 13:00:00,10535.427957353864,10672.379192993803,10280.375808407269
forecast_7862,2025-11-24 14:00:00,11292.634388836686,11356.94604245038,10759.833740805703
forecast_7863,2025-11-24 15:00:00,12059.117721110908,12708.59337742681,12480.118600048852
forecast_7864,2025-11-24 16:00:00,12284.504998182205,12971.931217168247,12486.638217848571
forecast_7865,2025-11-24 17:00:00,12987.274820016248,13184.676373462376,12101.620652185991
forecast_7866,2025-11-24 18:00:00,12566.842446063363,13887.474645869253,12805.272063286051
forecast_7867,2025-11-24 19:00:00,11352.675897372532,13098.142530329833,10778.937931657316
forecast_7868,2025-11-24 20:00:00,12316.060842991756,14582.931414313376,12274.504306470002
forecast_7869,2025-11-24 21:00:00,12253.479921161763,14180.208466690196,11390.273687867355
forecast_7870,2025-11-24 22:00:00,11919.606714799467,13363.376651265206,11209.715962441114
forecast_7871,2025-11-24 23:00:00,11989.76990031523,13038.428719485206,9783.12439836402
forecast_7872,2025-11-25 00:00:00,12278.617047277827,13529.17943593914,11009.107237980783
forecast_7873,2025-11-25 01:00:00,12573.432186371736,14062.407054499952,11808.095479051159
forecast_7874,2025-11-25 02:00:00,13647.195103403563,15194.242593385543,13268.161512176972
forecast_7875,2025-11-25 03:00:00,13842.250906725212,14977.009667607572,13451.49959090847
forecast_7876,2025-11-25 04:00:00,13397.227583597685,13934.370657704674,12663.348433541472
forecast_7877,2025-11-25 05:00:00,13626.644959322573,14528.771481616706,11820.669299936724
forecast_7878,2025-11-25 06:00:00,13256.812501155737,14272.878215363706,10947.447643486712
forecast_7879,2025-11-25 07:00:00,12890.850537286975,14514.950162141451,10813.785540275712
forecast_7880,2025-11-25 08:00:00,11730.232401936843,12842.589485056718,9114.142804415033
forecast_7881,2025-11-25 09:00:00,9443.787075179462,11188.923095461741,7614.935958163295
forecast_7882,2025-11-25 10:00:00,8114.778389686506,9617.86682666285,7883.4001938664915
forecast_7883,2025-11-25 11:00:00,7125.411713359982,8588.127842940194,6701.242712750287
forecast_7884,2025-11-25 12:00:00,7140.070397527753,8657.124946916538,7246.414105763791
forecast_7885,2025-11-25 13:00:00,9026.475809110725,9639.071808272543,8410.894201400199
forecast_7886,2025-11-25 14:00:00,10396.151669236462,10901.479372368698,8413.334777463167
forecast_7887,2025-11-25 15:00:00,11224.562668991693,10999.136237974733,9957.224393730114
forecast_7888,2025-11-25 16:00:00,11467.243420797871,10794.877458982424,8460.537362918445
forecast_7889,2025-11-25 17:00:00,11679.413354617081,11501.970743694557,8673.820694666178
forecast_7890,2025-11-25 18:00:00,12091.438959956176,11690.662029615656,9078.800905475404
forecast_7891,2025-11-25 19:00:00,11145.788763875773,11207.481955337453,7677.3924240213655
forecast_7892,2025-11-25 20:00:00,9769.745959667272,10257.928738626963,6101.786067934773
forecast_7893,2025-11-25 21:00:00,8366.015891292605,8834.6803725777,5852.109981446041
forecast_7894,2025-11-25 22:00:00,6461.494640150774,6335.133629754206,3387.709651668157
forecast_7895,2025-11-25 23:00:00,4983.263836463297,4608.686312805264,2612.2292863976186
forecast_7896,2025-11-26 00:00:00,4678.034122625276,4303.002803993656,2044.4293227124183
forecast_7897,2025-11-26 01:00:00,4524.9734883690835,3931.0909043928896,2132.373865661862
forecast_7898,2025-11-26 02:00:00,4158.857158987796,3795.905890833015,1912.9863597792244
forecast_7899,2025-11-26 03:00:00,3131.798853043884,3216.503452894834,1769.8545587747483
forecast_7900,2025-11-26 04:00:00,2402.5953787082112,2526.7970728362875,1633.538405588954
forecast_7901,2025-11-26 05:00:00,2259.145186843899,2022.0873976566706,1426.6218939032071
forecast_7902,2025-11-26 06:00:00,2346.425757827092,2243.690195988322,1584.568508274744
forecast_7903,2025-11-26 07:00:00,3059.8580018326957,2965.8070119861413,1994.7013772695097
forecast_7904,2025-11-26 08:00:00,3967.701033002774,3572.9124543682383,3376.466913250415
forecast_7905,2025-11-26 09:00:00,4752.11300455787,3964.4831102817957,3471.3953030413686
forecast_7906,2025-11-26 10:00:00,5119.310594457424,4628.5607280583,3004.785399335512
forecast_7907,2025-11-26 11:00:00,4081.302843487394,4023.346155126681,2500.5849110104987
forecast_7908,2025-11-26 12:00:00,3426.587059705643,3483.881273109246,2155.2491578442155
forecast_7909,2025-11-26 13:00:00,2636.9967098987604,2916.3226438127003,1868.2082002565273
forecast_7910,2025-11-26 14:00:00,3278.210937713733,3715.4966876118892,2603.587768082813
forecast_7911,2025-11-26 15:00:00,4580.080286519863,5343.8724704479555,3804.922972072594
forecast_7912,2025-11-26 16:00:00,5810.36174217574,6402.273615864121,5017.241487045065
forecast_7913,2025-11-26 17:00:00,9203.535403800866,9704.998449202052,8985.467139556971
forecast_7914,2025-11-26 18:00:00,12426.154070548433,13011.728808790507,11074.77848213727
forecast_7915,2025-11-26 19:00:00,14784.851866665706,14321.826502332788,12815.234598626012
forecast_7916,2025-11-26 20:00:00,13887.271131173306,14108.470916835127,12285.367117713758
forecast_7917,2025-11-26 21:00:00,12905.701876164218,13892.311480064533,10525.983226223523
forecast_7918,2025-11-26 22:00:00,13066.90538307295,13759.241088392275,10392.494500748573
forecast_7919,2025-11-26 23:00:00,13311.430863786954,14515.691240150685,12077.650020365176
forecast_7920,2025-11-27 00:00:00,14826.936919498961,16057.874981590003,14383.622613288426
forecast_7921,2025-11-27 01:00:00,13767.330511611686,15745.466361996792,11926.957243716743
forecast_7922,2025-11-27 02:00:00,14285.443029332733,16134.733107322356,13890.398560808982
forecast_7923,2025-11-27 03:00:00,15240.422716314359,16473.686081225642,14074.577804884993
forecast_7924,2025-11-27 04:00:00,14836.578062233277,16387.35757878204,13606.89016628231
forecast_7925,2025-11-27 05:00:00,11443.841828467446,13035.722326699677,9257.021846699563
forecast_7926,2025-11-27 06:00:00,14302.21963633839,15603.903670419997,12215.013314504477
forecast_7927,2025-11-27 07:00:00,9281.177739849229,12210.174951979692,8039.541220155511
forecast_7928,2025-11-27 08:00:00,12208.21290985697,14196.923243090432,11290.014387972036
forecast_7929,2025-11-27 09:00:00,11828.546237843884,13461.628332097276,11835.032605971683
forecast_7930,2025-11-27 10:00:00,10324.370780588672,13400.946813558106,11465.699751318667
forecast_7931,2025-11-27 11:00:00,11399.780902612074,15113.103303981103,12443.24713869934
forecast_7932,2025-11-27 12:00:00,11727.044156034322,14989.511808021269,13228.463851547152
forecast_7933,2025-11-27 13:00:00,13666.51299957235,17013.650300823574,15255.193957519768
forecast_7934,2025-11-27 14:00:00,15210.899602744821,17488.81538018035,16441.884449453548
forecast_7935,2025-11-27 15:00:00,15545.594623129076,17569.97385039445,16360.423312060384
forecast_7936,2025-11-27 16:00:00,16378.818783831048,17649.9608564982,16498.159357087647
forecast_7937,2025-11-27 17:00:00,16955.501684446364,17888.227423273518,16015.961247568652
forecast_7938,2025-11-27 18:00:00,16694.683426010262,18030.53875185826,15079.530064665702
forecast_7939,2025-11-27 19:00:00,16536.44320523235,17117.255785325677,14480.654410519517
forecast_7940,2025-11-27 20:00:00,16699.9230148406,17313.28250685787,15048.983867952455
forecast_7941,2025-11-27 21:00:00,16292.566719949566,16758.06676127452,14681.374178887356
forecast_7942,2025-11-27 22:00:00,16447.156637587406,16580.051034003132,15015.7272975084
forecast_7943,2025-11-27 23:00:00,16582.974457190725,16696.920811097672,15131.327126774644
forecast_7944,2025-11-28 00:00:00,16772.200658484977,16903.897393235417,14863.707321180373
forecast_7945,2025-11-28 01:00:00,16919.17841790212,17673.423963933797,15412.367478995351
forecast_7946,2025-11-28 02:00:00,16220.544749057008,16545.115257771,15244.809253620824
forecast_7947,2025-11-28 03:00:00,15572.789817952029,15645.670993276046,14350.008279245802
forecast_7948,2025-11-28 04:00:00,15324.109501104243,16168.87992542587,14413.826166544082
forecast_7949,2025-11-28 05:00:00,14944.954909770595,16014.965242684384,13557.99196597182
forecast_7950,2025-11-28 06:00:00,15185.661034776991,16209.909561929448,12973.039330279016
forecast_7951,2025-11-28 07:00:00,14577.15640752886,15561.055763857708,11613.290791758696
forecast_7952,2025-11-28 08:00:00,12987.82080265915,14222.928619938526,9764.723714718853
forecast_7953,2025-11-28 09:00:00,11730.715605542771,12166.919931791053,8512.186999834485
forecast_7954,2025-11-28 10:00:00,8603.550094332333,9948.762880168737,7046.37381100877
forecast_7955,2025-11-28 11:00:00,7610.581109749309,8200.836040371249,5576.237843992242
forecast_7956,2025-11-28 12:00:00,7516.58856258629,8152.978262766767,5424.497256391618
forecast_7957,2025-11-28 13:00:00,7950.322637852235,7433.773217442035,5602.913652064004
forecast_7958,2025-11-28 14:00:00,7132.043160250881,6668.724907796707,4828.268532200218
forecast_7959,2025-11-28 15:00:00,5905.615137669915,5362.003928559478,3648.6962601758037
forecast_7960,2025-11-28 16:00:00,6284.54879308454,5628.83462355767,4115.9402776456445
forecast_7961,2025-11-28 17:00:00,7823.6808599655615,8276.299833463909,5049.309884979753
forecast_7962,2025-11-28 18:00:00,8389.923984374816,8208.163047053693,5959.325750013172
forecast_7963,2025-11-28 19:00:00,7421.211525120328,7105.515187116957,5949.649426610043
forecast_7964,2025-11-28 20:00:00,6838.337567208065,5689.492689491252,5417.585443911438
forecast_7965,2025-11-28 21:00:00,7079.718190648306,5849.899671935871,4721.587406844084
forecast_7966,2025-11-28 22:00:00,6854.623547668255,4565.120977384578,4122.3236487364275
forecast_7967,2025-11-28 23:00:00,7175.4979781737,4627.339464500404,4453.302264660468
forecast_7968,2025-11-29 00:00:00,7404.037964055096,5309.156755399207,4608.999739858588
forecast_7969,2025-11-29 01:00:00,4646.041748743209,4378.813941792477,3483.2826149225734
forecast_7970,2025-11-29 02:00:00,5199.1406891310335,5407.424836347123,3928.6563503698985
forecast_7971,2025-11-29 03:00:00,7087.998502914835,6649.881648771295,4499.028500908666
forecast_7972,2025-11-29 04:00:00,8862.799558116525,9645.920639578757,6535.940445093827
forecast_7973,2025-11-29 05:00:00,10420.904560840954,12017.134609098934,7452.9342927319685
forecast_7974,2025-11-29 06:00:00,10713.832345150266,12478.906250160408,7507.885213794566
forecast_7975,2025-11-29 07:00:00,10220.228738554968,12119.241785725713,7219.6979277510745
forecast_7976,2025-11-29 08:00:00,10277.935326494799,11788.782745086606,6291.244216197238
forecast_7977,2025-11-29 09:00:00,9043.216669225729,10454.082028589555,5741.6990326939895
forecast_7978,2025-11-29 10:00:00,7943.165269325746,9609.107136240444,5765.029705589494
forecast_7979,2025-11-29 11:00:00,7907.429630871351,9694.350066813375,6729.412293915868
forecast_7980,2025-11-29 12:00:00,10453.421094491172,12684.823664745769,10995.184830026923
forecast_7981,2025-11-29 13:00:00,12381.420780716808,14100.738376446023,12887.311768500049
forecast_7982,2025-11-29 14:00:00,13855.673182796632,14421.066472887822,13878.557810407847
forecast_7983,2025-11-29 15:00:00,14946.39528212244,16014.053455273173,14349.543912696712
forecast_7984,2025-11-29 16:00:00,15996.73762315658,16179.597231882553,14770.593666687806
forecast_7985,2025-11-29 17:00:00,16403.112277422017,16706.915635403104,15202.140477168143
forecast_7986,2025-11-29 18:00:00,17684.37103934987,18433.466893715664,16589.3063358682
forecast_7987,2025-11-29 19:00:00,18021.011324157484,18823.36249558167,17041.862959174796
forecast_7988,2025-11-29 20:00:00,18197.681421345576,18887.214041938598,17243.82566215711
forecast_7989,2025-11-29 21:00:00,18496.062190655077,18957.211564439753,17759.974280051996
forecast_7990,2025-11-29 22:00:00,18461.026846251094,19001.588942573893,17491.486703644663
forecast_7991,2025-11-29 23:00:00,18500.743325363983,18891.466326156435,17450.87596257199
forecast_7992,2025-11-30 00:00:00,18422.348195629842,18906.886209714696,17130.393127890293
forecast_7993,2025-11-30 01:00:00,18408.329858986424,18670.91396225032,16882.763605759174
forecast_7994,2025-11-30 02:00:00,18257.378811497376,18551.28797786577,16231.0921981823
forecast_7995,2025-11-30 03:00:00,18050.594020345314,18163.328491522705,16171.125579019166
forecast_7996,2025-11-30 04:00:00,17639.43033946758,17775.16062541881,16026.32905711632
forecast_7997,2025-11-30 05:00:00,16676.155601711653,17172.17827602266,14838.132004324298
forecast_7998,2025-11-30 06:00:00,15256.543519599501,15931.026833536793,14380.547497049936
forecast_7999,2025-11-30 07:00:00,13824.664124038232,15026.207113262906,13173.270352249645
forecast_8000,2025-11-30 08:00:00,13438.215590272453,14524.281829101914,12549.404466624641
forecast_8001,2025-11-30 09:00:00,13261.626803565818,14270.37335132468,12586.801056603823
forecast_8002,2025-11-30 10:00:00,13369.72002136758,13242.255142593496,12571.056670590022
forecast_8003,2025-11-30 11:00:00,12684.076739266015,13230.23556068833,12574.722824665992
forecast_8004,2025-11-30 12:00:00,11473.932280557787,12155.047135561765,11562.22702988708
forecast_8005,2025-11-30 13:00:00,10628.842105598547,10554.07198765167,10899.115297537692
forecast_8006,2025-11-30 14:00:00,10388.0343077191,10159.582051984595,9941.785056944642
forecast_8007,2025-11-30 15:00:00,10046.329494370499,9764.886723137231,9407.137283047368
forecast_8008,2025-11-30 16:00:00,10961.608869725691,11332.834107494902,11395.849023505987
forecast_8009,2025-11-30 17:00:00,12152.734681819997,12854.317470129572,12517.646431355477
forecast_8010,2025-11-30 18:00:00,15695.842118188524,16137.233871277716,14676.881147399454
forecast_8011,2025-11-30 19:00:00,17702.221171066947,18422.652045112558,16645.866601146266
forecast_8012,2025-11-30 20:00:00,18134.294149573383,19056.642109806107,17484.731718524476
forecast_8013,2025-11-30 21:00:00,18417.422126228154,19349.324608097086,17734.569145035453
forecast_8014,2025-11-30 22:00:00,18381.792207526738,19373.07496689032,17830.070980227145
forecast_8015,2025-11-30 23:00:00,18529.1083944796,19378.68857715083,17729.958275319466
forecast_8016,2025-12-01 00:00:00,18547.102251403103,19330.194759905735,16313.910684895603
forecast_8017,2025-12-01 01:00:00,18573.009130945065,19466.622783816074,16311.392647440947
forecast_8018,2025-12-01 02:00:00,18539.311954819448,19445.531407270966,16333.980258809135
forecast_8019,2025-12-01 03:00:00,18431.13480743065,19347.60260853006,16020.157329641897
forecast_8020,2025-12-01 04:00:00,18226.16854949328,19072.885094012167,16109.595773161065
forecast_8021,2025-12-01 05:00:00,18321.159628437254,18851.621545445658,15711.408415930899
forecast_8022,2025-12-01 06:00:00,18427.454169099816,18500.66104157141,14814.603761623834
forecast_8023,2025-12-01 07:00:00,17272.413957368874,17877.13594112021,13925.640794407682
forecast_8024,2025-12-01 08:00:00,16026.228445008317,16723.14389942411,12804.402532726603
forecast_8025,2025-12-01 09:00:00,14932.812567125937,15600.561995735943,12043.953452589229
forecast_8026,2025-12-01 10:00:00,12454.282867186852,13734.696349502006,11129.013409363226
forecast_8027,2025-12-01 11:00:00,9991.117942167479,11717.049307813659,9219.50469686957
forecast_8028,2025-12-01 12:00:00,8063.261027184614,8541.728817506208,6265.165678001167
forecast_8029,2025-12-01 13:00:00,7154.923677331886,7072.144529757671,5826.893388001108
forecast_8030,2025-12-01 14:00:00,6082.883123390837,6319.311242361739,4670.119302460172
forecast_8031,2025-12-01 15:00:00,4208.303260039268,4406.070788345255,3221.989362971705
forecast_8032,2025-12-01 16:00:00,4730.443349078266,4251.630608047094,3027.8067467254104
forecast_8033,2025-12-01 17:00:00,5139.737792989432,5799.99459978219,3644.6273184200454
forecast_8034,2025-12-01 18:00:00,7032.355648373064,6757.257188033454,4348.068922786696
forecast_8035,2025-12-01 19:00:00,8460.4398847832,8177.386818654855,5626.552907000726
forecast_8036,2025-12-01 20:00:00,8247.151419364554,9187.805901495563,6986.903111405054
forecast_8037,2025-12-01 21:00:00,8954.022513014565,10150.027825444242,8376.190979661322
forecast_8038,2025-12-01 22:00:00,10237.744812710293,11015.792036129045,8826.730823205447
forecast_8039,2025-12-01 23:00:00,10373.489988673151,11951.116849476299,8911.078140472877
forecast_8040,2025-12-02 00:00:00,12202.114679652052,13582.320775681324,9962.034776668057
forecast_8041,2025-12-02 01:00:00,14722.3806975475,14571.405222366568,11912.962088249325
forecast_8042,2025-12-02 02:00:00,13689.673519657543,14783.396723960615,11577.197032118433
forecast_8043,2025-12-02 03:00:00,14855.54599904876,15360.85975602234,11833.712014270084
forecast_8044,2025-12-02 04:00:00,13307.310570397001,15033.551927460769,11157.990143963312
forecast_8045,2025-12-02 05:00:00,13305.757705994449,14814.864668168033,10676.61296909952
forecast_8046,2025-12-02 06:00:00,13384.889471283153,14214.54603055253,10479.642379002717
forecast_8047,2025-12-02 07:00:00,13285.944908709045,13132.034030394074,9785.814151022387
forecast_8048,2025-12-02 08:00:00,11306.136040206573,12131.045674720464,7295.698825049025
forecast_8049,2025-12-02 09:00:00,10130.37859577281,11942.155737849094,7258.623130483816
forecast_8050,2025-12-02 10:00:00,8086.009530252475,10293.905780443969,6824.454954472075
forecast_8051,2025-12-02 11:00:00,7850.554576353012,9930.7568307389,6690.126395031365
forecast_8052,2025-12-02 12:00:00,9097.435740012303,10565.569371550868,6681.831942615624
forecast_8053,2025-12-02 13:00:00,9285.927310340912,11160.705327816095,7088.378086359083
forecast_8054,2025-12-02 14:00:00,10308.041599371085,11996.05458055557,8060.97845843779
forecast_8055,2025-12-02 15:00:00,11261.123969798811,13054.827654389102,8862.341082833993
forecast_8056,2025-12-02 16:00:00,12107.908795506439,13945.03638652607,9803.92454482807
forecast_8057,2025-12-02 17:00:00,13010.937694173308,14826.00633162994,11132.136850660672
forecast_8058,2025-12-02 18:00:00,13496.842580962904,15043.135746711054,12015.654446946686
forecast_8059,2025-12-02 19:00:00,13713.537222132207,15135.891106900233,12513.957716153525
forecast_8060,2025-12-02 20:00:00,13522.054999586717,15594.29702580572,12511.162708557327
forecast_8061,2025-12-02 21:00:00,13826.045315351888,15158.846473815618,12505.804394064528
forecast_8062,2025-12-02 22:00:00,13965.685387776095,14973.230894210817,12836.971359751715
forecast_8063,2025-12-02 23:00:00,13580.072029589208,15245.228373733775,12790.056375568614
forecast_8064,2025-12-03 00:00:00,13951.694536135303,15410.70321154196,12765.942185770227
forecast_8065,2025-12-03 01:00:00,13949.937264824526,15996.156327140061,13416.515907049183
forecast_8066,2025-12-03 02:00:00,14241.636301567683,16051.666851152575,13247.544906884581
forecast_8067,2025-12-03 03:00:00,13906.359898413677,15610.651665881647,13245.83766888862
forecast_8068,2025-12-03 04:00:00,13908.58843687665,15363.598895763931,13370.429784803033
forecast_8069,2025-12-03 05:00:00,13677.471017841926,14613.82059740219,12567.923044799478
forecast_8070,2025-12-03 06:00:00,13263.387983177307,15069.119222474052,11918.878761462283
forecast_8071,2025-12-03 07:00:00,13505.419102758804,16032.688838820031,12008.188889257954
forecast_8072,2025-12-03 08:00:00,13684.475842830667,15718.322042527408,11461.259416943582
forecast_8073,2025-12-03 09:00:00,13449.354484957881,15355.83810473231,11808.169844066482
forecast_8074,2025-12-03 10:00:00,13958.487587912568,15837.948377952825,12384.267918629626
forecast_8075,2025-12-03 11:00:00,13895.501734385527,15948.292865309466,12407.435660349822
forecast_8076,2025-12-03 12:00:00,13908.073253061852,15961.544725711976,12830.25653453016
forecast_8077,2025-12-03 13:00:00,13743.90664185407,15633.136142477906,12921.304336674306
forecast_8078,2025-12-03 14:00:00,13981.79003241626,15729.012160911927,12702.178004174491
forecast_8079,2025-12-03 15:00:00,13912.017208724483,15847.998995868733,12607.79444514017
forecast_8080,2025-12-03 16:00:00,14071.67649623341,15992.89676256033,12984.165360103158
forecast_8081,2025-12-03 17:00:00,14054.7853739344,16345.284584047533,13313.67585398062
forecast_8082,2025-12-03 18:00:00,13609.700164813397,15215.898512790609,12780.500843367343
forecast_8083,2025-12-03 19:00:00,13199.586419926722,14726.690760715566,11602.098055435115
forecast_8084,2025-12-03 20:00:00,13062.647391424627,14237.420114037966,11972.274552340934
forecast_8085,2025-12-03 21:00:00,13063.160897985563,13583.752522474968,11865.820248270897
forecast_8086,2025-12-03 22:00:00,12256.094350501031,14270.333388129851,10737.417446862177
forecast_8087,2025-12-03 23:00:00,12511.180630766985,14887.872757234594,10776.508860825928
forecast_8088,2025-12-04 00:00:00,12835.676533125275,15143.00397280602,10406.616635532153
forecast_8089,2025-12-04 01:00:00,13409.237022605075,15962.06881737727,10234.942630992855
forecast_8090,2025-12-04 02:00:00,14214.229326018421,16606.258712601706,11312.978047032384
forecast_8091,2025-12-04 03:00:00,14839.326606778084,17064.570662760125,12843.218845236925
forecast_8092,2025-12-04 04:00:00,15222.531832032251,17348.786337424248,13443.430778272308
forecast_8093,2025-12-04 05:00:00,15109.378887629877,17122.58112063597,14644.224417686899
forecast_8094,2025-12-04 06:00:00,15695.549975775239,17295.94776158897,14709.753241040473
forecast_8095,2025-12-04 07:00:00,15807.789246645714,17671.03825827863,14652.151474013375
forecast_8096,2025-12-04 08:00:00,15366.122417595248,17446.729264811183,13784.631348205092
forecast_8097,2025-12-04 09:00:00,14610.07048003432,17283.827791472544,13901.35110777932
forecast_8098,2025-12-04 10:00:00,12680.223779451533,16068.653154897058,13378.72042947054
forecast_8099,2025-12-04 11:00:00,12360.806293488831,15321.419941605871,12379.403883926598
forecast_8100,2025-12-04 12:00:00,12021.727722147656,14231.36218693971,11303.341973588527
forecast_8101,2025-12-04 13:00:00,12514.697248034374,13417.175621555238,10742.484942520561
forecast_8102,2025-12-04 14:00:00,12751.904026247594,13388.253046176678,10628.201437340784
forecast_8103,2025-12-04 15:00:00,12884.39608997037,14258.518977421014,10904.902487844105
forecast_8104,2025-12-04 16:00:00,13176.230603890554,14348.035182178439,13006.624917342195
forecast_8105,2025-12-04 17:00:00,13327.581635158185,13555.139411387692,12980.426863047604
forecast_8106,2025-12-04 18:00:00,14713.807716523788,15877.223749775147,14859.934623334353
forecast_8107,2025-12-04 19:00:00,15037.613684651613,16297.82511521258,16062.232768316158
forecast_8108,2025-12-04 20:00:00,15721.176158713783,17145.698452632518,16387.761401889242
forecast_8109,2025-12-04 21:00:00,15762.473155933065,16694.375068386853,16528.61269616585
forecast_8110,2025-12-04 22:00:00,15348.70882809232,15768.659347971863,13236.3733811044
forecast_8111,2025-12-04 23:00:00,14684.56600012021,16208.750451373353,13065.21106624807
forecast_8112,2025-12-05 00:00:00,14515.063520887208,16141.568985227188,12948.225490269504
forecast_8113,2025-12-05 01:00:00,14712.02516127334,16633.79770868674,13283.659192279038
forecast_8114,2025-12-05 02:00:00,14225.336638770921,15793.1161605061,13085.97408924837
forecast_8115,2025-12-05 03:00:00,13889.921052229914,14660.739821024168,12732.941210879822
forecast_8116,2025-12-05 04:00:00,14150.502653266534,15711.077225849083,12964.075166965311
forecast_8117,2025-12-05 05:00:00,13838.534432440012,16213.946046161604,12137.185037518857
forecast_8118,2025-12-05 06:00:00,14941.434967401907,17405.911096865082,12621.57804929796
forecast_8119,2025-12-05 07:00:00,15999.853568843047,18074.160521923972,12496.583012842335
forecast_8120,2025-12-05 08:00:00,16644.543962864464,17912.191216378633,13346.971558747708
forecast_8121,2025-12-05 09:00:00,15975.035782523986,17174.731803453167,12861.007526878406
forecast_8122,2025-12-05 10:00:00,13301.581324619236,15271.881296514399,12123.285898110678
forecast_8123,2025-12-05 11:00:00,11679.825954089903,14566.19350863797,11411.286985867424
forecast_8124,2025-12-05 12:00:00,11288.251280993534,13824.81090135294,10890.464668645855
forecast_8125,2025-12-05 13:00:00,10865.20745836663,13448.185496509976,11687.339808659946
forecast_8126,2025-12-05 14:00:00,12107.042252077546,14599.2570542371,12058.255323925938
forecast_8127,2025-12-05 15:00:00,13152.834716052026,15042.118972573597,12120.200871011284
forecast_8128,2025-12-05 16:00:00,14194.423041155733,15729.375449899055,13201.613831453216
forecast_8129,2025-12-05 17:00:00,15700.668340249364,15909.788387969294,13808.384863125944
forecast_8130,2025-12-05 18:00:00,16016.281940160148,17173.103557622468,14036.7961443249
forecast_8131,2025-12-05 19:00:00,16222.196817531878,16980.37775891887,12821.737448702374
forecast_8132,2025-12-05 20:00:00,15944.057359587512,16565.926659384135,11962.26199393632
forecast_8133,2025-12-05 21:00:00,16320.569303622984,16694.352095894094,12516.524605101547
forecast_8134,2025-12-05 22:00:00,16542.27695776012,16934.266634630632,13457.746763323867
forecast_8135,2025-12-05 23:00:00,17323.593745295402,17107.735929158454,14469.752677368755
forecast_8136,2025-12-06 00:00:00,18002.28563740254,18027.02193266213,15173.678741273645
forecast_8137,2025-12-06 01:00:00,17053.37083356641,17129.105750693838,13380.735125317653
forecast_8138,2025-12-06 02:00:00,18381.962836127062,18122.10906883903,15271.912699391596
forecast_8139,2025-12-06 03:00:00,18019.112460807337,18088.968254735297,15472.32349136884
forecast_8140,2025-12-06 04:00:00,17909.58649129156,17937.919663555524,14827.352301179106
forecast_8141,2025-12-06 05:00:00,17953.708192165406,18064.844944073076,14939.36723545373
forecast_8142,2025-12-06 06:00:00,18021.229993826255,18226.51340334153,14871.801565747035
forecast_8143,2025-12-06 07:00:00,17915.6914667889,17689.98863239108,14095.31343425618
forecast_8144,2025-12-06 08:00:00,17189.180972489947,17696.816476029933,13076.136467638533
forecast_8145,2025-12-06 09:00:00,16094.20421441474,16390.57490626135,12325.068606409965
forecast_8146,2025-12-06 10:00:00,14077.347004242834,14693.473020627413,12110.893615920688
forecast_8147,2025-12-06 11:00:00,13516.607765035013,14879.482073016065,11899.938050766208
forecast_8148,2025-12-06 12:00:00,14805.553948996847,15819.43404533395,14407.684951953914
forecast_8149,2025-12-06 13:00:00,15358.329625454442,15882.644046007712,14355.98982341052
forecast_8150,2025-12-06 14:00:00,15424.776661766124,15708.584420378345,14926.100319243118
forecast_8151,2025-12-06 15:00:00,16761.700148798038,16696.408402372283,16108.61370896541
forecast_8152,2025-12-06 16:00:00,16575.49656837856,17057.460537623218,15662.08922705016
forecast_8153,2025-12-06 17:00:00,16274.820932291199,16975.36995083767,14825.50738921086
forecast_8154,2025-12-06 18:00:00,16806.584585194643,17120.802224260075,15184.18133820118
forecast_8155,2025-12-06 19:00:00,17132.9129035339,18128.856297318962,15711.222477824547
forecast_8156,2025-12-06 20:00:00,17459.205225993046,18293.667588061133,15870.48595253461
forecast_8157,2025-12-06 21:00:00,17834.15210348545,18514.957077989544,16337.027369254
forecast_8158,2025-12-06 22:00:00,18146.872748750415,18570.412165267007,17079.30668766271
forecast_8159,2025-12-06 23:00:00,18145.901587978202,18593.954840004273,17283.59743200127
forecast_8160,2025-12-07 00:00:00,18362.767767574325,18807.774127305744,17205.120386708117
forecast_8161,2025-12-07 01:00:00,17916.5541107049,18511.474182325357,16092.866543893184
forecast_8162,2025-12-07 02:00:00,17739.10735339161,18391.457540815056,15722.27707687018
forecast_8163,2025-12-07 03:00:00,17824.979153927616,18478.14186576462,15987.64096236604
forecast_8164,2025-12-07 04:00:00,17946.908503054186,18291.70485003723,16130.37277724987
forecast_8165,2025-12-07 05:00:00,17943.495939787765,18242.58342430875,16012.490451909605
forecast_8166,2025-12-07 06:00:00,17596.07058817321,18209.15802663409,15699.181167833765
forecast_8167,2025-12-07 07:00:00,17528.92047336056,17759.084915375977,15459.691658266986
forecast_8168,2025-12-07 08:00:00,17240.180847926047,17621.110443068617,14917.589445811424
forecast_8169,2025-12-07 09:00:00,17018.54817016657,17351.645227624984,15397.68852878745
forecast_8170,2025-12-07 10:00:00,16335.376150927686,16558.86646357743,15423.790431361578
forecast_8171,2025-12-07 11:00:00,16219.38275188944,16262.518471554167,15455.676525139434
forecast_8172,2025-12-07 12:00:00,16394.505251523675,16813.422978461265,15181.239036124054
forecast_8173,2025-12-07 13:00:00,16388.17508083814,17344.147563825336,15251.120573962598
forecast_8174,2025-12-07 14:00:00,17313.028361964338,18031.218301402063,16002.889390272463
forecast_8175,2025-12-07 15:00:00,17720.33022198279,18218.042963150914,16533.84381637412
forecast_8176,2025-12-07 16:00:00,17327.128447672254,18100.70097991853,15907.899144957444
forecast_8177,2025-12-07 17:00:00,17256.237283155922,18163.50433087959,16416.629298149233
forecast_8178,2025-12-07 18:00:00,17479.329136625747,18396.70635917875,16251.524031080171
forecast_8179,2025-12-07 19:00:00,17358.81101430937,18647.1029999137,16377.205175458916
forecast_8180,2025-12-07 20:00:00,17174.94331934061,18205.674781619786,15521.230810076811
forecast_8181,2025-12-07 21:00:00,17112.186613507136,18019.738308295746,15248.652089572122
forecast_8182,2025-12-07 22:00:00,17133.72494766005,18018.540783550787,15078.241153862737
forecast_8183,2025-12-07 23:00:00,17577.471849732134,18066.56815845629,13729.22290922156
forecast_8184,2025-12-08 00:00:00,17214.643627255347,17490.93554615995,13305.298329009269
forecast_8185,2025-12-08 01:00:00,16888.93077838132,17829.68770125033,14034.957080905328
forecast_8186,2025-12-08 02:00:00,16350.78818448228,17099.712650651836,13542.050072685046
forecast_8187,2025-12-08 03:00:00,16159.498369466633,16463.533644920553,12906.011717171063
forecast_8188,2025-12-08 04:00:00,16163.736932171792,16535.68292295985,12569.846347570503
forecast_8189,2025-12-08 05:00:00,15171.20073142561,15806.832040580482,11769.37565994309
forecast_8190,2025-12-08 06:00:00,13378.816066843396,14886.294682972957,10464.481520982454
forecast_8191,2025-12-08 07:00:00,12998.66173287835,14507.54625157851,10544.7151541049
forecast_8192,2025-12-08 08:00:00,11932.02611757062,13746.992275996778,9652.80173490468
forecast_8193,2025-12-08 09:00:00,11382.7166083475,11838.145486677966,8564.26293131055
forecast_8194,2025-12-08 10:00:00,10074.331281968685,10193.931775860545,7865.030746028122
forecast_8195,2025-12-08 11:00:00,7668.540918467773,7352.335976627475,6882.291390266298
forecast_8196,2025-12-08 12:00:00,6342.6896757984805,6281.699385562991,5185.502419122868
forecast_8197,2025-12-08 13:00:00,5584.134450105688,5590.697377797342,4238.889768192764
forecast_8198,2025-12-08 14:00:00,5579.454379103457,5188.686297752952,3850.2387523179586
forecast_8199,2025-12-08 15:00:00,5628.781196341473,5400.263556885334,4179.612954839777
forecast_8200,2025-12-08 16:00:00,7043.889878097607,7586.346355996421,4854.052482461363
forecast_8201,2025-12-08 17:00:00,9322.211375144001,10225.177330080418,7320.797600860985
forecast_8202,2025-12-08 18:00:00,12221.905198892999,13525.64994986122,10763.198949522666
forecast_8203,2025-12-08 19:00:00,13895.89362055993,14316.905613872183,11626.94726728255
forecast_8204,2025-12-08 20:00:00,14637.910706316894,15397.563976932344,12741.152569488193
forecast_8205,2025-12-08 21:00:00,15305.406552753258,15585.909679801947,13011.037703717033
forecast_8206,2025-12-08 22:00:00,15882.072453042023,15902.630914020941,13506.049305342389
forecast_8207,2025-12-08 23:00:00,15104.134996411189,15267.146704346886,12220.181458463527
forecast_8208,2025-12-09 00:00:00,14983.870504518874,15464.131086707883,11737.908701590839
forecast_8209,2025-12-09 01:00:00,13353.981444411185,13401.491644982625,10526.377856085193
forecast_8210,2025-12-09 02:00:00,14615.54198112187,15452.379609979944,11723.834302998055
forecast_8211,2025-12-09 03:00:00,15763.859835026602,16627.138222651505,12399.940800062703
forecast_8212,2025-12-09 04:00:00,16239.798389845502,17133.486575051127,12278.93942004696
forecast_8213,2025-12-09 05:00:00,16074.847282586134,16859.754781874064,12517.241976240297
forecast_8214,2025-12-09 06:00:00,15370.109709451852,16339.28818239455,12282.286589924965
forecast_8215,2025-12-09 07:00:00,15770.614647729597,17094.854351407375,13374.854641996963
forecast_8216,2025-12-09 08:00:00,17543.609248183588,17553.581833230972,14289.670472390759
forecast_8217,2025-12-09 09:00:00,16942.39944854065,16974.358492918243,14014.753528009238
forecast_8218,2025-12-09 10:00:00,13005.135475544479,15502.582023184603,12858.162938880447
forecast_8219,2025-12-09 11:00:00,12147.493996921634,15034.10130591639,12263.00801291935
forecast_8220,2025-12-09 12:00:00,12065.549124618552,14108.358427603209,11176.342972430775
forecast_8221,2025-12-09 13:00:00,11449.340733260744,13696.588712666671,11304.303016674752
forecast_8222,2025-12-09 14:00:00,11756.417232974864,13081.830694194894,10895.274327011834
forecast_8223,2025-12-09 15:00:00,12321.639953879865,13436.470514890523,10379.375807229591
forecast_8224,2025-12-09 16:00:00,11820.651064043825,12293.465957847013,9459.811213837509
forecast_8225,2025-12-09 17:00:00,11866.778515943763,12729.030007214851,9776.916895409377
forecast_8226,2025-12-09 18:00:00,13194.549032897532,14096.980560825203,10668.383287061124
forecast_8227,2025-12-09 19:00:00,13312.838382250737,14258.999292386343,11366.72923617251
forecast_8228,2025-12-09 20:00:00,12932.594276137483,13815.211597342102,11467.8967710353
forecast_8229,2025-12-09 21:00:00,12806.998357070004,14480.777653878968,10407.864041321895
forecast_8230,2025-12-09 22:00:00,11989.184354545037,12910.475684893283,9965.201737266898
forecast_8231,2025-12-09 23:00:00,11387.277157250115,12274.715302063962,9650.420485854598
forecast_8232,2025-12-10 00:00:00,11360.174119963656,11611.032374193137,8835.428435863894
forecast_8233,2025-12-10 01:00:00,9433.949726472121,10147.250243566665,7241.0629774817535
forecast_8234,2025-12-10 02:00:00,10034.403403082173,11702.103721003847,7993.172496150306
forecast_8235,2025-12-10 03:00:00,12518.739947727021,13494.727761547743,9622.666381356294
forecast_8236,2025-12-10 04:00:00,12040.089958631457,13795.306340236164,9855.074831626795
forecast_8237,2025-12-10 05:00:00,12051.582170757312,13627.573568957185,9840.51558887328
forecast_8238,2025-12-10 06:00:00,11834.452975901171,13788.85084323403,9932.281958085503
forecast_8239,2025-12-10 07:00:00,12557.472726773241,14204.10527945947,10612.222967807325
forecast_8240,2025-12-10 08:00:00,12642.990785179,14031.377265668661,10056.121947107966
forecast_8241,2025-12-10 09:00:00,12281.859844021785,13695.029160300906,9581.207936292334
forecast_8242,2025-12-10 10:00:00,11407.709734189784,11877.631215170257,9377.83379785598
forecast_8243,2025-12-10 11:00:00,10829.736652697711,11404.725392861408,10015.454137343933
forecast_8244,2025-12-10 12:00:00,11314.028230182908,12573.973852998344,9871.232143857787
forecast_8245,2025-12-10 13:00:00,10379.644135611035,11865.798952492527,9731.918722817072
forecast_8246,2025-12-10 14:00:00,9864.188478628996,10559.08212836015,8976.621705833068
forecast_8247,2025-12-10 15:00:00,6955.166964709928,7331.237950370656,6385.750715295526
forecast_8248,2025-12-10 16:00:00,6432.491546150183,7653.59191037096,5044.986332318685
forecast_8249,2025-12-10 17:00:00,5716.483282270277,7003.0459721251245,5152.739060200722
forecast_8250,2025-12-10 18:00:00,6285.10757747115,7913.634775845825,4878.848970366299
forecast_8251,2025-12-10 19:00:00,7168.375870583039,9192.444181608782,5584.711169163448
forecast_8252,2025-12-10 20:00:00,7436.597552001301,9548.185428455181,5821.209920034008
forecast_8253,2025-12-10 21:00:00,8758.97121126645,11631.504722065107,6855.56551234156
forecast_8254,2025-12-10 22:00:00,12043.576982328086,14442.237320072507,11104.534900823424
forecast_8255,2025-12-10 23:00:00,12799.981817429889,15126.449218762913,11822.440559765679
forecast_8256,2025-12-11 00:00:00,12065.82802368487,13998.242202573292,10856.4726725196
forecast_8257,2025-12-11 01:00:00,15839.683939837947,17355.97249015624,14215.589944785694
forecast_8258,2025-12-11 02:00:00,15410.055835811834,17006.757977664158,13918.85368964199
forecast_8259,2025-12-11 03:00:00,16385.001921019128,17995.202184844435,14753.791698982997
forecast_8260,2025-12-11 04:00:00,17606.66576786797,18420.05768714413,16217.038289077234
forecast_8261,2025-12-11 05:00:00,18181.970978294845,18945.884595642332,16998.28267870123
forecast_8262,2025-12-11 06:00:00,17448.611177911775,18632.8295252055,16807.704278795758
forecast_8263,2025-12-11 07:00:00,16485.149511527805,18074.22018287759,16161.928355092672
forecast_8264,2025-12-11 08:00:00,15636.817104592737,16620.72701267425,14229.045623783575
forecast_8265,2025-12-11 09:00:00,15145.579867440962,15637.339963482244,13564.71976107009
forecast_8266,2025-12-11 10:00:00,15001.34572630899,16229.037792916683,13890.025335599306
forecast_8267,2025-12-11 11:00:00,15891.615580715248,16349.913596617815,14369.286071190005
forecast_8268,2025-12-11 12:00:00,15183.821607619848,15828.190945481228,14596.502247704995
forecast_8269,2025-12-11 13:00:00,12896.980541323335,13118.258829241622,10915.311212397315
forecast_8270,2025-12-11 14:00:00,12316.379197564336,12751.467895875689,8867.706886822945
forecast_8271,2025-12-11 15:00:00,12284.100165180576,12589.463075163969,8790.290819433429
forecast_8272,2025-12-11 16:00:00,12506.05264702574,12401.460032604558,9230.309440227362
forecast_8273,2025-12-11 17:00:00,12559.082080053746,13053.598766364068,9474.333113503226
forecast_8274,2025-12-11 18:00:00,12762.900074695313,13604.38963403933,9951.02757164118
forecast_8275,2025-12-11 19:00:00,11980.274379834407,12771.313880595966,8639.816238963445
forecast_8276,2025-12-11 20:00:00,10314.983862729508,10801.175292453994,6970.757334248211
forecast_8277,2025-12-11 21:00:00,4056.380740878536,4204.422514754177,2849.0374901591417
forecast_8278,2025-12-11 22:00:00,2426.3160802888624,1939.2485912884247,1638.1892726763213
forecast_8279,2025-12-11 23:00:00,2285.4073901100905,2006.2973066017157,1460.975320642309
forecast_8280,2025-12-12 00:00:00,1701.5660482867668,1544.4353561282667,1091.6685749852738
forecast_8281,2025-12-12 01:00:00,829.8015435038833,1113.473125002944,803.1620043274186
forecast_8282,2025-12-12 02:00:00,816.815724632757,1098.0681411384369,639.1490752523904
forecast_8283,2025-12-12 03:00:00,807.6118091442806,913.0179555969054,682.7246671300165
forecast_8284,2025-12-12 04:00:00,900.4413198075938,882.7293188340323,763.7378317577932
forecast_8285,2025-12-12 05:00:00,873.6333530244808,930.8720352996609,678.3730985830782
forecast_8286,2025-12-12 06:00:00,907.0965148316633,830.833056230559,638.0164131534505
forecast_8287,2025-12-12 07:00:00,981.1687722971111,1000.3711787779295,693.7346920572315
forecast_8288,2025-12-12 08:00:00,821.5523979587166,1110.909692265152,583.8940918112827
forecast_8289,2025-12-12 09:00:00,769.7023240794966,1004.5775560746176,509.66587698682997
forecast_8290,2025-12-12 10:00:00,571.3871682822021,589.5962925171217,389.17744381140324
forecast_8291,2025-12-12 11:00:00,503.6029902166745,531.8893688467115,338.6153829674203
forecast_8292,2025-12-12 12:00:00,345.2221790424636,436.6137512284424,263.93234105179226
forecast_8293,2025-12-12 13:00:00,306.9917136314223,428.27934827812874,232.80690509752068
forecast_8294,2025-12-12 14:00:00,306.23767741783456,400.0077234940703,240.2856421710536
forecast_8295,2025-12-12 15:00:00,315.868222262494,424.14709541848896,226.20688046914776
forecast_8296,2025-12-12 16:00:00,552.1849351106874,659.3618855155545,262.9513647186699
forecast_8297,2025-12-12 17:00:00,777.2176542063119,872.3721536542914,373.90466744458814
forecast_8298,2025-12-12 18:00:00,1119.2797181039916,1064.0578171830703,409.93396765531514
forecast_8299,2025-12-12 19:00:00,1259.2185037379334,1098.7753176303047,463.04065008724166
forecast_8300,2025-12-12 20:00:00,1337.922190680873,1178.648861000155,448.79730322117473
forecast_8301,2025-12-12 21:00:00,1548.716396879288,1572.436833296158,527.2934306288229
forecast_8302,2025-12-12 22:00:00,1625.3500671919576,1382.1345181185823,627.4188449941734
forecast_8303,2025-12-12 23:00:00,1826.0088218534388,1743.8368610813657,636.475973724667
forecast_8304,2025-12-13 00:00:00,1866.3148279164116,2282.111432147956,1050.1730162904087
forecast_8305,2025-12-13 01:00:00,1917.0050858012012,1929.985052139296,900.0923285494276
forecast_8306,2025-12-13 02:00:00,2125.411599009864,2846.167786790582,1285.3008201410323
forecast_8307,2025-12-13 03:00:00,1495.442096926822,2029.830780546604,1315.7575318194083
forecast_8308,2025-12-13 04:00:00,2935.4955661061686,3965.9690828311236,2347.8476609166787
forecast_8309,2025-12-13 05:00:00,4375.959603797181,4506.533142456186,3130.6145835883754
forecast_8310,2025-12-13 06:00:00,4154.972236756586,4741.315452785593,3498.461080623119
forecast_8311,2025-12-13 07:00:00,4479.238280260734,4764.95026173568,2739.133718825137
forecast_8312,2025-12-13 08:00:00,5398.8734165928745,5410.991637844305,2887.1068321725384
forecast_8313,2025-12-13 09:00:00,3770.35319957864,3870.895204545247,2309.9106965896067
forecast_8314,2025-12-13 10:00:00,2719.3796777881307,2691.5479454199212,1783.10969184958
forecast_8315,2025-12-13 11:00:00,2831.582343527406,2653.0362615596327,2181.5435985992312
forecast_8316,2025-12-13 12:00:00,2483.9763694151484,2767.533043735761,2008.10693294078
forecast_8317,2025-12-13 13:00:00,1631.3988973149403,1849.344065037674,1249.4345110316203
forecast_8318,2025-12-13 14:00:00,868.8758701744082,1028.6449857203324,803.3628597970102
forecast_8319,2025-12-13 15:00:00,916.1140824415796,651.7039755566695,538.5561323093157
forecast_8320,2025-12-13 16:00:00,1475.4730900206703,1379.586680963083,548.9273728161826
forecast_8321,2025-12-13 17:00:00,1814.0499985742424,1958.6007818422065,792.0541939905814
forecast_8322,2025-12-13 18:00:00,2397.8035103108764,3239.611060144387,1471.1204373548244
forecast_8323,2025-12-13 19:00:00,2323.4806756715425,2820.6355623164413,1235.9637703682888
forecast_8324,2025-12-13 20:00:00,2811.803764252821,3696.762896326302,1787.7800435279985
forecast_8325,2025-12-13 21:00:00,4459.093186765689,4721.275259271857,3825.238750880953
forecast_8326,2025-12-13 22:00:00,6604.7991851747765,7667.140418774265,5390.1980639763915
forecast_8327,2025-12-13 23:00:00,6818.72735419373,8918.04107747635,6235.290812298584
forecast_8328,2025-12-14 00:00:00,9242.414534977268,9988.166384511658,7232.754922889427
forecast_8329,2025-12-14 01:00:00,13170.677383392587,13321.9508466156,10811.258262295038
forecast_8330,2025-12-14 02:00:00,13645.531383297151,14042.939904073899,11787.208182549512
forecast_8331,2025-12-14 03:00:00,13341.174477773438,13736.270148160344,11280.02381781361
forecast_8332,2025-12-14 04:00:00,13454.159272073712,13599.422584615642,10737.08020240562
forecast_8333,2025-12-14 05:00:00,13871.945055092297,15044.036009790307,12496.829529688383
forecast_8334,2025-12-14 06:00:00,14395.168337382498,15251.63757777796,12764.183347799577
forecast_8335,2025-12-14 07:00:00,14805.049740124285,15441.151040446393,12522.05459092188
forecast_8336,2025-12-14 08:00:00,14392.270826456905,15465.007021046416,12423.789026474617
forecast_8337,2025-12-14 09:00:00,14207.007045615328,15882.9126072758,12777.0056336824
forecast_8338,2025-12-14 10:00:00,13392.991022812977,15011.41874046822,11378.157882498881
forecast_8339,2025-12-14 11:00:00,13135.433788504488,15177.244210806974,10729.337519493365
forecast_8340,2025-12-14 12:00:00,12767.92780159306,14722.01261944198,10713.1979977698
forecast_8341,2025-12-14 13:00:00,12091.162084198337,13369.610312731696,10685.067303760408
forecast_8342,2025-12-14 14:00:00,11007.270360725695,11692.186049540544,9172.72725485459
forecast_8343,2025-12-14 15:00:00,10550.980172171157,11969.100077356945,9368.026485165934
forecast_8344,2025-12-14 16:00:00,10352.923733915666,12692.314519660444,9790.413825485999
forecast_8345,2025-12-14 17:00:00,11851.237187213665,13059.303717718745,9645.430239020678
forecast_8346,2025-12-14 18:00:00,12715.751699730263,14487.19395552373,11166.300854029801
forecast_8347,2025-12-14 19:00:00,13784.091243718614,15169.50269301965,11715.854754291382
forecast_8348,2025-12-14 20:00:00,13660.740369631385,15350.292049863656,11775.528587216068
forecast_8349,2025-12-14 21:00:00,13071.189468566365,15170.358589204721,11514.965509152322
forecast_8350,2025-12-14 22:00:00,12589.648990756561,14958.786195965346,11175.904359777227
forecast_8351,2025-12-14 23:00:00,13176.972660608388,15122.965754295916,10996.077410338074
forecast_8352,2025-12-15 00:00:00,14992.5648142199,17011.55962707269,12365.193839213789
forecast_8353,2025-12-15 01:00:00,15259.080569161086,17220.2884495441,13444.56191062488
forecast_8354,2025-12-15 02:00:00,15424.54319201849,17558.890550036125,13985.222582912083
forecast_8355,2025-12-15 03:00:00,16248.385117283136,17561.821320014416,13834.365785647087
forecast_8356,2025-12-15 04:00:00,16651.883738844343,17489.087401793226,14166.50302213451
forecast_8357,2025-12-15 05:00:00,16958.72064002376,17597.79492513445,13584.76223645151
forecast_8358,2025-12-15 06:00:00,17501.96061556873,17779.280117583716,13787.051892524205
forecast_8359,2025-12-15 07:00:00,17342.52620386266,17415.28710588667,13057.724735699036
forecast_8360,2025-12-15 08:00:00,16342.764509005498,16760.355743362466,12768.312665549885
forecast_8361,2025-12-15 09:00:00,16440.197148372852,16030.363761298491,12382.764503435154
forecast_8362,2025-12-15 10:00:00,14605.68358314492,14829.79909894161,11423.609409515902
forecast_8363,2025-12-15 11:00:00,12295.594166911944,12932.49160056354,10332.469288194896
forecast_8364,2025-12-15 12:00:00,9777.614740048642,10584.6502676863,8573.326738263551
forecast_8365,2025-12-15 13:00:00,8651.498443376593,9435.898091097752,7901.64390458085
forecast_8366,2025-12-15 14:00:00,10086.456232067221,11269.62752584046,9437.180986567842
forecast_8367,2025-12-15 15:00:00,11937.148969806358,12612.311663023409,10300.749021957345
forecast_8368,2025-12-15 16:00:00,13424.141257122737,14015.838836789519,10903.028470710018
forecast_8369,2025-12-15 17:00:00,14895.886405575067,15280.120639290764,11586.555228469795
forecast_8370,2025-12-15 18:00:00,15936.925078545832,16917.42798836065,13758.677030127554
forecast_8371,2025-12-15 19:00:00,16970.193991340075,18007.53046900445,14172.10649553541
forecast_8372,2025-12-15 20:00:00,17468.72797864212,17793.167842440333,14361.38951041425
forecast_8373,2025-12-15 21:00:00,16978.845868286266,17967.465639119626,14279.578847542936
forecast_8374,2025-12-15 22:00:00,17003.99356834772,17219.898709202134,13685.745714909657
forecast_8375,2025-12-15 23:00:00,14864.498626703711,15404.591045281384,11669.792575703503
forecast_8376,2025-12-16 00:00:00,13171.318142472343,14353.978219367891,10350.349503364616
forecast_8377,2025-12-16 01:00:00,14714.975387893559,16009.43049144702,12528.835580727064
forecast_8378,2025-12-16 02:00:00,12987.143949241088,14475.011920832214,11343.562429824844
forecast_8379,2025-12-16 03:00:00,11743.54014669712,14259.805055736075,10283.642374067062
forecast_8380,2025-12-16 04:00:00,11727.960304832259,13939.26519915815,10688.009568919342
forecast_8381,2025-12-16 05:00:00,11453.055191143387,13312.684016803667,10693.72404642799
forecast_8382,2025-12-16 06:00:00,11242.663887610779,13026.494794961227,9534.141558586232
forecast_8383,2025-12-16 07:00:00,11690.892379802151,13273.81260868412,9856.21783080129
forecast_8384,2025-12-16 08:00:00,10622.97618604512,12531.180568253772,9603.088900908864
forecast_8385,2025-12-16 09:00:00,10546.00274009551,12407.242618726134,9777.92039352836
forecast_8386,2025-12-16 10:00:00,10151.24477424522,10507.780944191216,8932.0660935345
forecast_8387,2025-12-16 11:00:00,10484.559982494746,11209.872293952763,9582.553393224616
forecast_8388,2025-12-16 12:00:00,10517.858770183595,10967.854923487226,9922.623687326479
forecast_8389,2025-12-16 13:00:00,11681.866206578497,11814.69132157152,10576.534947506121
forecast_8390,2025-12-16 14:00:00,11592.572428468698,11908.19852773305,11068.428780490558
forecast_8391,2025-12-16 15:00:00,10231.20413421502,11058.885894635901,9643.108052430063
forecast_8392,2025-12-16 16:00:00,10533.905356375772,11461.787594868214,9806.696887950347
forecast_8393,2025-12-16 17:00:00,8952.691229056441,10094.818780740954,8122.708841901423
forecast_8394,2025-12-16 18:00:00,8330.717622215316,9316.541291533396,7122.020455356193
forecast_8395,2025-12-16 19:00:00,7604.342994640543,8677.66497579877,7564.8511287562205
forecast_8396,2025-12-16 20:00:00,6937.112492296262,8243.047679804778,6630.186168661738
forecast_8397,2025-12-16 21:00:00,7228.8957756211485,8775.515491000884,6708.9614958416505
forecast_8398,2025-12-16 22:00:00,5924.840328983846,7187.249753451035,5550.370386713692
forecast_8399,2025-12-16 23:00:00,5743.7420299231335,6654.4136710375205,5060.552141636826
forecast_8400,2025-12-17 00:00:00,7461.9512048659435,8955.104751365763,5855.886592793254
forecast_8401,2025-12-17 01:00:00,7702.213772947474,8953.227423932283,7108.357389440935
forecast_8402,2025-12-17 02:00:00,8482.238078066099,9582.62285769488,7773.313103746278
forecast_8403,2025-12-17 03:00:00,7436.367269279554,8969.076483229852,6573.1548547751845
forecast_8404,2025-12-17 04:00:00,7238.682691972267,8884.701629257494,6169.141120697762
forecast_8405,2025-12-17 05:00:00,6859.28012154265,8304.239405918524,5243.910980843763
forecast_8406,2025-12-17 06:00:00,6399.9883071291615,8057.206374224677,5305.271776869646
forecast_8407,2025-12-17 07:00:00,6476.106834230292,7545.6942224812465,5590.794462397988
forecast_8408,2025-12-17 08:00:00,6494.145187212859,7839.669981528223,5001.90771001627
forecast_8409,2025-12-17 09:00:00,5959.618330473219,6909.408630205603,3988.3808323386083
forecast_8410,2025-12-17 10:00:00,5431.179894145389,5703.434005038735,3663.9996593436435
forecast_8411,2025-12-17 11:00:00,6169.803873543291,6655.885793600395,4058.2775940340375
forecast_8412,2025-12-17 12:00:00,6033.245468944598,6476.896610166516,3837.6522646443805
forecast_8413,2025-12-17 13:00:00,5718.58350311303,6020.13900132978,3251.3948883019043
forecast_8414,2025-12-17 14:00:00,5157.208190982403,5335.83152503141,3094.2419409763575
forecast_8415,2025-12-17 15:00:00,3907.8016873074894,3549.7262251872703,2079.2127162030197
forecast_8416,2025-12-17 16:00:00,3215.93973554342,2516.1721354614824,1908.0949442218773
forecast_8417,2025-12-17 17:00:00,3593.0010665408668,3943.117888148227,2942.488529615636
forecast_8418,2025-12-17 18:00:00,4382.229639975467,4434.157383283596,2906.589189796722
forecast_8419,2025-12-17 19:00:00,4351.613121758129,4077.205199450609,2845.6599060088824
forecast_8420,2025-12-17 20:00:00,5116.45018330955,4348.190043957054,3479.760052829864
forecast_8421,2025-12-17 21:00:00,5178.119387267167,5196.1456463625345,3706.8533890990097
forecast_8422,2025-12-17 22:00:00,6609.180523920358,6309.432684834083,4962.464098084544
forecast_8423,2025-12-17 23:00:00,6995.572230647093,6553.459911746422,4726.400975974364
forecast_8424,2025-12-18 00:00:00,6932.506666559857,7385.708770309377,5577.97363267361
forecast_8425,2025-12-18 01:00:00,11853.973739518868,13190.303802382981,9878.384307975175
forecast_8426,2025-12-18 02:00:00,13411.080750256298,14316.294023382276,10982.006862030386
forecast_8427,2025-12-18 03:00:00,14079.519480036066,14673.07021213243,11128.229576774642
forecast_8428,2025-12-18 04:00:00,13982.276735329768,14433.654020862099,10044.52760825389
forecast_8429,2025-12-18 05:00:00,14035.392391155487,14351.67796879282,10287.758534073826
forecast_8430,2025-12-18 06:00:00,13433.578457075731,13966.196621331934,10151.730784949648
forecast_8431,2025-12-18 07:00:00,12174.649389875509,13060.600127200376,9614.586910909306
forecast_8432,2025-12-18 08:00:00,10447.000315257173,10830.633820702617,8416.064270187018
forecast_8433,2025-12-18 09:00:00,8380.216850055529,8168.572606502248,5508.529134758719
forecast_8434,2025-12-18 10:00:00,6749.4936323147895,5585.010009500493,3868.2247704859415
forecast_8435,2025-12-18 11:00:00,5524.244553588554,5436.682380059525,3683.629304461104
forecast_8436,2025-12-18 12:00:00,4643.304481204166,4755.452379094049,3268.698449946389
forecast_8437,2025-12-18 13:00:00,3398.48847635063,3759.8419699035076,2549.285069367186
forecast_8438,2025-12-18 14:00:00,2820.3536794654565,3301.373342568545,2515.319415213291
forecast_8439,2025-12-18 15:00:00,3104.2920298670347,3513.6842374111757,2625.6224091798517
forecast_8440,2025-12-18 16:00:00,3146.6044514137984,3580.1506575044,2658.1797979403623
forecast_8441,2025-12-18 17:00:00,4076.4438548615485,4392.261585251444,2828.836787399763
forecast_8442,2025-12-18 18:00:00,4393.903447240873,5139.167835378256,3034.822200580082
forecast_8443,2025-12-18 19:00:00,4679.912930687879,5549.455908042105,3943.238065092141
forecast_8444,2025-12-18 20:00:00,6292.0002100038855,6771.407929477732,4145.886583851517
forecast_8445,2025-12-18 21:00:00,6588.225306893961,7404.946641088868,4370.843739484994
forecast_8446,2025-12-18 22:00:00,7388.456667643898,7833.56108463646,5168.077164128514
forecast_8447,2025-12-18 23:00:00,9279.489172986387,10621.394352967483,6409.098280427151
forecast_8448,2025-12-19 00:00:00,9988.308438187369,12272.921142305157,7484.887165332582
forecast_8449,2025-12-19 01:00:00,15185.256997958475,15855.723533188217,11470.248938981338
forecast_8450,2025-12-19 02:00:00,15555.268516264441,15674.077257143572,12078.973407785737
forecast_8451,2025-12-19 03:00:00,15664.79590612341,15480.594576637463,12252.597208019462
forecast_8452,2025-12-19 04:00:00,14651.580501698183,15676.8379211494,11491.298957421399
forecast_8453,2025-12-19 05:00:00,14548.85176352856,14880.84336072358,11366.075666695611
forecast_8454,2025-12-19 06:00:00,15596.386762961545,16274.855567699735,13383.206023156872
forecast_8455,2025-12-19 07:00:00,16282.882742735153,16977.18234213128,13753.803568125948
forecast_8456,2025-12-19 08:00:00,16072.376882342443,16624.738359200972,13743.964413400216
forecast_8457,2025-12-19 09:00:00,16404.73534382838,16525.759734654384,13537.63229906087
forecast_8458,2025-12-19 10:00:00,14547.551117414456,14972.704157393624,12226.417235745495
forecast_8459,2025-12-19 11:00:00,14044.70204573928,15100.466057884294,12237.151315872306
forecast_8460,2025-12-19 12:00:00,15420.448497131287,15885.066403100449,14145.434832732119
forecast_8461,2025-12-19 13:00:00,16070.233135054763,16058.374125434446,14448.393116585185
forecast_8462,2025-12-19 14:00:00,16172.384170520554,16114.547140855802,15172.335902952445
forecast_8463,2025-12-19 15:00:00,16812.274981329738,16424.622499302557,15119.448915113155
forecast_8464,2025-12-19 16:00:00,16255.058466795599,16684.456735394324,15546.403503475012
forecast_8465,2025-12-19 17:00:00,15564.884925850965,16154.516795619991,14106.32443530538
forecast_8466,2025-12-19 18:00:00,14332.895036001177,16284.8658087351,14596.693889294706
forecast_8467,2025-12-19 19:00:00,14343.106192570775,16172.391858034454,14606.94419865352
forecast_8468,2025-12-19 20:00:00,14510.93080068364,16321.240047784617,14119.255021767747
forecast_8469,2025-12-19 21:00:00,15616.964839974284,16868.681336833877,15053.141497772167
forecast_8470,2025-12-19 22:00:00,15532.088781468721,16802.477586858415,14928.783450222842
forecast_8471,2025-12-19 23:00:00,15276.573566986446,16789.432706220257,14380.06161302643
forecast_8472,2025-12-20 00:00:00,14328.91842752957,16544.22961109564,13440.743565540051
forecast_8473,2025-12-20 01:00:00,13316.31878495521,15235.115006135811,12375.062032377338
forecast_8474,2025-12-20 02:00:00,11924.491749852781,14255.040131880178,9900.880973591453
forecast_8475,2025-12-20 03:00:00,10353.94331703884,13149.529004990267,8412.461633981236
forecast_8476,2025-12-20 04:00:00,10760.004100329834,13524.718721565334,9504.459378873978
forecast_8477,2025-12-20 05:00:00,10701.401742084865,13587.551688672442,9517.120836195132
forecast_8478,2025-12-20 06:00:00,11191.19670263941,13640.750771865713,9453.22743408409
forecast_8479,2025-12-20 07:00:00,10997.2073964033,14109.957179095421,9621.406344456145
forecast_8480,2025-12-20 08:00:00,11570.261773042372,13654.668882109863,9965.203868550945
forecast_8481,2025-12-20 09:00:00,11829.29854452929,13440.418265113425,10530.289830333479
forecast_8482,2025-12-20 10:00:00,11257.628180072032,12699.158363600976,10681.331816064852
forecast_8483,2025-12-20 11:00:00,10841.532020439136,12681.745440503872,11051.891337113497
forecast_8484,2025-12-20 12:00:00,11551.938219850972,13571.126182440856,12610.12142353997
forecast_8485,2025-12-20 13:00:00,12343.679471843534,14597.07547847966,12648.134028104327
forecast_8486,2025-12-20 14:00:00,12141.868343685917,14159.254826840737,12666.249709778882
forecast_8487,2025-12-20 15:00:00,10718.964549092318,12639.017768861613,10268.538574477021
forecast_8488,2025-12-20 16:00:00,11236.5792173548,12322.54527829141,10015.524748825032
forecast_8489,2025-12-20 17:00:00,11329.888072099227,12384.535270083898,10588.049507450913
forecast_8490,2025-12-20 18:00:00,11645.076758338864,12932.385583686597,10968.738106548943
forecast_8491,2025-12-20 19:00:00,11502.664961122402,12183.465355366934,10234.833104008814
forecast_8492,2025-12-20 20:00:00,10806.527799972617,11181.462235815683,8832.19768104388
forecast_8493,2025-12-20 21:00:00,9470.80009933154,10553.127085149024,7391.515539231686
forecast_8494,2025-12-20 22:00:00,10868.955272515359,11309.000057087671,8915.319369312774
forecast_8495,2025-12-20 23:00:00,13801.508806682808,13587.428798528268,11949.537981005018
forecast_8496,2025-12-21 00:00:00,14657.162745659723,15560.396930420382,11552.951053460607
forecast_8497,2025-12-21 01:00:00,17100.500820196055,17362.805944338485,13842.285321422121
forecast_8498,2025-12-21 02:00:00,17107.829880529785,17362.78927199649,13340.991572734118
forecast_8499,2025-12-21 03:00:00,16584.849461021873,17038.91446647428,13019.045456477945
forecast_8500,2025-12-21 04:00:00,15383.964715145421,15912.108064596134,12267.952506867605
forecast_8501,2025-12-21 05:00:00,15275.79933929184,15817.379218193013,11766.714310688754
forecast_8502,2025-12-21 06:00:00,15541.20023196364,15730.880495828931,11310.027171127294
forecast_8503,2025-12-21 07:00:00,15475.975830535584,16279.729198017494,11790.430720501367
forecast_8504,2025-12-21 08:00:00,14772.979722162443,16115.710965774659,11626.280486905815
forecast_8505,2025-12-21 09:00:00,13498.34700505272,15222.575530256378,10713.223952028151
forecast_8506,2025-12-21 10:00:00,12025.032575485906,14461.94882996794,10584.712086426916
forecast_8507,2025-12-21 11:00:00,11057.702107553932,12870.682175958791,9469.203990216483
forecast_8508,2025-12-21 12:00:00,10481.050221713862,11656.86416185002,8414.442955001172
forecast_8509,2025-12-21 13:00:00,9812.531872352694,10413.442431813932,7551.300699099916
forecast_8510,2025-12-21 14:00:00,8240.91909248183,7991.697385953778,5823.110308900635
forecast_8511,2025-12-21 15:00:00,7300.710047511592,7608.922757886095,5142.3456654914535
forecast_8512,2025-12-21 16:00:00,6306.10650012462,6183.594142338179,4265.318915109203
forecast_8513,2025-12-21 17:00:00,6471.935823067161,5817.2893619944025,4060.84853182357
forecast_8514,2025-12-21 18:00:00,5630.799605710875,5267.038978874062,3814.064719490865
forecast_8515,2025-12-21 19:00:00,4955.357711525303,4509.9983150395865,3723.839616655048
forecast_8516,2025-12-21 20:00:00,5724.178890365037,4891.675782914806,3637.5666700981715
forecast_8517,2025-12-21 21:00:00,3681.4634373446197,3007.23328368573,2716.2443337298537
forecast_8518,2025-12-21 22:00:00,2566.7243338019516,2054.0261938674325,2088.5152702053533
forecast_8519,2025-12-21 23:00:00,2131.730633199069,1799.7989115256944,1828.3532821229535
forecast_8520,2025-12-22 00:00:00,1693.6653003951828,1386.8937813916637,1261.0441619366961
forecast_8521,2025-12-22 01:00:00,2561.3544905208055,1898.8202226538274,2208.992370672483
forecast_8522,2025-12-22 02:00:00,1975.2920051413441,1398.671936241384,1560.386167499778
forecast_8523,2025-12-22 03:00:00,1135.7096039807127,1287.1619017453559,724.0105527241469
forecast_8524,2025-12-22 04:00:00,969.051773762351,1051.9583967216977,606.1325296000482
forecast_8525,2025-12-22 05:00:00,803.8567325768422,796.5606189449367,395.934223438023
forecast_8526,2025-12-22 06:00:00,904.6032374337454,919.4616168846229,537.8458784145691
forecast_8527,2025-12-22 07:00:00,824.9862356524934,772.6159923409958,400.6077940970314
forecast_8528,2025-12-22 08:00:00,819.604383285941,810.7073058833251,288.34131240377917
forecast_8529,2025-12-22 09:00:00,811.4255130469868,721.0904384298345,256.47185275352933
forecast_8530,2025-12-22 10:00:00,408.49441620231596,404.9001956493085,247.25046526190823
forecast_8531,2025-12-22 11:00:00,318.8870823126148,344.30822219255845,236.54353786552602
forecast_8532,2025-12-22 12:00:00,281.84026914831463,385.47686558673945,254.16126693268222
forecast_8533,2025-12-22 13:00:00,251.5509261698677,337.03533639607934,235.89463918432043
forecast_8534,2025-12-22 14:00:00,300.582111431024,333.0170245391454,235.22789707568666
forecast_8535,2025-12-22 15:00:00,317.554618978449,386.79360249911036,266.34681933245554
forecast_8536,2025-12-22 16:00:00,428.0288734303653,511.7180727279098,300.3896198515944
forecast_8537,2025-12-22 17:00:00,648.8830356372825,656.8932298059432,295.2209613891206
forecast_8538,2025-12-22 18:00:00,856.646710544308,819.4829715293865,305.5896527189728
forecast_8539,2025-12-22 19:00:00,854.2454528145557,881.1325801907205,341.56047516651284
forecast_8540,2025-12-22 20:00:00,978.6465604932886,878.036082550621,363.4284058147229
forecast_8541,2025-12-22 21:00:00,1215.703564231992,996.9535915744863,423.56517912848074
forecast_8542,2025-12-22 22:00:00,1505.8493226357066,1685.8543324717816,1070.12860422363
forecast_8543,2025-12-22 23:00:00,1343.9007708878978,1511.0894521643831,854.0547215384596
forecast_8544,2025-12-23 00:00:00,1826.6334295936804,2177.661583203098,1095.4406400384223
forecast_8545,2025-12-23 01:00:00,2365.992014308142,2997.8171534159364,1828.2295578475446
forecast_8546,2025-12-23 02:00:00,2825.232690651378,3267.106377507246,2134.8783828363476
forecast_8547,2025-12-23 03:00:00,3457.720891570119,3411.532292524708,2128.701660424439
forecast_8548,2025-12-23 04:00:00,2386.1829658039537,2474.3045966224963,1717.3633000821353
forecast_8549,2025-12-23 05:00:00,2679.213548473233,3371.5643364983257,2146.54184170261
forecast_8550,2025-12-23 06:00:00,2595.9273725416306,3209.9053125013297,2081.9931730281755
forecast_8551,2025-12-23 07:00:00,2298.0908960556126,2514.260192208287,1476.3263852126272
forecast_8552,2025-12-23 08:00:00,2748.562971074451,2415.846557657058,1267.7772859686982
forecast_8553,2025-12-23 09:00:00,3565.999754231606,3383.752611929696,1837.3295348173451
forecast_8554,2025-12-23 10:00:00,2401.236418942311,4032.616943548355,2158.8138505463126
forecast_8555,2025-12-23 11:00:00,3428.7425138092512,4824.248276291759,2959.775195220828
forecast_8556,2025-12-23 12:00:00,5838.594133037617,6050.2471920353555,3590.1488782418555
forecast_8557,2025-12-23 13:00:00,5146.904829559565,5735.818728855015,4570.760135031442
forecast_8558,2025-12-23 14:00:00,5290.357425249472,6073.947125560454,4540.023537087845
forecast_8559,2025-12-23 15:00:00,5227.452789311117,7946.890642473897,4582.633059645899
forecast_8560,2025-12-23 16:00:00,5779.679447966986,7452.48456921127,3370.336675800296
forecast_8561,2025-12-23 17:00:00,5493.339263141339,6892.824070533071,3004.205088018086
forecast_8562,2025-12-23 18:00:00,5875.345468321718,7416.948483284436,3545.510825061561
forecast_8563,2025-12-23 19:00:00,6219.54090896504,8955.193036315013,5128.0662775528535
forecast_8564,2025-12-23 20:00:00,6039.784518409474,8909.50943668945,5323.244073276998
forecast_8565,2025-12-23 21:00:00,6503.6807335623325,8695.096468706453,4860.143413736566
forecast_8566,2025-12-23 22:00:00,7930.348891785763,9904.128537893695,5975.455349014485
forecast_8567,2025-12-23 23:00:00,8079.676542599465,10154.311769356194,6879.951423543759
forecast_8568,2025-12-24 00:00:00,6596.642783762371,9192.838857872737,5806.0255921992475
forecast_8569,2025-12-24 01:00:00,7039.31812889394,8757.87261609614,6433.196182659775
forecast_8570,2025-12-24 02:00:00,5975.300679346429,7954.703253647339,5785.03727027129
forecast_8571,2025-12-24 03:00:00,4932.718199019555,5406.837791997244,3931.9734163752137
forecast_8572,2025-12-24 04:00:00,3970.1540786666187,4311.299540204116,2881.2501263636495
forecast_8573,2025-12-24 05:00:00,3241.1381232413983,3727.7983262241073,2184.979931472074
forecast_8574,2025-12-24 06:00:00,1809.1567886302244,2104.8534838752266,1245.7923614861172
forecast_8575,2025-12-24 07:00:00,1771.1736138798663,1933.7582274343592,1090.0461004416723
forecast_8576,2025-12-24 08:00:00,1519.931872159968,1607.2029603106946,814.536458103361
forecast_8577,2025-12-24 09:00:00,1189.0859185537715,1373.0429507043555,793.1676047606553
forecast_8578,2025-12-24 10:00:00,745.972048228663,951.177157727326,521.4505612493163
forecast_8579,2025-12-24 11:00:00,734.1714412725811,829.6241867821298,519.7044236928381
forecast_8580,2025-12-24 12:00:00,710.4684053311416,711.7976406958624,501.4043436643391
forecast_8581,2025-12-24 13:00:00,690.4296321411259,762.4773107814618,514.1052504822925
forecast_8582,2025-12-24 14:00:00,710.3001414492192,782.4242699617646,515.5227496163633
forecast_8583,2025-12-24 15:00:00,790.2981340953554,863.100959668225,703.8776002513569
forecast_8584,2025-12-24 16:00:00,1114.9576007806209,1297.3273960954689,722.7927850395059
forecast_8585,2025-12-24 17:00:00,1175.378605006106,1094.131221679315,650.9619081802346
forecast_8586,2025-12-24 18:00:00,1161.0942510897364,1027.7849184550394,640.4419648949728
forecast_8587,2025-12-24 19:00:00,1103.6559208812528,1010.4874633040849,613.6023706200228
forecast_8588,2025-12-24 20:00:00,1120.193008951449,924.1982812105836,599.8742601237154
forecast_8589,2025-12-24 21:00:00,1849.922000322208,1318.9128773005978,1076.2321139057856
forecast_8590,2025-12-24 22:00:00,1767.917850591246,1448.8484860226924,1083.1419198520848
forecast_8591,2025-12-24 23:00:00,2011.9129138887586,1659.931057118962,1344.5923658416189
forecast_8592,2025-12-25 00:00:00,2258.8121779880244,2531.2281860009384,1530.4192697832912
forecast_8593,2025-12-25 01:00:00,2072.5058619312113,1980.603317368478,1424.550581471219
forecast_8594,2025-12-25 02:00:00,3959.722791156944,3685.9719168864704,2384.7245112053356
forecast_8595,2025-12-25 03:00:00,5694.100102676204,5426.421938714119,4864.880475398477
forecast_8596,2025-12-25 04:00:00,7081.798540596555,7625.168354726794,5938.173292065334
forecast_8597,2025-12-25 05:00:00,8482.483629542492,10046.299711441938,6527.654732309567
forecast_8598,2025-12-25 06:00:00,8553.665293171476,10312.19705942446,6624.926447598825
forecast_8599,2025-12-25 07:00:00,10023.525491269489,11034.987347929162,7409.658509590927
forecast_8600,2025-12-25 08:00:00,10896.836984117954,12007.748178695509,7704.352748134848
forecast_8601,2025-12-25 09:00:00,11685.144584787686,13062.665334119134,9556.832366113757
forecast_8602,2025-12-25 10:00:00,13008.737746303763,14327.900071575752,11654.777227631414
forecast_8603,2025-12-25 11:00:00,14176.008587635039,14167.062187893278,10908.4978740949
forecast_8604,2025-12-25 12:00:00,13875.832334380566,13803.378711639882,11491.132415878636
forecast_8605,2025-12-25 13:00:00,14027.43706733003,14718.926425020478,11070.953949513216
forecast_8606,2025-12-25 14:00:00,13784.203081877835,14710.258640739154,11196.157902113295
forecast_8607,2025-12-25 15:00:00,14047.237041751361,15358.957364518701,11145.476686041056
forecast_8608,2025-12-25 16:00:00,14216.090394966486,15236.892952217217,10958.026877260809
forecast_8609,2025-12-25 17:00:00,14506.536042359578,15274.058526392659,11114.979159896988
forecast_8610,2025-12-25 18:00:00,14306.366324162422,14833.617769213255,11154.888796188552
forecast_8611,2025-12-25 19:00:00,14122.811844794458,14692.32153253726,11979.8807500762
forecast_8612,2025-12-25 20:00:00,13644.934269265346,14476.423095490323,12205.467488529557
forecast_8613,2025-12-25 21:00:00,14056.1811586213,15279.13901724395,12795.504215767647
forecast_8614,2025-12-25 22:00:00,13683.768884858897,15382.970220091493,12692.245623372932
forecast_8615,2025-12-25 23:00:00,13853.326357927079,15459.477427353619,13017.336303031401
forecast_8616,2025-12-26 00:00:00,14419.620672804573,16023.330964452685,13045.234795745226
forecast_8617,2025-12-26 01:00:00,13244.69068869272,15521.47570964312,12623.662094623423
forecast_8618,2025-12-26 02:00:00,13213.093382879593,14468.769272355963,11111.5958181829
forecast_8619,2025-12-26 03:00:00,13729.273392430028,15357.680748759132,10184.71077352781
forecast_8620,2025-12-26 04:00:00,13302.255335886126,16508.821352357616,8465.939055133455
forecast_8621,2025-12-26 05:00:00,13532.066470858825,15978.243618267119,8600.83083239882
forecast_8622,2025-12-26 06:00:00,13363.70942021868,15409.566333954619,8709.183014237324
forecast_8623,2025-12-26 07:00:00,13827.025295699214,15303.12723819551,8102.025972222146
forecast_8624,2025-12-26 08:00:00,13715.252603311334,15323.196336556635,8578.633345663317
forecast_8625,2025-12-26 09:00:00,13014.276542580375,14779.968506384674,8827.295616046382
forecast_8626,2025-12-26 10:00:00,11922.850027303246,13660.524833407415,8857.811806185146
forecast_8627,2025-12-26 11:00:00,10400.098919040493,12894.262335585976,8924.576050974354
forecast_8628,2025-12-26 12:00:00,9747.308500706718,11804.16084910735,8155.391364568645
forecast_8629,2025-12-26 13:00:00,10115.100773867844,11957.236073705706,8596.201108626297
forecast_8630,2025-12-26 14:00:00,10472.97032544588,11981.883864481375,8795.24994675087
forecast_8631,2025-12-26 15:00:00,10381.875953644934,11761.58901378013,9019.287077513964
forecast_8632,2025-12-26 16:00:00,10774.335602290614,12132.72962958733,8903.578659462828
forecast_8633,2025-12-26 17:00:00,12026.931347302192,13562.838535239296,10548.955175972584
forecast_8634,2025-12-26 18:00:00,13674.78714022916,14507.365978132388,12247.115666606102
forecast_8635,2025-12-26 19:00:00,14321.475983465896,15891.452647426602,12029.332566252835
forecast_8636,2025-12-26 20:00:00,14226.565478517321,16342.189790529088,11874.960345228685
forecast_8637,2025-12-26 21:00:00,14773.56089666306,16581.13077213497,12376.066731214702
forecast_8638,2025-12-26 22:00:00,16017.438679390147,17144.126657147983,13311.39799479235
forecast_8639,2025-12-26 23:00:00,15610.302833718832,17110.970003444923,12871.483301988173
forecast_8640,2025-12-27 00:00:00,16121.216754388446,16495.13265499911,12334.904199716158
forecast_8641,2025-12-27 01:00:00,16009.724595312493,17365.692110061827,12421.028701663965
forecast_8642,2025-12-27 02:00:00,15650.682976924529,17207.16886722061,12074.631344000976
forecast_8643,2025-12-27 03:00:00,15242.64383749918,17086.429309427946,12397.391030254907
forecast_8644,2025-12-27 04:00:00,14570.348615721765,16480.131360916217,12068.91806206268
forecast_8645,2025-12-27 05:00:00,13445.49506767473,15993.590993668457,11348.61282618134
forecast_8646,2025-12-27 06:00:00,13976.34243763095,16515.635868378504,11426.1950634954
forecast_8647,2025-12-27 07:00:00,14768.933184699417,16542.771799264516,12586.73321383279
forecast_8648,2025-12-27 08:00:00,15140.312061703673,16782.8455653899,12937.160855942098
forecast_8649,2025-12-27 09:00:00,13883.554183805543,15786.32590944358,12353.614010034546
forecast_8650,2025-12-27 10:00:00,11841.96732169827,13079.156396425735,11407.17593781218
forecast_8651,2025-12-27 11:00:00,12044.108610741341,13193.380899192794,11164.2440224399
forecast_8652,2025-12-27 12:00:00,12773.901161537875,14400.492783758726,11281.196148260768
forecast_8653,2025-12-27 13:00:00,13934.445670261146,15138.762276721709,11547.962518128164
forecast_8654,2025-12-27 14:00:00,14390.776343107484,15831.413009147587,11735.970607226443
forecast_8655,2025-12-27 15:00:00,14757.716391097774,16069.760581473125,12042.265683087124
forecast_8656,2025-12-27 16:00:00,14665.564116554426,15907.232117856563,12503.11333317564
forecast_8657,2025-12-27 17:00:00,14395.523804658103,15858.67459062612,13099.791610840954
forecast_8658,2025-12-27 18:00:00,14156.018418392192,15977.36269616104,13873.960897116838
forecast_8659,2025-12-27 19:00:00,15400.563745696425,16826.40069524206,13908.211513670782
forecast_8660,2025-12-27 20:00:00,15884.654772767775,16703.467866318962,14037.44396338285
forecast_8661,2025-12-27 21:00:00,14425.631227173892,16614.533311207888,13393.268223779764
forecast_8662,2025-12-27 22:00:00,15191.234670347993,16820.948903189255,13885.301011692098
forecast_8663,2025-12-27 23:00:00,14891.319013836057,16746.712161527874,13717.764825464537
forecast_8664,2025-12-28 00:00:00,14007.29446100807,16217.06995836393,12817.446022903516
forecast_8665,2025-12-28 01:00:00,16371.334274107468,17548.063718733734,13717.818833536152
forecast_8666,2025-12-28 02:00:00,16724.923003045657,17852.74681826294,13968.00171666729
forecast_8667,2025-12-28 03:00:00,16239.572035076355,17745.692685602382,13772.305232879318
forecast_8668,2025-12-28 04:00:00,16792.418230211984,17768.10198261418,13894.573832805552
forecast_8669,2025-12-28 05:00:00,17413.038755169713,17241.013403175584,13912.282704060046
forecast_8670,2025-12-28 06:00:00,17009.607813993196,17389.15157479014,14152.134689855584
forecast_8671,2025-12-28 07:00:00,16869.00482361615,17351.974946590723,14224.338205449847
forecast_8672,2025-12-28 08:00:00,16568.492576945246,17121.059885584713,13590.246366353507
forecast_8673,2025-12-28 09:00:00,16165.373764702632,16063.501052628215,13068.030985153486
forecast_8674,2025-12-28 10:00:00,14735.137128680042,14676.995415082974,12855.425615756607
forecast_8675,2025-12-28 11:00:00,14364.339646683025,15216.855734852132,12740.017542028572
forecast_8676,2025-12-28 12:00:00,13832.84242466808,15354.56614189133,12887.080253911163
forecast_8677,2025-12-28 13:00:00,12776.70474851406,14554.48170603798,12523.997311860556
forecast_8678,2025-12-28 14:00:00,12463.06601001699,13506.275074187222,11325.888071516862
forecast_8679,2025-12-28 15:00:00,13578.794846038249,13898.508720841097,12588.78757012018
forecast_8680,2025-12-28 16:00:00,14132.015581742091,14666.150044883605,12957.277027349084
forecast_8681,2025-12-28 17:00:00,14716.98444689255,14808.889173721052,13350.090236503973
forecast_8682,2025-12-28 18:00:00,14419.61933324915,14556.806113705867,13399.251932080642
forecast_8683,2025-12-28 19:00:00,13181.148761149112,14373.433411090491,13089.055706505584
forecast_8684,2025-12-28 20:00:00,13411.918766858078,14621.906860826262,12827.705645170436
forecast_8685,2025-12-28 21:00:00,15017.872649783329,16309.098226458756,13856.791903776066
forecast_8686,2025-12-28 22:00:00,16082.750016643877,16812.807061113832,13929.93819445776
forecast_8687,2025-12-28 23:00:00,15200.434475840742,16781.041110510883,14013.814894022556
forecast_8688,2025-12-29 00:00:00,15609.026072480301,17099.40488964064,14380.279964761896
forecast_8689,2025-12-29 01:00:00,15586.715205434575,17339.752376119923,13927.453533548603
forecast_8690,2025-12-29 02:00:00,15802.989525186664,17806.752985197527,14473.650198099158
forecast_8691,2025-12-29 03:00:00,17219.92894380486,18415.195457667982,15820.26080449123
forecast_8692,2025-12-29 04:00:00,17151.439397767528,18400.667635567155,16123.093842166303
forecast_8693,2025-12-29 05:00:00,17381.7526329032,18210.356013736353,15789.593939372777
forecast_8694,2025-12-29 06:00:00,17701.547867148005,18385.05053233647,15822.021317187846
forecast_8695,2025-12-29 07:00:00,17821.730383129794,18411.331475737497,15834.666028484464
forecast_8696,2025-12-29 08:00:00,17767.990362347577,18444.529761419697,15768.480220810361
forecast_8697,2025-12-29 09:00:00,17680.3702211566,18205.754149906887,15408.098798167808
forecast_8698,2025-12-29 10:00:00,17351.59589775906,17692.73431183257,15326.726875356619
forecast_8699,2025-12-29 11:00:00,17185.722685792287,17708.92100985632,15394.869543209912
forecast_8700,2025-12-29 12:00:00,16933.078578090513,17519.33369418594,15553.296646724986
forecast_8701,2025-12-29 13:00:00,16092.024250734412,17295.998966789015,15057.750831794869
forecast_8702,2025-12-29 14:00:00,15784.695887404832,17006.229435391302,15194.213066067347
forecast_8703,2025-12-29 15:00:00,15440.24650171493,16207.339318544802,14451.197493508775
forecast_8704,2025-12-29 16:00:00,16011.3176751525,17078.055998100514,15171.414090983493
forecast_8705,2025-12-29 17:00:00,16571.014238767235,17171.684255831628,15299.026429720156
forecast_8706,2025-12-29 18:00:00,16689.630636464935,17329.557286888597,14959.827752597175
forecast_8707,2025-12-29 19:00:00,15801.66737109455,16062.311777601119,14393.166417221908
forecast_8708,2025-12-29 20:00:00,15144.384498719828,15862.386432892437,14235.892311143734
forecast_8709,2025-12-29 21:00:00,15326.051789392184,15581.750821666483,13729.397651806
forecast_8710,2025-12-29 22:00:00,14637.084161625413,14586.606652145412,12806.426366494412
forecast_8711,2025-12-29 23:00:00,13189.014984028721,13526.305190762196,12362.246117474866
forecast_8712,2025-12-30 00:00:00,12828.053890712405,13848.302971861265,11778.436989929234
forecast_8713,2025-12-30 01:00:00,11270.1975841655,12549.008655093283,10828.117034805788
forecast_8714,2025-12-30 02:00:00,12151.113330510645,13330.863751959354,11330.506170303148
forecast_8715,2025-12-30 03:00:00,12808.505711130623,13484.000599451205,11276.165283095848
forecast_8716,2025-12-30 04:00:00,13930.276562547786,14408.186350928374,12036.708943423384
forecast_8717,2025-12-30 05:00:00,13111.732336694897,14630.118287937283,11673.367529002306
forecast_8718,2025-12-30 06:00:00,13293.308410117963,14859.307390528444,11124.920287217135
forecast_8719,2025-12-30 07:00:00,13486.194736660893,14776.382442490094,10943.972401963543
forecast_8720,2025-12-30 08:00:00,12407.894196381514,14023.307853247372,9740.85752939207
forecast_8721,2025-12-30 09:00:00,11385.102526592906,13421.103299273595,9077.833943892687
forecast_8722,2025-12-30 10:00:00,10216.95245343723,11875.09699743755,8694.38723885144
forecast_8723,2025-12-30 11:00:00,9850.532527164647,11212.00345673257,8163.390755270298
forecast_8724,2025-12-30 12:00:00,10532.638804259526,11387.497574136602,8686.07964295639
forecast_8725,2025-12-30 13:00:00,11316.383694752152,11386.06473538358,7934.854805085581
forecast_8726,2025-12-30 14:00:00,11660.644663464718,11518.64997986342,8008.770754288017
forecast_8727,2025-12-30 15:00:00,11897.183209682078,12125.995930162197,9233.038052249747
forecast_8728,2025-12-30 16:00:00,12981.33887326845,12953.02096830422,10243.257732546499
forecast_8729,2025-12-30 17:00:00,12274.490939716748,12516.949958257226,10109.274766662353
forecast_8730,2025-12-30 18:00:00,12471.742283909682,12782.422166738812,10586.430546691985
forecast_8731,2025-12-30 19:00:00,12335.24255388592,12829.346344273625,10401.48532338224
forecast_8732,2025-12-30 20:00:00,12460.057066970889,13077.506996432661,10508.705267549067
forecast_8733,2025-12-30 21:00:00,12557.04943051506,13500.245151943884,10918.702771879085
forecast_8734,2025-12-30 22:00:00,12834.642529890292,14352.859434672926,11206.743848151973
forecast_8735,2025-12-30 23:00:00,12848.910122235848,14826.265465714941,12243.13559788735
forecast_8736,2025-12-31 00:00:00,13223.423567337428,15593.789470963125,13086.507852884968
forecast_8737,2025-12-31 01:00:00,15130.716735337935,16013.767708139854,14001.933934124221
forecast_8738,2025-12-31 02:00:00,15240.024214462148,16330.490912682548,14284.836544501588
forecast_8739,2025-12-31 03:00:00,14924.244814253962,16122.776935325823,14058.948790314511
forecast_8740,2025-12-31 04:00:00,14790.670952845765,16282.16961777094,14074.437803764275
forecast_8741,2025-12-31 05:00:00,14371.842441635605,16246.215821136255,13116.683716834954
forecast_8742,2025-12-31 06:00:00,14220.144796882174,16531.859123867238,13184.724649971615
forecast_8743,2025-12-31 07:00:00,14088.374820852065,16763.34283231279,13312.112326896982
forecast_8744,2025-12-31 08:00:00,13277.82531999129,16404.246834765687,11779.503137763211
forecast_8745,2025-12-31 09:00:00,12098.478201831438,14580.709609719697,10049.816522332643
forecast_8746,2025-12-31 10:00:00,10733.60139018624,12753.665918712826,9978.042622654259
forecast_8747,2025-12-31 11:00:00,9898.513888733356,11464.61655432081,9585.264452735051
forecast_8748,2025-12-31 12:00:00,9631.463490488397,10784.952320016928,8654.99267242816
forecast_8749,2025-12-31 13:00:00,9527.728311829555,9920.958155651399,8227.420561797646
forecast_8750,2025-12-31 14:00:00,9932.552971058185,9969.517266390672,8561.402203278658
forecast_8751,2025-12-31 15:00:00,9905.08749062781,10060.309634442656,9250.285243006265
forecast_8752,2025-12-31 16:00:00,10131.282310087887,10776.043450841693,9197.766602333024
forecast_8753,2025-12-31 17:00:00,10391.187800468184,11710.405215913486,8885.244531178607
forecast_8754,2025-12-31 18:00:00,11800.124656255537,13189.068595947636,10015.653032562213
forecast_8755,2025-12-31 19:00:00,12038.92560063687,14398.352219931652,11457.953508737743
forecast_8756,2025-12-31 20:00:00,12207.857960701785,14110.40277236402,11363.417823902122
forecast_8757,2025-12-31 21:00:00,12533.152893809012,13945.736877151434,10593.244716748082
forecast_8758,2025-12-31 22:00:00,13297.04065050049,15016.320769241991,11935.973217088376
forecast_8759,2025-12-31 23:00:00,13031.989130094267,15124.546348621101,11527.763696032278
forecast_8760,2026-01-01 00:00:00,13504.493544872174,15947.774334675905,10986.165737884705
