forecast_id,forecast_kst_dtm,kpx_group_1,kpx_group_2,kpx_group_3
forecast_0001,2025-01-01 01:00:00,17161.26030407147,17992.51201291076,15909.947216391547
forecast_0002,2025-01-01 02:00:00,16818.686631184977,17613.176164986784,14894.964585456548
forecast_0003,2025-01-01 03:00:00,14979.296013262121,17262.977776941265,14519.287857805291
forecast_0004,2025-01-01 04:00:00,14492.639462943065,16461.333469952417,14370.033814359756
forecast_0005,2025-01-01 05:00:00,14557.038204711782,16571.62981504026,14076.951423357003
forecast_0006,2025-01-01 06:00:00,14655.387648387012,16178.35436373906,13651.391440187086
forecast_0007,2025-01-01 07:00:00,12932.142870455471,13157.826241266739,10982.422247496948
forecast_0008,2025-01-01 08:00:00,11810.659039966906,11637.217965582247,10392.068172272926
forecast_0009,2025-01-01 09:00:00,12506.917391210003,12668.539262814287,11375.506505137091
forecast_0010,2025-01-01 10:00:00,13028.760398278528,13630.077528131984,12084.836223490094
forecast_0011,2025-01-01 11:00:00,12993.93834745222,14128.917048001624,12442.31414324923
forecast_0012,2025-01-01 12:00:00,13426.290637459922,13761.795727096986,11161.584195007597
forecast_0013,2025-01-01 13:00:00,13526.76334642892,13913.23576341111,11354.212415240157
forecast_0014,2025-01-01 14:00:00,13659.035620737992,13471.264277674685,11623.825445213082
forecast_0015,2025-01-01 15:00:00,13183.05274917582,13328.61165365881,11117.0756696054
forecast_0016,2025-01-01 16:00:00,12636.322963275146,13162.876046108222,10280.607774727112
forecast_0017,2025-01-01 17:00:00,11981.153120042598,12657.040413801788,10578.11130033951
forecast_0018,2025-01-01 18:00:00,11977.750829300272,12802.478397199893,11070.680856357454
forecast_0019,2025-01-01 19:00:00,12500.046011545925,13880.815712618547,11080.552220208789
forecast_0020,2025-01-01 20:00:00,14335.224387061571,14997.947018563635,12044.223634892433
forecast_0021,2025-01-01 21:00:00,15340.024517931648,15989.871011231746,12991.511570634177
forecast_0022,2025-01-01 22:00:00,15081.318123568119,15541.688747333641,12853.968620405425
forecast_0023,2025-01-01 23:00:00,14914.067040254526,15824.380426832477,12758.410044229051
forecast_0024,2025-01-02 00:00:00,14436.150265408365,15372.847911177167,12244.157037794064
forecast_0025,2025-01-02 01:00:00,12148.084789225004,13558.73825451418,9363.889060593718
forecast_0026,2025-01-02 02:00:00,11204.427823689955,13188.246257806175,9246.56676791604
forecast_0027,2025-01-02 03:00:00,10378.794105826772,12307.780992986081,8565.738868051478
forecast_0028,2025-01-02 04:00:00,9312.533255015735,10945.411442619585,8117.652474028897
forecast_0029,2025-01-02 05:00:00,8177.794634860867,10061.16661934897,7582.252677247348
forecast_0030,2025-01-02 06:00:00,7836.278209937965,8702.78952148727,6313.388131130728
forecast_0031,2025-01-02 07:00:00,7209.06979104317,8107.679239370679,5915.647127794251
forecast_0032,2025-01-02 08:00:00,6674.659466113296,7639.492539499871,5633.288128075965
forecast_0033,2025-01-02 09:00:00,6466.113955793608,6767.560546529688,4918.559286917437
forecast_0034,2025-01-02 10:00:00,4850.404620511853,5735.7492503415,3944.307763751325
forecast_0035,2025-01-02 11:00:00,4829.954873276006,5270.029979669783,3663.7919522598636
forecast_0036,2025-01-02 12:00:00,4834.402901505626,5570.452195124212,4571.686067178006
forecast_0037,2025-01-02 13:00:00,5347.914025110836,5850.849142220663,4479.584065698614
forecast_0038,2025-01-02 14:00:00,6151.398631577645,5938.05671760901,4289.174402137825
forecast_0039,2025-01-02 15:00:00,6773.526155314129,6626.58026673145,4778.6046840714525
forecast_0040,2025-01-02 16:00:00,9028.77280072551,7865.271449868907,6154.819481329903
forecast_0041,2025-01-02 17:00:00,9998.956173058306,9837.343033349336,8517.66644331206
forecast_0042,2025-01-02 18:00:00,10639.927829112386,10422.726889096575,9040.283436251613
forecast_0043,2025-01-02 19:00:00,11960.93188002521,12467.471999144289,10042.374696425304
forecast_0044,2025-01-02 20:00:00,12079.695098884453,12648.773966963583,10359.529432904956
forecast_0045,2025-01-02 21:00:00,12243.068825771154,12458.701213640206,10451.685420887055
forecast_0046,2025-01-02 22:00:00,12490.235783020575,13000.2396195115,9863.898600762663
forecast_0047,2025-01-02 23:00:00,12771.594941819436,13317.072140029173,10270.181952098104
forecast_0048,2025-01-03 00:00:00,12996.393033823688,14447.764990941272,10351.90564103705
forecast_0049,2025-01-03 01:00:00,12421.600670571552,13526.928260155255,9882.164848393333
forecast_0050,2025-01-03 02:00:00,12511.395585348731,13571.58414180781,9975.310053432602
forecast_0051,2025-01-03 03:00:00,11419.58979550298,12481.922921431917,9735.18864865276
forecast_0052,2025-01-03 04:00:00,12157.232018482986,13170.998290675629,10175.874540370487
forecast_0053,2025-01-03 05:00:00,12286.183265866552,13139.563772908601,9874.929470756151
forecast_0054,2025-01-03 06:00:00,12342.072097407456,12244.543532516458,9587.230915347085
forecast_0055,2025-01-03 07:00:00,11706.271802588106,12197.855279840727,8909.77258646145
forecast_0056,2025-01-03 08:00:00,12268.46877869478,12428.892401517838,9484.446488903994
forecast_0057,2025-01-03 09:00:00,11875.708066299698,11282.383834345213,7462.211972163826
forecast_0058,2025-01-03 10:00:00,11977.30758797146,10078.741040256808,5803.854673211393
forecast_0059,2025-01-03 11:00:00,11741.270882513285,9678.487784015892,6332.296085006013
forecast_0060,2025-01-03 12:00:00,11772.86969056481,10078.017752568248,7127.174747989415
forecast_0061,2025-01-03 13:00:00,11888.420078836074,10459.011638961038,7515.759474904202
forecast_0062,2025-01-03 14:00:00,12148.962817101105,11255.340816561322,8095.481709871184
forecast_0063,2025-01-03 15:00:00,12369.67457479191,11781.114255047109,10265.6312569383
forecast_0064,2025-01-03 16:00:00,12683.44362395181,12281.876610971705,11163.309607157744
forecast_0065,2025-01-03 17:00:00,12234.29881619076,12188.332986484704,10920.63943713325
forecast_0066,2025-01-03 18:00:00,10669.29392311166,11163.597038167614,10324.612024922732
forecast_0067,2025-01-03 19:00:00,10822.529910763764,11231.758309962821,10429.547145721242
forecast_0068,2025-01-03 20:00:00,11137.0054633126,11222.215965638874,10374.107734188841
forecast_0069,2025-01-03 21:00:00,11642.53166760806,12456.594819666392,10441.017647866161
forecast_0070,2025-01-03 22:00:00,12399.063776527468,13600.927999422776,10856.604225513443
forecast_0071,2025-01-03 23:00:00,13046.088474718927,14351.748247871477,11203.503290352868
forecast_0072,2025-01-04 00:00:00,12862.353598799878,13855.578583008128,11328.829805072108
forecast_0073,2025-01-04 01:00:00,13256.041140567644,14482.329838712161,11886.768438784464
forecast_0074,2025-01-04 02:00:00,13917.365146368275,14990.688479316046,12051.442684514526
forecast_0075,2025-01-04 03:00:00,14366.69742038202,14699.127881477249,11710.097592860708
forecast_0076,2025-01-04 04:00:00,14764.34903390006,15313.59517660501,12515.796871181623
forecast_0077,2025-01-04 05:00:00,15868.840360810995,15812.280451946253,12488.53794893352
forecast_0078,2025-01-04 06:00:00,15888.839890448067,15764.656459362448,12739.67320296813
forecast_0079,2025-01-04 07:00:00,15014.902900207793,15777.37277753618,12019.205765427698
forecast_0080,2025-01-04 08:00:00,14054.537899914567,14839.764797618534,11997.416097713165
forecast_0081,2025-01-04 09:00:00,13075.43187579026,14147.68974912855,11070.434934026533
forecast_0082,2025-01-04 10:00:00,11368.0747612753,12947.501977594537,9690.579199189635
forecast_0083,2025-01-04 11:00:00,10952.219658819999,12032.7014990375,9750.633438387864
forecast_0084,2025-01-04 12:00:00,11510.415293514488,12128.439045509584,10320.300820843268
forecast_0085,2025-01-04 13:00:00,11398.02182595419,11849.194299744404,9711.204848328545
forecast_0086,2025-01-04 14:00:00,11455.38533788127,11046.580012206374,8842.374003723598
forecast_0087,2025-01-04 15:00:00,11068.22925598006,9905.201870487495,8440.468433346316
forecast_0088,2025-01-04 16:00:00,11681.72298720112,10912.159064558444,9334.657332581586
forecast_0089,2025-01-04 17:00:00,12559.659754198949,11409.711512212987,10807.864779991358
forecast_0090,2025-01-04 18:00:00,14564.2238485004,14445.409241361245,12997.222887207583
forecast_0091,2025-01-04 19:00:00,14334.485545016201,15212.118807826857,12124.239461455767
forecast_0092,2025-01-04 20:00:00,14374.580031851385,15342.63571711414,12111.658809808006
forecast_0093,2025-01-04 21:00:00,14356.98276237565,14831.575168981697,11963.630247086408
forecast_0094,2025-01-04 22:00:00,14910.606629860395,15777.768717473495,13470.989934996578
forecast_0095,2025-01-04 23:00:00,15996.473460165867,16295.365629625772,15399.759153047016
forecast_0096,2025-01-05 00:00:00,17067.508865722863,17055.300545926184,14350.467187013242
forecast_0097,2025-01-05 01:00:00,15940.76154946609,16000.978742113988,11897.49670555702
forecast_0098,2025-01-05 02:00:00,14819.987241077357,15161.995447093692,10829.884493318375
forecast_0099,2025-01-05 03:00:00,14929.77750612218,16006.522079168435,11510.76921113073
forecast_0100,2025-01-05 04:00:00,12900.925102498215,14902.356222138793,10333.620802640176
forecast_0101,2025-01-05 05:00:00,11156.718028642415,13171.132417771116,9250.787556216037
forecast_0102,2025-01-05 06:00:00,9362.60700041043,11889.207528071272,8045.498297910555
forecast_0103,2025-01-05 07:00:00,9494.29220848665,12111.875259006898,7969.1787175103245
forecast_0104,2025-01-05 08:00:00,10187.421839820048,12694.979675490917,8395.931560033436
forecast_0105,2025-01-05 09:00:00,9953.209493415146,13885.685287463575,8496.474815884807
forecast_0106,2025-01-05 10:00:00,11260.276191505805,13590.212225514928,11647.24978628713
forecast_0107,2025-01-05 11:00:00,13055.770583812486,16143.874279136488,13656.296087219414
forecast_0108,2025-01-05 12:00:00,14432.839924651873,16010.04775514016,14997.745704905145
forecast_0109,2025-01-05 13:00:00,12468.021169036712,13977.569734516648,13206.081826291349
forecast_0110,2025-01-05 14:00:00,11068.705613816534,12559.313868121031,12086.508927373743
forecast_0111,2025-01-05 15:00:00,10750.68605124765,12974.610166370318,11461.28458182364
forecast_0112,2025-01-05 16:00:00,10780.241619242715,13079.861428046572,10744.360005761993
forecast_0113,2025-01-05 17:00:00,9588.070009003644,12011.685901150062,9242.362241288547
forecast_0114,2025-01-05 18:00:00,9725.600357495177,11844.367751787839,9248.957587369228
forecast_0115,2025-01-05 19:00:00,10447.720850526372,12793.985021284823,10244.972172573569
forecast_0116,2025-01-05 20:00:00,10982.10766417151,12862.452738062073,11557.96480819611
forecast_0117,2025-01-05 21:00:00,12384.675598765763,13545.637311113891,11708.036669088242
forecast_0118,2025-01-05 22:00:00,12346.839208338857,14039.45953160459,12261.878283921524
forecast_0119,2025-01-05 23:00:00,11748.576373531016,13141.393527470998,11436.244197654076
forecast_0120,2025-01-06 00:00:00,10537.441482967126,12333.918336251269,9811.678051003624
forecast_0121,2025-01-06 01:00:00,10256.879400187268,11042.528887606693,8619.160750952697
forecast_0122,2025-01-06 02:00:00,10174.538136652782,11074.429917781745,8063.864979545157
forecast_0123,2025-01-06 03:00:00,9553.660845551485,10690.153142313853,8801.7193609351
forecast_0124,2025-01-06 04:00:00,8884.616319146839,10134.970771711023,7336.832231847098
forecast_0125,2025-01-06 05:00:00,7587.272396104094,9536.210648554938,6126.9551619851645
forecast_0126,2025-01-06 06:00:00,6180.168884670568,8016.718820318301,5862.972268027277
forecast_0127,2025-01-06 07:00:00,4161.341948961856,5633.869409216706,3680.9303901149906
forecast_0128,2025-01-06 08:00:00,3479.7260658033524,4352.805606249907,3096.8968259059484
forecast_0129,2025-01-06 09:00:00,4212.530888151551,5232.0984529439775,3556.8360147477583
forecast_0130,2025-01-06 10:00:00,4480.097488332987,5146.268924872014,4259.700339057601
forecast_0131,2025-01-06 11:00:00,5508.013347007446,6357.80863019925,5513.487794998491
forecast_0132,2025-01-06 12:00:00,7197.783164445135,7521.950234779378,6291.014441643881
forecast_0133,2025-01-06 13:00:00,7523.884044669369,7844.262986817911,6332.32600131426
forecast_0134,2025-01-06 14:00:00,7390.240296496671,7788.354137975409,5697.249340715412
forecast_0135,2025-01-06 15:00:00,7863.48709596444,7735.798466135197,6721.575220364716
forecast_0136,2025-01-06 16:00:00,8505.236337845516,8969.180952379005,7215.737749520922
forecast_0137,2025-01-06 17:00:00,9507.451546906183,9216.414479026875,7733.574001762512
forecast_0138,2025-01-06 18:00:00,9973.570718037914,10010.227420230578,8718.37796879496
forecast_0139,2025-01-06 19:00:00,11183.975196463898,11425.093355121426,10620.695890383638
forecast_0140,2025-01-06 20:00:00,12313.342240612856,12308.78506209726,12219.61924801233
forecast_0141,2025-01-06 21:00:00,12016.563797316927,11901.499571085014,11097.679821033358
forecast_0142,2025-01-06 22:00:00,12387.25487226699,12145.852226781584,11590.437292470478
forecast_0143,2025-01-06 23:00:00,13149.224946354218,12281.599415993094,11844.790085744848
forecast_0144,2025-01-07 00:00:00,13871.253188640208,13573.002762020105,12693.41696134762
forecast_0145,2025-01-07 01:00:00,15042.333452666056,15084.762454871583,13610.7632632235
forecast_0146,2025-01-07 02:00:00,15259.099347662584,15684.361851935664,14458.817381872253
forecast_0147,2025-01-07 03:00:00,15828.770070787408,16947.39195901418,14354.698120011864
forecast_0148,2025-01-07 04:00:00,14840.094203780167,15950.154623363676,13824.66053511893
forecast_0149,2025-01-07 05:00:00,14313.507569442436,15434.69973673734,13613.598910999337
forecast_0150,2025-01-07 06:00:00,14020.501130236706,15229.32795218028,13261.671540305422
forecast_0151,2025-01-07 07:00:00,14098.56766250896,15370.571110410629,12895.809611144738
forecast_0152,2025-01-07 08:00:00,14240.988772998522,15785.77546337768,13264.450058328823
forecast_0153,2025-01-07 09:00:00,14403.47610307347,15669.468932065838,13132.10560138777
forecast_0154,2025-01-07 10:00:00,14590.53079369476,15740.846789325755,12888.434921453245
forecast_0155,2025-01-07 11:00:00,14787.990631252478,15839.290593348902,13446.26558835855
forecast_0156,2025-01-07 12:00:00,14871.290091140334,15897.329059539865,13459.609961410286
forecast_0157,2025-01-07 13:00:00,14703.31207371281,15952.0542555654,12999.93773847689
forecast_0158,2025-01-07 14:00:00,14779.872745362149,15738.235982553575,13010.741708675934
forecast_0159,2025-01-07 15:00:00,14792.370359151948,16109.725420648025,13178.629933164159
forecast_0160,2025-01-07 16:00:00,14750.243389181855,15641.88143876104,13270.5597438874
forecast_0161,2025-01-07 17:00:00,14652.601706696743,15490.344350793663,13303.475063775477
forecast_0162,2025-01-07 18:00:00,14793.12911463794,15994.413829565836,13590.919532863285
forecast_0163,2025-01-07 19:00:00,14766.863844418318,16146.37270206904,14062.759306846412
forecast_0164,2025-01-07 20:00:00,15310.619227920915,16519.718214039876,13748.126679877856
forecast_0165,2025-01-07 21:00:00,14912.506195469838,17087.88996354671,13950.21046775899
forecast_0166,2025-01-07 22:00:00,15337.07353085602,17523.631963211516,14199.549228111151
forecast_0167,2025-01-07 23:00:00,15356.660044024675,17667.367656486156,14188.821694093143
forecast_0168,2025-01-08 00:00:00,14376.277318377804,16473.192437317637,13997.312395976842
forecast_0169,2025-01-08 01:00:00,13652.89697495815,16837.125834976065,13362.23760348401
forecast_0170,2025-01-08 02:00:00,13381.736774457871,16332.32805426024,12886.654784230646
forecast_0171,2025-01-08 03:00:00,13208.448859591903,16223.586076765261,12477.715899995655
forecast_0172,2025-01-08 04:00:00,13031.521348431805,15730.890273809906,12026.203592846905
forecast_0173,2025-01-08 05:00:00,13394.776495724393,15196.834955525543,12660.639848725055
forecast_0174,2025-01-08 06:00:00,13278.356905243943,15146.471961290412,12055.968895957678
forecast_0175,2025-01-08 07:00:00,13195.738804318356,15197.475871925264,11970.045747770359
forecast_0176,2025-01-08 08:00:00,13569.916870604633,15767.460633399667,11909.376613913078
forecast_0177,2025-01-08 09:00:00,13458.566139415821,15968.469764672782,11866.123314516202
forecast_0178,2025-01-08 10:00:00,14044.73106060041,15707.991886196429,11581.37257967882
forecast_0179,2025-01-08 11:00:00,14202.569640992702,15978.82073835785,12099.425958368036
forecast_0180,2025-01-08 12:00:00,14481.279742027353,16640.709638054526,11617.914504184717
forecast_0181,2025-01-08 13:00:00,14491.35622759696,16625.41240751692,11682.954111942994
forecast_0182,2025-01-08 14:00:00,14366.394836906153,16533.125106162475,11610.819700752858
forecast_0183,2025-01-08 15:00:00,13933.889941839463,16535.137024036114,11484.722126477842
forecast_0184,2025-01-08 16:00:00,14078.562551330817,15787.288700065346,11849.706194973462
forecast_0185,2025-01-08 17:00:00,13515.922272703776,15571.6541003212,12571.099103152557
forecast_0186,2025-01-08 18:00:00,13379.866088502687,15590.710205172194,13030.99485892929
forecast_0187,2025-01-08 19:00:00,13408.813059224562,16713.27316468804,13325.785227014156
forecast_0188,2025-01-08 20:00:00,13573.445127755713,16440.394161620457,13568.213588129182
forecast_0189,2025-01-08 21:00:00,13429.358592752913,16586.46177540847,13733.122170238226
forecast_0190,2025-01-08 22:00:00,13798.811768598702,16391.132960390092,14362.796142096076
forecast_0191,2025-01-08 23:00:00,13432.484618298342,16580.3885956739,14710.09944134772
forecast_0192,2025-01-09 00:00:00,12980.024003237817,16775.45992924441,13784.934229336117
forecast_0193,2025-01-09 01:00:00,12264.932290852092,15126.851875098135,13290.11058563714
forecast_0194,2025-01-09 02:00:00,11882.694215074263,15223.204300585037,13145.550138561364
forecast_0195,2025-01-09 03:00:00,11869.32613920588,15318.520339286833,12790.140780881875
forecast_0196,2025-01-09 04:00:00,11462.797402693019,15134.726735632776,11747.851003505433
forecast_0197,2025-01-09 05:00:00,11101.250792348425,15070.063146681814,11571.98409218331
forecast_0198,2025-01-09 06:00:00,11201.521985462876,14946.113954380424,12091.742249644476
forecast_0199,2025-01-09 07:00:00,11854.488384426437,15155.98315782515,12403.012762056022
forecast_0200,2025-01-09 08:00:00,11837.199868566808,14629.048350080346,12256.756911984428
forecast_0201,2025-01-09 09:00:00,12172.850073522146,14165.93298829217,11695.761637168966
forecast_0202,2025-01-09 10:00:00,12557.432156714305,15020.709818487427,12484.288412450484
forecast_0203,2025-01-09 11:00:00,12358.74952559237,15027.93347814065,12334.778392825556
forecast_0204,2025-01-09 12:00:00,12270.163308666437,15035.469600509256,12316.223871126145
forecast_0205,2025-01-09 13:00:00,12416.278513360283,15121.96640041747,11997.104300184936
forecast_0206,2025-01-09 14:00:00,13140.489899951977,14960.912207716445,11861.08423207763
forecast_0207,2025-01-09 15:00:00,12628.360451976045,13878.536917237414,11387.019089845908
forecast_0208,2025-01-09 16:00:00,12853.01515984469,13135.042092802507,10143.71882598209
forecast_0209,2025-01-09 17:00:00,13242.006871823547,13432.793181331142,9496.681876209224
forecast_0210,2025-01-09 18:00:00,11839.059800573807,11621.478059159059,8368.085694906946
forecast_0211,2025-01-09 19:00:00,11186.143838232829,13247.012360292989,7981.404483189086
forecast_0212,2025-01-09 20:00:00,13230.524789265753,14267.306513970103,8854.633501839964
forecast_0213,2025-01-09 21:00:00,14418.76938660826,15781.404379095291,9539.007188284779
forecast_0214,2025-01-09 22:00:00,15062.231453815557,17016.280516747618,10963.332391244496
forecast_0215,2025-01-09 23:00:00,16558.183965700067,17591.62776862937,14211.709076067034
forecast_0216,2025-01-10 00:00:00,16470.726325270407,17785.802999069587,14819.365301766491
forecast_0217,2025-01-10 01:00:00,10607.845789572493,10860.215166210457,8230.298830745567
forecast_0218,2025-01-10 02:00:00,13592.93405591252,13370.831383245612,9825.780444572742
forecast_0219,2025-01-10 03:00:00,15130.888951853221,16172.895279335204,11784.326943849455
forecast_0220,2025-01-10 04:00:00,15717.477227414305,17142.55769430314,12838.596587388076
forecast_0221,2025-01-10 05:00:00,15956.265360081159,16935.123835613507,12064.061178811926
forecast_0222,2025-01-10 06:00:00,15058.72032436831,16545.89960812776,11326.195561479326
forecast_0223,2025-01-10 07:00:00,13774.75183358339,13896.252100275618,10478.409616347803
forecast_0224,2025-01-10 08:00:00,11748.579046722158,11459.729786408352,9902.376183938324
forecast_0225,2025-01-10 09:00:00,9893.2543345454,7244.985508702045,7604.796086262688
forecast_0226,2025-01-10 10:00:00,7932.028402172959,5528.813853360845,5241.537075485426
forecast_0227,2025-01-10 11:00:00,5262.108037485999,3768.972614531101,3400.833427903421
forecast_0228,2025-01-10 12:00:00,3787.824314326196,2990.787825329577,2008.0231495361857
forecast_0229,2025-01-10 13:00:00,2750.1653130719305,2203.371827629058,2016.6435234804749
forecast_0230,2025-01-10 14:00:00,2577.2109985088837,2047.8577659860707,2234.5590778669675
forecast_0231,2025-01-10 15:00:00,3360.1584541779416,3040.628215143354,2528.4069534268197
forecast_0232,2025-01-10 16:00:00,4659.2689214331,4818.561578212369,3755.501389688877
forecast_0233,2025-01-10 17:00:00,6965.985681438896,5972.344219489784,5401.379515827886
forecast_0234,2025-01-10 18:00:00,7751.648777665081,6471.963275462467,6485.299154548148
forecast_0235,2025-01-10 19:00:00,8408.440578992586,6992.6545275767685,7455.122094077711
forecast_0236,2025-01-10 20:00:00,8459.303166615613,7558.736495600524,8325.474465520081
forecast_0237,2025-01-10 21:00:00,7609.181423593148,6767.261243859619,6706.7649130609525
forecast_0238,2025-01-10 22:00:00,7722.406059063721,6849.030744088554,6640.757294749456
forecast_0239,2025-01-10 23:00:00,8456.528693407587,6643.638720152413,7090.440345289246
forecast_0240,2025-01-11 00:00:00,8930.182539602753,7238.7870323753295,7355.588483135177
forecast_0241,2025-01-11 01:00:00,8341.769994516439,7460.755960648133,7530.4654111156615
forecast_0242,2025-01-11 02:00:00,8411.591869022172,7097.54112506439,7259.644950684457
forecast_0243,2025-01-11 03:00:00,8363.549836341506,7417.167084897482,7172.494100338402
forecast_0244,2025-01-11 04:00:00,8844.923663710733,7374.8000558836675,7299.995901986777
forecast_0245,2025-01-11 05:00:00,8698.742287352277,6912.3631247879375,6786.849625126982
forecast_0246,2025-01-11 06:00:00,7193.329538117413,6084.183310975957,5660.436414523154
forecast_0247,2025-01-11 07:00:00,7169.805826505651,6056.211339109466,4849.218637134805
forecast_0248,2025-01-11 08:00:00,6746.880737841061,6291.832362714366,5161.749851529049
forecast_0249,2025-01-11 09:00:00,6287.576213585955,6130.213526188283,4532.696513887382
forecast_0250,2025-01-11 10:00:00,4933.130656652325,4660.411191263746,3535.129443014131
forecast_0251,2025-01-11 11:00:00,4268.96936778662,4066.0044429809213,2689.2209807753293
forecast_0252,2025-01-11 12:00:00,3728.6450800815564,2955.728464076465,1717.4547216022609
forecast_0253,2025-01-11 13:00:00,2534.5468082325724,1932.6799454370255,1596.966741328849
forecast_0254,2025-01-11 14:00:00,2595.4861249186633,2152.260731360436,1897.7913352230344
forecast_0255,2025-01-11 15:00:00,2954.9606281084766,2126.460711721948,1725.1067907671393
forecast_0256,2025-01-11 16:00:00,3383.868254136911,3182.2034784389853,2271.8870358823074
forecast_0257,2025-01-11 17:00:00,5662.3681337574335,5467.160490244467,4219.504115431683
forecast_0258,2025-01-11 18:00:00,7411.076002214155,6754.468632141182,5583.149973272308
forecast_0259,2025-01-11 19:00:00,8215.406397636838,7623.969001154401,6421.382301548396
forecast_0260,2025-01-11 20:00:00,8694.350748491446,8569.38140914745,7925.440073488759
forecast_0261,2025-01-11 21:00:00,8914.709321226492,8514.532063177003,7723.649137854485
forecast_0262,2025-01-11 22:00:00,8928.054720379734,8181.475558707205,8123.525968708303
forecast_0263,2025-01-11 23:00:00,10112.122655746149,9333.207507418918,8290.749056712853
forecast_0264,2025-01-12 00:00:00,11981.015702624689,11087.365212805511,8941.9896903461
forecast_0265,2025-01-12 01:00:00,8002.3756330088,8153.310082197062,7673.039552081701
forecast_0266,2025-01-12 02:00:00,8540.1890387203,8505.189361976842,7480.0454202757355
forecast_0267,2025-01-12 03:00:00,9303.468299393859,9380.358323845527,7516.396999499913
forecast_0268,2025-01-12 04:00:00,10631.397912821882,10282.684351030686,8862.006303408187
forecast_0269,2025-01-12 05:00:00,11673.205183671975,11360.042201962737,9126.846449933157
forecast_0270,2025-01-12 06:00:00,12080.140073403341,12235.814041945496,9520.340056948558
forecast_0271,2025-01-12 07:00:00,12702.326043823636,12090.24839815974,10394.103945038274
forecast_0272,2025-01-12 08:00:00,12673.681620781948,12551.814480688417,9574.270939407348
forecast_0273,2025-01-12 09:00:00,12456.742673283885,12853.779921081787,9697.729364857361
forecast_0274,2025-01-12 10:00:00,10421.329309236795,11128.567762810466,7956.097710750074
forecast_0275,2025-01-12 11:00:00,9262.733325022045,10493.185521282447,7973.495791488234
forecast_0276,2025-01-12 12:00:00,8849.227641860032,9594.215038361524,7572.541960584747
forecast_0277,2025-01-12 13:00:00,8764.898097096735,9380.384178054963,6417.984599808572
forecast_0278,2025-01-12 14:00:00,9761.518749783698,9901.946181737863,7509.04476352336
forecast_0279,2025-01-12 15:00:00,10310.978954558253,10103.379024295646,8261.426373057613
forecast_0280,2025-01-12 16:00:00,11276.051727136251,11767.82107428829,9693.39868017473
forecast_0281,2025-01-12 17:00:00,12434.203508023294,13348.948322024993,10068.533172338213
forecast_0282,2025-01-12 18:00:00,12801.188998847749,13329.67997256119,9572.694049833715
forecast_0283,2025-01-12 19:00:00,12199.005950148297,13190.438010666303,8720.097721127333
forecast_0284,2025-01-12 20:00:00,12616.764034165637,13378.234214127859,8556.617633072197
forecast_0285,2025-01-12 21:00:00,12935.221617445637,13886.656078300271,9404.343912064583
forecast_0286,2025-01-12 22:00:00,12910.531846999951,14578.711917640794,10008.354676763332
forecast_0287,2025-01-12 23:00:00,12872.849585192283,14540.015564950494,9834.93560949782
forecast_0288,2025-01-13 00:00:00,14074.210445318007,15283.954307842278,11879.004746354442
forecast_0289,2025-01-13 01:00:00,16517.098151405422,17079.047295393455,13797.308697455344
forecast_0290,2025-01-13 02:00:00,18178.29393870567,17866.40081236836,15212.988912838717
forecast_0291,2025-01-13 03:00:00,18694.452034557362,18361.116779149354,16043.646099767368
forecast_0292,2025-01-13 04:00:00,18847.548015282267,18947.14253808564,17228.304313010445
forecast_0293,2025-01-13 05:00:00,18713.628518666927,18973.036397710093,17120.119299980724
forecast_0294,2025-01-13 06:00:00,18656.857433247096,19055.709909178087,16501.535935151907
forecast_0295,2025-01-13 07:00:00,18448.48631674346,18712.105566288876,15532.429454193383
forecast_0296,2025-01-13 08:00:00,17536.578530465067,17845.961104109538,13810.007805471207
forecast_0297,2025-01-13 09:00:00,16937.188940387365,17661.8490813285,14263.181779515415
forecast_0298,2025-01-13 10:00:00,14898.078671896363,17453.623442624954,13665.240609719294
forecast_0299,2025-01-13 11:00:00,14991.466204562634,16397.534962114027,13968.698338491547
forecast_0300,2025-01-13 12:00:00,14534.010904524412,15348.118731840132,13096.654732267594
forecast_0301,2025-01-13 13:00:00,13746.88165354585,14273.562553409814,12833.114420353155
forecast_0302,2025-01-13 14:00:00,12507.378657972406,12425.20096705984,11559.772248809479
forecast_0303,2025-01-13 15:00:00,12771.123888730372,13492.0022253739,12173.076314773109
forecast_0304,2025-01-13 16:00:00,13258.039072272377,13917.44035633728,12009.746863563398
forecast_0305,2025-01-13 17:00:00,13642.05317211526,12983.226352197982,11754.917760602872
forecast_0306,2025-01-13 18:00:00,12036.145687964929,11505.123330629503,10972.332178744018
forecast_0307,2025-01-13 19:00:00,13688.765309580693,14278.751378638237,13104.802477511032
forecast_0308,2025-01-13 20:00:00,15124.885613210155,16162.309151206022,13069.788469719664
forecast_0309,2025-01-13 21:00:00,15353.884348067637,15987.12808556208,13861.875278707575
forecast_0310,2025-01-13 22:00:00,16606.838957904893,16719.0476020616,14621.281411671802
forecast_0311,2025-01-13 23:00:00,16587.851652645284,16924.855863882367,14689.298985989695
forecast_0312,2025-01-14 00:00:00,17948.966275040428,18060.99145578601,16017.674621710432
forecast_0313,2025-01-14 01:00:00,16211.261065730852,17247.333980331332,14879.92605342378
forecast_0314,2025-01-14 02:00:00,16344.894888804649,17663.251653188207,14795.494766556534
forecast_0315,2025-01-14 03:00:00,16682.18786138141,17830.58220459951,14702.789799932254
forecast_0316,2025-01-14 04:00:00,16160.294438022485,17534.055908636154,14327.950655167018
forecast_0317,2025-01-14 05:00:00,16130.191115817684,17582.906780948386,14683.27308374302
forecast_0318,2025-01-14 06:00:00,16320.366441488108,17486.74400809512,15455.442000208503
forecast_0319,2025-01-14 07:00:00,16149.389585959014,17786.38570034198,14935.694940721118
forecast_0320,2025-01-14 08:00:00,16584.62685130991,17716.503535217285,14569.160460847135
forecast_0321,2025-01-14 09:00:00,16866.352848963204,16887.110820634523,13869.451118192204
forecast_0322,2025-01-14 10:00:00,16639.342509927483,15848.280325436708,13569.390793343951
forecast_0323,2025-01-14 11:00:00,15271.005510438885,14898.600894858757,13470.494585923727
forecast_0324,2025-01-14 12:00:00,15688.102158110587,13850.180263610355,12912.266014243454
forecast_0325,2025-01-14 13:00:00,15115.073308053972,13463.60476327459,12750.305617954791
forecast_0326,2025-01-14 14:00:00,13316.215681789357,12963.835791743875,12495.855361023578
forecast_0327,2025-01-14 15:00:00,13035.436471278836,12745.531001293459,12335.660194120257
forecast_0328,2025-01-14 16:00:00,12841.017388173985,12329.645012749172,12115.49787102692
forecast_0329,2025-01-14 17:00:00,13041.680644926351,12367.924229566966,11972.05006130546
forecast_0330,2025-01-14 18:00:00,13404.384043072192,13077.669679462053,12066.442544755393
forecast_0331,2025-01-14 19:00:00,13332.207236281258,13928.322305871307,12894.731705851425
forecast_0332,2025-01-14 20:00:00,13617.00035901452,13976.276579689156,13079.68172748184
forecast_0333,2025-01-14 21:00:00,13288.427338881904,13779.086597562185,13576.74102899864
forecast_0334,2025-01-14 22:00:00,12946.970534075985,14001.301416614768,13369.186725520238
forecast_0335,2025-01-14 23:00:00,13308.263927990227,13984.706056648643,12675.23032598597
forecast_0336,2025-01-15 00:00:00,14004.302394036373,14535.83276599766,12027.767517010812
forecast_0337,2025-01-15 01:00:00,13375.815350607938,13836.476885741378,11942.786782513798
forecast_0338,2025-01-15 02:00:00,13242.59940132133,13001.395113932382,11310.40425372166
forecast_0339,2025-01-15 03:00:00,11721.54538722896,10988.955929061996,9111.960400183023
forecast_0340,2025-01-15 04:00:00,11471.981212275596,10508.761267532052,8781.192421556876
forecast_0341,2025-01-15 05:00:00,12009.310486911225,12049.639901016877,8949.89948641682
forecast_0342,2025-01-15 06:00:00,12624.465738070749,11963.844743197158,10124.471107297939
forecast_0343,2025-01-15 07:00:00,13152.082188989789,13200.295551183632,10833.470424245728
forecast_0344,2025-01-15 08:00:00,13147.022897726243,13478.871085420311,10942.332849585646
forecast_0345,2025-01-15 09:00:00,13364.306579622948,12756.096520899024,11837.130272819972
forecast_0346,2025-01-15 10:00:00,12777.40637953327,11991.738465462236,9178.861083851973
forecast_0347,2025-01-15 11:00:00,11922.36948329023,11611.03602608998,9619.710528042775
forecast_0348,2025-01-15 12:00:00,11372.600198121341,11459.581861332212,9432.60764720829
forecast_0349,2025-01-15 13:00:00,11666.405141963409,10951.532768562054,9196.816386794755
forecast_0350,2025-01-15 14:00:00,10947.16099491647,10701.00872046153,8366.791192758734
forecast_0351,2025-01-15 15:00:00,10599.512622696488,10469.380710912534,7881.687791141215
forecast_0352,2025-01-15 16:00:00,10924.78345633647,11522.750855602122,8902.827483156845
forecast_0353,2025-01-15 17:00:00,11799.079886491534,12690.476988085606,10382.61559927253
forecast_0354,2025-01-15 18:00:00,13859.909098342634,14699.257897990434,12541.776250818028
forecast_0355,2025-01-15 19:00:00,14824.481873982739,16691.116831320607,14332.063020359012
forecast_0356,2025-01-15 20:00:00,15730.435201597911,17291.411636436922,13773.874833606675
forecast_0357,2025-01-15 21:00:00,16279.830425085633,17533.02850478208,13721.077465782071
forecast_0358,2025-01-15 22:00:00,17768.319460166236,18556.524925352373,16121.418777186596
forecast_0359,2025-01-15 23:00:00,18109.511849478742,18397.347292939634,16526.568374918304
forecast_0360,2025-01-16 00:00:00,18055.236065232497,18749.765457628262,16141.491924339452
forecast_0361,2025-01-16 01:00:00,16747.661958972294,18446.432125452517,14447.989363223982
forecast_0362,2025-01-16 02:00:00,17133.60260787577,18208.24879782303,15584.476222593865
forecast_0363,2025-01-16 03:00:00,16686.013767698332,18319.76541733966,16319.528645986931
forecast_0364,2025-01-16 04:00:00,16834.062632762005,18360.959352393347,16360.036531158441
forecast_0365,2025-01-16 05:00:00,17654.367011071616,18628.28751538151,16392.27805581872
forecast_0366,2025-01-16 06:00:00,18043.577846940767,18701.47106620885,16325.669285208161
forecast_0367,2025-01-16 07:00:00,18087.99815196591,18713.569579136918,16411.459638945456
forecast_0368,2025-01-16 08:00:00,17480.370931141995,18745.40866295339,15980.874055883532
forecast_0369,2025-01-16 09:00:00,17190.320775025975,18215.772015989864,15707.508241442623
forecast_0370,2025-01-16 10:00:00,16980.746577479524,17775.099455910502,16799.39759816274
forecast_0371,2025-01-16 11:00:00,16877.990941226803,17147.432450788176,15765.922489532528
forecast_0372,2025-01-16 12:00:00,15619.832582255316,16420.877520050653,14572.042813516648
forecast_0373,2025-01-16 13:00:00,15362.395119952946,16058.779560310739,14208.943322506626
forecast_0374,2025-01-16 14:00:00,15199.784897594944,15546.187256885718,13960.943087771171
forecast_0375,2025-01-16 15:00:00,15331.479926074644,15665.879430954752,13786.042923228837
forecast_0376,2025-01-16 16:00:00,15683.968858769522,15726.765135337126,13712.311246440506
forecast_0377,2025-01-16 17:00:00,15961.139974846767,16190.415902901552,14919.465980951865
forecast_0378,2025-01-16 18:00:00,16170.825403209488,16538.018134698497,15296.83621457007
forecast_0379,2025-01-16 19:00:00,15180.078115068201,15505.062355551225,13767.802400401548
forecast_0380,2025-01-16 20:00:00,11636.080471641599,12852.75589353584,10338.112328543337
forecast_0381,2025-01-16 21:00:00,10925.973150910038,11387.566946128587,9025.773253831885
forecast_0382,2025-01-16 22:00:00,9343.087514412424,9687.526184479151,7746.65877417368
forecast_0383,2025-01-16 23:00:00,7358.231708933288,7133.383450130468,5549.759047844007
forecast_0384,2025-01-17 00:00:00,4959.901132119321,4448.294529062563,3221.591651956145
forecast_0385,2025-01-17 01:00:00,3044.224073493206,2250.373074890276,1925.0308647761055
forecast_0386,2025-01-17 02:00:00,1915.4844782316545,1646.1575555386798,1214.279118414924
forecast_0387,2025-01-17 03:00:00,1470.687548576924,1054.6392113606112,1163.2341892426575
forecast_0388,2025-01-17 04:00:00,1309.1115293617488,1049.2623753334733,1121.2969893519837
forecast_0389,2025-01-17 05:00:00,1185.4860105031037,960.8889824631733,863.0877561540764
forecast_0390,2025-01-17 06:00:00,1290.1077112972214,1029.5983977614803,783.2767110652293
forecast_0391,2025-01-17 07:00:00,1457.0173353883185,1227.2533831866003,945.518473882472
forecast_0392,2025-01-17 08:00:00,1631.8716683677571,1357.944837695598,850.0436293310497
forecast_0393,2025-01-17 09:00:00,1114.6569795108417,1199.3152835002174,630.3784298745662
forecast_0394,2025-01-17 10:00:00,817.4923575783142,758.3073838489446,506.6182418865137
forecast_0395,2025-01-17 11:00:00,492.06117172905607,674.7353693609429,547.1074397268064
forecast_0396,2025-01-17 12:00:00,516.0658036502342,640.8833737755696,473.33702939231506
forecast_0397,2025-01-17 13:00:00,917.260852119602,872.5008350730693,717.0550642238277
forecast_0398,2025-01-17 14:00:00,1443.1901936908212,1202.7310251809029,1140.972643700644
forecast_0399,2025-01-17 15:00:00,1828.1643238913691,1780.4488524943288,1520.6107268234769
forecast_0400,2025-01-17 16:00:00,3516.9917170044782,3246.8207409724123,2492.7885285009856
forecast_0401,2025-01-17 17:00:00,6546.935551155961,6910.072808661124,4807.181188803328
forecast_0402,2025-01-17 18:00:00,8294.538550852856,8541.103655031637,6699.759158538757
forecast_0403,2025-01-17 19:00:00,10512.418812705711,11443.416926243748,8717.57040324769
forecast_0404,2025-01-17 20:00:00,11574.273077558526,12399.066552296053,9880.535423255615
forecast_0405,2025-01-17 21:00:00,12655.118423164073,13024.406306024186,10073.104905431104
forecast_0406,2025-01-17 22:00:00,12912.927230987949,12834.083341261254,9763.03132869572
forecast_0407,2025-01-17 23:00:00,12567.162081631632,12562.392806442815,10109.004095968518
forecast_0408,2025-01-18 00:00:00,12820.747712830473,12257.940500784358,10065.046551853928
forecast_0409,2025-01-18 01:00:00,10981.769669395446,9104.532897295676,6963.85583620446
forecast_0410,2025-01-18 02:00:00,11064.542727117396,9122.999425684075,6755.052007196829
forecast_0411,2025-01-18 03:00:00,12644.024746109844,10720.854403843234,8913.931182451637
forecast_0412,2025-01-18 04:00:00,14120.330797682125,12948.414192728873,10965.624931910332
forecast_0413,2025-01-18 05:00:00,15628.179423170739,14140.714699297001,11709.222264559874
forecast_0414,2025-01-18 06:00:00,13387.416072179789,12365.525790303942,8722.702649556692
forecast_0415,2025-01-18 07:00:00,11902.655762382028,10223.350621747511,7098.267005313548
forecast_0416,2025-01-18 08:00:00,9046.040326321589,7200.233627842146,4987.30506698792
forecast_0417,2025-01-18 09:00:00,5192.209678879641,4468.497355013524,2799.0493797700415
forecast_0418,2025-01-18 10:00:00,4162.126952000181,3305.523990796469,2108.2950826102333
forecast_0419,2025-01-18 11:00:00,3339.775791847318,2759.275895164478,1935.622869269128
forecast_0420,2025-01-18 12:00:00,3273.8799028451676,3326.567878473669,2961.434871757505
forecast_0421,2025-01-18 13:00:00,3089.0881390483232,2959.269355849994,2603.8351822336726
forecast_0422,2025-01-18 14:00:00,2752.368752579121,2617.2050993599423,2057.3492654708803
forecast_0423,2025-01-18 15:00:00,3044.792195577763,3012.00305763703,2514.9376012022353
forecast_0424,2025-01-18 16:00:00,4366.179387208483,5371.874556543608,3664.620703528205
forecast_0425,2025-01-18 17:00:00,8223.716894075169,9111.069531256218,5920.184567026732
forecast_0426,2025-01-18 18:00:00,13555.840508143636,12637.783088993427,10367.942451323266
forecast_0427,2025-01-18 19:00:00,15302.11796635356,15285.388424983019,12307.13620590502
forecast_0428,2025-01-18 20:00:00,16754.149205293397,16528.50449005006,13208.576639700072
forecast_0429,2025-01-18 21:00:00,17603.986532995375,17495.686103767952,13950.900229158491
forecast_0430,2025-01-18 22:00:00,17677.20714096387,17401.70698322986,14504.988682303789
forecast_0431,2025-01-18 23:00:00,15799.761896055537,16787.44618546518,12743.551173755468
forecast_0432,2025-01-19 00:00:00,15699.775277205006,16298.296107196085,11805.84694693949
forecast_0433,2025-01-19 01:00:00,15543.029825322485,15330.310905746685,11348.12248710572
forecast_0434,2025-01-19 02:00:00,15474.762269966552,16012.44054047788,11348.535741453938
forecast_0435,2025-01-19 03:00:00,16285.642345694667,16306.851492846801,12275.149608294618
forecast_0436,2025-01-19 04:00:00,17695.429961666505,17442.18043586884,13362.846859373314
forecast_0437,2025-01-19 05:00:00,17461.591666403816,17533.21901676054,13615.013066922307
forecast_0438,2025-01-19 06:00:00,17739.834941745383,17434.855696247916,13551.439896929105
forecast_0439,2025-01-19 07:00:00,18046.384809156763,17787.338076444692,13939.267421447179
forecast_0440,2025-01-19 08:00:00,17408.80162351084,17096.728521531382,13102.226883640957
forecast_0441,2025-01-19 09:00:00,15934.670032613676,15645.68220871019,11549.049302283267
forecast_0442,2025-01-19 10:00:00,13996.89382566056,12719.546922909805,10143.065459411255
forecast_0443,2025-01-19 11:00:00,12136.30470507025,12053.051898436675,9445.521250177551
forecast_0444,2025-01-19 12:00:00,10898.731912225736,11137.344739877375,9175.58385739805
forecast_0445,2025-01-19 13:00:00,9468.140293157221,10220.239420655007,7911.370479287793
forecast_0446,2025-01-19 14:00:00,8624.898934951425,9446.510997633364,7380.609110737071
forecast_0447,2025-01-19 15:00:00,7036.034994910728,7908.912685780809,5604.75912537204
forecast_0448,2025-01-19 16:00:00,6874.916862071384,8285.199679966445,6189.552187600396
forecast_0449,2025-01-19 17:00:00,9756.278767896163,10628.315089513693,8774.746855407979
forecast_0450,2025-01-19 18:00:00,11518.945565202388,12371.980443437218,10697.538371808838
forecast_0451,2025-01-19 19:00:00,11640.993419916116,13223.593024790567,10762.723491734982
forecast_0452,2025-01-19 20:00:00,12013.433870192453,12582.408232267668,9529.988051268341
forecast_0453,2025-01-19 21:00:00,11827.857301515074,13107.899124973226,10474.553329507939
forecast_0454,2025-01-19 22:00:00,11476.616766268307,13059.082663238874,8656.423770344914
forecast_0455,2025-01-19 23:00:00,10861.742470827036,11530.188693981829,8581.266678370983
forecast_0456,2025-01-20 00:00:00,9883.216731279572,10960.913770283405,7675.482807410795
forecast_0457,2025-01-20 01:00:00,8933.035399033433,8555.871557952383,6574.667007931306
forecast_0458,2025-01-20 02:00:00,8169.351430708899,7457.885500331508,5795.41840535997
forecast_0459,2025-01-20 03:00:00,6061.857236091458,5414.737728840261,4479.034149672666
forecast_0460,2025-01-20 04:00:00,4721.179904052799,4704.345791048733,3140.3596616140567
forecast_0461,2025-01-20 05:00:00,3934.949083709574,3554.1668329024806,2262.967188585488
forecast_0462,2025-01-20 06:00:00,2444.129317362521,2082.711876624401,1510.0819679717192
forecast_0463,2025-01-20 07:00:00,1838.5852124811927,1532.4150680717025,1323.3138576811202
forecast_0464,2025-01-20 08:00:00,1199.3159321690275,1046.5223408741226,863.051049692686
forecast_0465,2025-01-20 09:00:00,943.9640552716352,747.3753951309781,468.1601892321205
forecast_0466,2025-01-20 10:00:00,585.8120148417378,621.1933407937927,232.51001053387236
forecast_0467,2025-01-20 11:00:00,224.59366239982825,272.16884363030914,159.55675995488636
forecast_0468,2025-01-20 12:00:00,202.96023969936905,194.08098137087686,122.8473343250153
forecast_0469,2025-01-20 13:00:00,196.07859728603836,220.23437229130172,117.62544433332026
forecast_0470,2025-01-20 14:00:00,158.12173674922883,201.2479058443498,141.4902264902663
forecast_0471,2025-01-20 15:00:00,129.05687043803871,149.06812014877565,137.02701792350643
forecast_0472,2025-01-20 16:00:00,231.14923213648157,273.1023901415352,186.0720405148224
forecast_0473,2025-01-20 17:00:00,364.849980715058,331.18735378485025,155.93937564111232
forecast_0474,2025-01-20 18:00:00,328.26969555407504,286.5720264240678,133.9662988515745
forecast_0475,2025-01-20 19:00:00,346.8128117529694,271.6292597468685,154.98507419770948
forecast_0476,2025-01-20 20:00:00,451.9528783239995,377.05239908863706,204.7612817323521
forecast_0477,2025-01-20 21:00:00,683.8851521176089,923.5553609714501,348.8284806956173
forecast_0478,2025-01-20 22:00:00,1339.5630264410918,1476.5518914809957,1011.1268174275939
forecast_0479,2025-01-20 23:00:00,1530.5963210549705,1715.6005298348525,1181.3458743381836
forecast_0480,2025-01-21 00:00:00,1584.0138465114085,1619.6196982444228,1106.1231697014478
forecast_0481,2025-01-21 01:00:00,2198.861003372814,2415.1572870562118,1606.5213894299316
forecast_0482,2025-01-21 02:00:00,2638.636115332259,2711.393911979447,1742.0347981013424
forecast_0483,2025-01-21 03:00:00,2622.8715544991046,2679.037870428142,1746.321071930734
forecast_0484,2025-01-21 04:00:00,3215.715930729229,3019.3035979045935,2116.247748008748
forecast_0485,2025-01-21 05:00:00,3347.21599393961,3083.2401840109246,2433.082522333972
forecast_0486,2025-01-21 06:00:00,3659.4551617945795,2693.4428901656293,2281.363614837987
forecast_0487,2025-01-21 07:00:00,3160.304242711863,2072.0549521039643,1894.5329153865994
forecast_0488,2025-01-21 08:00:00,2358.482108328583,1825.3917123370156,1771.233879623043
forecast_0489,2025-01-21 09:00:00,1869.127280245174,1359.6619803950325,1180.987886645062
forecast_0490,2025-01-21 10:00:00,1444.6295598285349,1030.0441486881775,974.895322543616
forecast_0491,2025-01-21 11:00:00,1223.812742297712,923.5805696795612,1007.3880409784892
forecast_0492,2025-01-21 12:00:00,1355.579586797941,1136.3724032291605,963.0471359240507
forecast_0493,2025-01-21 13:00:00,1543.7734243918621,1132.554946120018,929.6135555777765
forecast_0494,2025-01-21 14:00:00,1905.986824808288,2051.2763357473623,1906.7259468721343
forecast_0495,2025-01-21 15:00:00,3345.58670377604,2857.1736785241355,2434.3708179762634
forecast_0496,2025-01-21 16:00:00,3736.3421928260454,3638.175525320299,2726.521165837437
forecast_0497,2025-01-21 17:00:00,4471.202142332541,4456.197143192924,3024.872898716587
forecast_0498,2025-01-21 18:00:00,5861.44429585444,6327.468509548363,4154.2363923224675
forecast_0499,2025-01-21 19:00:00,8791.733134019356,9554.662679729718,6276.642588456696
forecast_0500,2025-01-21 20:00:00,10166.849676507647,10630.719044490294,7713.665877070795
forecast_0501,2025-01-21 21:00:00,10778.95583611291,12238.747444794926,9312.072475861542
forecast_0502,2025-01-21 22:00:00,10907.256007985949,13102.804589057936,10042.56925342397
forecast_0503,2025-01-21 23:00:00,10878.36300721114,13135.242585997894,10360.292221045796
forecast_0504,2025-01-22 00:00:00,11154.93353221617,13174.80250205958,9421.493267480266
forecast_0505,2025-01-22 01:00:00,8657.063724446336,9401.327305299035,6793.437331745505
forecast_0506,2025-01-22 02:00:00,9439.7108714414,11042.108836811802,7971.474368209427
forecast_0507,2025-01-22 03:00:00,11004.178686069507,12636.547937573903,9362.501611896143
forecast_0508,2025-01-22 04:00:00,12348.026950562447,14207.373777751918,10493.401981236255
forecast_0509,2025-01-22 05:00:00,13330.693668370652,14273.714169995768,11573.177736513562
forecast_0510,2025-01-22 06:00:00,14294.895569386857,15254.076365129946,11350.18467012581
forecast_0511,2025-01-22 07:00:00,14084.91164458338,14920.480162764867,12158.300844352643
forecast_0512,2025-01-22 08:00:00,12798.25104263002,14340.21285040614,12123.92260938351
forecast_0513,2025-01-22 09:00:00,10635.235640099248,11301.866408411564,10054.43032656239
forecast_0514,2025-01-22 10:00:00,10893.38898555216,11987.154103080618,10380.682646440073
forecast_0515,2025-01-22 11:00:00,10237.249473159978,10260.670639659362,9905.772090477467
forecast_0516,2025-01-22 12:00:00,7819.360870759728,8296.860305064269,7351.995063808341
forecast_0517,2025-01-22 13:00:00,6346.618353757199,5640.069560091071,4813.7506676288185
forecast_0518,2025-01-22 14:00:00,4786.318209321604,4060.2133502970564,3693.839109939693
forecast_0519,2025-01-22 15:00:00,3813.696732537118,3290.8927201490105,3041.3290989737493
forecast_0520,2025-01-22 16:00:00,5043.222266522625,4282.571089502177,3857.8358730361774
forecast_0521,2025-01-22 17:00:00,5729.829975108251,5799.367888611342,5454.88149931458
forecast_0522,2025-01-22 18:00:00,7310.729775041002,7964.363125725689,5299.080952922599
forecast_0523,2025-01-22 19:00:00,7524.750692619712,8958.874997887211,4854.200290816658
forecast_0524,2025-01-22 20:00:00,7176.268586931407,8824.535596151087,4698.472724303916
forecast_0525,2025-01-22 21:00:00,6896.059814217486,9356.31040019472,4855.938080642392
forecast_0526,2025-01-22 22:00:00,7852.945861885646,9263.46962083432,5341.152561755055
forecast_0527,2025-01-22 23:00:00,8765.54669216822,9607.399058878587,5508.342147685581
forecast_0528,2025-01-23 00:00:00,9402.309012326548,10014.161602086187,5674.385515419765
forecast_0529,2025-01-23 01:00:00,12061.170940090047,12695.127156999732,8374.414780826562
forecast_0530,2025-01-23 02:00:00,11931.186723515551,12769.86867468732,8319.973388458475
forecast_0531,2025-01-23 03:00:00,11624.765035374148,12277.440413797938,8349.903284258116
forecast_0532,2025-01-23 04:00:00,10619.600395568063,11802.85892908286,7189.119945897588
forecast_0533,2025-01-23 05:00:00,9935.425577132002,11300.929684531508,7075.4241491413
forecast_0534,2025-01-23 06:00:00,9393.790252545114,11174.268306541146,6584.9901845710465
forecast_0535,2025-01-23 07:00:00,9242.474113767108,11054.239845282125,6329.552341148501
forecast_0536,2025-01-23 08:00:00,7992.099682392339,9466.57950247466,5685.383520114575
forecast_0537,2025-01-23 09:00:00,6177.2433611289325,7739.164447570235,4274.823311045661
forecast_0538,2025-01-23 10:00:00,4876.638946980277,4866.572566184286,2668.2310095319467
forecast_0539,2025-01-23 11:00:00,3591.5646604842814,3808.2460145791906,2496.0131800129034
forecast_0540,2025-01-23 12:00:00,3298.2393683381847,3425.089265767389,2039.975848473108
forecast_0541,2025-01-23 13:00:00,2931.8564920573854,2706.2495530016326,1911.6446964606698
forecast_0542,2025-01-23 14:00:00,2320.5258832893164,2274.047233051291,1739.8977659766479
forecast_0543,2025-01-23 15:00:00,2118.55909240012,1929.5774107320422,1404.4953533660964
forecast_0544,2025-01-23 16:00:00,1473.3084727259743,1252.3335562531158,975.4175514208567
forecast_0545,2025-01-23 17:00:00,1654.0279958393457,1559.845934033654,1205.6373690815808
forecast_0546,2025-01-23 18:00:00,2263.398019123045,2121.866300859402,1633.9559110641417
forecast_0547,2025-01-23 19:00:00,2688.530373119545,2566.21207884062,1737.3597616986353
forecast_0548,2025-01-23 20:00:00,2449.2054651393196,2354.023491125628,1465.43237543782
forecast_0549,2025-01-23 21:00:00,2619.6652851363274,1939.3859007493188,1489.3771384449271
forecast_0550,2025-01-23 22:00:00,2767.9638888852023,2508.6527325602865,1866.2730777458535
forecast_0551,2025-01-23 23:00:00,3131.4559008303,3080.1572260461467,2055.5984989708263
forecast_0552,2025-01-24 00:00:00,2526.895560929465,2310.5777046418457,1562.2699000175328
forecast_0553,2025-01-24 01:00:00,1085.0108431258068,845.9210269181801,602.275686174332
forecast_0554,2025-01-24 02:00:00,1511.5607129305624,1120.2728389494964,716.3140424435215
forecast_0555,2025-01-24 03:00:00,1444.79714777452,974.316670484971,639.5575800154829
forecast_0556,2025-01-24 04:00:00,1232.4122495751049,905.8128038287324,531.754708091733
forecast_0557,2025-01-24 05:00:00,663.8955453064655,524.8526363019515,222.62280643213282
forecast_0558,2025-01-24 06:00:00,631.2395221954769,528.211957268159,173.10319734644534
forecast_0559,2025-01-24 07:00:00,871.849610710904,718.7013997275094,173.35363082501948
forecast_0560,2025-01-24 08:00:00,753.9309088744012,702.9258182163592,177.0921739413906
forecast_0561,2025-01-24 09:00:00,568.3248342792584,425.7443936126931,158.32772409955345
forecast_0562,2025-01-24 10:00:00,221.42950577949856,200.4822196811921,145.0868753658856
forecast_0563,2025-01-24 11:00:00,134.40485192740093,137.36867253725654,114.17281052568232
forecast_0564,2025-01-24 12:00:00,130.72100677690034,144.2686717172078,140.36152519267836
forecast_0565,2025-01-24 13:00:00,253.64521991144437,373.0209834221261,272.9795080259738
forecast_0566,2025-01-24 14:00:00,325.05851337521506,461.3795946121417,486.21402615092825
forecast_0567,2025-01-24 15:00:00,380.4066119301738,369.5281744418409,480.24024270038836
forecast_0568,2025-01-24 16:00:00,362.62075200983674,345.14937641178335,358.38998577771713
forecast_0569,2025-01-24 17:00:00,708.5392475207295,656.086594240654,418.2302641680292
forecast_0570,2025-01-24 18:00:00,905.9364032726771,853.1845381966775,435.90990785077474
forecast_0571,2025-01-24 19:00:00,1211.8535402308385,1263.616443370775,742.7831552836852
forecast_0572,2025-01-24 20:00:00,1443.8038272536312,1569.9979515093537,991.5605769597744
forecast_0573,2025-01-24 21:00:00,1904.1818214498246,2023.2083211829465,948.5062096330812
forecast_0574,2025-01-24 22:00:00,1653.022258964355,1779.6510582443238,946.1869343990625
forecast_0575,2025-01-24 23:00:00,1937.448218984271,2294.424946149459,1637.1896304802776
forecast_0576,2025-01-25 00:00:00,2222.3072374434896,2666.4537994469883,2540.602899193782
forecast_0577,2025-01-25 01:00:00,592.3400239027808,773.7742492406694,880.1577615165544
forecast_0578,2025-01-25 02:00:00,800.1797964015279,896.4217774113779,1001.783710753078
forecast_0579,2025-01-25 03:00:00,682.5951136861206,996.3743069564109,867.2362249909148
forecast_0580,2025-01-25 04:00:00,853.4794888347271,1255.15773667488,1265.8834947875825
forecast_0581,2025-01-25 05:00:00,1106.6680585685856,1236.278014993661,1513.6926193334757
forecast_0582,2025-01-25 06:00:00,1235.877429081062,1513.386757598363,1532.908856526865
forecast_0583,2025-01-25 07:00:00,1333.5961279845235,1820.6208575381668,1773.929144250049
forecast_0584,2025-01-25 08:00:00,1201.4473101508402,1772.8736493587421,1503.7187498462738
forecast_0585,2025-01-25 09:00:00,1262.4242983962617,1587.6006142599347,1522.135932830103
forecast_0586,2025-01-25 10:00:00,1089.0286072985255,1409.6143830097403,997.1026035045991
forecast_0587,2025-01-25 11:00:00,1018.3683173440645,1444.0405197501318,1164.446654541353
forecast_0588,2025-01-25 12:00:00,880.0383992844186,1088.4179585035613,1007.4286325914906
forecast_0589,2025-01-25 13:00:00,703.2797936370597,923.3824071131005,684.0052776403912
forecast_0590,2025-01-25 14:00:00,629.0528963900875,767.092406563567,517.8607862175841
forecast_0591,2025-01-25 15:00:00,711.3401762393297,783.5812484091908,456.320003438634
forecast_0592,2025-01-25 16:00:00,683.7816501656444,782.610029483152,534.0823808874882
forecast_0593,2025-01-25 17:00:00,1021.6297760899906,1158.632794610887,792.7392617933683
forecast_0594,2025-01-25 18:00:00,1001.4535372547069,1381.4057918357882,1104.484731974805
forecast_0595,2025-01-25 19:00:00,1367.441494934374,1862.0080050324534,1141.6001173029827
forecast_0596,2025-01-25 20:00:00,1643.4741819737264,2012.649020472714,1390.7330243551664
forecast_0597,2025-01-25 21:00:00,2183.8605616251966,2650.178266902505,2184.636764275572
forecast_0598,2025-01-25 22:00:00,2719.218763559646,2785.885789846237,2773.223183383037
forecast_0599,2025-01-25 23:00:00,2743.983333128593,2876.8104629623986,2359.2635144983215
forecast_0600,2025-01-26 00:00:00,2570.2036708743726,2832.604148958271,2384.3543219249887
forecast_0601,2025-01-26 01:00:00,2645.728758954672,3305.0886964045085,2909.045655014408
forecast_0602,2025-01-26 02:00:00,2617.364658746034,2950.709954138892,2592.520587545029
forecast_0603,2025-01-26 03:00:00,2389.315923632167,2792.953321663154,2393.0098073312924
forecast_0604,2025-01-26 04:00:00,2183.850160861739,2364.302241416729,1491.212222195192
forecast_0605,2025-01-26 05:00:00,2302.3672796488518,2866.307225569925,1594.0052806393628
forecast_0606,2025-01-26 06:00:00,2447.2574029558186,2740.3862911486694,1398.7565444189813
forecast_0607,2025-01-26 07:00:00,2374.0139496550773,2673.741522359401,1289.8347166459039
forecast_0608,2025-01-26 08:00:00,2076.035100339252,2163.196510505321,1113.622819689636
forecast_0609,2025-01-26 09:00:00,1553.9390767464465,1579.0411993272612,919.1854608718337
forecast_0610,2025-01-26 10:00:00,846.3564900117617,1139.6292471615595,747.7954681183344
forecast_0611,2025-01-26 11:00:00,929.5332418811086,1222.3827609049877,812.7236786960966
forecast_0612,2025-01-26 12:00:00,850.1346121822381,1039.7870531788337,726.1509614517034
forecast_0613,2025-01-26 13:00:00,517.9909696734883,717.5563816966684,535.0822984511195
forecast_0614,2025-01-26 14:00:00,412.01580341744926,528.236931669308,337.78296967426724
forecast_0615,2025-01-26 15:00:00,313.5678005293098,366.0622285487055,179.6991434635394
forecast_0616,2025-01-26 16:00:00,261.78433104663674,298.89720615566455,176.17755825386354
forecast_0617,2025-01-26 17:00:00,286.932241888744,355.2176110893118,140.55099603830985
forecast_0618,2025-01-26 18:00:00,345.0313843654359,356.1495515060271,115.36647105150841
forecast_0619,2025-01-26 19:00:00,365.17122814732653,356.84470252799315,122.51217348520936
forecast_0620,2025-01-26 20:00:00,444.83249869513236,428.9721909717159,138.75794323844906
forecast_0621,2025-01-26 21:00:00,746.0800824200123,733.9962982393123,295.7980264973033
forecast_0622,2025-01-26 22:00:00,929.0719690018811,791.6987157003724,335.97337519431517
forecast_0623,2025-01-26 23:00:00,902.929098256915,745.4243307442508,323.99314369852107
forecast_0624,2025-01-27 00:00:00,843.5021052668578,858.4056991514711,397.89535139136393
forecast_0625,2025-01-27 01:00:00,778.8864593115479,788.5641922324506,364.90067274241284
forecast_0626,2025-01-27 02:00:00,836.2293739949137,873.492548328307,423.9641379557658
forecast_0627,2025-01-27 03:00:00,1074.2817337862045,1058.9464933906183,495.26378509254255
forecast_0628,2025-01-27 04:00:00,2179.013570848961,1830.3781079823577,628.2861707579927
forecast_0629,2025-01-27 05:00:00,2364.2431084296745,1878.9732881585426,678.1127827382325
forecast_0630,2025-01-27 06:00:00,2196.6242548524137,1860.6156336769222,689.2372712541897
forecast_0631,2025-01-27 07:00:00,2310.715172249468,1796.374981035355,883.1376682512467
forecast_0632,2025-01-27 08:00:00,2890.386192038328,2385.511498187852,1127.6766333042665
forecast_0633,2025-01-27 09:00:00,3055.4228683102365,2526.882046039554,1672.0660378708092
forecast_0634,2025-01-27 10:00:00,2621.6309638114903,2598.519699110151,1330.4051348427956
forecast_0635,2025-01-27 11:00:00,3473.280858131309,4261.947723785303,2875.4518809384776
forecast_0636,2025-01-27 12:00:00,5938.904183290215,6183.13522817714,4983.569037905339
forecast_0637,2025-01-27 13:00:00,8865.621648565957,10025.678443080518,9578.730212814431
forecast_0638,2025-01-27 14:00:00,13607.689976505435,12942.96962326707,12419.619583418274
forecast_0639,2025-01-27 15:00:00,15442.823380020813,16052.037136500681,14744.484707566964
forecast_0640,2025-01-27 16:00:00,15920.252161719876,16403.499932670653,15210.10347525885
forecast_0641,2025-01-27 17:00:00,15669.22164890633,16658.91037112395,15577.639133345505
forecast_0642,2025-01-27 18:00:00,15898.08899540175,16700.593545539756,14906.095369135464
forecast_0643,2025-01-27 19:00:00,15873.434126575468,16994.658401086326,14251.144502728243
forecast_0644,2025-01-27 20:00:00,15596.575168088053,16945.399993832092,14728.33871158267
forecast_0645,2025-01-27 21:00:00,15741.371163004176,17014.21064911445,15173.270935071225
forecast_0646,2025-01-27 22:00:00,15776.394598285653,17311.911429902735,15375.334140732113
forecast_0647,2025-01-27 23:00:00,15627.280605495067,17435.835196320688,15615.634835459829
forecast_0648,2025-01-28 00:00:00,16033.600912057676,17252.205383990302,16108.782865841502
forecast_0649,2025-01-28 01:00:00,15964.644735688875,16892.014118433173,14964.155433356407
forecast_0650,2025-01-28 02:00:00,15962.701769596464,17065.968674009007,15009.67648281396
forecast_0651,2025-01-28 03:00:00,16248.461640256328,16907.759376286096,14446.609073999112
forecast_0652,2025-01-28 04:00:00,16180.753480485402,17549.923674308597,14591.610763868539
forecast_0653,2025-01-28 05:00:00,15845.915446990126,17731.136221704488,14898.537433187019
forecast_0654,2025-01-28 06:00:00,15449.351981169302,17257.89055776171,15155.935238440434
forecast_0655,2025-01-28 07:00:00,15071.021342279839,17244.78244177327,15549.818550097427
forecast_0656,2025-01-28 08:00:00,14725.543971475852,17104.027326780535,13379.936353767069
forecast_0657,2025-01-28 09:00:00,14775.845950661746,16392.024513655047,13233.5882268808
forecast_0658,2025-01-28 10:00:00,14529.557373422527,16482.489417934084,12675.632703459893
forecast_0659,2025-01-28 11:00:00,14712.06336598693,16402.04455653933,12617.546790726416
forecast_0660,2025-01-28 12:00:00,14600.746881000618,16436.28720619348,12809.27154820647
forecast_0661,2025-01-28 13:00:00,14421.46352624792,16265.653390474301,12674.32905704714
forecast_0662,2025-01-28 14:00:00,14480.38281263105,16130.30445227406,12336.277576005517
forecast_0663,2025-01-28 15:00:00,14340.25865912811,15902.013494816196,12308.086861843147
forecast_0664,2025-01-28 16:00:00,14147.686191672581,15342.31369063955,12598.71600723574
forecast_0665,2025-01-28 17:00:00,14484.485929680504,15259.773590166435,12479.561750868688
forecast_0666,2025-01-28 18:00:00,14331.069260596832,14978.663706416068,13124.69368693217
forecast_0667,2025-01-28 19:00:00,14435.117448561181,15076.402908175913,13868.57478490235
forecast_0668,2025-01-28 20:00:00,14673.11656519209,16616.521755729165,14645.801472271683
forecast_0669,2025-01-28 21:00:00,14634.400151535756,17495.797506788454,14518.403036159503
forecast_0670,2025-01-28 22:00:00,15053.811800087064,17407.950023910355,15523.517039667022
forecast_0671,2025-01-28 23:00:00,15564.834298309876,17634.265783261675,15589.898935492185
forecast_0672,2025-01-29 00:00:00,15693.743527248078,17789.06941046428,15758.120246214188
forecast_0673,2025-01-29 01:00:00,16025.243630324972,17531.40059221728,15596.889329003081
forecast_0674,2025-01-29 02:00:00,15952.0914554375,17494.717506252,15753.520481274
forecast_0675,2025-01-29 03:00:00,16018.859080481892,17274.194010184005,15614.984045530555
forecast_0676,2025-01-29 04:00:00,16085.445390873521,17478.89947859554,15378.173988706942
forecast_0677,2025-01-29 05:00:00,16173.798877130861,17376.46103956186,15262.197326980162
forecast_0678,2025-01-29 06:00:00,16227.462265899063,17450.274339660133,15202.754237506688
forecast_0679,2025-01-29 07:00:00,16573.384604366285,17603.56241782118,15165.1906297873
forecast_0680,2025-01-29 08:00:00,16300.928709653199,17914.88570379741,14880.769734925494
forecast_0681,2025-01-29 09:00:00,16205.16861785559,17813.306547058917,14878.788935206247
forecast_0682,2025-01-29 10:00:00,15853.712433999433,17412.44926008415,14749.766097981945
forecast_0683,2025-01-29 11:00:00,15255.82855056911,15918.129263962594,14374.885424145199
forecast_0684,2025-01-29 12:00:00,15389.459591428595,16812.29133587611,14177.821065406648
forecast_0685,2025-01-29 13:00:00,15547.064145077396,17050.93194999615,13723.05791402294
forecast_0686,2025-01-29 14:00:00,15338.785015902899,16660.818104777496,14168.804103714132
forecast_0687,2025-01-29 15:00:00,15065.474542917127,16060.12807910973,13743.89920837108
forecast_0688,2025-01-29 16:00:00,14645.911187779699,15734.000942894549,13789.290462128643
forecast_0689,2025-01-29 17:00:00,14722.3141270555,15894.04220553802,13666.37649809131
forecast_0690,2025-01-29 18:00:00,14625.05252475188,15821.6408468808,14014.67871937783
forecast_0691,2025-01-29 19:00:00,14498.481967072874,15849.338104925864,13904.92609428274
forecast_0692,2025-01-29 20:00:00,14340.938899583169,15465.876268421422,13694.113865584737
forecast_0693,2025-01-29 21:00:00,14249.538906752086,15583.879516128138,13607.256738757962
forecast_0694,2025-01-29 22:00:00,14096.348253107419,15571.631081365884,13462.0913265691
forecast_0695,2025-01-29 23:00:00,13954.832443349876,15527.26314916299,13703.221430683967
forecast_0696,2025-01-30 00:00:00,13835.347623233321,15685.754238407771,13714.258401175855
forecast_0697,2025-01-30 01:00:00,14696.539937075779,16078.300130096673,13698.551913949721
forecast_0698,2025-01-30 02:00:00,14648.735746723672,16280.20680195597,13496.224238619423
forecast_0699,2025-01-30 03:00:00,14324.817396972101,16038.310996751576,13038.348245354808
forecast_0700,2025-01-30 04:00:00,13746.235711775716,15875.828183442203,12715.030374888182
forecast_0701,2025-01-30 05:00:00,13604.372858473484,16078.35014995652,12568.880850437952
forecast_0702,2025-01-30 06:00:00,13658.92252884059,16038.21383600981,12536.16883642613
forecast_0703,2025-01-30 07:00:00,14049.988177531128,15798.411822976737,12436.31997366317
forecast_0704,2025-01-30 08:00:00,14238.211672087496,15941.406823295738,12805.483125049695
forecast_0705,2025-01-30 09:00:00,14633.804313535971,15963.198897209188,13155.59372606048
forecast_0706,2025-01-30 10:00:00,14523.18831001276,15589.117381130209,12941.40703538101
forecast_0707,2025-01-30 11:00:00,14594.036308096462,15398.65489330147,12176.0923995908
forecast_0708,2025-01-30 12:00:00,14436.352021227789,14413.156998746197,11731.414574743101
forecast_0709,2025-01-30 13:00:00,14267.27919300742,13631.291372697013,10957.832942114852
forecast_0710,2025-01-30 14:00:00,14409.427160112413,13950.756868905977,11980.487992975055
forecast_0711,2025-01-30 15:00:00,14241.216228824496,13795.208459122527,12324.822596728081
forecast_0712,2025-01-30 16:00:00,13609.493122313599,13931.047315960901,11830.925795844989
forecast_0713,2025-01-30 17:00:00,14324.697762819407,14962.592363275015,13045.650751831372
forecast_0714,2025-01-30 18:00:00,14043.468539490099,15253.955629325494,13570.814077146895
forecast_0715,2025-01-30 19:00:00,14338.622611282703,15464.787431607963,14193.464240925177
forecast_0716,2025-01-30 20:00:00,14822.00612477703,15549.662683091781,14642.06133930667
forecast_0717,2025-01-30 21:00:00,15509.595317866864,16047.07808540534,14956.233538429775
forecast_0718,2025-01-30 22:00:00,15543.271521653423,16313.126194012342,14970.478096930197
forecast_0719,2025-01-30 23:00:00,15280.777731261554,15800.242299931433,14293.714559540149
forecast_0720,2025-01-31 00:00:00,15005.945249128265,15163.22112518698,14353.876375447466
forecast_0721,2025-01-31 01:00:00,15022.375936510633,16040.357172594746,13761.501502561412
forecast_0722,2025-01-31 02:00:00,14487.068160090614,15426.08035732123,13396.757071659815
forecast_0723,2025-01-31 03:00:00,13983.015900376484,14671.864346908891,12119.385365027245
forecast_0724,2025-01-31 04:00:00,14481.298570619536,14755.972992274119,11799.454048780537
forecast_0725,2025-01-31 05:00:00,13479.881152117337,13534.357079325557,11565.019536092199
forecast_0726,2025-01-31 06:00:00,13146.250121374715,14336.138787663973,12173.801238457849
forecast_0727,2025-01-31 07:00:00,12381.877287751353,13648.415324745205,11566.037156181103
forecast_0728,2025-01-31 08:00:00,12979.024289195364,14175.455353004661,12129.948170572898
forecast_0729,2025-01-31 09:00:00,12299.509218882416,13558.813333697284,11187.023393127312
forecast_0730,2025-01-31 10:00:00,10536.870045202075,11896.74263679118,9966.351328669514
forecast_0731,2025-01-31 11:00:00,10497.757854257463,11367.672839400717,9388.853467627878
forecast_0732,2025-01-31 12:00:00,9864.306383001773,11137.492406955987,9140.342078284448
forecast_0733,2025-01-31 13:00:00,8186.14344649494,8682.491911888625,7504.500595438781
forecast_0734,2025-01-31 14:00:00,7208.060661907615,7337.955321013678,6375.847359834844
forecast_0735,2025-01-31 15:00:00,6291.941250215388,6124.839952850179,4627.4897134730945
forecast_0736,2025-01-31 16:00:00,4150.4986972234965,4561.5586798692975,3586.6047958780146
forecast_0737,2025-01-31 17:00:00,3281.8468138117078,3694.0018513258424,2786.293300588776
forecast_0738,2025-01-31 18:00:00,4294.996241680369,5185.283453475791,2677.376010813739
forecast_0739,2025-01-31 19:00:00,4282.68705229046,5049.321687991791,2228.5968766729993
forecast_0740,2025-01-31 20:00:00,4030.043961379848,4365.850803564748,2329.563496841125
forecast_0741,2025-01-31 21:00:00,4699.211580410304,5235.712175369601,2606.0395888232106
forecast_0742,2025-01-31 22:00:00,3771.80548440711,4891.009620090794,2020.5488808453774
forecast_0743,2025-01-31 23:00:00,3884.2841072923393,4868.285687875231,2482.154190690891
forecast_0744,2025-02-01 00:00:00,3065.514821788751,3514.3740228304346,1554.1643061027164
forecast_0745,2025-02-01 01:00:00,6251.565089864595,7479.626799807032,4021.352898024597
forecast_0746,2025-02-01 02:00:00,4893.471894866374,6422.147718364056,3545.9924786870793
forecast_0747,2025-02-01 03:00:00,3654.229817929201,4677.4522475085605,2638.3969478353083
forecast_0748,2025-02-01 04:00:00,2558.7893162111327,2756.5224376407004,1695.1494174995455
forecast_0749,2025-02-01 05:00:00,2111.8858200231757,1899.1551859864169,1147.1290891865517
forecast_0750,2025-02-01 06:00:00,890.6811551600491,1264.1364802145536,544.5556597003377
forecast_0751,2025-02-01 07:00:00,587.6436436150648,634.5463576850152,348.88814772861787
forecast_0752,2025-02-01 08:00:00,493.7949849416992,509.54556354779646,200.58434880547162
forecast_0753,2025-02-01 09:00:00,378.56814396064584,408.7770133886255,174.43110753989993
forecast_0754,2025-02-01 10:00:00,278.7767601024997,210.08444542870345,135.4338419457978
forecast_0755,2025-02-01 11:00:00,213.26627341282494,210.55346871019987,141.47616689820114
forecast_0756,2025-02-01 12:00:00,165.2862606259739,167.58974774735142,135.6974849611157
forecast_0757,2025-02-01 13:00:00,159.91622086290047,167.09602611370497,130.12842624574725
forecast_0758,2025-02-01 14:00:00,195.65041472180863,204.9898371733545,154.0849833454314
forecast_0759,2025-02-01 15:00:00,233.99592290223507,257.67967964286237,159.16323803551307
forecast_0760,2025-02-01 16:00:00,378.3720879365186,449.92881828389187,241.2204977892502
forecast_0761,2025-02-01 17:00:00,492.6852467114916,604.2837056272257,309.87649296067127
forecast_0762,2025-02-01 18:00:00,466.90495488444367,523.5873351164075,276.3838746268314
forecast_0763,2025-02-01 19:00:00,459.0936952134636,488.7956958239091,200.86558716333232
forecast_0764,2025-02-01 20:00:00,461.2981937861493,439.7553691830328,191.62004309440297
forecast_0765,2025-02-01 21:00:00,449.4253167619175,426.1826303153725,187.1106278166768
forecast_0766,2025-02-01 22:00:00,594.2832045222121,491.22361332159363,302.6955379602893
forecast_0767,2025-02-01 23:00:00,469.67863901435635,456.34284837885855,182.52053198199403
forecast_0768,2025-02-02 00:00:00,661.1490785567972,590.1468021668494,245.88656007427423
forecast_0769,2025-02-02 01:00:00,995.4170407359107,1125.4914044064708,710.5701897545483
forecast_0770,2025-02-02 02:00:00,846.7799024292779,787.1536426915251,608.9781480778684
forecast_0771,2025-02-02 03:00:00,844.7670865559043,672.0288247015332,488.9170929977341
forecast_0772,2025-02-02 04:00:00,651.9902247831924,640.9382997473006,382.85800917110197
forecast_0773,2025-02-02 05:00:00,554.0393620462353,623.6133920149005,284.27550959307325
forecast_0774,2025-02-02 06:00:00,598.0680104054388,606.3817373131322,245.92741993673968
forecast_0775,2025-02-02 07:00:00,750.0747348455451,804.8185143107864,289.62871710316483
forecast_0776,2025-02-02 08:00:00,864.4284650035847,901.1316165330782,420.5319124588128
forecast_0777,2025-02-02 09:00:00,562.5790135396793,484.62850925755623,289.7445703790251
forecast_0778,2025-02-02 10:00:00,427.3087552027727,395.0687966445503,243.1609072429766
forecast_0779,2025-02-02 11:00:00,335.25475369851654,330.14170756146075,213.12493137143224
forecast_0780,2025-02-02 12:00:00,333.2041691219745,328.46637640160714,257.48763711154095
forecast_0781,2025-02-02 13:00:00,343.6593811592448,374.87727379965594,323.07311401426034
forecast_0782,2025-02-02 14:00:00,437.52723197541354,411.27741213766865,367.69981342693666
forecast_0783,2025-02-02 15:00:00,533.1711588706247,567.3833504769957,367.1047655268498
forecast_0784,2025-02-02 16:00:00,870.5500355109957,954.0557002490401,588.7707574466907
forecast_0785,2025-02-02 17:00:00,1891.2638759361973,1562.182541676646,1301.521976442623
forecast_0786,2025-02-02 18:00:00,3619.7962938867527,2762.8801737554277,1993.675343906015
forecast_0787,2025-02-02 19:00:00,6858.23630768726,7563.539655074933,5232.776837244241
forecast_0788,2025-02-02 20:00:00,8753.131000201762,9376.044711031964,7042.798269335203
forecast_0789,2025-02-02 21:00:00,9266.22460396571,9919.419257475269,8319.71899692664
forecast_0790,2025-02-02 22:00:00,10549.051967695534,10794.451905014135,10158.879223699243
forecast_0791,2025-02-02 23:00:00,12230.779177894101,13062.939869532327,10662.027299915611
forecast_0792,2025-02-03 00:00:00,13358.9157717125,13395.673167771736,11259.103003414475
forecast_0793,2025-02-03 01:00:00,15843.616750296653,16205.138571638254,12292.942241632389
forecast_0794,2025-02-03 02:00:00,15458.963086792346,15900.40638004887,13409.618593821602
forecast_0795,2025-02-03 03:00:00,15191.854651665219,15750.044420160475,13231.883360038
forecast_0796,2025-02-03 04:00:00,15339.075853697543,15532.170494517815,13064.637236481256
forecast_0797,2025-02-03 05:00:00,14374.23327428246,14575.84884095672,13841.73194697905
forecast_0798,2025-02-03 06:00:00,14716.840654053627,14747.969313464373,12978.796142052135
forecast_0799,2025-02-03 07:00:00,14263.692240625965,14824.119610039052,13183.559733199996
forecast_0800,2025-02-03 08:00:00,14348.891059934906,15340.521269431985,12680.87772668466
forecast_0801,2025-02-03 09:00:00,14325.868651316243,16225.390074852672,13012.545185072553
forecast_0802,2025-02-03 10:00:00,14533.18780216679,15883.368296657332,12477.401001943634
forecast_0803,2025-02-03 11:00:00,14618.370989789873,14314.355709014691,11603.598070350303
forecast_0804,2025-02-03 12:00:00,13942.345682052543,13924.581625483106,11432.568147349752
forecast_0805,2025-02-03 13:00:00,14082.566379771864,13594.937942448798,11206.333583993368
forecast_0806,2025-02-03 14:00:00,14132.032288004839,13219.947947078912,11962.721923783096
forecast_0807,2025-02-03 15:00:00,14186.812740952499,13509.866486958948,11670.145599420863
forecast_0808,2025-02-03 16:00:00,14190.284624277794,13675.64376528269,11426.151623796983
forecast_0809,2025-02-03 17:00:00,14301.513191645443,13710.495588783822,11881.534055384043
forecast_0810,2025-02-03 18:00:00,14181.606992645353,14307.813221718992,12729.986888559944
forecast_0811,2025-02-03 19:00:00,14289.134535148649,15049.06370153196,13408.568158168862
forecast_0812,2025-02-03 20:00:00,14558.886621883934,16101.702445918787,13962.474500821412
forecast_0813,2025-02-03 21:00:00,14109.389920539788,15599.976793836626,14051.378537225062
forecast_0814,2025-02-03 22:00:00,14226.805313247187,14711.264267359466,13885.464386950815
forecast_0815,2025-02-03 23:00:00,14330.989663052935,15281.372931636985,14003.906244431691
forecast_0816,2025-02-04 00:00:00,14496.660742280385,15580.134207448096,14012.270928021344
forecast_0817,2025-02-04 01:00:00,14531.083642223202,14485.884846676023,13608.992753313994
forecast_0818,2025-02-04 02:00:00,14373.248819363831,14885.565290148701,13718.964365436586
forecast_0819,2025-02-04 03:00:00,13437.167280221664,13009.181917959699,13083.32384543648
forecast_0820,2025-02-04 04:00:00,13145.92669957754,12705.343337425827,12091.242514596364
forecast_0821,2025-02-04 05:00:00,13081.191632833885,12168.838268240299,11207.610041404976
forecast_0822,2025-02-04 06:00:00,13502.409847055109,13086.750426848253,11793.013209299272
forecast_0823,2025-02-04 07:00:00,13207.370384388068,13444.481189354407,11386.675226713873
forecast_0824,2025-02-04 08:00:00,12864.435063954195,12996.55686248395,11065.68909483166
forecast_0825,2025-02-04 09:00:00,12305.831049694863,12433.822780663328,10848.881983234085
forecast_0826,2025-02-04 10:00:00,12300.007024277811,12861.541098522855,11258.345305515133
forecast_0827,2025-02-04 11:00:00,11903.285814301582,13035.300600674878,12607.070255298666
forecast_0828,2025-02-04 12:00:00,12283.249243593635,13374.291755243064,12586.566587271438
forecast_0829,2025-02-04 13:00:00,11479.395511816727,12733.893361302935,12554.663216164994
forecast_0830,2025-02-04 14:00:00,11050.97873911732,12603.944069088246,12232.695016654423
forecast_0831,2025-02-04 15:00:00,11286.83793191337,11916.487094676091,12289.274874370522
forecast_0832,2025-02-04 16:00:00,12361.934980647813,12752.86119912054,13316.88098583833
forecast_0833,2025-02-04 17:00:00,12047.903660882941,13626.14947060923,13447.408834318585
forecast_0834,2025-02-04 18:00:00,13682.6932880152,14621.591891296439,13499.547806745091
forecast_0835,2025-02-04 19:00:00,13110.68334346715,14328.784672616253,12990.54151639838
forecast_0836,2025-02-04 20:00:00,13691.279418560469,14840.466893784202,13207.850670214228
forecast_0837,2025-02-04 21:00:00,14467.061538891945,15071.428466539139,12285.515320202501
forecast_0838,2025-02-04 22:00:00,14209.090353697475,14588.286660384825,11821.594991838241
forecast_0839,2025-02-04 23:00:00,13933.570956106987,14189.836493606435,11997.788748746345
forecast_0840,2025-02-05 00:00:00,14401.368512304149,15711.049274323053,13229.031346471935
forecast_0841,2025-02-05 01:00:00,14959.183473782663,17201.52260612073,14126.495838115114
forecast_0842,2025-02-05 02:00:00,15525.831287462312,17884.550370719608,14413.953443667406
forecast_0843,2025-02-05 03:00:00,14911.518543295635,18114.693235230767,13133.471762572088
forecast_0844,2025-02-05 04:00:00,14993.14285972721,17390.071592270546,13388.208637377062
forecast_0845,2025-02-05 05:00:00,14199.508181657524,16560.696304227524,12581.62118325632
forecast_0846,2025-02-05 06:00:00,13621.596896172747,16313.793976571784,12219.06278788974
forecast_0847,2025-02-05 07:00:00,14254.029933572452,16569.517683070295,12228.992576563332
forecast_0848,2025-02-05 08:00:00,14442.709341559503,16198.731192184761,12432.007238913293
forecast_0849,2025-02-05 09:00:00,13966.02562802206,15685.32368492859,12057.248470939565
forecast_0850,2025-02-05 10:00:00,13255.121376029874,15109.619051938196,12023.220197683315
forecast_0851,2025-02-05 11:00:00,13525.608753319553,15098.70937574169,12216.241260925035
forecast_0852,2025-02-05 12:00:00,13752.462076331514,15389.041939817664,12189.500682454602
forecast_0853,2025-02-05 13:00:00,13727.967271121508,15365.358492490443,12129.972654213234
forecast_0854,2025-02-05 14:00:00,13829.346860007752,15540.563921267669,12152.826496344987
forecast_0855,2025-02-05 15:00:00,14059.715497595651,15493.793121132161,12365.538429478793
forecast_0856,2025-02-05 16:00:00,14068.462956656867,15659.765485780552,12518.490809094843
forecast_0857,2025-02-05 17:00:00,13894.051565267391,15321.776132813646,12611.900265235712
forecast_0858,2025-02-05 18:00:00,14004.781721877438,14717.382720233409,13200.428497047635
forecast_0859,2025-02-05 19:00:00,13556.43867732651,14023.414386655182,12856.595528115206
forecast_0860,2025-02-05 20:00:00,13149.915861158795,13725.764722952385,12352.736856224126
forecast_0861,2025-02-05 21:00:00,13112.351937073774,14179.59048629318,12408.239503334631
forecast_0862,2025-02-05 22:00:00,13857.510518303174,15198.733428139334,12941.546659535301
forecast_0863,2025-02-05 23:00:00,14157.767459540588,15329.888891261935,12894.097181488523
forecast_0864,2025-02-06 00:00:00,14351.309980137426,15974.50333112423,13228.969214541034
forecast_0865,2025-02-06 01:00:00,14155.926764938422,15376.494152500152,13603.542364057614
forecast_0866,2025-02-06 02:00:00,13880.15930649179,15753.892677365724,13308.697387398668
forecast_0867,2025-02-06 03:00:00,14531.191796886353,16739.244567166745,13137.01832912296
forecast_0868,2025-02-06 04:00:00,15006.055792646444,16939.08308382385,12752.002237260584
forecast_0869,2025-02-06 05:00:00,14988.541101032622,16944.69362807586,13053.226644106157
forecast_0870,2025-02-06 06:00:00,14930.706911226978,17106.28976715931,12601.851249028769
forecast_0871,2025-02-06 07:00:00,14442.974212180725,16232.413201009094,11910.850798740365
forecast_0872,2025-02-06 08:00:00,14023.355072886321,15682.375432966595,11680.157907881778
forecast_0873,2025-02-06 09:00:00,13686.016805598267,15104.504915593772,11553.206588856418
forecast_0874,2025-02-06 10:00:00,12995.76969896386,14403.506546512657,11445.997973186226
forecast_0875,2025-02-06 11:00:00,13265.383225865602,12929.238079667297,10514.210910188709
forecast_0876,2025-02-06 12:00:00,13341.339557936946,13599.377616529964,10645.571662874172
forecast_0877,2025-02-06 13:00:00,13453.25358268924,14232.22837362917,11399.066158653906
forecast_0878,2025-02-06 14:00:00,13184.558439789967,13126.734881567283,12334.921970626872
forecast_0879,2025-02-06 15:00:00,12233.354554122305,13456.626943354077,12205.63223444186
forecast_0880,2025-02-06 16:00:00,12133.69404000593,13041.158006188814,12952.971189875278
forecast_0881,2025-02-06 17:00:00,13471.464088443561,13945.113958079728,12909.722551303204
forecast_0882,2025-02-06 18:00:00,13129.317799296981,13447.31273089079,12991.743633589607
forecast_0883,2025-02-06 19:00:00,13543.590786302653,14531.64255062519,13932.553764939652
forecast_0884,2025-02-06 20:00:00,13535.526788857413,15089.293765686627,13595.832981779768
forecast_0885,2025-02-06 21:00:00,13455.022964982963,14887.293649206445,12874.462923888552
forecast_0886,2025-02-06 22:00:00,12887.85758761868,11909.582080463219,12601.522158452708
forecast_0887,2025-02-06 23:00:00,13242.504683226367,12934.320810497002,11446.558659713679
forecast_0888,2025-02-07 00:00:00,12968.912193302416,13223.070912873438,11284.458908771627
forecast_0889,2025-02-07 01:00:00,10491.288991189209,11929.916019692193,9108.044904555407
forecast_0890,2025-02-07 02:00:00,9788.602013262687,11542.37124398335,8665.914900319272
forecast_0891,2025-02-07 03:00:00,8113.00330004518,9709.78481360277,7536.611328179189
forecast_0892,2025-02-07 04:00:00,8903.27871436986,10357.628688250315,7785.14713737357
forecast_0893,2025-02-07 05:00:00,7709.035072943655,9757.039950696131,6245.3769942784265
forecast_0894,2025-02-07 06:00:00,6105.836046471052,8811.71891527038,5642.716963894271
forecast_0895,2025-02-07 07:00:00,6633.8174879917215,7004.267997453753,4756.525928302366
forecast_0896,2025-02-07 08:00:00,5237.454854260267,5681.133720892038,4144.520516853818
forecast_0897,2025-02-07 09:00:00,6442.632177188702,7375.2018343284835,3904.5974202889947
forecast_0898,2025-02-07 10:00:00,7789.746219445154,7498.959069148511,6974.295726278978
forecast_0899,2025-02-07 11:00:00,10394.264557405462,10917.90109630162,9716.204981514004
forecast_0900,2025-02-07 12:00:00,12476.13470144978,13575.491136514987,11966.873356884502
forecast_0901,2025-02-07 13:00:00,12123.217272192158,14590.714524609693,11586.87931997983
forecast_0902,2025-02-07 14:00:00,12123.03802194418,14932.714201051602,9928.11409303438
forecast_0903,2025-02-07 15:00:00,12353.536289036943,14529.386087244158,9991.370804398208
forecast_0904,2025-02-07 16:00:00,12953.031002308218,14781.776600604842,9866.5798895741
forecast_0905,2025-02-07 17:00:00,12674.56355989007,13419.030257224527,9569.284727327295
forecast_0906,2025-02-07 18:00:00,12463.649160720985,12396.934134911457,8992.873414993055
forecast_0907,2025-02-07 19:00:00,10375.609505629456,11323.565309518573,10301.422013261941
forecast_0908,2025-02-07 20:00:00,11141.24870638524,11988.498771815943,10181.494876207678
forecast_0909,2025-02-07 21:00:00,12046.368231431823,12595.994447852565,9347.954110697574
forecast_0910,2025-02-07 22:00:00,11998.33198798425,12309.35324389012,9906.117975868769
forecast_0911,2025-02-07 23:00:00,11482.36914412133,12653.76682100096,10525.94479549535
forecast_0912,2025-02-08 00:00:00,11723.095310090552,13102.402686027293,11197.37955043056
forecast_0913,2025-02-08 01:00:00,11607.026617716017,11645.5887073628,11242.112833685072
forecast_0914,2025-02-08 02:00:00,12945.893567030462,13872.310255955003,12300.034229272565
forecast_0915,2025-02-08 03:00:00,13212.906704267602,14255.306279672523,12593.159420480768
forecast_0916,2025-02-08 04:00:00,13188.774155300403,14323.307393695843,12937.94027600653
forecast_0917,2025-02-08 05:00:00,13923.116582586841,14764.070639938967,13293.052433108023
forecast_0918,2025-02-08 06:00:00,13524.487313579028,14606.193356487775,12648.512690954196
forecast_0919,2025-02-08 07:00:00,13812.444600187955,14344.699907133418,12865.347906643387
forecast_0920,2025-02-08 08:00:00,13475.555303644003,14267.43529518865,12557.129782397458
forecast_0921,2025-02-08 09:00:00,13121.113351416472,15697.632736411724,9757.781235602568
forecast_0922,2025-02-08 10:00:00,10479.411119221106,11134.71670622371,8870.671233503017
forecast_0923,2025-02-08 11:00:00,7331.917811615954,9170.518865983076,7413.3346599996685
forecast_0924,2025-02-08 12:00:00,7471.726956930673,8660.239045612787,6925.053052209523
forecast_0925,2025-02-08 13:00:00,5223.965143891159,4994.06588719452,4471.642752669865
forecast_0926,2025-02-08 14:00:00,3197.081210927362,3079.225879768907,2826.1864486584286
forecast_0927,2025-02-08 15:00:00,2936.2665798018375,2599.7370158529816,2832.3453326010945
forecast_0928,2025-02-08 16:00:00,3942.2009459493675,3648.9449735879602,3350.0206300565237
forecast_0929,2025-02-08 17:00:00,4598.789551580513,4267.320058614623,3641.673541659018
forecast_0930,2025-02-08 18:00:00,6245.759312496825,6170.7337027927115,5503.896602839554
forecast_0931,2025-02-08 19:00:00,7659.182707428173,6778.396867410251,6912.349678756892
forecast_0932,2025-02-08 20:00:00,8224.750838456786,6949.673621176284,7368.107951253019
forecast_0933,2025-02-08 21:00:00,9901.339649368776,8766.62506635462,9047.748663543582
forecast_0934,2025-02-08 22:00:00,12914.910927675051,12155.198810141494,10945.199887125578
forecast_0935,2025-02-08 23:00:00,15572.61066179605,15252.16455310479,13854.812566970888
forecast_0936,2025-02-09 00:00:00,16969.79507519721,17578.24144692371,14201.947289735237
forecast_0937,2025-02-09 01:00:00,15334.678740013273,15166.327239110913,13075.017629161717
forecast_0938,2025-02-09 02:00:00,17041.333767473137,16867.467318555988,14523.188620140572
forecast_0939,2025-02-09 03:00:00,16973.535579752934,16852.815425703673,13180.590241539918
forecast_0940,2025-02-09 04:00:00,17350.209572028733,17454.079721449234,13915.788419439488
forecast_0941,2025-02-09 05:00:00,17434.71037396439,17907.03412378685,14533.666273933897
forecast_0942,2025-02-09 06:00:00,17944.002430308883,17367.24259376274,14993.090712661535
forecast_0943,2025-02-09 07:00:00,17487.249057667323,16929.121681040844,13695.686670085943
forecast_0944,2025-02-09 08:00:00,16614.991929544743,16623.922570545885,12816.494466943499
forecast_0945,2025-02-09 09:00:00,14710.019316674687,15423.991556251856,10208.063322463533
forecast_0946,2025-02-09 10:00:00,12709.931322720353,13160.254891618888,9943.256376574473
forecast_0947,2025-02-09 11:00:00,10351.449893178362,11075.003079129212,8698.313345859297
forecast_0948,2025-02-09 12:00:00,8194.130347418104,9852.086358659833,7505.228027968263
forecast_0949,2025-02-09 13:00:00,8257.052081788035,8926.481195564324,7326.826702819913
forecast_0950,2025-02-09 14:00:00,9121.312986015551,9311.519190410212,6971.48584161292
forecast_0951,2025-02-09 15:00:00,8783.312616873936,8089.130478100976,6756.034954372717
forecast_0952,2025-02-09 16:00:00,12065.15912517807,10982.93576191055,9402.702749544795
forecast_0953,2025-02-09 17:00:00,12730.395199269558,12425.934002961038,10745.76642168472
forecast_0954,2025-02-09 18:00:00,13939.307573328768,13085.036291529845,11607.394805742968
forecast_0955,2025-02-09 19:00:00,14844.712064064275,14880.113407333813,13079.474577704168
forecast_0956,2025-02-09 20:00:00,15621.094019741495,16211.4193167558,13669.555353254214
forecast_0957,2025-02-09 21:00:00,15170.284628317417,15961.130609391235,13014.000293110974
forecast_0958,2025-02-09 22:00:00,15613.112874448101,16193.06257057487,13602.86402214418
forecast_0959,2025-02-09 23:00:00,16316.382832726365,16851.781376792867,13809.695234281284
forecast_0960,2025-02-10 00:00:00,17123.576436544714,17671.56592554645,14721.629806967001
forecast_0961,2025-02-10 01:00:00,16939.991942350152,17481.40710981018,13724.475099523246
forecast_0962,2025-02-10 02:00:00,16937.2228897367,17787.3224871165,14224.696843404654
forecast_0963,2025-02-10 03:00:00,17661.2462332674,18094.243121374406,15547.226406811125
forecast_0964,2025-02-10 04:00:00,18302.44918955416,17960.640560444033,15934.766541810657
forecast_0965,2025-02-10 05:00:00,18559.592180228836,18177.007729758927,16694.566936119958
forecast_0966,2025-02-10 06:00:00,17064.54992916979,18068.450672854655,15558.933880095901
forecast_0967,2025-02-10 07:00:00,17029.47020444715,18030.809803867327,15482.719802185267
forecast_0968,2025-02-10 08:00:00,16381.43087750728,17584.752560535147,14278.267853850268
forecast_0969,2025-02-10 09:00:00,14542.270505633558,16238.104726573307,13369.962020192663
forecast_0970,2025-02-10 10:00:00,13674.929569390757,14887.683640531634,13050.631706449161
forecast_0971,2025-02-10 11:00:00,12966.321183866854,14168.396738998532,12615.853344052173
forecast_0972,2025-02-10 12:00:00,12955.94311043723,13292.593980293703,12152.42360708615
forecast_0973,2025-02-10 13:00:00,12316.271371145001,12512.707854216662,10716.156458901112
forecast_0974,2025-02-10 14:00:00,12215.68742818377,11927.311577530865,10325.382656539605
forecast_0975,2025-02-10 15:00:00,11689.3598007233,11155.544249776163,9932.101922938506
forecast_0976,2025-02-10 16:00:00,12238.879236557163,11545.613545334141,10782.712544046744
forecast_0977,2025-02-10 17:00:00,12001.449624850156,11919.472892813597,10014.952238787884
forecast_0978,2025-02-10 18:00:00,12736.596742694037,13527.926384325669,10815.275701921337
forecast_0979,2025-02-10 19:00:00,13002.946429321286,14038.378836713191,12570.422373340167
forecast_0980,2025-02-10 20:00:00,13191.2227461866,14069.719470841266,11227.0416761101
forecast_0981,2025-02-10 21:00:00,11593.380375150951,12639.534921070832,10062.876152732082
forecast_0982,2025-02-10 22:00:00,11316.606336787667,12474.010420612809,10112.882232647316
forecast_0983,2025-02-10 23:00:00,9075.719833599187,10368.900465729947,8539.277058766842
forecast_0984,2025-02-11 00:00:00,8528.504114635844,8642.524055808353,7668.87734722491
forecast_0985,2025-02-11 01:00:00,9562.074881215376,9797.836927426562,9277.219454132064
forecast_0986,2025-02-11 02:00:00,10352.090522209914,11218.138205448116,9723.756006557946
forecast_0987,2025-02-11 03:00:00,11565.40082728337,12576.784767516205,10008.581573104884
forecast_0988,2025-02-11 04:00:00,11211.886925825545,12495.640542401394,9785.843658409885
forecast_0989,2025-02-11 05:00:00,8371.3724627679,9453.109344651622,6946.781212344374
forecast_0990,2025-02-11 06:00:00,7339.448080214204,7717.278127617248,5158.543136544342
forecast_0991,2025-02-11 07:00:00,6737.6295214546335,7325.501042093389,4397.065480054105
forecast_0992,2025-02-11 08:00:00,6525.605140238593,6075.7363749709175,4244.093646264537
forecast_0993,2025-02-11 09:00:00,6020.065292206471,5946.818963147162,4586.601653216713
forecast_0994,2025-02-11 10:00:00,4967.698255035388,5071.327590644329,3405.2171919907596
forecast_0995,2025-02-11 11:00:00,3340.198808325749,3028.9627552308834,2100.2646862406646
forecast_0996,2025-02-11 12:00:00,2371.955349418764,2332.633772756938,2024.2462571700084
forecast_0997,2025-02-11 13:00:00,2275.557253786457,1938.594449125862,2432.669540549769
forecast_0998,2025-02-11 14:00:00,2412.884302545955,2328.0875493575645,2296.1276257046698
forecast_0999,2025-02-11 15:00:00,1411.7930517619086,1425.2723164664906,1539.212494503636
forecast_1000,2025-02-11 16:00:00,1064.214181038812,1193.6359214375425,1059.8398200225731
forecast_1001,2025-02-11 17:00:00,1484.4871717457613,1569.5418410991035,1179.5719485120878
forecast_1002,2025-02-11 18:00:00,4272.178001779484,4074.9408535961434,2887.987553182787
forecast_1003,2025-02-11 19:00:00,6172.685495183678,6607.711245686762,5285.838429722789
forecast_1004,2025-02-11 20:00:00,7758.031834623253,7739.93802275495,5636.977757618671
forecast_1005,2025-02-11 21:00:00,7830.44139419546,8693.718295376439,5756.170880107399
forecast_1006,2025-02-11 22:00:00,10677.824726675857,10677.986615732947,6763.126604556281
forecast_1007,2025-02-11 23:00:00,14226.567626290689,15415.004639669378,12916.129020686009
forecast_1008,2025-02-12 00:00:00,16176.368220994056,16137.25868269365,13804.629218660839
forecast_1009,2025-02-12 01:00:00,13655.586660785733,14213.11000489911,9995.795636450915
forecast_1010,2025-02-12 02:00:00,14804.45412386495,15863.185539275777,12196.918167442675
forecast_1011,2025-02-12 03:00:00,13611.965943665882,15546.266671663809,11819.910250587802
forecast_1012,2025-02-12 04:00:00,14319.3188365678,15753.463233221311,12349.66847329277
forecast_1013,2025-02-12 05:00:00,13624.360845286621,14702.359274101618,10816.97325561693
forecast_1014,2025-02-12 06:00:00,11274.815905769774,12037.212671981648,8756.858941452005
forecast_1015,2025-02-12 07:00:00,8369.213976291676,9138.39313723391,6168.097431257626
forecast_1016,2025-02-12 08:00:00,6547.165593089884,7773.317192850464,4827.095182948323
forecast_1017,2025-02-12 09:00:00,5094.704062431481,6871.353745804785,4632.523684818009
forecast_1018,2025-02-12 10:00:00,6386.068483342704,7517.643882916261,5370.2799841895385
forecast_1019,2025-02-12 11:00:00,7541.598733719264,9924.633863654593,5094.5041208623325
forecast_1020,2025-02-12 12:00:00,9029.165291541553,10514.949070157543,7239.0364953273365
forecast_1021,2025-02-12 13:00:00,9920.868901392425,11470.895363451731,9645.701171111165
forecast_1022,2025-02-12 14:00:00,11616.626310480704,12988.553740637939,10148.077461792891
forecast_1023,2025-02-12 15:00:00,13599.35994689292,13696.831914767592,12336.258005486217
forecast_1024,2025-02-12 16:00:00,15266.823624496392,14563.4180757028,13993.344010994053
forecast_1025,2025-02-12 17:00:00,15407.005573051327,14586.650070812255,14691.123668539438
forecast_1026,2025-02-12 18:00:00,15342.050584664834,14391.093082350002,14961.065229181806
forecast_1027,2025-02-12 19:00:00,14998.749715143245,15238.229818165471,14375.181959775484
forecast_1028,2025-02-12 20:00:00,14579.336718613464,14944.811466343404,12522.363292254988
forecast_1029,2025-02-12 21:00:00,14427.326405531076,14712.946331369027,12696.581837737947
forecast_1030,2025-02-12 22:00:00,14515.557785102495,14649.053674642437,13058.894559468912
forecast_1031,2025-02-12 23:00:00,14109.787377994113,13687.585710992003,11357.705578931857
forecast_1032,2025-02-13 00:00:00,13724.283204497184,13594.831716465102,10643.080129845282
forecast_1033,2025-02-13 01:00:00,13293.770954415779,13224.745858746046,8167.436711034105
forecast_1034,2025-02-13 02:00:00,13291.556857724763,13344.653255030096,8101.397211629412
forecast_1035,2025-02-13 03:00:00,13559.253139239705,13514.116430128915,8735.186067038689
forecast_1036,2025-02-13 04:00:00,13312.843468235396,13004.954163465487,9481.633095408775
forecast_1037,2025-02-13 05:00:00,12696.579595036048,12489.123279284471,8974.227067223277
forecast_1038,2025-02-13 06:00:00,12795.39127115625,12879.358026308835,8824.119882277031
forecast_1039,2025-02-13 07:00:00,13530.597537149577,13907.104381603156,9521.20794762656
forecast_1040,2025-02-13 08:00:00,14068.106152888355,14537.962050924596,10803.21594222335
forecast_1041,2025-02-13 09:00:00,13983.602493918572,15079.810217022477,11031.01938520948
forecast_1042,2025-02-13 10:00:00,13495.520255069736,14450.093345162357,11368.084040129357
forecast_1043,2025-02-13 11:00:00,13848.948544480685,14398.206484177541,11845.759616936764
forecast_1044,2025-02-13 12:00:00,13641.516093039467,14451.888099972966,11956.627709052967
forecast_1045,2025-02-13 13:00:00,13655.798793206595,14786.906918773564,11885.004705432788
forecast_1046,2025-02-13 14:00:00,14225.448037018772,14942.139674448612,12438.712753369502
forecast_1047,2025-02-13 15:00:00,14205.365175182536,14834.62562284076,12814.112959831597
forecast_1048,2025-02-13 16:00:00,15086.787395339714,15618.192914920191,13441.431537129945
forecast_1049,2025-02-13 17:00:00,16056.384504445514,16531.99244600285,14648.235047382637
forecast_1050,2025-02-13 18:00:00,16840.617637577525,18038.294258367958,15566.18225026948
forecast_1051,2025-02-13 19:00:00,17078.767793889147,18435.209072548765,16031.058566236714
forecast_1052,2025-02-13 20:00:00,17221.980061485126,18436.025209286003,16328.253896756103
forecast_1053,2025-02-13 21:00:00,17263.39738595109,18476.259316464875,16657.683392203264
forecast_1054,2025-02-13 22:00:00,17158.53963488237,18430.107973966882,16794.543121664115
forecast_1055,2025-02-13 23:00:00,17334.165945383942,18628.246696178903,16857.77851591186
forecast_1056,2025-02-14 00:00:00,17209.26198076599,18565.877706404353,16702.058840730937
forecast_1057,2025-02-14 01:00:00,17251.85965712313,18679.104638637593,16294.444155754882
forecast_1058,2025-02-14 02:00:00,17070.78316579928,18565.601171159637,15952.047852467847
forecast_1059,2025-02-14 03:00:00,17023.05488271149,18300.841719745345,15817.981036427422
forecast_1060,2025-02-14 04:00:00,16379.28706333402,18171.462262368805,15347.475215415257
forecast_1061,2025-02-14 05:00:00,16926.629797455105,18141.196277984818,15285.6324136945
forecast_1062,2025-02-14 06:00:00,17827.694123173493,18479.23393553494,15365.075417024056
forecast_1063,2025-02-14 07:00:00,18282.257273461397,18757.702973442185,16150.779226576838
forecast_1064,2025-02-14 08:00:00,18347.959251338725,18855.589157279595,15923.43205683761
forecast_1065,2025-02-14 09:00:00,17540.222109703733,18071.478151991025,14619.866204313672
forecast_1066,2025-02-14 10:00:00,12318.043613537215,15068.385566799714,11621.102435166358
forecast_1067,2025-02-14 11:00:00,11045.311706997622,13406.879525784276,10418.356633912292
forecast_1068,2025-02-14 12:00:00,10261.031390533957,12519.513905663336,9581.574062404821
forecast_1069,2025-02-14 13:00:00,9804.103848053397,11630.233216900664,8693.165930488076
forecast_1070,2025-02-14 14:00:00,9765.560263277632,10774.85100790441,8586.855765982677
forecast_1071,2025-02-14 15:00:00,10538.713275988048,10905.024286949949,10239.382278020646
forecast_1072,2025-02-14 16:00:00,10738.339344714253,12047.21694051828,10903.241723951563
forecast_1073,2025-02-14 17:00:00,12785.626733269688,13392.72303877963,11545.00380125848
forecast_1074,2025-02-14 18:00:00,14697.343446194694,14656.716085563925,13539.617861625378
forecast_1075,2025-02-14 19:00:00,14460.484641990624,15758.53221684822,12513.79973595548
forecast_1076,2025-02-14 20:00:00,14289.376413258542,14661.647106642313,11592.124502339198
forecast_1077,2025-02-14 21:00:00,14576.860120043599,14862.018213969415,11901.849027520337
forecast_1078,2025-02-14 22:00:00,14376.071591828058,14306.500532465694,11246.71461232884
forecast_1079,2025-02-14 23:00:00,14935.950043098492,14813.988586599347,11711.936951667822
forecast_1080,2025-02-15 00:00:00,15778.07424849724,15734.477184869365,12391.996956218616
forecast_1081,2025-02-15 01:00:00,17069.827178559874,16172.45027892961,12804.739905915952
forecast_1082,2025-02-15 02:00:00,17188.373254104477,15755.051924365858,12935.21653699744
forecast_1083,2025-02-15 03:00:00,16047.153930872277,15139.645410515417,11888.086858014767
forecast_1084,2025-02-15 04:00:00,15104.327333768762,14081.469231720668,11127.247200238322
forecast_1085,2025-02-15 05:00:00,14770.90730875776,14448.090179489165,11411.187603130384
forecast_1086,2025-02-15 06:00:00,14650.527504360269,13933.854299352279,10459.405209355606
forecast_1087,2025-02-15 07:00:00,12076.914794647264,12224.030359556076,8984.72953569102
forecast_1088,2025-02-15 08:00:00,11404.527258210815,11711.85122380832,8776.33755818051
forecast_1089,2025-02-15 09:00:00,10044.002694328052,10636.975562920668,6899.04375608678
forecast_1090,2025-02-15 10:00:00,8791.068412672636,8478.204433351357,6214.914487695932
forecast_1091,2025-02-15 11:00:00,8036.2191181426215,9643.329572757706,6553.367085828175
forecast_1092,2025-02-15 12:00:00,10227.716813567902,10725.440687640132,8372.712577803373
forecast_1093,2025-02-15 13:00:00,10612.645777826869,12234.805783149402,10329.104986127046
forecast_1094,2025-02-15 14:00:00,12623.5524313479,13352.652337276857,11121.973168063958
forecast_1095,2025-02-15 15:00:00,13121.019220581169,14082.52664670219,11772.485480776933
forecast_1096,2025-02-15 16:00:00,13309.897603123487,14503.356427993203,11275.340682738553
forecast_1097,2025-02-15 17:00:00,14419.212795213807,15417.799190581221,12793.872688742631
forecast_1098,2025-02-15 18:00:00,15699.629248694415,15695.143529594796,14746.45171982495
forecast_1099,2025-02-15 19:00:00,16597.968126950058,16966.775683482283,15325.443437965178
forecast_1100,2025-02-15 20:00:00,17145.90938681329,18023.006598011583,15654.255490909065
forecast_1101,2025-02-15 21:00:00,16448.8244950512,17208.27558726409,14963.383550136774
forecast_1102,2025-02-15 22:00:00,16638.902096942275,17102.290402211984,13956.231701577033
forecast_1103,2025-02-15 23:00:00,16169.285301655333,16991.63986353207,13986.1232573714
forecast_1104,2025-02-16 00:00:00,16869.489509392653,17331.448142304696,14309.126301725684
forecast_1105,2025-02-16 01:00:00,16793.957149887647,17382.636355692215,14533.793242707412
forecast_1106,2025-02-16 02:00:00,16410.788084887245,16889.55319851008,13035.92892986255
forecast_1107,2025-02-16 03:00:00,15400.300306901278,16495.440407465954,12944.12293362439
forecast_1108,2025-02-16 04:00:00,15046.830776467737,15730.923877692176,12459.216158383026
forecast_1109,2025-02-16 05:00:00,12338.344705173367,13474.179026691108,9991.475715294135
forecast_1110,2025-02-16 06:00:00,11935.047174611225,13827.821019932886,10139.124770587772
forecast_1111,2025-02-16 07:00:00,11491.415427451693,13622.17428200172,9471.647067783446
forecast_1112,2025-02-16 08:00:00,11560.402991835694,13638.175937141717,9358.456106100708
forecast_1113,2025-02-16 09:00:00,11047.579327764157,13283.940224406226,9240.830253382877
forecast_1114,2025-02-16 10:00:00,8717.83528071962,10794.773455936498,7928.448853907162
forecast_1115,2025-02-16 11:00:00,7221.693649989243,8432.878432426118,6970.131192961562
forecast_1116,2025-02-16 12:00:00,8197.011499234784,9567.966745185597,7879.152163051273
forecast_1117,2025-02-16 13:00:00,10056.157255381848,9562.012149861248,9473.723082156139
forecast_1118,2025-02-16 14:00:00,12224.204569675981,11079.81674491555,11555.46487328919
forecast_1119,2025-02-16 15:00:00,13813.357964543191,13761.65471484652,12943.963330970673
forecast_1120,2025-02-16 16:00:00,15984.576539785701,17461.971786228874,14895.071754878643
forecast_1121,2025-02-16 17:00:00,17041.63382623777,17925.351050338795,15765.170253157561
forecast_1122,2025-02-16 18:00:00,16880.892069262867,17679.475192320813,15823.176192865089
forecast_1123,2025-02-16 19:00:00,17268.42262517523,18265.601711367264,16015.905387467556
forecast_1124,2025-02-16 20:00:00,17397.520288240652,18490.998432383556,14394.439233807434
forecast_1125,2025-02-16 21:00:00,17126.29641799426,18211.58409856575,14756.655822902394
forecast_1126,2025-02-16 22:00:00,17147.214547327785,17903.5179068688,14474.618243386261
forecast_1127,2025-02-16 23:00:00,16550.858013579946,17286.51556531054,14365.046775211318
forecast_1128,2025-02-17 00:00:00,15674.004438320648,16561.09908563834,13911.803604779252
forecast_1129,2025-02-17 01:00:00,14209.112537730134,14092.781161428364,11407.38817569457
forecast_1130,2025-02-17 02:00:00,14615.816345282958,14345.836757782869,12065.316489771687
forecast_1131,2025-02-17 03:00:00,14620.001590727272,14971.348040643059,11819.62824470114
forecast_1132,2025-02-17 04:00:00,13579.043066908722,13640.856992748293,9943.853449824395
forecast_1133,2025-02-17 05:00:00,12653.756907589925,11375.858609511552,8325.596669827242
forecast_1134,2025-02-17 06:00:00,12146.883251640453,11330.448006503797,7979.667485371742
forecast_1135,2025-02-17 07:00:00,12864.65744197166,12661.798745107595,8881.670243305389
forecast_1136,2025-02-17 08:00:00,13112.724924577082,12867.334749361868,9343.985747802677
forecast_1137,2025-02-17 09:00:00,13316.413181917631,12590.991825862688,8421.238279773908
forecast_1138,2025-02-17 10:00:00,13296.092509868695,12611.995227302263,8959.874460781044
forecast_1139,2025-02-17 11:00:00,13068.925744884125,12417.583732422072,9119.842040919808
forecast_1140,2025-02-17 12:00:00,12934.77115047835,12258.437910915116,8851.842687853992
forecast_1141,2025-02-17 13:00:00,12878.547686304217,12045.238406517125,8903.452802971824
forecast_1142,2025-02-17 14:00:00,12442.112150528765,11864.282825510069,8303.842477131577
forecast_1143,2025-02-17 15:00:00,11748.15124668024,10961.853106764258,7753.510304305705
forecast_1144,2025-02-17 16:00:00,10649.229003466537,9000.942683014506,6468.593237270971
forecast_1145,2025-02-17 17:00:00,9070.662495977103,7408.122661535135,5230.387619884599
forecast_1146,2025-02-17 18:00:00,8528.893469191462,7227.711012344615,5116.989171833522
forecast_1147,2025-02-17 19:00:00,8888.300106088698,8052.473466959329,5471.6853222459395
forecast_1148,2025-02-17 20:00:00,9041.599343712027,8285.586713545974,5975.415009329589
forecast_1149,2025-02-17 21:00:00,9117.680117394777,9141.262637741804,7390.431728754295
forecast_1150,2025-02-17 22:00:00,8356.191354311235,8703.465982543454,6850.790156485313
forecast_1151,2025-02-17 23:00:00,7871.024192468637,7361.104553263858,6113.765844954092
forecast_1152,2025-02-18 00:00:00,7044.028631061263,6876.3511363811085,5580.167551629578
forecast_1153,2025-02-18 01:00:00,7751.060411107087,8600.070944881178,7334.166004931391
forecast_1154,2025-02-18 02:00:00,11030.927576702026,10832.083218901584,8446.418784061183
forecast_1155,2025-02-18 03:00:00,11817.821746394402,11874.485411893618,9117.821378966672
forecast_1156,2025-02-18 04:00:00,12409.75119692792,12834.95217747932,9935.575569366372
forecast_1157,2025-02-18 05:00:00,12493.31544235889,13151.113201342298,10038.364661820224
forecast_1158,2025-02-18 06:00:00,12552.266073536524,13223.642510898937,10356.924833557288
forecast_1159,2025-02-18 07:00:00,13109.501609332998,13911.872636389337,10811.600454376969
forecast_1160,2025-02-18 08:00:00,12447.869125729949,13343.204077996475,10204.440844494158
forecast_1161,2025-02-18 09:00:00,12401.211718107294,12465.154468342756,9617.798110428295
forecast_1162,2025-02-18 10:00:00,12072.640667212543,11948.041721027797,9957.490962899417
forecast_1163,2025-02-18 11:00:00,12012.207322266564,10745.942845239604,9699.82429564654
forecast_1164,2025-02-18 12:00:00,11738.869393126537,10162.921424186625,8634.186836144458
forecast_1165,2025-02-18 13:00:00,11566.76169621962,10336.933076772684,8452.966099696436
forecast_1166,2025-02-18 14:00:00,11942.801926689011,10602.064885603157,8953.770278226772
forecast_1167,2025-02-18 15:00:00,12175.73246891237,10751.708048104347,9260.169675214831
forecast_1168,2025-02-18 16:00:00,12111.957383872763,10846.674653273314,8618.813841013562
forecast_1169,2025-02-18 17:00:00,12273.096700335363,11545.845987340083,9416.602306233013
forecast_1170,2025-02-18 18:00:00,11229.743435796918,11219.11674710663,8680.000121912903
forecast_1171,2025-02-18 19:00:00,11078.980413020327,10871.501094265273,8287.820772892863
forecast_1172,2025-02-18 20:00:00,10535.393497150977,9823.062324879264,7746.653868657386
forecast_1173,2025-02-18 21:00:00,10724.071054312466,10693.427481208437,8667.67339052692
forecast_1174,2025-02-18 22:00:00,10797.276856341345,12605.574956200617,8489.670688109109
forecast_1175,2025-02-18 23:00:00,11317.669583604227,12414.357777272597,8751.814909496843
forecast_1176,2025-02-19 00:00:00,11411.520062418158,12408.495248066447,8841.937763346892
forecast_1177,2025-02-19 01:00:00,8203.361689238993,9302.098052453122,8339.747447621536
forecast_1178,2025-02-19 02:00:00,10772.63673062115,12171.256109133597,10004.471566481003
forecast_1179,2025-02-19 03:00:00,11389.502436943572,12727.342599122347,9375.961966996594
forecast_1180,2025-02-19 04:00:00,11512.411974818117,13294.815369569122,9627.091148781534
forecast_1181,2025-02-19 05:00:00,11827.656595972714,14073.642384413351,9569.436932242439
forecast_1182,2025-02-19 06:00:00,13087.006649754703,14884.775003795594,9813.713836495624
forecast_1183,2025-02-19 07:00:00,12944.135293598205,14623.036517013135,9931.78111483495
forecast_1184,2025-02-19 08:00:00,11558.242661794506,13673.79339290173,8970.151149869882
forecast_1185,2025-02-19 09:00:00,9625.593800999022,11618.097681510862,7895.301383337501
forecast_1186,2025-02-19 10:00:00,7785.927748213224,9034.333240798578,7567.93577905645
forecast_1187,2025-02-19 11:00:00,7055.900197942466,8392.8096470833,7158.080022170012
forecast_1188,2025-02-19 12:00:00,6083.62929708823,7050.853749764609,5691.454341431196
forecast_1189,2025-02-19 13:00:00,5363.218224816895,5017.2092867672145,4282.775275615438
forecast_1190,2025-02-19 14:00:00,5135.152655811085,4854.593309262666,3954.3177504782147
forecast_1191,2025-02-19 15:00:00,5423.919280054271,5146.994338582077,4433.0517863786845
forecast_1192,2025-02-19 16:00:00,5372.318205906769,5357.286678757076,4251.028298525813
forecast_1193,2025-02-19 17:00:00,5660.220086178656,5289.793433359328,4555.6704679380355
forecast_1194,2025-02-19 18:00:00,6537.859934712689,6875.335380013357,5658.210133751432
forecast_1195,2025-02-19 19:00:00,8217.363149563122,7828.595237598896,6913.462442738627
forecast_1196,2025-02-19 20:00:00,8506.183919994497,9344.014959861677,7805.921213425617
forecast_1197,2025-02-19 21:00:00,8206.9130036447,9536.759349062015,7284.049098185119
forecast_1198,2025-02-19 22:00:00,9442.625633061441,10805.424738306125,8428.100823905559
forecast_1199,2025-02-19 23:00:00,9880.316241537223,9847.43892743672,9116.62911141307
forecast_1200,2025-02-20 00:00:00,9347.590207110412,8817.423167531755,8773.33315738058
forecast_1201,2025-02-20 01:00:00,7950.339762938373,6990.787615518719,7098.556612782195
forecast_1202,2025-02-20 02:00:00,8591.142079888594,7363.746982466027,7306.416751318628
forecast_1203,2025-02-20 03:00:00,8713.380277545815,7647.383155126324,7463.440837591145
forecast_1204,2025-02-20 04:00:00,8379.825148516573,7892.5687311273105,7220.211591792073
forecast_1205,2025-02-20 05:00:00,8437.79811904044,7773.266172706399,7135.272123008916
forecast_1206,2025-02-20 06:00:00,8926.834252107265,9767.773513624494,7607.126995229035
forecast_1207,2025-02-20 07:00:00,10697.024397467983,13101.562404977323,10100.592283367894
forecast_1208,2025-02-20 08:00:00,12706.169223916224,13414.489649529381,10469.064742448525
forecast_1209,2025-02-20 09:00:00,12386.688732507531,13412.703450019466,10432.46152589601
forecast_1210,2025-02-20 10:00:00,10529.078061175354,10993.977742435207,9856.894656910341
forecast_1211,2025-02-20 11:00:00,10910.25571344089,10925.829375542473,9805.709953925183
forecast_1212,2025-02-20 12:00:00,10336.353615562684,10333.083895325928,9311.739465034603
forecast_1213,2025-02-20 13:00:00,8020.693400100977,7813.086591517612,7518.60469875481
forecast_1214,2025-02-20 14:00:00,8303.601169514328,8077.9169834856475,7979.388504318354
forecast_1215,2025-02-20 15:00:00,10074.57563885016,9049.093710805342,8242.724079050638
forecast_1216,2025-02-20 16:00:00,8020.007804887766,7251.610498853816,7075.717218286442
forecast_1217,2025-02-20 17:00:00,8037.155766035069,7445.304851591451,6829.532460654922
forecast_1218,2025-02-20 18:00:00,10695.50774961833,10301.729558616234,8749.745941239758
forecast_1219,2025-02-20 19:00:00,10641.003649831322,10653.191392704064,9693.312420041286
forecast_1220,2025-02-20 20:00:00,10314.63607615093,11388.074111127986,9477.01261916787
forecast_1221,2025-02-20 21:00:00,10123.5528328845,10462.681856423502,8986.877325262292
forecast_1222,2025-02-20 22:00:00,10801.601844692936,11380.767375360077,7235.905138170392
forecast_1223,2025-02-20 23:00:00,10015.951034705733,10273.282243263273,6916.957092209664
forecast_1224,2025-02-21 00:00:00,11531.226857674017,12782.683455552668,9329.612726608764
forecast_1225,2025-02-21 01:00:00,10651.393020507528,10966.459340903575,8823.564129854189
forecast_1226,2025-02-21 02:00:00,11659.955662077615,10973.670790830152,9583.410134435155
forecast_1227,2025-02-21 03:00:00,9223.876021204009,9855.17541403154,8586.70435303481
forecast_1228,2025-02-21 04:00:00,8309.448016145934,8906.34891635609,7636.42045702628
forecast_1229,2025-02-21 05:00:00,8709.007982222309,10289.702360497311,7641.035223700501
forecast_1230,2025-02-21 06:00:00,9715.851169073023,11153.126239469542,8178.661430695648
forecast_1231,2025-02-21 07:00:00,9845.636180983765,11370.491257010503,8618.402940352807
forecast_1232,2025-02-21 08:00:00,11262.427865188107,12375.108572571708,9658.951406580209
forecast_1233,2025-02-21 09:00:00,9860.847209426638,10575.811215444826,8906.580913374182
forecast_1234,2025-02-21 10:00:00,6443.17982660693,8007.577721577084,6607.350835968601
forecast_1235,2025-02-21 11:00:00,5246.6751655977805,5822.505875567602,5070.172602440488
forecast_1236,2025-02-21 12:00:00,5229.867127629664,5445.739277932146,5305.030256846388
forecast_1237,2025-02-21 13:00:00,6420.024006001495,6222.773131859135,5325.800573660981
forecast_1238,2025-02-21 14:00:00,7101.156824836792,6668.199241344311,5287.5279439411415
forecast_1239,2025-02-21 15:00:00,7702.8935405883185,6836.539938173032,5517.341828479603
forecast_1240,2025-02-21 16:00:00,8166.234468147558,7930.0834345306275,6099.055338904764
forecast_1241,2025-02-21 17:00:00,8380.09630005768,8354.96104264185,6539.8726990890855
forecast_1242,2025-02-21 18:00:00,10242.499315276556,10767.07142836821,9675.1325549952
forecast_1243,2025-02-21 19:00:00,11262.364956069958,11282.030020628992,10062.134848044769
forecast_1244,2025-02-21 20:00:00,10815.768718269637,10435.326221347334,9423.988451678793
forecast_1245,2025-02-21 21:00:00,10872.184286890484,10669.85315238506,10680.65630443012
forecast_1246,2025-02-21 22:00:00,11702.310428701365,11804.816730556933,10983.780155656023
forecast_1247,2025-02-21 23:00:00,12713.423428263104,13050.268378014776,11801.858992693813
forecast_1248,2025-02-22 00:00:00,13022.732635943286,13605.57797824141,12234.612735932098
forecast_1249,2025-02-22 01:00:00,14264.312567806322,13963.110017903371,12115.622809714703
forecast_1250,2025-02-22 02:00:00,14756.84819944257,14432.92040100707,12643.899563319754
forecast_1251,2025-02-22 03:00:00,13857.384136618803,13895.268356581428,12537.748497708422
forecast_1252,2025-02-22 04:00:00,13622.567861524436,13105.436376980333,10519.311409511209
forecast_1253,2025-02-22 05:00:00,12649.030853786056,11444.061781195664,9049.226496549285
forecast_1254,2025-02-22 06:00:00,10856.598175974494,11345.764864476256,7101.1312184262215
forecast_1255,2025-02-22 07:00:00,10881.144041928754,12232.539989879873,7923.3158603275515
forecast_1256,2025-02-22 08:00:00,8327.931486863097,8556.920592551061,6721.539379394372
forecast_1257,2025-02-22 09:00:00,7263.200807627398,7602.976928164786,6270.025766753865
forecast_1258,2025-02-22 10:00:00,5592.322608450667,6093.8293006500435,4656.34123714676
forecast_1259,2025-02-22 11:00:00,4418.166743087117,4308.1032246904615,3848.0272279678134
forecast_1260,2025-02-22 12:00:00,4351.053304002264,3455.124658832857,3285.1767589376873
forecast_1261,2025-02-22 13:00:00,6131.676263655019,6283.457885805084,5077.240592904747
forecast_1262,2025-02-22 14:00:00,6401.909435210988,6040.762424619009,5152.175121937827
forecast_1263,2025-02-22 15:00:00,6613.203576632713,5892.902669694469,4850.060510874902
forecast_1264,2025-02-22 16:00:00,7274.360026045906,6574.505770462094,5668.501836454342
forecast_1265,2025-02-22 17:00:00,8063.882542301514,7593.938852401199,5893.098313348067
forecast_1266,2025-02-22 18:00:00,10059.915143590166,9667.092889742424,8228.809598855567
forecast_1267,2025-02-22 19:00:00,11178.339050690398,11866.558311007135,10840.790624892574
forecast_1268,2025-02-22 20:00:00,13216.950832043365,13126.047881738914,13390.273348676697
forecast_1269,2025-02-22 21:00:00,13651.764953927845,14448.27714651145,13470.08538573783
forecast_1270,2025-02-22 22:00:00,14913.67523135855,16154.435374257047,15397.273900585182
forecast_1271,2025-02-22 23:00:00,14541.348551036554,15930.314135729213,14729.406863410984
forecast_1272,2025-02-23 00:00:00,13883.084140336154,16133.132550951048,14430.69297704612
forecast_1273,2025-02-23 01:00:00,14013.78432094643,15538.222138380297,13113.842856602596
forecast_1274,2025-02-23 02:00:00,14166.91723827153,16378.200616929782,14386.209928143538
forecast_1275,2025-02-23 03:00:00,14151.030432325395,16308.1261939268,14368.430778522172
forecast_1276,2025-02-23 04:00:00,14628.359686049951,16704.69291177789,14638.584523869944
forecast_1277,2025-02-23 05:00:00,14874.884052039946,16839.91876246171,14487.253215160583
forecast_1278,2025-02-23 06:00:00,14902.51953323119,16630.84271077376,14605.745497683743
forecast_1279,2025-02-23 07:00:00,15534.932939223809,16829.233232756367,14656.998892931098
forecast_1280,2025-02-23 08:00:00,14731.750042790205,15886.724833943515,14429.012237565572
forecast_1281,2025-02-23 09:00:00,13692.823024058222,15563.245822625255,14291.28579177397
forecast_1282,2025-02-23 10:00:00,13573.594312510366,14802.581388042217,13240.501589543106
forecast_1283,2025-02-23 11:00:00,14274.738482850276,13966.091748153356,12067.595879258235
forecast_1284,2025-02-23 12:00:00,14705.262235711665,14090.60234667836,12363.453253731195
forecast_1285,2025-02-23 13:00:00,14521.291158602635,13182.148355669264,11408.002592765286
forecast_1286,2025-02-23 14:00:00,14110.16742975208,12431.855386071218,10895.08804917123
forecast_1287,2025-02-23 15:00:00,13294.753898059887,12222.753782324255,10346.519249661374
forecast_1288,2025-02-23 16:00:00,13161.57629977813,12022.471010797028,9403.988513977569
forecast_1289,2025-02-23 17:00:00,12829.382018761777,11370.135996853447,7756.107438430566
forecast_1290,2025-02-23 18:00:00,12149.031340264075,10649.759638031044,7070.340417485202
forecast_1291,2025-02-23 19:00:00,10379.28524906686,9964.171119724979,7283.151927185249
forecast_1292,2025-02-23 20:00:00,9842.29380465105,9971.444951152333,8457.883651880398
forecast_1293,2025-02-23 21:00:00,10276.823367292256,10714.715039376866,9083.648408266565
forecast_1294,2025-02-23 22:00:00,10806.082423151147,11491.419789288251,9066.496523147505
forecast_1295,2025-02-23 23:00:00,11587.790350738254,13333.149131594379,9445.645349349697
forecast_1296,2025-02-24 00:00:00,12212.734919929995,14324.248052651606,10518.616312777287
forecast_1297,2025-02-24 01:00:00,14491.860207936175,15979.508112561974,12976.868300940238
forecast_1298,2025-02-24 02:00:00,15595.63380306363,17182.15467007226,13707.554708128404
forecast_1299,2025-02-24 03:00:00,16399.844186029426,17487.368265049303,13927.377719755905
forecast_1300,2025-02-24 04:00:00,16259.975728034551,17842.818838181898,14007.297837556922
forecast_1301,2025-02-24 05:00:00,15548.161197939422,16842.375847044696,11638.443119213764
forecast_1302,2025-02-24 06:00:00,15331.454379162778,15455.279279066932,10992.734373217014
forecast_1303,2025-02-24 07:00:00,14606.909821520814,15104.298701523849,11286.284482541832
forecast_1304,2025-02-24 08:00:00,14331.178674056511,14302.693061500855,10963.056649967306
forecast_1305,2025-02-24 09:00:00,13414.94420567176,12943.32430365702,10711.008289929516
forecast_1306,2025-02-24 10:00:00,10691.014887366293,10779.52420348244,10067.439124745686
forecast_1307,2025-02-24 11:00:00,10311.908810748819,11656.756778905663,10290.190929525268
forecast_1308,2025-02-24 12:00:00,7497.958365986407,8278.064365234974,7148.095540686317
forecast_1309,2025-02-24 13:00:00,7004.6419346412695,7334.85437898475,6648.467207261584
forecast_1310,2025-02-24 14:00:00,7546.4739984445,7567.872007357723,6623.731453198393
forecast_1311,2025-02-24 15:00:00,8209.927859047315,8118.4420932922,7406.225441195623
forecast_1312,2025-02-24 16:00:00,10006.992890260133,10652.152844861037,8826.969504964396
forecast_1313,2025-02-24 17:00:00,10705.064324486486,11795.622471696768,9121.62391458145
forecast_1314,2025-02-24 18:00:00,12100.893904217095,13839.879805477574,11505.415844547077
forecast_1315,2025-02-24 19:00:00,14669.082044604667,15507.526434175448,12399.029642200916
forecast_1316,2025-02-24 20:00:00,15699.090515608741,16279.02265073432,14935.008891114368
forecast_1317,2025-02-24 21:00:00,16412.731291526936,16553.94678207221,15591.437950906264
forecast_1318,2025-02-24 22:00:00,18106.682535320226,18281.371911982897,16545.443151881478
forecast_1319,2025-02-24 23:00:00,18123.412098902736,18543.33795644393,16831.517598554394
forecast_1320,2025-02-25 00:00:00,18926.919474830833,18942.80138249284,17060.823911918877
forecast_1321,2025-02-25 01:00:00,18673.678499474718,19174.782176349938,17095.07690352557
forecast_1322,2025-02-25 02:00:00,18804.231240437617,19288.91744666365,17211.985873650578
forecast_1323,2025-02-25 03:00:00,18739.540065974747,19395.44950831853,17482.29642700662
forecast_1324,2025-02-25 04:00:00,18228.443129936088,19260.771956993416,16849.40311073904
forecast_1325,2025-02-25 05:00:00,18243.083166547556,19359.86045388893,16711.340988853608
forecast_1326,2025-02-25 06:00:00,18149.08817703406,19514.4524153755,16538.86969736926
forecast_1327,2025-02-25 07:00:00,18477.74497453191,19438.214555136004,16634.106970475565
forecast_1328,2025-02-25 08:00:00,18110.030493242775,19279.515886872257,15977.408323954114
forecast_1329,2025-02-25 09:00:00,17028.94755946618,18775.827111874507,15221.600164473435
forecast_1330,2025-02-25 10:00:00,15508.371695808022,17374.883498562125,14789.168154249057
forecast_1331,2025-02-25 11:00:00,16097.228375116403,16864.859664210013,14672.492142413112
forecast_1332,2025-02-25 12:00:00,15718.307378842932,16287.309104867398,14234.702275120066
forecast_1333,2025-02-25 13:00:00,15025.222573207164,15341.2275167402,13007.915250115895
forecast_1334,2025-02-25 14:00:00,14968.643983919996,14885.36230591331,13666.863092689504
forecast_1335,2025-02-25 15:00:00,15114.639371148223,14940.778858560792,13660.82642191948
forecast_1336,2025-02-25 16:00:00,16056.013444127891,15551.900474856942,14671.121646971935
forecast_1337,2025-02-25 17:00:00,17952.00218256629,18175.84790435476,16357.40712278913
forecast_1338,2025-02-25 18:00:00,18579.141701624307,18697.577517533507,17322.380015071834
forecast_1339,2025-02-25 19:00:00,18761.99651152516,19026.548791325622,17959.6429092296
forecast_1340,2025-02-25 20:00:00,18543.885430732633,19111.272606029517,18078.612083437158
forecast_1341,2025-02-25 21:00:00,18442.772711314738,19112.930992791975,18056.290753659574
forecast_1342,2025-02-25 22:00:00,18492.310207660536,19246.444299841023,18209.970415919353
forecast_1343,2025-02-25 23:00:00,18505.698313796194,19109.907323770178,18106.568047193574
forecast_1344,2025-02-26 00:00:00,18783.537206507182,18962.346625063754,17743.54636680605
forecast_1345,2025-02-26 01:00:00,18664.20508950126,18883.53159506674,17492.999222228904
forecast_1346,2025-02-26 02:00:00,18541.893499851856,18813.186476838,16889.721458072443
forecast_1347,2025-02-26 03:00:00,18131.53347130907,18641.269091233855,15125.151956396361
forecast_1348,2025-02-26 04:00:00,17888.704866078544,18493.255794818546,14849.585533124706
forecast_1349,2025-02-26 05:00:00,17309.455395975496,18620.876507195007,15450.583447862806
forecast_1350,2025-02-26 06:00:00,17184.618955409118,18359.82206398665,15112.379964280732
forecast_1351,2025-02-26 07:00:00,16647.614587840053,17688.585584447846,15264.983205362985
forecast_1352,2025-02-26 08:00:00,15461.834671840645,17066.884924384063,14149.728968043637
forecast_1353,2025-02-26 09:00:00,13871.858742504568,15466.585941840416,12314.77715802763
forecast_1354,2025-02-26 10:00:00,12798.927946756172,13962.575266572336,11036.301878653061
forecast_1355,2025-02-26 11:00:00,11909.355972944755,13161.870543058749,10931.866492213898
forecast_1356,2025-02-26 12:00:00,12585.673690117927,13362.215142716199,10719.425970158769
forecast_1357,2025-02-26 13:00:00,12934.25362853245,13403.89131855759,10358.0221660291
forecast_1358,2025-02-26 14:00:00,13160.05479945827,13283.994545491454,10408.885852269457
forecast_1359,2025-02-26 15:00:00,13018.730317401214,13468.127112460574,10540.088157462786
forecast_1360,2025-02-26 16:00:00,13195.669923531377,13766.449806823897,11277.621315721331
forecast_1361,2025-02-26 17:00:00,14529.605145137932,14468.522198601253,11781.249531511981
forecast_1362,2025-02-26 18:00:00,14744.057420366351,15687.291729298238,12564.700520749775
forecast_1363,2025-02-26 19:00:00,15391.909766954195,16650.0833596686,14252.987867390942
forecast_1364,2025-02-26 20:00:00,15942.821984723445,17718.092556987252,14803.301106495624
forecast_1365,2025-02-26 21:00:00,17279.130989936155,18711.458325269698,15824.823540404574
forecast_1366,2025-02-26 22:00:00,17554.18909495262,18550.78469341699,15701.903312575134
forecast_1367,2025-02-26 23:00:00,15996.467704104654,17415.783146767524,14829.436279436817
forecast_1368,2025-02-27 00:00:00,16631.6648619483,18115.77883530593,15621.854373030543
forecast_1369,2025-02-27 01:00:00,16984.200437921198,18629.087367584656,15265.20075897614
forecast_1370,2025-02-27 02:00:00,17822.6841538196,18948.08822503603,15524.334229832879
forecast_1371,2025-02-27 03:00:00,18636.56090439158,19205.459227194766,15605.194040933573
forecast_1372,2025-02-27 04:00:00,18820.880698896024,18965.46963631031,15944.14921900544
forecast_1373,2025-02-27 05:00:00,18796.970377144902,18609.384073038524,16669.828353655164
forecast_1374,2025-02-27 06:00:00,18892.221759851596,18835.724544480654,17054.493399757932
forecast_1375,2025-02-27 07:00:00,18818.971956320347,18631.79231217267,17134.479994581547
forecast_1376,2025-02-27 08:00:00,16974.040569529217,17114.489573709525,15276.488501082114
forecast_1377,2025-02-27 09:00:00,15612.726295216422,15997.11169272314,12796.524274373003
forecast_1378,2025-02-27 10:00:00,12777.011657460196,14523.03175347389,11856.514605703107
forecast_1379,2025-02-27 11:00:00,11973.503981013504,13023.844205600566,11412.269842944364
forecast_1380,2025-02-27 12:00:00,12131.25145958807,12647.300741783925,10805.507031585881
forecast_1381,2025-02-27 13:00:00,10686.855464810924,11595.259031816353,10100.465987916243
forecast_1382,2025-02-27 14:00:00,7873.384044921437,7563.03354407797,6847.6764888671805
forecast_1383,2025-02-27 15:00:00,7663.360058041848,6855.405624560891,6706.66512960452
forecast_1384,2025-02-27 16:00:00,8411.465322871934,7224.104859155519,8084.8083027918
forecast_1385,2025-02-27 17:00:00,8462.698895759419,8746.167475425136,6343.582033854809
forecast_1386,2025-02-27 18:00:00,7898.168769624419,8626.543473111402,6130.890560148331
forecast_1387,2025-02-27 19:00:00,9726.60919511173,10644.419951010368,7690.895137092387
forecast_1388,2025-02-27 20:00:00,10360.402619541255,11519.37978461719,8683.104260845597
forecast_1389,2025-02-27 21:00:00,11680.228744885844,14660.69447711654,11440.01090622089
forecast_1390,2025-02-27 22:00:00,11181.433853076147,14317.536525847587,9948.212457649914
forecast_1391,2025-02-27 23:00:00,11878.038021011545,14388.88583260852,10159.424695563597
forecast_1392,2025-02-28 00:00:00,12714.46430202939,14883.936913776672,10497.452333077572
forecast_1393,2025-02-28 01:00:00,13607.26739512743,15650.588489865491,12365.04512370368
forecast_1394,2025-02-28 02:00:00,14081.278090232741,15069.703999545327,12767.982074361791
forecast_1395,2025-02-28 03:00:00,15072.845807006768,14897.151494030395,13382.938203286674
forecast_1396,2025-02-28 04:00:00,15233.456342457022,15357.127730363336,13784.249881924135
forecast_1397,2025-02-28 05:00:00,15883.922466453716,16022.04787100273,14748.220667012969
forecast_1398,2025-02-28 06:00:00,16331.83189755893,16311.885610643094,14700.111275320436
forecast_1399,2025-02-28 07:00:00,17096.59974524086,16595.931128593245,15103.124714036034
forecast_1400,2025-02-28 08:00:00,17036.60953069111,16760.19877438102,15009.496160405108
forecast_1401,2025-02-28 09:00:00,16540.17646655393,17149.835980925152,14673.620028689764
forecast_1402,2025-02-28 10:00:00,14495.316887384395,15459.442525339979,13118.72185191985
forecast_1403,2025-02-28 11:00:00,13296.508350828142,14779.93151815878,12624.036459425317
forecast_1404,2025-02-28 12:00:00,11673.04523106336,12367.496801149347,11001.844015923787
forecast_1405,2025-02-28 13:00:00,9697.180196400599,10734.561099173992,9426.775653614486
forecast_1406,2025-02-28 14:00:00,10536.148053494555,11569.634640572049,10861.259221735612
forecast_1407,2025-02-28 15:00:00,11027.172866383698,12079.920321824242,11119.997404634598
forecast_1408,2025-02-28 16:00:00,11910.628086876106,12902.463229642479,10786.909723790375
forecast_1409,2025-02-28 17:00:00,12211.31967337891,13215.829024950763,10949.49928472271
forecast_1410,2025-02-28 18:00:00,13560.846018891925,12756.193369776644,12554.185784972175
forecast_1411,2025-02-28 19:00:00,14576.26724289611,14004.969824876114,13624.858631773435
forecast_1412,2025-02-28 20:00:00,13067.300019725903,13220.624893665443,10051.64859787744
forecast_1413,2025-02-28 21:00:00,12464.534164579783,10834.395970365575,8996.706102496877
forecast_1414,2025-02-28 22:00:00,12089.163892145389,10756.343684656696,8705.86909404293
forecast_1415,2025-02-28 23:00:00,11326.02801986366,10071.611423353752,8420.816158984444
forecast_1416,2025-03-01 00:00:00,8095.473177456915,6110.062482967028,4793.062878420449
forecast_1417,2025-03-01 01:00:00,12081.9253090377,10387.011322805174,7947.666849914918
forecast_1418,2025-03-01 02:00:00,6524.772273585641,5459.862500325942,3744.7833378737205
forecast_1419,2025-03-01 03:00:00,5110.122579847996,3707.4627929825674,3359.5525298888356
forecast_1420,2025-03-01 04:00:00,3731.1028855675218,3067.9517472652883,2189.9954973051745
forecast_1421,2025-03-01 05:00:00,2709.780025281835,1922.979338934055,1496.4708546904967
forecast_1422,2025-03-01 06:00:00,2555.669293580883,2018.3814883612117,1350.1069912104856
forecast_1423,2025-03-01 07:00:00,2676.151229766726,3122.661618281222,1510.5072209484597
forecast_1424,2025-03-01 08:00:00,1758.603850940895,2121.240059836241,1094.7271022120892
forecast_1425,2025-03-01 09:00:00,1152.4661992619854,1515.8845878448806,777.4407802144256
forecast_1426,2025-03-01 10:00:00,1280.3708097859685,1433.7746932691662,681.3145692424076
forecast_1427,2025-03-01 11:00:00,1472.9188822165556,1607.9113915841142,811.4381773411797
forecast_1428,2025-03-01 12:00:00,2189.4711411552003,2475.045639020901,1547.0947930437085
forecast_1429,2025-03-01 13:00:00,3306.6442844489216,3906.9655787442043,1996.5618021524158
forecast_1430,2025-03-01 14:00:00,3866.747675901796,4681.0088851663995,2664.936318100486
forecast_1431,2025-03-01 15:00:00,3813.7103384390352,3981.89546040295,3086.0426920796112
forecast_1432,2025-03-01 16:00:00,3353.5168750204657,3374.525654560561,2665.242257669803
forecast_1433,2025-03-01 17:00:00,3281.134813198595,3637.5270132549103,2268.107309472084
forecast_1434,2025-03-01 18:00:00,2656.0065161250373,3799.200130718823,2293.613745320655
forecast_1435,2025-03-01 19:00:00,3481.326106983506,4699.024609342107,2801.428234854648
forecast_1436,2025-03-01 20:00:00,2810.958963230151,3317.038165300031,1690.1431458285304
forecast_1437,2025-03-01 21:00:00,1694.8679760110933,2125.8238815208997,802.388707366115
forecast_1438,2025-03-01 22:00:00,1919.2347060826617,1855.0404371074615,687.4478222933336
forecast_1439,2025-03-01 23:00:00,1555.639083531131,1898.0814401423997,721.9500022264407
forecast_1440,2025-03-02 00:00:00,1415.7496790476378,1492.3421524462033,603.9851543151283
forecast_1441,2025-03-02 01:00:00,3804.601902618413,4107.927942324898,2532.009463106969
forecast_1442,2025-03-02 02:00:00,4623.099147553381,4422.886801627867,2652.446799801608
forecast_1443,2025-03-02 03:00:00,4001.189453785712,4136.043900806186,2491.422786164203
forecast_1444,2025-03-02 04:00:00,4614.307235932628,4114.521299820499,2286.2885525877637
forecast_1445,2025-03-02 05:00:00,3496.334215818847,3442.7126847473132,1725.1413844593196
forecast_1446,2025-03-02 06:00:00,1470.974421465901,1256.728480016365,626.6878274590947
forecast_1447,2025-03-02 07:00:00,729.9342679378242,709.8213326438195,506.78792166099964
forecast_1448,2025-03-02 08:00:00,743.1640492461,726.7749268487444,369.46121106620313
forecast_1449,2025-03-02 09:00:00,1439.6932248275243,1463.3765378314488,705.418387050907
forecast_1450,2025-03-02 10:00:00,1579.468616353404,1864.6222311254562,1858.6440455830957
forecast_1451,2025-03-02 11:00:00,1940.1493578994912,2787.427225806273,2633.695888257416
forecast_1452,2025-03-02 12:00:00,2465.213958350971,3476.487218245361,3288.0052296291565
forecast_1453,2025-03-02 13:00:00,3105.4040449914187,3806.786455564165,3719.6624216886235
forecast_1454,2025-03-02 14:00:00,2943.3873209511517,3837.0446651852876,3072.2428399664223
forecast_1455,2025-03-02 15:00:00,3698.0492218906365,4622.066816220579,4226.510778779597
forecast_1456,2025-03-02 16:00:00,3889.280737972069,5020.723243979844,5783.998847830411
forecast_1457,2025-03-02 17:00:00,4322.825229365934,5023.230025968445,4962.9940484250965
forecast_1458,2025-03-02 18:00:00,5637.350414269602,5633.178202814168,6582.918890880828
forecast_1459,2025-03-02 19:00:00,8665.058905677673,9098.789055505958,8952.98661019273
forecast_1460,2025-03-02 20:00:00,7096.791565301213,7693.543858058359,7089.872984020808
forecast_1461,2025-03-02 21:00:00,6308.191834843652,7509.287673448522,5866.035217417145
forecast_1462,2025-03-02 22:00:00,8214.779827571574,9557.940321390002,6814.44775664704
forecast_1463,2025-03-02 23:00:00,7128.019794550794,8746.115247520967,6225.222975880628
forecast_1464,2025-03-03 00:00:00,5941.181019938775,7000.543609390196,6235.138531208018
forecast_1465,2025-03-03 01:00:00,13864.774472363153,16610.86043622151,12309.92821591405
forecast_1466,2025-03-03 02:00:00,13554.47411484945,16563.846376461413,12545.3786635492
forecast_1467,2025-03-03 03:00:00,11862.254875637827,14413.97300209125,11057.781190032356
forecast_1468,2025-03-03 04:00:00,11616.297835502295,14130.964186990386,10965.993116274063
forecast_1469,2025-03-03 05:00:00,12996.0355949308,15454.085511575771,12216.191843792543
forecast_1470,2025-03-03 06:00:00,13800.309628979752,17066.311773704132,12596.495216301464
forecast_1471,2025-03-03 07:00:00,14022.818702925575,17194.724418087197,12334.693671399957
forecast_1472,2025-03-03 08:00:00,14152.425439911656,17301.092624173714,12734.903058567392
forecast_1473,2025-03-03 09:00:00,14298.271911291102,17249.440446542405,12772.91086617974
forecast_1474,2025-03-03 10:00:00,14024.350159630027,16753.92841957702,12644.98206331562
forecast_1475,2025-03-03 11:00:00,13510.535736431822,16265.516328418073,12567.8029578119
forecast_1476,2025-03-03 12:00:00,13196.436272667836,16057.36438727772,12890.31036632787
forecast_1477,2025-03-03 13:00:00,13136.40451358907,15420.21477405516,12719.273649182487
forecast_1478,2025-03-03 14:00:00,13174.05787929797,15714.478773868379,12892.996194208661
forecast_1479,2025-03-03 15:00:00,12756.881472351546,15670.590086111968,12770.543965827746
forecast_1480,2025-03-03 16:00:00,12669.381219647914,15535.551364409379,12570.637365182143
forecast_1481,2025-03-03 17:00:00,12641.462576125947,15145.589908992699,12310.798033422068
forecast_1482,2025-03-03 18:00:00,11613.343872930773,13796.231753025071,10802.68016518453
forecast_1483,2025-03-03 19:00:00,8673.29822203721,11203.564717908721,7699.50985331702
forecast_1484,2025-03-03 20:00:00,7341.465760942037,8723.27234731818,5720.471240425112
forecast_1485,2025-03-03 21:00:00,7735.756629355929,10091.357168194832,6463.201074325724
forecast_1486,2025-03-03 22:00:00,9981.177922615992,12514.975802320476,8094.9648022239035
forecast_1487,2025-03-03 23:00:00,10127.041908702544,12817.395439040873,8188.848583901685
forecast_1488,2025-03-04 00:00:00,10904.664772255193,13779.55367570162,8751.31016374094
forecast_1489,2025-03-04 01:00:00,13017.364775196553,16775.11176910652,11259.105935751384
forecast_1490,2025-03-04 02:00:00,12964.81117259473,16285.56513737458,11271.983065973616
forecast_1491,2025-03-04 03:00:00,13194.08962899043,16334.42331427617,11070.613646285337
forecast_1492,2025-03-04 04:00:00,13079.443668637525,16359.892235525986,11029.147644544628
forecast_1493,2025-03-04 05:00:00,12922.03663495163,16079.512265053025,11048.860294481005
forecast_1494,2025-03-04 06:00:00,13162.181098020283,16641.03678336302,11266.845654745575
forecast_1495,2025-03-04 07:00:00,13185.084323477433,16705.67304770091,11173.31721320068
forecast_1496,2025-03-04 08:00:00,13073.396008175645,16715.547800986365,11125.187567804274
forecast_1497,2025-03-04 09:00:00,13241.787899644854,16481.442724714958,11325.722816023537
forecast_1498,2025-03-04 10:00:00,13019.544619048831,15778.864546133469,11356.17626859806
forecast_1499,2025-03-04 11:00:00,13097.50583397269,15771.020445717008,11403.515639392881
forecast_1500,2025-03-04 12:00:00,12931.041408539551,15384.390972632335,11365.801032656995
forecast_1501,2025-03-04 13:00:00,13028.201838095243,16698.116588860146,11206.923409920684
forecast_1502,2025-03-04 14:00:00,13172.442476825141,16912.562942502824,11265.96584290766
forecast_1503,2025-03-04 15:00:00,13515.672510166203,16730.534224785977,11569.602162437146
forecast_1504,2025-03-04 16:00:00,13143.667749326361,16734.3176153022,11708.635960310323
forecast_1505,2025-03-04 17:00:00,13093.594824220258,16545.61211489744,12286.384157588895
forecast_1506,2025-03-04 18:00:00,13087.63736585864,16272.183707697011,11995.393099721334
forecast_1507,2025-03-04 19:00:00,12886.089092178176,15691.375208783467,12510.305379262873
forecast_1508,2025-03-04 20:00:00,12966.036399215995,15464.404091167566,12465.589648327355
forecast_1509,2025-03-04 21:00:00,12901.355406784562,15899.470152070355,11764.704879662255
forecast_1510,2025-03-04 22:00:00,12261.75593876777,15609.965805701577,11830.739584675937
forecast_1511,2025-03-04 23:00:00,12178.79465445345,15409.496135582413,11459.501569198083
forecast_1512,2025-03-05 00:00:00,5947.512422175579,8677.324188676366,6296.496175963691
forecast_1513,2025-03-05 01:00:00,1341.0096255091657,1955.2981687747445,2870.786471032763
forecast_1514,2025-03-05 02:00:00,1335.9501392037828,2047.2655623694698,2912.918656114547
forecast_1515,2025-03-05 03:00:00,1662.882277793586,1902.4805408843854,3168.6126188535104
forecast_1516,2025-03-05 04:00:00,2095.1900196168676,2127.3487473932723,2632.0681852814146
forecast_1517,2025-03-05 05:00:00,1710.7348771363993,1874.920011576066,1995.663341270248
forecast_1518,2025-03-05 06:00:00,1804.9361793914322,2283.1054759494523,1818.183095775322
forecast_1519,2025-03-05 07:00:00,1749.7971369339634,1887.5301348768169,1789.4406802928725
forecast_1520,2025-03-05 08:00:00,1788.1441714782582,1611.8457256573272,1812.3032229983428
forecast_1521,2025-03-05 09:00:00,1633.9350853202104,1645.2681406980023,1317.8405572324223
forecast_1522,2025-03-05 10:00:00,1019.1373080807203,1120.4393835340773,1206.7431840314623
forecast_1523,2025-03-05 11:00:00,792.1513477392915,1058.4382274484608,973.3178227796537
forecast_1524,2025-03-05 12:00:00,599.1158517900899,915.1402633990361,694.9930290616484
forecast_1525,2025-03-05 13:00:00,550.5341998489142,780.5927064426558,630.5927852663677
forecast_1526,2025-03-05 14:00:00,353.6523550618718,596.9689918416312,426.8529236976574
forecast_1527,2025-03-05 15:00:00,426.66462461325204,638.9422921648159,541.2751330158569
forecast_1528,2025-03-05 16:00:00,386.4081318973628,585.1469419399532,507.75486852882153
forecast_1529,2025-03-05 17:00:00,443.5521511753318,563.1076887464119,446.1168954117289
forecast_1530,2025-03-05 18:00:00,570.0266598177253,520.3332511974294,407.9566447626508
forecast_1531,2025-03-05 19:00:00,792.6977535525435,941.0102197310053,604.0003959757129
forecast_1532,2025-03-05 20:00:00,941.6635895233366,1209.9299621586565,760.7375269527735
forecast_1533,2025-03-05 21:00:00,1327.0555738552637,1385.4621354148449,825.6965255093195
forecast_1534,2025-03-05 22:00:00,1419.5113898447082,1252.3592182626924,907.8077494999719
forecast_1535,2025-03-05 23:00:00,1324.3202248622304,1289.7761459432056,859.4407510654851
forecast_1536,2025-03-06 00:00:00,1425.9634366628482,1565.0884133807094,906.8917814481578
forecast_1537,2025-03-06 01:00:00,992.1484812820296,1233.9527914059433,876.7775219276097
forecast_1538,2025-03-06 02:00:00,1119.8616971072145,1265.4383518798952,745.8625333604891
forecast_1539,2025-03-06 03:00:00,1170.056011338751,1217.7027683903596,751.8553255700346
forecast_1540,2025-03-06 04:00:00,1158.459304072096,1261.017349370653,688.3806221432387
forecast_1541,2025-03-06 05:00:00,1178.0400848326406,1227.909190866486,822.457827862506
forecast_1542,2025-03-06 06:00:00,936.8593659449762,1131.881284370016,608.8134408942353
forecast_1543,2025-03-06 07:00:00,906.0606654062897,1090.688370118255,479.6269680109668
forecast_1544,2025-03-06 08:00:00,592.5153325584974,632.8043032075175,238.23253333443935
forecast_1545,2025-03-06 09:00:00,393.2363358300715,414.7611126165773,146.50856653419555
forecast_1546,2025-03-06 10:00:00,179.42878777049907,208.60795569355923,141.6443727595117
forecast_1547,2025-03-06 11:00:00,139.28526531936578,184.31533356987282,149.36846435806157
forecast_1548,2025-03-06 12:00:00,181.2054852495601,199.85086383420915,189.08562737921355
forecast_1549,2025-03-06 13:00:00,201.9115890556686,259.1102745264003,251.35226921320856
forecast_1550,2025-03-06 14:00:00,214.723588773938,259.87588222370493,263.51996210078306
forecast_1551,2025-03-06 15:00:00,237.7821762505705,307.84654571877974,262.6324465855253
forecast_1552,2025-03-06 16:00:00,375.38510068267186,450.9104265600245,352.7341149552617
forecast_1553,2025-03-06 17:00:00,397.03942402126364,440.2303224718546,345.8514700028162
forecast_1554,2025-03-06 18:00:00,430.77445892554397,438.17789356136825,394.3554366851736
forecast_1555,2025-03-06 19:00:00,499.62470317249534,626.7423074706076,390.8325502750502
forecast_1556,2025-03-06 20:00:00,813.0163176553258,702.9579276438034,344.09196691133656
forecast_1557,2025-03-06 21:00:00,949.4881684582277,764.0645332895912,391.758597187352
forecast_1558,2025-03-06 22:00:00,986.866153578432,1183.8836625553927,488.61893280939336
forecast_1559,2025-03-06 23:00:00,1555.1103804820484,1259.1771509929085,752.8965756764628
forecast_1560,2025-03-07 00:00:00,1343.5625207512448,1055.6683056107981,609.4884522193041
forecast_1561,2025-03-07 01:00:00,1006.3147414678912,1075.3042938333158,503.5917623119909
forecast_1562,2025-03-07 02:00:00,1040.5371630585619,1147.130313735889,538.5101856789108
forecast_1563,2025-03-07 03:00:00,395.44766180498044,435.80965550281525,272.01722088837516
forecast_1564,2025-03-07 04:00:00,601.3025101563161,520.8957275319262,364.0320529893813
forecast_1565,2025-03-07 05:00:00,821.5294733667187,801.2262369572508,375.7110309898431
forecast_1566,2025-03-07 06:00:00,544.733647566494,448.6199307311424,217.4089311243594
forecast_1567,2025-03-07 07:00:00,528.0455397099603,364.0621044366639,219.43746042985018
forecast_1568,2025-03-07 08:00:00,440.80970688419086,428.78340122870003,184.97004730043744
forecast_1569,2025-03-07 09:00:00,488.85488286548537,467.9818532687317,212.8452729211163
forecast_1570,2025-03-07 10:00:00,203.34309582695596,249.79856366276698,126.50176314758687
forecast_1571,2025-03-07 11:00:00,115.13850025021368,136.01109390067694,116.57329548343762
forecast_1572,2025-03-07 12:00:00,122.66750928843364,131.34635689039382,143.3329907704251
forecast_1573,2025-03-07 13:00:00,164.50793221147325,171.43547728722154,154.16942235665402
forecast_1574,2025-03-07 14:00:00,185.1685596558061,205.5801423198065,189.1802243648286
forecast_1575,2025-03-07 15:00:00,226.4203541042219,257.94259371702304,292.4675906463034
forecast_1576,2025-03-07 16:00:00,351.2356314384025,303.96321562866956,352.511763824342
forecast_1577,2025-03-07 17:00:00,446.2757732167453,457.1677650886785,362.6671016862327
forecast_1578,2025-03-07 18:00:00,615.7738738843261,680.7916438342179,409.1155049608901
forecast_1579,2025-03-07 19:00:00,871.1229292114817,1282.3528535737962,532.1263773724229
forecast_1580,2025-03-07 20:00:00,1080.0116350625428,1048.324697715079,425.0316745067304
forecast_1581,2025-03-07 21:00:00,1185.86569898852,1190.0221901469454,466.564988928448
forecast_1582,2025-03-07 22:00:00,1898.5387278741578,1881.775346210662,731.5539232585251
forecast_1583,2025-03-07 23:00:00,2335.7536081771937,1972.1794870826784,1001.3661349492129
forecast_1584,2025-03-08 00:00:00,2434.9451252032386,2508.708611295187,1314.549288844649
forecast_1585,2025-03-08 01:00:00,1474.0810566497073,1891.828679478169,953.8136630105269
forecast_1586,2025-03-08 02:00:00,2014.7301509714428,2452.2420428022297,1236.2843691232167
forecast_1587,2025-03-08 03:00:00,2670.556502377094,3127.0465486412186,2068.0577445619497
forecast_1588,2025-03-08 04:00:00,3867.4028113704885,4484.767957512817,2623.7164741644415
forecast_1589,2025-03-08 05:00:00,3893.142988182956,4471.771137367077,2751.7473509612378
forecast_1590,2025-03-08 06:00:00,3818.3333136887504,5049.875563785154,2816.8961921065265
forecast_1591,2025-03-08 07:00:00,4231.464275754424,4997.147921082733,2804.408930140376
forecast_1592,2025-03-08 08:00:00,4291.306865792202,5161.824142906861,2981.185507991807
forecast_1593,2025-03-08 09:00:00,5210.323402408209,5134.431111466409,3170.0697774075493
forecast_1594,2025-03-08 10:00:00,6175.048043017425,5923.652579663068,4806.639110843178
forecast_1595,2025-03-08 11:00:00,6617.800742897966,6354.17841689231,5330.988290707259
forecast_1596,2025-03-08 12:00:00,5932.398391439732,6133.040137118218,4851.536818361821
forecast_1597,2025-03-08 13:00:00,4844.234293996816,5137.036791891492,3952.4813551996535
forecast_1598,2025-03-08 14:00:00,6287.242246518426,5625.778652337436,5876.368256657873
forecast_1599,2025-03-08 15:00:00,7052.417128763053,7116.411073109573,7240.735561180808
forecast_1600,2025-03-08 16:00:00,7360.726057716066,7265.223877837792,6924.1123165083045
forecast_1601,2025-03-08 17:00:00,8132.817696226927,8858.16151254982,7867.7109126070145
forecast_1602,2025-03-08 18:00:00,10810.00379038935,10117.496444026448,9828.469145425048
forecast_1603,2025-03-08 19:00:00,11493.693270034644,10687.952435156429,10854.338127837911
forecast_1604,2025-03-08 20:00:00,10709.776960412337,11059.783614496706,9440.163341420855
forecast_1605,2025-03-08 21:00:00,9266.68574390014,9517.536420102688,7906.601159513324
forecast_1606,2025-03-08 22:00:00,9334.55112804783,10742.391772434537,8576.365655013466
forecast_1607,2025-03-08 23:00:00,9657.240902666914,9789.999319423785,8166.155771071606
forecast_1608,2025-03-09 00:00:00,10176.11841159719,9952.831339846807,8090.821599140587
forecast_1609,2025-03-09 01:00:00,6837.451464913737,6221.827022042194,4714.232171499802
forecast_1610,2025-03-09 02:00:00,6513.326517641268,5769.658358602569,4790.374929805403
forecast_1611,2025-03-09 03:00:00,6856.392871076887,5809.500616069381,5094.728630128922
forecast_1612,2025-03-09 04:00:00,6098.869712540577,4974.967255687798,4386.420336266746
forecast_1613,2025-03-09 05:00:00,4345.59178334541,3374.5181026496352,3237.368952029283
forecast_1614,2025-03-09 06:00:00,4749.455461577402,3660.9713057304693,3288.7529150969463
forecast_1615,2025-03-09 07:00:00,5231.132615857609,3633.5259428652107,4110.052815966146
forecast_1616,2025-03-09 08:00:00,3018.188083651376,1868.6091052472582,1506.9665035862397
forecast_1617,2025-03-09 09:00:00,764.7806556691396,560.3824289997874,362.83321916668046
forecast_1618,2025-03-09 10:00:00,216.72945823230387,213.9221357529248,144.1993046110142
forecast_1619,2025-03-09 11:00:00,215.1774511359666,175.7835516211845,145.2888034411408
forecast_1620,2025-03-09 12:00:00,132.92338713741256,126.30591418392314,123.8824034029486
forecast_1621,2025-03-09 13:00:00,110.66898831713388,127.10159619312918,120.57307503224871
forecast_1622,2025-03-09 14:00:00,152.27532556048942,175.94357274145463,153.27865974452567
forecast_1623,2025-03-09 15:00:00,227.349526430879,216.62773104625387,163.0224782530246
forecast_1624,2025-03-09 16:00:00,194.38843683292814,187.7476089933142,131.95927885568344
forecast_1625,2025-03-09 17:00:00,230.9148029894301,215.32242177885712,147.5310890715939
forecast_1626,2025-03-09 18:00:00,283.3209775276753,275.3658766809315,148.143889116037
forecast_1627,2025-03-09 19:00:00,567.1957101651742,567.7677113697994,264.5396012453558
forecast_1628,2025-03-09 20:00:00,633.6408391535489,570.1432683079836,273.23677508149797
forecast_1629,2025-03-09 21:00:00,666.1233168850961,656.633285248255,326.09789877067686
forecast_1630,2025-03-09 22:00:00,1102.5163918821186,1220.7585364476704,622.8975942991849
forecast_1631,2025-03-09 23:00:00,1617.377182351764,1658.8022293728152,1113.3391160622157
forecast_1632,2025-03-10 00:00:00,3000.297199643078,3351.6582420471213,2404.5831640653023
forecast_1633,2025-03-10 01:00:00,3759.5003314719006,4494.74728335401,2906.9364262230024
forecast_1634,2025-03-10 02:00:00,5388.645429661505,5830.4242150429955,4416.777469732237
forecast_1635,2025-03-10 03:00:00,5730.226481171895,6221.700071128993,4264.120787367745
forecast_1636,2025-03-10 04:00:00,5321.836407140747,6095.922817544566,3831.401502824364
forecast_1637,2025-03-10 05:00:00,5001.72209546974,5881.07796749138,3528.295623963093
forecast_1638,2025-03-10 06:00:00,5590.77838398717,6135.937425634929,3816.0518948233257
forecast_1639,2025-03-10 07:00:00,6078.806964138103,6512.974706468986,4302.603768133795
forecast_1640,2025-03-10 08:00:00,5608.040814919703,6023.009526369412,3390.220909431248
forecast_1641,2025-03-10 09:00:00,4012.935290780355,4801.202022019441,2131.612670380995
forecast_1642,2025-03-10 10:00:00,3252.4181592688115,3873.349354676216,2004.4401528158228
forecast_1643,2025-03-10 11:00:00,2354.260340314003,2954.401908162974,1748.9247775408398
forecast_1644,2025-03-10 12:00:00,1867.081179928473,2438.8257679597928,1783.8102552371731
forecast_1645,2025-03-10 13:00:00,2457.8846520372517,2908.202087064674,2588.7193827868696
forecast_1646,2025-03-10 14:00:00,3826.054871181812,4084.6130123069656,3412.1937832326857
forecast_1647,2025-03-10 15:00:00,5086.568127152698,4988.441170351652,3951.4682456242467
forecast_1648,2025-03-10 16:00:00,6105.837229212068,5966.676268922881,4176.523050141019
forecast_1649,2025-03-10 17:00:00,6305.924952960402,6389.712406188032,4242.809051488768
forecast_1650,2025-03-10 18:00:00,6926.411727743017,8162.145605297216,4839.498023090634
forecast_1651,2025-03-10 19:00:00,7204.2918174700735,7751.2806817248975,5022.304960508362
forecast_1652,2025-03-10 20:00:00,8346.605639697162,9473.641093208797,6213.32705912973
forecast_1653,2025-03-10 21:00:00,10034.029944303264,11301.97801987524,8221.661354197193
forecast_1654,2025-03-10 22:00:00,12667.718854202996,14418.746766968075,10799.742768909991
forecast_1655,2025-03-10 23:00:00,12806.769432941719,14203.289940577206,12217.075249894613
forecast_1656,2025-03-11 00:00:00,15460.920720638487,16288.883048013526,14687.134564202837
forecast_1657,2025-03-11 01:00:00,16158.576419504983,16149.259473346083,13511.588883825401
forecast_1658,2025-03-11 02:00:00,15615.531590161056,16524.804247791555,13392.006414416961
forecast_1659,2025-03-11 03:00:00,16088.46477533329,16542.955801386353,13538.10319956114
forecast_1660,2025-03-11 04:00:00,17383.41245281583,17763.2879708324,14101.698174901996
forecast_1661,2025-03-11 05:00:00,17858.531658839984,17448.40817157832,13971.615766724693
forecast_1662,2025-03-11 06:00:00,16994.236700041423,16199.539038933804,12078.681638782047
forecast_1663,2025-03-11 07:00:00,14026.354010194518,13428.646017260253,9707.099223410922
forecast_1664,2025-03-11 08:00:00,8250.24124785613,6934.206156899403,5508.133579410369
forecast_1665,2025-03-11 09:00:00,4180.071089568261,2907.2808296274325,2408.9399212695953
forecast_1666,2025-03-11 10:00:00,2735.5987510142913,1606.9990117922496,1357.8331202300521
forecast_1667,2025-03-11 11:00:00,1592.4128999705126,1395.5046489765305,1248.5333296215426
forecast_1668,2025-03-11 12:00:00,1126.738875799699,1305.4149805192442,1181.4430083307172
forecast_1669,2025-03-11 13:00:00,820.1552979413439,869.0765392741496,940.0356039871722
forecast_1670,2025-03-11 14:00:00,792.1418693706255,1104.448913477139,775.1635204122305
forecast_1671,2025-03-11 15:00:00,993.1560134551206,1258.7937059322583,992.8742906832161
forecast_1672,2025-03-11 16:00:00,1095.5229617410719,1239.0131368818206,1209.5464297506373
forecast_1673,2025-03-11 17:00:00,1296.114878292624,1312.5019488691707,1172.4492430607095
forecast_1674,2025-03-11 18:00:00,4472.673788926094,4488.774969711348,3356.5371230212018
forecast_1675,2025-03-11 19:00:00,4096.271374234661,5189.967245025275,3232.9210451535246
forecast_1676,2025-03-11 20:00:00,4291.576644343782,5169.78481964123,3292.0058038836073
forecast_1677,2025-03-11 21:00:00,7175.192319488086,7429.633838825808,5459.262565306942
forecast_1678,2025-03-11 22:00:00,7254.905907212785,7278.6704867691105,5165.223978965443
forecast_1679,2025-03-11 23:00:00,14435.685390805538,14753.268975414048,11769.43057576459
forecast_1680,2025-03-12 00:00:00,16101.982884984436,16669.816809478623,14118.304371948248
forecast_1681,2025-03-12 01:00:00,12616.023678512014,13514.610527836894,9815.751406349953
forecast_1682,2025-03-12 02:00:00,11966.541468889802,13671.990083403585,9999.028403641381
forecast_1683,2025-03-12 03:00:00,9619.093640367928,11183.204656731275,6697.087196740558
forecast_1684,2025-03-12 04:00:00,11609.73822714791,13727.016351362094,9581.76833205631
forecast_1685,2025-03-12 05:00:00,13090.116582571289,14454.589084784453,11972.097257435198
forecast_1686,2025-03-12 06:00:00,14842.290170799524,15826.002003589845,14386.8608166281
forecast_1687,2025-03-12 07:00:00,16306.220056552553,17397.947046815352,14946.65643084918
forecast_1688,2025-03-12 08:00:00,16411.797922540365,17278.950589829037,15154.855741446258
forecast_1689,2025-03-12 09:00:00,16631.43119335058,17013.485725830877,15287.835858975224
forecast_1690,2025-03-12 10:00:00,15911.472569081865,16518.700851393725,14452.356589999838
forecast_1691,2025-03-12 11:00:00,15709.55664592244,15853.157828543019,14216.821089896635
forecast_1692,2025-03-12 12:00:00,14922.055445441601,14731.291748206277,13741.155417443777
forecast_1693,2025-03-12 13:00:00,15537.419411291412,15006.5584272193,13730.215916999294
forecast_1694,2025-03-12 14:00:00,15809.965816183289,16103.767429895031,14568.436850420692
forecast_1695,2025-03-12 15:00:00,16400.851106522023,16773.39418480303,15313.981332088946
forecast_1696,2025-03-12 16:00:00,17983.187813495995,18648.04164065851,16170.13237294537
forecast_1697,2025-03-12 17:00:00,18222.856517778953,18540.476626282514,16350.701114086942
forecast_1698,2025-03-12 18:00:00,17477.149892272584,18141.30672230342,14919.925510378225
forecast_1699,2025-03-12 19:00:00,16916.934802074906,17265.842095020227,15409.17725227514
forecast_1700,2025-03-12 20:00:00,15952.742895366022,15112.189990059984,13088.600197135536
forecast_1701,2025-03-12 21:00:00,14685.69569323315,15054.189596664419,12714.821388164593
forecast_1702,2025-03-12 22:00:00,12876.192328919502,14222.511189619796,11374.411111389547
forecast_1703,2025-03-12 23:00:00,11909.22699800559,11973.691555687237,9379.149474363212
forecast_1704,2025-03-13 00:00:00,12344.984484095143,11931.720159096094,9298.909491973422
forecast_1705,2025-03-13 01:00:00,10677.549994232026,11239.017493470676,7569.642744207788
forecast_1706,2025-03-13 02:00:00,11574.31590922561,11618.125206515024,9300.036960421441
forecast_1707,2025-03-13 03:00:00,11765.122293363847,12481.101314678177,9536.227006823685
forecast_1708,2025-03-13 04:00:00,11979.082470111562,12222.67516750162,8669.775715823964
forecast_1709,2025-03-13 05:00:00,11825.911456416248,13059.28515265366,8469.081718504178
forecast_1710,2025-03-13 06:00:00,10806.197562054009,11821.349479743049,8587.395724711665
forecast_1711,2025-03-13 07:00:00,8913.720037303121,10449.25039629628,7768.258358042787
forecast_1712,2025-03-13 08:00:00,9863.515480086515,10596.393422243125,6864.807624050132
forecast_1713,2025-03-13 09:00:00,11424.408476599621,11102.893171021153,8273.998891758785
forecast_1714,2025-03-13 10:00:00,8509.381704375226,9240.614432270873,6873.554289107749
forecast_1715,2025-03-13 11:00:00,6108.56770262452,5485.642313653467,4043.8227717011223
forecast_1716,2025-03-13 12:00:00,4087.4686422404097,3546.618240908875,3013.1715374494215
forecast_1717,2025-03-13 13:00:00,3260.3170058572623,2860.2907504842215,2755.9528015876826
forecast_1718,2025-03-13 14:00:00,2431.4458093412377,2119.0927753193932,2141.1344011484503
forecast_1719,2025-03-13 15:00:00,1514.8768254362758,1470.1021685278242,1161.0358693081407
forecast_1720,2025-03-13 16:00:00,1147.4857580560133,998.1226448464676,925.0867293315462
forecast_1721,2025-03-13 17:00:00,678.248953136933,737.583923476588,612.3486683233712
forecast_1722,2025-03-13 18:00:00,1510.9979836703546,1090.5378759948937,936.9727841379487
forecast_1723,2025-03-13 19:00:00,2493.223421410526,2361.5253899072954,1474.2023261813642
forecast_1724,2025-03-13 20:00:00,3186.953696021005,2609.713184146008,1784.1861094626463
forecast_1725,2025-03-13 21:00:00,3459.122452241621,3058.583286706172,2026.541074586131
forecast_1726,2025-03-13 22:00:00,4341.3474970808775,3960.004884136987,2976.426089959158
forecast_1727,2025-03-13 23:00:00,4464.9745244842525,4012.877148830937,3124.985879330855
forecast_1728,2025-03-14 00:00:00,3792.4350435811293,3306.6936188424797,2707.679886666707
forecast_1729,2025-03-14 01:00:00,2842.198336840508,2448.9792020619698,1789.9209796778152
forecast_1730,2025-03-14 02:00:00,2113.9462388216607,2146.9023759335955,1258.5280130789426
forecast_1731,2025-03-14 03:00:00,1991.9055833722548,2105.398147240964,1043.466246782441
forecast_1732,2025-03-14 04:00:00,1697.1292491546308,1869.6169810360002,821.7166924359586
forecast_1733,2025-03-14 05:00:00,1163.797528504063,1167.46609698451,585.665781191783
forecast_1734,2025-03-14 06:00:00,1069.4396931244084,1062.193995614719,461.9318153247282
forecast_1735,2025-03-14 07:00:00,843.5749036717858,819.9849454559891,261.84601930411003
forecast_1736,2025-03-14 08:00:00,705.441579212509,618.8871348817671,327.79472105320775
forecast_1737,2025-03-14 09:00:00,530.3849099660944,472.3449838457178,279.65052023196057
forecast_1738,2025-03-14 10:00:00,502.2925386297796,725.2768072192316,729.1983316172467
forecast_1739,2025-03-14 11:00:00,639.9228198109639,747.0622382824454,745.8451693243048
forecast_1740,2025-03-14 12:00:00,683.7096607395599,953.911684336402,861.736626383267
forecast_1741,2025-03-14 13:00:00,716.0364393850026,1039.5507699602751,1002.9454792499662
forecast_1742,2025-03-14 14:00:00,853.121107536092,1156.727249111395,1057.427872694296
forecast_1743,2025-03-14 15:00:00,949.718517115325,1270.9807339645379,1182.2844798195986
forecast_1744,2025-03-14 16:00:00,1175.989260672274,1202.9993608159266,1087.8115006216128
forecast_1745,2025-03-14 17:00:00,1167.2728463319263,1229.7451267507524,1040.6476405557685
forecast_1746,2025-03-14 18:00:00,939.8199296631858,898.8690938429442,713.6633417908363
forecast_1747,2025-03-14 19:00:00,1028.7176106996703,1275.69007998354,701.3239903832831
forecast_1748,2025-03-14 20:00:00,1404.9443589817727,1351.039316669972,866.9302678360892
forecast_1749,2025-03-14 21:00:00,1300.1305543468159,1500.9207887371238,684.0029812738107
forecast_1750,2025-03-14 22:00:00,1580.293719108761,1626.0713845290031,882.6622519891808
forecast_1751,2025-03-14 23:00:00,1808.2338725335576,1642.2310912713397,925.1902892327238
forecast_1752,2025-03-15 00:00:00,1865.8473262231148,1746.8165897002539,913.7724418321112
forecast_1753,2025-03-15 01:00:00,3404.3270235553073,3891.4481092628625,2441.6449169882926
forecast_1754,2025-03-15 02:00:00,3580.6636566699453,3843.511451296907,1770.9126557411432
forecast_1755,2025-03-15 03:00:00,3615.9824490109936,3695.792844072919,2091.698892943224
forecast_1756,2025-03-15 04:00:00,3574.414900285044,4130.647122812462,1546.6738541608204
forecast_1757,2025-03-15 05:00:00,3749.0148796264275,4044.825017096344,2299.213336047828
forecast_1758,2025-03-15 06:00:00,3701.044935767414,4284.679630495678,2374.6366845858006
forecast_1759,2025-03-15 07:00:00,3505.739354464452,4646.10758096969,2914.0035255797343
forecast_1760,2025-03-15 08:00:00,3478.913098587785,5082.436444096908,3180.5492847203714
forecast_1761,2025-03-15 09:00:00,3573.1596648367417,4468.210448742772,2829.736390222182
forecast_1762,2025-03-15 10:00:00,3801.52593152571,4208.596134954494,2973.0650239848783
forecast_1763,2025-03-15 11:00:00,3554.3268090788724,4076.3572710194653,2998.220577037681
forecast_1764,2025-03-15 12:00:00,3053.062946739179,3244.888835040443,2838.735303322401
forecast_1765,2025-03-15 13:00:00,2930.3169635814293,2788.948945527462,2766.124047025738
forecast_1766,2025-03-15 14:00:00,2375.2372965800078,2460.910665475857,2414.8112799709656
forecast_1767,2025-03-15 15:00:00,1177.1982003009623,1297.1251105161648,1376.9362716472006
forecast_1768,2025-03-15 16:00:00,1131.6254526684554,1088.9836025061886,1170.913725598776
forecast_1769,2025-03-15 17:00:00,843.0659443583153,986.1896707662657,932.2251528333734
forecast_1770,2025-03-15 18:00:00,869.5473179410063,978.7539703986893,1093.060096084039
forecast_1771,2025-03-15 19:00:00,880.6843925909435,1058.825694875816,901.999805719362
forecast_1772,2025-03-15 20:00:00,1024.861587260441,1302.6511704520524,1258.1989633637168
forecast_1773,2025-03-15 21:00:00,1576.3503265400311,1680.8426471653456,1491.9318593199712
forecast_1774,2025-03-15 22:00:00,1806.0310218885281,1934.1786243263869,1429.2713384723077
forecast_1775,2025-03-15 23:00:00,1465.7952558022657,1665.6991192044527,1039.6806366803619
forecast_1776,2025-03-16 00:00:00,1232.3206515385973,1512.8062748290456,962.292307623096
forecast_1777,2025-03-16 01:00:00,1225.631840488678,1272.0189778006222,760.8790204629956
forecast_1778,2025-03-16 02:00:00,1184.4431885594063,1076.060858640765,692.0789327848747
forecast_1779,2025-03-16 03:00:00,1109.2279403111356,1136.6752875652999,660.4111238367062
forecast_1780,2025-03-16 04:00:00,1020.0107230096685,1159.5358437806858,626.0084095092507
forecast_1781,2025-03-16 05:00:00,754.6069054827672,705.9251097422198,285.6808902598546
forecast_1782,2025-03-16 06:00:00,491.8917277459525,505.0339478593786,204.3499918543894
forecast_1783,2025-03-16 07:00:00,597.0107300265234,684.736530730248,226.41559779607994
forecast_1784,2025-03-16 08:00:00,645.745223563229,752.0259016156169,266.66186118026724
forecast_1785,2025-03-16 09:00:00,760.7081589629504,716.2809525756336,280.14347700123886
forecast_1786,2025-03-16 10:00:00,593.8476931627554,637.8455505905744,337.1528766849965
forecast_1787,2025-03-16 11:00:00,675.5697135839288,736.5012202073915,451.37223104066345
forecast_1788,2025-03-16 12:00:00,781.480745604892,1082.8153263524894,549.5002896877655
forecast_1789,2025-03-16 13:00:00,1075.067890649689,1437.7256256224873,842.5926472237436
forecast_1790,2025-03-16 14:00:00,2604.929830507218,2718.810930876258,1766.367272741425
forecast_1791,2025-03-16 15:00:00,4316.601128648533,4286.7071324312965,3851.371157969243
forecast_1792,2025-03-16 16:00:00,7158.728024652334,7093.84379216007,6356.988654629376
forecast_1793,2025-03-16 17:00:00,8029.568697075335,8257.779298923972,7016.838777471368
forecast_1794,2025-03-16 18:00:00,7835.0838468442,8012.924932261789,6957.805127428869
forecast_1795,2025-03-16 19:00:00,8568.907288204677,8800.719985598158,7082.854439316461
forecast_1796,2025-03-16 20:00:00,10783.1339688067,10623.94613562086,9328.05884507379
forecast_1797,2025-03-16 21:00:00,12318.437032291184,12225.802047232453,11270.029815788179
forecast_1798,2025-03-16 22:00:00,11277.819167098338,11699.710021943394,9927.323778591683
forecast_1799,2025-03-16 23:00:00,8123.040980933722,7966.700415911405,7233.941978629689
forecast_1800,2025-03-17 00:00:00,6218.910778917203,6932.338363499196,4786.071083737411
forecast_1801,2025-03-17 01:00:00,12249.417406496672,13125.37468555203,9292.234588657777
forecast_1802,2025-03-17 02:00:00,10307.939047564169,9771.401779758682,8146.857583316127
forecast_1803,2025-03-17 03:00:00,9012.718872005069,9016.531023769374,7099.273888872296
forecast_1804,2025-03-17 04:00:00,8583.204650615355,8411.720773571897,6339.911262862986
forecast_1805,2025-03-17 05:00:00,7143.905906061331,6359.466608390667,5313.961214231539
forecast_1806,2025-03-17 06:00:00,5467.199369790434,6244.777847414499,5241.2438618071355
forecast_1807,2025-03-17 07:00:00,3273.329092453118,3951.282800503884,3049.8573155635477
forecast_1808,2025-03-17 08:00:00,3614.4194106291757,3367.374321252412,2039.241325752879
forecast_1809,2025-03-17 09:00:00,3222.2123872553298,2490.117185775459,1742.9850057062515
forecast_1810,2025-03-17 10:00:00,2697.139101363505,1941.182618956155,1729.9686996127741
forecast_1811,2025-03-17 11:00:00,2453.843216767483,2616.2626575257427,1937.305999293595
forecast_1812,2025-03-17 12:00:00,3309.928839984662,3351.2546141362345,2757.803804757682
forecast_1813,2025-03-17 13:00:00,6628.481175717421,6695.060261271176,5708.854830630264
forecast_1814,2025-03-17 14:00:00,7926.660402683023,8560.25738832456,8524.484616406977
forecast_1815,2025-03-17 15:00:00,10450.67920205715,10328.813928892265,9465.613147915383
forecast_1816,2025-03-17 16:00:00,10013.043602548578,10282.546944601105,9558.121673024893
forecast_1817,2025-03-17 17:00:00,10014.536882814602,9428.701199173081,8867.549166434783
forecast_1818,2025-03-17 18:00:00,9255.947510670041,8591.295162704517,8399.443388274463
forecast_1819,2025-03-17 19:00:00,10274.657541241853,10242.476076288935,9230.281962435887
forecast_1820,2025-03-17 20:00:00,10437.478412408536,11047.0665327278,10003.551769686623
forecast_1821,2025-03-17 21:00:00,11941.480367384398,12445.305741090173,11708.086968933674
forecast_1822,2025-03-17 22:00:00,13959.656012917887,13531.988029036576,12332.754912248118
forecast_1823,2025-03-17 23:00:00,9121.692137296614,10284.052751618869,6901.8125190684705
forecast_1824,2025-03-18 00:00:00,7701.761785289408,8823.060292687042,5623.32912583927
forecast_1825,2025-03-18 01:00:00,4489.945843542451,5931.6388797363325,4021.446399138141
forecast_1826,2025-03-18 02:00:00,4375.310853075735,5292.294573912345,3200.8981786394434
forecast_1827,2025-03-18 03:00:00,3779.026874723563,3744.5969059962263,2147.6752182285963
forecast_1828,2025-03-18 04:00:00,3415.6891420226534,2907.950240223963,2015.3551179364852
forecast_1829,2025-03-18 05:00:00,3264.4368169599675,2958.1957006812804,2000.2252780130234
forecast_1830,2025-03-18 06:00:00,2803.5135318148227,2533.5517013739163,1297.261532975786
forecast_1831,2025-03-18 07:00:00,1350.949938868974,1084.970451441869,557.6421207475576
forecast_1832,2025-03-18 08:00:00,955.1810481307291,982.2465598480447,497.57784403939155
forecast_1833,2025-03-18 09:00:00,1753.3988596934041,2152.068729723333,696.6256806644141
forecast_1834,2025-03-18 10:00:00,1620.2309779010952,1783.9119781092454,1241.2417716613909
forecast_1835,2025-03-18 11:00:00,677.72444247371,646.9003539107237,533.278626886871
forecast_1836,2025-03-18 12:00:00,795.3636715519725,1002.2644063760076,714.9534356322781
forecast_1837,2025-03-18 13:00:00,1271.8820839980144,1501.602178745746,1027.7257455134359
forecast_1838,2025-03-18 14:00:00,3812.571858880814,3288.4649064829046,2081.6255819819
forecast_1839,2025-03-18 15:00:00,5846.8627168288895,6363.962022356141,3744.82665656852
forecast_1840,2025-03-18 16:00:00,11491.192592374977,12023.191749263784,8903.663402513386
forecast_1841,2025-03-18 17:00:00,13171.908353849714,14735.981026810636,10594.0430907574
forecast_1842,2025-03-18 18:00:00,13189.488234412942,14912.214975720275,10066.42981565455
forecast_1843,2025-03-18 19:00:00,11980.300557019189,13145.597809117704,8802.583365258492
forecast_1844,2025-03-18 20:00:00,10925.402275423845,11580.077567495784,8104.485304380991
forecast_1845,2025-03-18 21:00:00,9970.989546676637,9983.957467683675,7248.924906466638
forecast_1846,2025-03-18 22:00:00,5360.848787199039,5119.716987619075,3993.713903754699
forecast_1847,2025-03-18 23:00:00,4250.722636785233,4322.049845871903,3107.112373730569
forecast_1848,2025-03-19 00:00:00,3469.9685557354132,4260.332118615257,2817.912467748078
forecast_1849,2025-03-19 01:00:00,3346.386821182373,2740.5231218620256,1848.8524778095793
forecast_1850,2025-03-19 02:00:00,2933.8212282465,2591.896791115978,1615.0247277609456
forecast_1851,2025-03-19 03:00:00,2587.290322676834,2512.7412935214093,1345.34731227725
forecast_1852,2025-03-19 04:00:00,2166.330134915731,1853.6730700708406,1288.5254543639853
forecast_1853,2025-03-19 05:00:00,2125.7108210982287,1654.999516592087,1382.4592266530017
forecast_1854,2025-03-19 06:00:00,1682.4992413703915,1522.8969601284034,1602.8469729920364
forecast_1855,2025-03-19 07:00:00,2218.372122271126,2523.4074111181326,2084.625643732773
forecast_1856,2025-03-19 08:00:00,3753.3092016685987,3665.4744068153777,2608.9880371316744
forecast_1857,2025-03-19 09:00:00,3729.813916751657,4254.533417756267,2709.5295887288266
forecast_1858,2025-03-19 10:00:00,5744.784677115983,6182.651424722134,5085.173192681327
forecast_1859,2025-03-19 11:00:00,6166.712241074555,6396.563965904581,6515.587782908317
forecast_1860,2025-03-19 12:00:00,6821.922576782732,7087.287945483862,6606.715670142591
forecast_1861,2025-03-19 13:00:00,8021.5175956968005,7944.294096517042,6985.873996764886
forecast_1862,2025-03-19 14:00:00,8701.684449621074,7894.442181364967,6884.738484163564
forecast_1863,2025-03-19 15:00:00,9710.004488460107,9696.3897594716,8476.898595323459
forecast_1864,2025-03-19 16:00:00,10222.844684205074,10048.619279237533,8933.120314598851
forecast_1865,2025-03-19 17:00:00,9241.76633490367,9813.194059954747,8230.875263518446
forecast_1866,2025-03-19 18:00:00,11135.871657910067,11331.108708962385,9381.937257183763
forecast_1867,2025-03-19 19:00:00,12301.529057551445,12688.725970398445,10319.288991977626
forecast_1868,2025-03-19 20:00:00,12490.655451572928,13258.767496889648,11482.179390837335
forecast_1869,2025-03-19 21:00:00,12572.79486941191,13992.1247958963,11665.03964817503
forecast_1870,2025-03-19 22:00:00,12958.296714177763,14597.226753878243,11919.699909676952
forecast_1871,2025-03-19 23:00:00,12717.92343205449,14245.922095367005,11409.962421360233
forecast_1872,2025-03-20 00:00:00,14529.923710260508,16146.065400406103,12937.80046060476
forecast_1873,2025-03-20 01:00:00,14838.475813084475,16443.411221096812,12552.472570786267
forecast_1874,2025-03-20 02:00:00,16202.440349734146,17489.076056924892,13688.5147551744
forecast_1875,2025-03-20 03:00:00,16743.42373446993,17797.918747795076,14257.255128376242
forecast_1876,2025-03-20 04:00:00,17071.83139174553,17531.273882392914,13808.192149737057
forecast_1877,2025-03-20 05:00:00,16568.505640321302,17358.267600839175,14095.1289050673
forecast_1878,2025-03-20 06:00:00,17182.35239106107,17880.120518071955,15544.210602769548
forecast_1879,2025-03-20 07:00:00,17493.989809063743,18055.97020837206,16130.781075574752
forecast_1880,2025-03-20 08:00:00,16511.833149008155,17641.065068427128,15681.080952156011
forecast_1881,2025-03-20 09:00:00,14974.322164565336,17035.977708318413,15132.741451946817
forecast_1882,2025-03-20 10:00:00,14037.09401073938,15515.926840912192,14285.922430817825
forecast_1883,2025-03-20 11:00:00,13911.105128601486,15357.435280746779,14480.995013972488
forecast_1884,2025-03-20 12:00:00,14692.369969844622,15431.453512795006,14817.72496204961
forecast_1885,2025-03-20 13:00:00,15295.355256003535,15640.246442230226,14502.902132274872
forecast_1886,2025-03-20 14:00:00,16718.7260666495,17054.4722896366,15305.091932727893
forecast_1887,2025-03-20 15:00:00,16711.811263673353,17032.4849107842,15841.592731192568
forecast_1888,2025-03-20 16:00:00,16927.524351439297,17686.706364984315,16087.860709866965
forecast_1889,2025-03-20 17:00:00,16994.258111908326,17844.184975728684,16103.453695605886
forecast_1890,2025-03-20 18:00:00,17459.179955450923,17800.22165138774,16442.31254104746
forecast_1891,2025-03-20 19:00:00,17646.230737725396,18516.233545048406,16394.770446168906
forecast_1892,2025-03-20 20:00:00,17900.401244736287,18702.594985495936,16890.469629245985
forecast_1893,2025-03-20 21:00:00,18324.264544834594,18968.10842490807,16572.287499661932
forecast_1894,2025-03-20 22:00:00,18449.49165308676,19129.786071694867,16856.136452770046
forecast_1895,2025-03-20 23:00:00,18359.41395791404,19122.359214213346,17304.47011544615
forecast_1896,2025-03-21 00:00:00,18306.06418800585,18914.02140642993,16615.242867565634
forecast_1897,2025-03-21 01:00:00,16606.755417159042,17381.643717639534,15606.652667975985
forecast_1898,2025-03-21 02:00:00,17736.42737984023,18494.845578417957,16435.399268265264
forecast_1899,2025-03-21 03:00:00,18377.78176808583,18818.8972676907,17119.192099838423
forecast_1900,2025-03-21 04:00:00,18323.474212204157,18823.69016876714,17050.074190971074
forecast_1901,2025-03-21 05:00:00,18294.517999978114,18707.20586482375,16882.12871870657
forecast_1902,2025-03-21 06:00:00,18344.580487337174,18783.08599143702,16741.376457963826
forecast_1903,2025-03-21 07:00:00,18407.877353763342,18758.851932431087,16808.93752757986
forecast_1904,2025-03-21 08:00:00,18216.77634857217,18681.00813302479,16559.80486365363
forecast_1905,2025-03-21 09:00:00,17977.900064351383,18516.818155019795,16510.043989945047
forecast_1906,2025-03-21 10:00:00,17945.191775597963,18906.115897886095,16419.40004510225
forecast_1907,2025-03-21 11:00:00,17567.067452091604,18544.248156823327,15979.688361025152
forecast_1908,2025-03-21 12:00:00,17414.89713682805,18505.946961772122,15769.45860979935
forecast_1909,2025-03-21 13:00:00,17259.71475761649,18198.25775636762,15486.661276998902
forecast_1910,2025-03-21 14:00:00,17198.503924952616,18097.31478470744,14397.330966209665
forecast_1911,2025-03-21 15:00:00,16779.47021395573,18026.388254359896,13846.562560413737
forecast_1912,2025-03-21 16:00:00,16665.601500485827,18166.73836561062,13758.686038869044
forecast_1913,2025-03-21 17:00:00,16849.20377203468,18134.284018040456,13856.319839728138
forecast_1914,2025-03-21 18:00:00,17403.11767224781,18344.73668994827,15435.786575024838
forecast_1915,2025-03-21 19:00:00,17741.034703905912,18470.26782294869,16008.357422820238
forecast_1916,2025-03-21 20:00:00,17569.19342863207,18239.23952093362,16561.095944609686
forecast_1917,2025-03-21 21:00:00,17635.164076610672,18336.784090509664,16179.73163389
forecast_1918,2025-03-21 22:00:00,16687.274192909274,17506.4492626685,15611.21425078135
forecast_1919,2025-03-21 23:00:00,17155.4558601344,17913.18527741935,16342.060297734723
forecast_1920,2025-03-22 00:00:00,17113.687390468614,18345.831553464497,16653.39364544353
forecast_1921,2025-03-22 01:00:00,17947.28936611074,18760.731883233962,16514.196640202266
forecast_1922,2025-03-22 02:00:00,17933.814047751002,19001.386762425533,16657.835509711924
forecast_1923,2025-03-22 03:00:00,17981.250286657803,18950.75460069922,16202.794361927463
forecast_1924,2025-03-22 04:00:00,18049.988326865496,18870.692053796534,16289.530205661218
forecast_1925,2025-03-22 05:00:00,18130.18086745818,18987.93894328384,16666.528303178522
forecast_1926,2025-03-22 06:00:00,18209.98228043946,19035.862339214465,16287.976975635062
forecast_1927,2025-03-22 07:00:00,18031.94211709484,18862.392181507425,16362.575682973147
forecast_1928,2025-03-22 08:00:00,18083.547734659038,18753.029502308927,16798.34786557866
forecast_1929,2025-03-22 09:00:00,17920.840096292417,18756.93818602179,16527.422444549982
forecast_1930,2025-03-22 10:00:00,17424.460847066086,18588.495145713903,15711.275709816067
forecast_1931,2025-03-22 11:00:00,17459.76446304404,18414.837287599028,15401.554820371877
forecast_1932,2025-03-22 12:00:00,17262.607234771964,18490.930908686874,15283.354638074177
forecast_1933,2025-03-22 13:00:00,16813.313541416006,18209.67097284549,15121.656774447782
forecast_1934,2025-03-22 14:00:00,16446.84798547422,17870.059924750418,15176.51379273912
forecast_1935,2025-03-22 15:00:00,16358.023121347996,17844.85631181244,15221.90582750694
forecast_1936,2025-03-22 16:00:00,15973.04361669458,17558.030508954773,14602.725342856045
forecast_1937,2025-03-22 17:00:00,15912.454350394282,17176.246537618976,13673.613870230774
forecast_1938,2025-03-22 18:00:00,15997.930182465738,17137.286461333577,14030.967434787653
forecast_1939,2025-03-22 19:00:00,16498.867391219108,17311.640184530686,14392.461778382134
forecast_1940,2025-03-22 20:00:00,17061.34921819928,17703.338798641646,15152.200319892005
forecast_1941,2025-03-22 21:00:00,17062.05662133136,17754.395004445585,16133.397203897879
forecast_1942,2025-03-22 22:00:00,17021.247051846545,17936.15159103772,16269.243331366692
forecast_1943,2025-03-22 23:00:00,16658.261416801535,17792.247064726827,16637.94349914923
forecast_1944,2025-03-23 00:00:00,16678.412675835374,17269.717761296677,16211.312992283289
forecast_1945,2025-03-23 01:00:00,16885.360235700802,17874.129000843524,15408.299641573074
forecast_1946,2025-03-23 02:00:00,15942.624786387658,16775.233818169334,14578.886279661456
forecast_1947,2025-03-23 03:00:00,16116.883460829291,17040.011944473867,15015.187596507722
forecast_1948,2025-03-23 04:00:00,16044.169337160882,16489.661355439668,14858.307741669443
forecast_1949,2025-03-23 05:00:00,12191.124532935914,14697.703461412111,11146.058552868006
forecast_1950,2025-03-23 06:00:00,11424.76619392019,13041.189491313411,9955.69714783645
forecast_1951,2025-03-23 07:00:00,9305.649357917817,9614.515292143906,6748.428144072344
forecast_1952,2025-03-23 08:00:00,6256.338586926439,6314.15092308317,3886.4966216530124
forecast_1953,2025-03-23 09:00:00,4049.9655432933428,3557.9685708246334,1938.836578391718
forecast_1954,2025-03-23 10:00:00,1511.3738094851215,1556.7230348818866,967.1620358824944
forecast_1955,2025-03-23 11:00:00,795.9724252124897,1031.2255722826967,437.2291930836374
forecast_1956,2025-03-23 12:00:00,520.1908556908243,700.6772292894788,309.7699385428133
forecast_1957,2025-03-23 13:00:00,668.7526458068166,801.4035186683683,337.4301097743525
forecast_1958,2025-03-23 14:00:00,990.4377787978678,1071.9674673731397,521.1400146015825
forecast_1959,2025-03-23 15:00:00,1649.1519287460171,2134.6318660443853,826.3172407082586
forecast_1960,2025-03-23 16:00:00,3023.4464363763245,3408.7971918871426,1651.166384476772
forecast_1961,2025-03-23 17:00:00,3225.995864241014,4350.325228137822,2038.0907268229046
forecast_1962,2025-03-23 18:00:00,3145.8014367730216,3794.2252629346513,2178.535333738064
forecast_1963,2025-03-23 19:00:00,3921.5983206059473,5161.3648829038075,3158.5146237450917
forecast_1964,2025-03-23 20:00:00,5296.948659449715,7715.790262755634,4161.845666247489
forecast_1965,2025-03-23 21:00:00,7146.232241148854,9976.157315848961,5775.5459552398015
forecast_1966,2025-03-23 22:00:00,8153.014910728033,11196.658179763002,6768.775498739433
forecast_1967,2025-03-23 23:00:00,10150.551858787105,12682.114435060972,7903.897868818238
forecast_1968,2025-03-24 00:00:00,10990.448400907988,13335.936681308305,8800.249044735168
forecast_1969,2025-03-24 01:00:00,12381.213541235196,14808.51258702126,10399.323638495669
forecast_1970,2025-03-24 02:00:00,10193.947661451044,12958.183485877895,8587.809480553786
forecast_1971,2025-03-24 03:00:00,10040.025577656268,12168.585974585452,10192.37171885746
forecast_1972,2025-03-24 04:00:00,8863.066440135302,11597.446423732143,8822.24732512934
forecast_1973,2025-03-24 05:00:00,8567.517014974843,10522.365933819538,7672.79230390412
forecast_1974,2025-03-24 06:00:00,11582.592068529135,13784.207264149183,11203.993372986426
forecast_1975,2025-03-24 07:00:00,12709.335517085881,14830.393236883396,11954.59810939066
forecast_1976,2025-03-24 08:00:00,12907.022895792463,14474.59485587251,11965.985603795763
forecast_1977,2025-03-24 09:00:00,12713.126468301474,14193.289846549029,12733.107554852513
forecast_1978,2025-03-24 10:00:00,14167.312778914153,14322.640750524723,13825.619790511033
forecast_1979,2025-03-24 11:00:00,15476.598384549017,15710.86367590774,14932.423657446036
forecast_1980,2025-03-24 12:00:00,16469.835047497778,17662.361834888314,14930.724820073585
forecast_1981,2025-03-24 13:00:00,16496.876493585758,17577.032247969877,15041.085828075727
forecast_1982,2025-03-24 14:00:00,15873.598541289588,16827.68222733089,14955.012668459573
forecast_1983,2025-03-24 15:00:00,14859.929898162953,15173.828714317595,14614.393389111276
forecast_1984,2025-03-24 16:00:00,14807.933670392078,15176.255072928561,14250.987383063368
forecast_1985,2025-03-24 17:00:00,12737.869356472887,13569.05241356368,13184.00638259059
forecast_1986,2025-03-24 18:00:00,11351.806815904105,12341.547906588605,11369.755871616704
forecast_1987,2025-03-24 19:00:00,12034.549393368005,13269.831661925546,12866.921170015465
forecast_1988,2025-03-24 20:00:00,12073.780286721105,13444.44090013214,12732.522269141427
forecast_1989,2025-03-24 21:00:00,14047.167874819732,14515.319234470044,14398.863890505845
forecast_1990,2025-03-24 22:00:00,14825.120676505654,15818.607674537758,15098.492744757548
forecast_1991,2025-03-24 23:00:00,15309.441735947581,16424.848106317564,15421.629292600184
forecast_1992,2025-03-25 00:00:00,15762.567574553928,15476.781657688605,14680.689175116782
forecast_1993,2025-03-25 01:00:00,17208.611428344117,17275.181766943148,15386.540018270045
forecast_1994,2025-03-25 02:00:00,17183.377608519404,16322.438895467863,14430.9477124741
forecast_1995,2025-03-25 03:00:00,14927.131278595964,15322.67966012527,13525.853622120025
forecast_1996,2025-03-25 04:00:00,11409.883484068587,12483.413057173178,9203.440914942388
forecast_1997,2025-03-25 05:00:00,8104.324394652371,8268.197896242238,6025.96433336654
forecast_1998,2025-03-25 06:00:00,6583.393039412136,7003.139148449165,3993.50457352706
forecast_1999,2025-03-25 07:00:00,6573.288960053347,6913.8788685100335,4354.394721608608
forecast_2000,2025-03-25 08:00:00,7032.291444724414,7830.834583787632,4430.947980958446
forecast_2001,2025-03-25 09:00:00,6079.3542375333045,6922.241082072432,4257.69980143711
forecast_2002,2025-03-25 10:00:00,6616.707609322936,7985.428539018497,6437.523847162018
forecast_2003,2025-03-25 11:00:00,7337.756812622324,8579.073236392633,8152.433418891465
forecast_2004,2025-03-25 12:00:00,9005.343324915662,9923.757550796347,10036.685275876278
forecast_2005,2025-03-25 13:00:00,10601.235383497034,13723.76911056467,12533.619977600236
forecast_2006,2025-03-25 14:00:00,14410.149283345785,16294.86948989358,14700.910175008548
forecast_2007,2025-03-25 15:00:00,15239.404833674764,17336.197350564755,15250.550875837584
forecast_2008,2025-03-25 16:00:00,16018.095015651828,17288.36339892768,14156.300082813672
forecast_2009,2025-03-25 17:00:00,15850.868098107103,16469.3220709073,14797.440839057612
forecast_2010,2025-03-25 18:00:00,17041.231635507866,17985.88984321947,16471.01604296807
forecast_2011,2025-03-25 19:00:00,16882.216513547006,17334.454952700984,13894.986381529397
forecast_2012,2025-03-25 20:00:00,16259.07269467945,17154.14438206682,13561.705055776585
forecast_2013,2025-03-25 21:00:00,16570.53939012099,17865.79725733338,12318.977892641396
forecast_2014,2025-03-25 22:00:00,17017.249989850457,18357.25601184367,15563.761277320153
forecast_2015,2025-03-25 23:00:00,17457.73085856916,18161.10452731211,15751.831417759657
forecast_2016,2025-03-26 00:00:00,17626.10969945577,18392.351550904674,15591.015712557148
forecast_2017,2025-03-26 01:00:00,16932.892458904975,17991.241729301004,15252.629035393955
forecast_2018,2025-03-26 02:00:00,16799.54477282617,17872.247847607137,15188.895179519033
forecast_2019,2025-03-26 03:00:00,15957.389022427811,16971.47195979961,14209.159770412503
forecast_2020,2025-03-26 04:00:00,15000.088379203531,14694.758639734315,13168.515351595695
forecast_2021,2025-03-26 05:00:00,12704.85313440227,13179.22091081871,10357.55796098586
forecast_2022,2025-03-26 06:00:00,9466.435670494937,10049.594606255892,7369.983679198204
forecast_2023,2025-03-26 07:00:00,4790.635421989736,4706.826136276543,3590.9727693148975
forecast_2024,2025-03-26 08:00:00,2531.5367250798267,2224.02419798328,2194.3007090803053
forecast_2025,2025-03-26 09:00:00,2160.1012964388547,1952.152484513843,1510.534368390118
forecast_2026,2025-03-26 10:00:00,925.4513209407173,914.7601369390279,502.41855724237746
forecast_2027,2025-03-26 11:00:00,785.3554718914376,935.0358965130649,644.8093928616217
forecast_2028,2025-03-26 12:00:00,1637.6723832606258,1829.8733649735004,753.8565366562509
forecast_2029,2025-03-26 13:00:00,1703.6555016490506,2200.7268669284986,1007.3553854373257
forecast_2030,2025-03-26 14:00:00,2265.4699322181823,2706.05987826858,1322.1645169645465
forecast_2031,2025-03-26 15:00:00,2926.3622528503493,3445.2643698737284,2177.4686423230705
forecast_2032,2025-03-26 16:00:00,2572.090539556124,3110.545328528705,1980.4382476338023
forecast_2033,2025-03-26 17:00:00,2846.694298818963,3912.5574523507503,2539.2734556803907
forecast_2034,2025-03-26 18:00:00,4655.312979748114,6049.4713655410815,3953.753657162629
forecast_2035,2025-03-26 19:00:00,6981.227777989122,7998.532126424526,4937.404465843708
forecast_2036,2025-03-26 20:00:00,7600.390537580286,9810.774063935582,5156.057540253134
forecast_2037,2025-03-26 21:00:00,8518.093357356438,10841.19238337594,5651.824283691645
forecast_2038,2025-03-26 22:00:00,9781.218943825936,11971.789471240168,7342.314121767033
forecast_2039,2025-03-26 23:00:00,10590.288568713548,12987.650462992025,8402.312521100077
forecast_2040,2025-03-27 00:00:00,13138.377688909535,15745.428254087046,13021.828929219238
forecast_2041,2025-03-27 01:00:00,14538.867628193293,17223.686251552786,14767.137476538384
forecast_2042,2025-03-27 02:00:00,14768.876054688933,17762.240835666278,14913.600020844782
forecast_2043,2025-03-27 03:00:00,15278.744356416037,17795.257958146165,15186.911040933572
forecast_2044,2025-03-27 04:00:00,15373.286019176921,17731.947261271176,15462.121215191111
forecast_2045,2025-03-27 05:00:00,13608.460257686722,15357.56709117219,11901.843799704426
forecast_2046,2025-03-27 06:00:00,10902.771233843047,12258.838115865357,9600.827636124823
forecast_2047,2025-03-27 07:00:00,11197.101103329045,13260.935555620461,10953.457433791726
forecast_2048,2025-03-27 08:00:00,12017.79334829854,14063.333320777687,12970.786934833983
forecast_2049,2025-03-27 09:00:00,11314.950270121311,13142.379714836265,11166.633691004265
forecast_2050,2025-03-27 10:00:00,9623.348820625482,11154.733328549893,8543.794663994708
forecast_2051,2025-03-27 11:00:00,9227.05213725809,11790.27932455879,8804.182958071882
forecast_2052,2025-03-27 12:00:00,8673.608726526432,10695.548036808708,8549.577661783936
forecast_2053,2025-03-27 13:00:00,7498.560933667092,9366.1209555439,7108.626971398038
forecast_2054,2025-03-27 14:00:00,8045.83514241948,9563.14355121268,7475.0409897133295
forecast_2055,2025-03-27 15:00:00,7956.19977266581,8602.567515606961,7706.805714302717
forecast_2056,2025-03-27 16:00:00,7913.791300722762,7837.16885938911,5582.057931404107
forecast_2057,2025-03-27 17:00:00,7422.152428194034,7786.565597651866,5299.786423703147
forecast_2058,2025-03-27 18:00:00,8522.610632663054,8700.923633756343,6463.885933994928
forecast_2059,2025-03-27 19:00:00,8881.076073808199,8803.249584293437,6388.204138450419
forecast_2060,2025-03-27 20:00:00,8705.101188649134,8950.751262342097,6816.8878591353905
forecast_2061,2025-03-27 21:00:00,10067.003547931718,11154.465941595667,8234.639984744772
forecast_2062,2025-03-27 22:00:00,11125.847257618081,12299.649288167595,9625.109774659642
forecast_2063,2025-03-27 23:00:00,10288.69926959678,11229.597521327725,8700.321031685577
forecast_2064,2025-03-28 00:00:00,10295.428083107405,10977.003550123018,7517.782203169358
forecast_2065,2025-03-28 01:00:00,3644.9513003083034,4424.9164307501005,2324.8786531931996
forecast_2066,2025-03-28 02:00:00,3041.2744598365803,3810.919804849745,1957.8891274348134
forecast_2067,2025-03-28 03:00:00,2619.4951523066625,2563.8151497018994,1598.696747028634
forecast_2068,2025-03-28 04:00:00,2131.57581757565,2396.9484356426433,1532.7050463451
forecast_2069,2025-03-28 05:00:00,1510.2109939052666,1700.654230811318,695.3949274737747
forecast_2070,2025-03-28 06:00:00,1306.6706252304457,1357.2985409615637,529.2520504840905
forecast_2071,2025-03-28 07:00:00,1183.4267804383069,1139.4557375692134,691.4144032493314
forecast_2072,2025-03-28 08:00:00,958.332959567618,944.4845954905652,541.3416263352392
forecast_2073,2025-03-28 09:00:00,1181.0026196155268,1329.9012625676878,757.5478253664595
forecast_2074,2025-03-28 10:00:00,890.6190770716975,1090.3359330907456,754.676965883061
forecast_2075,2025-03-28 11:00:00,849.8562223319499,1049.431337886212,744.1820421399465
forecast_2076,2025-03-28 12:00:00,1156.6191695197003,1108.380092032604,867.1670567953696
forecast_2077,2025-03-28 13:00:00,1398.852855873933,1811.3723963714588,1117.60520665059
forecast_2078,2025-03-28 14:00:00,2243.3968155233297,2028.670526631431,1717.7347262927249
forecast_2079,2025-03-28 15:00:00,2652.669678521541,2185.375753581053,2158.5280972402807
forecast_2080,2025-03-28 16:00:00,2704.5360245406614,2591.3227183864087,2149.4084243518164
forecast_2081,2025-03-28 17:00:00,1925.6730555626036,1563.7632548538813,1180.2868830979476
forecast_2082,2025-03-28 18:00:00,2326.534870752289,2816.7362422226847,1161.7539854265744
forecast_2083,2025-03-28 19:00:00,3476.296613440562,3607.037439589909,2291.2811298225665
forecast_2084,2025-03-28 20:00:00,6146.860674305084,7211.642574657859,5148.081437243531
forecast_2085,2025-03-28 21:00:00,9087.616961710015,9562.6629458975,7875.9316565423815
forecast_2086,2025-03-28 22:00:00,9206.446915094373,11083.906422776005,7153.39289509618
forecast_2087,2025-03-28 23:00:00,6938.211612415587,7318.410457317776,5128.648126485916
forecast_2088,2025-03-29 00:00:00,7400.887563366165,7850.455852969375,4703.127802788192
forecast_2089,2025-03-29 01:00:00,1059.4751956433458,1068.4405725748247,536.8885333992562
forecast_2090,2025-03-29 02:00:00,876.9620262673293,747.2791021713076,281.95846587060925
forecast_2091,2025-03-29 03:00:00,891.6238514632538,871.9296659242018,339.45353047872356
forecast_2092,2025-03-29 04:00:00,1542.6210682163835,1647.348705061086,860.6941515497018
forecast_2093,2025-03-29 05:00:00,4337.190369793397,4859.89362711042,3389.9471889027677
forecast_2094,2025-03-29 06:00:00,6105.103302003126,7754.347064771961,5105.178690994781
forecast_2095,2025-03-29 07:00:00,7243.368697916132,8109.83856011811,6480.072287791232
forecast_2096,2025-03-29 08:00:00,6700.993915392267,7793.185150538979,6717.989861058111
forecast_2097,2025-03-29 09:00:00,6693.929273048156,7660.874735301818,6507.257067818606
forecast_2098,2025-03-29 10:00:00,7271.084729471334,8790.481068174151,7733.928288559009
forecast_2099,2025-03-29 11:00:00,9306.146483084027,9740.852993748698,9787.051406790315
forecast_2100,2025-03-29 12:00:00,10417.624111317627,11039.728303512435,10259.572050454633
forecast_2101,2025-03-29 13:00:00,12636.049359017325,12613.453400116516,12081.659499464084
forecast_2102,2025-03-29 14:00:00,12880.285263480742,13350.897167812305,12571.0982316123
forecast_2103,2025-03-29 15:00:00,13690.27484073169,13485.513219190869,12272.794206597748
forecast_2104,2025-03-29 16:00:00,14300.486784204404,14796.251045599494,11988.825145645393
forecast_2105,2025-03-29 17:00:00,13998.952928880422,13014.742480931784,11621.202396964416
forecast_2106,2025-03-29 18:00:00,13800.332800302418,13238.181071700614,11173.092200390272
forecast_2107,2025-03-29 19:00:00,13451.5654338257,12007.46330899288,9449.938267522004
forecast_2108,2025-03-29 20:00:00,13404.464523919338,11814.909192879071,9125.473390077974
forecast_2109,2025-03-29 21:00:00,13634.455227991612,12441.045331991398,9359.327380264862
forecast_2110,2025-03-29 22:00:00,13373.121398691192,12129.743480718995,9100.265058672214
forecast_2111,2025-03-29 23:00:00,12563.687442179977,11504.042991374288,8625.034383679174
forecast_2112,2025-03-30 00:00:00,12409.690109768038,11025.729431113019,8197.562059557069
forecast_2113,2025-03-30 01:00:00,12403.38471016998,11056.416322250823,8248.613791029213
forecast_2114,2025-03-30 02:00:00,12810.9133794026,10965.087228816714,8340.112812216803
forecast_2115,2025-03-30 03:00:00,12634.100740125516,10624.367105864829,8202.110246822824
forecast_2116,2025-03-30 04:00:00,12671.06849033244,11131.251341953324,9268.528340102699
forecast_2117,2025-03-30 05:00:00,11758.338717497609,10929.738807491349,8868.699356795574
forecast_2118,2025-03-30 06:00:00,11758.27907652635,11401.447140649085,10073.10006050543
forecast_2119,2025-03-30 07:00:00,11245.28603912521,10211.521709853296,8920.166837769342
forecast_2120,2025-03-30 08:00:00,9118.923620174946,7324.031698950977,6842.817892102735
forecast_2121,2025-03-30 09:00:00,7418.450683199158,7098.177642018956,5103.394813305572
forecast_2122,2025-03-30 10:00:00,7510.621848293087,7140.515827450962,5520.088072402166
forecast_2123,2025-03-30 11:00:00,9424.13310442091,8257.967651690287,6296.698469497501
forecast_2124,2025-03-30 12:00:00,9756.578190243448,8858.886096858643,7856.478046685623
forecast_2125,2025-03-30 13:00:00,10120.441511082585,9512.963763525275,8913.184274926582
forecast_2126,2025-03-30 14:00:00,10398.047307928562,9210.943840343702,7894.930953996638
forecast_2127,2025-03-30 15:00:00,8516.463656186565,7837.36414850109,6454.065251173868
forecast_2128,2025-03-30 16:00:00,7188.834040341153,6983.846728332332,5350.765788082342
forecast_2129,2025-03-30 17:00:00,6792.335642086748,6321.7298917601765,4737.4901132589275
forecast_2130,2025-03-30 18:00:00,6711.968640134404,6376.236577961909,5118.783763855844
forecast_2131,2025-03-30 19:00:00,7063.660407468154,7104.175526126717,5632.7294126221905
forecast_2132,2025-03-30 20:00:00,8099.95658704616,8011.5904466538195,6048.959765964138
forecast_2133,2025-03-30 21:00:00,7236.98208457669,7636.67075781671,5955.289210137595
forecast_2134,2025-03-30 22:00:00,9273.364792940745,9531.026011287608,7057.032612709345
forecast_2135,2025-03-30 23:00:00,11182.521862174468,11035.015550433707,8577.057924756318
forecast_2136,2025-03-31 00:00:00,11432.549785210278,11944.668465825811,7911.29529322046
forecast_2137,2025-03-31 01:00:00,14718.661193059352,15408.885727747702,14331.606028373106
forecast_2138,2025-03-31 02:00:00,14194.634754327222,14831.915832822837,13455.368954925929
forecast_2139,2025-03-31 03:00:00,13951.807646840394,15136.060033316304,13572.830660467715
forecast_2140,2025-03-31 04:00:00,12883.226567589856,15101.962859000658,11734.384818614053
forecast_2141,2025-03-31 05:00:00,13354.00665413763,14932.407845093638,11872.445576691338
forecast_2142,2025-03-31 06:00:00,13537.453469937967,15308.540753183215,11437.131936531543
forecast_2143,2025-03-31 07:00:00,10025.128111753105,10675.808169947273,7950.661077835023
forecast_2144,2025-03-31 08:00:00,7102.873236972577,7757.49471577192,5471.399308321294
forecast_2145,2025-03-31 09:00:00,5650.422447923596,5711.880966351138,4033.4502760505056
forecast_2146,2025-03-31 10:00:00,3265.8622798520955,3356.9786686815564,2768.078065732456
forecast_2147,2025-03-31 11:00:00,2372.807780356105,2179.387180468765,1625.32495562419
forecast_2148,2025-03-31 12:00:00,3109.471031636867,3051.928040532809,2086.722184147766
forecast_2149,2025-03-31 13:00:00,4344.587901108178,4273.355094353976,3734.3813309538755
forecast_2150,2025-03-31 14:00:00,4658.9090010529,4238.060388545003,3973.901503984624
forecast_2151,2025-03-31 15:00:00,4407.021788726205,4141.951605233898,3603.5562443801887
forecast_2152,2025-03-31 16:00:00,4154.357176542812,3768.2165782025836,3594.830568553337
forecast_2153,2025-03-31 17:00:00,5490.490994882228,4603.069385230509,4309.241276360726
forecast_2154,2025-03-31 18:00:00,5035.568127803292,5651.793876671966,4235.156921240782
forecast_2155,2025-03-31 19:00:00,7328.523396942398,7658.21801721181,6972.32663795172
forecast_2156,2025-03-31 20:00:00,9110.138486817583,9985.299034509848,9040.587386800671
forecast_2157,2025-03-31 21:00:00,9051.251024726764,9434.85856261479,8296.062379925488
forecast_2158,2025-03-31 22:00:00,10801.131781400794,11274.704562235462,9460.284943301032
forecast_2159,2025-03-31 23:00:00,12086.322503812087,12601.654978101778,10720.670059940481
forecast_2160,2025-04-01 00:00:00,13507.810048231899,14088.562172110758,10969.279319445499
forecast_2161,2025-04-01 01:00:00,6454.700781852144,6175.927787986983,5026.667719980893
forecast_2162,2025-04-01 02:00:00,7441.894704224793,6583.773244101184,5309.268892306108
forecast_2163,2025-04-01 03:00:00,7586.673704573631,6436.324850256717,5531.846851036856
forecast_2164,2025-04-01 04:00:00,7765.009564200203,6798.281370274427,6072.836932342296
forecast_2165,2025-04-01 05:00:00,6485.5352908006,5623.195900785273,4738.613917925257
forecast_2166,2025-04-01 06:00:00,6175.30679352011,5150.958303865057,4624.563912856286
forecast_2167,2025-04-01 07:00:00,5255.703707900753,4420.703583089473,3765.3385653067025
forecast_2168,2025-04-01 08:00:00,3002.4520689113215,2663.387346453334,2363.9444851143403
forecast_2169,2025-04-01 09:00:00,1545.9200552836355,1201.3378122806243,1031.8018245142634
forecast_2170,2025-04-01 10:00:00,350.34946407627314,295.851449195208,362.77350686110185
forecast_2171,2025-04-01 11:00:00,247.26432602191593,187.42764746821504,238.25453187703857
forecast_2172,2025-04-01 12:00:00,278.32870830265773,219.06582961756456,257.58647632060496
forecast_2173,2025-04-01 13:00:00,230.30590594657747,356.53283105249244,359.81030255239443
forecast_2174,2025-04-01 14:00:00,413.3327393978015,630.0153122980141,469.77199719552226
forecast_2175,2025-04-01 15:00:00,503.9060210032795,746.8006640778929,577.6045659434321
forecast_2176,2025-04-01 16:00:00,412.74401933806627,622.2547267396511,612.3363675328742
forecast_2177,2025-04-01 17:00:00,636.7517261000279,759.9682064611537,597.9210548754961
forecast_2178,2025-04-01 18:00:00,911.6593103212807,911.5629782076148,959.9793352927426
forecast_2179,2025-04-01 19:00:00,1285.3125364918758,1254.1965492218374,820.0653569973706
forecast_2180,2025-04-01 20:00:00,1516.5397711804048,1388.3356720679926,698.8530443636506
forecast_2181,2025-04-01 21:00:00,1605.6001723685642,1616.4588665096985,747.3073642386431
forecast_2182,2025-04-01 22:00:00,1943.5522503465497,1996.703440794496,823.0245370584875
forecast_2183,2025-04-01 23:00:00,1840.5357983113902,2164.464392879174,866.7331418018131
forecast_2184,2025-04-02 00:00:00,1826.1906154277183,2028.7692985839135,783.6248284390979
forecast_2185,2025-04-02 01:00:00,1189.737068697755,1170.5786167954334,576.3604477946451
forecast_2186,2025-04-02 02:00:00,989.3981323291547,1078.5741195620294,541.8580732393792
forecast_2187,2025-04-02 03:00:00,991.1097582521166,995.5196201612317,499.57126863478425
forecast_2188,2025-04-02 04:00:00,840.7923465518505,766.8950175220045,369.36891484841397
forecast_2189,2025-04-02 05:00:00,710.8515070420731,697.902595652851,255.32280997828286
forecast_2190,2025-04-02 06:00:00,654.8081553138448,553.2660604191138,182.85217376829368
forecast_2191,2025-04-02 07:00:00,693.9446938410339,535.2893728363454,227.21966428672783
forecast_2192,2025-04-02 08:00:00,574.736438010605,426.1451337132024,244.73752529034041
forecast_2193,2025-04-02 09:00:00,378.6986701115517,415.3780513433462,192.23746025042576
forecast_2194,2025-04-02 10:00:00,368.50316090121925,406.87577309527353,253.8070184035038
forecast_2195,2025-04-02 11:00:00,581.7916433455398,649.3990713407159,717.7243263467105
forecast_2196,2025-04-02 12:00:00,250.97489651121262,408.87909955011696,281.57677124484434
forecast_2197,2025-04-02 13:00:00,298.9196897788241,528.8114111171296,449.64363116536805
forecast_2198,2025-04-02 14:00:00,525.6602481200971,753.6717908038022,707.5696516867673
forecast_2199,2025-04-02 15:00:00,847.3368812825349,991.6391169091214,1032.764196832912
forecast_2200,2025-04-02 16:00:00,1015.5664221969918,1196.9840077770502,1044.834926271894
forecast_2201,2025-04-02 17:00:00,1040.5847864797831,1214.3887996013266,820.2072234241048
forecast_2202,2025-04-02 18:00:00,1035.6692518171974,1040.732578919388,828.5794680323932
forecast_2203,2025-04-02 19:00:00,852.5809798094505,787.0917773999196,468.66977089348484
forecast_2204,2025-04-02 20:00:00,580.3323839137154,562.4650760582666,301.3464111485868
forecast_2205,2025-04-02 21:00:00,901.9070542976845,838.4483715027466,408.66409415788746
forecast_2206,2025-04-02 22:00:00,1524.6504297364486,1804.5007489569591,891.6213141948168
forecast_2207,2025-04-02 23:00:00,1539.4173248096586,2122.2586173930567,1196.891776745577
forecast_2208,2025-04-03 00:00:00,1318.1779140381238,1524.1643236228763,902.3497125812889
forecast_2209,2025-04-03 01:00:00,951.8588486028921,1124.1506779717322,467.292103782569
forecast_2210,2025-04-03 02:00:00,1078.838951657026,1338.6665244490785,694.7050011099517
forecast_2211,2025-04-03 03:00:00,1100.2169610748108,1498.0835086996217,780.477843258753
forecast_2212,2025-04-03 04:00:00,1211.2086115058826,1680.9446358838265,907.4430843399289
forecast_2213,2025-04-03 05:00:00,1348.9688325079214,1709.1440379174057,1046.0125638852296
forecast_2214,2025-04-03 06:00:00,1294.3629280591365,1807.229748237832,1043.2541495253704
forecast_2215,2025-04-03 07:00:00,1394.0107383101497,1855.6174843832662,1034.561219779253
forecast_2216,2025-04-03 08:00:00,1186.2468969458216,1750.3892795022696,954.8903354416841
forecast_2217,2025-04-03 09:00:00,783.086300096567,1311.1969833039943,855.6771527678202
forecast_2218,2025-04-03 10:00:00,620.5387871113578,779.9997113707932,613.5819979996016
forecast_2219,2025-04-03 11:00:00,398.8625826642609,538.2919436291465,483.8819100275775
forecast_2220,2025-04-03 12:00:00,275.3321964047768,418.7607588732036,343.2092550081348
forecast_2221,2025-04-03 13:00:00,301.36617357573385,504.33338577479077,367.1642143399736
forecast_2222,2025-04-03 14:00:00,354.4479689094955,510.5441285471442,383.7928681629265
forecast_2223,2025-04-03 15:00:00,531.9305014240492,522.4313645578314,394.9086851346673
forecast_2224,2025-04-03 16:00:00,312.2521080256567,423.33945616379424,363.8238397048959
forecast_2225,2025-04-03 17:00:00,154.263636852649,147.6005398075038,127.57760901574063
forecast_2226,2025-04-03 18:00:00,247.4618565555357,278.3196348977108,220.24587333320807
forecast_2227,2025-04-03 19:00:00,676.8321400217658,742.774689129489,304.8182176395325
forecast_2228,2025-04-03 20:00:00,865.7598789571964,946.9114527189997,458.34278812985866
forecast_2229,2025-04-03 21:00:00,1126.5336343027839,1148.1727461368941,574.0557508388533
forecast_2230,2025-04-03 22:00:00,1483.1576695140411,1705.3074197612239,759.3577567235855
forecast_2231,2025-04-03 23:00:00,1725.726400843404,2163.4947770902463,1127.9865185206156
forecast_2232,2025-04-04 00:00:00,2458.952242803118,3089.7732166063156,1748.5869864417753
forecast_2233,2025-04-04 01:00:00,3533.0255763190885,4265.113702812353,3236.634196497875
forecast_2234,2025-04-04 02:00:00,4505.495119060718,4993.9405841856715,3947.285199625504
forecast_2235,2025-04-04 03:00:00,6471.138946395765,5609.854118895863,5037.542840929671
forecast_2236,2025-04-04 04:00:00,9037.01104439217,7404.636280576061,6574.9087371420055
forecast_2237,2025-04-04 05:00:00,9199.250737928425,8797.645098405266,7177.888125028662
forecast_2238,2025-04-04 06:00:00,9114.443630053136,8547.096680942284,6557.0034825536795
forecast_2239,2025-04-04 07:00:00,7218.981418704355,7472.39885048796,5322.286447428714
forecast_2240,2025-04-04 08:00:00,6360.195747003326,6556.499423705149,4520.15730195246
forecast_2241,2025-04-04 09:00:00,4712.55917336693,4703.777913514376,2686.366294052802
forecast_2242,2025-04-04 10:00:00,1756.1541590998697,1768.9278157187055,1102.2874096444239
forecast_2243,2025-04-04 11:00:00,898.4711582762287,1055.9170789455866,889.1383226191157
forecast_2244,2025-04-04 12:00:00,743.6726596594107,1026.7690356829332,704.8145670449186
forecast_2245,2025-04-04 13:00:00,635.753558711009,821.4397628421156,651.1435039492736
forecast_2246,2025-04-04 14:00:00,821.5457418071823,923.0703480830666,786.2354104132247
forecast_2247,2025-04-04 15:00:00,804.1736800378686,960.5224021594324,776.4670591578175
forecast_2248,2025-04-04 16:00:00,1319.7094671069872,1339.6567757434268,1143.477674359109
forecast_2249,2025-04-04 17:00:00,1921.635319217426,1727.5153078227381,1413.3525080253626
forecast_2250,2025-04-04 18:00:00,2354.1660302414666,2710.054083793056,1957.225834568666
forecast_2251,2025-04-04 19:00:00,2383.2321948661174,2699.6033642378907,2051.2653741907675
forecast_2252,2025-04-04 20:00:00,2916.9628060728614,3467.3366465913696,2183.998583748481
forecast_2253,2025-04-04 21:00:00,2414.571171658205,2896.9723820957765,1379.5466660952252
forecast_2254,2025-04-04 22:00:00,2232.0435697239923,2599.5231440710186,1292.1662495180065
forecast_2255,2025-04-04 23:00:00,3696.8393480186187,4426.705985690247,2567.3063030694957
forecast_2256,2025-04-05 00:00:00,4846.485564504843,5419.5494722060475,3120.0146762929267
forecast_2257,2025-04-05 01:00:00,6427.044617416585,8850.475098403624,4143.679921587188
forecast_2258,2025-04-05 02:00:00,8498.405152677202,10591.366409643168,6092.764471792192
forecast_2259,2025-04-05 03:00:00,8179.19472778701,9404.168357077462,6478.7048673362715
forecast_2260,2025-04-05 04:00:00,8154.371947115115,9421.200912465705,6128.014918159145
forecast_2261,2025-04-05 05:00:00,6989.262658343129,9117.258959520286,5241.644850858864
forecast_2262,2025-04-05 06:00:00,8113.121699651848,10014.844874866796,6358.506066857146
forecast_2263,2025-04-05 07:00:00,6150.553868877075,7330.456580578003,4400.402348172214
forecast_2264,2025-04-05 08:00:00,5029.4826419646915,5758.213960904717,3731.682388524664
forecast_2265,2025-04-05 09:00:00,4328.2555384277985,5574.427944694666,3582.0815983412454
forecast_2266,2025-04-05 10:00:00,3071.0314707456973,3527.289612827153,1704.430937901794
forecast_2267,2025-04-05 11:00:00,3842.117754685959,4410.139574462998,3523.4988221761523
forecast_2268,2025-04-05 12:00:00,6614.56967634527,7326.839165043906,6905.355162098475
forecast_2269,2025-04-05 13:00:00,8366.948330211295,10891.497847960332,10302.097365916832
forecast_2270,2025-04-05 14:00:00,9748.457582931724,12125.105737398571,11281.633958906505
forecast_2271,2025-04-05 15:00:00,9886.703085931065,13198.78047692856,11427.590269631619
forecast_2272,2025-04-05 16:00:00,11572.968007014046,14432.184395648837,12453.445138086461
forecast_2273,2025-04-05 17:00:00,12994.891602307644,14843.410784778014,13281.087259239464
forecast_2274,2025-04-05 18:00:00,13897.06235959471,14350.710570390482,13248.251741866563
forecast_2275,2025-04-05 19:00:00,13002.43939975827,13545.229457339441,13276.082179578261
forecast_2276,2025-04-05 20:00:00,14493.613134917634,14322.032312223315,13211.798974638043
forecast_2277,2025-04-05 21:00:00,13507.849574483023,13228.345003205965,11984.177423778397
forecast_2278,2025-04-05 22:00:00,11964.991096174317,12415.747311200323,11751.783190747337
forecast_2279,2025-04-05 23:00:00,12626.06204141935,13078.83276310348,11648.982077426403
forecast_2280,2025-04-06 00:00:00,14402.049833704028,14618.380428581686,13038.780238590152
forecast_2281,2025-04-06 01:00:00,13062.593636239231,13009.34825533115,12695.906539066604
forecast_2282,2025-04-06 02:00:00,12789.914447718967,13774.168634965112,12169.56492398348
forecast_2283,2025-04-06 03:00:00,13239.771966405724,13816.135186991123,11618.126079359638
forecast_2284,2025-04-06 04:00:00,13223.149213043951,13189.608781402036,11858.944522153119
forecast_2285,2025-04-06 05:00:00,13610.873536611536,13711.722883567758,11924.683479214742
forecast_2286,2025-04-06 06:00:00,13950.645525024242,13688.63177289748,12651.701662482143
forecast_2287,2025-04-06 07:00:00,15063.518538891141,14505.077844183763,13290.483150672977
forecast_2288,2025-04-06 08:00:00,15289.863083403614,15138.2069419034,13195.202530508364
forecast_2289,2025-04-06 09:00:00,14850.567550718006,14288.75853731709,12132.322708480213
forecast_2290,2025-04-06 10:00:00,12654.34535511806,12100.235514315531,10401.427501618262
forecast_2291,2025-04-06 11:00:00,11693.880448084356,10928.419273993084,9095.623441836775
forecast_2292,2025-04-06 12:00:00,12042.941235462204,11063.32669768939,9576.405078927743
forecast_2293,2025-04-06 13:00:00,12705.726965609278,13249.706359959213,10875.21624055434
forecast_2294,2025-04-06 14:00:00,13149.491272298454,13675.115706013143,11281.078613864804
forecast_2295,2025-04-06 15:00:00,12975.370510533123,13342.442231309047,11957.16645279763
forecast_2296,2025-04-06 16:00:00,12688.536149455864,12859.44870586879,11017.51961420756
forecast_2297,2025-04-06 17:00:00,12972.191642701067,13362.47018577719,11511.3858418629
forecast_2298,2025-04-06 18:00:00,12873.21303118269,12239.311188792091,10486.97903372349
forecast_2299,2025-04-06 19:00:00,13206.096722174052,11490.701808707214,11077.948469338451
forecast_2300,2025-04-06 20:00:00,12883.517450576883,11940.075864820914,11410.422851860769
forecast_2301,2025-04-06 21:00:00,12828.15280806253,12285.547949182415,10993.956673753604
forecast_2302,2025-04-06 22:00:00,13459.262085055994,13750.011124802832,12643.742250821708
forecast_2303,2025-04-06 23:00:00,12948.199967126991,13936.529698405411,12698.195907698853
forecast_2304,2025-04-07 00:00:00,13148.005306387955,13265.655264041123,11677.055250309979
forecast_2305,2025-04-07 01:00:00,14590.168608178685,15756.217597610597,14109.947489175885
forecast_2306,2025-04-07 02:00:00,13740.638711073805,15206.818531560084,13902.274776457167
forecast_2307,2025-04-07 03:00:00,12388.139185728478,13529.5370234415,11272.29623412104
forecast_2308,2025-04-07 04:00:00,11571.775872682652,12045.9654902956,10635.066675032649
forecast_2309,2025-04-07 05:00:00,11096.357284306896,12463.081615495827,9736.739707477927
forecast_2310,2025-04-07 06:00:00,11036.515596396514,12737.47851329688,9560.81489707414
forecast_2311,2025-04-07 07:00:00,10710.399769990625,13009.622097791958,9582.113437502125
forecast_2312,2025-04-07 08:00:00,10367.941485506906,12879.72114302966,9239.860362152438
forecast_2313,2025-04-07 09:00:00,10793.935218506474,12427.71409487967,9349.155873401513
forecast_2314,2025-04-07 10:00:00,10026.899849212628,10739.07508302967,9191.685381539704
forecast_2315,2025-04-07 11:00:00,8401.73758364126,9312.25709705683,9027.341252478693
forecast_2316,2025-04-07 12:00:00,8353.246756210872,9720.272882912694,9350.300427329827
forecast_2317,2025-04-07 13:00:00,8005.21701156315,9145.066384737951,8762.259704582337
forecast_2318,2025-04-07 14:00:00,10103.011989211329,10742.648079332977,10040.56505049954
forecast_2319,2025-04-07 15:00:00,11043.333280954545,12089.956972855403,11164.481282233983
forecast_2320,2025-04-07 16:00:00,11773.233707562222,14006.6251795279,12953.086279749376
forecast_2321,2025-04-07 17:00:00,13032.061292353008,14555.43405835265,13104.635074562604
forecast_2322,2025-04-07 18:00:00,12846.33125750933,14519.534904296603,13575.804764693105
forecast_2323,2025-04-07 19:00:00,15506.825935824221,16741.92914046981,15338.076628559782
forecast_2324,2025-04-07 20:00:00,17134.865301334983,18361.491715277785,15707.151316865324
forecast_2325,2025-04-07 21:00:00,17315.067723687145,18721.87049739785,16051.984914108583
forecast_2326,2025-04-07 22:00:00,17430.61794895537,18776.00575060069,15575.06495084207
forecast_2327,2025-04-07 23:00:00,16983.12103520123,18583.760902733855,12322.181667244902
forecast_2328,2025-04-08 00:00:00,17101.961838423074,18134.301789091023,11777.633300349855
forecast_2329,2025-04-08 01:00:00,17044.760342571364,18330.720579111297,11874.22840245764
forecast_2330,2025-04-08 02:00:00,17161.146257381086,18051.3816038926,12285.122005713667
forecast_2331,2025-04-08 03:00:00,17612.864212252214,18317.196128746673,13232.345334640282
forecast_2332,2025-04-08 04:00:00,17609.187577515495,18595.997867021513,16406.503355977064
forecast_2333,2025-04-08 05:00:00,17666.931334432193,18578.349339752345,14790.511341099447
forecast_2334,2025-04-08 06:00:00,18153.546281815823,18228.647561989357,15124.279263153503
forecast_2335,2025-04-08 07:00:00,17439.633875070078,18104.796032116617,15053.824111525342
forecast_2336,2025-04-08 08:00:00,16979.87632510464,17899.668052595207,14808.602163152615
forecast_2337,2025-04-08 09:00:00,15497.355537491634,15062.06507730141,12614.519060555951
forecast_2338,2025-04-08 10:00:00,13746.994139502987,13618.026851777671,11753.48300578493
forecast_2339,2025-04-08 11:00:00,13278.29998193846,12343.75816955024,10579.495339426534
forecast_2340,2025-04-08 12:00:00,13470.408239432778,12701.532312170535,10327.40587686835
forecast_2341,2025-04-08 13:00:00,13288.84701898502,12349.59544736076,10214.326552184975
forecast_2342,2025-04-08 14:00:00,11234.995161038363,10483.045381517679,8882.75633672401
forecast_2343,2025-04-08 15:00:00,10328.191745553671,9191.651453968629,6899.167184192176
forecast_2344,2025-04-08 16:00:00,7205.954292764479,5771.367381867731,4254.02839677128
forecast_2345,2025-04-08 17:00:00,4107.791141943938,3594.2945823900122,2155.644322545782
forecast_2346,2025-04-08 18:00:00,1399.1228668140377,1410.2394393216364,956.2621938649559
forecast_2347,2025-04-08 19:00:00,1355.0383734131412,1456.0046425380617,586.9524212275259
forecast_2348,2025-04-08 20:00:00,988.2505583356483,884.6468095077119,332.75377903496104
forecast_2349,2025-04-08 21:00:00,1056.6440845753243,770.940190547065,317.22802496637803
forecast_2350,2025-04-08 22:00:00,525.1936147869582,545.752579619035,160.80542241324565
forecast_2351,2025-04-08 23:00:00,632.8159125451419,683.650642037368,245.0588807441256
forecast_2352,2025-04-09 00:00:00,810.2535482555658,732.3595810647207,282.9968328509061
forecast_2353,2025-04-09 01:00:00,871.3731081994167,824.1858558332202,280.0198015379188
forecast_2354,2025-04-09 02:00:00,788.7643738405282,841.4747395776263,346.48335611397323
forecast_2355,2025-04-09 03:00:00,770.6902543066735,755.4555400439109,284.83098882183083
forecast_2356,2025-04-09 04:00:00,819.3561560002375,873.3787909111542,237.51990629951013
forecast_2357,2025-04-09 05:00:00,910.9755393695725,962.892976893645,352.01373655533223
forecast_2358,2025-04-09 06:00:00,1320.969731348336,1187.9331831823456,464.2109672937835
forecast_2359,2025-04-09 07:00:00,1457.0476845407409,1503.2449655933365,754.1193678072376
forecast_2360,2025-04-09 08:00:00,1178.7851323024897,1255.988345032578,570.7416543614171
forecast_2361,2025-04-09 09:00:00,927.5923689021954,1309.3545945699643,645.2552490265125
forecast_2362,2025-04-09 10:00:00,1010.8159257280831,1332.8521014372327,829.4026113186493
forecast_2363,2025-04-09 11:00:00,1264.7425767924487,1498.9876709870844,1039.7482359806472
forecast_2364,2025-04-09 12:00:00,2391.614853999795,2502.1109001975738,2082.8230309465853
forecast_2365,2025-04-09 13:00:00,2603.629238903796,2503.7705416636886,2347.038445594391
forecast_2366,2025-04-09 14:00:00,3344.3771473469515,4045.1746444188834,3174.236309283069
forecast_2367,2025-04-09 15:00:00,4721.727780206525,4938.578042508879,4937.781041379017
forecast_2368,2025-04-09 16:00:00,6570.05677665954,7085.760804499036,6537.714366253132
forecast_2369,2025-04-09 17:00:00,6891.644109782193,6704.822025546365,7678.939318532845
forecast_2370,2025-04-09 18:00:00,7677.627289649214,7202.305529921927,7498.082021861413
forecast_2371,2025-04-09 19:00:00,5863.088881713782,6100.897338698346,4428.426352385496
forecast_2372,2025-04-09 20:00:00,6997.908497430732,8094.095886128725,6554.520997227073
forecast_2373,2025-04-09 21:00:00,3294.820171014751,4148.730186064347,1967.2003492965057
forecast_2374,2025-04-09 22:00:00,4488.632934955773,4999.115587928749,2833.405426360588
forecast_2375,2025-04-09 23:00:00,6381.472270569347,7358.756259811183,4120.304730711843
forecast_2376,2025-04-10 00:00:00,7174.408642730764,8540.694865120478,5048.638576263704
forecast_2377,2025-04-10 01:00:00,6904.5449342334605,8559.259754158376,4909.827740610748
forecast_2378,2025-04-10 02:00:00,7760.380247090024,9300.203070148249,6754.558456928847
forecast_2379,2025-04-10 03:00:00,8062.57466761785,8901.59187406701,6327.962253893851
forecast_2380,2025-04-10 04:00:00,7910.7155963561545,8468.312474488048,5391.309808664907
forecast_2381,2025-04-10 05:00:00,6951.150855512591,7399.1591014040505,5471.279440628243
forecast_2382,2025-04-10 06:00:00,7581.129243637842,7613.49787597207,5641.542958471284
forecast_2383,2025-04-10 07:00:00,6106.1791834206,6530.259559339458,4883.477026544607
forecast_2384,2025-04-10 08:00:00,6512.0785939414745,6222.643177916999,4292.4801092607095
forecast_2385,2025-04-10 09:00:00,5644.618854026107,6365.685984905106,4061.5351539053195
forecast_2386,2025-04-10 10:00:00,4364.061866438762,4412.306522138282,2791.838280056705
forecast_2387,2025-04-10 11:00:00,3607.0356806764103,2925.547220158659,2588.822611084098
forecast_2388,2025-04-10 12:00:00,3112.8268052615895,2842.389066718909,1889.5654516131451
forecast_2389,2025-04-10 13:00:00,2544.7552137223865,2386.016591655408,1627.4559136636185
forecast_2390,2025-04-10 14:00:00,2824.5872474768726,2592.3799565944896,1463.9934130045228
forecast_2391,2025-04-10 15:00:00,2538.900409160939,2650.3367790411344,1521.6128580650654
forecast_2392,2025-04-10 16:00:00,2908.6130570363443,2574.259069726779,1622.2999556397392
forecast_2393,2025-04-10 17:00:00,3266.588788517017,2687.327570668488,1686.1561441227395
forecast_2394,2025-04-10 18:00:00,2441.9060301805616,2012.9882593883813,1119.007438841836
forecast_2395,2025-04-10 19:00:00,2231.0540075538343,2491.2582127210394,849.8782452645648
forecast_2396,2025-04-10 20:00:00,2456.9218242029956,2770.4791933253814,685.2947935213897
forecast_2397,2025-04-10 21:00:00,2599.1767976360043,2551.837228665561,790.8621664938522
forecast_2398,2025-04-10 22:00:00,2798.4648653731224,2868.2318837868497,1110.1545118884515
forecast_2399,2025-04-10 23:00:00,2619.321688630613,2639.526020929405,1474.055617945059
forecast_2400,2025-04-11 00:00:00,2631.241909455266,2594.7351540885024,1380.8185916569971
forecast_2401,2025-04-11 01:00:00,1776.777867925695,1736.321309903152,851.6789288593166
forecast_2402,2025-04-11 02:00:00,1985.5187182050513,1862.755969429818,964.6132015164668
forecast_2403,2025-04-11 03:00:00,1824.9545533865473,1825.6225804779483,918.5836879668026
forecast_2404,2025-04-11 04:00:00,1815.1683574447377,1783.5250700281676,883.1042388712386
forecast_2405,2025-04-11 05:00:00,1673.2980823563034,1961.4932417449113,1082.1983566208426
forecast_2406,2025-04-11 06:00:00,1507.7729339135567,1601.4415266485667,910.2324604499752
forecast_2407,2025-04-11 07:00:00,1169.4359089084664,1442.5579288728927,848.888766175246
forecast_2408,2025-04-11 08:00:00,999.5436498004215,886.6433976075407,424.3047767714603
forecast_2409,2025-04-11 09:00:00,355.82472904448184,397.960637836332,155.26145706048624
forecast_2410,2025-04-11 10:00:00,131.8590469545475,162.28021092034024,117.32253579861104
forecast_2411,2025-04-11 11:00:00,136.60190458379614,205.03498198701814,142.99747497883683
forecast_2412,2025-04-11 12:00:00,196.65056337039505,286.03780904006595,173.89956050458505
forecast_2413,2025-04-11 13:00:00,208.1882385566796,337.6025790606729,283.69693012055546
forecast_2414,2025-04-11 14:00:00,257.7771260650413,381.40369429556426,346.24267102133035
forecast_2415,2025-04-11 15:00:00,343.6848642333436,530.7607553182,503.7165969864758
forecast_2416,2025-04-11 16:00:00,478.12434838901737,451.5718100029893,501.55113102247446
forecast_2417,2025-04-11 17:00:00,503.5075279363516,601.0056471978689,525.1354328812739
forecast_2418,2025-04-11 18:00:00,670.6621062310667,895.6510547358606,592.6201658518452
forecast_2419,2025-04-11 19:00:00,1658.3883905243724,1998.7746357381245,907.6945232415575
forecast_2420,2025-04-11 20:00:00,2222.53769103344,2876.721146679203,1379.318081576565
forecast_2421,2025-04-11 21:00:00,2171.4586799205485,2307.8671374351547,1060.6957166264826
forecast_2422,2025-04-11 22:00:00,2420.909197252285,2881.2598467671924,1426.1882633693785
forecast_2423,2025-04-11 23:00:00,2492.965262532265,2822.5267482374966,1350.6308923990923
forecast_2424,2025-04-12 00:00:00,2660.7502843667025,2867.6314437056235,1442.6805797155575
forecast_2425,2025-04-12 01:00:00,1666.337040012667,1992.130925446629,745.7111925858865
forecast_2426,2025-04-12 02:00:00,2273.8811947092395,2023.3552125608644,1068.6940030521757
forecast_2427,2025-04-12 03:00:00,2497.2203056885683,2604.1185158487474,1309.0187397388656
forecast_2428,2025-04-12 04:00:00,2442.2949911433825,2494.586036676508,1368.3527823135178
forecast_2429,2025-04-12 05:00:00,3188.3012457888117,3082.613432715501,1567.5898419409173
forecast_2430,2025-04-12 06:00:00,3611.980034299767,3579.647610526659,1621.1964535974457
forecast_2431,2025-04-12 07:00:00,3857.956517393318,4740.434900213072,3477.7550572007394
forecast_2432,2025-04-12 08:00:00,4035.929033939286,4671.9093557689075,3719.778398247134
forecast_2433,2025-04-12 09:00:00,7301.68993267765,9060.647941839386,6055.222284836029
forecast_2434,2025-04-12 10:00:00,8437.48458150168,10903.976595820033,9340.640479490126
forecast_2435,2025-04-12 11:00:00,10201.77580142053,12837.978984102341,10929.342602037465
forecast_2436,2025-04-12 12:00:00,10321.319603597898,13034.206333278586,11075.760349616143
forecast_2437,2025-04-12 13:00:00,11614.67781214953,13792.316625492836,11917.836768667654
forecast_2438,2025-04-12 14:00:00,11644.336207598244,13835.656518229069,11879.647157221281
forecast_2439,2025-04-12 15:00:00,11182.211050823435,12356.070385534826,11201.930004373511
forecast_2440,2025-04-12 16:00:00,10767.057996699303,12151.280614437577,11049.532120355163
forecast_2441,2025-04-12 17:00:00,9972.257745814188,11348.67792836167,10405.746576332966
forecast_2442,2025-04-12 18:00:00,11302.435619836193,12912.198858442285,11612.434648513588
forecast_2443,2025-04-12 19:00:00,11234.183228022246,13140.185071289345,12521.10434034427
forecast_2444,2025-04-12 20:00:00,13213.555154586888,14708.799696952774,14277.30633422971
forecast_2445,2025-04-12 21:00:00,13569.954198348827,15086.254021111508,14439.922924542861
forecast_2446,2025-04-12 22:00:00,15177.195048392192,15894.801821096715,13869.281977942512
forecast_2447,2025-04-12 23:00:00,14613.058505694293,15434.370361238536,12989.237439730066
forecast_2448,2025-04-13 00:00:00,14477.275924303338,15773.885834190494,13322.710353801824
forecast_2449,2025-04-13 01:00:00,14839.605765982129,15341.00192635793,13714.157765634196
forecast_2450,2025-04-13 02:00:00,10518.479637345834,12657.237224068593,10953.307377950701
forecast_2451,2025-04-13 03:00:00,11706.804850368348,12595.388625482554,10366.70152316223
forecast_2452,2025-04-13 04:00:00,13990.234163993024,14239.992695834359,12630.146384135654
forecast_2453,2025-04-13 05:00:00,15543.259258514214,15592.423489973531,13387.531132725908
forecast_2454,2025-04-13 06:00:00,15838.008360280885,16172.193165041273,13134.867801047138
forecast_2455,2025-04-13 07:00:00,16389.651799825566,17475.652316015887,12389.38923698928
forecast_2456,2025-04-13 08:00:00,16975.163762910342,18059.15986197422,15237.956323543078
forecast_2457,2025-04-13 09:00:00,16787.417850279446,18142.025090720308,16797.692196542055
forecast_2458,2025-04-13 10:00:00,15330.846131666847,17965.275479310334,16687.43392283672
forecast_2459,2025-04-13 11:00:00,14460.486585681057,17783.137381697252,16462.391999841562
forecast_2460,2025-04-13 12:00:00,14355.703701222481,17673.41228100995,16320.471187524525
forecast_2461,2025-04-13 13:00:00,14495.31352538881,17664.041810197527,16222.856609585371
forecast_2462,2025-04-13 14:00:00,14057.728507271871,17491.325367736128,16056.457487972983
forecast_2463,2025-04-13 15:00:00,14143.286451402153,17575.380692154347,16174.958858751006
forecast_2464,2025-04-13 16:00:00,14893.020029723055,17814.77927733044,16259.9010885802
forecast_2465,2025-04-13 17:00:00,15665.14876826978,17729.30258466125,16578.26135119603
forecast_2466,2025-04-13 18:00:00,15992.629281350968,17560.074131566078,15815.425061317848
forecast_2467,2025-04-13 19:00:00,15663.794767650588,17186.53096004732,15816.483705645935
forecast_2468,2025-04-13 20:00:00,15927.935284889943,17115.657019614275,15889.385841466983
forecast_2469,2025-04-13 21:00:00,16261.289725004724,17215.751462615608,15584.245235225599
forecast_2470,2025-04-13 22:00:00,15086.897766777087,16675.65918240805,15101.760113475044
forecast_2471,2025-04-13 23:00:00,13842.707076424082,16120.79038973724,13757.959245224583
forecast_2472,2025-04-14 00:00:00,13138.820180330857,15736.464265683004,13919.512373181693
forecast_2473,2025-04-14 01:00:00,12355.976184768084,14655.416862010037,13007.729042527524
forecast_2474,2025-04-14 02:00:00,9917.249857500325,12205.21970199309,9415.829853584786
forecast_2475,2025-04-14 03:00:00,8953.23245172923,11182.156431707781,6324.751551460292
forecast_2476,2025-04-14 04:00:00,7577.445943247461,8958.712764390892,5303.261029046451
forecast_2477,2025-04-14 05:00:00,5120.113909673886,5391.717869978501,4012.075278773845
forecast_2478,2025-04-14 06:00:00,5127.609308385079,4352.670824851804,2729.468587745608
forecast_2479,2025-04-14 07:00:00,4619.924443142128,3795.2609083978464,2748.4874035221924
forecast_2480,2025-04-14 08:00:00,2894.0876745323662,2595.68055889329,1428.4628481037803
forecast_2481,2025-04-14 09:00:00,2073.2371671918827,2295.7170411293405,1058.957636299083
forecast_2482,2025-04-14 10:00:00,1122.7197391067803,1381.7473522466967,851.8428584638287
forecast_2483,2025-04-14 11:00:00,2122.782494905858,2301.94961915902,1446.781458821258
forecast_2484,2025-04-14 12:00:00,2872.8333269459476,2779.363876380913,2395.6486060181023
forecast_2485,2025-04-14 13:00:00,2643.8063441201907,2527.2472097238615,2559.6600969055517
forecast_2486,2025-04-14 14:00:00,1604.282588576466,1518.5830858642164,1165.317771217509
forecast_2487,2025-04-14 15:00:00,1008.5763880219782,1008.3413296079716,853.172601058608
forecast_2488,2025-04-14 16:00:00,914.6723152819914,1225.4967504973326,856.8237079387703
forecast_2489,2025-04-14 17:00:00,734.2373842889639,776.4946835248661,541.5881583603611
forecast_2490,2025-04-14 18:00:00,1066.351150509371,1053.0288011625996,736.0947888516699
forecast_2491,2025-04-14 19:00:00,1496.6939288611925,1651.6773777824683,926.6728354596947
forecast_2492,2025-04-14 20:00:00,3005.6652629213577,2788.284933757188,1596.5626775867536
forecast_2493,2025-04-14 21:00:00,3827.5848841244547,3615.3946218988567,2182.3109239374767
forecast_2494,2025-04-14 22:00:00,4224.6378822002935,3650.7613786080374,2619.8015205301926
forecast_2495,2025-04-14 23:00:00,4287.9754017066925,3967.3664939367236,2434.524534705437
forecast_2496,2025-04-15 00:00:00,5611.864144760704,5100.758373427481,3153.833841725186
forecast_2497,2025-04-15 01:00:00,7443.684797855178,6581.397641115986,3748.455917544692
forecast_2498,2025-04-15 02:00:00,8293.590606776124,7042.50406977026,4344.796203939124
forecast_2499,2025-04-15 03:00:00,7817.828532306036,6538.498124949008,4336.547788313424
forecast_2500,2025-04-15 04:00:00,6222.093720278563,5585.819597527029,4176.4321493322195
forecast_2501,2025-04-15 05:00:00,5847.033593843682,5114.457241743979,3355.3548239151874
forecast_2502,2025-04-15 06:00:00,5353.722129146223,5102.273436824958,3455.311188929321
forecast_2503,2025-04-15 07:00:00,7584.59466483381,8277.091801351906,5256.880516274701
forecast_2504,2025-04-15 08:00:00,5696.038771631038,6295.662783683722,4225.87514487993
forecast_2505,2025-04-15 09:00:00,5670.455769352535,6950.285077659575,4569.713026935592
forecast_2506,2025-04-15 10:00:00,7635.814960497889,8494.40974047704,5825.159660843543
forecast_2507,2025-04-15 11:00:00,7792.7718535030435,7065.711699304444,6269.78826602457
forecast_2508,2025-04-15 12:00:00,7300.9748208545225,6728.239844296207,5021.8769508619025
forecast_2509,2025-04-15 13:00:00,8356.155778417113,7193.052557270527,5844.46485856665
forecast_2510,2025-04-15 14:00:00,9814.552167934053,8731.541115784066,6760.824691451203
forecast_2511,2025-04-15 15:00:00,10806.928480046834,9852.522480687592,8157.8368467781165
forecast_2512,2025-04-15 16:00:00,11476.408129116124,10883.743963493023,8547.929238552264
forecast_2513,2025-04-15 17:00:00,12246.46135079188,11774.627157996087,9241.578489820662
forecast_2514,2025-04-15 18:00:00,12525.152484800286,11572.223546951407,9621.342997551032
forecast_2515,2025-04-15 19:00:00,12695.07386419144,11432.555001939221,12068.236042498265
forecast_2516,2025-04-15 20:00:00,12773.686685420653,13659.94656709898,13066.235595911498
forecast_2517,2025-04-15 21:00:00,13399.755651629226,14350.921644662343,14493.487521778936
forecast_2518,2025-04-15 22:00:00,13259.066791402278,15118.010954464255,15481.229905235296
forecast_2519,2025-04-15 23:00:00,14058.321359600897,15167.730078775445,14900.513863645123
forecast_2520,2025-04-16 00:00:00,14163.955715459308,14078.779539874336,14095.741619240052
forecast_2521,2025-04-16 01:00:00,14502.449755873098,14943.816334732834,12798.58356806064
forecast_2522,2025-04-16 02:00:00,13629.720653462897,14384.555542348253,12421.348357920042
forecast_2523,2025-04-16 03:00:00,13804.78239317187,14624.496729456285,11251.253871841554
forecast_2524,2025-04-16 04:00:00,12476.02220203843,13265.311858370233,10887.548210593328
forecast_2525,2025-04-16 05:00:00,12911.964476833557,13902.234071922665,11690.973495387396
forecast_2526,2025-04-16 06:00:00,13213.461213995159,14440.45523112686,12466.712257077952
forecast_2527,2025-04-16 07:00:00,11526.160407330584,12462.596995244641,10042.444767436398
forecast_2528,2025-04-16 08:00:00,10598.14000148041,12225.232863569861,9229.692840751793
forecast_2529,2025-04-16 09:00:00,8203.284394305687,9804.69080596026,7317.603626048234
forecast_2530,2025-04-16 10:00:00,8113.531020694855,9362.462621892506,6966.656279554247
forecast_2531,2025-04-16 11:00:00,9324.32506275403,10355.605842610928,9586.39818231736
forecast_2532,2025-04-16 12:00:00,10985.870214246588,11268.287274275883,11153.962670814431
forecast_2533,2025-04-16 13:00:00,13434.895065790968,13155.049813305677,12892.720904855489
forecast_2534,2025-04-16 14:00:00,14140.335548715277,14455.113776297369,13797.262375082759
forecast_2535,2025-04-16 15:00:00,15732.310718386461,17290.665741427918,14050.345002222113
forecast_2536,2025-04-16 16:00:00,16358.316230600545,17841.570212218645,15051.387402024295
forecast_2537,2025-04-16 17:00:00,17037.765748146918,18564.562812618507,15891.13592472888
forecast_2538,2025-04-16 18:00:00,17541.79307948763,18551.494453644253,16590.265694502505
forecast_2539,2025-04-16 19:00:00,17562.611805022083,18909.56869168139,17252.808721163354
forecast_2540,2025-04-16 20:00:00,17509.47151267093,18823.08303768692,17458.26045403118
forecast_2541,2025-04-16 21:00:00,17326.796178811313,18837.072263289374,17056.283998128063
forecast_2542,2025-04-16 22:00:00,16917.12617580606,18278.62987119134,16052.598801467746
forecast_2543,2025-04-16 23:00:00,16436.99821888275,18170.900314584407,14635.395993739136
forecast_2544,2025-04-17 00:00:00,16851.32217093485,18479.081686574646,15234.065640918774
forecast_2545,2025-04-17 01:00:00,15602.510908913393,17721.91403017753,14398.875290115517
forecast_2546,2025-04-17 02:00:00,14710.873953254106,17095.27698183854,13182.236750167345
forecast_2547,2025-04-17 03:00:00,15559.64101296546,17893.645818010475,14191.447039412997
forecast_2548,2025-04-17 04:00:00,14445.343578168118,16822.44698207813,12485.895731714709
forecast_2549,2025-04-17 05:00:00,13717.098535327701,16021.056412457052,12186.643611719617
forecast_2550,2025-04-17 06:00:00,13419.094853328888,15560.579951658803,11818.714612946776
forecast_2551,2025-04-17 07:00:00,13269.357605650615,15482.6130407371,13422.9697452743
forecast_2552,2025-04-17 08:00:00,12917.13973202061,15226.40047643216,13807.656825093467
forecast_2553,2025-04-17 09:00:00,9828.356922039624,12794.020519891286,11055.303912501759
forecast_2554,2025-04-17 10:00:00,8351.534557208994,11660.844635090076,9346.811202883808
forecast_2555,2025-04-17 11:00:00,8992.420571755285,12674.113879197472,10079.167741869129
forecast_2556,2025-04-17 12:00:00,8746.80855649227,11538.40767471188,10281.467389335245
forecast_2557,2025-04-17 13:00:00,8413.039973365556,10052.271472611324,9633.502094432928
forecast_2558,2025-04-17 14:00:00,8873.868360006298,10341.826464354182,10149.724242187702
forecast_2559,2025-04-17 15:00:00,9311.95285328208,10536.535865292366,10062.511732657314
forecast_2560,2025-04-17 16:00:00,9880.339779486296,12619.334505423996,11491.738355819756
forecast_2561,2025-04-17 17:00:00,10657.600328223789,13855.825051308067,12702.034454381206
forecast_2562,2025-04-17 18:00:00,11137.614021903084,13357.484023056742,12404.740352763036
forecast_2563,2025-04-17 19:00:00,12448.954781042494,14578.998478818301,12267.643420922714
forecast_2564,2025-04-17 20:00:00,13447.763627656226,15675.1538693147,13321.562670594849
forecast_2565,2025-04-17 21:00:00,11165.803077130357,13660.058212423006,11286.103965348007
forecast_2566,2025-04-17 22:00:00,11868.970341507065,13723.664353472564,11243.335151883495
forecast_2567,2025-04-17 23:00:00,10960.511167667362,12848.709859624172,11520.164674322881
forecast_2568,2025-04-18 00:00:00,14190.12694295738,16366.4005624498,15074.90151687508
forecast_2569,2025-04-18 01:00:00,15852.16174390688,17726.995731010004,15447.894607750008
forecast_2570,2025-04-18 02:00:00,15601.68403972323,17653.205820285948,15481.616102700651
forecast_2571,2025-04-18 03:00:00,16433.069322794545,18160.322132910038,16436.60046918479
forecast_2572,2025-04-18 04:00:00,17240.694042409355,18661.24828911688,17078.578811174284
forecast_2573,2025-04-18 05:00:00,16429.2012281403,18509.015603689506,16292.146403391589
forecast_2574,2025-04-18 06:00:00,15658.84265565766,16742.17820485134,13589.925510217434
forecast_2575,2025-04-18 07:00:00,13571.70439117821,13489.064957077471,12504.816133440932
forecast_2576,2025-04-18 08:00:00,12035.978715187988,12654.765763474534,10902.076757999723
forecast_2577,2025-04-18 09:00:00,10739.461982656436,11285.431670922633,9789.3595297331
forecast_2578,2025-04-18 10:00:00,10586.409517635979,10997.751164286718,9440.128218587426
forecast_2579,2025-04-18 11:00:00,9750.316686127047,10366.55245025354,10092.366011070639
forecast_2580,2025-04-18 12:00:00,10173.84888443293,10165.14571133389,9509.096674084778
forecast_2581,2025-04-18 13:00:00,8903.093945143746,9419.932134319068,8627.127001018744
forecast_2582,2025-04-18 14:00:00,8930.177121900382,9002.947060889732,8192.078988945
forecast_2583,2025-04-18 15:00:00,8560.395733904646,8600.443239534103,7471.8402819683515
forecast_2584,2025-04-18 16:00:00,7981.8102596655435,8014.953069146437,7076.61036161496
forecast_2585,2025-04-18 17:00:00,7056.590673126994,7063.798893681858,6330.513767141485
forecast_2586,2025-04-18 18:00:00,9332.776224291907,9142.841249713416,7570.867197197072
forecast_2587,2025-04-18 19:00:00,8947.925553615929,10742.892600296742,8420.809049391131
forecast_2588,2025-04-18 20:00:00,10543.342753329094,11513.990184993389,9079.997606300616
forecast_2589,2025-04-18 21:00:00,10646.076414566443,12085.456455999589,9686.881922668414
forecast_2590,2025-04-18 22:00:00,11311.084022038973,12135.700375824861,10067.213417288003
forecast_2591,2025-04-18 23:00:00,7815.00211435285,10166.151802945054,7317.488107343491
forecast_2592,2025-04-19 00:00:00,10006.124315955456,11543.982109972269,8153.538431646183
forecast_2593,2025-04-19 01:00:00,9038.815721160912,11944.70247504427,7319.436745286318
forecast_2594,2025-04-19 02:00:00,9609.314501170198,11782.625669269726,9216.03893879535
forecast_2595,2025-04-19 03:00:00,12376.73551860808,13766.290627942952,11453.68071624802
forecast_2596,2025-04-19 04:00:00,11079.718974991178,12710.638876985784,10334.154963467927
forecast_2597,2025-04-19 05:00:00,10775.514226733952,12376.435563012918,10665.309876544401
forecast_2598,2025-04-19 06:00:00,11123.049217066176,12701.243875542652,9884.072553564924
forecast_2599,2025-04-19 07:00:00,10445.707706943778,11902.969501962765,10419.6156889173
forecast_2600,2025-04-19 08:00:00,10914.716308398083,13022.420422401503,11703.88827049988
forecast_2601,2025-04-19 09:00:00,9834.139661619134,12761.860959228581,11428.82130794313
forecast_2602,2025-04-19 10:00:00,9077.164895055068,11171.043089163428,10838.131764177993
forecast_2603,2025-04-19 11:00:00,9961.763837421633,12342.744082053568,11684.54800556619
forecast_2604,2025-04-19 12:00:00,12995.761120016869,15216.161295639224,14535.710165149927
forecast_2605,2025-04-19 13:00:00,14749.724325203082,16719.37311517773,15826.354200660515
forecast_2606,2025-04-19 14:00:00,15497.696314820372,17561.73960787254,16129.420359676573
forecast_2607,2025-04-19 15:00:00,15731.367558593183,17694.904331216454,16039.393457948741
forecast_2608,2025-04-19 16:00:00,16091.432321315953,18148.717791497165,16202.837742111824
forecast_2609,2025-04-19 17:00:00,16601.53380770942,18433.324629581686,16093.309107040623
forecast_2610,2025-04-19 18:00:00,16827.10934816732,18573.61002453218,16160.768102061082
forecast_2611,2025-04-19 19:00:00,16750.164946616624,18005.024351894106,14463.657759591679
forecast_2612,2025-04-19 20:00:00,16167.83748062504,16941.59088108643,13978.716372645464
forecast_2613,2025-04-19 21:00:00,15181.337240515582,16145.173109096291,13676.17516780916
forecast_2614,2025-04-19 22:00:00,12937.533424989644,14304.448673548446,12070.51626296554
forecast_2615,2025-04-19 23:00:00,10421.619300074384,12094.961797557422,10592.197183674467
forecast_2616,2025-04-20 00:00:00,8746.128298315069,9231.896178715837,7882.480196198254
forecast_2617,2025-04-20 01:00:00,8280.57199171819,9561.954024662404,7096.086949532117
forecast_2618,2025-04-20 02:00:00,6678.039276449345,7533.746176664138,5822.894129486345
forecast_2619,2025-04-20 03:00:00,5317.964141533977,4933.400619521918,3601.188908441629
forecast_2620,2025-04-20 04:00:00,2514.1694125775107,3016.1642402155635,1999.7441580981824
forecast_2621,2025-04-20 05:00:00,2183.209724263999,2221.0060677214146,1112.062296722145
forecast_2622,2025-04-20 06:00:00,1481.5076196920743,1564.507443612289,643.9271702216868
forecast_2623,2025-04-20 07:00:00,803.5160721489171,791.028022282723,359.7906928220582
forecast_2624,2025-04-20 08:00:00,521.9661095804943,629.8173413217197,167.00970401497432
forecast_2625,2025-04-20 09:00:00,350.76301350859956,452.36441303384305,132.25855844486676
forecast_2626,2025-04-20 10:00:00,155.7710606349811,147.95410176591975,96.57709421994561
forecast_2627,2025-04-20 11:00:00,137.06385105529978,148.09790295645257,97.48109031768708
forecast_2628,2025-04-20 12:00:00,143.79250871220557,143.9075093923373,98.70558768154395
forecast_2629,2025-04-20 13:00:00,221.14502946424983,276.4109231774014,180.01651394212368
forecast_2630,2025-04-20 14:00:00,203.18925873824875,300.7276004554252,201.57504584760594
forecast_2631,2025-04-20 15:00:00,289.94247578844886,366.49514876002996,237.34274640648363
forecast_2632,2025-04-20 16:00:00,331.4269871871799,376.81989229574907,288.4290465159209
forecast_2633,2025-04-20 17:00:00,232.66370622908548,312.2531215396664,224.2393115682901
forecast_2634,2025-04-20 18:00:00,233.15831988516834,320.10073970023126,138.02276806250475
forecast_2635,2025-04-20 19:00:00,387.3569645383163,365.3930631775674,168.32339510296845
forecast_2636,2025-04-20 20:00:00,502.5045229423675,402.25317061042807,205.02466798526953
forecast_2637,2025-04-20 21:00:00,532.7620270069651,386.98492036248416,190.1847340779979
forecast_2638,2025-04-20 22:00:00,656.1338319745626,789.7094342995747,404.40323520718573
forecast_2639,2025-04-20 23:00:00,639.0346079106149,656.4752165469683,383.5612409035409
forecast_2640,2025-04-21 00:00:00,633.5642714703159,715.5212616234088,450.5282119669555
forecast_2641,2025-04-21 01:00:00,633.333602470617,624.3191324470473,256.6108517246132
forecast_2642,2025-04-21 02:00:00,892.9425657538582,906.4197284277694,599.6396895999709
forecast_2643,2025-04-21 03:00:00,751.3973950531243,693.1271894039579,261.01163705231613
forecast_2644,2025-04-21 04:00:00,876.0271510396595,873.1066588820211,307.6414117410668
forecast_2645,2025-04-21 05:00:00,863.1878566696598,873.7065537594084,256.8282271453526
forecast_2646,2025-04-21 06:00:00,1442.6775620971075,1197.7165636190696,475.2726082653617
forecast_2647,2025-04-21 07:00:00,1296.423506826729,1347.0567614160354,612.4501412305373
forecast_2648,2025-04-21 08:00:00,1731.451404643294,1470.5326764600281,776.5723526040919
forecast_2649,2025-04-21 09:00:00,1713.7315298191668,1643.9188021224536,865.0142931350965
forecast_2650,2025-04-21 10:00:00,1287.8754484505166,1479.5360959607724,802.8073774683603
forecast_2651,2025-04-21 11:00:00,1256.5631129841554,1638.849743979989,910.4695802113243
forecast_2652,2025-04-21 12:00:00,1353.921690498951,1781.2942892383032,1284.341253749679
forecast_2653,2025-04-21 13:00:00,1568.541868229107,1951.879750543068,1567.9762330241815
forecast_2654,2025-04-21 14:00:00,1683.0992096579912,2157.0235946772773,1341.0295047221161
forecast_2655,2025-04-21 15:00:00,1651.3204646302133,2229.154126983423,1359.9315657592558
forecast_2656,2025-04-21 16:00:00,1888.819350374792,2440.4263599448054,1639.6103702266926
forecast_2657,2025-04-21 17:00:00,1586.166393902852,1953.647681844522,1385.99624209461
forecast_2658,2025-04-21 18:00:00,1566.9811935045568,1927.0735939993274,1375.7643742383168
forecast_2659,2025-04-21 19:00:00,2174.2830974675435,2371.4877783642214,1421.1079532519943
forecast_2660,2025-04-21 20:00:00,3914.41621078358,5289.095333914085,2951.8577189161497
forecast_2661,2025-04-21 21:00:00,3972.5515562122455,5582.228457765277,2786.441782123193
forecast_2662,2025-04-21 22:00:00,5074.185870469094,7092.597878091935,3072.2779237408113
forecast_2663,2025-04-21 23:00:00,5471.601828054505,7303.928069322756,4019.0598518526695
forecast_2664,2025-04-22 00:00:00,6342.29229502335,7856.015701310854,4194.69925469889
forecast_2665,2025-04-22 01:00:00,7588.792506609334,9143.927696624814,5143.958840706673
forecast_2666,2025-04-22 02:00:00,7278.340847916274,9322.20942101993,5593.5513997583685
forecast_2667,2025-04-22 03:00:00,6219.91752152404,7308.055630172893,4436.50360905379
forecast_2668,2025-04-22 04:00:00,5856.314810323103,6719.201640423414,4301.960442730136
forecast_2669,2025-04-22 05:00:00,4582.175463608642,5459.926799998537,3349.0119702546162
forecast_2670,2025-04-22 06:00:00,4010.203443499964,4706.256764086349,2934.013534145161
forecast_2671,2025-04-22 07:00:00,3028.6318716242226,3363.39478408506,1386.829780381195
forecast_2672,2025-04-22 08:00:00,3237.915672202911,3040.533396505618,1241.3439727457765
forecast_2673,2025-04-22 09:00:00,4643.439647727428,5796.964159868475,3969.8975893580014
forecast_2674,2025-04-22 10:00:00,5355.161942870187,7136.3691519426375,4739.729682946956
forecast_2675,2025-04-22 11:00:00,6637.419321542585,8566.060557419161,6572.115755770349
forecast_2676,2025-04-22 12:00:00,8549.018333553204,10363.489979561104,7543.668603092604
forecast_2677,2025-04-22 13:00:00,9441.747749688542,11409.079825235518,8610.29711971284
forecast_2678,2025-04-22 14:00:00,9178.545136041388,10557.132329393471,7744.250664688718
forecast_2679,2025-04-22 15:00:00,5782.302652746911,7036.144238598946,4353.401204774137
forecast_2680,2025-04-22 16:00:00,4368.616748101768,4868.819037626918,2965.584029344958
forecast_2681,2025-04-22 17:00:00,3127.254172162687,3132.28394033908,1736.4678455542287
forecast_2682,2025-04-22 18:00:00,1917.2894619544866,2429.266527466052,1177.2007702081141
forecast_2683,2025-04-22 19:00:00,2316.7997587068835,3118.4051517155835,1343.7704608675303
forecast_2684,2025-04-22 20:00:00,3862.0002590780555,4458.350588042457,2748.678133291332
forecast_2685,2025-04-22 21:00:00,4325.328129184296,4926.87416551707,2693.3196141045323
forecast_2686,2025-04-22 22:00:00,3859.4241244413483,4239.400272995204,2566.9840351965927
forecast_2687,2025-04-22 23:00:00,3834.3800025145733,4484.315216912857,2869.4327723552274
forecast_2688,2025-04-23 00:00:00,4124.3405304696935,4020.496090793223,2425.750404552352
forecast_2689,2025-04-23 01:00:00,5024.387366696619,5879.208277290863,3367.526219616065
forecast_2690,2025-04-23 02:00:00,4594.6424036632125,5604.276387532423,2697.2417664029117
forecast_2691,2025-04-23 03:00:00,4648.692274118339,5061.05666587575,2822.083741691713
forecast_2692,2025-04-23 04:00:00,4573.131190138677,5335.309387805199,3236.8165739107235
forecast_2693,2025-04-23 05:00:00,4255.75359648362,4765.909288845951,3099.706170909913
forecast_2694,2025-04-23 06:00:00,4006.798969987524,3800.8206667748113,2078.0142211729
forecast_2695,2025-04-23 07:00:00,2718.380303114577,3193.574719364944,1593.4839974297213
forecast_2696,2025-04-23 08:00:00,1906.7217616803548,2139.393754709205,1018.6452726047424
forecast_2697,2025-04-23 09:00:00,1288.3214502658382,1632.8392281662075,909.6799109073207
forecast_2698,2025-04-23 10:00:00,809.2135523446821,761.2947386337651,645.546256498864
forecast_2699,2025-04-23 11:00:00,602.3133592724445,567.3138186775598,494.47343914482303
forecast_2700,2025-04-23 12:00:00,531.9134634478273,524.2840611283962,364.7019513172968
forecast_2701,2025-04-23 13:00:00,305.41369347907647,409.74502828634905,299.6745398529596
forecast_2702,2025-04-23 14:00:00,466.36404788430156,487.0680822702108,318.0205657527713
forecast_2703,2025-04-23 15:00:00,637.0892348868897,794.7100603787533,350.8872625215562
forecast_2704,2025-04-23 16:00:00,1108.5641561744376,1331.8024858410795,540.3912752731775
forecast_2705,2025-04-23 17:00:00,1347.0761602200655,1484.2284036267788,702.2156287365152
forecast_2706,2025-04-23 18:00:00,2625.632672975421,2282.3585671974392,971.6636252421054
forecast_2707,2025-04-23 19:00:00,2483.8937333390727,2812.6116488992175,967.7237096629017
forecast_2708,2025-04-23 20:00:00,4137.439213754446,4467.476042387307,3009.3444405608634
forecast_2709,2025-04-23 21:00:00,5115.544712257347,5880.295453109099,4250.807386815455
forecast_2710,2025-04-23 22:00:00,6690.714014050428,8151.85067946587,6151.065284356289
forecast_2711,2025-04-23 23:00:00,7320.355685987231,8978.936907830475,7063.864444192
forecast_2712,2025-04-24 00:00:00,10656.81914742598,12222.158791164284,9389.379691393493
forecast_2713,2025-04-24 01:00:00,11146.24291544733,12358.188785111472,10806.390312354006
forecast_2714,2025-04-24 02:00:00,10887.067070207815,12179.451956379737,10866.368037940478
forecast_2715,2025-04-24 03:00:00,10881.533770504875,13050.193543184027,11665.37691298735
forecast_2716,2025-04-24 04:00:00,11699.241330761632,13535.690296804978,11997.003148500227
forecast_2717,2025-04-24 05:00:00,13247.116943250976,14885.817475721724,12949.728265673613
forecast_2718,2025-04-24 06:00:00,13632.62760081998,14502.790031569955,11479.997364586228
forecast_2719,2025-04-24 07:00:00,12215.842477266571,13876.011015487487,10779.655030204045
forecast_2720,2025-04-24 08:00:00,11771.648544942207,12825.409319307993,8800.924798797607
forecast_2721,2025-04-24 09:00:00,8984.589338406347,11099.316599568681,7495.300287591135
forecast_2722,2025-04-24 10:00:00,8126.748515117439,9708.255317059498,7091.041624247391
forecast_2723,2025-04-24 11:00:00,8584.503542432101,9542.481713019863,8876.617228918532
forecast_2724,2025-04-24 12:00:00,10459.435654823596,11268.509517242805,10888.521352489763
forecast_2725,2025-04-24 13:00:00,12321.09082818444,13123.953710017484,12037.154631464366
forecast_2726,2025-04-24 14:00:00,15252.85563278868,14889.492035670703,13577.296082052926
forecast_2727,2025-04-24 15:00:00,15536.260985779096,16379.553789947095,14140.425123523752
forecast_2728,2025-04-24 16:00:00,15990.580279117718,17752.38184406502,14079.44785641275
forecast_2729,2025-04-24 17:00:00,16459.333915400144,18061.589549410466,13783.97750017055
forecast_2730,2025-04-24 18:00:00,16812.36127947319,18298.88754790486,14293.238381959198
forecast_2731,2025-04-24 19:00:00,16897.063149661553,18197.72750929956,13740.656995759711
forecast_2732,2025-04-24 20:00:00,16895.267558230717,17914.963266477014,13845.633379147834
forecast_2733,2025-04-24 21:00:00,16517.418141272046,17151.74130667071,13698.045775702965
forecast_2734,2025-04-24 22:00:00,15970.788625403493,15265.168051734745,12105.728677358798
forecast_2735,2025-04-24 23:00:00,15134.910278113513,14306.990176906294,11683.662573448719
forecast_2736,2025-04-25 00:00:00,14637.630111566818,13705.918364100167,10680.367147861418
forecast_2737,2025-04-25 01:00:00,14020.216543412458,13355.705149085905,10572.832487273872
forecast_2738,2025-04-25 02:00:00,13200.860858695982,12708.62416904333,10011.533060362517
forecast_2739,2025-04-25 03:00:00,13389.328535357683,12588.526732635619,9361.267164629628
forecast_2740,2025-04-25 04:00:00,12803.840521147169,12729.968544314308,8961.423642896709
forecast_2741,2025-04-25 05:00:00,12850.951532010022,13497.047102564966,9067.739834588414
forecast_2742,2025-04-25 06:00:00,12876.434231054922,13461.914045130545,8577.677022882834
forecast_2743,2025-04-25 07:00:00,12208.483180055877,12416.746168727519,8702.572715233176
forecast_2744,2025-04-25 08:00:00,12164.226367747491,11917.9582285102,8543.71278125564
forecast_2745,2025-04-25 09:00:00,11152.677642839348,10971.678148486691,7846.473520525416
forecast_2746,2025-04-25 10:00:00,11014.29965037456,10622.478333347768,8021.979447306074
forecast_2747,2025-04-25 11:00:00,11778.379864138758,10676.523182142098,8567.148095849656
forecast_2748,2025-04-25 12:00:00,11385.557826997941,10518.722801623355,8231.381747725263
forecast_2749,2025-04-25 13:00:00,11349.0632926409,10433.158090283549,8117.29189991446
forecast_2750,2025-04-25 14:00:00,11135.012918289853,10159.37909773216,7982.933719721475
forecast_2751,2025-04-25 15:00:00,11322.239910078368,9814.468838275423,8103.841128959869
forecast_2752,2025-04-25 16:00:00,11541.460510945248,10667.633697605224,8460.717848769893
forecast_2753,2025-04-25 17:00:00,11761.147074689561,11019.158292715887,8431.782287118433
forecast_2754,2025-04-25 18:00:00,12131.746861458565,11401.045313131324,8548.215108902039
forecast_2755,2025-04-25 19:00:00,11228.76567881677,10334.844333170853,8407.282451653182
forecast_2756,2025-04-25 20:00:00,12277.558835535454,11329.668317763786,9882.980937219501
forecast_2757,2025-04-25 21:00:00,13892.19013993732,13094.919858293066,11986.071270734255
forecast_2758,2025-04-25 22:00:00,14512.186472040266,14133.42171228409,12610.135506557694
forecast_2759,2025-04-25 23:00:00,11350.067295745377,11543.751580252905,10213.339822998838
forecast_2760,2025-04-26 00:00:00,10423.141335951428,10268.774688823854,8425.089891833031
forecast_2761,2025-04-26 01:00:00,10009.795692570893,10485.268843925496,8588.425194305093
forecast_2762,2025-04-26 02:00:00,10090.257193853893,12236.474803167239,8265.700899636535
forecast_2763,2025-04-26 03:00:00,13369.010056364552,13379.875735831,11200.717607730974
forecast_2764,2025-04-26 04:00:00,14232.9369472454,14038.25212331851,10890.84159007607
forecast_2765,2025-04-26 05:00:00,13795.835118997446,14426.595724890933,10559.233143033938
forecast_2766,2025-04-26 06:00:00,14808.483954683457,14862.267282163499,11693.926456347475
forecast_2767,2025-04-26 07:00:00,13831.63077575142,14506.887427278323,11757.717502505262
forecast_2768,2025-04-26 08:00:00,13258.153946883658,13809.87386272269,11778.243409689663
forecast_2769,2025-04-26 09:00:00,12436.92172898462,12804.364672730318,11829.170380207604
forecast_2770,2025-04-26 10:00:00,11861.847949550804,12676.85287488033,11166.279176980748
forecast_2771,2025-04-26 11:00:00,12767.456404756604,13504.59972923576,12657.736280352661
forecast_2772,2025-04-26 12:00:00,13275.218461803477,13635.508751116755,13018.821496606457
forecast_2773,2025-04-26 13:00:00,13407.740345765935,13668.237306625651,12766.05784120314
forecast_2774,2025-04-26 14:00:00,13740.875921027271,13475.34003606594,13246.233336956586
forecast_2775,2025-04-26 15:00:00,15052.984536340924,15143.614508809169,14191.102851694837
forecast_2776,2025-04-26 16:00:00,15112.970695508195,15379.396481577378,14232.498771541235
forecast_2777,2025-04-26 17:00:00,16069.954020167017,16090.032471243563,14670.91257570581
forecast_2778,2025-04-26 18:00:00,17118.90163126418,17648.83851928078,15324.643641969507
forecast_2779,2025-04-26 19:00:00,17260.165091788098,18294.479591869596,16310.206974633154
forecast_2780,2025-04-26 20:00:00,17504.90969774761,18527.10763199388,16608.84740992997
forecast_2781,2025-04-26 21:00:00,17629.08007140926,18566.169586667973,16945.550187433535
forecast_2782,2025-04-26 22:00:00,17773.584178017612,18568.98452345587,16807.180834622442
forecast_2783,2025-04-26 23:00:00,17910.179023652803,18957.299221176305,16440.900725505642
forecast_2784,2025-04-27 00:00:00,17942.67881186392,18983.759099738247,16415.619870284532
forecast_2785,2025-04-27 01:00:00,17958.503562935075,18871.45083406611,16458.675786081058
forecast_2786,2025-04-27 02:00:00,18026.805025571313,18988.334766855118,16336.581187938786
forecast_2787,2025-04-27 03:00:00,18113.344189367417,19005.88958719035,15934.473774882796
forecast_2788,2025-04-27 04:00:00,18367.12227176379,19028.20727001125,15447.448092485023
forecast_2789,2025-04-27 05:00:00,17935.941137760918,18886.03388845633,14968.609042827342
forecast_2790,2025-04-27 06:00:00,17861.199571286685,18814.836723655862,14346.323175051302
forecast_2791,2025-04-27 07:00:00,17527.008411675863,18204.432126508982,14080.48143492237
forecast_2792,2025-04-27 08:00:00,17089.59562048023,17787.553317186575,14559.921491075653
forecast_2793,2025-04-27 09:00:00,16507.15283911941,17465.549306530684,14464.765473875541
forecast_2794,2025-04-27 10:00:00,16696.134726313863,18143.14622855892,14429.149947554577
forecast_2795,2025-04-27 11:00:00,17316.712748968275,18278.610639162624,14348.14447142743
forecast_2796,2025-04-27 12:00:00,17333.388149824557,18417.205244435783,14381.98377896191
forecast_2797,2025-04-27 13:00:00,17121.89961549806,18402.467504558143,14524.157866355856
forecast_2798,2025-04-27 14:00:00,17091.72629789019,18317.135410685856,14405.726251055723
forecast_2799,2025-04-27 15:00:00,16589.34339015178,18101.295436740205,14341.556518055528
forecast_2800,2025-04-27 16:00:00,16586.565322580267,18119.197081381026,14492.125194050108
forecast_2801,2025-04-27 17:00:00,16775.305916298094,18050.74979716479,14886.38315818128
forecast_2802,2025-04-27 18:00:00,16648.093659525282,17970.229052359344,14837.958871157001
forecast_2803,2025-04-27 19:00:00,16185.430786666993,17739.89527847727,15093.043343665853
forecast_2804,2025-04-27 20:00:00,15891.965442138204,17783.815518342857,15614.149946096095
forecast_2805,2025-04-27 21:00:00,15472.170140660075,16769.334831245393,14348.001114414974
forecast_2806,2025-04-27 22:00:00,16668.910821298858,17685.205885801046,14886.71795232651
forecast_2807,2025-04-27 23:00:00,16749.618432275216,18360.2798200418,15430.219417375294
forecast_2808,2025-04-28 00:00:00,16396.461575481775,16760.195799050118,13347.985251236632
forecast_2809,2025-04-28 01:00:00,14908.710800814508,16412.41858926798,13400.193488903766
forecast_2810,2025-04-28 02:00:00,14497.333643927197,15312.046899318822,12860.85052942288
forecast_2811,2025-04-28 03:00:00,14895.570547068704,16195.89430201454,12888.531908677938
forecast_2812,2025-04-28 04:00:00,12618.993679968768,14096.985604413794,11519.870458287658
forecast_2813,2025-04-28 05:00:00,10803.512536716962,12379.584863941698,10036.944616503788
forecast_2814,2025-04-28 06:00:00,9374.76421067175,10816.28153694175,8748.658473305
forecast_2815,2025-04-28 07:00:00,9617.168109038936,10521.729771909388,7346.09251360041
forecast_2816,2025-04-28 08:00:00,6648.811126644136,7300.873868047222,5392.66910375227
forecast_2817,2025-04-28 09:00:00,4437.696976146624,3924.641476354406,2631.3263008841786
forecast_2818,2025-04-28 10:00:00,5878.503133156282,4996.30906750409,3181.6050394110557
forecast_2819,2025-04-28 11:00:00,8141.369568813185,8193.948320357978,7084.1658528268845
forecast_2820,2025-04-28 12:00:00,11470.058561525002,11541.588359441495,9221.910095051577
forecast_2821,2025-04-28 13:00:00,13504.236511436704,12753.914615534353,9763.582008632275
forecast_2822,2025-04-28 14:00:00,13489.619064461363,12417.203306593825,9591.599155599275
forecast_2823,2025-04-28 15:00:00,11497.2393883833,10975.626343355361,8199.02739781204
forecast_2824,2025-04-28 16:00:00,8948.723061402483,7742.9568100933175,5654.738376568325
forecast_2825,2025-04-28 17:00:00,6522.703904872558,5700.340991740708,4326.746313661499
forecast_2826,2025-04-28 18:00:00,5080.856378179953,3923.316778003071,2830.9846969856376
forecast_2827,2025-04-28 19:00:00,3982.7994318581386,3748.377269777907,2795.3067730174216
forecast_2828,2025-04-28 20:00:00,5587.031603792748,5415.084391940621,3254.4227490648136
forecast_2829,2025-04-28 21:00:00,6214.518325039947,5533.746069176431,3729.638231802119
forecast_2830,2025-04-28 22:00:00,5166.455440393721,5523.814378004352,3821.4814798665607
forecast_2831,2025-04-28 23:00:00,4393.6457856772595,4573.762353123811,3481.6746650322516
forecast_2832,2025-04-29 00:00:00,4540.498485559223,4380.761094322258,3140.9305911444385
forecast_2833,2025-04-29 01:00:00,3710.9634261836395,3515.9375546975443,1773.1120149533413
forecast_2834,2025-04-29 02:00:00,2849.4576020223217,2594.0761027013336,1444.8800690821001
forecast_2835,2025-04-29 03:00:00,2256.456188889318,2178.0342804882894,1364.6980127442187
forecast_2836,2025-04-29 04:00:00,2289.6374810286443,2224.947283730449,1416.9849409391882
forecast_2837,2025-04-29 05:00:00,2800.1539572379456,2659.938248348597,1822.055335286825
forecast_2838,2025-04-29 06:00:00,4066.244794406615,4336.979138668426,2765.7814122224145
forecast_2839,2025-04-29 07:00:00,4578.241546475109,5356.93698501293,3609.143768220556
forecast_2840,2025-04-29 08:00:00,4958.308557910568,6099.255950649517,4231.642652362709
forecast_2841,2025-04-29 09:00:00,5702.171393660215,6876.793846743819,5176.58191142677
forecast_2842,2025-04-29 10:00:00,6428.623868226238,6565.207036874651,5451.652907736196
forecast_2843,2025-04-29 11:00:00,6442.445541425465,6183.439630439576,5367.481877112387
forecast_2844,2025-04-29 12:00:00,6347.074806348246,5904.1729533036505,5751.101052412601
forecast_2845,2025-04-29 13:00:00,6214.922947124134,5908.265396487571,5988.406069693468
forecast_2846,2025-04-29 14:00:00,5975.407947918884,6182.443594567743,5839.576678767306
forecast_2847,2025-04-29 15:00:00,6790.789277489695,7503.416552414853,8283.88784353978
forecast_2848,2025-04-29 16:00:00,7724.648499468171,7880.875154844724,8610.764137658482
forecast_2849,2025-04-29 17:00:00,6858.728322816128,6889.434903377075,6811.239239101585
forecast_2850,2025-04-29 18:00:00,6109.613231986999,6149.601115667378,5502.345200678259
forecast_2851,2025-04-29 19:00:00,8012.3399286845315,9316.62518043223,8302.87129653931
forecast_2852,2025-04-29 20:00:00,11410.011723575237,13181.782067346981,11432.093496159974
forecast_2853,2025-04-29 21:00:00,13753.329663632443,14845.46864520941,14127.648781331682
forecast_2854,2025-04-29 22:00:00,16264.822560567523,16767.014019299135,16303.40138059642
forecast_2855,2025-04-29 23:00:00,16994.826800279723,17599.42191353279,16204.80863499106
forecast_2856,2025-04-30 00:00:00,17639.85925329893,18097.772842187896,16003.070574405776
forecast_2857,2025-04-30 01:00:00,14838.815942668172,16160.657541219573,14241.941114620115
forecast_2858,2025-04-30 02:00:00,15303.286003787709,16821.63688676817,15495.613940405154
forecast_2859,2025-04-30 03:00:00,16831.110906140635,17778.93323470634,15844.85368223266
forecast_2860,2025-04-30 04:00:00,17071.549400099757,18166.02894035546,16222.349182526275
forecast_2861,2025-04-30 05:00:00,17026.596040651144,18202.840330749015,16805.34117971799
forecast_2862,2025-04-30 06:00:00,16782.597926037288,17777.082472876842,15775.212788107663
forecast_2863,2025-04-30 07:00:00,14777.550541636843,15935.32545315971,14160.846716446758
forecast_2864,2025-04-30 08:00:00,13875.751762576747,15409.43727287622,13577.204014140514
forecast_2865,2025-04-30 09:00:00,13908.992914187153,15688.699970269849,13352.032312963298
forecast_2866,2025-04-30 10:00:00,12140.925602188232,14130.157397110934,12100.257898717595
forecast_2867,2025-04-30 11:00:00,11827.975473360164,13309.887848469343,11963.433770445774
forecast_2868,2025-04-30 12:00:00,10802.205933767387,12460.186956089241,11716.48018871101
forecast_2869,2025-04-30 13:00:00,9846.703089995843,11972.332091780683,11272.149895464421
forecast_2870,2025-04-30 14:00:00,9271.262060492305,11659.06592900188,10848.729888388936
forecast_2871,2025-04-30 15:00:00,8888.171978581597,10893.198344159478,10421.217148966527
forecast_2872,2025-04-30 16:00:00,8100.468613208868,10120.97916953082,9236.918465686767
forecast_2873,2025-04-30 17:00:00,6742.790690139314,8935.668912954243,8140.686035067222
forecast_2874,2025-04-30 18:00:00,5744.392336417465,7622.182360424698,6393.545377518436
forecast_2875,2025-04-30 19:00:00,4664.665667338589,5825.322961259583,3907.8913131367262
forecast_2876,2025-04-30 20:00:00,4754.332703402225,6381.687435581366,4431.6851117935585
forecast_2877,2025-04-30 21:00:00,7527.815264075194,9555.516748501523,6070.00935219113
forecast_2878,2025-04-30 22:00:00,8104.6310838351665,10879.888055022408,6401.771223461841
forecast_2879,2025-04-30 23:00:00,8417.76420754072,11151.725474038944,6957.980462133332
forecast_2880,2025-05-01 00:00:00,9095.446673532188,10725.13783637111,7121.333984743254
forecast_2881,2025-05-01 01:00:00,10649.026062213481,11705.31277629098,8252.187954151661
forecast_2882,2025-05-01 02:00:00,10706.086116411916,12167.459905393138,8833.40719330142
forecast_2883,2025-05-01 03:00:00,12677.36110623649,13735.242257047648,11027.867655731769
forecast_2884,2025-05-01 04:00:00,13252.493011041903,14990.247941367033,12496.892578067595
forecast_2885,2025-05-01 05:00:00,12952.768679848354,15342.286575030286,13264.507456643336
forecast_2886,2025-05-01 06:00:00,13518.231089723688,15394.573008933841,13344.153878388272
forecast_2887,2025-05-01 07:00:00,13715.10427100518,15925.05727139127,13539.674551988479
forecast_2888,2025-05-01 08:00:00,13720.929421469755,16503.28416719461,13484.998625552555
forecast_2889,2025-05-01 09:00:00,13953.916036393775,16075.80470895265,13640.736460515247
forecast_2890,2025-05-01 10:00:00,13670.587343382715,15705.99823917634,14320.077735819477
forecast_2891,2025-05-01 11:00:00,14603.459172630546,16005.360114906525,15028.812213118374
forecast_2892,2025-05-01 12:00:00,14636.893674579158,16630.520357477308,14829.830368399804
forecast_2893,2025-05-01 13:00:00,14917.50685366177,16655.896645858542,14999.49130352989
forecast_2894,2025-05-01 14:00:00,13605.891557168221,15927.466010271779,14177.79308382741
forecast_2895,2025-05-01 15:00:00,13999.56758172572,15650.660493497095,14597.628683805544
forecast_2896,2025-05-01 16:00:00,14367.237328111978,15884.817366979243,15203.824245635986
forecast_2897,2025-05-01 17:00:00,11388.854341790311,14054.098628506801,12152.707814481773
forecast_2898,2025-05-01 18:00:00,10011.190536690725,12520.850340807307,11068.809028964079
forecast_2899,2025-05-01 19:00:00,9560.310960883557,12358.084150807153,11354.741687941196
forecast_2900,2025-05-01 20:00:00,10849.157197466111,13832.34706492426,12551.604021698215
forecast_2901,2025-05-01 21:00:00,9934.346232976977,11623.677487372532,9531.496075892905
forecast_2902,2025-05-01 22:00:00,10588.076359234105,12223.209884299362,11026.411559521614
forecast_2903,2025-05-01 23:00:00,13077.902542988353,14765.198714641492,12628.06660687422
forecast_2904,2025-05-02 00:00:00,15787.440215840597,15844.513662681064,13273.072470979672
forecast_2905,2025-05-02 01:00:00,14554.529025887792,15629.28413357935,13742.398274363717
forecast_2906,2025-05-02 02:00:00,15840.458816826273,16316.164375206401,13921.068000081548
forecast_2907,2025-05-02 03:00:00,15888.743600456326,15983.586178627867,12669.155579317416
forecast_2908,2025-05-02 04:00:00,16098.358700533898,15946.742486398607,14412.795749096185
forecast_2909,2025-05-02 05:00:00,16801.772754898502,17336.67096982686,14654.090434916314
forecast_2910,2025-05-02 06:00:00,15958.583285611716,16703.14457240275,14653.152703446152
forecast_2911,2025-05-02 07:00:00,15152.030536199643,15042.57355579699,12954.076773187931
forecast_2912,2025-05-02 08:00:00,13887.413694523377,13904.580446171665,10990.910970366238
forecast_2913,2025-05-02 09:00:00,12535.065440455832,12250.874576209493,9076.282625951508
forecast_2914,2025-05-02 10:00:00,11471.24240020852,10372.097774736307,8757.480788615521
forecast_2915,2025-05-02 11:00:00,8842.683897034392,8513.000618336333,6975.718652285662
forecast_2916,2025-05-02 12:00:00,8137.838263817071,7313.153436891738,6425.333376339787
forecast_2917,2025-05-02 13:00:00,7974.4469737280915,6686.228395086947,5703.8305753531795
forecast_2918,2025-05-02 14:00:00,7969.171382499508,6338.28581455033,5936.066939901816
forecast_2919,2025-05-02 15:00:00,7387.081146169367,6265.696699802481,5668.840687648856
forecast_2920,2025-05-02 16:00:00,7030.080340759924,5723.426884493502,5235.647211906938
forecast_2921,2025-05-02 17:00:00,6225.382098747153,5478.52803073639,5311.32469429977
forecast_2922,2025-05-02 18:00:00,7828.146026744823,7956.039703056424,7448.619215763365
forecast_2923,2025-05-02 19:00:00,9073.657567378865,8842.762836618802,8801.790456847086
forecast_2924,2025-05-02 20:00:00,10402.697901501599,10624.596414613103,11038.201068068007
forecast_2925,2025-05-02 21:00:00,11068.187722447614,11646.707755317611,12092.707589119322
forecast_2926,2025-05-02 22:00:00,10045.190580670656,11071.056093471498,10368.342260131767
forecast_2927,2025-05-02 23:00:00,9685.84700553981,10706.394417706279,9091.29857986778
forecast_2928,2025-05-03 00:00:00,9954.76885073426,12074.335677758785,9271.5028591208
forecast_2929,2025-05-03 01:00:00,10267.281076248977,12029.573953792758,8564.804177958185
forecast_2930,2025-05-03 02:00:00,11135.048498306713,11592.44913794168,10071.654151393945
forecast_2931,2025-05-03 03:00:00,9558.124533730455,10671.601939633872,8902.86091973258
forecast_2932,2025-05-03 04:00:00,8244.087587797963,9568.193611066325,6824.381051845318
forecast_2933,2025-05-03 05:00:00,8178.403651326747,8349.978821535835,6565.319216770177
forecast_2934,2025-05-03 06:00:00,5549.992155903129,5726.792686131391,3871.0039970736693
forecast_2935,2025-05-03 07:00:00,3217.446625645031,3361.09816693235,2016.7161925581854
forecast_2936,2025-05-03 08:00:00,2328.2346274261054,2609.7503463990124,1596.4857592013457
forecast_2937,2025-05-03 09:00:00,3500.768415692286,3797.363277773091,2840.7703062263026
forecast_2938,2025-05-03 10:00:00,5489.0106444147805,6315.028708067932,4500.020503488149
forecast_2939,2025-05-03 11:00:00,8899.397964930962,10981.705416796638,8977.516968608492
forecast_2940,2025-05-03 12:00:00,10162.22134928758,12237.415075808987,10156.30713334972
forecast_2941,2025-05-03 13:00:00,10184.18715987117,12794.536256463387,11397.288641181327
forecast_2942,2025-05-03 14:00:00,10746.208531059237,12327.592376271381,11631.223101173387
forecast_2943,2025-05-03 15:00:00,11747.931003433709,12258.242166732494,12561.265732516224
forecast_2944,2025-05-03 16:00:00,12282.654099252943,12209.014820501134,12350.890813889622
forecast_2945,2025-05-03 17:00:00,10518.358185482912,10006.814302184934,9391.696359898022
forecast_2946,2025-05-03 18:00:00,10746.201354400302,10669.63659193554,9633.516856620286
forecast_2947,2025-05-03 19:00:00,12096.39237142153,11686.003845035437,11427.618925197556
forecast_2948,2025-05-03 20:00:00,14511.032802293532,14948.03069970538,12297.373910201837
forecast_2949,2025-05-03 21:00:00,13169.298809155927,13397.044731708875,11087.640055682632
forecast_2950,2025-05-03 22:00:00,12895.752606277336,13535.719831722578,10878.60005037291
forecast_2951,2025-05-03 23:00:00,14181.109566005453,14420.157468993171,11971.773639448793
forecast_2952,2025-05-04 00:00:00,13967.932590802784,15039.80608062264,12770.154025006625
forecast_2953,2025-05-04 01:00:00,13990.142923382771,14355.241634034997,12496.740017060658
forecast_2954,2025-05-04 02:00:00,13446.719516922702,13958.558649709426,12204.864882108208
forecast_2955,2025-05-04 03:00:00,13420.983761481837,13183.694381547451,11841.856080743122
forecast_2956,2025-05-04 04:00:00,13325.315166816661,12874.077157219048,11042.140427159822
forecast_2957,2025-05-04 05:00:00,14090.713553838956,14116.327918904139,11230.517303968927
forecast_2958,2025-05-04 06:00:00,14382.504585797193,14843.851698208651,11784.573670914593
forecast_2959,2025-05-04 07:00:00,14152.090712099016,14111.945239770923,10137.59740357553
forecast_2960,2025-05-04 08:00:00,13867.991325909145,13344.984793808964,8454.840625446444
forecast_2961,2025-05-04 09:00:00,13816.571820180263,12345.220051378748,8667.094365289306
forecast_2962,2025-05-04 10:00:00,13430.713858647357,12307.11806176008,9119.240168774637
forecast_2963,2025-05-04 11:00:00,13350.291795929212,12531.102160063258,9541.520534707073
forecast_2964,2025-05-04 12:00:00,13455.861608409636,13443.174375305194,11221.451077880287
forecast_2965,2025-05-04 13:00:00,13994.527881468366,14889.203053227013,11205.210818335769
forecast_2966,2025-05-04 14:00:00,15211.232866970468,16738.759372142613,13098.842314092102
forecast_2967,2025-05-04 15:00:00,15364.267463539463,17146.63495078511,13060.265484229043
forecast_2968,2025-05-04 16:00:00,15037.813895074853,16875.958608626333,11967.604927160532
forecast_2969,2025-05-04 17:00:00,14693.489978835594,16449.164631969288,12644.675605809869
forecast_2970,2025-05-04 18:00:00,14855.517547705167,15369.35407992392,12412.275385435125
forecast_2971,2025-05-04 19:00:00,14432.005512323623,14593.366328589524,12265.572243063165
forecast_2972,2025-05-04 20:00:00,14065.693824913575,13412.681085480166,10790.2561352595
forecast_2973,2025-05-04 21:00:00,12462.45064381922,11398.807591864404,7271.772922132294
forecast_2974,2025-05-04 22:00:00,9266.711560541411,9069.260996130486,5753.11777287849
forecast_2975,2025-05-04 23:00:00,7433.577322534206,7580.693716984257,5778.224032237751
forecast_2976,2025-05-05 00:00:00,6225.020175430736,6145.478371193441,4856.597602668749
forecast_2977,2025-05-05 01:00:00,5488.072872065446,5970.943847618869,3886.370729827653
forecast_2978,2025-05-05 02:00:00,5047.053200518153,3744.8384445505376,3567.9332800733623
forecast_2979,2025-05-05 03:00:00,4742.862149645271,3520.4890816248303,3413.0141308613756
forecast_2980,2025-05-05 04:00:00,3363.0064140592153,3165.8499306862973,2330.7326339712026
forecast_2981,2025-05-05 05:00:00,2601.953847858414,2128.5953891718477,1549.893415791213
forecast_2982,2025-05-05 06:00:00,1226.698676728979,1051.8900773779308,659.3542653872058
forecast_2983,2025-05-05 07:00:00,867.225352015633,729.6351844874988,404.0348081640684
forecast_2984,2025-05-05 08:00:00,823.2901961724849,698.943587173023,270.279446279581
forecast_2985,2025-05-05 09:00:00,653.4753117272521,517.1572892123547,246.06720203225083
forecast_2986,2025-05-05 10:00:00,324.4334679838268,315.51099251622264,218.44691464674605
forecast_2987,2025-05-05 11:00:00,253.75119232397225,260.0398273398149,395.372802553072
forecast_2988,2025-05-05 12:00:00,286.7346015743841,356.5305001357688,371.70943829343577
forecast_2989,2025-05-05 13:00:00,377.587271528995,342.65531494288865,348.4703309614152
forecast_2990,2025-05-05 14:00:00,461.676663453326,453.02118436025887,386.4790369794227
forecast_2991,2025-05-05 15:00:00,607.5845085608697,492.7799565601195,347.17493373696385
forecast_2992,2025-05-05 16:00:00,558.4603956468726,420.9630525789717,292.7377317815275
forecast_2993,2025-05-05 17:00:00,796.5023851422634,802.2844592413493,450.65147629041144
forecast_2994,2025-05-05 18:00:00,1147.2198468390443,1236.1869496031698,564.6250126215893
forecast_2995,2025-05-05 19:00:00,4551.181257543967,4322.411717643485,3177.397384234229
forecast_2996,2025-05-05 20:00:00,4886.281623647491,4777.711409386407,3343.836137494229
forecast_2997,2025-05-05 21:00:00,3391.6493294577413,3178.0575950187226,1733.7742904077845
forecast_2998,2025-05-05 22:00:00,3601.368464184856,3592.460909626218,1959.6963027149493
forecast_2999,2025-05-05 23:00:00,1986.3793847763031,2435.9196922806086,1136.574494120676
forecast_3000,2025-05-06 00:00:00,3245.6909155523304,3063.114612073495,1393.0005548750717
forecast_3001,2025-05-06 01:00:00,1699.0840491598683,1455.5119603798807,499.1011275089001
forecast_3002,2025-05-06 02:00:00,609.0873667110914,647.1830508692493,210.7753366153049
forecast_3003,2025-05-06 03:00:00,463.10632583424484,450.2980296735956,231.43653795009834
forecast_3004,2025-05-06 04:00:00,493.7323958042149,465.5102050057852,181.06865066853356
forecast_3005,2025-05-06 05:00:00,647.1412143414802,735.6413893554693,273.74840672456827
forecast_3006,2025-05-06 06:00:00,771.8363766700379,797.4745705926771,229.11942037982712
forecast_3007,2025-05-06 07:00:00,1008.1327194634573,1076.8041207773674,323.7478171155013
forecast_3008,2025-05-06 08:00:00,1250.374708915769,1191.4700548603394,461.0640832501286
forecast_3009,2025-05-06 09:00:00,965.2681349789823,845.983508893883,589.5677812938401
forecast_3010,2025-05-06 10:00:00,860.0120478989303,795.1196930361625,444.6578264647579
forecast_3011,2025-05-06 11:00:00,591.3790167600254,593.8087559595076,373.45319770413136
forecast_3012,2025-05-06 12:00:00,365.05783289082365,397.6458262653596,380.3138793236088
forecast_3013,2025-05-06 13:00:00,411.47179856710596,489.78687059262745,355.1965742957268
forecast_3014,2025-05-06 14:00:00,469.6712802280062,653.6889799504011,538.4727460004832
forecast_3015,2025-05-06 15:00:00,546.1205584381028,488.0338757853898,385.8440507906725
forecast_3016,2025-05-06 16:00:00,405.8490395988945,439.4502754085987,290.7620844046704
forecast_3017,2025-05-06 17:00:00,327.31434576785404,369.9601469910418,271.0997527201384
forecast_3018,2025-05-06 18:00:00,345.1659669109467,330.5227050916776,142.31156055619186
forecast_3019,2025-05-06 19:00:00,354.3568703616199,339.4650944191383,144.69494211619727
forecast_3020,2025-05-06 20:00:00,470.23801212098397,588.3683708803826,228.67486591229056
forecast_3021,2025-05-06 21:00:00,914.4057643832965,774.8366036789098,472.741995454658
forecast_3022,2025-05-06 22:00:00,2087.9625768981396,1660.566457477428,848.383125709163
forecast_3023,2025-05-06 23:00:00,1815.0220722955721,1711.9941021960103,936.9718935536771
forecast_3024,2025-05-07 00:00:00,1919.6572547342764,1872.0351980775995,1068.9713240734256
forecast_3025,2025-05-07 01:00:00,2691.013790912397,2183.7230396395184,1382.5814018760318
forecast_3026,2025-05-07 02:00:00,2112.847051187855,1850.1823844696721,1047.7113090035743
forecast_3027,2025-05-07 03:00:00,1923.571875949467,1469.9074072471778,783.2385925130374
forecast_3028,2025-05-07 04:00:00,2601.595621566945,2034.9189051728404,1517.64724129118
forecast_3029,2025-05-07 05:00:00,2971.4871686431397,2256.0885000418275,1563.8734915367627
forecast_3030,2025-05-07 06:00:00,2708.724126475042,2560.3483826580273,1431.1758035656198
forecast_3031,2025-05-07 07:00:00,2879.0449455952075,2548.37114726175,1535.9044261372112
forecast_3032,2025-05-07 08:00:00,1840.117686183591,1580.882539725946,1036.4378395410895
forecast_3033,2025-05-07 09:00:00,1900.938049187136,1879.7918745831064,1317.47434947767
forecast_3034,2025-05-07 10:00:00,1433.2994357374057,1473.8222823349602,853.2044741960028
forecast_3035,2025-05-07 11:00:00,1070.0710680025593,943.4373630157063,724.1698022783204
forecast_3036,2025-05-07 12:00:00,1404.9297452869462,1203.7074855623114,1028.326095837151
forecast_3037,2025-05-07 13:00:00,1069.3960930735357,884.2324394777977,731.6214704169348
forecast_3038,2025-05-07 14:00:00,1274.9873069211792,1185.263481400352,908.6938332107351
forecast_3039,2025-05-07 15:00:00,868.3821593679303,832.7077684407216,630.4384247351567
forecast_3040,2025-05-07 16:00:00,763.977922769129,865.674428416425,580.2122423463863
forecast_3041,2025-05-07 17:00:00,661.7404600674032,746.5875116466149,476.9951795593666
forecast_3042,2025-05-07 18:00:00,694.7834309080973,706.3019357819167,554.265955651587
forecast_3043,2025-05-07 19:00:00,1036.5089602829946,1010.9317823697803,656.6639183645691
forecast_3044,2025-05-07 20:00:00,1990.304600741401,1708.3317646636524,1160.2637386816023
forecast_3045,2025-05-07 21:00:00,2897.270826603901,2845.5584507526737,1985.4878726353652
forecast_3046,2025-05-07 22:00:00,3803.2240692915557,3947.5135789898272,2899.2274097342133
forecast_3047,2025-05-07 23:00:00,6278.345316308556,6455.720902795925,4537.714809024332
forecast_3048,2025-05-08 00:00:00,5199.153290172816,5265.579013114614,3053.301303120605
forecast_3049,2025-05-08 01:00:00,4256.684423158956,4216.418191477334,2788.1716221436654
forecast_3050,2025-05-08 02:00:00,6606.146579789596,6377.831894900244,4041.56157723242
forecast_3051,2025-05-08 03:00:00,7059.123357809844,8085.5555919717735,5907.232885292716
forecast_3052,2025-05-08 04:00:00,10017.32939761958,9882.88774097214,7690.352776714767
forecast_3053,2025-05-08 05:00:00,9574.50134471661,8386.535807046981,6084.981950199116
forecast_3054,2025-05-08 06:00:00,7247.255445097449,6966.014776744722,4680.290324221454
forecast_3055,2025-05-08 07:00:00,4377.528826122347,4825.8522373562755,3057.920800329075
forecast_3056,2025-05-08 08:00:00,3797.9574139790852,2913.355511808517,2353.8042157419814
forecast_3057,2025-05-08 09:00:00,1120.359548441396,994.1842619111344,831.1423951798906
forecast_3058,2025-05-08 10:00:00,619.6527009257355,488.24992063511263,405.0125696586512
forecast_3059,2025-05-08 11:00:00,447.01599657239314,452.30672501976574,337.74264791162653
forecast_3060,2025-05-08 12:00:00,410.8968583644057,493.64072939251736,365.16003610259946
forecast_3061,2025-05-08 13:00:00,572.5067134352781,796.1591918919227,534.0181034755976
forecast_3062,2025-05-08 14:00:00,2381.171882442289,3184.565458062659,1994.572332803472
forecast_3063,2025-05-08 15:00:00,1462.3245533988297,1861.1657498969146,1128.7598163945695
forecast_3064,2025-05-08 16:00:00,2213.1194495804634,2685.1582245044847,1595.2543548153044
forecast_3065,2025-05-08 17:00:00,1856.8149733321288,2459.5114556308104,1581.1269550199702
forecast_3066,2025-05-08 18:00:00,2509.0616526760286,3017.7627366702764,2095.022480843664
forecast_3067,2025-05-08 19:00:00,3166.771974126735,4246.806008829826,2649.956530150096
forecast_3068,2025-05-08 20:00:00,2313.0331681574844,2526.7444133726526,1701.9913173712114
forecast_3069,2025-05-08 21:00:00,2280.3766534679926,2476.9169633712077,1142.1454549938628
forecast_3070,2025-05-08 22:00:00,2078.9285586173055,2556.962909622789,1253.730952313139
forecast_3071,2025-05-08 23:00:00,1677.8260845685913,1974.2494150669816,1036.9344726142722
forecast_3072,2025-05-09 00:00:00,2874.908014693419,3187.3110410985214,1709.7566748971685
forecast_3073,2025-05-09 01:00:00,4727.104963806419,5729.2739177196045,3555.381214394179
forecast_3074,2025-05-09 02:00:00,5036.421299009623,5351.481092245161,3437.3700662043407
forecast_3075,2025-05-09 03:00:00,3993.5011243736935,4503.454217771607,2436.060504621228
forecast_3076,2025-05-09 04:00:00,4327.563916716083,4672.571066086715,2375.9440593142394
forecast_3077,2025-05-09 05:00:00,3049.328291881472,3285.64164339923,1452.4521319898429
forecast_3078,2025-05-09 06:00:00,2729.2345872577707,2680.1105170929313,1136.9268615221583
forecast_3079,2025-05-09 07:00:00,1934.99687118231,2296.5552091793347,897.5725304028591
forecast_3080,2025-05-09 08:00:00,1946.0492887290138,2132.67143666796,794.2383542794238
forecast_3081,2025-05-09 09:00:00,2242.3956339190267,2086.597865497047,1012.3695115548311
forecast_3082,2025-05-09 10:00:00,3451.1126675816736,3134.813388541642,1387.264492490799
forecast_3083,2025-05-09 11:00:00,3696.106947502355,4133.742658041386,1868.5518294053743
forecast_3084,2025-05-09 12:00:00,4898.601764362527,6051.009861965125,3297.514366557983
forecast_3085,2025-05-09 13:00:00,6933.640628436679,7867.683036321223,5150.23486592669
forecast_3086,2025-05-09 14:00:00,10221.97574545609,12544.97829972212,10073.985341333942
forecast_3087,2025-05-09 15:00:00,11634.239013235176,13291.141773392059,11584.705481311363
forecast_3088,2025-05-09 16:00:00,11703.557579642911,13394.602554450688,11637.98805209271
forecast_3089,2025-05-09 17:00:00,12905.55846448377,14893.0052191167,12081.569514409033
forecast_3090,2025-05-09 18:00:00,11042.723176119267,13260.767279328706,10181.590176143782
forecast_3091,2025-05-09 19:00:00,9034.49294198577,10771.54468410825,9271.053224725185
forecast_3092,2025-05-09 20:00:00,6302.796355940764,6800.696030967291,4590.617540714598
forecast_3093,2025-05-09 21:00:00,3826.2447438785143,3357.8130481061544,1752.1082591851848
forecast_3094,2025-05-09 22:00:00,1858.1500974599692,2318.0028688868906,802.4466621894296
forecast_3095,2025-05-09 23:00:00,2781.6154182834553,2917.945182818117,1373.4442449913195
forecast_3096,2025-05-10 00:00:00,7040.2844195072685,8030.595725271255,4927.16881271839
forecast_3097,2025-05-10 01:00:00,10883.45543374252,11838.843143158485,10585.074148308839
forecast_3098,2025-05-10 02:00:00,12070.59106850805,13423.101443215315,11066.247757520487
forecast_3099,2025-05-10 03:00:00,12583.09615210516,14668.260064114009,12713.401773831554
forecast_3100,2025-05-10 04:00:00,14062.97522002097,15855.82313197491,13375.999056037022
forecast_3101,2025-05-10 05:00:00,13871.80760253915,15881.529985255393,13148.257764270962
forecast_3102,2025-05-10 06:00:00,16041.288431206176,16571.12705397755,13294.491626865682
forecast_3103,2025-05-10 07:00:00,16975.938219682997,18222.12801644621,15233.994309547317
forecast_3104,2025-05-10 08:00:00,17376.010418340695,18361.73312331957,16481.60441132437
forecast_3105,2025-05-10 09:00:00,17581.606724625013,18425.205495867216,16577.036408582208
forecast_3106,2025-05-10 10:00:00,17596.396749162643,18424.970774140973,16682.21541570106
forecast_3107,2025-05-10 11:00:00,17332.197652986382,18350.39025809463,16614.269418540418
forecast_3108,2025-05-10 12:00:00,17237.14429959731,17978.050057501343,16331.416604218792
forecast_3109,2025-05-10 13:00:00,17316.77241833576,18013.99399609813,16311.277324349001
forecast_3110,2025-05-10 14:00:00,17061.065166193355,17798.119748656023,15220.30869012666
forecast_3111,2025-05-10 15:00:00,17012.952713633724,17736.14967318945,14593.162679000925
forecast_3112,2025-05-10 16:00:00,16732.095897969684,17715.61060522156,14533.322670614303
forecast_3113,2025-05-10 17:00:00,15812.575673089641,16407.089406714345,14046.131922256349
forecast_3114,2025-05-10 18:00:00,14695.773582312871,15054.578337743244,13067.639280073176
forecast_3115,2025-05-10 19:00:00,11707.499006944825,12687.871358035252,11212.237147180373
forecast_3116,2025-05-10 20:00:00,11037.725261609237,11853.990945941025,10383.489623608975
forecast_3117,2025-05-10 21:00:00,9182.420964213748,10297.53237861428,8472.64066572095
forecast_3118,2025-05-10 22:00:00,9516.01043671658,10076.620384455344,8412.971365832344
forecast_3119,2025-05-10 23:00:00,9584.436328653856,9769.816686698858,7887.99421502409
forecast_3120,2025-05-11 00:00:00,8182.1372137815615,8295.788264493889,6543.1342813610445
forecast_3121,2025-05-11 01:00:00,10412.45075240454,11041.209882498757,8609.742634787219
forecast_3122,2025-05-11 02:00:00,9820.841086184746,10118.290472767858,8232.563423613768
forecast_3123,2025-05-11 03:00:00,8601.054688428043,9605.769668276624,7770.044797932715
forecast_3124,2025-05-11 04:00:00,8161.0372135689595,8849.154066904324,7270.281510036834
forecast_3125,2025-05-11 05:00:00,8998.593502724394,9138.014367764956,7972.862379238231
forecast_3126,2025-05-11 06:00:00,6357.444974403208,5831.212521807568,5035.769221314077
forecast_3127,2025-05-11 07:00:00,4745.960574170187,3984.3975265988192,3233.5911051258727
forecast_3128,2025-05-11 08:00:00,4368.827531773971,3884.574773246107,2417.3367565275366
forecast_3129,2025-05-11 09:00:00,1970.3217567791442,1665.9675992155214,1263.6320292854261
forecast_3130,2025-05-11 10:00:00,566.0913170102552,336.24129451415786,359.5190828698297
forecast_3131,2025-05-11 11:00:00,489.99063727611525,344.4736810184063,330.4570154342963
forecast_3132,2025-05-11 12:00:00,817.409407367153,671.8178341388359,543.8753857279597
forecast_3133,2025-05-11 13:00:00,1180.7878876471766,1034.385705061709,896.7835488947882
forecast_3134,2025-05-11 14:00:00,3049.7395278131826,2784.63315954514,2010.587736288312
forecast_3135,2025-05-11 15:00:00,3115.834847935457,3698.4366721834263,3135.8363331872947
forecast_3136,2025-05-11 16:00:00,3023.967604788533,3369.0894608402123,3197.6600798068353
forecast_3137,2025-05-11 17:00:00,3861.867866533754,4237.394873189811,2753.6889955491633
forecast_3138,2025-05-11 18:00:00,4323.596388258107,3948.275812084387,2963.7839627363714
forecast_3139,2025-05-11 19:00:00,4899.154195073028,5384.301286504871,4113.065177061454
forecast_3140,2025-05-11 20:00:00,6890.2496307763295,8652.185128721796,6687.976328187814
forecast_3141,2025-05-11 21:00:00,10556.61622948563,10476.07720912612,9567.889047439478
forecast_3142,2025-05-11 22:00:00,11847.65778337389,12280.38343014361,10538.539998657114
forecast_3143,2025-05-11 23:00:00,13188.321733246348,14692.954424899975,12799.295900854218
forecast_3144,2025-05-12 00:00:00,14318.315380299728,15378.60709575687,14288.828113197045
forecast_3145,2025-05-12 01:00:00,11480.42213237655,13597.035609808307,10430.048182270893
forecast_3146,2025-05-12 02:00:00,12573.699433378628,14162.409060812874,11297.169504867916
forecast_3147,2025-05-12 03:00:00,13057.498338283656,14913.791245657934,12124.822825524883
forecast_3148,2025-05-12 04:00:00,13978.427661689602,14689.306365466024,12836.357890564232
forecast_3149,2025-05-12 05:00:00,13604.892292946713,14080.069230558722,12823.607556461146
forecast_3150,2025-05-12 06:00:00,11976.327946510064,13292.732736249563,11550.21786702155
forecast_3151,2025-05-12 07:00:00,10165.838095060008,11575.192545228798,9582.555527229719
forecast_3152,2025-05-12 08:00:00,9383.595755618133,10513.681164308371,8281.727925594205
forecast_3153,2025-05-12 09:00:00,10100.269602871205,10602.479854385701,8452.681119324143
forecast_3154,2025-05-12 10:00:00,9267.944315274286,9415.972506037931,8060.751565390447
forecast_3155,2025-05-12 11:00:00,9332.975237995988,9433.71436296446,7244.259645328362
forecast_3156,2025-05-12 12:00:00,8805.428178895636,8546.42039615642,7480.535253848025
forecast_3157,2025-05-12 13:00:00,8801.515902607065,9303.562666175409,7420.7282815650615
forecast_3158,2025-05-12 14:00:00,8758.238131610613,9005.237547972885,7046.262064450897
forecast_3159,2025-05-12 15:00:00,8174.842867032793,7643.237971328213,6411.403488392982
forecast_3160,2025-05-12 16:00:00,8351.618855800534,7605.480360407291,6699.339414087205
forecast_3161,2025-05-12 17:00:00,9123.772521995257,8765.23369524121,7414.017702433372
forecast_3162,2025-05-12 18:00:00,9521.654362147687,9188.20798515862,7996.662001989478
forecast_3163,2025-05-12 19:00:00,10940.44346453547,10534.666430920377,9558.15139877017
forecast_3164,2025-05-12 20:00:00,13238.813041984922,12887.718041971362,12420.686969630666
forecast_3165,2025-05-12 21:00:00,14164.424865266521,14119.751530362348,13714.256766021766
forecast_3166,2025-05-12 22:00:00,15340.873361051938,15747.295908521348,14290.0572158343
forecast_3167,2025-05-12 23:00:00,15212.382122700052,15481.644436019182,14722.745267648423
forecast_3168,2025-05-13 00:00:00,15675.957911710495,16011.473036607817,15193.427780738273
forecast_3169,2025-05-13 01:00:00,17980.055964261595,17883.769168151066,16358.620782401878
forecast_3170,2025-05-13 02:00:00,18052.93341554862,17943.598173233124,16715.771364062635
forecast_3171,2025-05-13 03:00:00,17688.088814738127,17927.56797373136,16316.394332629212
forecast_3172,2025-05-13 04:00:00,16911.16939255038,17381.051535325998,15915.66033577503
forecast_3173,2025-05-13 05:00:00,17437.614259585494,17716.845140638157,16052.611214831795
forecast_3174,2025-05-13 06:00:00,17138.090149075335,17627.799174294814,15800.121729259983
forecast_3175,2025-05-13 07:00:00,15719.20710521307,16731.501999096334,14611.193121284205
forecast_3176,2025-05-13 08:00:00,14188.7014834586,15572.304535420826,13922.026728498782
forecast_3177,2025-05-13 09:00:00,13846.698256196103,14901.722175112445,13378.978943991617
forecast_3178,2025-05-13 10:00:00,13005.08404783667,14459.498028545893,12798.743586287188
forecast_3179,2025-05-13 11:00:00,13213.005068869817,14948.024111353294,13162.328012979542
forecast_3180,2025-05-13 12:00:00,13155.912106184123,14482.016132317804,13001.57113421542
forecast_3181,2025-05-13 13:00:00,12961.951406495866,14315.153190016936,12960.936417761877
forecast_3182,2025-05-13 14:00:00,12668.378527224795,13851.446870690108,12568.62903038271
forecast_3183,2025-05-13 15:00:00,12397.444807112779,13685.269310463782,12177.968503893135
forecast_3184,2025-05-13 16:00:00,12247.71435515868,13467.649090129658,11814.395036724407
forecast_3185,2025-05-13 17:00:00,12354.755393462805,14062.600471195332,11985.337148656063
forecast_3186,2025-05-13 18:00:00,12399.380706523965,13863.182993805898,12255.275063371202
forecast_3187,2025-05-13 19:00:00,12988.798823142073,15130.811141794076,13746.768051398263
forecast_3188,2025-05-13 20:00:00,15753.99013459757,16676.494110281907,16261.297783139757
forecast_3189,2025-05-13 21:00:00,16369.249461458272,16812.01304644637,15894.440100970096
forecast_3190,2025-05-13 22:00:00,17681.277023615934,17384.1773093573,16573.068539396063
forecast_3191,2025-05-13 23:00:00,17873.017046424324,17973.724114274017,16758.452922487962
forecast_3192,2025-05-14 00:00:00,18290.632840938524,18114.15301547516,16663.422233302048
forecast_3193,2025-05-14 01:00:00,17611.128099041813,17784.989316434298,16341.58545671124
forecast_3194,2025-05-14 02:00:00,18095.361595565813,18255.67295802957,16056.063368509087
forecast_3195,2025-05-14 03:00:00,18241.692685185368,18347.66151592655,16408.110254590287
forecast_3196,2025-05-14 04:00:00,18257.330660616946,18240.084204059538,15423.858197271931
forecast_3197,2025-05-14 05:00:00,18401.635547291073,18201.338260627082,15098.580364246354
forecast_3198,2025-05-14 06:00:00,17824.610204518878,17605.78333271809,14314.038069553208
forecast_3199,2025-05-14 07:00:00,15738.535784278774,15299.430303651816,11772.017623146312
forecast_3200,2025-05-14 08:00:00,14048.52750194144,13511.646238799782,10585.49897020547
forecast_3201,2025-05-14 09:00:00,10110.656780126006,9339.118694199691,7104.567977067536
forecast_3202,2025-05-14 10:00:00,6159.817046991036,6025.348889664282,5505.19057616624
forecast_3203,2025-05-14 11:00:00,4182.6318082481175,4358.686861278986,4078.8009220588833
forecast_3204,2025-05-14 12:00:00,4622.92052815298,4376.3888376999885,4976.124268003379
forecast_3205,2025-05-14 13:00:00,4385.225073395281,3893.1913281056504,5098.504206411566
forecast_3206,2025-05-14 14:00:00,4250.947846927057,3665.1492390617414,4401.604008955158
forecast_3207,2025-05-14 15:00:00,4515.577207956033,4539.722084392537,4497.363608997993
forecast_3208,2025-05-14 16:00:00,4463.0037222872015,4559.855665526462,4626.091747846756
forecast_3209,2025-05-14 17:00:00,4513.008236926637,5038.385720639735,4209.112567428413
forecast_3210,2025-05-14 18:00:00,6962.589088126824,7464.796828868797,5541.157217244527
forecast_3211,2025-05-14 19:00:00,9023.54544936451,9625.268983731083,6923.6272979709975
forecast_3212,2025-05-14 20:00:00,8887.786173240287,9507.180560709465,6065.454150684984
forecast_3213,2025-05-14 21:00:00,9411.405922407565,10660.62399760766,7466.933471016714
forecast_3214,2025-05-14 22:00:00,9162.16984383212,12312.72060094876,7483.018012267193
forecast_3215,2025-05-14 23:00:00,8236.867199336664,10559.870669579359,6551.94479949789
forecast_3216,2025-05-15 00:00:00,9482.34793698803,10376.830395559336,7070.117306597897
forecast_3217,2025-05-15 01:00:00,10184.022014448712,12471.46901198942,9644.023328413363
forecast_3218,2025-05-15 02:00:00,10673.135329697621,12743.15801646852,9967.539971836643
forecast_3219,2025-05-15 03:00:00,9556.807885251725,12240.524204543288,8840.832179794486
forecast_3220,2025-05-15 04:00:00,10004.865483463333,13175.312907853233,9310.302069968522
forecast_3221,2025-05-15 05:00:00,10745.81316253721,13214.778598024872,9787.525711001765
forecast_3222,2025-05-15 06:00:00,11790.106684845097,15382.502513487147,12732.830171067935
forecast_3223,2025-05-15 07:00:00,14131.933400072188,16745.71657630624,14608.22396012465
forecast_3224,2025-05-15 08:00:00,14411.908294450604,17159.071784963715,15403.263583424561
forecast_3225,2025-05-15 09:00:00,13968.351158772488,16427.75631203817,14887.591116755091
forecast_3226,2025-05-15 10:00:00,14526.536120601842,16069.079566704862,14496.821012485167
forecast_3227,2025-05-15 11:00:00,13793.71986056583,16005.438986547044,14181.905605931584
forecast_3228,2025-05-15 12:00:00,13611.866235707006,15721.604141279182,14168.350968598948
forecast_3229,2025-05-15 13:00:00,14928.536749823174,16613.236444398623,14796.244067823374
forecast_3230,2025-05-15 14:00:00,15848.918251501498,17654.19704977127,16073.327069148025
forecast_3231,2025-05-15 15:00:00,15354.053687070993,17476.996985516238,15978.004558795274
forecast_3232,2025-05-15 16:00:00,15505.142598449735,17122.795982903026,15198.552444401705
forecast_3233,2025-05-15 17:00:00,15439.016621779156,16476.379015387214,14904.477026746585
forecast_3234,2025-05-15 18:00:00,15398.2906057346,16257.299905700233,14849.477041533926
forecast_3235,2025-05-15 19:00:00,15830.335698185994,16370.769419628265,15118.56084775995
forecast_3236,2025-05-15 20:00:00,14904.690263631526,15928.550895775603,14935.50786802871
forecast_3237,2025-05-15 21:00:00,15043.053711043709,15986.648842991775,14498.43572072402
forecast_3238,2025-05-15 22:00:00,15125.02658327915,16185.206492945204,15622.471057428005
forecast_3239,2025-05-15 23:00:00,15150.550755175398,16165.657105132002,15846.537946490842
forecast_3240,2025-05-16 00:00:00,14768.977516010897,16290.64145578929,15527.496861969692
forecast_3241,2025-05-16 01:00:00,14399.715783743732,15927.310862121074,14172.031232314232
forecast_3242,2025-05-16 02:00:00,14719.174088911146,15887.377887214205,14104.773501920828
forecast_3243,2025-05-16 03:00:00,14702.003021861321,15771.774763264464,13612.73397844251
forecast_3244,2025-05-16 04:00:00,15120.924249562153,15954.649265896238,13776.011286020854
forecast_3245,2025-05-16 05:00:00,14331.673968142297,15533.931568722,13627.796636693563
forecast_3246,2025-05-16 06:00:00,14124.208344390674,15348.959013167034,13126.776891154992
forecast_3247,2025-05-16 07:00:00,12550.88637845936,13827.011233702604,12081.74905792014
forecast_3248,2025-05-16 08:00:00,11680.656614201762,13446.849888839082,12095.82475268908
forecast_3249,2025-05-16 09:00:00,11832.873223924831,13308.042334228832,11388.480015977304
forecast_3250,2025-05-16 10:00:00,10234.291660837927,11634.408061743685,10874.495073621712
forecast_3251,2025-05-16 11:00:00,9696.3422716582,10505.252358345546,10582.324379674477
forecast_3252,2025-05-16 12:00:00,9948.986933596554,10589.146685383086,10623.020792288256
forecast_3253,2025-05-16 13:00:00,7679.553288758608,8278.799372370171,7907.80800023457
forecast_3254,2025-05-16 14:00:00,6854.777708382297,7558.288087723408,7303.555483344021
forecast_3255,2025-05-16 15:00:00,6656.871453328299,7263.4211949974215,6486.397521552068
forecast_3256,2025-05-16 16:00:00,5852.26684626609,7066.243704149034,5786.755765898039
forecast_3257,2025-05-16 17:00:00,4925.156783859277,6144.17473570982,5627.611778153656
forecast_3258,2025-05-16 18:00:00,3925.6574713380337,5255.488092405459,3898.849334697171
forecast_3259,2025-05-16 19:00:00,4403.000187708273,5254.202797855867,4188.850766345029
forecast_3260,2025-05-16 20:00:00,3969.371342863069,4140.488253631104,2889.168594798324
forecast_3261,2025-05-16 21:00:00,3536.7535233549424,3378.59597309551,2364.2310217368513
forecast_3262,2025-05-16 22:00:00,3355.5352637742976,3425.5856268129382,1919.950962166383
forecast_3263,2025-05-16 23:00:00,3662.211540238152,3745.9762270881843,1972.4745632600245
forecast_3264,2025-05-17 00:00:00,2548.7679762961357,2759.413862295517,1301.5544996548367
forecast_3265,2025-05-17 01:00:00,4659.32611861937,4936.378150553143,2094.2251817235524
forecast_3266,2025-05-17 02:00:00,4466.5203186361905,5078.715631899036,2571.88532029958
forecast_3267,2025-05-17 03:00:00,3691.664760361107,4435.921327981593,2614.3765057944966
forecast_3268,2025-05-17 04:00:00,3123.860399395724,2913.9480118834895,1758.7551219572097
forecast_3269,2025-05-17 05:00:00,2867.816946945911,2868.418379954151,1308.882651659884
forecast_3270,2025-05-17 06:00:00,1687.8945199755055,1885.4128823265069,892.4521005950593
forecast_3271,2025-05-17 07:00:00,2027.4102122181935,1743.5011406450317,772.6669668487914
forecast_3272,2025-05-17 08:00:00,2174.042700817987,2138.289382066274,1167.2301847197793
forecast_3273,2025-05-17 09:00:00,3397.968354695579,3335.637310685891,2295.265107329871
forecast_3274,2025-05-17 10:00:00,4369.803664264883,4718.468065339303,3045.749721878488
forecast_3275,2025-05-17 11:00:00,5040.04119367165,5655.393929019123,3668.597267905654
forecast_3276,2025-05-17 12:00:00,4004.4365183995797,4024.5472570711886,4445.077235597888
forecast_3277,2025-05-17 13:00:00,6778.378581491885,6951.221619651352,6787.013601205679
forecast_3278,2025-05-17 14:00:00,9405.499076422258,10421.590556250609,9865.051093356922
forecast_3279,2025-05-17 15:00:00,9864.683028463374,10903.756961787965,10716.022540521091
forecast_3280,2025-05-17 16:00:00,12028.235093749787,13032.429251131818,11862.248773953796
forecast_3281,2025-05-17 17:00:00,15342.903166246431,17059.885858884118,15009.221507789192
forecast_3282,2025-05-17 18:00:00,16378.102514945484,17686.849289028927,16216.241307612581
forecast_3283,2025-05-17 19:00:00,16881.80866093807,18075.087461936375,16682.859642254592
forecast_3284,2025-05-17 20:00:00,16757.908406186096,17980.733886634,16065.50557927598
forecast_3285,2025-05-17 21:00:00,16832.675198031986,17992.852802613797,15655.230005006924
forecast_3286,2025-05-17 22:00:00,17118.793795029855,18339.486968094567,16432.300390190594
forecast_3287,2025-05-17 23:00:00,17176.50730486771,18488.22594354431,15180.509668113942
forecast_3288,2025-05-18 00:00:00,17380.735659540078,18266.01412804295,14266.397426662916
forecast_3289,2025-05-18 01:00:00,16961.389382431542,17064.95098655737,13437.77213338028
forecast_3290,2025-05-18 02:00:00,16307.156968482772,15876.498570274676,11896.522984992722
forecast_3291,2025-05-18 03:00:00,14399.543582450304,15140.309513255897,10687.468876372024
forecast_3292,2025-05-18 04:00:00,13305.322851359624,13332.96436829451,9568.77021330014
forecast_3293,2025-05-18 05:00:00,10604.560643249359,11409.74090125536,8183.915200630171
forecast_3294,2025-05-18 06:00:00,8365.181920344738,8667.537323580867,5597.255204887795
forecast_3295,2025-05-18 07:00:00,4605.317738682215,4396.366636285429,2753.6845913600055
forecast_3296,2025-05-18 08:00:00,2761.0983400653176,2239.5902811973065,1149.064852704973
forecast_3297,2025-05-18 09:00:00,1896.8649045721254,1585.2527632949466,961.1794902634083
forecast_3298,2025-05-18 10:00:00,845.8674804357295,691.0587092506856,645.9221458015006
forecast_3299,2025-05-18 11:00:00,1203.6476181796272,1027.9227137658281,651.0232991855213
forecast_3300,2025-05-18 12:00:00,2091.614217022128,1543.4582879955435,1007.3398991401097
forecast_3301,2025-05-18 13:00:00,3336.221963602894,2979.0466253175823,1810.5301651443367
forecast_3302,2025-05-18 14:00:00,3633.9597732230686,2899.567592175477,2334.3150063731932
forecast_3303,2025-05-18 15:00:00,5011.601266267603,3666.787175891385,3505.083007045921
forecast_3304,2025-05-18 16:00:00,4980.819369506271,4615.935707516241,4259.613492626801
forecast_3305,2025-05-18 17:00:00,6455.749037385267,5868.802486396135,6319.164403429659
forecast_3306,2025-05-18 18:00:00,7573.472404125589,7165.41776019345,7840.30854270381
forecast_3307,2025-05-18 19:00:00,9992.422016640412,9396.925063317498,10096.72089454105
forecast_3308,2025-05-18 20:00:00,11832.184036269187,11144.028149203576,12201.256113400204
forecast_3309,2025-05-18 21:00:00,12332.432823941095,12719.916420732823,12309.398790388053
forecast_3310,2025-05-18 22:00:00,12580.97228152529,13060.238897995336,11128.989035079094
forecast_3311,2025-05-18 23:00:00,12628.179022441214,12388.374776453216,10880.460092133437
forecast_3312,2025-05-19 00:00:00,13325.503049192132,12611.29105987394,10647.388669012968
forecast_3313,2025-05-19 01:00:00,9448.205874843434,11107.775802481277,7060.716477032142
forecast_3314,2025-05-19 02:00:00,7667.922447745044,9602.271756284475,5043.4496038720135
forecast_3315,2025-05-19 03:00:00,7340.917636959562,8316.699714670413,4553.396332314198
forecast_3316,2025-05-19 04:00:00,6718.827580766499,8495.367324010622,4646.785104514158
forecast_3317,2025-05-19 05:00:00,6769.71483216547,8826.680136006828,5327.793429660859
forecast_3318,2025-05-19 06:00:00,7390.470915354987,10182.262886164834,5939.808008584108
forecast_3319,2025-05-19 07:00:00,7696.240206609308,10403.845877383743,6296.4387277397955
forecast_3320,2025-05-19 08:00:00,8482.044280799153,11412.395750619504,7511.149493743228
forecast_3321,2025-05-19 09:00:00,10402.586947721167,12839.534781388396,11567.648557946144
forecast_3322,2025-05-19 10:00:00,12610.764883594682,14355.907497747772,13161.271679108919
forecast_3323,2025-05-19 11:00:00,13690.161469229413,14859.345199390962,13587.817081636937
forecast_3324,2025-05-19 12:00:00,14578.005926248023,15649.39619620598,14733.050267129729
forecast_3325,2025-05-19 13:00:00,15596.78887145262,17210.980289051255,15131.592038092153
forecast_3326,2025-05-19 14:00:00,16047.565868897096,17503.231948611803,15708.460294192968
forecast_3327,2025-05-19 15:00:00,16313.530223254498,17677.68489373992,15857.552507999368
forecast_3328,2025-05-19 16:00:00,16111.032218009916,17865.799515559724,16485.101181096354
forecast_3329,2025-05-19 17:00:00,16305.215695614019,17830.17392397661,16424.96179193581
forecast_3330,2025-05-19 18:00:00,16532.29050828625,17890.51118575211,16389.891377246568
forecast_3331,2025-05-19 19:00:00,17137.415283102964,18168.897256186294,16596.486565235176
forecast_3332,2025-05-19 20:00:00,17062.554371234794,18102.99351637107,15891.652991977327
forecast_3333,2025-05-19 21:00:00,17150.15634019495,18257.5933652538,15310.552838979545
forecast_3334,2025-05-19 22:00:00,17118.71054899751,17853.36077745282,15506.899746372226
forecast_3335,2025-05-19 23:00:00,16751.289929430477,17799.063592885297,14774.108497765441
forecast_3336,2025-05-20 00:00:00,16370.791391374816,17511.69863905621,15525.87057082212
forecast_3337,2025-05-20 01:00:00,16675.987239812683,18221.190828249953,16504.65444725214
forecast_3338,2025-05-20 02:00:00,16337.536121216683,18052.728663945552,16719.560967698173
forecast_3339,2025-05-20 03:00:00,16479.056555665768,17937.65127664886,16321.435560605903
forecast_3340,2025-05-20 04:00:00,17252.288945989225,18232.500655141997,16542.471667878144
forecast_3341,2025-05-20 05:00:00,17263.78394391729,18348.95192093093,16543.641416113423
forecast_3342,2025-05-20 06:00:00,17267.56748135161,18201.77353228322,16762.881002497244
forecast_3343,2025-05-20 07:00:00,16911.209263777164,17764.02170479104,15769.97621249902
forecast_3344,2025-05-20 08:00:00,16379.295581798802,17434.930281558565,15642.33782002035
forecast_3345,2025-05-20 09:00:00,16113.069348475845,17024.930759607967,15539.430612871156
forecast_3346,2025-05-20 10:00:00,13749.040225455448,14622.388070145747,13313.664702713144
forecast_3347,2025-05-20 11:00:00,11805.89161667224,12669.928589547131,12070.540179498737
forecast_3348,2025-05-20 12:00:00,11193.466859664819,11858.530404710642,11760.425899656682
forecast_3349,2025-05-20 13:00:00,10777.6885163261,12446.19498718447,11552.825979701773
forecast_3350,2025-05-20 14:00:00,12358.437694179867,13111.757743601938,12644.83673845808
forecast_3351,2025-05-20 15:00:00,13207.38555132378,13748.240850433227,13523.400565028584
forecast_3352,2025-05-20 16:00:00,14094.911438666055,14130.797215756722,13919.624366748143
forecast_3353,2025-05-20 17:00:00,14549.166439941799,14900.345389159967,14999.215099348256
forecast_3354,2025-05-20 18:00:00,13178.939986939455,14333.558074063254,14909.016349305468
forecast_3355,2025-05-20 19:00:00,12714.987213620123,14279.68874988266,15248.68591797599
forecast_3356,2025-05-20 20:00:00,13308.73046245626,15175.387541033355,15887.857723409039
forecast_3357,2025-05-20 21:00:00,13487.111596158691,15510.035001953913,14987.259901038777
forecast_3358,2025-05-20 22:00:00,13951.025997290077,15940.215168900315,15264.59614881945
forecast_3359,2025-05-20 23:00:00,13492.655771110207,16233.202852255905,15129.740633817226
forecast_3360,2025-05-21 00:00:00,14061.037364461305,15988.359012568928,15235.867524526868
forecast_3361,2025-05-21 01:00:00,14651.284400189064,16124.921342172056,14729.43546544874
forecast_3362,2025-05-21 02:00:00,14406.384797857121,15456.96734992861,14137.410585877782
forecast_3363,2025-05-21 03:00:00,14294.824035444066,14906.766169525672,13967.823672982631
forecast_3364,2025-05-21 04:00:00,13892.376917565512,14543.277422606792,12005.947557733569
forecast_3365,2025-05-21 05:00:00,11712.127352698591,12165.719481560614,10706.67596673176
forecast_3366,2025-05-21 06:00:00,8130.272576291729,9513.505389038599,7885.705395652205
forecast_3367,2025-05-21 07:00:00,5146.249661026244,6042.152408859604,4340.51083801367
forecast_3368,2025-05-21 08:00:00,2921.99732876083,3258.9703259725457,2520.87907077041
forecast_3369,2025-05-21 09:00:00,2199.5836178415248,2407.4730879458116,2178.6213511221144
forecast_3370,2025-05-21 10:00:00,1009.8408418860347,1108.854507271874,882.6053628742403
forecast_3371,2025-05-21 11:00:00,827.8097288965021,761.274989401028,496.2047248143194
forecast_3372,2025-05-21 12:00:00,1092.0268470455403,1038.0668255448543,808.2418794730561
forecast_3373,2025-05-21 13:00:00,1242.575454796189,1111.0388671902058,1139.3524980322297
forecast_3374,2025-05-21 14:00:00,1488.743348754984,1697.1758636521454,1196.4839413955442
forecast_3375,2025-05-21 15:00:00,981.4835722162554,1276.319216827932,977.0681854480982
forecast_3376,2025-05-21 16:00:00,1134.8159188466382,1073.130999997729,791.9636179952494
forecast_3377,2025-05-21 17:00:00,743.3411579667969,917.7880595806174,563.7589093278589
forecast_3378,2025-05-21 18:00:00,706.0620884339017,690.0162883128055,537.5065459645675
forecast_3379,2025-05-21 19:00:00,962.607634875074,1057.6469388676592,432.8899103829199
forecast_3380,2025-05-21 20:00:00,1028.4776638706448,1339.567536837083,539.1299972153262
forecast_3381,2025-05-21 21:00:00,1192.1113279260849,1437.1618765803216,639.8246667295854
forecast_3382,2025-05-21 22:00:00,1397.2827263992278,1575.2697176726522,578.8813437093844
forecast_3383,2025-05-21 23:00:00,1610.3226031125691,1412.7939939173098,801.503543095951
forecast_3384,2025-05-22 00:00:00,1477.5335917554717,1510.2297825984856,1179.6909345857805
forecast_3385,2025-05-22 01:00:00,1252.171550581739,1435.1547364971502,654.9557820853045
forecast_3386,2025-05-22 02:00:00,1344.8620087076379,1763.4626868185298,774.3101349122734
forecast_3387,2025-05-22 03:00:00,1549.2874498003923,1844.8840955758333,901.7179530123187
forecast_3388,2025-05-22 04:00:00,1446.5757685858512,1686.43878731659,713.1158969630065
forecast_3389,2025-05-22 05:00:00,1285.8032840961469,1608.7992951322226,771.2970897011863
forecast_3390,2025-05-22 06:00:00,1262.3627424857254,1512.9451694894997,730.0962835079414
forecast_3391,2025-05-22 07:00:00,1145.3183997725882,1415.604843993542,741.6045767253087
forecast_3392,2025-05-22 08:00:00,1245.7572415227407,1518.4084536048558,750.7051641610498
forecast_3393,2025-05-22 09:00:00,1351.5314963500768,1688.7562861278914,917.8901130197395
forecast_3394,2025-05-22 10:00:00,1883.8859790366298,2666.3295220577265,1451.4811292353143
forecast_3395,2025-05-22 11:00:00,1919.1664661077014,2713.5097146782914,1874.5829534390875
forecast_3396,2025-05-22 12:00:00,1843.932846846505,2682.2123029941,1545.5764365500168
forecast_3397,2025-05-22 13:00:00,1760.628978063997,2383.3885673000887,1787.994887404321
forecast_3398,2025-05-22 14:00:00,1300.7546355786676,1639.7179733376572,1249.5337903961693
forecast_3399,2025-05-22 15:00:00,1125.8002231039502,1423.445332946706,999.206504285544
forecast_3400,2025-05-22 16:00:00,807.916500788017,1125.3151134790712,659.2462097395415
forecast_3401,2025-05-22 17:00:00,429.516804389641,619.2699849442022,402.88155157640733
forecast_3402,2025-05-22 18:00:00,318.1169819479056,435.4930627791943,206.3908824528414
forecast_3403,2025-05-22 19:00:00,438.6048504220937,543.506841594569,175.79307215049664
forecast_3404,2025-05-22 20:00:00,751.1590437505679,773.6945121205089,224.75597242947154
forecast_3405,2025-05-22 21:00:00,1452.073330053087,1198.4796711824126,415.4468101753496
forecast_3406,2025-05-22 22:00:00,2008.8001619496054,1796.0579333001335,620.8208936082669
forecast_3407,2025-05-22 23:00:00,2264.7530336612303,2079.6099864743333,662.2545235724982
forecast_3408,2025-05-23 00:00:00,1903.9297228375299,1715.6490382696222,486.5441888046519
forecast_3409,2025-05-23 01:00:00,2940.958150330759,2244.3758041782776,790.5682303215863
forecast_3410,2025-05-23 02:00:00,3552.019791752036,2663.5083042572655,883.714959567782
forecast_3411,2025-05-23 03:00:00,3004.473594216904,2356.4564174155125,763.112708926701
forecast_3412,2025-05-23 04:00:00,3627.40117201875,2832.928619601036,1124.9751910000152
forecast_3413,2025-05-23 05:00:00,3331.7796838176887,2888.3412960535825,1120.734504030964
forecast_3414,2025-05-23 06:00:00,3075.610265826096,2646.9581074301855,1018.303516300121
forecast_3415,2025-05-23 07:00:00,3005.7525804114125,2514.5204597765355,947.2053039971455
forecast_3416,2025-05-23 08:00:00,2675.1606788767203,2500.657561364921,827.3011163553265
forecast_3417,2025-05-23 09:00:00,2709.9319893649877,2689.0674144682257,1003.158541797257
forecast_3418,2025-05-23 10:00:00,1945.7654480971871,2238.4946367350917,1047.3052990118033
forecast_3419,2025-05-23 11:00:00,1745.1462364096649,2056.992938678326,1092.3910298862265
forecast_3420,2025-05-23 12:00:00,1698.2006964918046,1893.4631650389103,1041.9748457168082
forecast_3421,2025-05-23 13:00:00,1759.9150065035867,1913.7741809424967,1033.9548668072753
forecast_3422,2025-05-23 14:00:00,1590.7176331514133,1613.5211547758909,980.4672447395628
forecast_3423,2025-05-23 15:00:00,1473.8449060055527,1552.3464366151818,892.7452545748225
forecast_3424,2025-05-23 16:00:00,1350.7045310400586,1199.7671442249457,831.2961404555796
forecast_3425,2025-05-23 17:00:00,1396.3992608526235,1586.301065291861,930.6219267113256
forecast_3426,2025-05-23 18:00:00,2710.2282139077297,2904.0853460600792,1174.7674664513393
forecast_3427,2025-05-23 19:00:00,2793.0618157644085,2739.8533477781302,1086.5481223725812
forecast_3428,2025-05-23 20:00:00,3015.4123841612036,3155.7856202223543,1171.0300539815396
forecast_3429,2025-05-23 21:00:00,3987.6961697128786,4190.2432919373,1435.7507758148547
forecast_3430,2025-05-23 22:00:00,4099.098974834882,4184.036283715902,1714.6483271180107
forecast_3431,2025-05-23 23:00:00,3543.357198008055,3452.1503672504796,1258.6540339109063
forecast_3432,2025-05-24 00:00:00,3489.6340430262935,2777.3415124662206,1086.0965606784396
forecast_3433,2025-05-24 01:00:00,5591.675095884754,5128.301943997199,1694.059018209923
forecast_3434,2025-05-24 02:00:00,5198.4706965427695,5356.750971348223,1878.5625530758543
forecast_3435,2025-05-24 03:00:00,5075.836057283232,5162.644765951149,2017.538511149792
forecast_3436,2025-05-24 04:00:00,4459.515443070389,4753.0898698651945,2156.199542170914
forecast_3437,2025-05-24 05:00:00,4295.102997229186,4709.794640073521,2114.8944165598036
forecast_3438,2025-05-24 06:00:00,4187.068502925531,5478.4004390996215,2356.5603585844574
forecast_3439,2025-05-24 07:00:00,4183.318371555372,5685.7107242998345,2761.318696868959
forecast_3440,2025-05-24 08:00:00,4256.330275298782,5393.264402694533,3003.2067287828854
forecast_3441,2025-05-24 09:00:00,3786.1499085000664,4876.485763441471,3011.2052743539257
forecast_3442,2025-05-24 10:00:00,2817.917685288661,3907.73311526753,2790.2987734616286
forecast_3443,2025-05-24 11:00:00,2886.923138097451,3925.4335406058767,2825.2597949271258
forecast_3444,2025-05-24 12:00:00,2761.048823655424,3762.5548633227313,2623.252586516189
forecast_3445,2025-05-24 13:00:00,2774.7990751276775,3928.78265736475,2682.563004838862
forecast_3446,2025-05-24 14:00:00,2627.208262585564,3760.372092408992,2443.254701315217
forecast_3447,2025-05-24 15:00:00,3037.7653067426595,3885.919750467048,2634.4858504528574
forecast_3448,2025-05-24 16:00:00,3951.026785472392,4861.754904810364,3227.1483872470712
forecast_3449,2025-05-24 17:00:00,4681.815385810454,5662.826480007402,4167.489249768213
forecast_3450,2025-05-24 18:00:00,5282.370466508763,6743.8191194068495,5394.6714652784185
forecast_3451,2025-05-24 19:00:00,5181.112755847459,6527.045919323667,4892.686796637493
forecast_3452,2025-05-24 20:00:00,5495.428797644511,5954.248307737973,4477.527873022557
forecast_3453,2025-05-24 21:00:00,4477.316939687264,5291.45327651452,3882.1496560750593
forecast_3454,2025-05-24 22:00:00,4280.16784464683,5295.053063906162,3681.352954502621
forecast_3455,2025-05-24 23:00:00,4018.539007993846,5132.586579421655,3104.244184438475
forecast_3456,2025-05-25 00:00:00,4246.366672862313,4912.148537935834,3350.5789141769474
forecast_3457,2025-05-25 01:00:00,4221.469403655619,4479.110155640638,2609.440507855711
forecast_3458,2025-05-25 02:00:00,2956.690812064734,3560.2012288832075,1966.8461634379955
forecast_3459,2025-05-25 03:00:00,2600.806366805214,3048.2541356369934,1786.8018478017707
forecast_3460,2025-05-25 04:00:00,2773.1776928233717,2769.972607182344,1441.2561258186233
forecast_3461,2025-05-25 05:00:00,2949.105363629567,2584.29071866242,1550.1922758119608
forecast_3462,2025-05-25 06:00:00,3524.9496803408556,3361.018794866962,1857.1905187538475
forecast_3463,2025-05-25 07:00:00,3621.30795408054,3230.317612398291,1892.6147770377281
forecast_3464,2025-05-25 08:00:00,3058.104700787372,2765.934698603949,1444.6606162677479
forecast_3465,2025-05-25 09:00:00,1191.503161192088,1083.52997980269,759.1948235875557
forecast_3466,2025-05-25 10:00:00,441.51415924498,481.9858495356005,306.09449485998874
forecast_3467,2025-05-25 11:00:00,538.8846013957955,536.5333836706885,366.8024788846065
forecast_3468,2025-05-25 12:00:00,928.1862245354796,935.0601676357256,578.754892489286
forecast_3469,2025-05-25 13:00:00,1746.9981529327067,1620.0441565481433,914.9615913063928
forecast_3470,2025-05-25 14:00:00,1545.2342714649196,1682.4150274072292,1045.4345354143973
forecast_3471,2025-05-25 15:00:00,1491.53751294003,1627.2087677136903,992.5025001190052
forecast_3472,2025-05-25 16:00:00,1632.979501925407,1952.5275780589684,1254.4740732929026
forecast_3473,2025-05-25 17:00:00,1683.1472741323644,2220.869042427004,913.4109152232147
forecast_3474,2025-05-25 18:00:00,2270.247719402183,2272.6086123798177,995.5687933483074
forecast_3475,2025-05-25 19:00:00,3522.46566064752,4372.346347330289,2337.420360604354
forecast_3476,2025-05-25 20:00:00,3165.5345900327493,3457.5619124684727,2652.847632945862
forecast_3477,2025-05-25 21:00:00,3683.1206122260387,3127.9000322601846,2364.873553215092
forecast_3478,2025-05-25 22:00:00,5527.668808883636,6834.270725813952,5728.656865193042
forecast_3479,2025-05-25 23:00:00,6297.059124827476,7054.127014122378,5574.126559470506
forecast_3480,2025-05-26 00:00:00,7112.184223897615,6986.307489164284,4962.120871298695
forecast_3481,2025-05-26 01:00:00,8543.299847831173,7968.590585476444,5924.0379090708475
forecast_3482,2025-05-26 02:00:00,8463.257324965705,8484.389398149455,5770.049162966569
forecast_3483,2025-05-26 03:00:00,6215.868222184637,6593.197166883394,4256.615239318782
forecast_3484,2025-05-26 04:00:00,5558.842455416006,4976.661733434432,3500.8545667052294
forecast_3485,2025-05-26 05:00:00,4501.779615075704,3612.708010949423,2290.734371906094
forecast_3486,2025-05-26 06:00:00,2496.3744671392956,1780.9840305391228,1392.4970225449326
forecast_3487,2025-05-26 07:00:00,1295.687333982206,987.3089768457422,672.4285957163826
forecast_3488,2025-05-26 08:00:00,432.8836484839809,351.90475167029393,370.51239822027173
forecast_3489,2025-05-26 09:00:00,275.5119618290656,194.95367806505953,172.83985968253197
forecast_3490,2025-05-26 10:00:00,192.82115341729508,143.90457863139497,136.01290977134644
forecast_3491,2025-05-26 11:00:00,131.33013003815552,161.1589628439844,117.89877517398337
forecast_3492,2025-05-26 12:00:00,180.75137181947954,237.19154256290116,174.14885273863916
forecast_3493,2025-05-26 13:00:00,334.1600198180365,409.6361448272056,352.37856731804004
forecast_3494,2025-05-26 14:00:00,555.6192849276887,573.2146932029111,468.34575694647975
forecast_3495,2025-05-26 15:00:00,346.13797290056874,447.6835278753192,298.58448532581934
forecast_3496,2025-05-26 16:00:00,299.58727553493515,325.63476500262396,250.2983600243884
forecast_3497,2025-05-26 17:00:00,608.9591660674859,577.7987858220679,327.7566790347936
forecast_3498,2025-05-26 18:00:00,742.4360474170525,851.2286541795082,410.8974110226286
forecast_3499,2025-05-26 19:00:00,879.4130639274559,900.6316816624869,437.06048450745897
forecast_3500,2025-05-26 20:00:00,1449.6090067983182,1287.5899265312853,579.7310390906072
forecast_3501,2025-05-26 21:00:00,1877.058405654389,2200.826504602178,853.465089904211
forecast_3502,2025-05-26 22:00:00,2280.552329062987,2765.430000053831,1059.779116325131
forecast_3503,2025-05-26 23:00:00,3086.569581307909,3646.8038008918884,1824.6969241644356
forecast_3504,2025-05-27 00:00:00,3846.0166162114624,4714.602727258976,2736.907728266175
forecast_3505,2025-05-27 01:00:00,5583.075561833416,6199.490668131994,3976.1219323920086
forecast_3506,2025-05-27 02:00:00,5675.143225788942,6328.214912925586,4544.494944698253
forecast_3507,2025-05-27 03:00:00,5712.641059276916,5992.537573117646,4284.692879359816
forecast_3508,2025-05-27 04:00:00,4671.537169120887,5405.468561749158,3417.380118797306
forecast_3509,2025-05-27 05:00:00,3852.214914005868,4385.462615906615,3128.446123166164
forecast_3510,2025-05-27 06:00:00,2312.3237255407444,2542.9435931895764,1931.8006520307797
forecast_3511,2025-05-27 07:00:00,1638.3346629015196,1183.5447245021612,935.7421959317887
forecast_3512,2025-05-27 08:00:00,610.1034598825897,574.6018950263605,472.6588969295595
forecast_3513,2025-05-27 09:00:00,450.17988708589456,351.5455155602211,223.8886109920982
forecast_3514,2025-05-27 10:00:00,491.8293562319726,521.0300506614534,307.86921987577415
forecast_3515,2025-05-27 11:00:00,309.5987282120959,306.4274164318056,199.570415342521
forecast_3516,2025-05-27 12:00:00,428.1644492859672,336.2563889060144,311.2956503137982
forecast_3517,2025-05-27 13:00:00,474.9647477460197,437.9600674036793,363.32337581834923
forecast_3518,2025-05-27 14:00:00,551.2631412815286,440.8597141455609,375.80206104040064
forecast_3519,2025-05-27 15:00:00,362.40022537502625,328.969790730953,241.86833893792266
forecast_3520,2025-05-27 16:00:00,253.7831764197791,293.5713385468464,261.6652735951338
forecast_3521,2025-05-27 17:00:00,211.13449983473225,203.15689795881408,160.4538667994812
forecast_3522,2025-05-27 18:00:00,231.63340826388972,190.08730738119357,153.00470574884005
forecast_3523,2025-05-27 19:00:00,233.3552490184186,211.21644754534464,110.85304479143068
forecast_3524,2025-05-27 20:00:00,460.54015524970055,421.9686999520885,166.12046592691883
forecast_3525,2025-05-27 21:00:00,669.9525705225562,688.3101382503683,337.1685697890163
forecast_3526,2025-05-27 22:00:00,1034.8569304823866,939.7017972190195,526.0382056579513
forecast_3527,2025-05-27 23:00:00,1494.0451233427204,1477.8921734852793,865.8005445414232
forecast_3528,2025-05-28 00:00:00,2132.6316613146705,1916.350618810738,1254.449765325373
forecast_3529,2025-05-28 01:00:00,3232.8174689678553,3379.935979198196,1860.6948204710166
forecast_3530,2025-05-28 02:00:00,3769.1178638908873,3942.7776639352633,2276.9296570676697
forecast_3531,2025-05-28 03:00:00,4047.170064315506,4002.7499813406043,2359.2157638330623
forecast_3532,2025-05-28 04:00:00,3936.2990075533776,3920.5153414315882,2349.193457050654
forecast_3533,2025-05-28 05:00:00,4256.198545355687,3948.940426704656,2161.2012794488314
forecast_3534,2025-05-28 06:00:00,2333.3284625261344,1800.0274411708047,1127.4930732373189
forecast_3535,2025-05-28 07:00:00,873.8727399434581,575.7295825482087,349.93081650353685
forecast_3536,2025-05-28 08:00:00,338.7875639994896,279.4087169105832,181.20624093117917
forecast_3537,2025-05-28 09:00:00,240.8115776071646,182.53722282203168,88.0373577118746
forecast_3538,2025-05-28 10:00:00,118.11555996727691,140.55321300394596,92.82075667436501
forecast_3539,2025-05-28 11:00:00,149.94412485367428,198.385229891521,149.27159427990952
forecast_3540,2025-05-28 12:00:00,511.5479245524605,478.59448422416136,380.28409046398997
forecast_3541,2025-05-28 13:00:00,151.75800800326914,179.12876753724615,123.19616529683603
forecast_3542,2025-05-28 14:00:00,318.7715304765016,373.8105256348993,260.89285104588265
forecast_3543,2025-05-28 15:00:00,621.5576117166902,770.4914799582732,471.8795544247916
forecast_3544,2025-05-28 16:00:00,350.04166640162305,348.7244592051825,242.4771810800167
forecast_3545,2025-05-28 17:00:00,327.00456272978477,222.11958003953922,162.1114140571627
forecast_3546,2025-05-28 18:00:00,367.71646036256715,309.2343384191498,238.06536555006716
forecast_3547,2025-05-28 19:00:00,384.0816569100995,372.97529241206206,177.20832295478056
forecast_3548,2025-05-28 20:00:00,607.9047779623558,558.4589673896078,369.58237163420347
forecast_3549,2025-05-28 21:00:00,1653.8802971334683,1495.1751430218449,906.7767634500512
forecast_3550,2025-05-28 22:00:00,1474.024548548565,1252.9638432381705,905.1538567774916
forecast_3551,2025-05-28 23:00:00,1162.843422868921,1052.3055843436916,1390.8527722933088
forecast_3552,2025-05-29 00:00:00,776.4118932390386,637.3133407380617,669.24216071935
forecast_3553,2025-05-29 01:00:00,695.3461227377545,674.7684704948381,516.0720953422598
forecast_3554,2025-05-29 02:00:00,1003.3316093548963,834.597390321682,513.0816993374286
forecast_3555,2025-05-29 03:00:00,1540.8032609030515,1050.7014714469933,663.5480527439663
forecast_3556,2025-05-29 04:00:00,1290.8150519457984,1058.0096466133427,532.7359051525415
forecast_3557,2025-05-29 05:00:00,963.4832384059741,741.6926826255118,352.71019814879566
forecast_3558,2025-05-29 06:00:00,571.8535405914623,463.2974406359857,187.79253707331304
forecast_3559,2025-05-29 07:00:00,414.9846878824394,375.6861893206115,129.30619875255215
forecast_3560,2025-05-29 08:00:00,306.4567551448387,290.71689031146366,168.36471966931683
forecast_3561,2025-05-29 09:00:00,169.02601986304376,214.02761286964113,98.55862800666564
forecast_3562,2025-05-29 10:00:00,130.7955782943366,186.6856891985372,117.83422979274432
forecast_3563,2025-05-29 11:00:00,197.68341022458534,329.31581280718575,303.03016412077346
forecast_3564,2025-05-29 12:00:00,304.7743524474381,464.32284931989307,348.15766786416805
forecast_3565,2025-05-29 13:00:00,390.16818603201176,537.4997952212294,437.3595532018779
forecast_3566,2025-05-29 14:00:00,280.7843461042862,421.06403358148805,425.7982224602919
forecast_3567,2025-05-29 15:00:00,436.6329264109938,537.3431250426356,487.49904235382814
forecast_3568,2025-05-29 16:00:00,460.2660936610805,653.7624220294974,554.6637263342913
forecast_3569,2025-05-29 17:00:00,561.1597777807351,719.332243380293,465.90015992775017
forecast_3570,2025-05-29 18:00:00,662.6574829767338,960.4342326666182,503.848411319802
forecast_3571,2025-05-29 19:00:00,1101.0633791421706,1598.4335427128783,643.539014896005
forecast_3572,2025-05-29 20:00:00,1416.8890975548384,1779.9366275735836,617.8698405251424
forecast_3573,2025-05-29 21:00:00,1465.7771129929915,1733.1056815832258,584.1724361288959
forecast_3574,2025-05-29 22:00:00,1439.8488376122596,1833.5361186610028,568.7584144311857
forecast_3575,2025-05-29 23:00:00,1438.0657779003843,1513.8216021518776,490.94208253061555
forecast_3576,2025-05-30 00:00:00,1459.358083353751,1593.9260679744298,527.0331346326678
forecast_3577,2025-05-30 01:00:00,1229.9023102737644,1224.6268357617535,273.7459033299069
forecast_3578,2025-05-30 02:00:00,1334.5480176186284,1414.4698935241179,517.7727804267553
forecast_3579,2025-05-30 03:00:00,1474.6319833529233,1706.7782359875564,596.1223911467093
forecast_3580,2025-05-30 04:00:00,1568.8460458606341,2065.045735008069,766.0713241524361
forecast_3581,2025-05-30 05:00:00,1601.0394243879223,2051.3031086418796,885.289803277647
forecast_3582,2025-05-30 06:00:00,1543.4714930589969,2199.2225955240388,836.1094930396133
forecast_3583,2025-05-30 07:00:00,1755.2668782405087,2384.7188891998467,777.345797308063
forecast_3584,2025-05-30 08:00:00,1577.7617271127754,2190.8917778077957,894.1890393171838
forecast_3585,2025-05-30 09:00:00,1224.8302054536953,1493.0764021288614,1080.65670487181
forecast_3586,2025-05-30 10:00:00,1369.431839844267,1801.5145867578533,1102.0950171652198
forecast_3587,2025-05-30 11:00:00,1248.3100502420048,1472.929240361615,826.7778272316285
forecast_3588,2025-05-30 12:00:00,858.0458948353557,1079.9285276245105,805.6412526853949
forecast_3589,2025-05-30 13:00:00,705.6155657760212,1038.6720764444533,677.1795420177759
forecast_3590,2025-05-30 14:00:00,562.0104498229946,729.89942422561,597.4464102132076
forecast_3591,2025-05-30 15:00:00,357.7712050150205,504.62311137195803,565.9798308424402
forecast_3592,2025-05-30 16:00:00,420.6828135186118,523.0897338597603,555.0202426913269
forecast_3593,2025-05-30 17:00:00,381.0164929385636,610.4192212009883,365.5203202069692
forecast_3594,2025-05-30 18:00:00,602.1983276668452,770.8063647634378,466.4824738837483
forecast_3595,2025-05-30 19:00:00,1067.2490462678672,1290.5310104906732,550.5764777972715
forecast_3596,2025-05-30 20:00:00,1483.5831856644982,1510.4691100112325,572.1355707887146
forecast_3597,2025-05-30 21:00:00,1599.152243762434,1692.8648680760991,614.5043557496277
forecast_3598,2025-05-30 22:00:00,1514.0163574699359,1769.431175279079,644.8378488809489
forecast_3599,2025-05-30 23:00:00,1452.0777074733019,1675.1526686918387,535.7521991208678
forecast_3600,2025-05-31 00:00:00,1372.4844211772452,1446.8813552137658,491.9432574250475
forecast_3601,2025-05-31 01:00:00,709.4046308039891,695.7641471794709,258.0741704198065
forecast_3602,2025-05-31 02:00:00,1041.2137353411656,814.9685082632319,537.246850999786
forecast_3603,2025-05-31 03:00:00,1423.3434368775945,1387.3243125021886,573.9547222420799
forecast_3604,2025-05-31 04:00:00,1912.7917400719145,1470.1433587539173,1085.3219683193315
forecast_3605,2025-05-31 05:00:00,1707.4559003471127,1414.0611203475273,970.7775940949883
forecast_3606,2025-05-31 06:00:00,1515.0508195562372,1573.2500583410138,629.0476511771755
forecast_3607,2025-05-31 07:00:00,1519.2120862279794,1391.0364651114858,686.3872194286397
forecast_3608,2025-05-31 08:00:00,1217.8201237944413,1547.370522809799,674.0580213277713
forecast_3609,2025-05-31 09:00:00,842.8465465647641,1114.6941043874701,485.16225149640456
forecast_3610,2025-05-31 10:00:00,726.1338079412575,931.7538129232477,550.0333186179539
forecast_3611,2025-05-31 11:00:00,833.5649131974936,992.0486343258381,822.1963711078877
forecast_3612,2025-05-31 12:00:00,938.3018583998186,1009.2514398614794,837.8633410055003
forecast_3613,2025-05-31 13:00:00,724.4969817037128,1214.5378248938837,1145.781383594994
forecast_3614,2025-05-31 14:00:00,1017.5539238203976,1320.382169828624,1360.1602521767431
forecast_3615,2025-05-31 15:00:00,1022.1098062804849,1456.9668661315727,1123.0923861505048
forecast_3616,2025-05-31 16:00:00,1312.8556570494482,1547.2886539615165,963.1056595634504
forecast_3617,2025-05-31 17:00:00,1305.8214535956322,1485.3970605286963,690.4636916427149
forecast_3618,2025-05-31 18:00:00,1522.5662522326372,1829.8942246380602,848.902233802514
forecast_3619,2025-05-31 19:00:00,1557.015986739412,1884.2672290373685,846.3730011548128
forecast_3620,2025-05-31 20:00:00,1509.8407081060911,1877.2905739696755,916.2841343466824
forecast_3621,2025-05-31 21:00:00,1713.4306418980234,1923.3528133040893,832.0093436821734
forecast_3622,2025-05-31 22:00:00,1624.6556032607248,2059.485415269337,842.3798114156359
forecast_3623,2025-05-31 23:00:00,2277.518893729183,2162.640144523774,1534.4013311573904
forecast_3624,2025-06-01 00:00:00,1131.1152151426572,1322.2825748497896,712.035926718548
forecast_3625,2025-06-01 01:00:00,962.842048295841,1039.9057321378743,606.0578131182375
forecast_3626,2025-06-01 02:00:00,1731.2859741812556,1895.9197733473766,909.0673037143755
forecast_3627,2025-06-01 03:00:00,2886.2812761640735,2248.2902891343274,1580.8107898911805
forecast_3628,2025-06-01 04:00:00,2703.082629722979,2557.15519804334,1771.3559140339216
forecast_3629,2025-06-01 05:00:00,1947.9997996408695,1801.224816833793,1150.037582365591
forecast_3630,2025-06-01 06:00:00,1537.5824752502783,1579.1171354273579,672.4033199220752
forecast_3631,2025-06-01 07:00:00,1463.8389701940998,1505.1988327208778,571.9151917392876
forecast_3632,2025-06-01 08:00:00,644.9748667817767,633.1093917679893,323.94114604800654
forecast_3633,2025-06-01 09:00:00,370.5762081784622,282.12446926526724,168.58201406746426
forecast_3634,2025-06-01 10:00:00,183.72624373251114,217.1907299040162,186.37983033078697
forecast_3635,2025-06-01 11:00:00,258.53563832661484,232.52549846077844,205.51333717100636
forecast_3636,2025-06-01 12:00:00,239.46390414952614,243.3218244064818,149.99870816699945
forecast_3637,2025-06-01 13:00:00,273.43872623748,308.42266250606303,224.938364921359
forecast_3638,2025-06-01 14:00:00,274.81212896508725,214.16511856717207,170.81760722689987
forecast_3639,2025-06-01 15:00:00,480.54092079777257,356.13951833515495,229.80283318151749
forecast_3640,2025-06-01 16:00:00,135.88491887744655,136.4461897901033,115.16598720549077
forecast_3641,2025-06-01 17:00:00,281.59937865741756,253.0711397318523,192.79359613696346
forecast_3642,2025-06-01 18:00:00,929.057558535814,945.8031566894267,615.1992302972533
forecast_3643,2025-06-01 19:00:00,1708.2969622249584,2335.933484587335,1306.7564928835338
forecast_3644,2025-06-01 20:00:00,2472.737698231496,2767.6060045050103,1614.4684554201483
forecast_3645,2025-06-01 21:00:00,2926.2417285540273,3164.251370378604,1958.2368262490768
forecast_3646,2025-06-01 22:00:00,4492.57553802427,4812.537082202766,2772.9657434760907
forecast_3647,2025-06-01 23:00:00,3785.164846987613,3933.6924658066705,2198.1802805371094
forecast_3648,2025-06-02 00:00:00,5063.928978164341,5753.5290315182165,3275.1980213010656
forecast_3649,2025-06-02 01:00:00,3536.0338744864207,3559.6764149067453,2252.8290831239515
forecast_3650,2025-06-02 02:00:00,3542.383238649239,3214.9960882401574,2354.3708716962324
forecast_3651,2025-06-02 03:00:00,3738.2197842187447,4109.743169009291,2488.900252992042
forecast_3652,2025-06-02 04:00:00,2162.818821755752,1908.2391109684866,1054.411854150053
forecast_3653,2025-06-02 05:00:00,1838.9287502912832,1604.0483051410424,1353.5610602212312
forecast_3654,2025-06-02 06:00:00,798.248424396288,1008.1329565782986,664.7315969415831
forecast_3655,2025-06-02 07:00:00,633.2861945085784,688.4415996630239,418.41387271266825
forecast_3656,2025-06-02 08:00:00,658.3341275842669,736.2257182539938,376.71321683280297
forecast_3657,2025-06-02 09:00:00,662.3524449747276,730.84617791861,323.956547952558
forecast_3658,2025-06-02 10:00:00,640.5527565126881,780.750544712879,443.02758136682235
forecast_3659,2025-06-02 11:00:00,734.2635773811965,800.7234896792611,583.7472176595961
forecast_3660,2025-06-02 12:00:00,938.1306826605951,1133.568081668557,756.5628111868095
forecast_3661,2025-06-02 13:00:00,857.7791620411034,885.3809190897111,842.2391836130334
forecast_3662,2025-06-02 14:00:00,1093.8832094208594,1337.0660173061308,1353.8676354601948
forecast_3663,2025-06-02 15:00:00,1618.0881927211856,2071.035410097797,2176.024884418819
forecast_3664,2025-06-02 16:00:00,2790.438812890682,3185.004406438508,2977.9797986718236
forecast_3665,2025-06-02 17:00:00,4124.531186856519,3576.591088866145,3613.1309543089033
forecast_3666,2025-06-02 18:00:00,4782.847454890738,4253.198778511841,3935.069434722604
forecast_3667,2025-06-02 19:00:00,4637.110919438644,4553.06776994304,3204.6049720969386
forecast_3668,2025-06-02 20:00:00,3228.8274336852533,3290.4963159494064,2020.4004804096548
forecast_3669,2025-06-02 21:00:00,2736.205757693446,2809.8615920655393,1457.0217194312863
forecast_3670,2025-06-02 22:00:00,1887.5606250401947,1899.6829618191716,1144.3324185366582
forecast_3671,2025-06-02 23:00:00,1845.097400573504,1949.8581671962065,1451.0036986212485
forecast_3672,2025-06-03 00:00:00,1327.6546824129562,1581.1421995623707,889.9555031000485
forecast_3673,2025-06-03 01:00:00,1691.4705589737869,1641.0152249139576,747.9202071167601
forecast_3674,2025-06-03 02:00:00,1453.5589963989014,2213.958611678542,738.3547503099039
forecast_3675,2025-06-03 03:00:00,1915.642575661562,2370.6466099212753,1191.541686591043
forecast_3676,2025-06-03 04:00:00,1804.0480299025028,2236.1839967383694,1164.4367676245445
forecast_3677,2025-06-03 05:00:00,2320.288949550924,2394.363254070487,1628.1444531488626
forecast_3678,2025-06-03 06:00:00,2253.987863126883,2205.9843564834387,1320.0486766233712
forecast_3679,2025-06-03 07:00:00,1856.8725879536228,1438.4511650065533,796.5323869756947
forecast_3680,2025-06-03 08:00:00,1046.5005279764468,1174.5204015545285,372.84597076448506
forecast_3681,2025-06-03 09:00:00,797.550587673355,652.2125589890132,427.0290954792027
forecast_3682,2025-06-03 10:00:00,2000.1232400253418,2052.970046812998,1086.5085663262485
forecast_3683,2025-06-03 11:00:00,3187.5796262355834,3012.0510981994785,1784.4870725365724
forecast_3684,2025-06-03 12:00:00,4909.676402743786,4448.033183364196,4104.694585617727
forecast_3685,2025-06-03 13:00:00,7319.4219849237425,6811.951809349087,6286.714894046605
forecast_3686,2025-06-03 14:00:00,9290.790469626869,9071.395951924755,8318.89020456904
forecast_3687,2025-06-03 15:00:00,10142.07910070376,10279.183630818448,9104.413728766325
forecast_3688,2025-06-03 16:00:00,10261.168102461328,10498.90256586696,9887.517861977576
forecast_3689,2025-06-03 17:00:00,12172.778304795589,12093.71864317688,10768.696467088917
forecast_3690,2025-06-03 18:00:00,13060.527747729717,12592.453567413244,12085.790092421295
forecast_3691,2025-06-03 19:00:00,12925.874149962448,12377.246039591617,10664.521353661301
forecast_3692,2025-06-03 20:00:00,12064.681345793362,12927.364246238327,10795.75572984624
forecast_3693,2025-06-03 21:00:00,14439.37811603501,16118.134684824481,12718.538416066305
forecast_3694,2025-06-03 22:00:00,14856.014009542656,16698.83239872383,12591.599067715943
forecast_3695,2025-06-03 23:00:00,14731.276960706244,16172.143481293198,12694.239452495412
forecast_3696,2025-06-04 00:00:00,14640.282283466782,16366.365510599424,12102.174315392982
forecast_3697,2025-06-04 01:00:00,13677.40269213555,14732.224381456881,10658.277345148299
forecast_3698,2025-06-04 02:00:00,15494.557181703536,16388.3952693664,12582.897236955338
forecast_3699,2025-06-04 03:00:00,17103.60825799243,17609.389275328016,13711.971791968866
forecast_3700,2025-06-04 04:00:00,17203.037830281446,17605.76687730702,14302.16942596732
forecast_3701,2025-06-04 05:00:00,16593.604474476077,17111.397150879413,14072.8277290944
forecast_3702,2025-06-04 06:00:00,17010.84468682934,17770.540946826364,15045.278713386027
forecast_3703,2025-06-04 07:00:00,17225.16827044824,18274.86572267187,15961.030219840415
forecast_3704,2025-06-04 08:00:00,17251.090676672426,18334.802290629363,16181.453970507124
forecast_3705,2025-06-04 09:00:00,17383.05496390814,18361.265439428644,16173.009601699707
forecast_3706,2025-06-04 10:00:00,16775.738791087042,17941.297497994285,14295.360383829357
forecast_3707,2025-06-04 11:00:00,16125.477144693277,17578.47757294037,12061.169140583072
forecast_3708,2025-06-04 12:00:00,15944.762006325125,17086.54143668451,12912.666277207056
forecast_3709,2025-06-04 13:00:00,15279.812428175688,16637.367488480282,12145.533007949132
forecast_3710,2025-06-04 14:00:00,15067.021131877014,15978.05359596212,12122.97907933727
forecast_3711,2025-06-04 15:00:00,14184.936865987227,13445.966049329583,10381.704781947648
forecast_3712,2025-06-04 16:00:00,13235.913153207848,12559.647439622266,9778.85961623757
forecast_3713,2025-06-04 17:00:00,12831.092524060094,11975.833539339832,9608.589774143218
forecast_3714,2025-06-04 18:00:00,11767.88576589092,11092.337791226148,8076.888555879797
forecast_3715,2025-06-04 19:00:00,11945.018427612198,11007.349958816276,8209.503831726526
forecast_3716,2025-06-04 20:00:00,12282.39975822119,11192.43888959362,8878.239337952098
forecast_3717,2025-06-04 21:00:00,12610.857948366567,12341.795043825568,10060.664639277471
forecast_3718,2025-06-04 22:00:00,10844.858243586674,12019.244471865639,8875.848298487675
forecast_3719,2025-06-04 23:00:00,10678.099597327793,12190.18853965637,9571.932932717033
forecast_3720,2025-06-05 00:00:00,12464.178741671052,13839.331261539199,11469.856810887133
forecast_3721,2025-06-05 01:00:00,11969.040977491917,12438.284774058864,10210.82881886718
forecast_3722,2025-06-05 02:00:00,12321.027372337001,13972.921847075853,11513.16420753476
forecast_3723,2025-06-05 03:00:00,13381.678230775271,14330.394849091223,12355.90039398976
forecast_3724,2025-06-05 04:00:00,13001.038420303168,14656.327371610318,12912.79847795308
forecast_3725,2025-06-05 05:00:00,11970.737658436097,13567.661415018385,10557.019440882228
forecast_3726,2025-06-05 06:00:00,9594.298997800717,12088.662555110961,9052.525686222682
forecast_3727,2025-06-05 07:00:00,11603.009415597893,13476.719976197783,10001.036080801276
forecast_3728,2025-06-05 08:00:00,11292.840392223963,12586.177814221914,9990.077587211636
forecast_3729,2025-06-05 09:00:00,9682.817598968202,11472.493690244339,8389.059881549616
forecast_3730,2025-06-05 10:00:00,7162.870027783503,7821.886250899658,5969.199250413486
forecast_3731,2025-06-05 11:00:00,5702.28354838549,5107.353781929679,4655.742030541539
forecast_3732,2025-06-05 12:00:00,5640.083782225539,5536.171442514664,4726.273299197022
forecast_3733,2025-06-05 13:00:00,4659.873586583572,4454.33191416393,3754.1366750141974
forecast_3734,2025-06-05 14:00:00,5095.075066018084,4843.03319234285,4483.412115937334
forecast_3735,2025-06-05 15:00:00,5996.1308806908055,5548.5064805819875,5731.03037848289
forecast_3736,2025-06-05 16:00:00,6585.8892035353,6185.028126282984,6508.257457687211
forecast_3737,2025-06-05 17:00:00,7917.083189046207,7803.58627907322,7991.215937987286
forecast_3738,2025-06-05 18:00:00,10416.833693494278,10056.08293366979,10515.373704339361
forecast_3739,2025-06-05 19:00:00,12869.626587718523,12424.29119611069,13321.890736748119
forecast_3740,2025-06-05 20:00:00,14585.12176769434,14591.607965332976,14695.293409067894
forecast_3741,2025-06-05 21:00:00,15113.233145513526,15154.106190387893,14010.983348999835
forecast_3742,2025-06-05 22:00:00,16668.377668778325,16558.380928360188,14929.543761745426
forecast_3743,2025-06-05 23:00:00,16959.136324309817,16715.637997557733,15720.377818542356
forecast_3744,2025-06-06 00:00:00,16513.598142493276,16457.17896480009,15977.723987703075
forecast_3745,2025-06-06 01:00:00,16533.15701873256,16034.586841948672,14484.44219151458
forecast_3746,2025-06-06 02:00:00,16505.015043951313,15950.458656849074,14167.243023517045
forecast_3747,2025-06-06 03:00:00,16705.09425300907,16378.444540888766,15077.4663774545
forecast_3748,2025-06-06 04:00:00,16508.471398628255,16760.279314219115,15856.367216419649
forecast_3749,2025-06-06 05:00:00,16437.597050194436,16853.67176146312,15839.433129795012
forecast_3750,2025-06-06 06:00:00,16677.00538167738,16292.979163685972,15419.060217457145
forecast_3751,2025-06-06 07:00:00,15542.024649050873,16165.29965031126,14654.769445079197
forecast_3752,2025-06-06 08:00:00,13847.394426210052,15369.772511786607,13872.310834283893
forecast_3753,2025-06-06 09:00:00,12829.729461228813,14636.366968485674,12320.683833651992
forecast_3754,2025-06-06 10:00:00,12644.791695335602,13305.75507230712,12122.662241484848
forecast_3755,2025-06-06 11:00:00,11875.187867045466,12988.038123374301,11951.621848749963
forecast_3756,2025-06-06 12:00:00,11925.64364383081,13269.970673953225,12259.246125147258
forecast_3757,2025-06-06 13:00:00,11949.016384665674,13051.7123470407,12828.985330450329
forecast_3758,2025-06-06 14:00:00,12414.374928321593,13256.940985028712,12956.795957393166
forecast_3759,2025-06-06 15:00:00,12152.611225663233,13479.767574649799,13001.682076777797
forecast_3760,2025-06-06 16:00:00,12346.122055783857,13390.510607002052,13095.413985789457
forecast_3761,2025-06-06 17:00:00,13042.235677022554,13069.019576605662,12671.106820116756
forecast_3762,2025-06-06 18:00:00,13294.605019639219,13544.835192259445,12698.32307146404
forecast_3763,2025-06-06 19:00:00,13903.81475525031,14856.247762165245,14990.273399281077
forecast_3764,2025-06-06 20:00:00,14727.738215401798,16065.941689562449,15602.402493905429
forecast_3765,2025-06-06 21:00:00,14588.985672820434,15688.103497394453,15229.131921419956
forecast_3766,2025-06-06 22:00:00,15365.602277961929,16577.087310302486,15408.726605273632
forecast_3767,2025-06-06 23:00:00,15795.618895142252,16545.9723974856,15065.102815074993
forecast_3768,2025-06-07 00:00:00,15006.361837696493,16492.13643007252,15339.13398533148
forecast_3769,2025-06-07 01:00:00,15782.82960316979,16658.233402254788,14676.688837556738
forecast_3770,2025-06-07 02:00:00,16287.733526401908,16655.29528913934,15106.80191349941
forecast_3771,2025-06-07 03:00:00,15836.439001773111,16674.410397675303,14616.453215658905
forecast_3772,2025-06-07 04:00:00,15057.064545903366,15936.613568729033,14601.99752083532
forecast_3773,2025-06-07 05:00:00,15968.59267399518,17194.1479690758,15787.71623188001
forecast_3774,2025-06-07 06:00:00,16317.038346988265,16464.395788116057,14813.682121976173
forecast_3775,2025-06-07 07:00:00,14504.64548454569,15059.978425431329,14249.49378153237
forecast_3776,2025-06-07 08:00:00,12919.180535532589,13120.15500575044,12866.072569159689
forecast_3777,2025-06-07 09:00:00,11265.542123208817,13003.387097548224,11196.549843319612
forecast_3778,2025-06-07 10:00:00,9558.645290661923,10206.113243502616,10657.244968547273
forecast_3779,2025-06-07 11:00:00,6877.59816487667,7455.183704439035,7955.949180299362
forecast_3780,2025-06-07 12:00:00,6806.333159804896,6892.277415776129,6008.996392492661
forecast_3781,2025-06-07 13:00:00,5750.469102071602,6381.92131263937,5492.84576991859
forecast_3782,2025-06-07 14:00:00,5409.381208470444,6038.6711722889095,5053.2987771936905
forecast_3783,2025-06-07 15:00:00,6041.315446403821,6427.014510294546,5386.425381226589
forecast_3784,2025-06-07 16:00:00,5990.782847500817,6758.5888487755055,5315.06151587175
forecast_3785,2025-06-07 17:00:00,6507.425191025333,7276.820840886338,5464.001699235539
forecast_3786,2025-06-07 18:00:00,7132.754541859249,7952.2150939807025,6296.321304215348
forecast_3787,2025-06-07 19:00:00,9432.620821190094,10161.037930435261,7642.353509424655
forecast_3788,2025-06-07 20:00:00,9862.112737688301,10578.041300916206,8864.121796000307
forecast_3789,2025-06-07 21:00:00,11903.368984618646,12972.239269223528,11492.816613541723
forecast_3790,2025-06-07 22:00:00,11866.552096767751,13057.68524292439,11360.037825094012
forecast_3791,2025-06-07 23:00:00,11671.238582226248,12917.843102834364,10235.851859395692
forecast_3792,2025-06-08 00:00:00,12176.903224582271,13757.770055100562,11191.107387261234
forecast_3793,2025-06-08 01:00:00,11468.083639232602,12946.517671723444,10096.609561245843
forecast_3794,2025-06-08 02:00:00,11742.47062101823,12602.680742954015,10082.82813910162
forecast_3795,2025-06-08 03:00:00,11811.14009234321,12784.681034279292,10300.826037746152
forecast_3796,2025-06-08 04:00:00,11110.519813537558,12406.279205026747,8862.728377927479
forecast_3797,2025-06-08 05:00:00,9426.205153217663,9941.084418646216,5966.062670068694
forecast_3798,2025-06-08 06:00:00,6054.346929923659,5703.751569954972,3954.891804253574
forecast_3799,2025-06-08 07:00:00,3804.655724294178,3893.4311436126623,2141.5121519643667
forecast_3800,2025-06-08 08:00:00,1757.8863527992391,1731.8436008182027,972.556942472973
forecast_3801,2025-06-08 09:00:00,1196.8409821808002,965.5339544129076,737.6143437021843
forecast_3802,2025-06-08 10:00:00,558.3719486288863,458.808562463608,250.9885372583922
forecast_3803,2025-06-08 11:00:00,137.92874498748145,168.3588548211907,150.9627748687705
forecast_3804,2025-06-08 12:00:00,165.7089052917181,162.76378289468545,119.2878226090583
forecast_3805,2025-06-08 13:00:00,187.594999244092,223.39462984454445,175.94291056025727
forecast_3806,2025-06-08 14:00:00,208.6256145865637,239.20567765245423,196.89264313072317
forecast_3807,2025-06-08 15:00:00,181.36372362183533,195.9042099036279,145.07013436929395
forecast_3808,2025-06-08 16:00:00,182.64628233060384,203.09393403914527,151.43224492458458
forecast_3809,2025-06-08 17:00:00,315.5809227293226,320.64756086465206,193.14487907026816
forecast_3810,2025-06-08 18:00:00,817.44454264353,801.7613542964826,543.6480445363676
forecast_3811,2025-06-08 19:00:00,1136.7076546076169,1546.153050279559,754.3919768142026
forecast_3812,2025-06-08 20:00:00,1805.1006809865312,1957.1113045268319,944.5583371052877
forecast_3813,2025-06-08 21:00:00,2140.282818332437,2043.1266616101188,1158.4675895780717
forecast_3814,2025-06-08 22:00:00,3445.2042365604775,3874.0951690094553,2176.2004928470274
forecast_3815,2025-06-08 23:00:00,4726.602166156357,5524.9309677089905,3680.9465854758523
forecast_3816,2025-06-09 00:00:00,7842.37211662549,7997.001008534954,6342.25569128651
forecast_3817,2025-06-09 01:00:00,8609.443089176284,9034.92344443443,6830.287006251884
forecast_3818,2025-06-09 02:00:00,9201.904657188548,8904.7222299866,7018.768775529599
forecast_3819,2025-06-09 03:00:00,8480.733588712432,9117.858351565192,6384.125278703492
forecast_3820,2025-06-09 04:00:00,7479.984822678736,7648.986868296188,5101.414458309331
forecast_3821,2025-06-09 05:00:00,6735.6540730621,6051.544591854246,4678.937021058363
forecast_3822,2025-06-09 06:00:00,4577.942170754996,3712.27889694263,3092.71609278783
forecast_3823,2025-06-09 07:00:00,2413.5068068536825,2211.6654777153626,1340.7902335497763
forecast_3824,2025-06-09 08:00:00,910.0252913674054,1127.0078937400601,491.3171159965669
forecast_3825,2025-06-09 09:00:00,570.3962769234029,543.1829416386622,252.6744614590564
forecast_3826,2025-06-09 10:00:00,443.63014867151827,549.206900824109,371.59553927593953
forecast_3827,2025-06-09 11:00:00,535.7799738125759,671.9711761925417,369.56286642955524
forecast_3828,2025-06-09 12:00:00,517.1440697052701,602.0121676665178,352.55658920785027
forecast_3829,2025-06-09 13:00:00,721.9234849113141,732.468093798471,459.31662921622336
forecast_3830,2025-06-09 14:00:00,1212.5254279848093,1206.2557184529335,1023.3666271390875
forecast_3831,2025-06-09 15:00:00,1384.798896321279,1257.797287677386,1173.9689941092554
forecast_3832,2025-06-09 16:00:00,1656.340357721858,1800.1509511137454,1717.9282836132459
forecast_3833,2025-06-09 17:00:00,2287.156165774855,2584.043693042722,2364.609793401102
forecast_3834,2025-06-09 18:00:00,2267.5240153014497,2529.578946848684,2019.0158070479388
forecast_3835,2025-06-09 19:00:00,1939.9252002822857,2137.428311020632,1383.321332231788
forecast_3836,2025-06-09 20:00:00,2506.304346913297,2930.581483346362,1714.004585516748
forecast_3837,2025-06-09 21:00:00,4748.16905672824,5170.725217440201,3461.2037115147764
forecast_3838,2025-06-09 22:00:00,7081.179244370152,8212.472125943857,6317.079860701273
forecast_3839,2025-06-09 23:00:00,6967.191678097151,8875.636365533457,6335.972315843153
forecast_3840,2025-06-10 00:00:00,6741.575562504533,8144.861732047467,5431.000270641826
forecast_3841,2025-06-10 01:00:00,12786.942593755872,13165.153614229657,10275.32235591207
forecast_3842,2025-06-10 02:00:00,13062.02655614561,13987.08179566441,12254.802829353703
forecast_3843,2025-06-10 03:00:00,13632.181302343619,14705.21626260595,13711.73651532251
forecast_3844,2025-06-10 04:00:00,13030.867834766104,14903.52038575378,13988.849434180189
forecast_3845,2025-06-10 05:00:00,14172.48259040857,15008.705981071127,14828.569325338483
forecast_3846,2025-06-10 06:00:00,13362.308311233428,13356.297716561265,12291.74606305262
forecast_3847,2025-06-10 07:00:00,11587.113632521248,11600.795790960636,10466.306402063317
forecast_3848,2025-06-10 08:00:00,9421.687785786327,11264.934521184334,8316.308151957068
forecast_3849,2025-06-10 09:00:00,6963.00186809846,9318.73743239837,5815.336557579691
forecast_3850,2025-06-10 10:00:00,5825.838307499207,6270.0725697479165,4205.5951772674425
forecast_3851,2025-06-10 11:00:00,4239.381056551175,4608.667501620004,4062.0221831742374
forecast_3852,2025-06-10 12:00:00,4496.68845947598,4544.095201174615,3705.746848871637
forecast_3853,2025-06-10 13:00:00,6065.2236983910825,6655.090581160878,5485.242816209515
forecast_3854,2025-06-10 14:00:00,6278.336698955676,7206.933068305961,6384.35467750941
forecast_3855,2025-06-10 15:00:00,7602.319384971726,8615.33047741522,6729.2837989073505
forecast_3856,2025-06-10 16:00:00,8274.271629942403,8704.509543675065,7345.473409783494
forecast_3857,2025-06-10 17:00:00,8967.287141651628,9256.156039885687,8052.112383095283
forecast_3858,2025-06-10 18:00:00,9416.158009045432,10201.290142739334,9060.255886774083
forecast_3859,2025-06-10 19:00:00,10305.17924031879,10580.32597912686,9579.250853248628
forecast_3860,2025-06-10 20:00:00,11268.809233062517,12195.59094935549,10922.756164712102
forecast_3861,2025-06-10 21:00:00,12346.87628343559,12274.15691252147,10799.750720689599
forecast_3862,2025-06-10 22:00:00,13493.60023449881,13383.180190276149,11449.185463139722
forecast_3863,2025-06-10 23:00:00,13967.873947452137,14007.62650098771,11838.072831044658
forecast_3864,2025-06-11 00:00:00,13825.856657307635,14244.820094738583,11349.985509720014
forecast_3865,2025-06-11 01:00:00,11532.460492947317,13201.477501602634,10225.896693525512
forecast_3866,2025-06-11 02:00:00,10215.931886324399,11587.358613750614,9658.013819504298
forecast_3867,2025-06-11 03:00:00,9804.540356203363,11972.3276834819,9387.926577500757
forecast_3868,2025-06-11 04:00:00,10459.254287045442,12097.88919457446,9189.632904101689
forecast_3869,2025-06-11 05:00:00,11298.850347354351,12659.9854394729,9570.262653070564
forecast_3870,2025-06-11 06:00:00,11562.197798954274,12904.665328483574,9891.848583050712
forecast_3871,2025-06-11 07:00:00,11289.344261500679,11817.292039017217,8648.791029530601
forecast_3872,2025-06-11 08:00:00,8918.853223319893,9653.630195459444,7016.126904335368
forecast_3873,2025-06-11 09:00:00,6951.637370852882,6540.184220009424,4673.7825037979
forecast_3874,2025-06-11 10:00:00,7052.299287490841,6105.654123995136,4514.862859736131
forecast_3875,2025-06-11 11:00:00,7024.42642212662,5612.475136759112,4048.5426401233285
forecast_3876,2025-06-11 12:00:00,6573.9665612536855,5432.707977249041,3986.628423308847
forecast_3877,2025-06-11 13:00:00,7755.839215265765,6209.513129315621,4859.99040432182
forecast_3878,2025-06-11 14:00:00,7869.0948442134195,6478.107627448695,4985.166662976088
forecast_3879,2025-06-11 15:00:00,6281.603664165894,5317.167788959617,4194.130311078791
forecast_3880,2025-06-11 16:00:00,5751.429124872777,4537.837042157524,3912.63187525746
forecast_3881,2025-06-11 17:00:00,5415.9403072307005,5095.342386910016,4300.778625428357
forecast_3882,2025-06-11 18:00:00,3608.695615642589,3772.6562766436537,3007.7574976739743
forecast_3883,2025-06-11 19:00:00,4389.381574416213,4357.013532868581,2669.9702789863695
forecast_3884,2025-06-11 20:00:00,5142.95814008973,5554.236963342321,3788.2366102489827
forecast_3885,2025-06-11 21:00:00,4622.2675434868315,5273.365101800325,3661.724631381814
forecast_3886,2025-06-11 22:00:00,5739.992007382072,5950.837900981136,4234.224055728688
forecast_3887,2025-06-11 23:00:00,6410.083566068932,6445.988344433904,4328.7174545147855
forecast_3888,2025-06-12 00:00:00,4770.790494916989,4898.5805200026625,3850.704523837503
forecast_3889,2025-06-12 01:00:00,4716.867301618619,4106.735913169005,3001.629078403879
forecast_3890,2025-06-12 02:00:00,5177.913442805393,4243.2028301297605,3793.549542880909
forecast_3891,2025-06-12 03:00:00,4432.751317269626,3191.41992553927,2551.704103346171
forecast_3892,2025-06-12 04:00:00,3725.507889544649,2740.058607309177,2166.964641180796
forecast_3893,2025-06-12 05:00:00,1804.3699598948606,1527.1972136527804,1150.0921366582174
forecast_3894,2025-06-12 06:00:00,713.6384602319102,802.8429146709345,467.88742318424414
forecast_3895,2025-06-12 07:00:00,591.3570358913889,408.9763064864158,155.99390412415337
forecast_3896,2025-06-12 08:00:00,361.8977973109726,315.33194274671115,86.69741772849953
forecast_3897,2025-06-12 09:00:00,222.16839933975885,208.81337870061137,91.36009055207184
forecast_3898,2025-06-12 10:00:00,162.7750388267168,164.8916456165201,103.52854126317398
forecast_3899,2025-06-12 11:00:00,99.75098006361216,113.59939269411423,85.77347863821807
forecast_3900,2025-06-12 12:00:00,89.97462230420052,114.23975025684516,83.20536191622183
forecast_3901,2025-06-12 13:00:00,104.84234133453899,125.69540690012185,96.23806859101761
forecast_3902,2025-06-12 14:00:00,104.70429791573011,119.79569894158088,86.78934951194859
forecast_3903,2025-06-12 15:00:00,115.40812059565998,127.23174372679145,96.34104263514624
forecast_3904,2025-06-12 16:00:00,192.0609849346046,189.5912960314888,136.33325631037394
forecast_3905,2025-06-12 17:00:00,206.64688575586456,272.40029946481036,212.67502429994798
forecast_3906,2025-06-12 18:00:00,447.63041719205177,495.6164782577436,287.6013490643239
forecast_3907,2025-06-12 19:00:00,763.2846193700051,770.600112655328,338.4690418820201
forecast_3908,2025-06-12 20:00:00,1194.0949273735412,1347.8303826198012,462.72041320951354
forecast_3909,2025-06-12 21:00:00,1030.303696359049,1094.7412313692641,512.4751125070087
forecast_3910,2025-06-12 22:00:00,1366.6758067700925,1474.5496637992833,502.9801995734332
forecast_3911,2025-06-12 23:00:00,1243.731529266011,1384.1964491254944,796.6261073385691
forecast_3912,2025-06-13 00:00:00,1349.9545788602306,1265.2508766015253,938.081357483777
forecast_3913,2025-06-13 01:00:00,2525.1793733107465,2613.413237539363,1903.2832379148235
forecast_3914,2025-06-13 02:00:00,4043.2144032654674,4622.9767072007935,3360.668664269681
forecast_3915,2025-06-13 03:00:00,5515.108688198238,5746.0846292098795,4249.225396904574
forecast_3916,2025-06-13 04:00:00,4412.5935978493035,4121.912416594399,2331.482944638128
forecast_3917,2025-06-13 05:00:00,3486.2871812667254,2879.404875043662,2115.3397811299774
forecast_3918,2025-06-13 06:00:00,1738.133141209088,1421.7859685421708,1194.367049777665
forecast_3919,2025-06-13 07:00:00,1058.6362467246322,842.0139735820566,488.3641380412302
forecast_3920,2025-06-13 08:00:00,361.02903112379806,353.1650859643868,121.7677462439447
forecast_3921,2025-06-13 09:00:00,461.82442387823113,470.3112964478545,150.27684502483794
forecast_3922,2025-06-13 10:00:00,510.03344020578,497.3932034636887,273.35712027799707
forecast_3923,2025-06-13 11:00:00,412.06251939768464,439.405680129241,248.8498832169173
forecast_3924,2025-06-13 12:00:00,494.48861548316825,567.6142493696793,402.7093528949741
forecast_3925,2025-06-13 13:00:00,659.3260841431097,627.3162299012134,466.95221299642446
forecast_3926,2025-06-13 14:00:00,988.2730565688281,1070.2551213696238,831.5665071979113
forecast_3927,2025-06-13 15:00:00,991.20301925774,1338.0693360981174,1362.516572062301
forecast_3928,2025-06-13 16:00:00,953.9770707041605,1139.55495684238,1026.62963668345
forecast_3929,2025-06-13 17:00:00,1283.2326085920477,1478.418842791455,1425.1391231858597
forecast_3930,2025-06-13 18:00:00,1942.2258797491766,2298.2071540586007,1570.965711042888
forecast_3931,2025-06-13 19:00:00,1757.666802729049,2077.1008252450742,1610.8010844388807
forecast_3932,2025-06-13 20:00:00,2401.520445453857,2852.6015372803918,2181.467932315683
forecast_3933,2025-06-13 21:00:00,3606.476773084153,3444.7486647123233,2883.572701283813
forecast_3934,2025-06-13 22:00:00,5045.945157142849,4228.879012982979,3961.67648841593
forecast_3935,2025-06-13 23:00:00,4009.979914159211,4447.172922696522,3378.1780790756734
forecast_3936,2025-06-14 00:00:00,4046.6072263877422,3786.934275581401,2760.9090697502174
forecast_3937,2025-06-14 01:00:00,8438.856773899939,10223.491149630388,6833.786129630501
forecast_3938,2025-06-14 02:00:00,8470.58514684355,9826.715164823108,7096.986723633548
forecast_3939,2025-06-14 03:00:00,7526.729129734594,9750.718454685943,5865.3807955087905
forecast_3940,2025-06-14 04:00:00,5327.658500864151,6522.30941035863,2983.9841962609703
forecast_3941,2025-06-14 05:00:00,3674.8511866460376,4430.55204465862,2000.1110829737015
forecast_3942,2025-06-14 06:00:00,3560.02740386231,4029.132088636629,1960.1215861171909
forecast_3943,2025-06-14 07:00:00,1399.6584318755501,1195.0139006037637,674.6884422885616
forecast_3944,2025-06-14 08:00:00,463.4871230291811,448.31030954475375,150.20353936119957
forecast_3945,2025-06-14 09:00:00,1287.5385910213465,1096.695833823553,520.737080849178
forecast_3946,2025-06-14 10:00:00,1025.7887227284723,1111.294521685533,594.0570182265213
forecast_3947,2025-06-14 11:00:00,684.6617579256927,758.5204357156406,481.8324907279179
forecast_3948,2025-06-14 12:00:00,805.5441221478252,920.1764064793282,448.31339268349694
forecast_3949,2025-06-14 13:00:00,757.8271028988918,884.7505271806114,381.5143633738805
forecast_3950,2025-06-14 14:00:00,530.3701160478576,710.3310204638593,447.8811230388862
forecast_3951,2025-06-14 15:00:00,502.7821582536775,652.5068338574673,462.9599688709897
forecast_3952,2025-06-14 16:00:00,692.5007249824125,689.0978402922269,440.19652114901857
forecast_3953,2025-06-14 17:00:00,762.5638823173856,719.7192185033043,400.7776990406971
forecast_3954,2025-06-14 18:00:00,902.4512184729228,1119.814242846976,463.29407273528415
forecast_3955,2025-06-14 19:00:00,1154.9886687930264,1414.4890607670823,548.7420619659125
forecast_3956,2025-06-14 20:00:00,1358.2054260518225,1608.3692469094256,608.8497689685119
forecast_3957,2025-06-14 21:00:00,1475.330472028706,1491.0592989115364,632.3655141100453
forecast_3958,2025-06-14 22:00:00,1309.1359273924245,1231.9490416275935,708.5246727655034
forecast_3959,2025-06-14 23:00:00,1077.7588054246855,1023.2688987746178,603.8413854302195
forecast_3960,2025-06-15 00:00:00,818.9964302718906,810.3582167738525,413.6758117636825
forecast_3961,2025-06-15 01:00:00,4861.15960721886,4849.859360172351,3592.798487345886
forecast_3962,2025-06-15 02:00:00,4545.51563819956,4461.444641194045,3618.5171257731995
forecast_3963,2025-06-15 03:00:00,4324.299067550702,4307.574006738345,3343.7877074208996
forecast_3964,2025-06-15 04:00:00,4805.581358644214,4377.079593572008,3984.1510172003836
forecast_3965,2025-06-15 05:00:00,4951.235419338642,4947.636748682566,4487.25899699141
forecast_3966,2025-06-15 06:00:00,4832.164865868934,4973.737777677044,3503.5826207169575
forecast_3967,2025-06-15 07:00:00,3055.852151331659,2996.259129064065,2018.13314510066
forecast_3968,2025-06-15 08:00:00,1572.6799991894993,1461.142483614711,1077.0817316916555
forecast_3969,2025-06-15 09:00:00,1076.0762859527,1120.2109171596833,692.3062503548358
forecast_3970,2025-06-15 10:00:00,846.569439639655,685.0567453575251,559.7756189884498
forecast_3971,2025-06-15 11:00:00,689.1339308901992,1114.6461289016133,698.7981420135696
forecast_3972,2025-06-15 12:00:00,1283.823477741988,1492.5388385812385,1128.0339944666462
forecast_3973,2025-06-15 13:00:00,1308.0225456722053,1475.6943877353865,975.6666426078011
forecast_3974,2025-06-15 14:00:00,1671.672647178503,2168.9022496824095,1278.4332588635216
forecast_3975,2025-06-15 15:00:00,2544.542537221579,3651.0651005278164,2160.6222884026397
forecast_3976,2025-06-15 16:00:00,4168.727265891907,5151.160100811607,4107.9888327504095
forecast_3977,2025-06-15 17:00:00,2944.0859584967616,4126.212651730906,2664.0338077860015
forecast_3978,2025-06-15 18:00:00,3596.184894844094,4799.117095131834,3218.0696896787836
forecast_3979,2025-06-15 19:00:00,3892.2222394849105,6188.539954842273,4661.47046620423
forecast_3980,2025-06-15 20:00:00,5221.188358351393,6656.23692455362,4655.042017633832
forecast_3981,2025-06-15 21:00:00,6737.491319969005,9823.156542283008,6122.081995304264
forecast_3982,2025-06-15 22:00:00,8221.22802186616,10960.068688999936,7636.127069949556
forecast_3983,2025-06-15 23:00:00,8062.00114862961,11318.963418295334,7096.323734350846
forecast_3984,2025-06-16 00:00:00,8431.256619693926,11120.954694023641,8045.128984061727
forecast_3985,2025-06-16 01:00:00,9123.743725054406,11652.738775020245,8145.1592215384635
forecast_3986,2025-06-16 02:00:00,9581.393172868216,10885.534934445974,8193.044971861083
forecast_3987,2025-06-16 03:00:00,9129.154539421434,11139.232496059973,8441.400230882018
forecast_3988,2025-06-16 04:00:00,8311.367347164583,10463.634061070932,7594.206503499445
forecast_3989,2025-06-16 05:00:00,7733.855846771399,9574.850679995152,7768.076342721284
forecast_3990,2025-06-16 06:00:00,7772.685548875033,9862.26024244816,7345.523958374842
forecast_3991,2025-06-16 07:00:00,7109.102699089463,7900.646335655152,5935.089494415011
forecast_3992,2025-06-16 08:00:00,7415.718689910135,8828.775086597681,6164.035331614592
forecast_3993,2025-06-16 09:00:00,6865.60659189146,8795.878948500518,6092.962445662636
forecast_3994,2025-06-16 10:00:00,6753.42846048641,8355.276975126259,5591.695216556561
forecast_3995,2025-06-16 11:00:00,6843.1304744444615,8984.011332239932,6248.420101969289
forecast_3996,2025-06-16 12:00:00,5974.114239780366,7627.342452900032,6026.364494335964
forecast_3997,2025-06-16 13:00:00,6772.236026352065,8608.387047841357,6847.866449553573
forecast_3998,2025-06-16 14:00:00,8786.683258431705,11575.469658379088,9912.14728860473
forecast_3999,2025-06-16 15:00:00,9467.300854717842,10988.628845738198,9668.95831686737
forecast_4000,2025-06-16 16:00:00,10160.455586997681,10674.707432446234,10276.25778837792
forecast_4001,2025-06-16 17:00:00,12655.26056180548,12866.09058450312,12993.22762507051
forecast_4002,2025-06-16 18:00:00,12858.487815849425,13905.320414717637,13273.253025315491
forecast_4003,2025-06-16 19:00:00,12096.687279564867,13129.891485030157,12427.44594559985
forecast_4004,2025-06-16 20:00:00,12093.12868676478,13672.422491340865,12083.357620018838
forecast_4005,2025-06-16 21:00:00,13447.808689942442,14201.110109443049,11980.204760204297
forecast_4006,2025-06-16 22:00:00,14738.742816826676,15895.48034239958,12778.876167563249
forecast_4007,2025-06-16 23:00:00,14441.766943004724,16218.750506560358,13130.793053168029
forecast_4008,2025-06-17 00:00:00,15125.136478779836,17418.503308090825,15016.462703957315
forecast_4009,2025-06-17 01:00:00,15476.454305796216,17342.190716139994,15478.816028058613
forecast_4010,2025-06-17 02:00:00,16392.121648451986,17807.170339938155,16132.697870338308
forecast_4011,2025-06-17 03:00:00,15765.801413549278,17735.592355318135,15809.914725280516
forecast_4012,2025-06-17 04:00:00,15393.52380837962,17817.127256188913,15470.484671738315
forecast_4013,2025-06-17 05:00:00,14719.342985589265,17520.814952920115,14897.834606022305
forecast_4014,2025-06-17 06:00:00,14325.958927922968,16443.99160793079,14093.525007753753
forecast_4015,2025-06-17 07:00:00,13349.18977885839,16089.213505549893,13856.688580175405
forecast_4016,2025-06-17 08:00:00,12091.751057521884,14139.40426831057,12947.848134449261
forecast_4017,2025-06-17 09:00:00,11420.713924889651,13618.328189441501,12746.89566935422
forecast_4018,2025-06-17 10:00:00,9545.468504772887,11511.716633455784,10960.352762449016
forecast_4019,2025-06-17 11:00:00,8787.381569605883,10599.532479202624,10492.82233934967
forecast_4020,2025-06-17 12:00:00,9244.430973471786,11781.637686646272,10871.070949435898
forecast_4021,2025-06-17 13:00:00,8654.21760839073,10696.41184069298,10038.067799042321
forecast_4022,2025-06-17 14:00:00,8281.169656485636,10422.534134892403,9307.407225052828
forecast_4023,2025-06-17 15:00:00,8526.528280084716,10390.171495167491,8945.188802816267
forecast_4024,2025-06-17 16:00:00,8898.272132684267,10204.42202336331,9424.025928098425
forecast_4025,2025-06-17 17:00:00,7625.432548130106,8146.766265163943,8390.279194565814
forecast_4026,2025-06-17 18:00:00,7139.175428076567,8632.924900479138,7444.222706763868
forecast_4027,2025-06-17 19:00:00,7122.8129681912615,8427.982287185245,6769.517024286799
forecast_4028,2025-06-17 20:00:00,6250.909432770111,8213.349872427212,6349.129112227843
forecast_4029,2025-06-17 21:00:00,6820.553215653138,8293.455791675779,6265.212286188534
forecast_4030,2025-06-17 22:00:00,6910.537323641745,8751.445273308003,6511.575733426291
forecast_4031,2025-06-17 23:00:00,8629.087434942889,9966.046119359244,6273.002515838706
forecast_4032,2025-06-18 00:00:00,9946.317729221328,11195.18520066813,7887.237772547021
forecast_4033,2025-06-18 01:00:00,9168.371499942756,10694.317961569172,6613.569178388884
forecast_4034,2025-06-18 02:00:00,9277.258857643368,10823.068525824589,6805.03356651506
forecast_4035,2025-06-18 03:00:00,10265.712656147149,11383.947093566967,7634.885659003918
forecast_4036,2025-06-18 04:00:00,9664.606664453504,10254.834268948996,8444.503737714596
forecast_4037,2025-06-18 05:00:00,9851.97339531527,10859.64599772972,8895.10515951978
forecast_4038,2025-06-18 06:00:00,10051.488800682657,10991.434284869856,9332.900907542324
forecast_4039,2025-06-18 07:00:00,9538.82581897848,11336.678791836113,8334.360067305764
forecast_4040,2025-06-18 08:00:00,7619.193908659921,9720.114019555827,6457.509742488764
forecast_4041,2025-06-18 09:00:00,6181.649184052319,7598.40519898215,4410.340223047433
forecast_4042,2025-06-18 10:00:00,5325.436827659697,6098.8098510726295,3594.7436902021473
forecast_4043,2025-06-18 11:00:00,4708.670075892011,3905.018704913214,2801.690366426337
forecast_4044,2025-06-18 12:00:00,4326.163427586822,4347.658750649804,2618.043172950488
forecast_4045,2025-06-18 13:00:00,3771.0728628851475,3536.198472125703,2135.22163474747
forecast_4046,2025-06-18 14:00:00,3909.7603291868163,3574.166111394166,2514.277154033528
forecast_4047,2025-06-18 15:00:00,4623.906997699961,4282.005887384013,3222.375234795051
forecast_4048,2025-06-18 16:00:00,5129.519449741973,4753.757422824281,3761.4845459507897
forecast_4049,2025-06-18 17:00:00,5030.71190327847,4962.687403641144,4257.261660200582
forecast_4050,2025-06-18 18:00:00,5959.538295674754,5866.690958021736,4472.6162221181
forecast_4051,2025-06-18 19:00:00,6437.057135773417,7076.0772034368965,4775.66184840757
forecast_4052,2025-06-18 20:00:00,6940.537909029374,6578.049393601361,5807.443588589333
forecast_4053,2025-06-18 21:00:00,8218.108737147539,8333.411638462716,7084.661138359752
forecast_4054,2025-06-18 22:00:00,8142.67299079298,9766.801559986998,7835.634934338838
forecast_4055,2025-06-18 23:00:00,10697.256493043387,12018.797604140133,10157.884395513955
forecast_4056,2025-06-19 00:00:00,11604.780255065649,12685.662845466975,10039.662850902941
forecast_4057,2025-06-19 01:00:00,12196.673789316861,13514.536103790837,10522.059963661206
forecast_4058,2025-06-19 02:00:00,12517.35506089358,12817.715012461156,10290.33764370948
forecast_4059,2025-06-19 03:00:00,12181.242901134288,13138.558635309839,10354.92650512373
forecast_4060,2025-06-19 04:00:00,11690.073277534013,12715.59980083712,10422.675675424258
forecast_4061,2025-06-19 05:00:00,11609.817992373846,11907.925850054811,9495.272167092706
forecast_4062,2025-06-19 06:00:00,9148.172231129765,9752.825344227116,7366.097464270086
forecast_4063,2025-06-19 07:00:00,6891.52750743056,6417.061960920953,4531.670156154151
forecast_4064,2025-06-19 08:00:00,5029.689669252228,4591.521923448271,3020.5526481637617
forecast_4065,2025-06-19 09:00:00,2645.7824077285695,2232.456649608334,1399.7347328876206
forecast_4066,2025-06-19 10:00:00,1306.0782533995107,1114.0421951583128,840.893419185404
forecast_4067,2025-06-19 11:00:00,443.54150347617144,407.6206747394775,334.5773162760993
forecast_4068,2025-06-19 12:00:00,249.30907985465063,290.67479499081287,317.585214544135
forecast_4069,2025-06-19 13:00:00,242.49471335969068,298.1033971553744,239.8051632832316
forecast_4070,2025-06-19 14:00:00,335.14179262254936,525.685323992089,335.6632641269355
forecast_4071,2025-06-19 15:00:00,615.3141486779281,803.7645104308834,588.806723736786
forecast_4072,2025-06-19 16:00:00,654.2926670472317,819.5641499824026,702.9514714599964
forecast_4073,2025-06-19 17:00:00,1314.1700440454867,1259.6349980128373,1418.6087360973
forecast_4074,2025-06-19 18:00:00,1770.5209074717934,2577.25764414098,1491.3091649303628
forecast_4075,2025-06-19 19:00:00,2994.158178620883,3939.248911339318,2265.3776409992897
forecast_4076,2025-06-19 20:00:00,2779.4806969121064,3520.672252012819,2447.297271754778
forecast_4077,2025-06-19 21:00:00,3828.68753722802,4773.2201734556975,3066.9488582591707
forecast_4078,2025-06-19 22:00:00,5807.634151835743,7229.583747386518,4493.9449819423135
forecast_4079,2025-06-19 23:00:00,6907.928885375684,8068.669109098878,5132.400507554474
forecast_4080,2025-06-20 00:00:00,6954.328863834324,8426.579867655828,5160.140790274224
forecast_4081,2025-06-20 01:00:00,8542.109490635441,10493.134530399642,6549.790082628633
forecast_4082,2025-06-20 02:00:00,8625.639509649798,11085.56433261197,6950.802455147114
forecast_4083,2025-06-20 03:00:00,8922.13915464148,11996.253576321391,7166.757655781305
forecast_4084,2025-06-20 04:00:00,10008.813305996222,13131.60577693733,9151.990223512756
forecast_4085,2025-06-20 05:00:00,10153.047781609037,12445.58616947976,8270.566268210363
forecast_4086,2025-06-20 06:00:00,8928.277128624966,11424.5672349242,7844.795375353331
forecast_4087,2025-06-20 07:00:00,8278.952853353985,10823.666800492269,7130.746360401663
forecast_4088,2025-06-20 08:00:00,7761.521360287531,9833.735405402322,6560.8853518514225
forecast_4089,2025-06-20 09:00:00,7386.329731704373,9708.412204041011,6275.2558455945555
forecast_4090,2025-06-20 10:00:00,7998.602106576286,10131.843198925611,7240.422481972967
forecast_4091,2025-06-20 11:00:00,8933.556737087665,11906.628269193363,10831.85239932766
forecast_4092,2025-06-20 12:00:00,10035.053365590893,13680.734734027785,12244.54235249342
forecast_4093,2025-06-20 13:00:00,12720.295115642773,14796.754229471706,13633.2206779822
forecast_4094,2025-06-20 14:00:00,13055.724571040315,15382.461938301445,14297.063452536993
forecast_4095,2025-06-20 15:00:00,13274.647785848305,15565.198815454012,14361.553755616671
forecast_4096,2025-06-20 16:00:00,16032.331680019422,16448.131019957153,15620.470804277385
forecast_4097,2025-06-20 17:00:00,16476.85591231149,16805.434001218568,15515.859028287974
forecast_4098,2025-06-20 18:00:00,16548.24367836669,17201.531877129564,15737.883117287754
forecast_4099,2025-06-20 19:00:00,16779.331404277855,17148.923282494703,15837.094895859143
forecast_4100,2025-06-20 20:00:00,16625.389962924906,16414.141413214355,15273.829445162228
forecast_4101,2025-06-20 21:00:00,16633.578057183175,16689.189813376885,15512.005093123485
forecast_4102,2025-06-20 22:00:00,16600.539153217447,17023.194004137666,15859.781865518522
forecast_4103,2025-06-20 23:00:00,16524.112878416498,17079.71883342695,15699.02814287022
forecast_4104,2025-06-21 00:00:00,15996.257619936212,17140.84673744521,15474.013706941452
forecast_4105,2025-06-21 01:00:00,15945.926391213152,17173.695497434084,15221.539287646361
forecast_4106,2025-06-21 02:00:00,15601.101693267656,17071.715477559832,15287.958590655788
forecast_4107,2025-06-21 03:00:00,15453.097202028524,16872.13782963695,15535.60442744274
forecast_4108,2025-06-21 04:00:00,13706.798465553966,15958.721068981771,14496.404488895752
forecast_4109,2025-06-21 05:00:00,12424.957316262635,14840.56984267391,13122.557242747429
forecast_4110,2025-06-21 06:00:00,13530.523476682349,15099.774197250394,13926.904749523523
forecast_4111,2025-06-21 07:00:00,13681.323646406381,14810.4770251489,14098.598863450356
forecast_4112,2025-06-21 08:00:00,13124.915844540992,14277.430956594992,13347.024577494562
forecast_4113,2025-06-21 09:00:00,11197.467941956436,12275.485160886426,12461.677773969053
forecast_4114,2025-06-21 10:00:00,8832.645272587137,10734.376993316708,9777.599132318694
forecast_4115,2025-06-21 11:00:00,7716.842045782996,8967.379847020395,7783.828219998944
forecast_4116,2025-06-21 12:00:00,6296.878604952544,7711.8082546190035,7015.304357536072
forecast_4117,2025-06-21 13:00:00,7212.4732656010665,8292.104855074065,7366.989138559397
forecast_4118,2025-06-21 14:00:00,7353.265389857375,8510.796785681829,7345.160517388696
forecast_4119,2025-06-21 15:00:00,8871.721570276119,10675.583669724954,9170.05175472675
forecast_4120,2025-06-21 16:00:00,11282.003619316489,11227.437480887047,9646.08237001314
forecast_4121,2025-06-21 17:00:00,10190.422310215314,11003.05922704432,9236.55164575369
forecast_4122,2025-06-21 18:00:00,9274.947522474318,10090.752157788513,8180.894945032724
forecast_4123,2025-06-21 19:00:00,10940.29835498341,12162.321037517479,9647.44296575436
forecast_4124,2025-06-21 20:00:00,8842.712643681014,10256.813563559226,8743.054646966028
forecast_4125,2025-06-21 21:00:00,9202.595839977184,10027.959083566368,7812.998842771058
forecast_4126,2025-06-21 22:00:00,9961.012339826837,11799.768283367537,9597.749449417732
forecast_4127,2025-06-21 23:00:00,11990.385103235354,13866.927225415657,12175.07418729345
forecast_4128,2025-06-22 00:00:00,13685.125261880648,14875.826092788979,13888.10235452137
forecast_4129,2025-06-22 01:00:00,11995.133968515544,12404.676867279164,10131.423648908403
forecast_4130,2025-06-22 02:00:00,12635.23976809196,13313.290910870399,11715.443382417881
forecast_4131,2025-06-22 03:00:00,12293.47525761401,12613.445035199748,9271.303573835208
forecast_4132,2025-06-22 04:00:00,12121.123092497774,12683.681427286123,9457.724833316468
forecast_4133,2025-06-22 05:00:00,11169.44793742845,11721.157658968215,8675.747680647373
forecast_4134,2025-06-22 06:00:00,8354.728195019032,9896.823416029756,7371.399393718498
forecast_4135,2025-06-22 07:00:00,7910.378814459146,9321.93614790833,7076.602293666804
forecast_4136,2025-06-22 08:00:00,6699.357932998307,7582.666080236784,4989.467232867936
forecast_4137,2025-06-22 09:00:00,5464.133970091153,6536.700633949522,4094.3067262330933
forecast_4138,2025-06-22 10:00:00,5438.859849831389,5526.854124808786,3644.4835158035894
forecast_4139,2025-06-22 11:00:00,5868.858756933269,5355.8772545454685,3720.488123848968
forecast_4140,2025-06-22 12:00:00,5527.61451007121,4928.093940354702,3794.5183729502946
forecast_4141,2025-06-22 13:00:00,5301.280062120556,5019.402169387051,4102.3333010774495
forecast_4142,2025-06-22 14:00:00,4384.6160975077555,3611.384004989313,2850.7920138208883
forecast_4143,2025-06-22 15:00:00,3466.846185478639,2816.9018277278965,2578.922366218124
forecast_4144,2025-06-22 16:00:00,3879.172645638047,3158.0109988654076,2920.4270778660057
forecast_4145,2025-06-22 17:00:00,3874.067464847914,3491.950666722582,3198.800566477394
forecast_4146,2025-06-22 18:00:00,4959.51997928251,4704.9521018386695,3560.581386584687
forecast_4147,2025-06-22 19:00:00,5390.997748240386,5397.737983577682,4074.893017686328
forecast_4148,2025-06-22 20:00:00,6261.908055938466,6688.757853638008,4752.776911868521
forecast_4149,2025-06-22 21:00:00,7475.737226269827,7626.878217586395,5115.204652753946
forecast_4150,2025-06-22 22:00:00,7814.043013403838,7862.890725859473,5933.020702488447
forecast_4151,2025-06-22 23:00:00,7081.092321365154,7099.230235078202,5688.510560327214
forecast_4152,2025-06-23 00:00:00,6516.90762184074,5572.2470767960685,4813.955576775071
forecast_4153,2025-06-23 01:00:00,5455.589462050087,4874.272824070848,4272.215906651769
forecast_4154,2025-06-23 02:00:00,5055.07240687603,4291.638833677441,4131.238336975311
forecast_4155,2025-06-23 03:00:00,4858.676133962733,4301.33280361292,3711.752563110212
forecast_4156,2025-06-23 04:00:00,4510.836259138332,3992.0821865655803,3443.87235087439
forecast_4157,2025-06-23 05:00:00,3221.6941422001505,3529.231687835967,2899.80391390113
forecast_4158,2025-06-23 06:00:00,2335.8142352537843,2733.6122887250626,1986.2037183787604
forecast_4159,2025-06-23 07:00:00,1202.9778889520487,1051.7717454218146,699.7398703345059
forecast_4160,2025-06-23 08:00:00,589.4349231759663,443.1360507274448,206.81768678762384
forecast_4161,2025-06-23 09:00:00,161.47813855378158,204.3467598057549,77.49088567902767
forecast_4162,2025-06-23 10:00:00,195.52368949996833,235.0383361949295,115.33343714334855
forecast_4163,2025-06-23 11:00:00,204.01197810686494,257.95330767499456,159.7052270121999
forecast_4164,2025-06-23 12:00:00,198.71162090481053,322.62783804482666,184.0677546941351
forecast_4165,2025-06-23 13:00:00,217.826462638272,302.8715280121354,232.82235963701257
forecast_4166,2025-06-23 14:00:00,183.45677101996873,286.8398006875042,201.04053141921526
forecast_4167,2025-06-23 15:00:00,191.58842540139847,285.5150122967335,204.4169612306515
forecast_4168,2025-06-23 16:00:00,194.16315190156746,250.4746488106768,151.08678668996995
forecast_4169,2025-06-23 17:00:00,168.6348385792325,199.31588229405105,125.95456083060901
forecast_4170,2025-06-23 18:00:00,168.62924437047124,180.91530465353082,91.34686243157886
forecast_4171,2025-06-23 19:00:00,225.85786917528696,244.61018406540435,81.33937674549816
forecast_4172,2025-06-23 20:00:00,359.6253578462703,334.72031959339915,95.1295149147081
forecast_4173,2025-06-23 21:00:00,512.1276948174577,487.7517660288425,103.49354656293602
forecast_4174,2025-06-23 22:00:00,538.4709537115926,480.86869652018026,129.75854914827013
forecast_4175,2025-06-23 23:00:00,511.9857726977134,442.3317520105185,141.3932610302348
forecast_4176,2025-06-24 00:00:00,509.6267151109966,494.1941655483753,144.26398724461436
forecast_4177,2025-06-24 01:00:00,695.9868452465653,620.0031673039283,251.97241364543302
forecast_4178,2025-06-24 02:00:00,581.7124930403648,537.8351134592401,136.06661976003616
forecast_4179,2025-06-24 03:00:00,611.7919514616372,696.4779010130649,111.62845551782159
forecast_4180,2025-06-24 04:00:00,520.7025010405473,581.9089494091938,104.23911661856505
forecast_4181,2025-06-24 05:00:00,1031.164300077951,1098.4775450388413,266.128546568138
forecast_4182,2025-06-24 06:00:00,1095.1036415179624,1251.9814073364125,283.65553139465663
forecast_4183,2025-06-24 07:00:00,1282.3582761413022,1492.1640782711443,333.8807104547315
forecast_4184,2025-06-24 08:00:00,1716.7457582456002,1833.351983209229,679.6244581714891
forecast_4185,2025-06-24 09:00:00,1907.1412074741345,2087.871996836927,893.0014527870666
forecast_4186,2025-06-24 10:00:00,2431.134401642681,2622.221982438117,1014.8148303060952
forecast_4187,2025-06-24 11:00:00,1727.3865132496478,2001.5272980143227,1021.735667869872
forecast_4188,2025-06-24 12:00:00,1731.5308320222202,2047.2624623773254,1035.8634713523243
forecast_4189,2025-06-24 13:00:00,1812.2340023506854,2032.5273207202424,1129.7402599920333
forecast_4190,2025-06-24 14:00:00,1975.9940321614365,2286.285278762238,1306.5597816001095
forecast_4191,2025-06-24 15:00:00,2148.145613318618,2656.082215004514,1347.6638431617732
forecast_4192,2025-06-24 16:00:00,2790.895728544052,2975.6554575727346,1262.3567208363343
forecast_4193,2025-06-24 17:00:00,2833.8062744621357,3105.170165511562,1270.5057842422216
forecast_4194,2025-06-24 18:00:00,3038.3810214426903,3071.7202683386854,1197.4759095605223
forecast_4195,2025-06-24 19:00:00,3621.9568978304615,3796.581331999103,1316.4560386688604
forecast_4196,2025-06-24 20:00:00,4848.8419653064975,5279.930464727967,2001.4597310321333
forecast_4197,2025-06-24 21:00:00,5438.979084542046,6427.219510225219,2650.512960155268
forecast_4198,2025-06-24 22:00:00,5871.231705214958,7169.40830257546,3028.38557238243
forecast_4199,2025-06-24 23:00:00,6575.822161347135,7668.198364295918,3108.564685118934
forecast_4200,2025-06-25 00:00:00,6581.421176186583,7651.145921533125,3064.5349635547364
forecast_4201,2025-06-25 01:00:00,4738.305739501758,5477.292645474235,2059.2209753604734
forecast_4202,2025-06-25 02:00:00,4388.434837794615,4623.3492766312775,1680.0847236268792
forecast_4203,2025-06-25 03:00:00,4088.884369785955,4189.073691359336,1408.7717430812077
forecast_4204,2025-06-25 04:00:00,3708.672912013009,3409.0141547073526,1278.094008506184
forecast_4205,2025-06-25 05:00:00,3599.47219706844,3531.1314562186685,1202.9854742313248
forecast_4206,2025-06-25 06:00:00,3587.6114723255687,3319.426466501383,1324.239937583281
forecast_4207,2025-06-25 07:00:00,3030.65901299215,2810.7134284116332,1124.4928779878753
forecast_4208,2025-06-25 08:00:00,2349.748748720348,2364.9959860209883,987.7156517800233
forecast_4209,2025-06-25 09:00:00,2344.7282465335247,2373.9870390446727,1008.1908846900741
forecast_4210,2025-06-25 10:00:00,1849.3389804139624,2091.6425172738595,881.0065789662498
forecast_4211,2025-06-25 11:00:00,1899.0524511226477,2119.0939614832896,875.7092187329885
forecast_4212,2025-06-25 12:00:00,1786.0453201524442,1741.1468815208912,788.068981862144
forecast_4213,2025-06-25 13:00:00,1981.5676349189148,1920.769297263338,778.8895343484426
forecast_4214,2025-06-25 14:00:00,1768.0114470680805,1786.8833685224304,682.2926857894579
forecast_4215,2025-06-25 15:00:00,1227.4510164725482,1539.9814806918055,651.2459783283272
forecast_4216,2025-06-25 16:00:00,1272.8193566377824,1217.815803604395,422.19532831387403
forecast_4217,2025-06-25 17:00:00,1553.1122227479132,1511.9056020843482,736.9179455738182
forecast_4218,2025-06-25 18:00:00,2029.921732818162,2236.70946637288,994.0590261772155
forecast_4219,2025-06-25 19:00:00,2627.3029165226817,3245.2996178102444,1482.9101096417091
forecast_4220,2025-06-25 20:00:00,2586.1354308218815,3146.3157393124534,1122.91814796482
forecast_4221,2025-06-25 21:00:00,2928.46341127871,3162.307392602199,998.2356261453618
forecast_4222,2025-06-25 22:00:00,3933.924876395093,4825.754950351626,1880.839843108128
forecast_4223,2025-06-25 23:00:00,5033.925486135641,6439.436768526329,4009.999906759698
forecast_4224,2025-06-26 00:00:00,5769.237083886582,6798.458240350918,4773.925854055208
forecast_4225,2025-06-26 01:00:00,8789.202169154187,10319.74639027081,8250.49656396687
forecast_4226,2025-06-26 02:00:00,11722.705929377726,12131.013225407136,10642.253904702273
forecast_4227,2025-06-26 03:00:00,12171.05329585702,13109.020056865844,11406.501326086809
forecast_4228,2025-06-26 04:00:00,10979.51413971545,11781.921358984056,10611.579419925001
forecast_4229,2025-06-26 05:00:00,10622.174332222448,11324.915615093712,10317.722506556915
forecast_4230,2025-06-26 06:00:00,9808.25748554291,10584.809745642226,8852.281902555229
forecast_4231,2025-06-26 07:00:00,8629.483492848807,9662.257110722845,8307.570223098342
forecast_4232,2025-06-26 08:00:00,8761.923543169542,9978.523530505781,8689.103925583684
forecast_4233,2025-06-26 09:00:00,7787.092869275685,9247.037359625792,7741.934091578899
forecast_4234,2025-06-26 10:00:00,6462.119378845554,7160.44499185819,4896.044615005195
forecast_4235,2025-06-26 11:00:00,5228.781955524341,5111.041791682275,3928.9378802465926
forecast_4236,2025-06-26 12:00:00,5342.877389818901,5430.789085774593,3815.1073589450375
forecast_4237,2025-06-26 13:00:00,4916.431251856572,5057.394661622078,3406.2634135340836
forecast_4238,2025-06-26 14:00:00,4292.950770487997,4279.037249689633,3155.0068263191683
forecast_4239,2025-06-26 15:00:00,4696.890291404863,4774.750859684544,3531.6780437646366
forecast_4240,2025-06-26 16:00:00,5162.896740059349,4951.1946523849565,3661.83552443706
forecast_4241,2025-06-26 17:00:00,6502.808460969119,6721.127789109796,5042.485129695004
forecast_4242,2025-06-26 18:00:00,5985.109846850422,6220.856191734965,4661.611622650947
forecast_4243,2025-06-26 19:00:00,5167.334147389047,5736.497138842774,4136.584398810083
forecast_4244,2025-06-26 20:00:00,5584.415739744967,5828.0576554835325,4964.010023668893
forecast_4245,2025-06-26 21:00:00,5787.371895047573,5647.013886969725,4398.674572947961
forecast_4246,2025-06-26 22:00:00,4351.34638834742,4744.068598590926,4159.551493801376
forecast_4247,2025-06-26 23:00:00,4117.394801996635,4300.906199876252,3557.426163590606
forecast_4248,2025-06-27 00:00:00,4262.920748061381,4363.614384357243,3656.8045941190353
forecast_4249,2025-06-27 01:00:00,4049.5622194205134,4314.1895573113325,2867.7258021883863
forecast_4250,2025-06-27 02:00:00,4226.052659353457,4037.249396118632,3393.3695509827476
forecast_4251,2025-06-27 03:00:00,4853.373442997985,4181.702574191731,4126.530169530942
forecast_4252,2025-06-27 04:00:00,6216.893159296724,5086.732103156661,4785.738097026752
forecast_4253,2025-06-27 05:00:00,4037.4563214771492,3729.873724942663,3449.779886597307
forecast_4254,2025-06-27 06:00:00,3226.8598278676454,3140.1607258432327,2904.589622010539
forecast_4255,2025-06-27 07:00:00,2806.960938737115,2198.5029215391837,2119.79660923352
forecast_4256,2025-06-27 08:00:00,2654.2319137827167,1901.2518837856542,1510.6518056977825
forecast_4257,2025-06-27 09:00:00,853.9682462844233,971.8336182946705,679.0625711708727
forecast_4258,2025-06-27 10:00:00,435.45192908666746,432.20815592573746,295.51873442114186
forecast_4259,2025-06-27 11:00:00,356.10257250032925,354.70219771593344,240.65637899737735
forecast_4260,2025-06-27 12:00:00,436.87718529537307,405.8068480498597,340.098683999872
forecast_4261,2025-06-27 13:00:00,905.5848655415675,817.8250454316639,734.6707743294833
forecast_4262,2025-06-27 14:00:00,1564.8560774757163,1340.386980357004,861.5157560908048
forecast_4263,2025-06-27 15:00:00,1166.0567522039464,800.9513753361144,426.0129927279971
forecast_4264,2025-06-27 16:00:00,1040.344391772534,755.0348878666036,442.64730917857906
forecast_4265,2025-06-27 17:00:00,698.5964938322742,607.4333898190818,330.05418931546353
forecast_4266,2025-06-27 18:00:00,603.0948148859634,443.7322780473074,223.30565496112933
forecast_4267,2025-06-27 19:00:00,718.5108323273031,595.9775145668771,297.43064638419554
forecast_4268,2025-06-27 20:00:00,1320.7760304979818,1305.8825794000504,716.565033792597
forecast_4269,2025-06-27 21:00:00,1804.6107042673837,2310.4184556295686,1354.9885616392405
forecast_4270,2025-06-27 22:00:00,3448.2497632556624,3631.3019557729685,2354.807919136253
forecast_4271,2025-06-27 23:00:00,5282.206451058159,5329.807692114169,3091.197373667987
forecast_4272,2025-06-28 00:00:00,4773.224146544748,5329.730046818729,3431.4437196846266
forecast_4273,2025-06-28 01:00:00,7112.5202280018975,6675.681672503739,5300.381454821888
forecast_4274,2025-06-28 02:00:00,7373.433963841663,8073.264921238379,5969.450726104878
forecast_4275,2025-06-28 03:00:00,8126.392975917369,8805.13976935989,6174.819579856555
forecast_4276,2025-06-28 04:00:00,8441.352975492007,8767.459870751873,6184.7933773985405
forecast_4277,2025-06-28 05:00:00,8966.68677396873,9130.860730995671,5753.1518234390005
forecast_4278,2025-06-28 06:00:00,7831.866332401032,8763.633220611011,5788.957466762506
forecast_4279,2025-06-28 07:00:00,8322.987285102514,8734.02820088879,6630.113934781906
forecast_4280,2025-06-28 08:00:00,5970.968438008245,6958.430120351348,3846.5955512101755
forecast_4281,2025-06-28 09:00:00,3554.6671569695395,4832.322536831414,2086.8786730204665
forecast_4282,2025-06-28 10:00:00,2718.379035420104,3677.835706180005,1293.4049197112117
forecast_4283,2025-06-28 11:00:00,1842.4461459493639,2280.4179185201347,1124.1667701526271
forecast_4284,2025-06-28 12:00:00,596.1717814694248,564.2206039527496,341.1395421825348
forecast_4285,2025-06-28 13:00:00,574.2977977009076,597.9783214047401,493.0006903033389
forecast_4286,2025-06-28 14:00:00,1489.7786153123802,1579.8385513625342,805.6293321520413
forecast_4287,2025-06-28 15:00:00,1482.7771886154387,1691.4908835987076,1013.2746066907185
forecast_4288,2025-06-28 16:00:00,1928.5792607964258,2100.8790241020374,1357.8987066126303
forecast_4289,2025-06-28 17:00:00,2093.1373462042357,2643.201132403132,1808.3888283627066
forecast_4290,2025-06-28 18:00:00,2800.140282188896,3530.729177001406,2420.588127961395
forecast_4291,2025-06-28 19:00:00,4483.1725785836215,5768.47230838616,4365.653921417046
forecast_4292,2025-06-28 20:00:00,5059.471439174434,6318.374134686422,4464.511074083626
forecast_4293,2025-06-28 21:00:00,6266.235764342402,8280.108596339333,5732.187165384642
forecast_4294,2025-06-28 22:00:00,7316.544146504178,9346.329642812494,6622.930096910417
forecast_4295,2025-06-28 23:00:00,7827.374910917721,9639.80945494849,6256.4790869189965
forecast_4296,2025-06-29 00:00:00,7429.35810000969,9314.505211771679,6329.032519321921
forecast_4297,2025-06-29 01:00:00,9873.594941559271,11216.890211227406,7298.218031686841
forecast_4298,2025-06-29 02:00:00,10533.9962218391,11898.287055195611,7693.992487720148
forecast_4299,2025-06-29 03:00:00,11457.831454886511,12284.506860280575,9293.259253805025
forecast_4300,2025-06-29 04:00:00,12661.15353973334,13490.007281492246,10909.064418379254
forecast_4301,2025-06-29 05:00:00,12555.815770883848,13327.254733647069,11510.97468539485
forecast_4302,2025-06-29 06:00:00,12733.661586116723,12772.75533726044,10136.97633572286
forecast_4303,2025-06-29 07:00:00,11458.729675309265,11773.259218165986,8941.265901450752
forecast_4304,2025-06-29 08:00:00,10441.897866424886,10725.799577019325,7389.889733254587
forecast_4305,2025-06-29 09:00:00,8530.513729589871,10129.008283891082,6941.5929250518175
forecast_4306,2025-06-29 10:00:00,5405.102030742107,5775.332203295546,4360.19640487243
forecast_4307,2025-06-29 11:00:00,3459.7970351124577,3675.048713109451,3013.6186478396057
forecast_4308,2025-06-29 12:00:00,2878.8998951892854,2900.3823893674453,3076.151923461372
forecast_4309,2025-06-29 13:00:00,2847.529090759403,2982.339145531518,2909.423055193804
forecast_4310,2025-06-29 14:00:00,3047.583696676935,2985.912732485455,2919.227739772605
forecast_4311,2025-06-29 15:00:00,3386.5939021575805,3148.1158066260964,2781.373161272508
forecast_4312,2025-06-29 16:00:00,3780.8506594354126,3676.601613618503,3722.3299568390835
forecast_4313,2025-06-29 17:00:00,4059.588243994482,4078.960927735205,3856.4861546912693
forecast_4314,2025-06-29 18:00:00,3999.6752965905544,3824.451688291573,3401.695092972661
forecast_4315,2025-06-29 19:00:00,5054.7849916117075,5132.028770452915,3668.215299553316
forecast_4316,2025-06-29 20:00:00,6497.399774248689,6819.143445427605,4862.7862805932655
forecast_4317,2025-06-29 21:00:00,7892.301301203892,8461.090136438259,6171.797230401583
forecast_4318,2025-06-29 22:00:00,10121.758510923373,11448.724467063108,8401.058631230404
forecast_4319,2025-06-29 23:00:00,10505.811915629,12003.194047860134,9610.71938949138
forecast_4320,2025-06-30 00:00:00,11269.857055219636,12054.746004225652,10683.265164186543
forecast_4321,2025-06-30 01:00:00,10498.886294818705,11542.64314273502,8196.714794189622
forecast_4322,2025-06-30 02:00:00,10398.515752847241,11182.12253917419,8456.324445818595
forecast_4323,2025-06-30 03:00:00,10137.638132001699,10344.711060849031,7874.162350990446
forecast_4324,2025-06-30 04:00:00,10190.196047992726,10919.857804406716,8190.844938751246
forecast_4325,2025-06-30 05:00:00,10532.742351248711,11398.262878979416,7947.446505595248
forecast_4326,2025-06-30 06:00:00,10729.939974120549,11494.807162046689,8391.610254679601
forecast_4327,2025-06-30 07:00:00,9241.802813294667,9678.299787863585,7321.23465968892
forecast_4328,2025-06-30 08:00:00,6572.466025813723,7968.626036074639,5988.512856622418
forecast_4329,2025-06-30 09:00:00,5666.205048436968,7269.731107017539,5019.773645453218
forecast_4330,2025-06-30 10:00:00,3730.1928557571955,4149.832864626219,3442.58698003053
forecast_4331,2025-06-30 11:00:00,2064.8808547403073,2555.1591986998906,2283.5282554460596
forecast_4332,2025-06-30 12:00:00,2282.213381322998,2673.760012651435,2894.7335267033773
forecast_4333,2025-06-30 13:00:00,3161.815670065839,3355.1307811548268,3050.624897048131
forecast_4334,2025-06-30 14:00:00,4498.9909969218015,5526.32086183316,4271.365481847612
forecast_4335,2025-06-30 15:00:00,5493.718285545146,6129.092684184641,4821.288070813562
forecast_4336,2025-06-30 16:00:00,7113.828044851792,7448.579741376121,6587.606334611551
forecast_4337,2025-06-30 17:00:00,6947.296487318652,7281.943904072256,6763.1148956417965
forecast_4338,2025-06-30 18:00:00,8113.737154619432,8478.870902043685,6503.333814662915
forecast_4339,2025-06-30 19:00:00,8657.810140034806,9255.061597546122,7018.198544672596
forecast_4340,2025-06-30 20:00:00,9591.150681196155,10665.494766074868,8043.734078674632
forecast_4341,2025-06-30 21:00:00,9674.704578277862,10950.48878538925,8045.395834213939
forecast_4342,2025-06-30 22:00:00,10851.2242819913,11814.843161269991,9376.484193504508
forecast_4343,2025-06-30 23:00:00,11773.151069780622,12850.492077907806,10330.269032024036
forecast_4344,2025-07-01 00:00:00,11392.358916023582,12066.604865762703,9650.526499464904
forecast_4345,2025-07-01 01:00:00,10328.123820160594,12056.982701723182,8308.551434512525
forecast_4346,2025-07-01 02:00:00,11523.232652756049,11975.09482016161,9104.244984434792
forecast_4347,2025-07-01 03:00:00,11705.60975190544,12350.43245468664,9431.802068782059
forecast_4348,2025-07-01 04:00:00,11220.761598193458,12040.76548624714,10190.026055416096
forecast_4349,2025-07-01 05:00:00,12360.777339115797,12753.331191350817,10493.024544998154
forecast_4350,2025-07-01 06:00:00,12274.965731046106,11942.815840338644,9489.896554404317
forecast_4351,2025-07-01 07:00:00,10763.623662700213,11353.08228559567,8604.820708852638
forecast_4352,2025-07-01 08:00:00,8911.71819403373,10849.043980034105,7808.537754094588
forecast_4353,2025-07-01 09:00:00,8624.760055564539,10602.350839784103,6894.186794793302
forecast_4354,2025-07-01 10:00:00,6715.974007778421,7983.358169769279,5724.503075273672
forecast_4355,2025-07-01 11:00:00,6378.1561311888845,6463.255476751906,6019.729241439849
forecast_4356,2025-07-01 12:00:00,5827.561813000759,5432.56833076446,5700.447999918388
forecast_4357,2025-07-01 13:00:00,4968.567786439905,4939.032649272533,4933.89534306112
forecast_4358,2025-07-01 14:00:00,4468.570521678318,4823.993409790919,4084.7208381315963
forecast_4359,2025-07-01 15:00:00,4774.824483996378,4927.176510716861,4507.651900667536
forecast_4360,2025-07-01 16:00:00,5070.644790558085,5684.927780690366,5042.595391901683
forecast_4361,2025-07-01 17:00:00,5303.321058684341,5879.223516979813,5057.969196015447
forecast_4362,2025-07-01 18:00:00,5617.376286151781,6147.144592994139,5730.529599574017
forecast_4363,2025-07-01 19:00:00,6605.480389567005,7683.1177899040895,6823.611108470451
forecast_4364,2025-07-01 20:00:00,7484.701689937198,8821.446483484096,7431.702494937534
forecast_4365,2025-07-01 21:00:00,9171.765149235658,9918.829461334104,8863.035739263953
forecast_4366,2025-07-01 22:00:00,10206.057605502818,11346.553535902862,9671.134690100216
forecast_4367,2025-07-01 23:00:00,11673.855785734451,12930.47577675411,9981.93714988819
forecast_4368,2025-07-02 00:00:00,13134.472960984896,13699.867457226344,13251.725304058182
forecast_4369,2025-07-02 01:00:00,11835.771303307041,12723.063320630981,11040.589046855808
forecast_4370,2025-07-02 02:00:00,13533.385722705876,14287.204712494147,12566.153497621548
forecast_4371,2025-07-02 03:00:00,14035.478365161498,14694.025799188412,13114.786464103743
forecast_4372,2025-07-02 04:00:00,13492.842158022373,14274.360461211163,12128.577728011323
forecast_4373,2025-07-02 05:00:00,13267.228871579007,13791.041484378156,11109.561117775218
forecast_4374,2025-07-02 06:00:00,12841.93170433818,13650.16065412494,10372.21048997285
forecast_4375,2025-07-02 07:00:00,12739.25687672938,13789.872779601472,10588.77127169838
forecast_4376,2025-07-02 08:00:00,12166.239997476423,13629.19749732348,11054.037796880553
forecast_4377,2025-07-02 09:00:00,10836.95871510813,11237.723788275558,9320.403568234085
forecast_4378,2025-07-02 10:00:00,7869.8836413132185,9233.878971589462,6480.096204177084
forecast_4379,2025-07-02 11:00:00,6043.938044749994,6854.482352941053,5321.393849368699
forecast_4380,2025-07-02 12:00:00,6584.035405910784,6708.552231378126,5686.395003008641
forecast_4381,2025-07-02 13:00:00,5772.5223474703325,6890.921549570705,5529.400875166369
forecast_4382,2025-07-02 14:00:00,5607.505036092162,6256.195663727309,5053.529314629227
forecast_4383,2025-07-02 15:00:00,5044.849547474976,5991.266537221653,4964.74444610899
forecast_4384,2025-07-02 16:00:00,4922.364616527363,4734.39935307935,4380.696397699477
forecast_4385,2025-07-02 17:00:00,4659.781482554144,4363.149119986625,4085.1171865497454
forecast_4386,2025-07-02 18:00:00,3753.715835466326,3718.867422995213,3541.9737630726618
forecast_4387,2025-07-02 19:00:00,4304.648815265139,4452.855206441239,3271.3032763417286
forecast_4388,2025-07-02 20:00:00,5885.42708920252,5873.097820160495,4792.134217543595
forecast_4389,2025-07-02 21:00:00,6886.556379730821,6734.124780518771,5476.8503015659235
forecast_4390,2025-07-02 22:00:00,7732.494414813814,8464.597453738692,6235.551413417609
forecast_4391,2025-07-02 23:00:00,9091.888184068894,10464.5673927037,7959.11236087575
forecast_4392,2025-07-03 00:00:00,10150.228373873528,11422.518200117369,8436.546581172683
forecast_4393,2025-07-03 01:00:00,11424.694688805219,12292.790171658895,8953.990021437377
forecast_4394,2025-07-03 02:00:00,11667.62740925227,12920.098358530224,10104.061303276567
forecast_4395,2025-07-03 03:00:00,13380.186610429784,14483.365913511667,11218.502981587608
forecast_4396,2025-07-03 04:00:00,13768.955325742538,14509.466475959436,12082.60614458599
forecast_4397,2025-07-03 05:00:00,13606.275100858556,14165.557301479505,11772.288273674014
forecast_4398,2025-07-03 06:00:00,13651.042199099236,14301.007595476352,10250.219989923893
forecast_4399,2025-07-03 07:00:00,13140.562236766247,13442.5509958865,10125.565129096969
forecast_4400,2025-07-03 08:00:00,12126.51970583408,12863.109722449728,10200.655699089359
forecast_4401,2025-07-03 09:00:00,10833.145215333618,11849.467074341554,9493.652448139163
forecast_4402,2025-07-03 10:00:00,9477.865521727485,11171.970908601368,9889.386181522843
forecast_4403,2025-07-03 11:00:00,6510.130018108387,7440.7945141942455,6950.433766412818
forecast_4404,2025-07-03 12:00:00,6083.080137328984,6576.28482668216,6019.406764420688
forecast_4405,2025-07-03 13:00:00,6142.594142927922,6637.694156080204,6040.062361680043
forecast_4406,2025-07-03 14:00:00,6346.983279820708,6617.361955958661,6646.176789655994
forecast_4407,2025-07-03 15:00:00,6387.7901119709,6873.501107477878,8257.745869629543
forecast_4408,2025-07-03 16:00:00,6694.833719227786,7006.865754808462,8361.995817375358
forecast_4409,2025-07-03 17:00:00,6776.806825175582,7279.119975627028,7687.642457703277
forecast_4410,2025-07-03 18:00:00,7305.355428289429,7627.602074917156,7375.75969415956
forecast_4411,2025-07-03 19:00:00,8841.259941610168,9386.859288040614,9334.273871595578
forecast_4412,2025-07-03 20:00:00,10147.101132409325,11386.123669800641,11512.452747538076
forecast_4413,2025-07-03 21:00:00,11267.439766025875,12361.07722181119,11864.108826785701
forecast_4414,2025-07-03 22:00:00,13725.749500122212,14729.476855488068,13377.237618737336
forecast_4415,2025-07-03 23:00:00,14302.982386993988,15200.623146754833,13449.306293615717
forecast_4416,2025-07-04 00:00:00,14379.693839243591,15606.978250824595,14286.620254381229
forecast_4417,2025-07-04 01:00:00,14072.136531023889,15435.639731480354,13622.970952491894
forecast_4418,2025-07-04 02:00:00,14234.063388074097,16062.773194675967,15221.872565934786
forecast_4419,2025-07-04 03:00:00,14358.218528732526,16440.894539648576,16342.985429573913
forecast_4420,2025-07-04 04:00:00,14141.157539638778,16421.054640127855,15957.824085857801
forecast_4421,2025-07-04 05:00:00,13728.81663296843,15992.619604665733,15702.451993787256
forecast_4422,2025-07-04 06:00:00,13836.309082447495,15879.760147805056,14691.458515794926
forecast_4423,2025-07-04 07:00:00,13695.68878183426,15670.938139737085,15562.652160038406
forecast_4424,2025-07-04 08:00:00,13712.801279237376,15330.61938895808,15090.43050281776
forecast_4425,2025-07-04 09:00:00,15118.40913422373,15756.024377855087,15251.270685732246
forecast_4426,2025-07-04 10:00:00,14102.175121186761,15563.874062826457,14442.652740693256
forecast_4427,2025-07-04 11:00:00,13710.366335616243,15741.294642291205,14385.878675587552
forecast_4428,2025-07-04 12:00:00,14103.759504889667,15791.48966842299,14761.774488446828
forecast_4429,2025-07-04 13:00:00,13355.80029128445,15296.759347057428,14405.280469846093
forecast_4430,2025-07-04 14:00:00,12637.22504090894,14693.19923506335,13719.900644550533
forecast_4431,2025-07-04 15:00:00,12636.032192980554,14689.084757121213,13920.79779207612
forecast_4432,2025-07-04 16:00:00,12918.642117438003,14733.263671864697,14412.933419344292
forecast_4433,2025-07-04 17:00:00,12695.264505255805,15268.115457919714,15397.010908956605
forecast_4434,2025-07-04 18:00:00,12707.66133320483,14976.117643028845,15410.959062925649
forecast_4435,2025-07-04 19:00:00,12829.206349071384,15142.405844865552,15465.886129466757
forecast_4436,2025-07-04 20:00:00,13567.38513592297,15457.010096501073,16030.377510182403
forecast_4437,2025-07-04 21:00:00,14583.710447176125,15487.486170321168,16164.065251831411
forecast_4438,2025-07-04 22:00:00,14872.094013164211,15451.448214847002,15455.9910354364
forecast_4439,2025-07-04 23:00:00,14592.73442365506,15898.5372888018,15416.232379947185
forecast_4440,2025-07-05 00:00:00,14528.647499544275,16046.018942167071,15455.789604707394
forecast_4441,2025-07-05 01:00:00,13768.193142617554,15730.382217651962,14993.311460725525
forecast_4442,2025-07-05 02:00:00,13664.375821292158,15760.947057361376,15071.85039207995
forecast_4443,2025-07-05 03:00:00,13788.60724722756,15194.948666917177,14546.310511683425
forecast_4444,2025-07-05 04:00:00,13465.083492519094,14653.825103382651,13845.336095604778
forecast_4445,2025-07-05 05:00:00,13881.065512847415,15103.515964652246,14291.058153901222
forecast_4446,2025-07-05 06:00:00,13114.344619387484,14702.6433119381,12804.708268006905
forecast_4447,2025-07-05 07:00:00,12358.24977666484,13668.80341445589,12236.38634794962
forecast_4448,2025-07-05 08:00:00,11547.932470053762,13452.63862689466,11584.312871852986
forecast_4449,2025-07-05 09:00:00,10476.66956975317,12413.077745126378,10740.44799702292
forecast_4450,2025-07-05 10:00:00,10033.633584998908,11253.53202830187,9875.969603791878
forecast_4451,2025-07-05 11:00:00,9116.171241694516,9987.381813514237,9851.622920651505
forecast_4452,2025-07-05 12:00:00,8045.511575749595,8622.605044138245,8962.52201468153
forecast_4453,2025-07-05 13:00:00,9473.54317080557,9805.923957434085,10309.975176510676
forecast_4454,2025-07-05 14:00:00,9873.810042742478,9790.983298514742,10203.099411472693
forecast_4455,2025-07-05 15:00:00,9404.014929972996,9728.580133272724,9503.837920456259
forecast_4456,2025-07-05 16:00:00,8461.507718467301,8589.209560350353,9519.436650863421
forecast_4457,2025-07-05 17:00:00,9098.39267078874,9178.309302284224,9398.813955892423
forecast_4458,2025-07-05 18:00:00,10135.746807142914,9963.094362153703,9927.308807875032
forecast_4459,2025-07-05 19:00:00,10778.892038083959,11456.09752058184,11347.78067468272
forecast_4460,2025-07-05 20:00:00,12236.257033821421,12885.588987216568,12486.90102020705
forecast_4461,2025-07-05 21:00:00,13586.5725866632,14387.505586118277,13875.748778542935
forecast_4462,2025-07-05 22:00:00,14857.742021585604,15659.178785498476,14604.630195721698
forecast_4463,2025-07-05 23:00:00,15200.516100341889,15734.209455298113,15893.803818602983
forecast_4464,2025-07-06 00:00:00,14609.429333022643,15625.851853113052,14939.384307998736
forecast_4465,2025-07-06 01:00:00,15157.9007783809,16234.145409867131,14300.616628422022
forecast_4466,2025-07-06 02:00:00,15010.419485421673,16266.266443820361,14512.307228358499
forecast_4467,2025-07-06 03:00:00,15247.058006627749,16205.779855234568,15097.030736239156
forecast_4468,2025-07-06 04:00:00,15317.084142005686,16243.312303514029,15619.60961973906
forecast_4469,2025-07-06 05:00:00,15055.764420208963,15967.32249443081,14978.084733626247
forecast_4470,2025-07-06 06:00:00,14788.705723864108,15871.653154017602,14912.435234699553
forecast_4471,2025-07-06 07:00:00,13898.477753608804,15805.84601747876,14493.370002944426
forecast_4472,2025-07-06 08:00:00,12507.175751458451,14308.085073301525,12941.849419656515
forecast_4473,2025-07-06 09:00:00,10674.36764897375,12576.858794882908,10819.423918228384
forecast_4474,2025-07-06 10:00:00,9212.74913002874,10731.448735697762,8294.860808604353
forecast_4475,2025-07-06 11:00:00,7509.790270408168,9009.844894463498,7009.613799361285
forecast_4476,2025-07-06 12:00:00,6204.960673926832,7344.344466797422,6019.986641508329
forecast_4477,2025-07-06 13:00:00,5567.403731034462,6032.964133119508,5246.340095663064
forecast_4478,2025-07-06 14:00:00,4314.286592956744,4472.721134252837,4168.3631327534595
forecast_4479,2025-07-06 15:00:00,4121.331943755431,3526.3131148633593,3361.937413284206
forecast_4480,2025-07-06 16:00:00,3384.2762863490652,2996.4366933368274,2969.095158803639
forecast_4481,2025-07-06 17:00:00,3760.104905761626,3754.977861454967,3469.59768477624
forecast_4482,2025-07-06 18:00:00,5182.527725303414,4631.27852773889,3933.9572118587366
forecast_4483,2025-07-06 19:00:00,6270.25307781584,5969.713456019756,5543.180028370743
forecast_4484,2025-07-06 20:00:00,8120.373975006117,8127.101430597021,7239.53455510665
forecast_4485,2025-07-06 21:00:00,8050.035649737914,8454.200809339169,6974.008880154278
forecast_4486,2025-07-06 22:00:00,9022.666290580944,9297.443308357235,6810.395562173618
forecast_4487,2025-07-06 23:00:00,8394.369883250673,8762.232032161044,6659.976527066939
forecast_4488,2025-07-07 00:00:00,8953.85666875262,9092.625593521852,7022.2462959249415
forecast_4489,2025-07-07 01:00:00,7735.5436974460035,7402.379503406644,5632.422721358999
forecast_4490,2025-07-07 02:00:00,7747.233184386614,7466.412732451143,5665.4820912722735
forecast_4491,2025-07-07 03:00:00,7695.671428285488,7696.529514562242,5414.67282586701
forecast_4492,2025-07-07 04:00:00,6616.6013631813,6681.792923342543,4597.148355186888
forecast_4493,2025-07-07 05:00:00,4458.738592526361,3531.4355396737556,2319.958664631178
forecast_4494,2025-07-07 06:00:00,2183.737980602784,2086.2215372326946,1336.102636515314
forecast_4495,2025-07-07 07:00:00,1349.558198809616,1402.7629056770427,802.776509375662
forecast_4496,2025-07-07 08:00:00,923.8317360708694,656.690916238229,420.02347071743065
forecast_4497,2025-07-07 09:00:00,286.6704360783577,261.0405756677042,115.3898812186908
forecast_4498,2025-07-07 10:00:00,114.70958805214748,159.55267572818872,115.65964401852645
forecast_4499,2025-07-07 11:00:00,111.84662762825502,166.01305170059558,112.17504221809858
forecast_4500,2025-07-07 12:00:00,170.54685475252438,236.35348382961095,161.91912353788484
forecast_4501,2025-07-07 13:00:00,238.78855563678187,329.2833645434175,277.2220426802173
forecast_4502,2025-07-07 14:00:00,305.49250260484547,420.4025097866627,270.80760172951824
forecast_4503,2025-07-07 15:00:00,268.25087919057074,369.48216272954005,242.6544894598855
forecast_4504,2025-07-07 16:00:00,354.24235120147205,383.7489583223106,312.3507005142611
forecast_4505,2025-07-07 17:00:00,296.1366692854585,413.8260492599379,280.9569220911679
forecast_4506,2025-07-07 18:00:00,366.45194613937116,389.35894766697714,233.676417606395
forecast_4507,2025-07-07 19:00:00,341.04811461418063,452.16754949628233,161.37188861062103
forecast_4508,2025-07-07 20:00:00,492.2515829230575,509.2299700383713,150.59507444579094
forecast_4509,2025-07-07 21:00:00,614.771620874551,762.8416468690704,211.52477767362956
forecast_4510,2025-07-07 22:00:00,759.0218678080428,865.347733619106,265.64823980379964
forecast_4511,2025-07-07 23:00:00,670.745826104115,828.005419618968,256.0884423414654
forecast_4512,2025-07-08 00:00:00,618.2195496454478,629.1956916174508,126.74081463836798
forecast_4513,2025-07-08 01:00:00,605.746148558967,500.2059252160667,174.5350325635332
forecast_4514,2025-07-08 02:00:00,394.06957432851146,340.1731285715668,151.21104242024256
forecast_4515,2025-07-08 03:00:00,419.91891741395676,368.5501062370911,148.5247564872623
forecast_4516,2025-07-08 04:00:00,332.98836574045,341.16324820432516,148.53569657825807
forecast_4517,2025-07-08 05:00:00,384.43758967088604,368.60604871794635,148.62046569456578
forecast_4518,2025-07-08 06:00:00,387.6677600921953,328.1546948264023,127.14718605632041
forecast_4519,2025-07-08 07:00:00,391.48271106629136,319.26647509250625,161.67166253873827
forecast_4520,2025-07-08 08:00:00,268.9650526169161,265.1451446224737,136.40692816242503
forecast_4521,2025-07-08 09:00:00,194.59536846637974,212.5754545842428,106.53274011317058
forecast_4522,2025-07-08 10:00:00,164.84510667349215,207.69088696261161,118.19238426139344
forecast_4523,2025-07-08 11:00:00,198.18605339513206,278.6375993508746,136.69881124661978
forecast_4524,2025-07-08 12:00:00,215.44844817908188,294.55045455404627,201.7387657814857
forecast_4525,2025-07-08 13:00:00,396.84819962135856,526.2254566161942,355.7832041311892
forecast_4526,2025-07-08 14:00:00,401.17863537091796,523.8575707001302,329.506305696892
forecast_4527,2025-07-08 15:00:00,439.29374978260324,614.8778633784773,392.64996167358794
forecast_4528,2025-07-08 16:00:00,409.91563667969024,618.5278069742023,308.63162112073235
forecast_4529,2025-07-08 17:00:00,290.0845200818625,405.8563597650056,226.1040397179601
forecast_4530,2025-07-08 18:00:00,323.19340200830123,406.64987616383553,213.9913329574599
forecast_4531,2025-07-08 19:00:00,378.4376065660327,477.2986542897,159.40738051655856
forecast_4532,2025-07-08 20:00:00,544.2270259128168,628.3490964085031,179.3621127713839
forecast_4533,2025-07-08 21:00:00,701.6529182451827,818.3572799878954,229.1864988093977
forecast_4534,2025-07-08 22:00:00,1245.2747692657056,1292.6025783988746,343.5124799591013
forecast_4535,2025-07-08 23:00:00,1307.1713024934027,1469.8009714690077,378.0112184717559
forecast_4536,2025-07-09 00:00:00,1356.8729281255014,1492.0172500804103,412.6966296119414
forecast_4537,2025-07-09 01:00:00,829.3823263608055,957.1274180065086,306.04673400462406
forecast_4538,2025-07-09 02:00:00,879.6361444388325,1120.9312601065108,307.8429817479473
forecast_4539,2025-07-09 03:00:00,904.190597107056,1042.416815915724,270.5078722248399
forecast_4540,2025-07-09 04:00:00,931.5876982597997,1076.866279300884,290.9951188088943
forecast_4541,2025-07-09 05:00:00,1281.3802516237386,1385.1791336284057,366.8485016092664
forecast_4542,2025-07-09 06:00:00,1346.4771635385835,1665.6381999383736,440.7672141558695
forecast_4543,2025-07-09 07:00:00,1224.689248957583,1627.603861009998,457.3034180672432
forecast_4544,2025-07-09 08:00:00,1070.2289887800805,1297.582861375313,460.83319056809927
forecast_4545,2025-07-09 09:00:00,927.966126923083,1143.0289528293715,387.56285166940756
forecast_4546,2025-07-09 10:00:00,988.6288296571822,1142.1848241033188,548.2050358846341
forecast_4547,2025-07-09 11:00:00,942.5469697163068,1199.2171053914778,703.8834687675043
forecast_4548,2025-07-09 12:00:00,943.2518909952001,1205.7017746224926,998.6604160463395
forecast_4549,2025-07-09 13:00:00,1023.8633137137025,1247.9057583686215,1066.0714912971803
forecast_4550,2025-07-09 14:00:00,1066.9590301592566,1341.7961271432853,1151.0742029849039
forecast_4551,2025-07-09 15:00:00,981.7655260826006,1311.2795545858876,1022.8176490818865
forecast_4552,2025-07-09 16:00:00,999.8822532970131,1354.7380456847054,814.7642967728881
forecast_4553,2025-07-09 17:00:00,1074.166163923567,1330.7839676047636,791.4714276972364
forecast_4554,2025-07-09 18:00:00,1184.6334763995937,1378.7854061160253,533.4950849169581
forecast_4555,2025-07-09 19:00:00,1117.17409222417,1239.956816529823,516.3065128198314
forecast_4556,2025-07-09 20:00:00,1757.7428851120317,1896.4762804326956,671.994581287595
forecast_4557,2025-07-09 21:00:00,2073.7372529574063,2337.7833187336996,801.5878838582854
forecast_4558,2025-07-09 22:00:00,2223.265181274729,2870.221535473485,940.5368394452763
forecast_4559,2025-07-09 23:00:00,2398.473293413259,2938.6730735031133,1023.3224297296349
forecast_4560,2025-07-10 00:00:00,2610.5359981930806,3141.6502007149465,977.0210849620481
forecast_4561,2025-07-10 01:00:00,2798.4870009072783,3260.649918773743,1110.7389062243362
forecast_4562,2025-07-10 02:00:00,2645.254091861636,3095.6057041811996,1128.5853010005665
forecast_4563,2025-07-10 03:00:00,2594.535243636091,3132.4999985983577,1128.501237958817
forecast_4564,2025-07-10 04:00:00,2733.6939902646504,3362.2412415578106,1323.163858119899
forecast_4565,2025-07-10 05:00:00,3238.17680223304,4016.5779934676584,1502.5569387146484
forecast_4566,2025-07-10 06:00:00,3639.9701721090746,3935.6941137449044,1697.774375705019
forecast_4567,2025-07-10 07:00:00,3393.821375398153,4838.055052378155,2079.9179439342647
forecast_4568,2025-07-10 08:00:00,4126.386913086421,5800.719162726145,3227.2043752813206
forecast_4569,2025-07-10 09:00:00,5109.044647467311,7101.769433350656,4467.449885942955
forecast_4570,2025-07-10 10:00:00,4513.877917202002,6688.6742640197535,4987.616192972984
forecast_4571,2025-07-10 11:00:00,4355.267483917002,6456.212008455061,4705.919934037316
forecast_4572,2025-07-10 12:00:00,4197.426221149598,5710.576962126386,4560.03368829373
forecast_4573,2025-07-10 13:00:00,3640.411994755913,4706.89759821923,3731.768401786673
forecast_4574,2025-07-10 14:00:00,3061.123704733584,4341.025586251718,3455.7664028620543
forecast_4575,2025-07-10 15:00:00,2797.1617975309796,4207.323960137187,3251.241892779817
forecast_4576,2025-07-10 16:00:00,3003.4667349755373,4193.364883943613,3005.237352716995
forecast_4577,2025-07-10 17:00:00,3153.7858663150823,3762.4554564140876,2359.373768597673
forecast_4578,2025-07-10 18:00:00,3840.8655667055336,4962.515440507325,2870.128400899725
forecast_4579,2025-07-10 19:00:00,3849.0989418953122,5038.944617522845,2791.9333660844522
forecast_4580,2025-07-10 20:00:00,4403.559911097219,5680.435731498935,3263.420335449123
forecast_4581,2025-07-10 21:00:00,5848.5560827678455,6707.36262350075,4239.859130311564
forecast_4582,2025-07-10 22:00:00,6710.665635009763,7818.429712996181,4788.0557267349295
forecast_4583,2025-07-10 23:00:00,6947.232357519939,8388.555472848757,4922.053172289788
forecast_4584,2025-07-11 00:00:00,7190.970665251335,8258.930012769446,5405.015019285281
forecast_4585,2025-07-11 01:00:00,5649.67234814727,7248.1409303206065,4338.889456940988
forecast_4586,2025-07-11 02:00:00,5516.700858287259,7273.5366401553265,4221.065240418258
forecast_4587,2025-07-11 03:00:00,5362.761817078516,7302.769773368783,4278.9493679943735
forecast_4588,2025-07-11 04:00:00,5337.443055602858,7152.440581167963,4596.718866027765
forecast_4589,2025-07-11 05:00:00,6043.207453375186,7765.413236026725,4990.6916699027015
forecast_4590,2025-07-11 06:00:00,6174.628110000816,7877.022205082392,5136.4337395464
forecast_4591,2025-07-11 07:00:00,6427.6285140955015,8332.7588739986,5529.728889407485
forecast_4592,2025-07-11 08:00:00,6089.509576318806,8859.342100804542,6422.9827598078455
forecast_4593,2025-07-11 09:00:00,6423.656164164181,8896.92419652855,6704.7925334453375
forecast_4594,2025-07-11 10:00:00,4958.916584332115,6718.543855453456,5280.659822880836
forecast_4595,2025-07-11 11:00:00,4602.871586598971,6401.333726453008,4900.263070825368
forecast_4596,2025-07-11 12:00:00,4573.94665634297,6725.782850628756,5289.070836711986
forecast_4597,2025-07-11 13:00:00,4416.704843218713,6593.065373073282,5135.833321263879
forecast_4598,2025-07-11 14:00:00,3847.7483197671636,5651.521952626531,4817.472210098318
forecast_4599,2025-07-11 15:00:00,2991.694292100268,4231.054593579165,3970.9907719464777
forecast_4600,2025-07-11 16:00:00,2545.7601768725362,3712.4447902363886,2515.1178028492013
forecast_4601,2025-07-11 17:00:00,2995.2357820969432,4058.815362815215,2610.6400201978736
forecast_4602,2025-07-11 18:00:00,3965.2133619534966,5056.157610302972,2940.3458518570646
forecast_4603,2025-07-11 19:00:00,4545.222873662001,5508.752258864991,3004.4225224885467
forecast_4604,2025-07-11 20:00:00,4835.100674606917,5807.397642996824,3211.0422729360143
forecast_4605,2025-07-11 21:00:00,5971.5602362438585,7035.101422250091,3357.920990934696
forecast_4606,2025-07-11 22:00:00,5870.165402264975,6177.916271738083,2801.7345053694326
forecast_4607,2025-07-11 23:00:00,6291.217557619616,6758.629235726925,2738.496096268465
forecast_4608,2025-07-12 00:00:00,6205.809854404587,6733.775148723354,2692.6366881221734
forecast_4609,2025-07-12 01:00:00,5224.162234043761,5935.031528674745,2002.25260261289
forecast_4610,2025-07-12 02:00:00,4225.1213946621065,4836.753655400112,1870.9941418980275
forecast_4611,2025-07-12 03:00:00,3875.4567714143773,4699.656517959794,1712.017155582773
forecast_4612,2025-07-12 04:00:00,3598.1596844849814,4494.320705701593,1624.2714348710608
forecast_4613,2025-07-12 05:00:00,3296.2411848027446,3981.2671298662685,1317.7604325769762
forecast_4614,2025-07-12 06:00:00,3063.152809169005,3110.7638876608166,1111.3424042308668
forecast_4615,2025-07-12 07:00:00,2701.69955366603,2634.3007968607913,954.4681221311188
forecast_4616,2025-07-12 08:00:00,2388.2080180121607,2304.431431224721,797.7766382450828
forecast_4617,2025-07-12 09:00:00,1812.3037999025987,1682.160113497496,696.7133304894992
forecast_4618,2025-07-12 10:00:00,1182.7775145291414,1131.5855340070755,613.1012910229819
forecast_4619,2025-07-12 11:00:00,750.8919818594635,858.0947729744909,443.28484260126584
forecast_4620,2025-07-12 12:00:00,495.16998600237434,585.4575810317758,346.25096990803104
forecast_4621,2025-07-12 13:00:00,449.0001040795132,513.5370024856386,302.19993690290573
forecast_4622,2025-07-12 14:00:00,362.3780024675214,490.3205691652888,243.2109680118274
forecast_4623,2025-07-12 15:00:00,372.19662704395535,436.3389914656984,247.14407440228368
forecast_4624,2025-07-12 16:00:00,222.5385118993903,327.6894866315835,215.03242205769305
forecast_4625,2025-07-12 17:00:00,180.83791438193035,226.9270627053793,129.4240378432289
forecast_4626,2025-07-12 18:00:00,186.8064832016247,255.54173367284093,117.11075996111728
forecast_4627,2025-07-12 19:00:00,267.51588321302535,298.38367115563454,176.03971664804666
forecast_4628,2025-07-12 20:00:00,506.7277105221016,436.7814539904319,324.97064489688665
forecast_4629,2025-07-12 21:00:00,731.1220037672481,658.4748029489173,371.6786338695452
forecast_4630,2025-07-12 22:00:00,976.2060567050265,1108.6581101530103,372.7732496361541
forecast_4631,2025-07-12 23:00:00,1157.4570313628913,1362.9281266664873,680.0423812931284
forecast_4632,2025-07-13 00:00:00,1719.5880198478708,1839.5223574368738,1519.9966052645757
forecast_4633,2025-07-13 01:00:00,2234.2552812785684,2184.0383717183854,1635.4413180217869
forecast_4634,2025-07-13 02:00:00,2670.23973287683,2593.110901718925,1830.4851462850643
forecast_4635,2025-07-13 03:00:00,2463.64275181992,2089.0182113353594,1804.1837721078437
forecast_4636,2025-07-13 04:00:00,1523.2866214596402,1342.6659024827497,961.7077295571986
forecast_4637,2025-07-13 05:00:00,1281.276637550256,1022.8547643940798,677.3853190922947
forecast_4638,2025-07-13 06:00:00,913.7679940586185,924.2999785382518,641.8255145880224
forecast_4639,2025-07-13 07:00:00,867.132026334054,830.3263440589905,561.3266112839552
forecast_4640,2025-07-13 08:00:00,644.1260005492828,565.9427896220561,297.8958432108981
forecast_4641,2025-07-13 09:00:00,598.1942481548083,524.8350887249345,366.6912757455266
forecast_4642,2025-07-13 10:00:00,378.62571433448704,330.71706850334186,272.3946088444593
forecast_4643,2025-07-13 11:00:00,430.4820924995711,338.23531914344693,326.93304467039405
forecast_4644,2025-07-13 12:00:00,434.70160802148376,344.70274590060166,274.64864575029395
forecast_4645,2025-07-13 13:00:00,517.4751346564439,545.9309877434904,475.8955787556439
forecast_4646,2025-07-13 14:00:00,817.0789968944202,856.0512772671314,608.7513196334004
forecast_4647,2025-07-13 15:00:00,1006.3255695958884,832.0666379713157,640.1089833404967
forecast_4648,2025-07-13 16:00:00,961.8407038323159,830.4306504295448,681.5701791682316
forecast_4649,2025-07-13 17:00:00,1510.5145552984122,1328.4586874268944,1061.7874912936177
forecast_4650,2025-07-13 18:00:00,2803.5911509954603,2248.8879271166215,1807.2551086322933
forecast_4651,2025-07-13 19:00:00,3502.7167538293684,3141.7272661331226,2425.7389922923876
forecast_4652,2025-07-13 20:00:00,3332.070612463239,3133.4476104823657,2538.936113360332
forecast_4653,2025-07-13 21:00:00,2600.2474322422704,2709.4090174774074,1709.1122188159407
forecast_4654,2025-07-13 22:00:00,2348.697573835255,2759.086657655503,1439.2313092160234
forecast_4655,2025-07-13 23:00:00,2711.4487246257,2487.9954577366943,1663.1026303018273
forecast_4656,2025-07-14 00:00:00,2429.602119984998,2285.94319689528,1714.879125341183
forecast_4657,2025-07-14 01:00:00,3336.694655431609,3286.4258761530136,2433.7371274814222
forecast_4658,2025-07-14 02:00:00,4268.429753950292,3866.9258163675145,2229.142197065914
forecast_4659,2025-07-14 03:00:00,4145.724496884449,4549.390997852129,3367.279921502874
forecast_4660,2025-07-14 04:00:00,4448.954345716067,4827.142493575547,3065.2861237315747
forecast_4661,2025-07-14 05:00:00,4238.019618337168,5678.221949774312,3237.3197608339465
forecast_4662,2025-07-14 06:00:00,5835.123833264866,7251.931849002941,4645.046141264141
forecast_4663,2025-07-14 07:00:00,4978.281494351177,6466.815381958223,4606.944745341591
forecast_4664,2025-07-14 08:00:00,4225.439266152629,5162.259794141079,3039.797248141973
forecast_4665,2025-07-14 09:00:00,4628.409760289123,5589.668901050517,4444.142498580239
forecast_4666,2025-07-14 10:00:00,4010.8821328905346,4840.270115905414,3340.220810177062
forecast_4667,2025-07-14 11:00:00,4220.716707123831,6181.883846824233,4586.242309592782
forecast_4668,2025-07-14 12:00:00,3611.3308460525677,4776.880248467129,3420.0695309614116
forecast_4669,2025-07-14 13:00:00,4045.255701006111,5507.695090380772,4195.66185491349
forecast_4670,2025-07-14 14:00:00,4262.176566679176,5260.78765900065,3739.8293975983715
forecast_4671,2025-07-14 15:00:00,5781.265177532649,6832.888115764286,5199.774783524239
forecast_4672,2025-07-14 16:00:00,6447.657635776948,7860.5107301852495,6995.767491593133
forecast_4673,2025-07-14 17:00:00,7003.670238378923,7859.097433000826,6917.769678271375
forecast_4674,2025-07-14 18:00:00,7008.924467019814,7841.418588069059,6685.862899193785
forecast_4675,2025-07-14 19:00:00,7441.157158466766,7633.218845578669,4855.328385652299
forecast_4676,2025-07-14 20:00:00,6316.254235034546,6046.635503028172,3834.0203647854437
forecast_4677,2025-07-14 21:00:00,5195.27015378009,5334.099908255439,3264.3810206682374
forecast_4678,2025-07-14 22:00:00,5366.803689332071,5324.366466344671,3545.697878400649
forecast_4679,2025-07-14 23:00:00,6095.875359019302,6432.235596917275,3776.6225592797014
forecast_4680,2025-07-15 00:00:00,7053.787658511747,7136.536114692754,5034.037885501755
forecast_4681,2025-07-15 01:00:00,12227.63465804796,12924.952407471945,11417.040662066953
forecast_4682,2025-07-15 02:00:00,10677.870833782812,10267.108156779244,10671.56710041289
forecast_4683,2025-07-15 03:00:00,9158.281369415481,9499.926299660645,9824.619667007659
forecast_4684,2025-07-15 04:00:00,8488.890305705572,8645.601486819682,7531.212272298253
forecast_4685,2025-07-15 05:00:00,8656.228578254224,8243.476002847972,7087.975245608867
forecast_4686,2025-07-15 06:00:00,9807.937336947545,9645.152997188918,7760.13392744202
forecast_4687,2025-07-15 07:00:00,7496.490096171244,7066.0829362690065,5641.391140560677
forecast_4688,2025-07-15 08:00:00,6176.075983365001,5672.270860389274,4628.222926255038
forecast_4689,2025-07-15 09:00:00,7027.834135683171,7258.897587889514,5340.27696856332
forecast_4690,2025-07-15 10:00:00,5504.331692709856,5558.898535803085,4083.6249170065867
forecast_4691,2025-07-15 11:00:00,3648.287735519815,3310.4998266220105,2595.032487809626
forecast_4692,2025-07-15 12:00:00,2434.68092741908,2572.5786683816546,1955.7317153832698
forecast_4693,2025-07-15 13:00:00,2911.3376503110444,2697.3816045596222,2353.906732717054
forecast_4694,2025-07-15 14:00:00,5245.718384754397,4401.080183189798,3309.0746047676407
forecast_4695,2025-07-15 15:00:00,5852.006588168641,5223.424213467297,4185.398326325192
forecast_4696,2025-07-15 16:00:00,5617.241562508898,4784.562186892718,3754.6947000237537
forecast_4697,2025-07-15 17:00:00,3966.518490329967,4115.076333397462,2854.2626189663374
forecast_4698,2025-07-15 18:00:00,3732.5362677762273,3523.0123402516524,2728.9466885562174
forecast_4699,2025-07-15 19:00:00,2388.849829982345,2500.355199182532,1707.9434495419453
forecast_4700,2025-07-15 20:00:00,3201.9801110431167,3250.1799927827446,1961.1770709005812
forecast_4701,2025-07-15 21:00:00,4664.798863552684,5358.304976566951,3232.767583350843
forecast_4702,2025-07-15 22:00:00,5058.770344895465,5616.197538563556,3258.296671002936
forecast_4703,2025-07-15 23:00:00,4222.820933577758,5361.465818725912,2829.391614268131
forecast_4704,2025-07-16 00:00:00,5899.431666177784,7682.136297871093,4808.960017726382
forecast_4705,2025-07-16 01:00:00,10399.07268486596,11493.23280279586,9074.206287842397
forecast_4706,2025-07-16 02:00:00,11161.917377842434,12120.840927576188,11344.585773781328
forecast_4707,2025-07-16 03:00:00,11229.56801246754,13429.656744414177,12990.667705161624
forecast_4708,2025-07-16 04:00:00,11709.22847388663,13881.622728084183,13435.418897051848
forecast_4709,2025-07-16 05:00:00,9876.705895627148,11808.63605349558,11472.424279241535
forecast_4710,2025-07-16 06:00:00,9640.723328184255,11090.10659662499,10731.383022699025
forecast_4711,2025-07-16 07:00:00,8888.893025042544,9529.506566046179,8358.95396840078
forecast_4712,2025-07-16 08:00:00,8044.4197913510825,8125.589957746634,7180.372770884309
forecast_4713,2025-07-16 09:00:00,5580.126905417543,5623.19251937996,5071.588595214096
forecast_4714,2025-07-16 10:00:00,4529.666307015973,5082.582185330084,5131.59557868969
forecast_4715,2025-07-16 11:00:00,3817.6995199949506,4773.063799388649,4151.06830686828
forecast_4716,2025-07-16 12:00:00,3785.3346060585213,4804.2314729760055,4071.1750131354324
forecast_4717,2025-07-16 13:00:00,4840.674600663354,6314.570041699285,5089.606727345315
forecast_4718,2025-07-16 14:00:00,4798.355177958986,5388.339719072609,4420.597225646871
forecast_4719,2025-07-16 15:00:00,4619.9680303080395,5138.427388045513,3042.746358603339
forecast_4720,2025-07-16 16:00:00,4207.4734649417305,5614.906243137324,3488.7518151212357
forecast_4721,2025-07-16 17:00:00,5375.174292406815,6171.313784405352,4407.109406088875
forecast_4722,2025-07-16 18:00:00,4998.212932522205,6276.422464122031,4148.729468308194
forecast_4723,2025-07-16 19:00:00,4018.713506039037,5781.541781329494,3290.3959754902185
forecast_4724,2025-07-16 20:00:00,3444.566355311844,4681.798855283509,3026.6794674770317
forecast_4725,2025-07-16 21:00:00,3942.9955402845517,5146.755259259166,3156.4124025122514
forecast_4726,2025-07-16 22:00:00,5283.145431740563,6803.34796742466,4437.507171921385
forecast_4727,2025-07-16 23:00:00,7406.366250734771,9203.27869930067,5529.39092744274
forecast_4728,2025-07-17 00:00:00,9657.926146845475,11889.337601184072,8436.19967833028
forecast_4729,2025-07-17 01:00:00,11961.104669796601,13893.671661878912,12106.94104028021
forecast_4730,2025-07-17 02:00:00,12080.736833393796,14013.213516272246,12819.910999632697
forecast_4731,2025-07-17 03:00:00,11801.281322487028,13654.292045540797,12213.472721158718
forecast_4732,2025-07-17 04:00:00,9888.391296482614,12316.824731113566,9215.393029407845
forecast_4733,2025-07-17 05:00:00,9188.770431794554,11545.20889756017,8826.799838597188
forecast_4734,2025-07-17 06:00:00,9400.765289780416,11098.893708571497,8109.823265506094
forecast_4735,2025-07-17 07:00:00,10218.069995293452,12787.447381050655,10366.200596926225
forecast_4736,2025-07-17 08:00:00,9756.385594621013,12247.111218644468,11354.882963137696
forecast_4737,2025-07-17 09:00:00,9095.437987013189,11442.634544796569,10136.207827345852
forecast_4738,2025-07-17 10:00:00,9557.351734913507,11894.939822335467,10336.756663658876
forecast_4739,2025-07-17 11:00:00,8307.075324049409,10882.714765788913,9177.83649468773
forecast_4740,2025-07-17 12:00:00,7951.020402123016,10606.747410386959,8017.352870220189
forecast_4741,2025-07-17 13:00:00,8062.737987423814,11324.819092224196,8850.198845091985
forecast_4742,2025-07-17 14:00:00,8722.140612228879,11616.54101869203,9445.91757845495
forecast_4743,2025-07-17 15:00:00,8812.246759871168,11146.966491359726,9035.1811446359
forecast_4744,2025-07-17 16:00:00,8120.742108124367,10227.846787568014,7533.348422896126
forecast_4745,2025-07-17 17:00:00,6920.062367372933,9210.772959561304,6928.549448586369
forecast_4746,2025-07-17 18:00:00,6111.497812657003,8475.696728044088,5556.780594304293
forecast_4747,2025-07-17 19:00:00,6498.4400778121835,8891.251794057902,5746.871469071972
forecast_4748,2025-07-17 20:00:00,5450.069519614076,7655.3528197200785,5288.180874685263
forecast_4749,2025-07-17 21:00:00,7397.413601400437,9810.0417331764,6584.99081659259
forecast_4750,2025-07-17 22:00:00,6538.80899964938,8895.60774602087,5716.689701313862
forecast_4751,2025-07-17 23:00:00,7745.005494382594,10270.934874008988,6472.911589867577
forecast_4752,2025-07-18 00:00:00,8229.329185767005,10318.964556921994,6394.384494929902
forecast_4753,2025-07-18 01:00:00,8479.129895340446,11464.302643905665,7980.195045727474
forecast_4754,2025-07-18 02:00:00,7679.546531807553,10148.626134284528,7080.868475577041
forecast_4755,2025-07-18 03:00:00,7940.329746496406,10375.8229777764,8721.878227561685
forecast_4756,2025-07-18 04:00:00,8289.17603769966,10884.082386462354,7698.949505694886
forecast_4757,2025-07-18 05:00:00,8316.894758838867,10891.134362229923,8086.404933416614
forecast_4758,2025-07-18 06:00:00,8112.262519606527,10367.371742668387,6870.185129963206
forecast_4759,2025-07-18 07:00:00,7723.1168245853005,10748.631776409857,6600.303306772967
forecast_4760,2025-07-18 08:00:00,6927.557829976225,9842.14974630753,5753.876762523238
forecast_4761,2025-07-18 09:00:00,7722.822739856617,10017.350482718799,6490.662372011951
forecast_4762,2025-07-18 10:00:00,6916.082170515212,9772.98969162055,6164.246793567707
forecast_4763,2025-07-18 11:00:00,5332.363429631647,6617.675507173548,4515.359204008279
forecast_4764,2025-07-18 12:00:00,3885.2186913653954,4279.961130963673,2724.1457402535675
forecast_4765,2025-07-18 13:00:00,2051.3152142838985,2747.211753003731,1309.2918128488586
forecast_4766,2025-07-18 14:00:00,2436.346223078182,2781.5719107252908,1532.5389736999794
forecast_4767,2025-07-18 15:00:00,3693.5699592912415,4236.4040510127825,3404.7727040466634
forecast_4768,2025-07-18 16:00:00,2481.422102409965,2993.592589875167,1706.1583351862128
forecast_4769,2025-07-18 17:00:00,5817.673908866662,6840.357387777432,4876.420647370266
forecast_4770,2025-07-18 18:00:00,6123.782351784938,7153.385859482972,5118.159200660309
forecast_4771,2025-07-18 19:00:00,5743.906536322025,7261.829338467122,5087.653915118606
forecast_4772,2025-07-18 20:00:00,6668.15823633139,8830.289345520541,5628.797218738171
forecast_4773,2025-07-18 21:00:00,6456.361387288216,8264.414653485715,5642.024478351917
forecast_4774,2025-07-18 22:00:00,6929.066016215256,9519.51830713404,7164.996843367897
forecast_4775,2025-07-18 23:00:00,7687.692151916469,10041.500951735188,6837.96754170943
forecast_4776,2025-07-19 00:00:00,8193.893033100567,10251.102948446229,6862.3401365897025
forecast_4777,2025-07-19 01:00:00,7504.27082696686,9899.09748312605,6965.521720850157
forecast_4778,2025-07-19 02:00:00,6572.217727212228,8521.035384046068,6238.842533937472
forecast_4779,2025-07-19 03:00:00,5987.376357843145,7670.261491983404,5263.468748497122
forecast_4780,2025-07-19 04:00:00,4923.1004198392475,6746.418828479898,4507.857285646544
forecast_4781,2025-07-19 05:00:00,4049.793133002667,5194.790884649498,3938.809690414607
forecast_4782,2025-07-19 06:00:00,4221.991809738983,5547.551291950766,3647.2133548831803
forecast_4783,2025-07-19 07:00:00,4981.518536239659,6047.305262406179,3694.3046198373954
forecast_4784,2025-07-19 08:00:00,5314.014764923793,6105.337410885055,4031.625653469686
forecast_4785,2025-07-19 09:00:00,4068.644249440915,4839.765478472436,4351.896407104132
forecast_4786,2025-07-19 10:00:00,4732.281471220571,6272.110659600514,4839.394859644918
forecast_4787,2025-07-19 11:00:00,6711.47930594913,9568.771719561917,6244.06248846176
forecast_4788,2025-07-19 12:00:00,6847.713890390856,9641.736517431118,7000.650601235929
forecast_4789,2025-07-19 13:00:00,6901.2960711271435,8661.14833526285,6565.436930111026
forecast_4790,2025-07-19 14:00:00,8069.844937172285,10635.966650647375,8613.297779690189
forecast_4791,2025-07-19 15:00:00,8172.479359398334,10980.959748659678,9610.954045396742
forecast_4792,2025-07-19 16:00:00,8215.428676173486,11598.936530359237,10013.08511506844
forecast_4793,2025-07-19 17:00:00,8548.405823151055,11281.101717379843,9792.410117088695
forecast_4794,2025-07-19 18:00:00,8311.024395024593,10580.363302963906,10057.775454917331
forecast_4795,2025-07-19 19:00:00,8447.500408378985,10187.306889652798,10220.67103582824
forecast_4796,2025-07-19 20:00:00,8638.350332732065,10481.969405786243,9432.70613990692
forecast_4797,2025-07-19 21:00:00,8838.993606100667,11018.784155069767,9494.684035466194
forecast_4798,2025-07-19 22:00:00,9647.611157486977,12145.10082549475,10643.51135577214
forecast_4799,2025-07-19 23:00:00,8461.672111076232,10395.263295354533,8228.565911240554
forecast_4800,2025-07-20 00:00:00,8389.600334632656,10695.688353143205,8073.4899294108745
forecast_4801,2025-07-20 01:00:00,9082.95339014417,12100.175819050177,9848.72451141565
forecast_4802,2025-07-20 02:00:00,9816.46037321838,12940.990309632354,11337.172247763197
forecast_4803,2025-07-20 03:00:00,10031.2274764792,13194.370102744631,11157.22922058407
forecast_4804,2025-07-20 04:00:00,10097.07022142643,13081.140921197828,11273.71501982811
forecast_4805,2025-07-20 05:00:00,9093.840454114734,13042.408393152653,10986.642314812763
forecast_4806,2025-07-20 06:00:00,9421.627372631916,12740.538480411054,9942.860690794623
forecast_4807,2025-07-20 07:00:00,8272.680361403487,11876.355833496935,8952.110923961454
forecast_4808,2025-07-20 08:00:00,7568.481957644841,11410.218534680625,7975.500697859254
forecast_4809,2025-07-20 09:00:00,6757.731718819525,9851.011172141516,7055.949942201516
forecast_4810,2025-07-20 10:00:00,6663.072890348486,9211.986312497833,7374.4259694642815
forecast_4811,2025-07-20 11:00:00,5988.17290993804,6113.2634209466905,6576.938300023612
forecast_4812,2025-07-20 12:00:00,4686.883003065817,5058.984692715027,5332.802905865814
forecast_4813,2025-07-20 13:00:00,4028.174551478059,5354.164353845074,4489.1952545420945
forecast_4814,2025-07-20 14:00:00,4237.88799436551,5297.773656774271,4122.015569545796
forecast_4815,2025-07-20 15:00:00,3987.0236939885567,5063.65958620152,4079.1189510185645
forecast_4816,2025-07-20 16:00:00,4252.219148632742,4863.799539253476,4180.2294987266605
forecast_4817,2025-07-20 17:00:00,4259.097617203871,5004.772046818068,4540.224712056
forecast_4818,2025-07-20 18:00:00,5166.361205136942,5857.399260221728,4161.1392394622735
forecast_4819,2025-07-20 19:00:00,8554.499206077617,9189.186361970469,6875.900589209278
forecast_4820,2025-07-20 20:00:00,9085.822442800496,9629.10522289254,7849.5167213346085
forecast_4821,2025-07-20 21:00:00,9206.900519790814,9961.766630810644,8403.08111076806
forecast_4822,2025-07-20 22:00:00,9841.002425904286,11105.540107278464,10080.153256848544
forecast_4823,2025-07-20 23:00:00,10313.778000816814,10710.908848388572,9515.266247814126
forecast_4824,2025-07-21 00:00:00,9954.453408116362,11395.194369702951,9384.64459926811
forecast_4825,2025-07-21 01:00:00,9738.123988286774,11225.681731554203,8708.85605092784
forecast_4826,2025-07-21 02:00:00,10469.675118769419,11738.991410290982,8890.424181433702
forecast_4827,2025-07-21 03:00:00,10011.6552972026,11484.413946190705,8147.569175131044
forecast_4828,2025-07-21 04:00:00,8217.294665366708,9807.772192290635,7157.035955369362
forecast_4829,2025-07-21 05:00:00,8825.399837344303,9359.440800275674,7381.033078765755
forecast_4830,2025-07-21 06:00:00,8618.190260036405,9394.072512322575,7039.850585803864
forecast_4831,2025-07-21 07:00:00,9555.046175888727,9513.386348032383,8154.407508035984
forecast_4832,2025-07-21 08:00:00,10005.608043121982,10372.535750523302,7895.82013335912
forecast_4833,2025-07-21 09:00:00,9811.400662119675,11043.36690790132,8304.747810622704
forecast_4834,2025-07-21 10:00:00,7153.0593063068545,8518.8427038211,6836.9484190909325
forecast_4835,2025-07-21 11:00:00,5319.2195855766395,5917.522307535303,6148.959713997842
forecast_4836,2025-07-21 12:00:00,4942.768812200862,5252.612977445678,5089.78952443414
forecast_4837,2025-07-21 13:00:00,4691.4639696167715,5241.923480618904,5109.013324304515
forecast_4838,2025-07-21 14:00:00,4824.859517215526,4639.257317433551,4828.775136025882
forecast_4839,2025-07-21 15:00:00,4856.334788024903,4701.597158639992,5037.628854803566
forecast_4840,2025-07-21 16:00:00,4745.584977430733,4744.50988257092,4153.196485329611
forecast_4841,2025-07-21 17:00:00,4950.233422666578,6132.505702354711,4883.443518293263
forecast_4842,2025-07-21 18:00:00,6149.8547157706735,7399.010748512494,5742.345171915073
forecast_4843,2025-07-21 19:00:00,9299.212248734395,9515.610917607306,8150.097315828498
forecast_4844,2025-07-21 20:00:00,9803.822084371444,9738.699655492734,8246.690861911111
forecast_4845,2025-07-21 21:00:00,12084.956415182478,11883.662390872343,9710.20704104528
forecast_4846,2025-07-21 22:00:00,13898.063281426832,13385.409858250201,11297.408977943114
forecast_4847,2025-07-21 23:00:00,13162.256437164873,13110.583234523,11375.614948715387
forecast_4848,2025-07-22 00:00:00,12842.419653700503,12438.749374179859,10604.716851200776
forecast_4849,2025-07-22 01:00:00,11274.203939440025,12723.490015266769,9424.79987331345
forecast_4850,2025-07-22 02:00:00,12372.8707088581,13416.619709986819,11461.845132401895
forecast_4851,2025-07-22 03:00:00,12997.923506561783,13701.898743427293,11591.322686497693
forecast_4852,2025-07-22 04:00:00,12506.983117738957,12963.59516098633,10998.31373817342
forecast_4853,2025-07-22 05:00:00,12945.72818902391,13110.784367529594,11324.670545251533
forecast_4854,2025-07-22 06:00:00,12704.496265157772,13242.534659086174,10258.028134186088
forecast_4855,2025-07-22 07:00:00,11105.721418652118,11644.875549602948,9879.2680639614
forecast_4856,2025-07-22 08:00:00,9635.236981148322,11336.653652552335,9502.764619676364
forecast_4857,2025-07-22 09:00:00,7695.2268731471595,9166.347904309529,7261.764976493501
forecast_4858,2025-07-22 10:00:00,6142.449435936343,6830.164471650058,4846.220070580274
forecast_4859,2025-07-22 11:00:00,4678.743274110498,4574.645966589915,3382.9791515097922
forecast_4860,2025-07-22 12:00:00,2669.6366894050475,2753.111342454579,2032.494910706951
forecast_4861,2025-07-22 13:00:00,2651.346513487396,2558.4464814020553,2078.498994256975
forecast_4862,2025-07-22 14:00:00,2779.8001919223666,2657.731506658214,2268.264344172942
forecast_4863,2025-07-22 15:00:00,2733.888341580491,2890.1665030154722,2341.397959359786
forecast_4864,2025-07-22 16:00:00,2683.5828203901297,2734.7472001500055,2386.488639281602
forecast_4865,2025-07-22 17:00:00,2637.678205477192,2871.518067130892,2166.8645957638696
forecast_4866,2025-07-22 18:00:00,2250.210954863553,2243.7578797892643,1744.4601331874183
forecast_4867,2025-07-22 19:00:00,2611.9067285602946,2357.7835714896664,1898.9212227511455
forecast_4868,2025-07-22 20:00:00,4154.707159135285,3682.688691125987,3265.871372053546
forecast_4869,2025-07-22 21:00:00,5794.495439153686,5281.474410491793,4247.087259533509
forecast_4870,2025-07-22 22:00:00,6460.069632281062,6014.54754721267,4613.6270620821715
forecast_4871,2025-07-22 23:00:00,7806.672014980034,7038.438367704365,5310.74463410494
forecast_4872,2025-07-23 00:00:00,8006.275110698936,6761.18269078937,5430.631508359933
forecast_4873,2025-07-23 01:00:00,8307.135229464835,7285.3603517516385,6152.660732517076
forecast_4874,2025-07-23 02:00:00,8898.007402471323,8861.299815222475,6824.760624199699
forecast_4875,2025-07-23 03:00:00,9450.393434753183,9422.463207237588,6999.496774304871
forecast_4876,2025-07-23 04:00:00,9092.680109893836,8507.766401152117,5640.157756145174
forecast_4877,2025-07-23 05:00:00,7259.827398588167,7105.3699115999525,4556.803552224222
forecast_4878,2025-07-23 06:00:00,6632.278677696906,6143.552599217839,3812.4197382189373
forecast_4879,2025-07-23 07:00:00,5563.767849375089,4884.535979425681,3358.4153431671034
forecast_4880,2025-07-23 08:00:00,5207.160891275892,3841.9525620181857,2694.9616487676226
forecast_4881,2025-07-23 09:00:00,3492.702267034756,2871.1663390346603,2106.8843657071475
forecast_4882,2025-07-23 10:00:00,983.3662164399475,822.7636353352765,682.4161711301407
forecast_4883,2025-07-23 11:00:00,744.2765673173745,533.7620143375457,520.1384717320382
forecast_4884,2025-07-23 12:00:00,377.9167264528139,305.4167751895519,267.52839971143
forecast_4885,2025-07-23 13:00:00,273.1347423901616,312.08042226350005,334.36954830163694
forecast_4886,2025-07-23 14:00:00,252.1324461761221,227.87144223423147,306.13656093188206
forecast_4887,2025-07-23 15:00:00,624.1972899836184,539.6660875855738,466.8124730947095
forecast_4888,2025-07-23 16:00:00,613.7250438057882,583.916428685023,461.80773731447573
forecast_4889,2025-07-23 17:00:00,477.9284797635909,665.0064577889805,422.0464263682376
forecast_4890,2025-07-23 18:00:00,570.0270091196832,891.1907732467604,413.96958914976506
forecast_4891,2025-07-23 19:00:00,1130.8511343440662,1291.070250274333,585.4919309844283
forecast_4892,2025-07-23 20:00:00,1042.1402081620688,1069.0736855454284,654.0724969893307
forecast_4893,2025-07-23 21:00:00,2379.9013544255254,2835.3550502329417,1559.0024973789623
forecast_4894,2025-07-23 22:00:00,3529.876114303779,4114.2080971246305,2795.02002126543
forecast_4895,2025-07-23 23:00:00,4226.9112434644185,4238.068747795095,3265.542735381002
forecast_4896,2025-07-24 00:00:00,4747.319722169809,5061.050587815155,3492.7250052622794
forecast_4897,2025-07-24 01:00:00,5887.087974913735,5540.458261470108,3714.185053417553
forecast_4898,2025-07-24 02:00:00,6910.008995770106,6390.490755750401,4715.5370119138925
forecast_4899,2025-07-24 03:00:00,7436.36366315227,7000.912787181955,5107.392671459917
forecast_4900,2025-07-24 04:00:00,7843.290887293404,7738.312828400483,5393.205477704156
forecast_4901,2025-07-24 05:00:00,6789.44248344207,7024.261372956379,4552.976506365544
forecast_4902,2025-07-24 06:00:00,6120.904252482076,5561.441856333481,3710.935117942782
forecast_4903,2025-07-24 07:00:00,4391.42558179319,3649.9268571216653,2154.3624612564417
forecast_4904,2025-07-24 08:00:00,1514.4078395877125,1149.3522215206124,543.9387109960766
forecast_4905,2025-07-24 09:00:00,464.7079217801532,341.0457904779772,153.13834780119288
forecast_4906,2025-07-24 10:00:00,182.88129013228195,168.10247002104526,83.8071092826901
forecast_4907,2025-07-24 11:00:00,103.88676871413679,122.96466835732191,78.75136167842194
forecast_4908,2025-07-24 12:00:00,112.73611253195999,109.86727907818019,98.67099586610544
forecast_4909,2025-07-24 13:00:00,132.01005905092177,158.89366610629688,124.15825496119484
forecast_4910,2025-07-24 14:00:00,179.7657683960364,243.31190800680872,251.63308283555952
forecast_4911,2025-07-24 15:00:00,249.4690846543943,241.39067894967235,167.53837550838796
forecast_4912,2025-07-24 16:00:00,366.56645297529525,267.19494645110177,220.308161791691
forecast_4913,2025-07-24 17:00:00,252.11984078975564,203.91900555057012,180.51524598524995
forecast_4914,2025-07-24 18:00:00,393.1604018172997,309.4870870418518,174.8813222558335
forecast_4915,2025-07-24 19:00:00,439.6034899424554,423.9010540326691,184.1847750478018
forecast_4916,2025-07-24 20:00:00,802.0193725391898,896.3376542799366,479.5698981357221
forecast_4917,2025-07-24 21:00:00,948.3516648169234,1008.7299981841775,358.2848604261276
forecast_4918,2025-07-24 22:00:00,1344.9827161343908,1321.7010054884665,724.2857606296792
forecast_4919,2025-07-24 23:00:00,1676.631902833074,1569.449781258973,949.3867072894961
forecast_4920,2025-07-25 00:00:00,1532.4100126210942,1383.6527712670463,901.1697673167438
forecast_4921,2025-07-25 01:00:00,2220.4275178134794,2200.182397790812,1706.4693721905794
forecast_4922,2025-07-25 02:00:00,3355.8154088349165,3733.914814150811,2282.699851421945
forecast_4923,2025-07-25 03:00:00,3577.4653649685824,3453.2559710972173,2362.334273664885
forecast_4924,2025-07-25 04:00:00,2843.2736268235394,2696.639756398453,2208.8674462605254
forecast_4925,2025-07-25 05:00:00,3625.45198790808,3286.6058909274298,2677.3176727488953
forecast_4926,2025-07-25 06:00:00,2585.6431377334893,2698.130022818799,1728.5215664930172
forecast_4927,2025-07-25 07:00:00,1615.0526070994572,1680.98863651043,1062.7050318441438
forecast_4928,2025-07-25 08:00:00,684.7750492816746,661.4356107224496,432.0615650192584
forecast_4929,2025-07-25 09:00:00,494.3970435288271,448.33420299438717,302.6907837268446
forecast_4930,2025-07-25 10:00:00,355.34588412467417,340.1952422296886,259.63762460750894
forecast_4931,2025-07-25 11:00:00,199.53183844217637,236.15492210941233,165.8876662042112
forecast_4932,2025-07-25 12:00:00,143.61716591200155,197.38116862919358,156.7759343864365
forecast_4933,2025-07-25 13:00:00,123.48372157561035,165.77779509017572,120.64016649553753
forecast_4934,2025-07-25 14:00:00,178.70659997468908,244.6947152177216,149.86566807868473
forecast_4935,2025-07-25 15:00:00,213.5293240555475,305.79484083062164,203.26133999186285
forecast_4936,2025-07-25 16:00:00,567.1096068757199,489.8576982010918,302.6083920745843
forecast_4937,2025-07-25 17:00:00,460.79785428928625,589.7416995020752,533.6448437346473
forecast_4938,2025-07-25 18:00:00,880.5799281909048,902.6403239338305,550.9447166994455
forecast_4939,2025-07-25 19:00:00,1277.657264566,1486.2784970079565,1127.0607171514148
forecast_4940,2025-07-25 20:00:00,1652.6891683024346,1548.0425789023336,1415.9698982202297
forecast_4941,2025-07-25 21:00:00,1902.0847171959915,2317.202517791133,1592.067515738753
forecast_4942,2025-07-25 22:00:00,2437.1795284346554,2868.798770206318,2165.566533961262
forecast_4943,2025-07-25 23:00:00,2983.9032534815756,3275.821455696696,2687.92407174506
forecast_4944,2025-07-26 00:00:00,4861.07890462348,4432.351664026622,3725.180539038716
forecast_4945,2025-07-26 01:00:00,7083.48972809708,7234.763725267996,6470.272464253504
forecast_4946,2025-07-26 02:00:00,6558.933788361072,6952.372991658076,6002.245238655146
forecast_4947,2025-07-26 03:00:00,6167.370172856309,6029.379918768342,5551.891258519975
forecast_4948,2025-07-26 04:00:00,5367.88285652067,5519.342730102281,4809.663895967277
forecast_4949,2025-07-26 05:00:00,4070.5794430390742,3765.021889210084,2819.9322874275977
forecast_4950,2025-07-26 06:00:00,2811.2509533098378,2413.298354640201,1780.7643837269914
forecast_4951,2025-07-26 07:00:00,1728.4887322655052,1548.8649854470327,1397.3613030829374
forecast_4952,2025-07-26 08:00:00,1123.7052235995561,1165.506401319142,654.8203410119753
forecast_4953,2025-07-26 09:00:00,598.7768038837098,667.9668660685144,380.36132461557145
forecast_4954,2025-07-26 10:00:00,511.2239509996667,538.5050152464939,451.5790716620437
forecast_4955,2025-07-26 11:00:00,376.5192954472429,385.1323701876321,293.0405039020034
forecast_4956,2025-07-26 12:00:00,171.6173323999613,212.84207201539093,179.0571222319209
forecast_4957,2025-07-26 13:00:00,151.9460912653564,192.51382475571629,166.3021263507368
forecast_4958,2025-07-26 14:00:00,221.32370927312792,269.1949864075659,193.73944010591688
forecast_4959,2025-07-26 15:00:00,251.84463588683963,337.62260278922037,209.06393390682766
forecast_4960,2025-07-26 16:00:00,362.6331728557305,397.5716914204847,254.20989703300648
forecast_4961,2025-07-26 17:00:00,241.1796841475651,230.3491706186955,232.1626461324534
forecast_4962,2025-07-26 18:00:00,405.8118136455191,451.13663084552206,312.57204142129115
forecast_4963,2025-07-26 19:00:00,886.2260945107577,898.4313942419916,555.7827372460407
forecast_4964,2025-07-26 20:00:00,1151.1216062524002,1106.697281277783,548.2426978506682
forecast_4965,2025-07-26 21:00:00,1298.8162963265397,1160.9723850384519,744.4472008309493
forecast_4966,2025-07-26 22:00:00,1695.7765918446185,1737.6868181925881,1164.4650669040268
forecast_4967,2025-07-26 23:00:00,3291.7379867007976,3631.591180139828,2795.7261706976306
forecast_4968,2025-07-27 00:00:00,6526.16981947468,5592.647189430537,4965.921378915687
forecast_4969,2025-07-27 01:00:00,8632.644466134829,7967.626541289996,6533.927539970921
forecast_4970,2025-07-27 02:00:00,7805.829926313394,7230.310971139449,5584.492670298253
forecast_4971,2025-07-27 03:00:00,6410.811839263893,6132.693967888813,4526.789476968958
forecast_4972,2025-07-27 04:00:00,6164.623347536119,6180.678538457558,5038.884879354959
forecast_4973,2025-07-27 05:00:00,5746.519522891592,5501.015158534998,4896.681300946138
forecast_4974,2025-07-27 06:00:00,6455.430208794337,6184.347190451171,5312.332540892453
forecast_4975,2025-07-27 07:00:00,5306.642055640133,5421.383686510347,3473.386238567865
forecast_4976,2025-07-27 08:00:00,4412.395417685308,4082.050031286868,2688.565820606207
forecast_4977,2025-07-27 09:00:00,2484.0799345334262,2435.5446580464295,1603.2519724176564
forecast_4978,2025-07-27 10:00:00,1603.544994827723,1599.8063426953288,1231.1891935709461
forecast_4979,2025-07-27 11:00:00,1173.514855582947,1196.8996743334114,1041.1355701297425
forecast_4980,2025-07-27 12:00:00,1010.2221626376835,1130.7825889192175,1196.7962324936166
forecast_4981,2025-07-27 13:00:00,898.2560560782359,1127.5824466999932,1161.8691870621033
forecast_4982,2025-07-27 14:00:00,972.178466222612,1181.7195210656414,1258.321802130349
forecast_4983,2025-07-27 15:00:00,1219.417415382874,1392.4227777455856,1749.1233634702892
forecast_4984,2025-07-27 16:00:00,1801.7468919408097,2270.083216977653,2144.503430574731
forecast_4985,2025-07-27 17:00:00,1883.6025937744987,2379.410044821835,2309.847548849002
forecast_4986,2025-07-27 18:00:00,1588.0030026334978,2110.745015479922,2109.135999644229
forecast_4987,2025-07-27 19:00:00,3470.0039013564356,3454.3553379268687,3053.9251985607348
forecast_4988,2025-07-27 20:00:00,5223.5759840697865,4412.78344462377,3952.6883050492693
forecast_4989,2025-07-27 21:00:00,5492.275408490599,5037.973466854324,4302.968804017854
forecast_4990,2025-07-27 22:00:00,6901.553485713513,6585.258598203382,5570.1868743252235
forecast_4991,2025-07-27 23:00:00,7809.633432242652,7280.376221859965,6444.772545478696
forecast_4992,2025-07-28 00:00:00,8401.870243594823,7905.816756796178,6958.731775734062
forecast_4993,2025-07-28 01:00:00,9463.719471698532,8331.400659787876,7151.872918818611
forecast_4994,2025-07-28 02:00:00,10145.622170324643,8374.828547299025,8058.860661795424
forecast_4995,2025-07-28 03:00:00,9796.846784165367,9028.898014287695,8104.304264113884
forecast_4996,2025-07-28 04:00:00,10309.309068444933,9328.5669276322,7688.8175913111645
forecast_4997,2025-07-28 05:00:00,9645.045397382164,8992.721800127481,7152.00031654201
forecast_4998,2025-07-28 06:00:00,8271.641708662175,7323.592414228101,5685.991143703221
forecast_4999,2025-07-28 07:00:00,6128.353283082554,5078.908234620252,4167.651217149358
forecast_5000,2025-07-28 08:00:00,5816.7172384331925,4167.931448220872,2848.305636946633
forecast_5001,2025-07-28 09:00:00,3423.9858793562576,2981.819401581312,1994.8236178672782
forecast_5002,2025-07-28 10:00:00,1041.8928532571313,960.3445445357585,609.3224783152355
forecast_5003,2025-07-28 11:00:00,418.98771430218244,361.0335391955123,272.69802306964476
forecast_5004,2025-07-28 12:00:00,182.19001224024782,235.34829938984728,273.8638791040338
forecast_5005,2025-07-28 13:00:00,621.3619653466678,552.1605511780102,491.27242666712664
forecast_5006,2025-07-28 14:00:00,532.2567931116708,471.83448913095515,442.6225102701549
forecast_5007,2025-07-28 15:00:00,236.42627881312694,247.03833934927113,248.50531711227703
forecast_5008,2025-07-28 16:00:00,373.7760770994459,415.7572075919558,381.01462906568935
forecast_5009,2025-07-28 17:00:00,467.38968764126344,303.32811296731415,396.8584513197197
forecast_5010,2025-07-28 18:00:00,521.9033647212178,339.9868567017677,375.51347684069145
forecast_5011,2025-07-28 19:00:00,407.6082229104222,522.8582129759861,344.1307966105891
forecast_5012,2025-07-28 20:00:00,463.66065154280005,559.332881591759,292.6472788679106
forecast_5013,2025-07-28 21:00:00,754.1491869690861,905.9086619520092,408.8399241606451
forecast_5014,2025-07-28 22:00:00,898.6675123367652,832.7253559637729,476.7051894598356
forecast_5015,2025-07-28 23:00:00,605.2495456952777,620.3657430851661,391.23622781754773
forecast_5016,2025-07-29 00:00:00,672.9779667024961,656.6706234313228,478.72548737988075
forecast_5017,2025-07-29 01:00:00,1843.71438819769,1984.3683518935238,1323.4783235060418
forecast_5018,2025-07-29 02:00:00,2176.0309719632514,1899.1433768606314,1520.5004867061125
forecast_5019,2025-07-29 03:00:00,2098.0646817664538,2164.920783687629,1252.6033402473413
forecast_5020,2025-07-29 04:00:00,1727.166624236029,1705.288321565312,1062.8991252639594
forecast_5021,2025-07-29 05:00:00,1431.0331577704542,1586.1650325921341,968.7302050795696
forecast_5022,2025-07-29 06:00:00,913.8243209057987,923.6630414406623,667.1745965060898
forecast_5023,2025-07-29 07:00:00,442.13521306094054,365.9258425653892,267.8431179540309
forecast_5024,2025-07-29 08:00:00,295.15839297245236,299.035186489873,150.80317913010614
forecast_5025,2025-07-29 09:00:00,247.3276933221762,151.98437828318993,85.33159902616828
forecast_5026,2025-07-29 10:00:00,152.92530682799134,105.68452444368125,68.78695126138444
forecast_5027,2025-07-29 11:00:00,121.32175083613036,130.9424546316142,85.3968029224774
forecast_5028,2025-07-29 12:00:00,132.53341751925439,183.29914521630516,127.36051433905929
forecast_5029,2025-07-29 13:00:00,213.69458997834903,243.57725753128258,210.37459406225838
forecast_5030,2025-07-29 14:00:00,200.80298936904862,206.91563606387777,140.8780811024984
forecast_5031,2025-07-29 15:00:00,190.16212449238918,200.6455362795949,159.9027190054704
forecast_5032,2025-07-29 16:00:00,195.9198184179099,201.79988068075838,199.93205363080554
forecast_5033,2025-07-29 17:00:00,267.0846003091751,213.38330858629897,177.4904601022224
forecast_5034,2025-07-29 18:00:00,292.68784480407794,288.30582680552874,188.08192306522514
forecast_5035,2025-07-29 19:00:00,291.5634578532224,281.4875393735818,288.9519260632282
forecast_5036,2025-07-29 20:00:00,514.7692814241989,390.4023801506035,328.0556500902001
forecast_5037,2025-07-29 21:00:00,665.006825880174,618.2136067415336,343.4563866086703
forecast_5038,2025-07-29 22:00:00,1004.9384430021602,1109.7634636583175,521.3558236052115
forecast_5039,2025-07-29 23:00:00,1348.0242658263062,1672.8691711989327,686.7030724573915
forecast_5040,2025-07-30 00:00:00,2028.29772287342,1911.426731016341,1556.3496276645922
forecast_5041,2025-07-30 01:00:00,1494.3490228349772,1506.2021272106456,1058.548653668389
forecast_5042,2025-07-30 02:00:00,1813.1673299434715,1660.285641465495,1141.2715698823029
forecast_5043,2025-07-30 03:00:00,1799.100786666315,1650.0683205024777,973.4713413129789
forecast_5044,2025-07-30 04:00:00,1553.4456062630436,1295.5599028925162,960.5640978155997
forecast_5045,2025-07-30 05:00:00,654.5886256497471,734.0042161655409,439.37660548176757
forecast_5046,2025-07-30 06:00:00,592.8528212756652,715.3699122291226,330.1929914630205
forecast_5047,2025-07-30 07:00:00,622.1777314759952,636.3554482934261,345.9018331876932
forecast_5048,2025-07-30 08:00:00,324.81419288879016,333.5335113195971,112.31846411879813
forecast_5049,2025-07-30 09:00:00,270.861666476814,260.3477434754114,93.58231137729548
forecast_5050,2025-07-30 10:00:00,218.76199541678034,140.2369610829074,102.40294099680388
forecast_5051,2025-07-30 11:00:00,252.42087634426727,226.1331884741027,155.70144537714836
forecast_5052,2025-07-30 12:00:00,231.49405834065666,239.73081204276855,174.49989853470277
forecast_5053,2025-07-30 13:00:00,260.0153940850226,236.2240589549363,240.7611880299171
forecast_5054,2025-07-30 14:00:00,295.90159785011673,293.68461197331374,334.13903776994204
forecast_5055,2025-07-30 15:00:00,269.53542564445115,315.05069362123044,279.24866484055605
forecast_5056,2025-07-30 16:00:00,333.8723463128003,287.73253623553273,296.0571009377314
forecast_5057,2025-07-30 17:00:00,480.75179644935764,426.72201419268526,368.752519696839
forecast_5058,2025-07-30 18:00:00,574.5896606435123,552.2677673151954,315.17834986380376
forecast_5059,2025-07-30 19:00:00,591.9375401374895,618.8734490464893,267.4624878565559
forecast_5060,2025-07-30 20:00:00,912.6605216041039,763.9678347017158,277.02739167163503
forecast_5061,2025-07-30 21:00:00,1351.3573211719054,1317.3927021346665,507.1875523405649
forecast_5062,2025-07-30 22:00:00,1648.8112589854227,1650.853436027806,617.8471116901003
forecast_5063,2025-07-30 23:00:00,1657.9806440214243,1820.828056909799,634.6712535458889
forecast_5064,2025-07-31 00:00:00,1581.778107005326,1607.641927893409,646.6180163621466
forecast_5065,2025-07-31 01:00:00,2143.197225955279,2545.9638106107586,1104.9919346931158
forecast_5066,2025-07-31 02:00:00,2810.896686175611,2809.074624180131,1287.6255897854455
forecast_5067,2025-07-31 03:00:00,3005.5832249966943,2996.143950513846,1611.525704830006
forecast_5068,2025-07-31 04:00:00,2981.2096568664033,3388.5951258129144,1589.8107525394007
forecast_5069,2025-07-31 05:00:00,2509.804247092403,2870.748089526876,1241.8325605482262
forecast_5070,2025-07-31 06:00:00,1707.0793672622483,2025.2655457076985,836.7335603926226
forecast_5071,2025-07-31 07:00:00,1299.3532616429877,1521.5391219975434,627.285621250221
forecast_5072,2025-07-31 08:00:00,1089.2522325251446,1293.4575952693856,458.9018795681421
forecast_5073,2025-07-31 09:00:00,774.0729774135606,758.4429661842953,374.13498945064873
forecast_5074,2025-07-31 10:00:00,633.1664200959143,820.4081976295561,435.7042461744762
forecast_5075,2025-07-31 11:00:00,942.173910739074,973.9667188270741,488.78531101520525
forecast_5076,2025-07-31 12:00:00,841.6972067612563,952.6288156873499,492.8651367785579
forecast_5077,2025-07-31 13:00:00,739.3888299545727,938.3993992403865,478.7249715991982
forecast_5078,2025-07-31 14:00:00,651.7567740016195,888.9388712230394,423.82194945129135
forecast_5079,2025-07-31 15:00:00,384.9023047878122,738.9756914188891,314.94813527829143
forecast_5080,2025-07-31 16:00:00,391.49231971239095,662.3870438239226,292.17943397981145
forecast_5081,2025-07-31 17:00:00,419.57282972766495,536.7043817790008,312.7816503059975
forecast_5082,2025-07-31 18:00:00,420.5368634041891,476.80958974488914,249.39964811125586
forecast_5083,2025-07-31 19:00:00,328.61829776581965,269.2283910636024,119.257066021142
forecast_5084,2025-07-31 20:00:00,346.3778667300757,270.48706510032423,97.83722994882943
forecast_5085,2025-07-31 21:00:00,504.4393727375537,425.99120626261487,127.71170812600343
forecast_5086,2025-07-31 22:00:00,827.054401425454,889.8579408326576,409.39841086168616
forecast_5087,2025-07-31 23:00:00,1250.1412261778219,1023.2850946889704,475.73023632578276
forecast_5088,2025-08-01 00:00:00,1198.2363131360794,1132.552334794006,472.27525757473086
forecast_5089,2025-08-01 01:00:00,999.9788134947747,986.5364273194173,554.7235535025401
forecast_5090,2025-08-01 02:00:00,692.6476361458988,630.967635405215,453.6880051162902
forecast_5091,2025-08-01 03:00:00,608.8823250916241,522.9932684790657,476.89429607450387
forecast_5092,2025-08-01 04:00:00,422.45966104355364,473.2721156007694,337.9034382685782
forecast_5093,2025-08-01 05:00:00,510.7033526079062,371.5089824101867,297.1820313538728
forecast_5094,2025-08-01 06:00:00,359.88379994838346,335.13837964701645,193.9791027151342
forecast_5095,2025-08-01 07:00:00,330.76939865842405,308.99098942081497,87.91246836993827
forecast_5096,2025-08-01 08:00:00,251.18039387224553,254.33153385332872,85.91734854402495
forecast_5097,2025-08-01 09:00:00,192.63530441946423,144.38501523801978,69.3257602667116
forecast_5098,2025-08-01 10:00:00,110.18451126884476,112.7001349303171,65.51292801887787
forecast_5099,2025-08-01 11:00:00,119.74908919462317,127.5620183168709,86.62811913165896
forecast_5100,2025-08-01 12:00:00,179.75399914822444,231.82338702244758,169.7781647823944
forecast_5101,2025-08-01 13:00:00,334.2052750869803,456.19418127951326,358.4543506329318
forecast_5102,2025-08-01 14:00:00,215.54237371753257,252.58580258937758,243.24123803670687
forecast_5103,2025-08-01 15:00:00,197.98548400951802,222.37968966497962,157.03993296005308
forecast_5104,2025-08-01 16:00:00,179.46919918616132,172.0405668095768,123.75406110380065
forecast_5105,2025-08-01 17:00:00,158.79446674383186,146.23252778733948,112.41468639833678
forecast_5106,2025-08-01 18:00:00,179.40526586038854,145.77961533194963,88.09368162079303
forecast_5107,2025-08-01 19:00:00,429.3007021669752,469.5350565673589,189.21534269359205
forecast_5108,2025-08-01 20:00:00,592.2057472725506,677.3869532323885,223.96320200310913
forecast_5109,2025-08-01 21:00:00,685.4789823718377,837.2537061345872,277.74516785139474
forecast_5110,2025-08-01 22:00:00,552.8123920114746,632.9557298087216,195.68788969274922
forecast_5111,2025-08-01 23:00:00,393.82914264830526,351.9886505660986,90.94103294828878
forecast_5112,2025-08-02 00:00:00,364.4587503000813,343.22627469501083,152.83523096797597
forecast_5113,2025-08-02 01:00:00,3714.4831927816163,3512.9996363475707,2289.6148941438696
forecast_5114,2025-08-02 02:00:00,5127.289884045026,4917.588646789253,3125.453830065737
forecast_5115,2025-08-02 03:00:00,5930.497008930699,5956.160793554652,3783.1848117819727
forecast_5116,2025-08-02 04:00:00,6041.858221179709,6185.1878664721735,3576.1030056641457
forecast_5117,2025-08-02 05:00:00,6148.819988945853,5762.459860311224,3727.952908156552
forecast_5118,2025-08-02 06:00:00,6647.207813819107,7558.855004979122,4876.770989546762
forecast_5119,2025-08-02 07:00:00,6293.201263194055,7308.8767208952895,4037.3146583057255
forecast_5120,2025-08-02 08:00:00,5445.697357339004,5607.1028360235305,2982.8241915422045
forecast_5121,2025-08-02 09:00:00,5170.959708138491,4505.988480915733,2755.3450378654884
forecast_5122,2025-08-02 10:00:00,2867.510417551266,2759.528657587297,1682.6503354072313
forecast_5123,2025-08-02 11:00:00,1486.6963642719145,1344.7218240941097,1013.5188032522543
forecast_5124,2025-08-02 12:00:00,1218.0928858488435,883.6890792340257,877.1176764483038
forecast_5125,2025-08-02 13:00:00,1491.8515601980985,1480.6723111208773,1157.7263661642164
forecast_5126,2025-08-02 14:00:00,1678.4760742819049,1733.433591557785,1259.408442444822
forecast_5127,2025-08-02 15:00:00,992.0268880323518,770.7613207341038,650.2339960708524
forecast_5128,2025-08-02 16:00:00,646.3984889794018,529.5499194003451,540.4250309541679
forecast_5129,2025-08-02 17:00:00,624.7373121702351,595.6790680958402,540.5610087837517
forecast_5130,2025-08-02 18:00:00,694.4586903228673,609.5313725356674,463.64164418021096
forecast_5131,2025-08-02 19:00:00,912.1508365194987,773.8984774642188,506.72227968664083
forecast_5132,2025-08-02 20:00:00,1054.4136496300814,920.2115483244926,605.9120652379245
forecast_5133,2025-08-02 21:00:00,1186.0563372509355,1280.347354850741,786.3173684627636
forecast_5134,2025-08-02 22:00:00,1688.2090447330056,1716.1161882762385,1461.7827668681869
forecast_5135,2025-08-02 23:00:00,1698.740037657188,1682.921153176669,1355.1441141662278
forecast_5136,2025-08-03 00:00:00,2285.5810846343147,1933.1082470818105,1304.6848737749938
forecast_5137,2025-08-03 01:00:00,3526.3129354488096,3171.3424384964087,2172.4659836827104
forecast_5138,2025-08-03 02:00:00,3296.9706103345566,3080.1641495721374,1783.4664702488644
forecast_5139,2025-08-03 03:00:00,4687.362051163194,4005.90030600998,2459.8276831590183
forecast_5140,2025-08-03 04:00:00,2752.1851623412226,2531.694695389505,1789.1071717601183
forecast_5141,2025-08-03 05:00:00,2918.938234681548,2408.139978413251,1722.0717799903719
forecast_5142,2025-08-03 06:00:00,1243.6023379090843,1195.8023718279592,773.2153531470128
forecast_5143,2025-08-03 07:00:00,512.5088396255592,377.942667013104,233.21468623748578
forecast_5144,2025-08-03 08:00:00,512.3764840104857,528.1208908885678,290.06810015591077
forecast_5145,2025-08-03 09:00:00,334.3066164755075,326.255216904359,137.48985378380024
forecast_5146,2025-08-03 10:00:00,264.7422684027693,206.3268044437892,202.90596756816026
forecast_5147,2025-08-03 11:00:00,293.4124964161691,217.9364981524185,143.96764152450714
forecast_5148,2025-08-03 12:00:00,339.89769255440086,423.5421925491767,327.1633041296327
forecast_5149,2025-08-03 13:00:00,444.36350925367657,655.6134634280578,474.9463850976561
forecast_5150,2025-08-03 14:00:00,693.447666332121,1023.0691005229103,576.1402454950943
forecast_5151,2025-08-03 15:00:00,1243.6671017191616,1446.3961111243812,830.5565595613145
forecast_5152,2025-08-03 16:00:00,975.5906024530195,1478.4876708739712,1320.2466068372996
forecast_5153,2025-08-03 17:00:00,1723.098999812252,1980.2343618493683,1605.0152299112024
forecast_5154,2025-08-03 18:00:00,2556.858636949426,3229.1487546794037,1993.286124043369
forecast_5155,2025-08-03 19:00:00,5267.687396763211,5595.495512627347,4185.226078353951
forecast_5156,2025-08-03 20:00:00,5408.24395430419,6504.320430936939,4509.501405576503
forecast_5157,2025-08-03 21:00:00,5267.117955567042,6328.970906385378,5415.193599358996
forecast_5158,2025-08-03 22:00:00,4614.325113223167,6157.158295138796,4575.186024944381
forecast_5159,2025-08-03 23:00:00,4428.42219186046,5859.769208786788,4817.37664424975
forecast_5160,2025-08-04 00:00:00,5799.183209478534,7011.706100773449,4746.903496443487
forecast_5161,2025-08-04 01:00:00,4786.262395568792,5944.453918487742,3907.9544764773036
forecast_5162,2025-08-04 02:00:00,5788.390197625344,7401.616235750135,4952.284415230289
forecast_5163,2025-08-04 03:00:00,5511.8964346768325,7325.295650575054,4682.700671876217
forecast_5164,2025-08-04 04:00:00,6561.881729532065,8048.303969046515,5843.607108976199
forecast_5165,2025-08-04 05:00:00,6384.18159491409,8705.04059323185,5926.877710172539
forecast_5166,2025-08-04 06:00:00,7706.915641118189,9396.986552233797,7506.838853343766
forecast_5167,2025-08-04 07:00:00,8240.824706142015,9579.765023731474,7567.729068804332
forecast_5168,2025-08-04 08:00:00,6707.691396809655,8088.132500301916,6157.563945802213
forecast_5169,2025-08-04 09:00:00,6093.919118422913,7570.334403127365,5091.151454983879
forecast_5170,2025-08-04 10:00:00,5966.719124829234,6769.490205346195,5135.7375545593195
forecast_5171,2025-08-04 11:00:00,6142.18397055538,7533.806822607059,5083.445484984259
forecast_5172,2025-08-04 12:00:00,6498.613885754562,7656.171393811288,5859.576731459744
forecast_5173,2025-08-04 13:00:00,5185.630272129566,5681.688035189142,3658.2086382844445
forecast_5174,2025-08-04 14:00:00,3497.7918039036954,4029.608092380494,2861.7288042156274
forecast_5175,2025-08-04 15:00:00,2468.240910815586,2720.0160085792777,2471.2641797841534
forecast_5176,2025-08-04 16:00:00,2948.3810058129575,3449.7289944982426,3155.5264915791163
forecast_5177,2025-08-04 17:00:00,3130.369226879554,3499.1151852851067,2712.541893554266
forecast_5178,2025-08-04 18:00:00,3199.311740214926,3997.674512187517,3233.2812150250884
forecast_5179,2025-08-04 19:00:00,3489.7543479336764,4221.348315627933,4027.756393877744
forecast_5180,2025-08-04 20:00:00,3237.999514329713,3914.3246433073873,3546.6782755902736
forecast_5181,2025-08-04 21:00:00,4759.074791844589,5156.268350482448,5287.2251692195805
forecast_5182,2025-08-04 22:00:00,5702.195353615494,6167.276160066257,6074.539689976589
forecast_5183,2025-08-04 23:00:00,5983.6561502923105,6785.352328724244,7018.222133507846
forecast_5184,2025-08-05 00:00:00,6665.751840919223,8188.561097719466,7859.92810892367
forecast_5185,2025-08-05 01:00:00,4880.418913925027,4947.976436842933,4158.930478881083
forecast_5186,2025-08-05 02:00:00,4249.666081761309,4701.946306574084,3730.4811917851484
forecast_5187,2025-08-05 03:00:00,3948.9962344433666,4213.489858855516,2935.2421181369664
forecast_5188,2025-08-05 04:00:00,3925.377352293984,4361.638686810253,3075.9831189231263
forecast_5189,2025-08-05 05:00:00,2743.943096161939,2979.54282316914,1726.8753696817669
forecast_5190,2025-08-05 06:00:00,2573.0583890627886,2405.570671395489,1450.3043209855086
forecast_5191,2025-08-05 07:00:00,2174.9971766519066,2068.2770690942584,1249.114141360632
forecast_5192,2025-08-05 08:00:00,1724.252127167701,1737.0928681399892,1033.285682964005
forecast_5193,2025-08-05 09:00:00,1453.9939113432247,1489.450391964771,837.197009044278
forecast_5194,2025-08-05 10:00:00,1306.7671713895181,1427.6648498636441,1193.9761052063018
forecast_5195,2025-08-05 11:00:00,1669.900163687481,1773.7335172005705,1670.2777958202037
forecast_5196,2025-08-05 12:00:00,2451.7797395852563,2435.9854707504214,2050.353495841817
forecast_5197,2025-08-05 13:00:00,3733.78403735467,4001.8423251904283,3321.8514891527643
forecast_5198,2025-08-05 14:00:00,4546.982825658247,4824.153122753181,4557.54951901186
forecast_5199,2025-08-05 15:00:00,5438.154699881878,5748.128841069419,5666.5543517002
forecast_5200,2025-08-05 16:00:00,7155.0491079782,7245.617177263625,9060.617253829821
forecast_5201,2025-08-05 17:00:00,6750.247792098416,6901.45176588166,8858.135148765192
forecast_5202,2025-08-05 18:00:00,6288.3782395222715,6309.830321846077,6561.771074193617
forecast_5203,2025-08-05 19:00:00,7045.31362484,7451.759164284433,6224.701769591218
forecast_5204,2025-08-05 20:00:00,8243.665905573738,8915.94988488792,7769.600382586392
forecast_5205,2025-08-05 21:00:00,8639.404054363502,9820.627704597573,7708.83887342649
forecast_5206,2025-08-05 22:00:00,9506.082875976928,11418.829180318075,7921.418504286452
forecast_5207,2025-08-05 23:00:00,9267.411363732841,10702.727906412372,7202.209626701615
forecast_5208,2025-08-06 00:00:00,9431.502796668454,11184.301064706593,7534.114656531985
forecast_5209,2025-08-06 01:00:00,12252.24939722572,14284.177273812911,13612.9500245312
forecast_5210,2025-08-06 02:00:00,12681.601989468578,14387.253623729815,13473.119316154154
forecast_5211,2025-08-06 03:00:00,11860.297696888523,13408.58512597379,12369.510099832294
forecast_5212,2025-08-06 04:00:00,11347.624531003165,13556.309813233442,11853.269822070157
forecast_5213,2025-08-06 05:00:00,11131.494551921445,13670.979243415122,12407.272921522268
forecast_5214,2025-08-06 06:00:00,11256.129123056451,13262.681828842551,12011.770057210957
forecast_5215,2025-08-06 07:00:00,10992.250012628076,13384.334108897112,12249.692229140197
forecast_5216,2025-08-06 08:00:00,10223.213392160596,13057.347456826265,11873.993877901412
forecast_5217,2025-08-06 09:00:00,11099.46355444832,13664.543364417234,12962.56569094709
forecast_5218,2025-08-06 10:00:00,11885.839600102803,14684.780411942897,14079.321716777134
forecast_5219,2025-08-06 11:00:00,12002.789127904645,14691.423962110133,14013.612139392673
forecast_5220,2025-08-06 12:00:00,11711.180635849074,14829.626720775586,14424.839447176731
forecast_5221,2025-08-06 13:00:00,11918.510579993443,15193.847538919348,14383.279221285542
forecast_5222,2025-08-06 14:00:00,12364.760415676514,15072.588631394707,14277.976674682706
forecast_5223,2025-08-06 15:00:00,12688.067237411407,15892.684463674052,15204.318585908673
forecast_5224,2025-08-06 16:00:00,11644.937725585338,14940.714879902562,14085.939765834373
forecast_5225,2025-08-06 17:00:00,11625.372725356849,14764.292998896803,14074.001652219475
forecast_5226,2025-08-06 18:00:00,11753.569309664612,14618.172060204146,14371.19993528745
forecast_5227,2025-08-06 19:00:00,11776.18997402057,15458.97563390876,14586.931115981686
forecast_5228,2025-08-06 20:00:00,11916.862144252602,14137.39563566321,13521.06546329013
forecast_5229,2025-08-06 21:00:00,13024.170409427274,15293.750394383405,14583.280149821792
forecast_5230,2025-08-06 22:00:00,12975.166633125953,15545.001881350821,15459.295409279355
forecast_5231,2025-08-06 23:00:00,12992.929387350016,15817.701083594318,15417.07721304252
forecast_5232,2025-08-07 00:00:00,13534.966993794875,15479.353204530444,13623.612258699455
forecast_5233,2025-08-07 01:00:00,13601.337372730322,13624.175618363037,12943.499422966135
forecast_5234,2025-08-07 02:00:00,13755.554664970192,14392.123899157086,13351.737157345611
forecast_5235,2025-08-07 03:00:00,13881.652745352965,14863.416274141242,13303.425664447472
forecast_5236,2025-08-07 04:00:00,14029.88439162404,15121.035065983257,13738.428156858325
forecast_5237,2025-08-07 05:00:00,14599.233682210042,15607.645054695815,13571.429348436197
forecast_5238,2025-08-07 06:00:00,14715.679142586,16070.981261734118,13144.68610877183
forecast_5239,2025-08-07 07:00:00,14339.597572335219,14199.250045457544,11219.526914095806
forecast_5240,2025-08-07 08:00:00,11483.76514866194,11647.521061861988,9743.450163080068
forecast_5241,2025-08-07 09:00:00,7647.971667389111,7818.3561566474555,5705.211530910787
forecast_5242,2025-08-07 10:00:00,5592.782557084881,5035.644361288029,4105.001022726609
forecast_5243,2025-08-07 11:00:00,3627.078191091354,3081.7439773188785,2699.8553147191847
forecast_5244,2025-08-07 12:00:00,2365.6318632014054,2049.276120847085,1548.9149091534528
forecast_5245,2025-08-07 13:00:00,1418.6019566983202,1259.6059239270287,692.4872687730377
forecast_5246,2025-08-07 14:00:00,944.1121977327463,827.7145198654077,624.9672459577741
forecast_5247,2025-08-07 15:00:00,550.6882496672064,602.6796046671287,380.89259094081746
forecast_5248,2025-08-07 16:00:00,541.3257744699207,522.2383981837252,356.325279086117
forecast_5249,2025-08-07 17:00:00,694.6071244924498,620.3924307037043,576.5068493185807
forecast_5250,2025-08-07 18:00:00,876.439881112906,817.1998206802864,834.0739758350189
forecast_5251,2025-08-07 19:00:00,850.7187994341097,863.6037322844802,714.5784675332783
forecast_5252,2025-08-07 20:00:00,1180.8564604784822,1468.2714967723061,609.7087233100227
forecast_5253,2025-08-07 21:00:00,1756.7698650647137,2001.7922839405135,887.6339043660901
forecast_5254,2025-08-07 22:00:00,3704.1482632462157,3412.80148637174,2337.0737083403974
forecast_5255,2025-08-07 23:00:00,4853.721352621085,5210.71455020122,4122.727908795426
forecast_5256,2025-08-08 00:00:00,6345.96472090139,6251.703469598743,5614.860363060426
forecast_5257,2025-08-08 01:00:00,5579.114492862026,5455.1123156887825,4295.411004221842
forecast_5258,2025-08-08 02:00:00,5500.516342790599,4903.007963079928,3996.255142801809
forecast_5259,2025-08-08 03:00:00,4682.6690466984455,3821.9368733657275,3380.9689140010905
forecast_5260,2025-08-08 04:00:00,3495.6658646226097,3198.0734759971656,2401.754979990203
forecast_5261,2025-08-08 05:00:00,3161.058368078544,2439.6272946772683,1758.781943722762
forecast_5262,2025-08-08 06:00:00,2275.5883635178816,2007.232890720369,1287.8136958581758
forecast_5263,2025-08-08 07:00:00,1272.183563164396,968.385500012876,426.0333849248403
forecast_5264,2025-08-08 08:00:00,598.0992817968028,507.1077745523802,322.8586794479445
forecast_5265,2025-08-08 09:00:00,198.85373298286288,188.57727126140327,98.57187241973129
forecast_5266,2025-08-08 10:00:00,116.14010939969066,135.62310204416679,74.08622819182634
forecast_5267,2025-08-08 11:00:00,99.38926989323934,109.72980481914632,78.71889805637329
forecast_5268,2025-08-08 12:00:00,131.56887520991793,186.16292579524227,143.8690727825623
forecast_5269,2025-08-08 13:00:00,167.21143770060576,168.26441635070333,143.3931847301624
forecast_5270,2025-08-08 14:00:00,162.6195993366758,162.50527258667614,138.8521364091504
forecast_5271,2025-08-08 15:00:00,176.9919978632713,187.0965461845195,146.82444045095542
forecast_5272,2025-08-08 16:00:00,161.96138155955455,174.55074229295354,148.6960695026347
forecast_5273,2025-08-08 17:00:00,184.2646563077014,208.42399267061063,132.7884932097499
forecast_5274,2025-08-08 18:00:00,218.1710558064895,217.03039060040632,135.00724168317245
forecast_5275,2025-08-08 19:00:00,312.43083818421303,277.5687296233307,132.28132668272835
forecast_5276,2025-08-08 20:00:00,394.5554526159325,348.54983191804627,193.84016416260135
forecast_5277,2025-08-08 21:00:00,508.367834678142,573.2002675660569,433.690712006036
forecast_5278,2025-08-08 22:00:00,652.2197529599827,740.0954585867717,366.2102093438466
forecast_5279,2025-08-08 23:00:00,1907.9578157738954,1924.5545226587496,1090.9429727996924
forecast_5280,2025-08-09 00:00:00,3099.46591022932,2852.412979788353,1961.1946693192926
forecast_5281,2025-08-09 01:00:00,1324.319720562172,1503.208701375882,724.729867921191
forecast_5282,2025-08-09 02:00:00,2333.3379633132668,2244.4428324517053,1581.737244148536
forecast_5283,2025-08-09 03:00:00,2068.038384310945,2107.867564141308,1530.6321280655511
forecast_5284,2025-08-09 04:00:00,2933.777173921359,3296.4829346569472,2237.5221140935228
forecast_5285,2025-08-09 05:00:00,3656.8654286290794,3478.674538689439,2445.9549282157004
forecast_5286,2025-08-09 06:00:00,3130.828619287354,2892.022822506744,1877.775295550176
forecast_5287,2025-08-09 07:00:00,3220.14532555616,3056.7537249558877,1849.5489782085945
forecast_5288,2025-08-09 08:00:00,2997.4434573720014,2684.9468292050133,1826.8379165994515
forecast_5289,2025-08-09 09:00:00,2892.9078709690743,2556.2558502855654,1567.2247566395372
forecast_5290,2025-08-09 10:00:00,2920.289670955148,2542.469068090673,1359.6626558314952
forecast_5291,2025-08-09 11:00:00,2888.6621317145705,2769.400593567985,1589.710663294637
forecast_5292,2025-08-09 12:00:00,1914.1245564013677,2469.2269454477537,1315.387986311402
forecast_5293,2025-08-09 13:00:00,1247.2147694667278,1792.4059627127613,677.4602155058001
forecast_5294,2025-08-09 14:00:00,1362.5970394433011,1653.4853531917145,744.3560651146422
forecast_5295,2025-08-09 15:00:00,1257.4518056308668,1086.441768071685,809.8875300436881
forecast_5296,2025-08-09 16:00:00,1193.6422555427275,1129.0257690563133,893.3966931297363
forecast_5297,2025-08-09 17:00:00,1011.444189353746,1263.2439818332502,966.1535712633619
forecast_5298,2025-08-09 18:00:00,1041.0204861171298,880.7045902744002,573.9001213524845
forecast_5299,2025-08-09 19:00:00,1049.0161045276902,1100.316691997532,859.2091256775759
forecast_5300,2025-08-09 20:00:00,2362.7128665592863,2375.3289393113987,1463.2544497798306
forecast_5301,2025-08-09 21:00:00,1914.3790800617746,2125.98484042281,1536.0034360417474
forecast_5302,2025-08-09 22:00:00,1665.4328807621546,1508.0389580694155,1070.981866544747
forecast_5303,2025-08-09 23:00:00,1022.4058832952865,1070.35244597988,333.18753750070385
forecast_5304,2025-08-10 00:00:00,963.4309507270983,1004.5086782125352,222.49688974366697
forecast_5305,2025-08-10 01:00:00,1362.1337589841644,1128.8360663590074,671.0486222307435
forecast_5306,2025-08-10 02:00:00,1009.7719486461893,782.3337956833727,422.8189373626578
forecast_5307,2025-08-10 03:00:00,781.7106157748034,820.199653991693,297.89598183844
forecast_5308,2025-08-10 04:00:00,873.3771102171897,712.1187812922944,277.5135920605324
forecast_5309,2025-08-10 05:00:00,957.1820396585478,944.5823546645104,292.2953365107498
forecast_5310,2025-08-10 06:00:00,1539.8351328657766,1631.6934305329335,561.8960975705004
forecast_5311,2025-08-10 07:00:00,1250.4121189305579,1541.6095706201295,427.22073088681327
forecast_5312,2025-08-10 08:00:00,751.371804749919,695.3635115589867,191.46171578427823
forecast_5313,2025-08-10 09:00:00,615.2913633496509,740.9240575000664,283.86112285240887
forecast_5314,2025-08-10 10:00:00,817.299139231934,733.9333989175728,412.595056137922
forecast_5315,2025-08-10 11:00:00,554.2438322874581,637.7638888567171,444.2921005057219
forecast_5316,2025-08-10 12:00:00,360.2413579758574,452.70974242738896,353.72197900527664
forecast_5317,2025-08-10 13:00:00,324.3393071289886,393.15959559762973,311.2391549937409
forecast_5318,2025-08-10 14:00:00,401.6909043688324,412.39080457394937,332.160568391917
forecast_5319,2025-08-10 15:00:00,326.59547156598404,378.89494956989705,281.0611453774303
forecast_5320,2025-08-10 16:00:00,324.75482587354696,374.87948593565636,294.50552698003423
forecast_5321,2025-08-10 17:00:00,206.52624502023588,262.82882367889084,173.7522790009003
forecast_5322,2025-08-10 18:00:00,183.68791299108597,164.72683820918138,110.3472633014048
forecast_5323,2025-08-10 19:00:00,293.4833729894714,191.8192296840074,90.51406674346677
forecast_5324,2025-08-10 20:00:00,223.9453652366845,193.7168978988508,75.03741288376703
forecast_5325,2025-08-10 21:00:00,256.9152190657972,192.4898173139788,72.25311812621081
forecast_5326,2025-08-10 22:00:00,242.57537246124082,219.11907188303059,78.86301328978293
forecast_5327,2025-08-10 23:00:00,247.04288509248119,256.2607245213898,84.87563919622913
forecast_5328,2025-08-11 00:00:00,371.01518951019284,341.8200845657351,96.05513812361627
forecast_5329,2025-08-11 01:00:00,323.2486642590063,274.3123589451321,134.93073389707993
forecast_5330,2025-08-11 02:00:00,399.52977014236325,360.3747994218296,167.35354912634702
forecast_5331,2025-08-11 03:00:00,498.50905462317434,509.015298018227,179.84717105464307
forecast_5332,2025-08-11 04:00:00,547.5719486203656,579.6425050617875,215.05974558060046
forecast_5333,2025-08-11 05:00:00,545.0314436288049,509.1775547018677,216.03398303885572
forecast_5334,2025-08-11 06:00:00,446.27722130792864,424.5837161845683,151.976466872168
forecast_5335,2025-08-11 07:00:00,339.1624011940131,338.4995927556395,114.5122747370851
forecast_5336,2025-08-11 08:00:00,268.6178038419808,240.40951990549235,90.72503019284049
forecast_5337,2025-08-11 09:00:00,234.72299195106217,222.32592870087473,85.08704440958726
forecast_5338,2025-08-11 10:00:00,150.4478080448781,138.37311108487552,69.1868781620606
forecast_5339,2025-08-11 11:00:00,139.16239326946507,145.59828180546418,70.41958660052012
forecast_5340,2025-08-11 12:00:00,155.56139427093694,135.39652913538436,92.24709720578885
forecast_5341,2025-08-11 13:00:00,200.31785627632541,172.69216273299065,85.71044171118369
forecast_5342,2025-08-11 14:00:00,219.38499401562382,190.42889173671034,96.97824559213305
forecast_5343,2025-08-11 15:00:00,246.49334245199864,204.1156016164533,85.29308971963214
forecast_5344,2025-08-11 16:00:00,322.6016027959073,235.3828302070129,155.90153409354443
forecast_5345,2025-08-11 17:00:00,588.2750693577011,414.4155443422388,142.3614542614954
forecast_5346,2025-08-11 18:00:00,295.4296606548668,226.88552126591506,109.78535762103515
forecast_5347,2025-08-11 19:00:00,273.02964354210366,232.20031523309106,121.18776484567655
forecast_5348,2025-08-11 20:00:00,301.37439263088265,265.9150889622448,91.80082697179522
forecast_5349,2025-08-11 21:00:00,452.5932711082381,381.8454194297614,161.6664415965881
forecast_5350,2025-08-11 22:00:00,347.7275003845167,285.5915920280471,152.33791138497554
forecast_5351,2025-08-11 23:00:00,358.3560771473147,288.6031136217488,157.3339323173758
forecast_5352,2025-08-12 00:00:00,508.2836211537847,460.1957053949348,265.59744683807855
forecast_5353,2025-08-12 01:00:00,1368.806430253719,1296.3003472470748,940.4026538272152
forecast_5354,2025-08-12 02:00:00,1671.038027157709,1462.0545613589613,1015.3200459427267
forecast_5355,2025-08-12 03:00:00,2453.192338367284,2654.594842445412,1535.3376134362331
forecast_5356,2025-08-12 04:00:00,2029.7314101499037,2110.7583450769243,1067.6755782625457
forecast_5357,2025-08-12 05:00:00,1759.885671080565,1679.4841757640042,1012.6325741042058
forecast_5358,2025-08-12 06:00:00,1114.4082702718617,984.5171384496231,624.382513539493
forecast_5359,2025-08-12 07:00:00,631.4080403850681,677.6303775776136,230.96580239929432
forecast_5360,2025-08-12 08:00:00,525.5808956239423,586.4355437262979,168.44514938499822
forecast_5361,2025-08-12 09:00:00,440.91068613471765,426.26893557377156,170.59790378570875
forecast_5362,2025-08-12 10:00:00,324.0560481104224,310.94259731571935,170.03683078365228
forecast_5363,2025-08-12 11:00:00,222.8566739502186,279.56688565922803,182.98671991025452
forecast_5364,2025-08-12 12:00:00,191.78472609076093,245.50441376152045,185.61644912333966
forecast_5365,2025-08-12 13:00:00,238.3134975842385,308.35982510792513,314.67103326626864
forecast_5366,2025-08-12 14:00:00,447.07232205498764,524.5276134468098,387.03685337044135
forecast_5367,2025-08-12 15:00:00,341.36608754298413,541.3745851301123,416.1942059784225
forecast_5368,2025-08-12 16:00:00,493.81942322068386,570.8623858815104,527.3865807715132
forecast_5369,2025-08-12 17:00:00,508.3223048780767,543.48569018489,452.5941330911137
forecast_5370,2025-08-12 18:00:00,899.4943082057979,976.8147339028163,557.9230187752913
forecast_5371,2025-08-12 19:00:00,1259.9008167919235,1356.8781379084264,675.5705379908269
forecast_5372,2025-08-12 20:00:00,1513.853154693107,1010.433377914674,702.99697710472
forecast_5373,2025-08-12 21:00:00,1319.8581725291365,1205.9338865902166,696.2896655330846
forecast_5374,2025-08-12 22:00:00,1659.1402428898054,1774.7398837835353,751.231325786086
forecast_5375,2025-08-12 23:00:00,1521.0253908823254,1835.94548698948,799.4942856853387
forecast_5376,2025-08-13 00:00:00,1746.0135191293314,1976.349414141697,1038.499196463624
forecast_5377,2025-08-13 01:00:00,2303.0551145454224,2297.744213233443,1443.079150016112
forecast_5378,2025-08-13 02:00:00,2715.833936275412,3061.8331876638927,1750.0120985291896
forecast_5379,2025-08-13 03:00:00,3124.0572541854176,3336.134529569177,1702.4989935473334
forecast_5380,2025-08-13 04:00:00,2269.145468500244,2807.744785004693,1145.6841914538757
forecast_5381,2025-08-13 05:00:00,2023.8013484883372,2775.087593205016,1000.475417868003
forecast_5382,2025-08-13 06:00:00,3527.7000723274364,3942.157818925893,2202.3101762892893
forecast_5383,2025-08-13 07:00:00,4664.020155863395,6063.547901023578,2641.8044795714864
forecast_5384,2025-08-13 08:00:00,5195.412879112428,6823.285993637723,3232.7867576128833
forecast_5385,2025-08-13 09:00:00,4484.294838205241,6959.617682148984,4087.453698817536
forecast_5386,2025-08-13 10:00:00,6754.534292271944,9615.85952266257,6600.46777440751
forecast_5387,2025-08-13 11:00:00,5728.975582168431,8913.621477421031,6053.772737692378
forecast_5388,2025-08-13 12:00:00,5311.978848893987,8258.393352710511,5373.353567552751
forecast_5389,2025-08-13 13:00:00,5471.535003181694,7470.826942912348,5105.30082146208
forecast_5390,2025-08-13 14:00:00,6723.749086365642,9454.634491975732,5805.232193211822
forecast_5391,2025-08-13 15:00:00,6426.678399521149,9101.980206460466,6986.267349584103
forecast_5392,2025-08-13 16:00:00,6530.0198409908735,8807.678882530203,8368.764678169227
forecast_5393,2025-08-13 17:00:00,6436.048249635024,9603.47602438111,8534.37164120229
forecast_5394,2025-08-13 18:00:00,7117.897558532657,10085.795091569782,8109.654197671017
forecast_5395,2025-08-13 19:00:00,8247.721506657641,11782.499337812102,9769.063894710484
forecast_5396,2025-08-13 20:00:00,10782.52385626919,13615.337426438353,12942.673393093646
forecast_5397,2025-08-13 21:00:00,14427.310255568971,16870.975687583075,16254.056559669476
forecast_5398,2025-08-13 22:00:00,15258.017490764916,17418.00840552209,16733.493464375882
forecast_5399,2025-08-13 23:00:00,15121.53047995979,17670.21270417916,16763.399542003204
forecast_5400,2025-08-14 00:00:00,14761.594547594977,17546.936206102866,16914.619323115738
forecast_5401,2025-08-14 01:00:00,15083.288701258944,17749.639756554552,16931.049744528325
forecast_5402,2025-08-14 02:00:00,15108.888958251851,17760.819075586955,17239.66409297179
forecast_5403,2025-08-14 03:00:00,15657.687310629353,17807.643219994745,17120.613901655895
forecast_5404,2025-08-14 04:00:00,13954.084693151828,16496.25897746218,14727.386976143138
forecast_5405,2025-08-14 05:00:00,12288.86303173096,14540.980975914585,13897.02181871356
forecast_5406,2025-08-14 06:00:00,11719.44082330836,14077.088129009424,13333.18305057123
forecast_5407,2025-08-14 07:00:00,12103.155569489072,14122.928897830474,13104.315053007756
forecast_5408,2025-08-14 08:00:00,12086.535438305933,14356.808105304435,13633.762256261563
forecast_5409,2025-08-14 09:00:00,13400.664464350511,15472.828975089795,14593.429047952299
forecast_5410,2025-08-14 10:00:00,12940.789894964235,14617.316716367082,14379.449062578686
forecast_5411,2025-08-14 11:00:00,11658.251021172477,12082.71285182885,12246.989764271615
forecast_5412,2025-08-14 12:00:00,8451.271376544952,8595.118857322195,8885.056906643633
forecast_5413,2025-08-14 13:00:00,6332.228992171434,7967.0000305201165,7200.249981460692
forecast_5414,2025-08-14 14:00:00,8339.537442515679,9431.838255561233,7748.823281996576
forecast_5415,2025-08-14 15:00:00,8043.151412070997,8909.01854140216,7706.492547748695
forecast_5416,2025-08-14 16:00:00,10970.745409755256,11520.633972935073,10531.366245364625
forecast_5417,2025-08-14 17:00:00,11411.504275825293,12714.746679493477,13370.536191398553
forecast_5418,2025-08-14 18:00:00,11751.197617073667,12634.194417802932,11831.288028133084
forecast_5419,2025-08-14 19:00:00,10230.725608072993,11216.750799332902,10501.03243514162
forecast_5420,2025-08-14 20:00:00,11580.436584141351,12649.112193278448,11401.04209872904
forecast_5421,2025-08-14 21:00:00,12468.577373029591,12779.2312021438,11356.17637151968
forecast_5422,2025-08-14 22:00:00,12982.170917832058,12726.917619776552,11094.569772421151
forecast_5423,2025-08-14 23:00:00,12647.068386862496,13299.548265479887,10534.15943853221
forecast_5424,2025-08-15 00:00:00,12824.934568650157,13761.18407568476,10258.566526317538
forecast_5425,2025-08-15 01:00:00,12262.35196158716,11749.620313714137,9239.225540110012
forecast_5426,2025-08-15 02:00:00,11098.01255889115,10647.920673126622,8618.653577189209
forecast_5427,2025-08-15 03:00:00,10108.185491516613,10864.868716477136,7727.385356137396
forecast_5428,2025-08-15 04:00:00,10130.898528992082,10567.63615867764,7677.977655139994
forecast_5429,2025-08-15 05:00:00,9337.385120949095,8683.514685755696,5975.916492125046
forecast_5430,2025-08-15 06:00:00,8206.095522593814,7909.761866199711,5247.679108755738
forecast_5431,2025-08-15 07:00:00,7027.161663205481,6559.95861690014,4660.529402135271
forecast_5432,2025-08-15 08:00:00,5172.228017803921,4800.178734431022,3722.35670883518
forecast_5433,2025-08-15 09:00:00,1815.0368074854637,1690.5246532464735,1380.1513280610886
forecast_5434,2025-08-15 10:00:00,803.8782270220812,752.3195507857041,552.5398715575368
forecast_5435,2025-08-15 11:00:00,569.3099643778744,490.81149177793975,467.84840217755186
forecast_5436,2025-08-15 12:00:00,505.29845467402987,486.5097164576697,542.371261238519
forecast_5437,2025-08-15 13:00:00,814.069812667477,861.7611653380368,653.3433294635943
forecast_5438,2025-08-15 14:00:00,1288.3061118316714,1149.27526604956,951.0440724610205
forecast_5439,2025-08-15 15:00:00,1245.6988339542413,1253.999516660836,1086.1703509094373
forecast_5440,2025-08-15 16:00:00,967.5795177298974,1167.5416190713477,856.8114977187114
forecast_5441,2025-08-15 17:00:00,967.7817895884663,916.2000397504519,756.9325686193519
forecast_5442,2025-08-15 18:00:00,1051.899603660094,1118.5008900990165,942.3705347057472
forecast_5443,2025-08-15 19:00:00,1174.6931239160708,1022.6254365303713,657.2771262335334
forecast_5444,2025-08-15 20:00:00,2146.747519246418,2080.182973688815,1349.5704448865304
forecast_5445,2025-08-15 21:00:00,2271.2813773351513,2401.1657535422723,2097.686837215763
forecast_5446,2025-08-15 22:00:00,4954.533895177896,4913.922986156421,3473.5379075420465
forecast_5447,2025-08-15 23:00:00,5477.32112888988,5624.899655532614,3955.582647254354
forecast_5448,2025-08-16 00:00:00,6610.376502312427,6831.2820980814795,5063.333071047856
forecast_5449,2025-08-16 01:00:00,7870.274426166781,8656.323329870784,6314.154662810103
forecast_5450,2025-08-16 02:00:00,9581.850618338396,11434.644008984813,7495.306978004517
forecast_5451,2025-08-16 03:00:00,10117.007146462585,11012.697235927144,8159.924287796167
forecast_5452,2025-08-16 04:00:00,9365.862965258048,10259.563012242232,6594.752841518359
forecast_5453,2025-08-16 05:00:00,9012.591451268034,10129.396184219391,6760.73464125961
forecast_5454,2025-08-16 06:00:00,8748.144447509725,9506.309290290477,6554.0079837929925
forecast_5455,2025-08-16 07:00:00,7667.619064343314,8867.443769466901,5553.210563503829
forecast_5456,2025-08-16 08:00:00,6479.704895521931,6829.344394108613,3921.7512429152625
forecast_5457,2025-08-16 09:00:00,5685.61023119147,5835.522972482601,3443.864147891246
forecast_5458,2025-08-16 10:00:00,4936.267399394891,3528.7948659875155,2707.339404109656
forecast_5459,2025-08-16 11:00:00,4756.933532191714,4206.061088329902,3288.1937020564737
forecast_5460,2025-08-16 12:00:00,4245.764658855979,4102.723318869505,4249.080119737468
forecast_5461,2025-08-16 13:00:00,4709.826715465864,4404.484200295788,4579.575316732062
forecast_5462,2025-08-16 14:00:00,6111.965847750659,5908.096143210227,6174.123717437202
forecast_5463,2025-08-16 15:00:00,6302.938651053915,6141.145530176305,7026.420564060882
forecast_5464,2025-08-16 16:00:00,6353.491016989945,6153.745736886891,7046.719224473745
forecast_5465,2025-08-16 17:00:00,7175.61347111692,7321.287371151922,8633.919378026727
forecast_5466,2025-08-16 18:00:00,8283.785628742833,8784.809616623343,9424.195553294809
forecast_5467,2025-08-16 19:00:00,11135.080564186355,10558.285777048899,10987.799366162291
forecast_5468,2025-08-16 20:00:00,12438.514736381387,12382.776177902055,11219.513779768418
forecast_5469,2025-08-16 21:00:00,13443.169439933718,13624.129711448779,12775.434720076675
forecast_5470,2025-08-16 22:00:00,14917.18143696576,15373.619421527535,14835.960872644117
forecast_5471,2025-08-16 23:00:00,15273.20562597016,16283.111456949964,14992.47131572883
forecast_5472,2025-08-17 00:00:00,14987.913030919446,16523.69225291376,15125.01145656786
forecast_5473,2025-08-17 01:00:00,15349.424059350305,17126.55330251542,14862.267429353395
forecast_5474,2025-08-17 02:00:00,15263.90381098052,16865.961311096806,14826.830684771687
forecast_5475,2025-08-17 03:00:00,14995.993875249698,16598.99928745999,14317.408070231872
forecast_5476,2025-08-17 04:00:00,15322.997546928784,16808.936347158928,14962.754486357077
forecast_5477,2025-08-17 05:00:00,14951.244475778767,16290.64880368686,14033.664157826563
forecast_5478,2025-08-17 06:00:00,14747.82856102707,15440.886520714384,12533.254753007881
forecast_5479,2025-08-17 07:00:00,13901.554282011466,14159.153123401056,11592.496050194823
forecast_5480,2025-08-17 08:00:00,12309.036493757489,13651.902291224813,10709.03312660904
forecast_5481,2025-08-17 09:00:00,10428.876622806865,12804.50734075332,8979.893247960288
forecast_5482,2025-08-17 10:00:00,7184.882256653901,9453.199830305497,6943.666944846729
forecast_5483,2025-08-17 11:00:00,5975.681219226707,6406.4818498822015,4580.008740221879
forecast_5484,2025-08-17 12:00:00,4059.3012734597137,4076.09955123092,2922.2896654828155
forecast_5485,2025-08-17 13:00:00,3470.748128468136,2856.8193009680704,2847.990281065205
forecast_5486,2025-08-17 14:00:00,4501.7227357720285,4780.19096264132,4547.907542144072
forecast_5487,2025-08-17 15:00:00,5381.84368695154,5618.2207742277205,4700.758175756078
forecast_5488,2025-08-17 16:00:00,4938.800814596525,5052.868717527396,4164.799980262299
forecast_5489,2025-08-17 17:00:00,4918.691852600033,4768.970126937694,3307.9110804710585
forecast_5490,2025-08-17 18:00:00,4287.653191197772,4265.225303830563,2885.3698221577624
forecast_5491,2025-08-17 19:00:00,5165.6472860016265,4866.000947263876,3400.456048056072
forecast_5492,2025-08-17 20:00:00,5470.9241941753,4698.867218873331,3584.504377902618
forecast_5493,2025-08-17 21:00:00,5847.8575174534435,5681.181530542385,4458.716500339086
forecast_5494,2025-08-17 22:00:00,5883.428959044906,5538.1107193775115,4327.943264494991
forecast_5495,2025-08-17 23:00:00,5676.5685934714975,5087.150729847451,4014.8211683599
forecast_5496,2025-08-18 00:00:00,6216.234455631712,5962.62892158046,4142.72014113407
forecast_5497,2025-08-18 01:00:00,8040.540616922729,7882.098365479068,5395.106982886141
forecast_5498,2025-08-18 02:00:00,8273.789470403406,7892.565819602679,4847.333830860841
forecast_5499,2025-08-18 03:00:00,8452.370677215655,8259.694307579048,5522.310108992615
forecast_5500,2025-08-18 04:00:00,6757.614902066994,6800.072527189838,4547.696082186647
forecast_5501,2025-08-18 05:00:00,7731.409321960342,7908.2867179439345,5154.592838138325
forecast_5502,2025-08-18 06:00:00,9310.36287731678,9358.301965349307,6060.870663331799
forecast_5503,2025-08-18 07:00:00,8150.342707630466,9682.119566629051,6335.421023330698
forecast_5504,2025-08-18 08:00:00,8184.533026804634,8918.332563612534,5844.783204228665
forecast_5505,2025-08-18 09:00:00,7304.95309976738,8935.82907434929,6017.26997182891
forecast_5506,2025-08-18 10:00:00,7164.667849284774,8603.62620828163,5786.963862650781
forecast_5507,2025-08-18 11:00:00,7749.113101675079,8179.907527757946,5662.369430069075
forecast_5508,2025-08-18 12:00:00,7479.1429292367875,7526.869823809565,5604.538362494591
forecast_5509,2025-08-18 13:00:00,5645.504817097455,6584.405101400504,4716.728194415368
forecast_5510,2025-08-18 14:00:00,4809.6803366700315,5043.129543429818,5282.6031374340955
forecast_5511,2025-08-18 15:00:00,5039.4041554476335,4881.952987577971,5230.936981043947
forecast_5512,2025-08-18 16:00:00,4304.442951754868,4458.6658588151095,5015.6837187683805
forecast_5513,2025-08-18 17:00:00,4434.251425666188,4914.200835641136,5464.257591721119
forecast_5514,2025-08-18 18:00:00,5586.035579705674,7015.779782397668,6418.330227529153
forecast_5515,2025-08-18 19:00:00,7016.269735572448,7645.369287129231,7666.268945597044
forecast_5516,2025-08-18 20:00:00,7643.062429463657,8639.829407968247,8206.48667549909
forecast_5517,2025-08-18 21:00:00,9022.45834043682,10417.975056926442,8113.181795507237
forecast_5518,2025-08-18 22:00:00,11641.884446156995,12890.0201498379,10874.531352623677
forecast_5519,2025-08-18 23:00:00,12411.036475985678,13148.096396366433,11773.960154174274
forecast_5520,2025-08-19 00:00:00,13583.718427158166,14323.476509918073,13039.585668331694
forecast_5521,2025-08-19 01:00:00,12955.137153784046,14208.538307236155,12490.740273883064
forecast_5522,2025-08-19 02:00:00,13697.23948826625,15054.88074499361,13539.08051035003
forecast_5523,2025-08-19 03:00:00,14059.266657193586,16238.03029164725,14884.218001608164
forecast_5524,2025-08-19 04:00:00,13591.112992063643,15570.205605978168,14595.02302451906
forecast_5525,2025-08-19 05:00:00,13424.01374007301,15744.461418524012,14539.719176124101
forecast_5526,2025-08-19 06:00:00,12777.25846682614,14693.36988934379,13500.506487422932
forecast_5527,2025-08-19 07:00:00,12520.642570609665,13349.623283519133,12196.855302796945
forecast_5528,2025-08-19 08:00:00,12172.58432857804,13226.308285427034,12353.108567830319
forecast_5529,2025-08-19 09:00:00,12538.550654110973,14831.809711301925,13991.530045515183
forecast_5530,2025-08-19 10:00:00,11529.481350216183,12205.384443161098,11762.212059298714
forecast_5531,2025-08-19 11:00:00,10157.627912443017,11224.815804022202,9980.818813028083
forecast_5532,2025-08-19 12:00:00,10336.52431361464,10785.62326082444,10444.61512730834
forecast_5533,2025-08-19 13:00:00,8365.844468409656,8576.067450007109,8684.250295381422
forecast_5534,2025-08-19 14:00:00,9252.152170580799,9025.60927364254,8123.476757114661
forecast_5535,2025-08-19 15:00:00,9005.07181227827,9035.821572762454,8651.77233973963
forecast_5536,2025-08-19 16:00:00,9390.957474157813,9107.518483309543,9507.714017072984
forecast_5537,2025-08-19 17:00:00,10117.353496006672,9863.812725695667,9313.616674118928
forecast_5538,2025-08-19 18:00:00,10315.201344926496,10953.13787401963,8876.648374874234
forecast_5539,2025-08-19 19:00:00,10642.605406612332,10643.454079853795,9753.629872114474
forecast_5540,2025-08-19 20:00:00,12135.867831677499,12247.636127654192,10688.963456464884
forecast_5541,2025-08-19 21:00:00,11594.791882120053,12282.150375813417,11856.163092680294
forecast_5542,2025-08-19 22:00:00,14056.674820301945,14381.847470551054,12840.169230132424
forecast_5543,2025-08-19 23:00:00,14510.07490957907,15069.671659118245,13495.084034950147
forecast_5544,2025-08-20 00:00:00,14791.863012408236,15474.788849737159,15108.648804083094
forecast_5545,2025-08-20 01:00:00,15080.492258170503,16521.580766997493,15844.00016966349
forecast_5546,2025-08-20 02:00:00,14591.19634432535,16352.22863978702,15673.835578994904
forecast_5547,2025-08-20 03:00:00,14171.46441697691,16426.29356228773,14847.598782749574
forecast_5548,2025-08-20 04:00:00,14243.018577103792,16028.730388629789,15187.741849959713
forecast_5549,2025-08-20 05:00:00,14054.291732710226,15847.679653713538,14480.670013318058
forecast_5550,2025-08-20 06:00:00,14540.525840520779,15822.298494689614,13849.673787884749
forecast_5551,2025-08-20 07:00:00,13734.845259492962,14478.807689597423,13330.239353437175
forecast_5552,2025-08-20 08:00:00,12885.95129676199,13771.275651038974,12175.21708124369
forecast_5553,2025-08-20 09:00:00,10305.420890485351,12177.704871632885,10131.419416903545
forecast_5554,2025-08-20 10:00:00,9155.33903526286,9791.477081174788,7706.569661448599
forecast_5555,2025-08-20 11:00:00,6195.7319740987305,6743.1255292869355,5204.610858070367
forecast_5556,2025-08-20 12:00:00,4912.327075846672,5049.670384746873,5281.111889985613
forecast_5557,2025-08-20 13:00:00,3990.0659283037853,3761.2156858328835,4425.806758805583
forecast_5558,2025-08-20 14:00:00,3154.73165276688,2469.0199981699334,3004.516653565873
forecast_5559,2025-08-20 15:00:00,3618.5991981986517,3610.017218351827,4483.834088383445
forecast_5560,2025-08-20 16:00:00,4911.51151294772,4978.150689325734,5132.3158989270905
forecast_5561,2025-08-20 17:00:00,4574.202824283015,3850.8402408028883,4901.563146879566
forecast_5562,2025-08-20 18:00:00,4189.202949964982,4112.441971575481,4117.278041713554
forecast_5563,2025-08-20 19:00:00,7007.19047688512,7583.58018910692,5726.127810357807
forecast_5564,2025-08-20 20:00:00,7413.693106310681,7151.033403396629,5210.575245558132
forecast_5565,2025-08-20 21:00:00,6258.585121625452,6716.850905161489,5053.086965438646
forecast_5566,2025-08-20 22:00:00,6717.696428082009,8101.886045457521,5357.560331901631
forecast_5567,2025-08-20 23:00:00,9471.806845417106,10957.052111486946,8563.35543063252
forecast_5568,2025-08-21 00:00:00,11918.418788127574,12204.097247020567,9687.70519696054
forecast_5569,2025-08-21 01:00:00,10425.200147619442,11350.671457020691,8626.65707218808
forecast_5570,2025-08-21 02:00:00,11362.042191602897,12041.631689271127,9378.232823163784
forecast_5571,2025-08-21 03:00:00,12316.686880108191,12614.171584846177,10362.823945103803
forecast_5572,2025-08-21 04:00:00,13952.355695220902,13614.863218399443,11528.451868962517
forecast_5573,2025-08-21 05:00:00,13667.789654215723,13097.636685270625,10745.898490323032
forecast_5574,2025-08-21 06:00:00,10360.00915394501,10204.010140828268,7295.357018922864
forecast_5575,2025-08-21 07:00:00,6885.58366002922,6820.628778431245,5026.023922859001
forecast_5576,2025-08-21 08:00:00,5859.314177363201,5374.448063621403,3538.3412600873703
forecast_5577,2025-08-21 09:00:00,4022.1723558964127,3476.6853541900973,2496.962969684646
forecast_5578,2025-08-21 10:00:00,1452.245729842417,1305.7845172885757,961.4285667682936
forecast_5579,2025-08-21 11:00:00,1056.7130603626883,987.8029833544618,745.8153672236198
forecast_5580,2025-08-21 12:00:00,650.9168232701932,653.4099605232013,491.80644881185015
forecast_5581,2025-08-21 13:00:00,362.46739173999845,359.00826598016863,303.8154771354459
forecast_5582,2025-08-21 14:00:00,288.46291352641754,280.43307529702435,260.5448316712706
forecast_5583,2025-08-21 15:00:00,289.33382345071766,363.42865451328953,221.27732622608087
forecast_5584,2025-08-21 16:00:00,363.42154300626294,465.6987778252565,340.9483418935458
forecast_5585,2025-08-21 17:00:00,374.765486606868,423.8965886708144,387.5142174440507
forecast_5586,2025-08-21 18:00:00,559.2844963640074,436.19414794275673,313.90968407979875
forecast_5587,2025-08-21 19:00:00,400.48181190072086,382.65783924168136,188.22124599286195
forecast_5588,2025-08-21 20:00:00,464.35959287811875,516.4014654764568,243.95480155166075
forecast_5589,2025-08-21 21:00:00,1089.1461711157176,1112.105304193013,478.98788585260075
forecast_5590,2025-08-21 22:00:00,2377.796370140374,2191.4302538083616,1301.7522772062448
forecast_5591,2025-08-21 23:00:00,2637.7455256731873,2595.2830618991115,2171.9677689277005
forecast_5592,2025-08-22 00:00:00,3227.7555307335847,3412.4008244026154,1951.324398368471
forecast_5593,2025-08-22 01:00:00,2435.650847553474,2445.513590603678,1499.216722830713
forecast_5594,2025-08-22 02:00:00,3078.567794160698,2727.289335023909,1666.083680114726
forecast_5595,2025-08-22 03:00:00,3333.7856577824386,2941.3898424342087,2070.991159919499
forecast_5596,2025-08-22 04:00:00,4570.441847817276,4804.779396881366,3343.789526846544
forecast_5597,2025-08-22 05:00:00,5669.498829541451,5943.763968899754,4807.25068020719
forecast_5598,2025-08-22 06:00:00,8671.373582662403,8108.160166494784,6283.412302532172
forecast_5599,2025-08-22 07:00:00,8412.316901454,7932.0008159383015,6194.4470949715405
forecast_5600,2025-08-22 08:00:00,6597.737786861815,7284.902491681414,4532.393840419776
forecast_5601,2025-08-22 09:00:00,6066.381111935338,5989.8262237372,3414.961775175184
forecast_5602,2025-08-22 10:00:00,4040.373738034813,3679.4796298301076,2225.3772004347215
forecast_5603,2025-08-22 11:00:00,2303.2671158540625,2043.2438258740785,1417.2193323447289
forecast_5604,2025-08-22 12:00:00,1697.7823324380481,1566.2291370411658,1387.2385348013067
forecast_5605,2025-08-22 13:00:00,1972.906787416953,1885.8638885390903,1342.4193955633707
forecast_5606,2025-08-22 14:00:00,2663.3462862374463,2304.861805255428,2672.6414130252933
forecast_5607,2025-08-22 15:00:00,3402.175826843788,3330.0315745434614,3076.2604980824267
forecast_5608,2025-08-22 16:00:00,3996.4473866771873,3919.6822886815585,3828.2384065652036
forecast_5609,2025-08-22 17:00:00,4918.301220645108,5016.177524958842,4380.2359884788875
forecast_5610,2025-08-22 18:00:00,5156.141957745569,5288.953064357237,4827.542700989216
forecast_5611,2025-08-22 19:00:00,6946.700973046533,6625.392661726608,5454.405610736085
forecast_5612,2025-08-22 20:00:00,8263.955446869324,8581.599985525823,6215.394851808284
forecast_5613,2025-08-22 21:00:00,10172.471342711717,10174.826852295279,8007.892953203354
forecast_5614,2025-08-22 22:00:00,11996.992185180721,11776.734221181003,8708.23696806637
forecast_5615,2025-08-22 23:00:00,12532.67669619066,12298.476104645468,10029.886976473426
forecast_5616,2025-08-23 00:00:00,13113.324337400742,13357.846175851593,11182.716327931465
forecast_5617,2025-08-23 01:00:00,13741.481473633612,13003.439854746865,10518.794616167053
forecast_5618,2025-08-23 02:00:00,13143.218689466019,12342.36880799044,10375.21325682456
forecast_5619,2025-08-23 03:00:00,13491.657149443941,13098.905024606462,11034.863654353434
forecast_5620,2025-08-23 04:00:00,12333.278956792354,11512.294987760357,9384.55806193733
forecast_5621,2025-08-23 05:00:00,10066.467322390688,10094.977654580274,7432.012323033768
forecast_5622,2025-08-23 06:00:00,8336.682847767044,8681.96103472098,6303.200186654896
forecast_5623,2025-08-23 07:00:00,7277.4543933524565,6254.377531651716,5404.929915115489
forecast_5624,2025-08-23 08:00:00,4204.715204408234,4013.6253214403446,3302.095962355379
forecast_5625,2025-08-23 09:00:00,2619.530663747748,2112.9217522329795,1668.943276370175
forecast_5626,2025-08-23 10:00:00,580.8067684974804,704.4352353057718,465.6775467142049
forecast_5627,2025-08-23 11:00:00,258.8202669536167,230.85206680321562,188.3287226466728
forecast_5628,2025-08-23 12:00:00,193.08199720523206,242.6017655064054,212.80146975199713
forecast_5629,2025-08-23 13:00:00,149.7273389463836,154.25517823221153,165.2426411721961
forecast_5630,2025-08-23 14:00:00,167.44167024049673,168.80685536492805,172.1228668534374
forecast_5631,2025-08-23 15:00:00,159.69797065102162,178.81972069379458,142.41208256698155
forecast_5632,2025-08-23 16:00:00,227.48489186497076,152.12576051219276,228.79488593511624
forecast_5633,2025-08-23 17:00:00,338.6077360757615,433.9720808633142,390.03707061594787
forecast_5634,2025-08-23 18:00:00,747.6467517487692,946.2535767828153,505.2913553393215
forecast_5635,2025-08-23 19:00:00,1090.3715584791735,1344.1696889465322,615.900919776479
forecast_5636,2025-08-23 20:00:00,958.6782853411879,1152.0514735246054,825.0024180949507
forecast_5637,2025-08-23 21:00:00,1858.1871041583229,2067.360595762987,1278.3826232684628
forecast_5638,2025-08-23 22:00:00,3141.680099464292,2711.6765657090723,2146.2825409783936
forecast_5639,2025-08-23 23:00:00,3848.0425825383263,3004.4312426065576,2275.4911700297953
forecast_5640,2025-08-24 00:00:00,3486.5813778234583,2743.6749220970673,1890.5743864787403
forecast_5641,2025-08-24 01:00:00,2278.2963453036355,2129.925007968194,1200.611192372422
forecast_5642,2025-08-24 02:00:00,2032.2967116334241,1738.1362848937563,1067.2038947024787
forecast_5643,2025-08-24 03:00:00,1944.7601084274206,1651.0612928781156,1193.5360423403697
forecast_5644,2025-08-24 04:00:00,1585.8371840422442,1476.9017652464688,924.8064606822614
forecast_5645,2025-08-24 05:00:00,981.6628891681635,852.5544123187582,441.74354937207295
forecast_5646,2025-08-24 06:00:00,741.0931418824784,635.1101002873619,482.55280072268755
forecast_5647,2025-08-24 07:00:00,639.6522644017696,851.2662741384341,329.04103846432156
forecast_5648,2025-08-24 08:00:00,675.7546884370464,614.6963852198044,231.22052388915515
forecast_5649,2025-08-24 09:00:00,354.64625136174305,368.80322832440464,159.95571321424896
forecast_5650,2025-08-24 10:00:00,206.3254087810819,224.04762500609084,139.82236180041392
forecast_5651,2025-08-24 11:00:00,233.97834712799377,289.8513584260848,181.08085479189117
forecast_5652,2025-08-24 12:00:00,302.00343979178115,288.308411731801,189.19799373163826
forecast_5653,2025-08-24 13:00:00,425.00990964913586,480.04943295181766,443.38366685797473
forecast_5654,2025-08-24 14:00:00,762.5164972036017,697.2077685558611,599.5336745197662
forecast_5655,2025-08-24 15:00:00,530.4933101787045,619.3826819597303,548.7125146062168
forecast_5656,2025-08-24 16:00:00,1506.4340311878614,1497.2510396274165,1117.2771479666037
forecast_5657,2025-08-24 17:00:00,1641.6941630580648,1561.7506447329758,1339.0351416377678
forecast_5658,2025-08-24 18:00:00,1723.2403304429847,1504.2363047040078,1251.675767025857
forecast_5659,2025-08-24 19:00:00,1850.5888394788024,1737.380292047711,1382.2015451056193
forecast_5660,2025-08-24 20:00:00,2546.9251539551856,2227.388929190086,1381.3771148063595
forecast_5661,2025-08-24 21:00:00,2634.5969468802214,2286.662840829738,1615.3167940203653
forecast_5662,2025-08-24 22:00:00,2436.050513972297,2068.976067347414,1477.453384274591
forecast_5663,2025-08-24 23:00:00,1966.9865568260823,2021.0501890581031,1442.3539084183326
forecast_5664,2025-08-25 00:00:00,1740.7820759190545,1792.3478829829237,1194.8966190006022
forecast_5665,2025-08-25 01:00:00,2125.924770790251,1983.2545052874061,1314.1697344045288
forecast_5666,2025-08-25 02:00:00,2558.4923607433816,2079.6230074473538,1515.4164271343711
forecast_5667,2025-08-25 03:00:00,2983.668947243847,2606.5422359977915,1627.9559342577857
forecast_5668,2025-08-25 04:00:00,2511.9078923882007,2377.9733456269605,1319.2228984376568
forecast_5669,2025-08-25 05:00:00,2576.7571104403314,2382.3776713265524,1581.4901142551325
forecast_5670,2025-08-25 06:00:00,2955.5934356889757,2492.3708961349917,1846.5487179511038
forecast_5671,2025-08-25 07:00:00,3753.2207132280555,2858.4895682331185,2417.152021326623
forecast_5672,2025-08-25 08:00:00,3246.0464147869657,2418.5855279349485,1389.065453462882
forecast_5673,2025-08-25 09:00:00,1501.8191384302368,1198.725613745049,940.6109740392263
forecast_5674,2025-08-25 10:00:00,872.5148072782576,1018.0632034358894,878.4840754810904
forecast_5675,2025-08-25 11:00:00,1111.4076500472522,1128.38773712567,1055.5994374364082
forecast_5676,2025-08-25 12:00:00,1611.2696100083353,1488.6697543917214,1253.6335633091123
forecast_5677,2025-08-25 13:00:00,1208.6611522890328,1434.508517972945,1359.0928752816742
forecast_5678,2025-08-25 14:00:00,1190.6848714383111,1399.969976103771,1374.4915252073197
forecast_5679,2025-08-25 15:00:00,1701.173437711953,1761.6109382007799,1748.0004001350433
forecast_5680,2025-08-25 16:00:00,1859.625333603145,2323.6097954817565,2302.891570831876
forecast_5681,2025-08-25 17:00:00,2368.58578149292,2735.596354948386,2572.533817757408
forecast_5682,2025-08-25 18:00:00,3965.026950957126,4400.926635189851,3449.3476273318806
forecast_5683,2025-08-25 19:00:00,5660.192148407256,6320.979007015823,4323.589944409027
forecast_5684,2025-08-25 20:00:00,9011.398601689576,9941.868583973706,7574.083141307196
forecast_5685,2025-08-25 21:00:00,9930.695321534398,11444.603525155018,8530.528818945377
forecast_5686,2025-08-25 22:00:00,11877.183986920623,12901.565698896951,11058.116726506312
forecast_5687,2025-08-25 23:00:00,12722.721752005406,13699.789550200196,13197.200984199373
forecast_5688,2025-08-26 00:00:00,12760.451590898974,14484.173445548202,14122.7975690923
forecast_5689,2025-08-26 01:00:00,12259.648900082846,14621.727073061202,12571.901255769946
forecast_5690,2025-08-26 02:00:00,11579.78820652119,14756.675546218816,14065.768508154815
forecast_5691,2025-08-26 03:00:00,11281.27280053935,15203.715060633258,13903.982766162573
forecast_5692,2025-08-26 04:00:00,11585.984123960061,15054.136559521914,14157.101757975206
forecast_5693,2025-08-26 05:00:00,11619.322415989529,14641.372633458726,14254.683939268447
forecast_5694,2025-08-26 06:00:00,11525.369829406709,14612.679273654496,14605.001067366942
forecast_5695,2025-08-26 07:00:00,10777.185959725111,14289.39041382953,13940.551408870871
forecast_5696,2025-08-26 08:00:00,11143.290950174633,13408.979319696222,13120.861476632146
forecast_5697,2025-08-26 09:00:00,12302.46470799386,14212.856251368326,14078.798213659054
forecast_5698,2025-08-26 10:00:00,9867.35694275423,12400.21034046421,12097.08456488068
forecast_5699,2025-08-26 11:00:00,9112.143330063096,11449.3469941617,11129.727638024611
forecast_5700,2025-08-26 12:00:00,9034.85800823531,11338.976523235544,10345.57353125832
forecast_5701,2025-08-26 13:00:00,10153.75771066627,12899.699514983478,11785.947884090625
forecast_5702,2025-08-26 14:00:00,12539.470116922554,14641.388497713193,13785.349519126672
forecast_5703,2025-08-26 15:00:00,12040.88394744392,12797.348097681348,13592.87287621723
forecast_5704,2025-08-26 16:00:00,10017.111028934642,11343.646321286247,10496.265385590483
forecast_5705,2025-08-26 17:00:00,10478.307660986182,11464.285656629248,10386.33407452807
forecast_5706,2025-08-26 18:00:00,9917.203375038469,10313.43593915871,9237.349835365476
forecast_5707,2025-08-26 19:00:00,9014.5157095787,10193.439770330775,9065.955481594112
forecast_5708,2025-08-26 20:00:00,9600.8886539101,10830.409922447041,8805.320574666635
forecast_5709,2025-08-26 21:00:00,10309.200923592705,11437.472007904746,9812.822806738628
forecast_5710,2025-08-26 22:00:00,10585.94061809107,11837.782624489553,9599.870762403338
forecast_5711,2025-08-26 23:00:00,10713.655600722974,11117.624856073158,8662.828983540716
forecast_5712,2025-08-27 00:00:00,9478.147432428917,10888.110142656184,7899.332647516248
forecast_5713,2025-08-27 01:00:00,8796.688235778578,10675.54725011775,6659.3059119485115
forecast_5714,2025-08-27 02:00:00,7475.033330503633,8642.657851946802,6311.398088632977
forecast_5715,2025-08-27 03:00:00,5525.856649841371,5807.78571113383,4408.3754161706565
forecast_5716,2025-08-27 04:00:00,3985.470126157941,3313.0642728070657,2918.6930326226134
forecast_5717,2025-08-27 05:00:00,2271.852106444623,1819.8463418758743,1457.3683834875917
forecast_5718,2025-08-27 06:00:00,1738.3870356941773,1515.4385973552721,977.3681050943973
forecast_5719,2025-08-27 07:00:00,818.1639704931158,742.9705363166589,378.1623939290912
forecast_5720,2025-08-27 08:00:00,641.8032789449848,685.2300061732611,347.60759188413465
forecast_5721,2025-08-27 09:00:00,169.00669782001373,212.71037049918903,99.5524933689156
forecast_5722,2025-08-27 10:00:00,157.46108330138577,175.15999212296592,125.92995585321275
forecast_5723,2025-08-27 11:00:00,106.31097242081046,160.56933148246603,108.31210909634223
forecast_5724,2025-08-27 12:00:00,208.04838407230076,275.4510640117024,272.56617502589125
forecast_5725,2025-08-27 13:00:00,473.86884749595157,653.2389149968295,548.010405839084
forecast_5726,2025-08-27 14:00:00,433.8447424940202,550.3982203274778,456.4237867703862
forecast_5727,2025-08-27 15:00:00,452.8925098163101,586.4094372215237,436.6987164048663
forecast_5728,2025-08-27 16:00:00,636.4507257368136,780.3204539869572,601.1553492948739
forecast_5729,2025-08-27 17:00:00,709.9718838756534,853.9754907529419,563.9846236347857
forecast_5730,2025-08-27 18:00:00,738.694215208604,737.054085512133,411.2675726358752
forecast_5731,2025-08-27 19:00:00,932.1378982753087,817.8856330831219,391.50216851145086
forecast_5732,2025-08-27 20:00:00,1163.0888206035302,880.9898606310089,452.6062330186606
forecast_5733,2025-08-27 21:00:00,1165.5211950546234,954.1943412761489,457.6479462867633
forecast_5734,2025-08-27 22:00:00,1108.7084531970308,1035.0613144247984,429.53306605899763
forecast_5735,2025-08-27 23:00:00,930.8012340685922,902.533616441157,190.7394286997075
forecast_5736,2025-08-28 00:00:00,1001.7299358364895,910.0860834842906,228.3480440222287
forecast_5737,2025-08-28 01:00:00,1211.5482174790595,1307.5457068774563,421.728662199281
forecast_5738,2025-08-28 02:00:00,1381.4690410438195,1623.7981991251872,657.2895883303178
forecast_5739,2025-08-28 03:00:00,1653.98003088674,2001.1754497147067,817.1580434765871
forecast_5740,2025-08-28 04:00:00,1827.1059420165977,2035.0819857808629,786.9681588461934
forecast_5741,2025-08-28 05:00:00,1920.339829845972,2072.6449568411,1134.8831692093052
forecast_5742,2025-08-28 06:00:00,1863.5108054684151,2033.401262314949,1078.4571367809892
forecast_5743,2025-08-28 07:00:00,1475.1080003679365,1782.8642770869767,721.9473882017058
forecast_5744,2025-08-28 08:00:00,1345.920917653516,1568.5107146002008,633.362453341997
forecast_5745,2025-08-28 09:00:00,1179.6059365231554,1480.590545330952,732.481685344576
forecast_5746,2025-08-28 10:00:00,937.8645821999083,1159.4578721729893,761.0276408869362
forecast_5747,2025-08-28 11:00:00,877.9584575710625,1070.5192690697486,896.1415824969455
forecast_5748,2025-08-28 12:00:00,1438.3435059389928,1858.4232484146169,1617.4260377416153
forecast_5749,2025-08-28 13:00:00,1577.1293724352224,2044.0578336853764,1665.1985039132533
forecast_5750,2025-08-28 14:00:00,2502.922783279473,2929.276351471384,2059.672911845677
forecast_5751,2025-08-28 15:00:00,2766.1361782708836,3359.577131980762,2413.754998690161
forecast_5752,2025-08-28 16:00:00,2859.7694690649128,3907.8540644437403,2675.935448532129
forecast_5753,2025-08-28 17:00:00,3386.997008063635,4532.018089115127,2925.390379559913
forecast_5754,2025-08-28 18:00:00,3615.7366765062193,4750.785059028935,2614.0721193379904
forecast_5755,2025-08-28 19:00:00,5039.395799044726,5875.153604490375,3431.689402496796
forecast_5756,2025-08-28 20:00:00,6253.890529697452,7637.793454906513,5413.146479292627
forecast_5757,2025-08-28 21:00:00,8470.285460172863,9133.049019279273,6740.4464274417
forecast_5758,2025-08-28 22:00:00,10206.477184992671,11898.746965997125,8793.526466369738
forecast_5759,2025-08-28 23:00:00,11273.593082058034,13313.343225694123,11131.938580407597
forecast_5760,2025-08-29 00:00:00,12523.408113833544,14752.2613247351,13682.884436065746
forecast_5761,2025-08-29 01:00:00,13934.19713155957,16224.47945899428,14942.130285859785
forecast_5762,2025-08-29 02:00:00,14130.116251563408,16383.91712084897,15226.189382089484
forecast_5763,2025-08-29 03:00:00,13707.487059729063,16234.650288222476,15207.908217931987
forecast_5764,2025-08-29 04:00:00,13848.161398545224,16230.133328668864,15504.32714442711
forecast_5765,2025-08-29 05:00:00,13653.904772237473,16251.992488391685,15724.974858229962
forecast_5766,2025-08-29 06:00:00,13652.203233729308,16014.230450923156,15313.113666803487
forecast_5767,2025-08-29 07:00:00,13280.793823807579,15864.315566703024,15137.15463377063
forecast_5768,2025-08-29 08:00:00,13418.14386581305,15922.743029215488,15045.338162860398
forecast_5769,2025-08-29 09:00:00,13529.737987496703,15558.912299124559,14551.847345750582
forecast_5770,2025-08-29 10:00:00,12933.017622242825,13340.456341215699,13393.671136652805
forecast_5771,2025-08-29 11:00:00,11667.622407006154,11840.911054806698,12157.989820945782
forecast_5772,2025-08-29 12:00:00,10971.099978959308,10275.708668937039,10772.998905253084
forecast_5773,2025-08-29 13:00:00,11208.53911222344,10387.768288382851,10786.398800380035
forecast_5774,2025-08-29 14:00:00,10463.757092354797,10721.949004654052,9601.813510673443
forecast_5775,2025-08-29 15:00:00,10679.889266312315,10932.000151038112,9883.600450779868
forecast_5776,2025-08-29 16:00:00,10787.880349466055,10834.99754040049,9130.29113143344
forecast_5777,2025-08-29 17:00:00,10868.966224805414,10722.743114999115,9891.13357575988
forecast_5778,2025-08-29 18:00:00,9900.049699284438,10325.110392336572,8632.267644427311
forecast_5779,2025-08-29 19:00:00,10634.256738426415,10528.092480105433,9603.968595475812
forecast_5780,2025-08-29 20:00:00,11975.457332884082,11597.170150551789,9523.678807513747
forecast_5781,2025-08-29 21:00:00,12034.44323054219,11983.919521166647,10090.012830639263
forecast_5782,2025-08-29 22:00:00,12879.931045689618,13156.374993752293,10171.073070334396
forecast_5783,2025-08-29 23:00:00,13090.93164142999,13251.104887621923,10475.380938987853
forecast_5784,2025-08-30 00:00:00,12732.01478058254,12329.511603700812,10037.274774551202
forecast_5785,2025-08-30 01:00:00,13212.027804987454,13332.87583885814,11950.919580140404
forecast_5786,2025-08-30 02:00:00,12268.17252169751,13088.244887322031,9944.253363490234
forecast_5787,2025-08-30 03:00:00,11441.983318357112,11833.695975331982,9200.972131324952
forecast_5788,2025-08-30 04:00:00,10649.143246465175,11227.5442664139,8892.406829801635
forecast_5789,2025-08-30 05:00:00,9806.13059425805,10369.51521073228,6317.344824340021
forecast_5790,2025-08-30 06:00:00,9169.631613239228,8505.792070437708,5320.701632559844
forecast_5791,2025-08-30 07:00:00,8028.274831240814,7350.518596718957,4866.872426352512
forecast_5792,2025-08-30 08:00:00,7024.211404619396,6591.077403018133,4142.0650518611965
forecast_5793,2025-08-30 09:00:00,4209.512489837979,3738.711711727987,2831.712290589608
forecast_5794,2025-08-30 10:00:00,2168.6565348236245,2085.5545111954098,1521.0482569240833
forecast_5795,2025-08-30 11:00:00,1400.283083686356,1335.571935863777,1169.7687827835746
forecast_5796,2025-08-30 12:00:00,1069.0545945114318,918.2848403902417,982.1837990128233
forecast_5797,2025-08-30 13:00:00,1341.5554823261518,1267.6688018841933,1091.1300151025603
forecast_5798,2025-08-30 14:00:00,1537.822324930755,1483.533936843353,1219.603307713013
forecast_5799,2025-08-30 15:00:00,1679.4183812459312,1582.697877251316,1463.9544770862387
forecast_5800,2025-08-30 16:00:00,1967.9997863340016,2112.3801309434284,1549.3778117942443
forecast_5801,2025-08-30 17:00:00,1888.7169097031237,1999.646545963544,1379.824846527858
forecast_5802,2025-08-30 18:00:00,2018.715813175142,2275.8532626339174,1437.8646369312933
forecast_5803,2025-08-30 19:00:00,2142.9800041166372,2301.6404983837133,1593.4843408209163
forecast_5804,2025-08-30 20:00:00,4124.018153038937,3694.348918379284,2341.260769732522
forecast_5805,2025-08-30 21:00:00,4346.86183998424,4146.932475149046,2794.1368257168383
forecast_5806,2025-08-30 22:00:00,3770.2429997745535,4103.1991466215895,2765.9174739008854
forecast_5807,2025-08-30 23:00:00,4053.614645330697,3781.61708001764,2691.1748738098727
forecast_5808,2025-08-31 00:00:00,4317.327020928114,4292.089570007672,2607.4805648081087
forecast_5809,2025-08-31 01:00:00,5037.7152829462075,6100.449840349395,3010.86795024478
forecast_5810,2025-08-31 02:00:00,5539.875711650927,6772.381278521556,3581.8657259314073
forecast_5811,2025-08-31 03:00:00,4957.681266444932,6563.288191715042,2933.1829119830563
forecast_5812,2025-08-31 04:00:00,4531.256645420632,5248.233058667765,2376.030848694323
forecast_5813,2025-08-31 05:00:00,3041.3634843241343,3218.099744939056,1547.4929850278613
forecast_5814,2025-08-31 06:00:00,2311.8224547604764,2119.9413302037074,1011.1395159223508
forecast_5815,2025-08-31 07:00:00,1620.0884258153092,1552.131576325358,685.7493740181752
forecast_5816,2025-08-31 08:00:00,1341.667146329853,1372.5352371828378,463.5361861056895
forecast_5817,2025-08-31 09:00:00,869.9580435154837,914.3363679274112,399.20978978489956
forecast_5818,2025-08-31 10:00:00,589.3590210652538,843.5808606779137,395.9047326732087
forecast_5819,2025-08-31 11:00:00,650.8183441383975,691.1098942669524,562.0853350849839
forecast_5820,2025-08-31 12:00:00,892.741089470815,1135.1668178652624,921.5348264066216
forecast_5821,2025-08-31 13:00:00,1139.8971989532167,1529.5552833257423,1254.1119794758692
forecast_5822,2025-08-31 14:00:00,1601.8475984162408,2544.9373055648107,1532.3825289010194
forecast_5823,2025-08-31 15:00:00,2463.2305240381074,3650.8923452053605,2550.8988613944566
forecast_5824,2025-08-31 16:00:00,3174.853343180597,4405.0955366877715,3015.864970069428
forecast_5825,2025-08-31 17:00:00,3934.6452370603947,5618.109098278419,3647.311851856451
forecast_5826,2025-08-31 18:00:00,5038.371426722609,6197.96520284146,4239.660195290728
forecast_5827,2025-08-31 19:00:00,6035.855539515808,8800.281985912792,5626.363568834599
forecast_5828,2025-08-31 20:00:00,6967.150999492597,9983.680541089438,6952.066060932339
forecast_5829,2025-08-31 21:00:00,7461.868493908929,10050.48460709861,7200.898678958945
forecast_5830,2025-08-31 22:00:00,9477.390254341737,11271.169431036136,9252.060817393647
forecast_5831,2025-08-31 23:00:00,9857.506915421312,11796.49850644137,9192.85705568326
forecast_5832,2025-09-01 00:00:00,9468.521133711269,11908.481731423439,8561.709228927108
forecast_5833,2025-09-01 01:00:00,9975.663698835648,12218.651996784642,8656.021949141961
forecast_5834,2025-09-01 02:00:00,8845.280227012392,11470.1418011434,7562.687983145713
forecast_5835,2025-09-01 03:00:00,9688.112233074655,11895.688098996916,9237.266212279394
forecast_5836,2025-09-01 04:00:00,10128.373116694149,12366.641752711159,11299.62834522869
forecast_5837,2025-09-01 05:00:00,9884.288889940346,13162.871968562153,12057.682771323874
forecast_5838,2025-09-01 06:00:00,9587.519746307531,11547.414708611632,10358.55779551573
forecast_5839,2025-09-01 07:00:00,8505.840026457881,11147.75118862102,9676.818515427856
forecast_5840,2025-09-01 08:00:00,7915.165804249185,10141.221837363322,8521.826559109992
forecast_5841,2025-09-01 09:00:00,6783.46449438994,9819.1796628221,7833.834163888562
forecast_5842,2025-09-01 10:00:00,5949.638705645684,7795.5527350856,7052.107755282857
forecast_5843,2025-09-01 11:00:00,5118.347238794827,6068.006933585348,5512.112401212007
forecast_5844,2025-09-01 12:00:00,5082.808481651023,5880.835056085069,5200.679072525679
forecast_5845,2025-09-01 13:00:00,5188.168640049639,5920.8603796899315,5645.689110324753
forecast_5846,2025-09-01 14:00:00,5555.876412067708,5845.243151807469,6293.136113635286
forecast_5847,2025-09-01 15:00:00,6031.996561349273,7395.178062239136,7787.306352548893
forecast_5848,2025-09-01 16:00:00,8562.270182450904,9345.117569615002,7903.888640195523
forecast_5849,2025-09-01 17:00:00,8752.759604728592,9536.036646166609,9173.065549261395
forecast_5850,2025-09-01 18:00:00,8713.66937000483,9633.235040268795,9248.179702194971
forecast_5851,2025-09-01 19:00:00,8439.246004270071,9932.101151963108,8300.006160202583
forecast_5852,2025-09-01 20:00:00,8975.04841497694,9588.065142729256,6893.860427443122
forecast_5853,2025-09-01 21:00:00,7323.503628696884,8675.820467932412,5089.8460772456265
forecast_5854,2025-09-01 22:00:00,7616.083336558174,8815.876539131994,5331.558436055992
forecast_5855,2025-09-01 23:00:00,8841.079055182003,10434.275783468365,6718.43080788409
forecast_5856,2025-09-02 00:00:00,8612.075170394384,9681.006779206782,7107.875863076614
forecast_5857,2025-09-02 01:00:00,11082.380114131201,12411.657084095765,10907.20406044187
forecast_5858,2025-09-02 02:00:00,9926.528992600315,11512.34203387409,9380.183091121598
forecast_5859,2025-09-02 03:00:00,10032.276754459292,10963.134341745059,9284.566169573567
forecast_5860,2025-09-02 04:00:00,8505.864880392168,9760.514138058015,8200.199436050603
forecast_5861,2025-09-02 05:00:00,6910.670417747688,8716.117084773525,7399.587586870149
forecast_5862,2025-09-02 06:00:00,6535.655645948136,8160.467228232409,6454.210528568366
forecast_5863,2025-09-02 07:00:00,6122.4477188469145,7274.393379695772,5731.715961288607
forecast_5864,2025-09-02 08:00:00,5696.224314403854,6359.766711510341,4905.957823140171
forecast_5865,2025-09-02 09:00:00,4767.228259791717,4958.073314098697,3499.3230433993967
forecast_5866,2025-09-02 10:00:00,4226.31495787534,4322.97125764581,2729.5605576133953
forecast_5867,2025-09-02 11:00:00,2772.4339040614254,2911.4939056115295,1903.060439874668
forecast_5868,2025-09-02 12:00:00,1658.1468716098536,2041.606857146633,1310.3354380729677
forecast_5869,2025-09-02 13:00:00,1170.7082182996803,1492.2011146115951,819.4060404402858
forecast_5870,2025-09-02 14:00:00,402.67146074470764,489.48303047953414,315.49048866075424
forecast_5871,2025-09-02 15:00:00,253.1320114595654,294.8804404487679,236.6588042424401
forecast_5872,2025-09-02 16:00:00,494.8856369073946,420.7610762782191,358.97027975414596
forecast_5873,2025-09-02 17:00:00,436.12417094289566,414.32413578753767,239.65316211216185
forecast_5874,2025-09-02 18:00:00,315.35824818712075,247.89325494451006,123.45913458534304
forecast_5875,2025-09-02 19:00:00,341.9908002719738,338.25545325856194,111.75429929708604
forecast_5876,2025-09-02 20:00:00,397.5970165477335,304.5730835844858,80.48924515736698
forecast_5877,2025-09-02 21:00:00,338.93189998494785,311.95593298512483,96.56035602295111
forecast_5878,2025-09-02 22:00:00,499.1051726270302,376.9716154475858,230.09719929089002
forecast_5879,2025-09-02 23:00:00,400.1100066149053,330.5502128861213,186.76638963837317
forecast_5880,2025-09-03 00:00:00,273.19847027175905,224.51386823454214,88.129830669638
forecast_5881,2025-09-03 01:00:00,412.5922191112922,292.6524500302188,222.23884835740577
forecast_5882,2025-09-03 02:00:00,355.79114278686,307.51398835222494,150.02553623631024
forecast_5883,2025-09-03 03:00:00,284.4783895947178,258.50335150486774,120.55945374434437
forecast_5884,2025-09-03 04:00:00,440.71971389894895,446.6440813592901,214.26323260102413
forecast_5885,2025-09-03 05:00:00,291.63053240623117,304.83434405484786,122.84520710649521
forecast_5886,2025-09-03 06:00:00,327.1883045572279,300.7711327633224,89.94949267659206
forecast_5887,2025-09-03 07:00:00,242.14966456428778,253.39180165788324,82.98895383419317
forecast_5888,2025-09-03 08:00:00,202.34925522880582,226.74374587645838,75.60285600750801
forecast_5889,2025-09-03 09:00:00,170.92148830211806,160.1789922439079,68.43157027188698
forecast_5890,2025-09-03 10:00:00,121.65724545357921,116.7537554207592,81.46546590503537
forecast_5891,2025-09-03 11:00:00,162.40264480625814,180.7106681242299,124.79051703499644
forecast_5892,2025-09-03 12:00:00,278.1375610617628,370.41569427921195,238.20905716057322
forecast_5893,2025-09-03 13:00:00,407.96093172510456,438.6090469770502,279.423565806507
forecast_5894,2025-09-03 14:00:00,414.65017510075967,449.43907894369676,321.69164620677185
forecast_5895,2025-09-03 15:00:00,400.86241183132194,455.0674741150047,328.7553958300072
forecast_5896,2025-09-03 16:00:00,402.76289653909924,417.25456951704666,265.3817327624474
forecast_5897,2025-09-03 17:00:00,399.29138320146603,368.67223141519526,252.87847646372046
forecast_5898,2025-09-03 18:00:00,256.21371749325243,235.71613876766463,147.76967788749442
forecast_5899,2025-09-03 19:00:00,286.5621668174027,230.7025614703655,102.46987219801207
forecast_5900,2025-09-03 20:00:00,358.6538585756851,288.2142933765642,160.80416890191097
forecast_5901,2025-09-03 21:00:00,465.9484455006672,378.00631609340496,140.06202257464346
forecast_5902,2025-09-03 22:00:00,708.4759592295234,595.5849058844173,201.97445692221697
forecast_5903,2025-09-03 23:00:00,633.188279160445,576.5295076208238,206.4068293519547
forecast_5904,2025-09-04 00:00:00,743.8577799286224,764.1940817135808,196.59911408717772
forecast_5905,2025-09-04 01:00:00,1305.624294048431,1095.7837746447503,348.86503658326643
forecast_5906,2025-09-04 02:00:00,1258.8718963343936,1108.068854199533,305.4159342901412
forecast_5907,2025-09-04 03:00:00,831.6322072568288,690.8988546872083,127.53487353453927
forecast_5908,2025-09-04 04:00:00,677.8683369303865,529.0576572403207,109.61100959251455
forecast_5909,2025-09-04 05:00:00,984.8578290032733,706.7338911210235,198.10132317678088
forecast_5910,2025-09-04 06:00:00,1177.1578524847507,930.5185587641101,339.4227423836759
forecast_5911,2025-09-04 07:00:00,1509.0445184165783,1368.7310135210641,530.0571722576088
forecast_5912,2025-09-04 08:00:00,1835.4314924511382,1608.3404686061185,686.4520577158103
forecast_5913,2025-09-04 09:00:00,1630.358198702962,1422.8104612313691,621.6161479642764
forecast_5914,2025-09-04 10:00:00,1158.621997809622,1003.3571237643142,488.88951623035587
forecast_5915,2025-09-04 11:00:00,701.9619542082959,800.8755551063985,448.621799739905
forecast_5916,2025-09-04 12:00:00,796.6226175733651,880.4141627278179,669.3555594511026
forecast_5917,2025-09-04 13:00:00,1017.8720027922275,1278.486044422736,891.942039702697
forecast_5918,2025-09-04 14:00:00,862.6204736027479,1090.2200563466972,684.4918698443641
forecast_5919,2025-09-04 15:00:00,859.091226223345,1233.3008698158574,665.9954859521328
forecast_5920,2025-09-04 16:00:00,1101.3116031657141,1626.2914489628226,1061.750331918879
forecast_5921,2025-09-04 17:00:00,1316.0817781493283,1728.6617816593316,1095.4512724642782
forecast_5922,2025-09-04 18:00:00,1648.4113943878938,2019.658120492482,1100.2844744401561
forecast_5923,2025-09-04 19:00:00,1758.3918897281444,2307.024646424662,1033.440121659919
forecast_5924,2025-09-04 20:00:00,2232.281813245522,2459.7230606001926,1051.7247348599371
forecast_5925,2025-09-04 21:00:00,2334.853413724194,2694.6033722365255,1235.401252771074
forecast_5926,2025-09-04 22:00:00,2103.482627427278,2764.354569141424,1094.121581905304
forecast_5927,2025-09-04 23:00:00,1973.8846968227506,2305.068372475363,1032.7787529386262
forecast_5928,2025-09-05 00:00:00,1897.2000197689788,2040.124166974393,892.3097979254131
forecast_5929,2025-09-05 01:00:00,1450.852938195875,1810.1208710440887,558.2978699672335
forecast_5930,2025-09-05 02:00:00,1720.3736027589712,1520.52921753218,973.3192129894757
forecast_5931,2025-09-05 03:00:00,1956.383814969449,1866.3344278206548,1016.2337326206753
forecast_5932,2025-09-05 04:00:00,1611.1525310985867,1806.1736127691008,1015.491200698333
forecast_5933,2025-09-05 05:00:00,1804.2479361081646,2324.7252178319904,1163.147391629071
forecast_5934,2025-09-05 06:00:00,1710.65566117635,1724.1818406836737,744.9899004213448
forecast_5935,2025-09-05 07:00:00,1284.1518288260802,1206.0990046738139,624.6909597479341
forecast_5936,2025-09-05 08:00:00,1365.6957130965452,1578.665164803463,750.7572153408339
forecast_5937,2025-09-05 09:00:00,1144.0863744070937,1080.9268249509378,595.8701936887749
forecast_5938,2025-09-05 10:00:00,681.7434404913527,678.1751876278634,438.03065423432037
forecast_5939,2025-09-05 11:00:00,535.7850822538755,535.8319848710695,296.9839404586945
forecast_5940,2025-09-05 12:00:00,128.67519112329853,186.60157368544273,145.72054262993606
forecast_5941,2025-09-05 13:00:00,118.66322974415974,169.01973148234717,110.35222784537558
forecast_5942,2025-09-05 14:00:00,148.04205261585292,188.86538073114534,136.4339573389845
forecast_5943,2025-09-05 15:00:00,148.70408263955574,197.27634842403506,129.34816806287972
forecast_5944,2025-09-05 16:00:00,225.95046428437038,324.13264609355343,177.3610719386075
forecast_5945,2025-09-05 17:00:00,374.77283445988746,476.06664161022036,228.14863092570067
forecast_5946,2025-09-05 18:00:00,625.0033476314901,784.5417680038521,285.9585136135283
forecast_5947,2025-09-05 19:00:00,824.7603210957304,1035.2356103570096,342.1143453277952
forecast_5948,2025-09-05 20:00:00,952.61963292032,1039.7709323343784,392.79860568729754
forecast_5949,2025-09-05 21:00:00,1330.1105947764936,1393.7176183150527,519.3626875359096
forecast_5950,2025-09-05 22:00:00,1667.4067935809242,2211.6220518873556,763.567772413236
forecast_5951,2025-09-05 23:00:00,1962.358932740859,2610.629841935665,1461.5469691205399
forecast_5952,2025-09-06 00:00:00,2549.9082431167685,3197.2112174844187,1782.2402722259926
forecast_5953,2025-09-06 01:00:00,5732.574002201912,7244.834711724781,4179.129476104216
forecast_5954,2025-09-06 02:00:00,7345.798822233607,10004.888708232602,6708.926826455001
forecast_5955,2025-09-06 03:00:00,9730.012732047984,11559.533669805234,7657.0905736156565
forecast_5956,2025-09-06 04:00:00,10264.871372506545,12301.082383890938,9416.961782163753
forecast_5957,2025-09-06 05:00:00,11449.473441489652,12911.546252182121,11300.296389013838
forecast_5958,2025-09-06 06:00:00,11251.692524700682,13599.100614723564,12155.94226812264
forecast_5959,2025-09-06 07:00:00,11403.148159835393,13329.310147335149,12199.483986992696
forecast_5960,2025-09-06 08:00:00,10106.028403195176,12103.10772006487,10891.089541509344
forecast_5961,2025-09-06 09:00:00,10334.967328922932,12240.602561280017,11762.22559683397
forecast_5962,2025-09-06 10:00:00,9712.920679368437,11121.143824014616,12306.809852295235
forecast_5963,2025-09-06 11:00:00,9478.986587390433,10725.968054601643,12427.13987636318
forecast_5964,2025-09-06 12:00:00,9831.20703242836,10312.48078949616,12425.660717675122
forecast_5965,2025-09-06 13:00:00,9583.871182657962,10230.526861888533,11446.770727657264
forecast_5966,2025-09-06 14:00:00,9683.4777669435,10387.123720182224,11908.547506153174
forecast_5967,2025-09-06 15:00:00,11609.962573571896,13664.244615188654,13935.28239833592
forecast_5968,2025-09-06 16:00:00,13856.62284448952,15429.525265614438,15421.999672668317
forecast_5969,2025-09-06 17:00:00,12567.481264366803,13817.5941306362,13974.55079083126
forecast_5970,2025-09-06 18:00:00,11843.535097977317,14044.393295009535,13421.18211014392
forecast_5971,2025-09-06 19:00:00,12175.60418644881,15138.058755730726,14328.53463362679
forecast_5972,2025-09-06 20:00:00,12238.81176010135,14495.44703008353,14128.998391574118
forecast_5973,2025-09-06 21:00:00,13297.23770337486,15447.905975937574,14497.954412714866
forecast_5974,2025-09-06 22:00:00,13554.499318319742,16214.491470399533,15520.389043362788
forecast_5975,2025-09-06 23:00:00,13646.585361300737,16308.706609973578,15741.81226954614
forecast_5976,2025-09-07 00:00:00,13911.030420024372,15897.93100967257,15973.948854267272
forecast_5977,2025-09-07 01:00:00,14448.382556631122,16995.751664834614,16582.2626117115
forecast_5978,2025-09-07 02:00:00,14312.938179184259,17145.04146789355,16510.451803294032
forecast_5979,2025-09-07 03:00:00,13456.998020786703,16521.062608687334,15640.591505056645
forecast_5980,2025-09-07 04:00:00,12720.957508848074,15601.53608364744,14384.662013592413
forecast_5981,2025-09-07 05:00:00,12341.20422724652,14566.054579603751,13907.974198195561
forecast_5982,2025-09-07 06:00:00,11860.31373342303,13317.605215914922,12790.506690437298
forecast_5983,2025-09-07 07:00:00,11048.876455446054,12656.291844249969,12033.426407436109
forecast_5984,2025-09-07 08:00:00,11390.182399127856,12561.650508524504,11961.813188769745
forecast_5985,2025-09-07 09:00:00,10118.244531872997,10764.341051464979,9974.584801314504
forecast_5986,2025-09-07 10:00:00,9183.763821322525,10132.42447914972,7955.133861591291
forecast_5987,2025-09-07 11:00:00,8239.050654272482,9149.148805936082,7463.517058469029
forecast_5988,2025-09-07 12:00:00,5416.397758866994,6230.149567287221,3956.4698949662197
forecast_5989,2025-09-07 13:00:00,3976.2106341720455,4241.141044452108,3291.7744208998733
forecast_5990,2025-09-07 14:00:00,3356.614503362735,3471.763381064315,3205.99315251658
forecast_5991,2025-09-07 15:00:00,5753.774113113069,5432.953581141337,4341.768748606667
forecast_5992,2025-09-07 16:00:00,6851.735664525172,7289.536949749101,5328.054806384186
forecast_5993,2025-09-07 17:00:00,6895.5910714381735,7439.42145998048,5173.133095945352
forecast_5994,2025-09-07 18:00:00,7862.248335640691,8890.352502887996,6174.616945513823
forecast_5995,2025-09-07 19:00:00,9519.217546363478,11040.753164743808,8297.254711423817
forecast_5996,2025-09-07 20:00:00,10340.554694107657,11438.329673010774,8638.54438169645
forecast_5997,2025-09-07 21:00:00,10287.028468378556,10879.019543160117,7570.720936990853
forecast_5998,2025-09-07 22:00:00,10326.427965258978,10880.830851463888,7919.297147334489
forecast_5999,2025-09-07 23:00:00,9704.858407036008,10767.684939440087,8069.142383228526
forecast_6000,2025-09-08 00:00:00,9847.022964386033,11043.54888214736,8099.840860458399
forecast_6001,2025-09-08 01:00:00,8090.901279175479,8104.766869072035,5381.2576432320075
forecast_6002,2025-09-08 02:00:00,7307.582573905296,8406.082921939516,5443.67986371588
forecast_6003,2025-09-08 03:00:00,6451.155935123342,5876.0904496499525,4145.893053873977
forecast_6004,2025-09-08 04:00:00,6080.590947130006,4642.275764831544,3740.661097649731
forecast_6005,2025-09-08 05:00:00,3860.2342464492294,3200.1622030612803,2538.9433920080355
forecast_6006,2025-09-08 06:00:00,2856.4911653157023,1785.7349401208828,1383.3850264959606
forecast_6007,2025-09-08 07:00:00,1761.097923327192,1256.191499804938,1005.7622079994655
forecast_6008,2025-09-08 08:00:00,560.6390043437589,546.0036158190267,401.54851633432816
forecast_6009,2025-09-08 09:00:00,422.64022089162137,394.0003544576369,177.46044847150372
forecast_6010,2025-09-08 10:00:00,177.2652503818928,192.13243904970597,121.36268194807863
forecast_6011,2025-09-08 11:00:00,134.79611050987873,203.88561978014607,109.43808751763099
forecast_6012,2025-09-08 12:00:00,176.07216663828424,189.07248680496195,135.95215860717036
forecast_6013,2025-09-08 13:00:00,288.94599353639074,333.40250188611327,290.66663119039293
forecast_6014,2025-09-08 14:00:00,392.297690060911,353.42457221067775,345.9172580668347
forecast_6015,2025-09-08 15:00:00,358.01449449714727,296.1752241198219,259.5947227241495
forecast_6016,2025-09-08 16:00:00,1008.7133358325094,922.291582025987,731.793728545578
forecast_6017,2025-09-08 17:00:00,2790.43131481548,2880.4574748460614,1566.7756799156502
forecast_6018,2025-09-08 18:00:00,3569.6336010090354,2944.0783722358337,1764.6275123001967
forecast_6019,2025-09-08 19:00:00,3064.286820135287,3171.519892555497,1579.4911888817626
forecast_6020,2025-09-08 20:00:00,3511.375357592248,3182.6996149688816,1709.5988703899852
forecast_6021,2025-09-08 21:00:00,2034.4080122807181,2312.7327821207564,1021.1599740391559
forecast_6022,2025-09-08 22:00:00,1854.8827991088913,1995.441564913976,891.2670601233284
forecast_6023,2025-09-08 23:00:00,1772.6781590481935,1694.7664621319605,890.1948647629828
forecast_6024,2025-09-09 00:00:00,1515.2053048959876,1475.1460360023611,803.0600101938633
forecast_6025,2025-09-09 01:00:00,2843.5140468329714,2874.1806747068026,1327.3984375389532
forecast_6026,2025-09-09 02:00:00,2051.342498186587,2135.879409465644,1101.62440197076
forecast_6027,2025-09-09 03:00:00,1880.2536689245962,1809.4841388163948,1161.2805615275752
forecast_6028,2025-09-09 04:00:00,1720.014096678537,1638.952521201366,704.870364097937
forecast_6029,2025-09-09 05:00:00,1776.6322620185756,1690.5594205313903,957.6166532212751
forecast_6030,2025-09-09 06:00:00,1383.3884710096204,1542.2487710189764,900.5986393549651
forecast_6031,2025-09-09 07:00:00,994.1058387618416,904.1127454304859,361.33581933658854
forecast_6032,2025-09-09 08:00:00,855.4566496263359,852.0537663017082,419.1962770857924
forecast_6033,2025-09-09 09:00:00,1058.7862621544953,1098.7916306358482,496.1826872893649
forecast_6034,2025-09-09 10:00:00,2080.514666447176,1862.385859781419,1123.5048958556827
forecast_6035,2025-09-09 11:00:00,1794.8260350104506,1748.4037071344173,1074.4244054963108
forecast_6036,2025-09-09 12:00:00,1656.2945151004305,2018.1760392541537,1163.7661944093852
forecast_6037,2025-09-09 13:00:00,1032.281715030802,1311.5382679542051,711.4354387698332
forecast_6038,2025-09-09 14:00:00,919.5484613798876,1003.2685894877508,598.7522027824506
forecast_6039,2025-09-09 15:00:00,917.1878627929647,1037.5576085577366,599.7513381420782
forecast_6040,2025-09-09 16:00:00,1032.3676694849037,1262.6730031985524,513.1223023535138
forecast_6041,2025-09-09 17:00:00,1194.8787486764259,1151.8952507199558,477.83035497233794
forecast_6042,2025-09-09 18:00:00,1191.0819363945525,1284.64371392294,586.6424602450174
forecast_6043,2025-09-09 19:00:00,1138.0330218857273,1241.2982966438708,458.21159768641104
forecast_6044,2025-09-09 20:00:00,1340.5537141763039,1560.3207957519535,439.5963068113677
forecast_6045,2025-09-09 21:00:00,1248.5456731462916,1382.9531307594002,382.7048093406624
forecast_6046,2025-09-09 22:00:00,1129.6460471789924,1279.952426918017,448.60443351951204
forecast_6047,2025-09-09 23:00:00,1094.130179864159,1241.4395464952877,389.38542322276527
forecast_6048,2025-09-10 00:00:00,945.8570328718687,1024.5711207799718,275.7629578302843
forecast_6049,2025-09-10 01:00:00,1371.3443792390183,1569.5316238214857,556.2313843758927
forecast_6050,2025-09-10 02:00:00,1498.001964468351,1651.6475230291112,567.879787243076
forecast_6051,2025-09-10 03:00:00,1481.021153947041,1623.3270671443927,547.3661798807528
forecast_6052,2025-09-10 04:00:00,1367.0444174992217,1604.4739368869202,595.2720009405668
forecast_6053,2025-09-10 05:00:00,1364.3702574043252,1523.3796828513648,584.6908610455589
forecast_6054,2025-09-10 06:00:00,1602.260723457375,1764.9365772686142,517.208681858037
forecast_6055,2025-09-10 07:00:00,1650.257389991545,1874.3169387170783,598.0449108310074
forecast_6056,2025-09-10 08:00:00,1700.4431540778357,2024.8408284968261,697.8522741247962
forecast_6057,2025-09-10 09:00:00,1606.3009801006292,1944.0633041100111,952.5692828705213
forecast_6058,2025-09-10 10:00:00,1171.0050580610466,1282.941898406516,1066.0202765227825
forecast_6059,2025-09-10 11:00:00,1007.9467113249837,1067.3998376622665,1526.7674627714923
forecast_6060,2025-09-10 12:00:00,1015.2661194409498,1055.5725886214134,1743.3612295157636
forecast_6061,2025-09-10 13:00:00,837.6303731076057,1029.041205539163,1424.3638819542366
forecast_6062,2025-09-10 14:00:00,720.2419535498154,821.6623507918755,962.3959502178624
forecast_6063,2025-09-10 15:00:00,656.5928947111929,694.0393094902698,723.0610445674271
forecast_6064,2025-09-10 16:00:00,513.6581903769073,619.1501425852434,683.7396218815558
forecast_6065,2025-09-10 17:00:00,421.12078947943877,687.8559782262465,354.62553008755197
forecast_6066,2025-09-10 18:00:00,790.6637082901071,953.1699043547595,422.26858374245444
forecast_6067,2025-09-10 19:00:00,1134.5647788605274,1383.004170048246,470.00042710359855
forecast_6068,2025-09-10 20:00:00,1427.210843105453,1792.9160567818465,605.4986677113234
forecast_6069,2025-09-10 21:00:00,1592.8658213966692,2083.6765625534904,682.5784862424056
forecast_6070,2025-09-10 22:00:00,1616.0627191095987,2263.3643454773746,740.4851591012867
forecast_6071,2025-09-10 23:00:00,1688.4796753908681,2360.870179478167,778.2741543803858
forecast_6072,2025-09-11 00:00:00,1836.3590944344103,2741.2019888284076,990.7522626002983
forecast_6073,2025-09-11 01:00:00,1479.134757299999,1611.8237592900427,496.0000307300511
forecast_6074,2025-09-11 02:00:00,1494.1143711694692,1770.725485100056,576.9765171724804
forecast_6075,2025-09-11 03:00:00,1896.3535029511584,2047.4259216547146,703.9031741034095
forecast_6076,2025-09-11 04:00:00,2108.4352813168466,2250.634201149396,849.4779899914967
forecast_6077,2025-09-11 05:00:00,2373.2517893600007,2582.0562423223696,1152.6304038919143
forecast_6078,2025-09-11 06:00:00,2812.34012574784,3025.608147424722,1509.779028728369
forecast_6079,2025-09-11 07:00:00,3655.2203528697155,4520.317813786015,1921.2008605982164
forecast_6080,2025-09-11 08:00:00,3164.9559335589,4143.6936378928185,2050.671809922556
forecast_6081,2025-09-11 09:00:00,2790.6978345369407,3737.235433018219,2085.3022126343335
forecast_6082,2025-09-11 10:00:00,1916.6637817087483,3147.4864101237295,2226.8984797669236
forecast_6083,2025-09-11 11:00:00,2080.453831569191,2911.955404394424,2515.4545347015
forecast_6084,2025-09-11 12:00:00,2303.2151993214,3378.3984946153946,2654.1005020198027
forecast_6085,2025-09-11 13:00:00,2443.917957754279,3661.240141550214,3061.5833759904053
forecast_6086,2025-09-11 14:00:00,2428.4910927871156,3636.4063147749894,3112.304237180224
forecast_6087,2025-09-11 15:00:00,2316.8331774152316,3466.6834834562037,2674.9196349215636
forecast_6088,2025-09-11 16:00:00,1906.3335480263165,3139.297306339345,2438.144600552074
forecast_6089,2025-09-11 17:00:00,2478.900321512438,3512.1271655508053,2506.336273780621
forecast_6090,2025-09-11 18:00:00,2595.878213956766,3424.4461023098847,1899.5673292272018
forecast_6091,2025-09-11 19:00:00,3623.669833805417,4565.665458342938,1965.2679188405052
forecast_6092,2025-09-11 20:00:00,4476.596478764218,5412.163479698955,2067.322071960369
forecast_6093,2025-09-11 21:00:00,4627.123463378185,5552.698785018853,2282.499493253326
forecast_6094,2025-09-11 22:00:00,5898.693252296822,6654.0377477158445,2631.22756597996
forecast_6095,2025-09-11 23:00:00,6246.160027419962,7381.826705638704,2982.206062730787
forecast_6096,2025-09-12 00:00:00,5651.956031015519,6119.109161841835,2950.7598265771553
forecast_6097,2025-09-12 01:00:00,5378.701813069874,5877.706305193542,2413.8973643841296
forecast_6098,2025-09-12 02:00:00,5101.052023810335,5217.830649729359,1954.1615604325746
forecast_6099,2025-09-12 03:00:00,3407.216743344649,4126.369321086172,1746.3097609062302
forecast_6100,2025-09-12 04:00:00,3165.9927750969396,4169.379575112561,1831.7548441834826
forecast_6101,2025-09-12 05:00:00,2851.7342291229697,3722.110744822569,1652.9616303709918
forecast_6102,2025-09-12 06:00:00,2603.4693477989704,3087.8570063478114,1440.1702100446082
forecast_6103,2025-09-12 07:00:00,2993.5250223035987,3807.800740261512,1468.6939609002866
forecast_6104,2025-09-12 08:00:00,2811.7922946880044,3461.4934942289515,1515.6759044139862
forecast_6105,2025-09-12 09:00:00,2800.195030645226,3211.353747191744,1517.1539853382503
forecast_6106,2025-09-12 10:00:00,1965.8662566009975,2564.544127450962,1644.8378525570156
forecast_6107,2025-09-12 11:00:00,2395.7117755867575,3283.1803347870923,2011.3207766852868
forecast_6108,2025-09-12 12:00:00,2243.2889911479874,3021.1809804424843,2012.009690216556
forecast_6109,2025-09-12 13:00:00,2006.5761694415962,2616.633238273651,1667.598459447532
forecast_6110,2025-09-12 14:00:00,2127.1128321040624,2326.775706958453,1202.6726107657882
forecast_6111,2025-09-12 15:00:00,2209.820472674694,2208.8471818113826,1082.197566357975
forecast_6112,2025-09-12 16:00:00,2553.5814423271277,2711.33629111164,1070.6418723137072
forecast_6113,2025-09-12 17:00:00,2980.9972878288468,3033.5578140467887,1153.5695883792985
forecast_6114,2025-09-12 18:00:00,3332.2477125133887,3306.003378228822,1462.0887179647152
forecast_6115,2025-09-12 19:00:00,3046.9642295000995,3155.645864730293,1348.864695949079
forecast_6116,2025-09-12 20:00:00,2962.1785572392932,2641.5944032225652,1025.1747155667285
forecast_6117,2025-09-12 21:00:00,4356.10123363143,4276.746158469347,2009.630293290781
forecast_6118,2025-09-12 22:00:00,4386.200447349403,5333.77450317728,3483.108747899575
forecast_6119,2025-09-12 23:00:00,4970.668887201144,6810.477211169764,3862.361436055458
forecast_6120,2025-09-13 00:00:00,5069.358680129151,6173.289477652633,3751.312294232156
forecast_6121,2025-09-13 01:00:00,5453.091345295385,4994.646743959833,3638.065972032155
forecast_6122,2025-09-13 02:00:00,5024.654197280635,5439.052560614395,3593.689427316123
forecast_6123,2025-09-13 03:00:00,6655.978422683495,6677.386066197469,4300.76946291963
forecast_6124,2025-09-13 04:00:00,5778.844079984739,6195.060998061466,3953.504121510796
forecast_6125,2025-09-13 05:00:00,7882.1429911830855,8598.375665978343,5280.367558540483
forecast_6126,2025-09-13 06:00:00,9763.003374285598,11042.29688879315,7782.434238497213
forecast_6127,2025-09-13 07:00:00,10303.491358524472,12642.965056352667,8834.751712154015
forecast_6128,2025-09-13 08:00:00,12154.404705910663,14617.458456617658,13515.659870349307
forecast_6129,2025-09-13 09:00:00,11939.986596217039,14880.774364751393,13511.927538553346
forecast_6130,2025-09-13 10:00:00,12410.043171129275,15028.24256440431,14142.730924632417
forecast_6131,2025-09-13 11:00:00,9835.457639827571,10882.242178554894,8917.119646473619
forecast_6132,2025-09-13 12:00:00,5736.797567352475,7188.593436060802,4914.025753594144
forecast_6133,2025-09-13 13:00:00,3982.9396919669184,4477.035035608007,2579.7710562342777
forecast_6134,2025-09-13 14:00:00,3251.052598859309,3545.623127030746,1917.7621451941034
forecast_6135,2025-09-13 15:00:00,2477.6143846395466,2686.2842520265303,1548.821874435823
forecast_6136,2025-09-13 16:00:00,2896.0994693283587,3519.122673630145,1768.6693745686302
forecast_6137,2025-09-13 17:00:00,2833.378370630438,3552.3047424915,2029.9220187359233
forecast_6138,2025-09-13 18:00:00,2871.8350500064494,2948.6819666592914,1878.8092576645079
forecast_6139,2025-09-13 19:00:00,1734.5474377209973,1877.4125957915076,1227.3303540044049
forecast_6140,2025-09-13 20:00:00,1251.0439564410633,1523.828955336632,693.4356299041744
forecast_6141,2025-09-13 21:00:00,722.8268059569909,840.6651253341913,498.3031952782101
forecast_6142,2025-09-13 22:00:00,1112.5097017452892,1247.4425715441378,431.3828228612098
forecast_6143,2025-09-13 23:00:00,1114.570873166022,1082.676202331257,465.6900606717837
forecast_6144,2025-09-14 00:00:00,1150.838855753776,1298.106247366609,450.94390085982417
forecast_6145,2025-09-14 01:00:00,1288.7782209767054,1190.7251567599255,479.2591735129187
forecast_6146,2025-09-14 02:00:00,1147.0574866876543,1338.298976730223,462.556443585284
forecast_6147,2025-09-14 03:00:00,1287.858395203695,1339.6138459827234,503.7423390787662
forecast_6148,2025-09-14 04:00:00,1201.908035967547,1236.6355310698834,469.9804083995456
forecast_6149,2025-09-14 05:00:00,1115.203642529631,1239.0155443924277,430.2849037224135
forecast_6150,2025-09-14 06:00:00,1149.1707411406512,1139.9783967833082,455.5906143426783
forecast_6151,2025-09-14 07:00:00,1290.8917333632166,1286.4663159463696,479.1672477382248
forecast_6152,2025-09-14 08:00:00,1231.5181997801224,1345.461585287568,533.2631931884241
forecast_6153,2025-09-14 09:00:00,1120.5183903664017,1446.93588763721,477.8206598225355
forecast_6154,2025-09-14 10:00:00,983.0663852831852,1455.9487021464165,713.5659159498397
forecast_6155,2025-09-14 11:00:00,1388.2234903933027,1763.014857916339,1206.3288881616372
forecast_6156,2025-09-14 12:00:00,1933.6987659459285,1933.9561578312957,1769.769698786626
forecast_6157,2025-09-14 13:00:00,1801.892077706906,1795.9019134367759,1610.28599334911
forecast_6158,2025-09-14 14:00:00,1971.7347655849294,1894.8451221647674,1753.535488370391
forecast_6159,2025-09-14 15:00:00,2383.472931658613,2194.3747868853798,1834.796472088931
forecast_6160,2025-09-14 16:00:00,2416.009861532442,2273.0102665574123,2004.2868858298577
forecast_6161,2025-09-14 17:00:00,2493.8755155354556,2398.7298455638856,2248.5992717859663
forecast_6162,2025-09-14 18:00:00,4753.059345597597,4329.982900551172,4190.365762685288
forecast_6163,2025-09-14 19:00:00,6461.879125751353,6086.80702073957,5233.079676579653
forecast_6164,2025-09-14 20:00:00,8247.844531303179,8759.126283623229,6261.820399793782
forecast_6165,2025-09-14 21:00:00,9514.954516747426,10396.80561176668,7888.004818020887
forecast_6166,2025-09-14 22:00:00,13309.718305499608,13508.744066726022,9890.262991650436
forecast_6167,2025-09-14 23:00:00,14128.468096099139,14439.094236450072,12148.980092511556
forecast_6168,2025-09-15 00:00:00,14515.982513180335,14771.027365712735,13044.505969827122
forecast_6169,2025-09-15 01:00:00,13119.334330477694,13587.94333478611,9007.238381622828
forecast_6170,2025-09-15 02:00:00,11421.927064739182,12005.685240103707,7511.44979303882
forecast_6171,2025-09-15 03:00:00,10843.38938995857,11546.555183278611,7035.307779700549
forecast_6172,2025-09-15 04:00:00,11593.48916535323,11162.88164552039,6671.044594777862
forecast_6173,2025-09-15 05:00:00,8776.506228961332,7897.414291186537,5368.881557435745
forecast_6174,2025-09-15 06:00:00,5832.727491695313,5833.2696197738305,3275.7024688617535
forecast_6175,2025-09-15 07:00:00,5011.44559747587,4425.69724472307,2770.20560075792
forecast_6176,2025-09-15 08:00:00,3005.5210315134923,2581.8326063677096,1356.832621680723
forecast_6177,2025-09-15 09:00:00,919.0236586744653,686.4903893336295,357.4947304931907
forecast_6178,2025-09-15 10:00:00,286.68495290088845,242.93292853200862,179.78843058672334
forecast_6179,2025-09-15 11:00:00,433.8480669156753,338.6215240706487,218.79234414264232
forecast_6180,2025-09-15 12:00:00,275.72340331023804,241.74526705206603,159.47112347263078
forecast_6181,2025-09-15 13:00:00,238.48087957567193,299.5460313890929,158.54817655639977
forecast_6182,2025-09-15 14:00:00,350.5189446538661,356.95849400359685,246.0049869180177
forecast_6183,2025-09-15 15:00:00,530.4621521210807,451.57569275087576,424.68152738484355
forecast_6184,2025-09-15 16:00:00,720.0984775395717,830.3091806451708,614.6376327292444
forecast_6185,2025-09-15 17:00:00,1645.8329085311343,1705.019133017426,1479.0488725165908
forecast_6186,2025-09-15 18:00:00,4472.646442223409,4217.52023202487,3231.8791588024
forecast_6187,2025-09-15 19:00:00,5139.078039691638,4863.258989772307,3569.004606520269
forecast_6188,2025-09-15 20:00:00,5456.477506249446,5183.639826761795,3988.4440882873937
forecast_6189,2025-09-15 21:00:00,4997.516868614736,4265.204310828105,3945.0000005695883
forecast_6190,2025-09-15 22:00:00,4291.20000932769,3293.0053680263795,3314.8008160261243
forecast_6191,2025-09-15 23:00:00,3653.5197831501773,3115.7657788212414,3076.239045378941
forecast_6192,2025-09-16 00:00:00,3689.2648317994976,3841.958390369513,3219.277057411906
forecast_6193,2025-09-16 01:00:00,6685.328518134143,6153.809821190896,4371.403468980383
forecast_6194,2025-09-16 02:00:00,7076.52329104416,6829.529248591152,4889.918278582419
forecast_6195,2025-09-16 03:00:00,7276.645270794526,7138.1588790709175,4363.912221013529
forecast_6196,2025-09-16 04:00:00,7684.132260415246,7487.619426101111,5160.646622742588
forecast_6197,2025-09-16 05:00:00,9144.702979062524,8259.544732938653,6507.324190724476
forecast_6198,2025-09-16 06:00:00,10658.04886126291,10454.161977891978,7391.740691655709
forecast_6199,2025-09-16 07:00:00,9274.061139798423,9431.645718986854,6304.8636826553675
forecast_6200,2025-09-16 08:00:00,7605.798329857953,7802.244470220074,5307.273319599639
forecast_6201,2025-09-16 09:00:00,6255.419344983909,6764.598292796368,4908.071854274024
forecast_6202,2025-09-16 10:00:00,6027.271181281291,5923.396777451844,4542.8400796796395
forecast_6203,2025-09-16 11:00:00,5127.008896585009,6379.426791803954,5210.232501448357
forecast_6204,2025-09-16 12:00:00,4762.8156637377015,5144.393285216057,4427.027134927116
forecast_6205,2025-09-16 13:00:00,4974.156841445823,4975.649940074754,4719.125669513735
forecast_6206,2025-09-16 14:00:00,5050.135059766942,5013.879025323846,4634.887100734864
forecast_6207,2025-09-16 15:00:00,6303.292501973602,6227.160515103782,6317.137950553461
forecast_6208,2025-09-16 16:00:00,6761.681815399043,7108.626085627842,7517.98614303563
forecast_6209,2025-09-16 17:00:00,6108.303798319052,6477.603367695667,6942.718542077878
forecast_6210,2025-09-16 18:00:00,6245.414857210865,7707.436734722847,6636.981207733713
forecast_6211,2025-09-16 19:00:00,7564.567608644068,9649.766144750156,7751.814406808131
forecast_6212,2025-09-16 20:00:00,7654.85675436976,9157.973723244151,7712.867125630774
forecast_6213,2025-09-16 21:00:00,9206.40598240049,10403.984986207675,8404.361177997704
forecast_6214,2025-09-16 22:00:00,7955.836166117069,9227.00516018229,7715.442054737132
forecast_6215,2025-09-16 23:00:00,8438.07949722127,9588.909350299322,8332.631531144765
forecast_6216,2025-09-17 00:00:00,8714.249135661266,9654.42825080064,8555.141481857156
forecast_6217,2025-09-17 01:00:00,12581.211528609423,14468.764713342141,13269.342647910371
forecast_6218,2025-09-17 02:00:00,13709.769684189932,15665.978917169565,15360.493189945528
forecast_6219,2025-09-17 03:00:00,14400.118164109263,16652.802530261142,15697.951472008868
forecast_6220,2025-09-17 04:00:00,14468.449041306796,16747.939208915344,16243.115620826784
forecast_6221,2025-09-17 05:00:00,14633.489107957459,16546.781185406915,15305.759620892171
forecast_6222,2025-09-17 06:00:00,14254.41647017625,16065.352782109938,14216.661648415515
forecast_6223,2025-09-17 07:00:00,12579.753521176528,13718.378290758821,11352.36921318007
forecast_6224,2025-09-17 08:00:00,8578.441530880817,9268.443325889937,7230.481264823106
forecast_6225,2025-09-17 09:00:00,6153.505298331753,7285.326601626705,5693.3250827703705
forecast_6226,2025-09-17 10:00:00,4491.971483496377,4799.905657702975,3254.2517459515802
forecast_6227,2025-09-17 11:00:00,3777.9369588789204,3935.346151340494,2155.823409684307
forecast_6228,2025-09-17 12:00:00,2486.855845928659,2665.4248772444544,1045.6916175295607
forecast_6229,2025-09-17 13:00:00,2650.6286143447765,2830.747374633825,1191.0808464972788
forecast_6230,2025-09-17 14:00:00,2868.4079843248965,3442.291805241246,2524.0871828175013
forecast_6231,2025-09-17 15:00:00,4923.762876066564,6186.989797329064,4148.176254620916
forecast_6232,2025-09-17 16:00:00,3492.662391686347,3537.1632941963644,2327.7269593398105
forecast_6233,2025-09-17 17:00:00,2438.1215811720695,2468.2155203675457,856.9035586648159
forecast_6234,2025-09-17 18:00:00,1637.1046660730478,1741.2433607440232,789.996932485286
forecast_6235,2025-09-17 19:00:00,1358.6571509943226,1385.7932102188438,596.1690899016704
forecast_6236,2025-09-17 20:00:00,1643.9461810993726,2008.3310202771563,814.2414390500585
forecast_6237,2025-09-17 21:00:00,1440.7290388340202,1787.158955282946,755.6650229566523
forecast_6238,2025-09-17 22:00:00,938.3071348870702,1103.221008135877,582.0938471321914
forecast_6239,2025-09-17 23:00:00,1280.5077187601441,1366.683794220632,771.2860821699726
forecast_6240,2025-09-18 00:00:00,1075.9552331305374,1144.3788697899113,720.8854588564984
forecast_6241,2025-09-18 01:00:00,954.6168483207856,880.3435495641977,361.89138418491
forecast_6242,2025-09-18 02:00:00,946.7253319899552,934.5381420165016,562.9988831178764
forecast_6243,2025-09-18 03:00:00,809.5854317939204,832.7994396655847,602.0753814614765
forecast_6244,2025-09-18 04:00:00,779.4196127424816,895.2252408802217,559.0330405273513
forecast_6245,2025-09-18 05:00:00,1546.7098198587285,1947.0570311004747,1349.7092033842137
forecast_6246,2025-09-18 06:00:00,2042.0669844376916,2758.515016050977,1920.3433800321206
forecast_6247,2025-09-18 07:00:00,3016.6550571662206,4206.122905240295,2732.003133269452
forecast_6248,2025-09-18 08:00:00,2947.565604382352,4339.579977565277,2610.830033238158
forecast_6249,2025-09-18 09:00:00,3039.8306288632916,4254.301403010653,2744.8393569244895
forecast_6250,2025-09-18 10:00:00,2911.69144277951,4565.642477963364,2983.1960266981014
forecast_6251,2025-09-18 11:00:00,2744.330266749189,3941.0749932360523,2770.4639504350544
forecast_6252,2025-09-18 12:00:00,1941.2882962552662,2776.098449025591,1968.7429381023653
forecast_6253,2025-09-18 13:00:00,1715.6193505360295,2589.8536056091643,1785.9721566173157
forecast_6254,2025-09-18 14:00:00,1285.271648676217,2025.4727230306962,1715.060430228658
forecast_6255,2025-09-18 15:00:00,1189.7254822290527,1853.9383059366894,1624.4129253915062
forecast_6256,2025-09-18 16:00:00,1073.0325308056813,1528.9949109569798,1221.0307188565928
forecast_6257,2025-09-18 17:00:00,1262.2495393817387,1822.1552624494452,1363.5732151011662
forecast_6258,2025-09-18 18:00:00,1969.036858260969,2508.2807579265354,1340.9893805365118
forecast_6259,2025-09-18 19:00:00,2232.8231877443336,2710.8390404941224,1264.7190630405732
forecast_6260,2025-09-18 20:00:00,2144.9111354193724,2598.4848154433907,1179.7391838998258
forecast_6261,2025-09-18 21:00:00,1683.290179871438,1881.5145185194206,849.7928830868649
forecast_6262,2025-09-18 22:00:00,2359.320897995873,2965.9044185382054,1196.9159559346922
forecast_6263,2025-09-18 23:00:00,2210.177045575412,2781.9152480282537,1191.4437212611092
forecast_6264,2025-09-19 00:00:00,2267.8937406743785,2754.967162427817,973.3205405207877
forecast_6265,2025-09-19 01:00:00,2345.1348486984734,2892.7066260357765,1017.0221704014897
forecast_6266,2025-09-19 02:00:00,2065.3108539255945,2407.145648603427,985.6888136666099
forecast_6267,2025-09-19 03:00:00,2296.1515029740553,2567.0723181108256,948.0042050320756
forecast_6268,2025-09-19 04:00:00,2191.733717935664,2345.0111510845554,839.5996579190673
forecast_6269,2025-09-19 05:00:00,2161.940289956836,2026.7290586815225,687.9331795280598
forecast_6270,2025-09-19 06:00:00,1456.5089500423426,1223.9769225730126,368.6481838249754
forecast_6271,2025-09-19 07:00:00,1339.5477257923767,1190.5417855042062,328.745397596961
forecast_6272,2025-09-19 08:00:00,1062.3645696969493,1093.5899336321613,330.6442364458641
forecast_6273,2025-09-19 09:00:00,951.6822429904064,1005.505309707531,378.0922306170609
forecast_6274,2025-09-19 10:00:00,738.1207781576679,557.4443656334067,281.89789640468956
forecast_6275,2025-09-19 11:00:00,440.45196138627506,405.7823982140759,236.5580231342205
forecast_6276,2025-09-19 12:00:00,516.0048078925438,408.44235652203486,220.4029515315604
forecast_6277,2025-09-19 13:00:00,324.12381062011747,316.67927469442486,128.7539285704252
forecast_6278,2025-09-19 14:00:00,304.5665636981253,365.7586407421988,128.746674790186
forecast_6279,2025-09-19 15:00:00,462.243253676537,472.82370280913017,129.07029801588345
forecast_6280,2025-09-19 16:00:00,481.15436275549143,469.9935056166104,137.19280468270748
forecast_6281,2025-09-19 17:00:00,582.4359118275358,854.7703376516348,165.62342101735194
forecast_6282,2025-09-19 18:00:00,1049.2313739805227,996.5463904472001,340.7156744915706
forecast_6283,2025-09-19 19:00:00,1550.5354667326635,1508.5446947243017,601.501670033055
forecast_6284,2025-09-19 20:00:00,1832.5196907370187,1722.948473778004,662.0572698362091
forecast_6285,2025-09-19 21:00:00,2368.039047201916,2203.480910275415,918.361671390255
forecast_6286,2025-09-19 22:00:00,3849.3456182507143,3540.4732068204826,1638.8734521873894
forecast_6287,2025-09-19 23:00:00,4092.1364304944573,4274.412201240873,1928.0100538905542
forecast_6288,2025-09-20 00:00:00,4957.112251958856,4516.854364274072,2234.9768459115317
forecast_6289,2025-09-20 01:00:00,6454.144598600511,6810.064923359488,2830.1706191552025
forecast_6290,2025-09-20 02:00:00,7689.970266417969,7332.775533010881,3492.6680163300825
forecast_6291,2025-09-20 03:00:00,5331.858075735211,5014.971757195756,2550.3986797042385
forecast_6292,2025-09-20 04:00:00,5229.042430810716,5507.838347379477,3166.164210426371
forecast_6293,2025-09-20 05:00:00,5413.960571837536,6232.733615610589,3563.3460609384474
forecast_6294,2025-09-20 06:00:00,5394.336431208597,6109.24953088463,4390.456399355708
forecast_6295,2025-09-20 07:00:00,5222.92444555784,5433.645276982175,3843.0267539862643
forecast_6296,2025-09-20 08:00:00,3778.8423643182973,3841.0361234814486,2171.988014339843
forecast_6297,2025-09-20 09:00:00,2274.9417334923596,1855.7820085746314,1170.6744627637254
forecast_6298,2025-09-20 10:00:00,961.3146766385871,883.2894923260413,532.7183597006053
forecast_6299,2025-09-20 11:00:00,2138.0770115565374,1673.1161692721494,1157.350812976648
forecast_6300,2025-09-20 12:00:00,2202.1270459356006,2046.9144761070336,1541.7998835689818
forecast_6301,2025-09-20 13:00:00,3754.637491419964,3424.06585871285,2188.004243844044
forecast_6302,2025-09-20 14:00:00,3101.6855535793184,3016.577352872048,1835.9032653317797
forecast_6303,2025-09-20 15:00:00,2776.9556689242563,2467.8578110936905,1297.0058971447058
forecast_6304,2025-09-20 16:00:00,1856.8389610616946,1983.1928522384667,1207.1642358637505
forecast_6305,2025-09-20 17:00:00,1701.8061212655743,1855.6611047061276,808.4950918172103
forecast_6306,2025-09-20 18:00:00,1468.2229591918745,1526.5143745821235,806.5189705796333
forecast_6307,2025-09-20 19:00:00,1340.663792660651,1542.7222924713892,758.9049945157687
forecast_6308,2025-09-20 20:00:00,2194.8670466188373,2516.9543541185044,1373.7931830362115
forecast_6309,2025-09-20 21:00:00,2357.6326449302974,2813.8028815804587,1824.0927216449984
forecast_6310,2025-09-20 22:00:00,2824.6011810600826,3629.4287863645636,2100.5066685564
forecast_6311,2025-09-20 23:00:00,3112.4177404328034,3492.431858679353,1893.757433163268
forecast_6312,2025-09-21 00:00:00,3047.283004509948,3535.2935083620105,1908.9827686723868
forecast_6313,2025-09-21 01:00:00,2969.705894725827,3911.5735521206807,2550.991172186
forecast_6314,2025-09-21 02:00:00,3028.5173063281486,4432.420653174741,2857.2778353747613
forecast_6315,2025-09-21 03:00:00,3128.755872288177,4345.276947788986,2514.054606939253
forecast_6316,2025-09-21 04:00:00,3080.0020054388624,3829.5565317158907,2555.329643310093
forecast_6317,2025-09-21 05:00:00,3109.1535730925584,3660.998000794678,2182.1015322388953
forecast_6318,2025-09-21 06:00:00,3498.53247681436,3841.2552080739656,2300.4549443666956
forecast_6319,2025-09-21 07:00:00,3763.538551327223,4150.174371430157,2637.0898492414367
forecast_6320,2025-09-21 08:00:00,3480.125547585844,4677.83856973464,2677.007233310751
forecast_6321,2025-09-21 09:00:00,2561.7690938414103,3028.116741793643,2068.0229787169533
forecast_6322,2025-09-21 10:00:00,1535.7165460217946,2203.1313212501723,1551.285778941649
forecast_6323,2025-09-21 11:00:00,820.1140817968663,1043.199671963655,889.7771584356784
forecast_6324,2025-09-21 12:00:00,923.8625693944598,1310.023897731626,897.385237258024
forecast_6325,2025-09-21 13:00:00,950.7216837778495,1405.7947254963865,1073.1072331001826
forecast_6326,2025-09-21 14:00:00,1064.676738516165,1464.3136418845531,1157.615739217662
forecast_6327,2025-09-21 15:00:00,930.4585415562193,1325.5640874003514,1017.214927428923
forecast_6328,2025-09-21 16:00:00,972.5564165523359,1592.2156719911407,1118.0282213751823
forecast_6329,2025-09-21 17:00:00,1226.8975170576286,1691.3463934180347,1464.9715023256178
forecast_6330,2025-09-21 18:00:00,1548.389737930581,2125.1965537533742,1445.385901744346
forecast_6331,2025-09-21 19:00:00,2388.4663008827947,2824.360405060617,1847.794275874851
forecast_6332,2025-09-21 20:00:00,2562.5827190580985,3157.062810731153,1756.535182480718
forecast_6333,2025-09-21 21:00:00,3132.7737359648695,3577.5650370069925,1490.3835214664
forecast_6334,2025-09-21 22:00:00,3747.0852084472854,4540.7305806695595,1860.4915185518425
forecast_6335,2025-09-21 23:00:00,4850.703542560388,5600.958317116856,2415.971887459479
forecast_6336,2025-09-22 00:00:00,5301.96939801893,6265.304662066573,2750.1471446348473
forecast_6337,2025-09-22 01:00:00,5057.10399669882,5135.217465723321,2022.474547525239
forecast_6338,2025-09-22 02:00:00,5427.787510183922,5718.46022075407,2188.7385884200985
forecast_6339,2025-09-22 03:00:00,5750.022739990526,6516.723064918724,2692.5009650042816
forecast_6340,2025-09-22 04:00:00,5736.387975070367,6372.176286859268,2632.5949783745837
forecast_6341,2025-09-22 05:00:00,5719.494569370295,6643.657714853036,2748.56720325519
forecast_6342,2025-09-22 06:00:00,5026.087595882142,5496.084628131557,2169.7818768076418
forecast_6343,2025-09-22 07:00:00,4884.418106596691,5156.340578141674,2100.990537858795
forecast_6344,2025-09-22 08:00:00,4235.553381554346,4884.910318323631,2401.053241442698
forecast_6345,2025-09-22 09:00:00,4172.215121769376,5202.519769172363,2586.478569845082
forecast_6346,2025-09-22 10:00:00,4758.627872999601,6275.204894663876,3672.2166266985982
forecast_6347,2025-09-22 11:00:00,3509.07934880644,4667.595006983685,3248.8359573852563
forecast_6348,2025-09-22 12:00:00,2747.453108034303,3843.334608295952,2915.5174398091817
forecast_6349,2025-09-22 13:00:00,2256.3013507599744,3223.6954900313895,2490.5189719659443
forecast_6350,2025-09-22 14:00:00,2236.511132429168,3165.5296328799054,2382.946768544511
forecast_6351,2025-09-22 15:00:00,2134.057999367082,3044.535506019424,2297.164768486658
forecast_6352,2025-09-22 16:00:00,1922.7946020864729,2777.4614827102764,2064.718555506866
forecast_6353,2025-09-22 17:00:00,1751.2392432592662,2586.930797614127,1753.7998909148594
forecast_6354,2025-09-22 18:00:00,2083.143873419328,2532.104828228819,1247.137515168426
forecast_6355,2025-09-22 19:00:00,2699.4715707189102,2875.3134098430087,1328.0813676394112
forecast_6356,2025-09-22 20:00:00,2918.6743247567574,2922.1453351773685,1415.5312117174321
forecast_6357,2025-09-22 21:00:00,2979.670853675912,2989.698409273116,1213.0845614134544
forecast_6358,2025-09-22 22:00:00,3082.7505886186295,3274.1216715268483,1265.4671572197194
forecast_6359,2025-09-22 23:00:00,2614.640316799671,2616.456453755246,1032.5115280023924
forecast_6360,2025-09-23 00:00:00,2740.6210497909633,2564.8344876010738,1082.5943966213854
forecast_6361,2025-09-23 01:00:00,860.252447696843,838.7846151096244,243.18274656771922
forecast_6362,2025-09-23 02:00:00,926.6005413094111,928.8503499118248,219.49164436256416
forecast_6363,2025-09-23 03:00:00,850.4727606205048,893.3207496768371,233.71255205556133
forecast_6364,2025-09-23 04:00:00,1019.2738703907506,1000.3338307912777,320.60039244618304
forecast_6365,2025-09-23 05:00:00,1324.0908984792793,1427.824374890896,355.9629491941505
forecast_6366,2025-09-23 06:00:00,1883.3321816061064,2028.2241014378612,608.0460860733074
forecast_6367,2025-09-23 07:00:00,2496.580179057537,2257.520009031115,967.352833279451
forecast_6368,2025-09-23 08:00:00,2707.5474516357826,2223.184314017268,961.6473823272256
forecast_6369,2025-09-23 09:00:00,2373.431991814516,2266.6916091128155,1092.4027365203888
forecast_6370,2025-09-23 10:00:00,1628.0929557989573,1695.2984120549845,999.5670710409643
forecast_6371,2025-09-23 11:00:00,1043.889780294978,1233.407987367638,895.684142914602
forecast_6372,2025-09-23 12:00:00,919.5852444761973,1016.0523211947095,680.9761953860913
forecast_6373,2025-09-23 13:00:00,955.0783922024399,1053.2428931052766,857.2037370700693
forecast_6374,2025-09-23 14:00:00,824.1603679755538,898.3283922351712,621.7589011689479
forecast_6375,2025-09-23 15:00:00,850.0933928920442,871.07189054188,625.5566390578389
forecast_6376,2025-09-23 16:00:00,800.6379632311116,940.7304527824175,643.732844502323
forecast_6377,2025-09-23 17:00:00,882.2626184513117,983.399245485913,552.4180674106588
forecast_6378,2025-09-23 18:00:00,1559.312856952491,1694.3214182594975,783.0362076721783
forecast_6379,2025-09-23 19:00:00,2152.588980282289,2177.98945138543,783.4834923910392
forecast_6380,2025-09-23 20:00:00,2443.292608645561,1975.8469388989904,745.8748009695128
forecast_6381,2025-09-23 21:00:00,2273.060407982034,1895.092084355313,664.0191722127713
forecast_6382,2025-09-23 22:00:00,2264.088193889371,2029.0592428600835,806.9992885926891
forecast_6383,2025-09-23 23:00:00,2103.168662255924,1905.1935866129163,772.614258662517
forecast_6384,2025-09-24 00:00:00,2289.311729563402,2185.075483796809,810.4922899044429
forecast_6385,2025-09-24 01:00:00,2459.224662350974,1874.3976254293418,826.4153806638366
forecast_6386,2025-09-24 02:00:00,2697.5380824963486,2434.2249635633943,812.5962206356625
forecast_6387,2025-09-24 03:00:00,3064.941709066795,2887.9179310417867,962.8161362675893
forecast_6388,2025-09-24 04:00:00,3226.172894651019,3185.0188926125074,1723.2377234685835
forecast_6389,2025-09-24 05:00:00,3911.5852956324493,4476.520651122203,2251.363317392511
forecast_6390,2025-09-24 06:00:00,4370.366993212295,4691.866239876454,2780.341793004248
forecast_6391,2025-09-24 07:00:00,3819.9675635759436,3987.0526077174095,2111.780692270379
forecast_6392,2025-09-24 08:00:00,3164.4016200301244,3588.637009669355,1835.0758640882816
forecast_6393,2025-09-24 09:00:00,3228.9070392476324,3740.988422897125,2254.748301851602
forecast_6394,2025-09-24 10:00:00,4139.9041459953705,4883.830737747651,3746.722918120838
forecast_6395,2025-09-24 11:00:00,6401.79237903594,8868.234063095126,5526.654775724019
forecast_6396,2025-09-24 12:00:00,6752.534791099572,9456.751964341303,6764.230913962322
forecast_6397,2025-09-24 13:00:00,7801.737930016841,10641.117012420873,8049.081911143709
forecast_6398,2025-09-24 14:00:00,9060.66522725621,11876.897316471404,9378.353536522392
forecast_6399,2025-09-24 15:00:00,8265.250174284336,10681.114130714006,8866.199871488443
forecast_6400,2025-09-24 16:00:00,8161.538674760047,10114.341632332531,8436.87931040883
forecast_6401,2025-09-24 17:00:00,6677.651184551319,8857.768914166792,6188.428965161038
forecast_6402,2025-09-24 18:00:00,7802.6203893912725,10378.040797965294,6094.299992230608
forecast_6403,2025-09-24 19:00:00,8336.165438870768,10480.527082848226,7604.110013366984
forecast_6404,2025-09-24 20:00:00,9249.216834775865,11362.740538919514,9608.748459025679
forecast_6405,2025-09-24 21:00:00,11208.7837441445,13447.132033881573,11975.21676588727
forecast_6406,2025-09-24 22:00:00,12474.6623234393,15331.032904885025,12921.578275619662
forecast_6407,2025-09-24 23:00:00,13972.14270169704,16669.71098274005,14905.271139334354
forecast_6408,2025-09-25 00:00:00,14194.908114451155,16806.92970992773,15081.814511935934
forecast_6409,2025-09-25 01:00:00,14167.292799401095,15705.678080966665,14636.69709198863
forecast_6410,2025-09-25 02:00:00,14550.283887065365,16019.153459953626,14680.183403583778
forecast_6411,2025-09-25 03:00:00,13878.488124070464,15465.807725316225,14109.322398323158
forecast_6412,2025-09-25 04:00:00,14548.888419157916,16210.894398451934,14815.791041811144
forecast_6413,2025-09-25 05:00:00,14877.599932833065,16582.891469455244,15059.146969612886
forecast_6414,2025-09-25 06:00:00,14668.292605960363,16961.077488283736,14769.685278391276
forecast_6415,2025-09-25 07:00:00,14383.365254961634,15365.734456965944,14520.809173970425
forecast_6416,2025-09-25 08:00:00,13003.69327633724,13839.707356876876,12815.63032032332
forecast_6417,2025-09-25 09:00:00,12880.051749092305,13844.025093506922,12041.400615374507
forecast_6418,2025-09-25 10:00:00,12806.764649026461,13817.560592583945,12225.2344616283
forecast_6419,2025-09-25 11:00:00,12611.095893009466,13540.446301612918,12875.474022735916
forecast_6420,2025-09-25 12:00:00,12780.990363971445,14089.188250114526,11633.4305758552
forecast_6421,2025-09-25 13:00:00,13607.20246898219,14131.171881556056,11309.89729115729
forecast_6422,2025-09-25 14:00:00,12370.877817690956,12670.441460489938,10497.590500447866
forecast_6423,2025-09-25 15:00:00,11311.106997702867,12517.559330932429,11117.817020530643
forecast_6424,2025-09-25 16:00:00,12170.313372508472,12382.434748671676,11509.118070631248
forecast_6425,2025-09-25 17:00:00,11466.991893722708,12375.740177611153,10913.259326123223
forecast_6426,2025-09-25 18:00:00,12579.854043225941,12746.14098268144,11403.248754458307
forecast_6427,2025-09-25 19:00:00,13485.905453783544,14280.676407620444,12985.491330839077
forecast_6428,2025-09-25 20:00:00,14566.273737659278,15294.974968641682,13451.082544644989
forecast_6429,2025-09-25 21:00:00,15318.5720081415,15111.813244104478,12781.0565557313
forecast_6430,2025-09-25 22:00:00,14163.275141487202,14484.742184719342,10922.653343836502
forecast_6431,2025-09-25 23:00:00,13261.531962206993,13590.91004178723,9658.506755911407
forecast_6432,2025-09-26 00:00:00,13533.230195158778,13417.026518110897,9910.24693890921
forecast_6433,2025-09-26 01:00:00,9324.012811314447,8403.967963176701,6241.3455971925705
forecast_6434,2025-09-26 02:00:00,7849.439664314899,7595.301302930892,5152.150860302715
forecast_6435,2025-09-26 03:00:00,7272.416212188519,6259.60796698763,4492.7955068759775
forecast_6436,2025-09-26 04:00:00,5941.659143621967,4776.649062245444,3275.6126330584893
forecast_6437,2025-09-26 05:00:00,3498.561586564361,2665.6606119272906,1909.679785256147
forecast_6438,2025-09-26 06:00:00,1961.1585549700994,1482.0845041883501,1135.280953472813
forecast_6439,2025-09-26 07:00:00,943.629570685839,798.0230375587543,483.3462447077689
forecast_6440,2025-09-26 08:00:00,400.9777047834363,369.3676594717981,137.97022407766832
forecast_6441,2025-09-26 09:00:00,285.4467374515152,256.98461235260476,116.508755972781
forecast_6442,2025-09-26 10:00:00,196.01860630073026,139.4363631861797,78.24279126925302
forecast_6443,2025-09-26 11:00:00,104.13696569791675,127.38063092948191,76.25788247581261
forecast_6444,2025-09-26 12:00:00,123.68342317279101,129.4794605364744,76.2110363498647
forecast_6445,2025-09-26 13:00:00,91.33540675893188,122.38359455112699,79.14557557969367
forecast_6446,2025-09-26 14:00:00,100.95107760271208,136.66056227591514,89.43487804146123
forecast_6447,2025-09-26 15:00:00,145.456031261861,145.87322117492903,105.51609656205852
forecast_6448,2025-09-26 16:00:00,159.45082816735027,150.99345705872284,119.78005086639938
forecast_6449,2025-09-26 17:00:00,279.69219838000623,231.6873148147819,103.27104006614758
forecast_6450,2025-09-26 18:00:00,281.63743339068486,226.99417475024472,124.77512499178043
forecast_6451,2025-09-26 19:00:00,285.0152829283187,235.34135375544372,104.88135369721434
forecast_6452,2025-09-26 20:00:00,258.38553529298036,224.54355682513793,77.59464369040795
forecast_6453,2025-09-26 21:00:00,278.27189226032027,227.9346700610044,74.91911500336337
forecast_6454,2025-09-26 22:00:00,435.7321296518065,329.87493193165955,100.86277524031496
forecast_6455,2025-09-26 23:00:00,464.04796237947664,375.2395017067608,119.57510985809265
forecast_6456,2025-09-27 00:00:00,519.9783335633441,451.40120578286087,110.01672445447251
forecast_6457,2025-09-27 01:00:00,364.824021891415,309.9033614042192,92.54471610863239
forecast_6458,2025-09-27 02:00:00,455.63076544101193,411.71260302897036,81.91694105108279
forecast_6459,2025-09-27 03:00:00,503.0144477765288,458.3717524043241,99.18200984455343
forecast_6460,2025-09-27 04:00:00,614.7095431046904,440.38183811841174,109.13357095734045
forecast_6461,2025-09-27 05:00:00,644.3203607449047,541.7378082063242,140.40490768979302
forecast_6462,2025-09-27 06:00:00,950.6899730454184,719.560033045511,251.87481399644994
forecast_6463,2025-09-27 07:00:00,1807.4893419140476,1361.5335736968368,548.9903407197061
forecast_6464,2025-09-27 08:00:00,1996.853197911953,1658.51112725111,720.0228495613195
forecast_6465,2025-09-27 09:00:00,1462.88814467254,1164.3833742249785,518.2665321130748
forecast_6466,2025-09-27 10:00:00,781.4038521506887,668.9199125838501,301.9411598444779
forecast_6467,2025-09-27 11:00:00,240.46599309739585,281.35291653478254,145.5172372546085
forecast_6468,2025-09-27 12:00:00,183.51595252049995,197.33075354702783,138.80530264343273
forecast_6469,2025-09-27 13:00:00,170.49973539259273,210.47110431828048,139.1716947241677
forecast_6470,2025-09-27 14:00:00,176.26839405198822,203.42446858596503,137.9859039504361
forecast_6471,2025-09-27 15:00:00,480.60994990221707,364.5965199525278,185.64849001870016
forecast_6472,2025-09-27 16:00:00,591.1208285980773,433.446469281614,243.71622689569207
forecast_6473,2025-09-27 17:00:00,620.1282445214518,637.5121584486551,315.8196321956767
forecast_6474,2025-09-27 18:00:00,798.8832732003211,795.7371537689411,310.6211998677379
forecast_6475,2025-09-27 19:00:00,1186.021237141857,1327.2939203129836,532.3811849915846
forecast_6476,2025-09-27 20:00:00,995.5930968143905,1165.479598592907,449.0314111764368
forecast_6477,2025-09-27 21:00:00,741.7299572849539,789.0535496399858,338.28092884576284
forecast_6478,2025-09-27 22:00:00,1315.6245382906848,1360.8323387743137,870.3374677321556
forecast_6479,2025-09-27 23:00:00,1395.996517405782,1363.2050850689118,913.1524061612749
forecast_6480,2025-09-28 00:00:00,1222.1488829503892,1158.8007249788272,636.3059546920105
forecast_6481,2025-09-28 01:00:00,2528.2195543111106,3929.0973668783454,1988.2168197290523
forecast_6482,2025-09-28 02:00:00,3914.5896955987723,4923.8167851772905,3123.894237157174
forecast_6483,2025-09-28 03:00:00,4177.248773041294,4837.942454715591,3105.014846891079
forecast_6484,2025-09-28 04:00:00,3901.3128236147695,4801.739815559682,3223.007569080581
forecast_6485,2025-09-28 05:00:00,4139.575582981062,4357.978999753989,3351.0258622922915
forecast_6486,2025-09-28 06:00:00,2895.8650354279407,4030.953785596042,1938.8912146949401
forecast_6487,2025-09-28 07:00:00,2558.6012562674764,3309.716712057796,1574.3526298190693
forecast_6488,2025-09-28 08:00:00,2234.6242335608104,3176.5419215942416,1851.7215443355756
forecast_6489,2025-09-28 09:00:00,2205.2837998674113,2482.79063439025,1577.5881221916684
forecast_6490,2025-09-28 10:00:00,4359.487905077404,4970.248982072191,3206.487695980895
forecast_6491,2025-09-28 11:00:00,4890.817894421803,5495.672754757794,3152.6370495149536
forecast_6492,2025-09-28 12:00:00,3349.1103612597835,3910.615463980413,2080.789129666901
forecast_6493,2025-09-28 13:00:00,2045.9207409793928,2511.854176084914,1081.873583720873
forecast_6494,2025-09-28 14:00:00,3353.0670750376294,3917.4076834696557,1663.0106545276415
forecast_6495,2025-09-28 15:00:00,4625.481920823735,5329.931426871622,2875.1376251261413
forecast_6496,2025-09-28 16:00:00,4596.211285270958,5393.141389376139,2410.247012461301
forecast_6497,2025-09-28 17:00:00,4653.25920560036,6241.201086735065,2784.677705232311
forecast_6498,2025-09-28 18:00:00,3908.7238194179695,5079.6492925786,2884.103830848304
forecast_6499,2025-09-28 19:00:00,3716.7032918027567,3958.9586126580452,2615.9480679880576
forecast_6500,2025-09-28 20:00:00,3990.0533056685913,4195.3245826965385,2781.602791212325
forecast_6501,2025-09-28 21:00:00,5460.600972608395,4860.885620209113,3924.4617648391613
forecast_6502,2025-09-28 22:00:00,5853.142491273505,5060.230408423235,3306.2721723073423
forecast_6503,2025-09-28 23:00:00,5218.904214194198,5248.284809804769,3098.9577304135883
forecast_6504,2025-09-29 00:00:00,5031.990580182845,5407.1581173199575,2920.0664863852294
forecast_6505,2025-09-29 01:00:00,3243.8740354716956,3169.0174818782284,1693.7577350051727
forecast_6506,2025-09-29 02:00:00,2874.53569794411,2615.3575082784996,1309.2277900523102
forecast_6507,2025-09-29 03:00:00,2953.773855659628,2539.5835456734176,1451.8231432750365
forecast_6508,2025-09-29 04:00:00,3266.000627533128,3046.9369869381753,1752.5878684763875
forecast_6509,2025-09-29 05:00:00,3082.9169572539577,2674.186053915553,1609.842848908507
forecast_6510,2025-09-29 06:00:00,2311.483801098903,1920.8236534755567,1265.2202975261239
forecast_6511,2025-09-29 07:00:00,1563.5155326042347,1314.3587063391167,910.2006186632198
forecast_6512,2025-09-29 08:00:00,930.7726320429553,712.8521139879323,531.7882103708173
forecast_6513,2025-09-29 09:00:00,582.146370529106,439.7001046295983,355.4998618364916
forecast_6514,2025-09-29 10:00:00,200.19789796673948,191.83325441997633,139.27696391881952
forecast_6515,2025-09-29 11:00:00,164.94094351834798,143.47162413447742,111.36461809935217
forecast_6516,2025-09-29 12:00:00,157.1162169896221,159.77450990138811,128.12328931065088
forecast_6517,2025-09-29 13:00:00,127.06915126434548,147.5631384424471,129.35978998803284
forecast_6518,2025-09-29 14:00:00,611.3656218130587,671.4779092252871,474.05693797912846
forecast_6519,2025-09-29 15:00:00,751.5176587684492,693.4397256867949,513.0837024139526
forecast_6520,2025-09-29 16:00:00,825.7417251677455,769.5264894080867,576.748173248041
forecast_6521,2025-09-29 17:00:00,659.6529352442026,692.769167867179,368.63759492239654
forecast_6522,2025-09-29 18:00:00,367.5621808654957,366.4854424514322,148.05974037593776
forecast_6523,2025-09-29 19:00:00,422.1739721507607,359.27953436496085,138.43376924135273
forecast_6524,2025-09-29 20:00:00,387.330464269222,368.2036791550598,135.13393833939548
forecast_6525,2025-09-29 21:00:00,410.61837188618745,444.7210751296147,168.20317456994357
forecast_6526,2025-09-29 22:00:00,895.701949279535,868.5461059568139,363.8241436588057
forecast_6527,2025-09-29 23:00:00,1269.0604640026208,1642.1192093900352,699.8574068206059
forecast_6528,2025-09-30 00:00:00,1190.4134103299364,978.8610731484056,493.8477604619343
forecast_6529,2025-09-30 01:00:00,1710.4468722049332,2080.804418702711,983.8597624464384
forecast_6530,2025-09-30 02:00:00,1920.2734024171536,1772.2645481308034,1320.122190238472
forecast_6531,2025-09-30 03:00:00,1851.1756095785015,1496.3209971653162,880.5716971234192
forecast_6532,2025-09-30 04:00:00,3269.9258253458306,2577.540499366416,1889.2237939033005
forecast_6533,2025-09-30 05:00:00,2188.6909713424834,2011.338978160549,1350.1790770948153
forecast_6534,2025-09-30 06:00:00,1557.6020822659607,1711.5553735667177,1080.9132602544803
forecast_6535,2025-09-30 07:00:00,1116.4796221835525,1010.9914099870535,625.7528192375071
forecast_6536,2025-09-30 08:00:00,956.8154536749482,785.8533538510235,792.2530656007871
forecast_6537,2025-09-30 09:00:00,436.81126486041137,677.2944170905897,389.2271005900923
forecast_6538,2025-09-30 10:00:00,438.4852646494938,437.903413217316,443.11972659009894
forecast_6539,2025-09-30 11:00:00,371.9156606063098,386.74146225064766,285.84306880553004
forecast_6540,2025-09-30 12:00:00,1013.9161897278356,1220.9571904276943,1061.2981630095137
forecast_6541,2025-09-30 13:00:00,558.9468499147013,573.4472869757807,501.02134947830285
forecast_6542,2025-09-30 14:00:00,837.8849860744197,780.456559914246,646.932576623542
forecast_6543,2025-09-30 15:00:00,963.4183025107417,1146.365462499742,892.2705179703719
forecast_6544,2025-09-30 16:00:00,1112.1139732880058,1086.2437747334923,859.1846110279295
forecast_6545,2025-09-30 17:00:00,1622.1668709525165,1543.702892346908,1198.2315896591
forecast_6546,2025-09-30 18:00:00,3227.588326377977,3006.7058568865045,2225.0253524298832
forecast_6547,2025-09-30 19:00:00,2500.3310437417585,2450.948287839469,1881.8109968882122
forecast_6548,2025-09-30 20:00:00,3691.2817819140428,3973.261022197198,2810.110806717027
forecast_6549,2025-09-30 21:00:00,4401.190376700529,4541.656763975373,3356.135375645857
forecast_6550,2025-09-30 22:00:00,5147.712925985126,4726.508416137671,3825.060215351345
forecast_6551,2025-09-30 23:00:00,5709.202506953077,4901.467238765544,4196.2398306049
forecast_6552,2025-10-01 00:00:00,7434.713851960525,6479.995164587269,5222.53390117814
forecast_6553,2025-10-01 01:00:00,8385.344474968379,8313.346149494166,5795.53371899604
forecast_6554,2025-10-01 02:00:00,9121.314096986542,9183.375143480147,5981.956436585967
forecast_6555,2025-10-01 03:00:00,7821.374214183069,8177.1037667755945,5270.395983319659
forecast_6556,2025-10-01 04:00:00,7924.2552717141725,8126.309963248931,5263.320871943362
forecast_6557,2025-10-01 05:00:00,7196.005538194408,7023.907793757554,4516.451508006492
forecast_6558,2025-10-01 06:00:00,7747.0355943574505,7281.451247573799,4457.297549517075
forecast_6559,2025-10-01 07:00:00,6434.533823928191,6221.767992326263,3137.8090150524113
forecast_6560,2025-10-01 08:00:00,3486.6805177786814,2763.199106223243,1315.0860966752405
forecast_6561,2025-10-01 09:00:00,2768.9351387253473,1801.837203818839,1303.220696069728
forecast_6562,2025-10-01 10:00:00,1469.2769162280565,859.2466451310036,609.5571128632423
forecast_6563,2025-10-01 11:00:00,580.5335804789296,514.6540914018591,470.7091163128807
forecast_6564,2025-10-01 12:00:00,681.3593663042085,517.1584367044422,501.0949381383608
forecast_6565,2025-10-01 13:00:00,1314.406567239007,1076.2938260407304,783.738665116542
forecast_6566,2025-10-01 14:00:00,1413.895769123828,1087.0398013133265,715.5715299102435
forecast_6567,2025-10-01 15:00:00,1290.856557730202,1091.3788008610245,807.1800369768708
forecast_6568,2025-10-01 16:00:00,1338.1514968359695,1290.1585358950085,784.1431218835846
forecast_6569,2025-10-01 17:00:00,1467.2318059728811,1554.3910747075004,872.2099127254385
forecast_6570,2025-10-01 18:00:00,3345.386268139065,3415.110955372876,1991.4751449728255
forecast_6571,2025-10-01 19:00:00,5529.315816978629,5276.521441693429,3765.1377242729423
forecast_6572,2025-10-01 20:00:00,5968.858101383932,5845.557402182604,3998.4251994583387
forecast_6573,2025-10-01 21:00:00,5634.287246620717,5741.190181581164,3916.3513703411227
forecast_6574,2025-10-01 22:00:00,5051.975764925116,4799.188071186495,3572.1372890724633
forecast_6575,2025-10-01 23:00:00,4042.098033588025,3477.4151396471925,2918.9447547959016
forecast_6576,2025-10-02 00:00:00,4479.865189688074,4200.736831496104,3148.246737430197
forecast_6577,2025-10-02 01:00:00,5915.5059453355525,6674.134958333525,3970.4255771609464
forecast_6578,2025-10-02 02:00:00,5941.899673848274,6699.009202477855,4033.208312307971
forecast_6579,2025-10-02 03:00:00,5201.70363634883,5287.963633243192,2775.0473151036153
forecast_6580,2025-10-02 04:00:00,3807.414510527251,3300.466012511705,2230.834467884536
forecast_6581,2025-10-02 05:00:00,2730.4987975150702,2095.9970063009637,1805.469776932358
forecast_6582,2025-10-02 06:00:00,2182.2509551845815,1647.5653955572448,1396.3234346669685
forecast_6583,2025-10-02 07:00:00,1911.7828544234578,1505.9983805543975,1040.3329139984965
forecast_6584,2025-10-02 08:00:00,891.6711566380284,754.2614660396406,509.5480343058044
forecast_6585,2025-10-02 09:00:00,491.2016852871128,261.4948777012545,138.7802333212065
forecast_6586,2025-10-02 10:00:00,163.4933435390864,135.01905801947834,76.1989740409874
forecast_6587,2025-10-02 11:00:00,103.23419063821943,124.56457065325591,73.58480052623707
forecast_6588,2025-10-02 12:00:00,100.99371781818715,116.15390258062524,83.01164812013965
forecast_6589,2025-10-02 13:00:00,110.6283582776777,121.66433643343397,81.66671605004788
forecast_6590,2025-10-02 14:00:00,130.15363594627166,157.56440242208092,111.90449302043547
forecast_6591,2025-10-02 15:00:00,116.70354240067641,147.38518122447113,99.93747090830728
forecast_6592,2025-10-02 16:00:00,160.1076791655928,144.65913568006852,94.86942087552646
forecast_6593,2025-10-02 17:00:00,183.24818051203482,172.72266691135655,72.3734265045928
forecast_6594,2025-10-02 18:00:00,267.71413553379335,200.12771512995283,79.05524322653199
forecast_6595,2025-10-02 19:00:00,280.88684693134763,230.59994604316879,76.85400479609602
forecast_6596,2025-10-02 20:00:00,283.77777636170276,248.57695630817676,86.64804834142424
forecast_6597,2025-10-02 21:00:00,302.4789647550191,288.4185562170854,86.26129206525498
forecast_6598,2025-10-02 22:00:00,352.18502711254627,301.9139169350294,89.40156931294867
forecast_6599,2025-10-02 23:00:00,390.3514925566327,393.45901024705284,88.17986537103985
forecast_6600,2025-10-03 00:00:00,542.282971143724,521.5703766328788,99.12753963532604
forecast_6601,2025-10-03 01:00:00,1601.8177063721803,1622.964859918402,587.1217111727648
forecast_6602,2025-10-03 02:00:00,1768.5568261348844,1904.1414722132872,535.8516279070886
forecast_6603,2025-10-03 03:00:00,1641.696002393047,1661.071126550053,542.2564370519015
forecast_6604,2025-10-03 04:00:00,1745.7694259516707,1814.54089729365,556.0048180668222
forecast_6605,2025-10-03 05:00:00,1737.185577022913,1868.1696820174845,656.1133455375038
forecast_6606,2025-10-03 06:00:00,2373.4572086294665,2664.2703939203648,977.7440468142443
forecast_6607,2025-10-03 07:00:00,2498.276660634999,2607.9207127891764,924.4103913590791
forecast_6608,2025-10-03 08:00:00,2798.9563403826746,2787.9137827400773,976.6438272135654
forecast_6609,2025-10-03 09:00:00,2996.1049530876912,2888.6814710663007,1202.3802918551469
forecast_6610,2025-10-03 10:00:00,3141.6724919560234,3202.4090958545003,2111.42444839032
forecast_6611,2025-10-03 11:00:00,3198.3599218674995,3422.09193070292,2453.8160308250626
forecast_6612,2025-10-03 12:00:00,3639.350120454842,4704.800584920748,3366.061340278632
forecast_6613,2025-10-03 13:00:00,3045.6009761011405,3455.5618055952204,2295.8538598201717
forecast_6614,2025-10-03 14:00:00,3211.932798521272,3593.5798248743945,2401.4226151787298
forecast_6615,2025-10-03 15:00:00,2672.3992208202344,2735.225258627127,1413.3140641594448
forecast_6616,2025-10-03 16:00:00,3108.4625940918104,3447.772047782281,1983.5345673772758
forecast_6617,2025-10-03 17:00:00,3953.5438353769587,3936.8453507206277,1960.790888916016
forecast_6618,2025-10-03 18:00:00,4212.034428141068,3538.507527308125,1709.1890372578714
forecast_6619,2025-10-03 19:00:00,5937.609502328529,5809.265973329892,3172.071162700936
forecast_6620,2025-10-03 20:00:00,6433.360672843505,5723.354738882322,3431.452021331056
forecast_6621,2025-10-03 21:00:00,4844.248436743162,4750.701924181704,2164.6921692167334
forecast_6622,2025-10-03 22:00:00,4404.399632203612,4120.942242700119,1855.7905858269678
forecast_6623,2025-10-03 23:00:00,3708.559036955026,3615.4641392078124,1550.6604619141565
forecast_6624,2025-10-04 00:00:00,3556.279307690126,3399.967503667023,1581.7889665983846
forecast_6625,2025-10-04 01:00:00,3293.140003114596,3131.5419643168643,1238.085400054736
forecast_6626,2025-10-04 02:00:00,2435.187020905588,2616.9876091943647,824.4496754607204
forecast_6627,2025-10-04 03:00:00,2630.6075538465216,2584.814305856154,991.239847588407
forecast_6628,2025-10-04 04:00:00,2669.108629298762,2678.7753604504287,988.1182518614329
forecast_6629,2025-10-04 05:00:00,2549.4069053460134,2553.4696243996696,1049.7072575479256
forecast_6630,2025-10-04 06:00:00,2397.8210239744003,2303.906639346583,793.2213697956615
forecast_6631,2025-10-04 07:00:00,2289.1302501003925,2128.6325526102682,967.5696316850702
forecast_6632,2025-10-04 08:00:00,2076.194161949636,2264.2007033827576,1178.1388405399794
forecast_6633,2025-10-04 09:00:00,2110.5821627293794,2315.264642867618,978.313541871952
forecast_6634,2025-10-04 10:00:00,1049.8648841296872,1446.8180150033759,520.4476472382637
forecast_6635,2025-10-04 11:00:00,775.5097343001502,1176.1544261548763,512.5432822703615
forecast_6636,2025-10-04 12:00:00,810.4475609479782,1112.9196103005183,526.6698141223492
forecast_6637,2025-10-04 13:00:00,816.0629102042154,980.9658887886081,669.2403978692761
forecast_6638,2025-10-04 14:00:00,672.4471784607522,887.8743409623005,668.3496153930589
forecast_6639,2025-10-04 15:00:00,627.3099190909811,749.1787714091076,520.7184092884478
forecast_6640,2025-10-04 16:00:00,849.1304886879211,864.7249314015809,586.980045808798
forecast_6641,2025-10-04 17:00:00,1016.4699834648208,1032.5530057295905,796.5849376272123
forecast_6642,2025-10-04 18:00:00,1211.9886610059525,1271.427145256562,814.164861114178
forecast_6643,2025-10-04 19:00:00,1088.8511130678044,977.547419451414,831.0481902253136
forecast_6644,2025-10-04 20:00:00,1311.5903511498543,1021.1880612702245,742.9101185586132
forecast_6645,2025-10-04 21:00:00,1401.748922890627,1234.2905859885068,690.8498215754292
forecast_6646,2025-10-04 22:00:00,1001.9202833878334,735.8995873273344,299.8396956731824
forecast_6647,2025-10-04 23:00:00,702.9840037218653,672.3906743868891,225.6312276667566
forecast_6648,2025-10-05 00:00:00,479.4651116579859,405.14704634140435,143.121869172483
forecast_6649,2025-10-05 01:00:00,531.8820899116918,424.3494700952937,300.8798682990993
forecast_6650,2025-10-05 02:00:00,513.5466023051036,404.8125925202804,239.23684502408128
forecast_6651,2025-10-05 03:00:00,529.3745224912788,377.93081678849455,203.83888628513145
forecast_6652,2025-10-05 04:00:00,311.74657560276495,274.14208206884166,99.22254487107077
forecast_6653,2025-10-05 05:00:00,328.1473597025348,286.86368099654044,108.29129105338727
forecast_6654,2025-10-05 06:00:00,305.54825492931826,232.9984054963312,90.43165603970832
forecast_6655,2025-10-05 07:00:00,391.9869346082889,296.04325373464417,116.13555339064594
forecast_6656,2025-10-05 08:00:00,309.4073587847867,259.7267728092113,86.8237638458965
forecast_6657,2025-10-05 09:00:00,329.6015608982431,261.9817158445185,92.20286916757733
forecast_6658,2025-10-05 10:00:00,251.09483544661694,189.3859884747913,88.03475958785249
forecast_6659,2025-10-05 11:00:00,417.21716228517545,299.38563922699046,130.39304550303396
forecast_6660,2025-10-05 12:00:00,245.08037158574345,208.66903811754128,85.18081268835932
forecast_6661,2025-10-05 13:00:00,264.80196870321,200.81946949657979,113.09394829565439
forecast_6662,2025-10-05 14:00:00,277.8793061603702,221.48322240569368,96.09861317026272
forecast_6663,2025-10-05 15:00:00,289.22633303795635,372.76855431527474,203.69732470705517
forecast_6664,2025-10-05 16:00:00,379.4030644041711,384.28485583759465,159.8983767950176
forecast_6665,2025-10-05 17:00:00,391.10807955495727,409.19070681317095,204.62966815078948
forecast_6666,2025-10-05 18:00:00,488.2033165128758,488.77704392965785,341.35444018017284
forecast_6667,2025-10-05 19:00:00,639.0952606263162,654.0926095958984,500.42678053946844
forecast_6668,2025-10-05 20:00:00,753.1747365032561,795.1963195857846,410.40713364154215
forecast_6669,2025-10-05 21:00:00,881.0345866436112,938.5730271602818,399.484585415843
forecast_6670,2025-10-05 22:00:00,775.0409311826085,801.548397379101,353.82727448402824
forecast_6671,2025-10-05 23:00:00,810.5646283043317,910.4742546669783,319.2526618994971
forecast_6672,2025-10-06 00:00:00,770.5909548910715,786.9421365437124,240.03129114229628
forecast_6673,2025-10-06 01:00:00,775.6092981489796,838.4792179272107,315.97641252048857
forecast_6674,2025-10-06 02:00:00,1253.2053284751846,1300.4764870237284,469.14497978288114
forecast_6675,2025-10-06 03:00:00,2709.6860470552706,2696.625561835147,1177.1557170121841
forecast_6676,2025-10-06 04:00:00,2792.005088299136,3117.0774932516856,1356.1853683721554
forecast_6677,2025-10-06 05:00:00,2937.8382586875923,3523.8006918130436,1812.0717541363808
forecast_6678,2025-10-06 06:00:00,3240.5793623255263,4099.404189168356,2298.123398145411
forecast_6679,2025-10-06 07:00:00,5844.999365514902,7590.405486692829,5215.392482825411
forecast_6680,2025-10-06 08:00:00,7471.979288043009,9592.595113203968,7080.655318615067
forecast_6681,2025-10-06 09:00:00,7838.261850270628,9834.22856780667,7371.3826140757255
forecast_6682,2025-10-06 10:00:00,7395.358753496484,9653.327788898969,7149.244545564981
forecast_6683,2025-10-06 11:00:00,6362.949012402528,8103.798161141119,5735.663733630682
forecast_6684,2025-10-06 12:00:00,5595.620178270761,6885.53735591433,5212.905174954989
forecast_6685,2025-10-06 13:00:00,4186.0492942638375,5180.215328846922,3525.3960001763026
forecast_6686,2025-10-06 14:00:00,3222.1293611162896,4235.754862267529,2734.077511929576
forecast_6687,2025-10-06 15:00:00,3246.122231806842,3928.378839882427,2089.949167124927
forecast_6688,2025-10-06 16:00:00,3143.068254365249,4220.045938665185,2389.3212268161155
forecast_6689,2025-10-06 17:00:00,4412.674631304693,5693.627693127315,3931.714010698881
forecast_6690,2025-10-06 18:00:00,5952.64196606115,6774.547523682719,5739.242467144462
forecast_6691,2025-10-06 19:00:00,6029.185704976407,6678.729712028635,5288.4938787935835
forecast_6692,2025-10-06 20:00:00,6785.874180724245,7979.996335810214,6081.914553166172
forecast_6693,2025-10-06 21:00:00,8285.626903258484,9699.147913805027,7396.471475011796
forecast_6694,2025-10-06 22:00:00,9925.592756916969,11171.548650328912,8599.142319353925
forecast_6695,2025-10-06 23:00:00,10470.745951095572,12351.794994035534,9232.39067646065
forecast_6696,2025-10-07 00:00:00,11546.11348284057,14774.792169760532,11643.784387601963
forecast_6697,2025-10-07 01:00:00,9245.397494647059,11010.715988897327,8400.440530719607
forecast_6698,2025-10-07 02:00:00,8120.613351835549,9558.699841789856,6984.097299010992
forecast_6699,2025-10-07 03:00:00,7962.357192871711,9603.096410674738,6666.616408915679
forecast_6700,2025-10-07 04:00:00,7639.146262385461,9071.267607075366,6336.323340499058
forecast_6701,2025-10-07 05:00:00,7749.380802689608,8786.711512667922,5452.671174955992
forecast_6702,2025-10-07 06:00:00,7912.040316507466,9145.954096328793,6081.710941602159
forecast_6703,2025-10-07 07:00:00,5780.843609554188,7227.57804615846,4340.877287789875
forecast_6704,2025-10-07 08:00:00,4881.116337563683,6352.0931131020725,3995.2439250219422
forecast_6705,2025-10-07 09:00:00,4872.111538533916,5845.846251864401,3904.415377102874
forecast_6706,2025-10-07 10:00:00,4127.537381832885,4887.146529855134,3073.344104339335
forecast_6707,2025-10-07 11:00:00,3549.3688330100426,4568.894317278355,2694.4558854540232
forecast_6708,2025-10-07 12:00:00,3160.003392267001,3845.631529640616,1923.3786733782072
forecast_6709,2025-10-07 13:00:00,2841.253557765939,3533.085788567854,1621.4993939993094
forecast_6710,2025-10-07 14:00:00,2626.656771431166,2741.2774638260958,1259.3831754363675
forecast_6711,2025-10-07 15:00:00,2402.2078827579367,2481.0088311463887,1026.211574132405
forecast_6712,2025-10-07 16:00:00,2112.1436581328308,2084.003618722812,689.8747663595766
forecast_6713,2025-10-07 17:00:00,1717.5981365433818,1650.8561068176764,505.0473830965023
forecast_6714,2025-10-07 18:00:00,1177.5377200789892,1229.010574765029,471.44047692124127
forecast_6715,2025-10-07 19:00:00,1082.9719345374851,1063.5355795010753,355.6961570837945
forecast_6716,2025-10-07 20:00:00,880.1265608331356,870.4176160435456,228.4294943578107
forecast_6717,2025-10-07 21:00:00,531.743290062476,467.52930719790925,240.172582169346
forecast_6718,2025-10-07 22:00:00,503.46830922718067,501.82451180046394,170.28681487377847
forecast_6719,2025-10-07 23:00:00,509.48971004447174,538.9559197743672,273.4940270619165
forecast_6720,2025-10-08 00:00:00,519.9359692691546,346.4875799537156,205.78021939308033
forecast_6721,2025-10-08 01:00:00,316.8930533986001,240.7066939157466,129.41539736119228
forecast_6722,2025-10-08 02:00:00,317.27810548208856,257.60617906852593,112.26314683541165
forecast_6723,2025-10-08 03:00:00,353.2706076624459,266.2188096894628,134.05063559157892
forecast_6724,2025-10-08 04:00:00,450.0086203401058,333.8096429658435,153.59204065012779
forecast_6725,2025-10-08 05:00:00,595.4637953950847,464.0379242238411,252.4772477507964
forecast_6726,2025-10-08 06:00:00,583.2742332516461,526.8331713985175,216.44937684296644
forecast_6727,2025-10-08 07:00:00,596.2750868022482,529.7783039692011,227.16052893092814
forecast_6728,2025-10-08 08:00:00,641.9831019011021,513.4187176715817,202.94382978868697
forecast_6729,2025-10-08 09:00:00,598.1760504444869,534.4918061089315,223.00277378472975
forecast_6730,2025-10-08 10:00:00,565.4954365512855,593.9813618267017,376.81085443089205
forecast_6731,2025-10-08 11:00:00,464.3419390233008,474.52499093117854,246.4962596173654
forecast_6732,2025-10-08 12:00:00,402.54422667898774,326.49220887808883,207.65270246984218
forecast_6733,2025-10-08 13:00:00,314.0794459411165,302.2385539054849,194.20371158860303
forecast_6734,2025-10-08 14:00:00,283.123556407149,404.12679137103146,305.94762774949976
forecast_6735,2025-10-08 15:00:00,291.0948209231406,409.7516767896203,259.848674328709
forecast_6736,2025-10-08 16:00:00,440.68337062724004,566.2374684225057,354.54603726355106
forecast_6737,2025-10-08 17:00:00,745.3464477882566,904.3083088163413,439.2450443634003
forecast_6738,2025-10-08 18:00:00,1222.954348496658,1221.3300778093185,503.3203663513954
forecast_6739,2025-10-08 19:00:00,1969.6457868093507,2473.080450524728,1120.4550979250992
forecast_6740,2025-10-08 20:00:00,2831.9391188557825,3249.4199826434356,1430.6067699801386
forecast_6741,2025-10-08 21:00:00,2797.8741885412046,3145.07170551903,1516.8734607301876
forecast_6742,2025-10-08 22:00:00,3261.4235481222277,4062.909830372384,2475.217582557964
forecast_6743,2025-10-08 23:00:00,3631.1535235840206,4848.742191834796,2681.224714751315
forecast_6744,2025-10-09 00:00:00,4257.2768399049655,6071.010204600527,3198.621178904716
forecast_6745,2025-10-09 01:00:00,4396.209456796958,5769.406702067584,2928.0363937089314
forecast_6746,2025-10-09 02:00:00,4803.874105720419,6167.582057753236,3755.2723363779887
forecast_6747,2025-10-09 03:00:00,5181.039832551748,6609.273172395294,3361.8079314933475
forecast_6748,2025-10-09 04:00:00,4348.939555044287,5795.165795162805,3126.394706689073
forecast_6749,2025-10-09 05:00:00,4900.954151525137,6547.483834756092,3403.909729033061
forecast_6750,2025-10-09 06:00:00,5481.6996019315475,7007.165904458263,3740.1764491024514
forecast_6751,2025-10-09 07:00:00,4441.487937071329,6341.285424832598,3547.613506444115
forecast_6752,2025-10-09 08:00:00,4385.830293996625,5874.6795872964785,3198.3848965869192
forecast_6753,2025-10-09 09:00:00,4134.087022414509,5777.040158647628,3074.713805036718
forecast_6754,2025-10-09 10:00:00,3209.7493121635434,4777.733463785299,2664.5613360116195
forecast_6755,2025-10-09 11:00:00,2415.573088389214,3664.1705636140546,1868.8523999634592
forecast_6756,2025-10-09 12:00:00,2337.4430360648835,2993.528272264938,1532.4088127573277
forecast_6757,2025-10-09 13:00:00,1880.5603917942217,2293.2096732604173,1431.0622538252703
forecast_6758,2025-10-09 14:00:00,1508.9516599031472,1705.4567719932568,1018.3611634790041
forecast_6759,2025-10-09 15:00:00,1430.805815747648,1703.70105443307,944.1244508095192
forecast_6760,2025-10-09 16:00:00,1800.175093064039,2103.9551447431786,1082.0097816903562
forecast_6761,2025-10-09 17:00:00,1857.106798091501,1913.1575606474617,919.2763292748083
forecast_6762,2025-10-09 18:00:00,1945.052183559117,1965.204566703893,824.4469229095374
forecast_6763,2025-10-09 19:00:00,1996.6386086038065,1828.4225890770115,756.2439802588974
forecast_6764,2025-10-09 20:00:00,1786.2222647262306,1628.2979420183565,729.5219709477361
forecast_6765,2025-10-09 21:00:00,1608.315442401394,1346.6307421741135,575.4280095952304
forecast_6766,2025-10-09 22:00:00,1576.4033153722246,1147.8070044800727,454.70223574353116
forecast_6767,2025-10-09 23:00:00,1596.6481031579035,1219.10033663582,504.95933661173945
forecast_6768,2025-10-10 00:00:00,1480.0839937031767,1108.8500938651812,354.05685458877343
forecast_6769,2025-10-10 01:00:00,1727.4809412386692,1643.119406854902,440.86460498986753
forecast_6770,2025-10-10 02:00:00,1669.6599966012077,1612.8832364140467,498.6666777451601
forecast_6771,2025-10-10 03:00:00,2015.426837375863,1889.5880499305117,664.7348063749312
forecast_6772,2025-10-10 04:00:00,1967.511760363894,1780.838144357377,598.0416613458372
forecast_6773,2025-10-10 05:00:00,2021.4453955338186,1818.6848529725232,457.8589659394745
forecast_6774,2025-10-10 06:00:00,1989.1216326828912,1655.653037344091,496.43590846318364
forecast_6775,2025-10-10 07:00:00,1908.5494652737316,1573.2461641337409,491.2266890966832
forecast_6776,2025-10-10 08:00:00,1986.4756064057724,1681.8845198670474,545.0184791164736
forecast_6777,2025-10-10 09:00:00,2053.3395101636893,1779.4829942073923,580.1988203962134
forecast_6778,2025-10-10 10:00:00,1795.238491135225,1506.7166582237423,471.11681936018874
forecast_6779,2025-10-10 11:00:00,1637.6392513606334,1529.895962560105,578.9811002339192
forecast_6780,2025-10-10 12:00:00,1501.71523399428,1285.0811499948506,484.63565938594576
forecast_6781,2025-10-10 13:00:00,1072.3829895601582,982.6539823685474,456.91111581179746
forecast_6782,2025-10-10 14:00:00,1289.449983126465,1516.168987908793,507.2337535159279
forecast_6783,2025-10-10 15:00:00,1755.2641717357108,1765.2392088260497,709.4899065908013
forecast_6784,2025-10-10 16:00:00,1743.9836024752622,1577.671795580492,590.6559320472501
forecast_6785,2025-10-10 17:00:00,1694.2225951420298,1545.7317218005426,498.3936893562097
forecast_6786,2025-10-10 18:00:00,1618.8104089104643,1428.1891129651835,550.7468550812537
forecast_6787,2025-10-10 19:00:00,1953.3907858280072,1594.322768986923,681.4884649649342
forecast_6788,2025-10-10 20:00:00,2024.0291751695145,1755.2565237787576,779.5704367185074
forecast_6789,2025-10-10 21:00:00,2081.6760073779847,2180.5312819609526,922.736711096366
forecast_6790,2025-10-10 22:00:00,2455.5967316063256,2731.4723864316925,1173.8662678823034
forecast_6791,2025-10-10 23:00:00,2043.316972594438,2442.4503694501145,1042.8588229570844
forecast_6792,2025-10-11 00:00:00,2287.3024241685885,2685.8495972873893,1154.9960002180774
forecast_6793,2025-10-11 01:00:00,4987.221394325719,5554.767201938862,2382.7426892648496
forecast_6794,2025-10-11 02:00:00,3547.9263591233635,4092.7216954304686,2243.868685301556
forecast_6795,2025-10-11 03:00:00,3990.209925757146,5235.651156757546,2991.114685516897
forecast_6796,2025-10-11 04:00:00,5079.814848801148,6625.490275452825,4308.715728159241
forecast_6797,2025-10-11 05:00:00,7468.756957503994,9440.06206562682,5404.080014951108
forecast_6798,2025-10-11 06:00:00,6597.6491138095125,8890.931338720166,5396.814510500927
forecast_6799,2025-10-11 07:00:00,6911.257265808679,8942.502577715995,5279.444679120612
forecast_6800,2025-10-11 08:00:00,7633.509467848597,10078.996275674634,6402.418515298063
forecast_6801,2025-10-11 09:00:00,7337.899749523597,10060.56102872879,6361.2413525838965
forecast_6802,2025-10-11 10:00:00,7499.186397097735,9807.161606793701,5947.801329332868
forecast_6803,2025-10-11 11:00:00,6987.213285461384,8665.352322025488,6129.673018956652
forecast_6804,2025-10-11 12:00:00,7349.534224689697,9037.357466787511,6578.107132185916
forecast_6805,2025-10-11 13:00:00,8041.535155433529,10042.428257052215,8338.138751569257
forecast_6806,2025-10-11 14:00:00,7909.789101189606,9030.954075972733,8496.230887094796
forecast_6807,2025-10-11 15:00:00,9106.34236307742,9490.823805439646,8870.585613804844
forecast_6808,2025-10-11 16:00:00,10131.24597529248,11042.296272032094,10648.90864261098
forecast_6809,2025-10-11 17:00:00,9596.18488398351,10446.758466611918,9618.570712936686
forecast_6810,2025-10-11 18:00:00,9600.633363265257,10877.645591262748,9326.251676884352
forecast_6811,2025-10-11 19:00:00,10526.456153262363,12162.04140139566,10390.245689668043
forecast_6812,2025-10-11 20:00:00,11474.167284177103,12840.275412702566,10953.983723989542
forecast_6813,2025-10-11 21:00:00,10856.86462754397,12960.51936985559,10457.494160884187
forecast_6814,2025-10-11 22:00:00,9780.98462020601,11440.60783021725,8252.891723458608
forecast_6815,2025-10-11 23:00:00,9170.742038041946,11301.025788799021,8787.684939252655
forecast_6816,2025-10-12 00:00:00,9584.30194334513,11055.25008871163,9160.952609273929
forecast_6817,2025-10-12 01:00:00,9414.0371034311,11320.16015706981,9290.339079081365
forecast_6818,2025-10-12 02:00:00,8882.283400701766,9780.866768472255,8653.474069956343
forecast_6819,2025-10-12 03:00:00,6469.263292528764,8048.829515413233,6448.249837779992
forecast_6820,2025-10-12 04:00:00,6195.387184412855,6786.252482608586,5824.79727602915
forecast_6821,2025-10-12 05:00:00,3400.0984282761815,4056.3539328571446,3663.397088352647
forecast_6822,2025-10-12 06:00:00,2698.058568986763,3842.046972377317,2503.4938338082798
forecast_6823,2025-10-12 07:00:00,1658.1146717986164,2031.9998494851227,1547.0624435876846
forecast_6824,2025-10-12 08:00:00,2184.0755547016292,1943.004056207694,1372.2832645098533
forecast_6825,2025-10-12 09:00:00,2490.9611703924024,2835.5788004599053,1559.601030509918
forecast_6826,2025-10-12 10:00:00,3891.187647021153,4043.0642540375025,2676.335303193918
forecast_6827,2025-10-12 11:00:00,4382.543855193271,5542.729812331879,3849.70115259006
forecast_6828,2025-10-12 12:00:00,4032.845542669116,4572.813702680461,3183.5469243672887
forecast_6829,2025-10-12 13:00:00,3925.777848680704,4286.654590347889,3164.5146871802726
forecast_6830,2025-10-12 14:00:00,4350.143429572453,5701.124730194926,3925.4048945461323
forecast_6831,2025-10-12 15:00:00,4350.629548858428,5396.671396552887,3438.48104502232
forecast_6832,2025-10-12 16:00:00,3675.695128750312,4364.567841743026,3107.9580359106653
forecast_6833,2025-10-12 17:00:00,3617.51183971742,5113.131767187053,2815.5272512787556
forecast_6834,2025-10-12 18:00:00,4374.485821750012,6239.406785549003,4117.26737018565
forecast_6835,2025-10-12 19:00:00,5240.887427792803,7652.353242855948,5942.502409867003
forecast_6836,2025-10-12 20:00:00,5277.648892968113,7459.022043621091,5923.443017665956
forecast_6837,2025-10-12 21:00:00,5312.649476409733,6891.2535724553345,5430.479263506508
forecast_6838,2025-10-12 22:00:00,4047.8916968095127,5452.726944813674,3403.43406419611
forecast_6839,2025-10-12 23:00:00,3118.664981612631,4181.764377468495,2740.663613543543
forecast_6840,2025-10-13 00:00:00,3211.3660855682815,4221.601105823732,2476.165692615029
forecast_6841,2025-10-13 01:00:00,2334.378460001882,2475.0629276325294,989.1101589624503
forecast_6842,2025-10-13 02:00:00,2042.543737800123,2068.8123365297024,905.7119385290645
forecast_6843,2025-10-13 03:00:00,1634.881820841639,1550.4503617924747,651.3604842574612
forecast_6844,2025-10-13 04:00:00,1151.3702979503482,1140.898534985287,505.5387031136992
forecast_6845,2025-10-13 05:00:00,1500.9310349908676,1476.7482732655656,695.9319926554134
forecast_6846,2025-10-13 06:00:00,2264.599625255657,3075.8568605716996,1444.173841228291
forecast_6847,2025-10-13 07:00:00,3061.1121033039176,4025.3469537245937,2324.851520033191
forecast_6848,2025-10-13 08:00:00,3404.4144502242025,4532.374598447724,2238.529149145764
forecast_6849,2025-10-13 09:00:00,3087.522021264056,3595.753640597592,1792.3379397878564
forecast_6850,2025-10-13 10:00:00,3168.57650523075,4647.4422087384,2201.4691932913292
forecast_6851,2025-10-13 11:00:00,2783.1320997538924,3789.8886486428137,2073.3712945001535
forecast_6852,2025-10-13 12:00:00,2973.3228879271496,4140.782506207084,2391.1477549600895
forecast_6853,2025-10-13 13:00:00,2978.3141717609633,3986.6112458092693,2277.0836361546862
forecast_6854,2025-10-13 14:00:00,2961.424379274427,3949.473283139047,2465.61626121607
forecast_6855,2025-10-13 15:00:00,3495.705739820763,4358.932733303642,2676.0472552009255
forecast_6856,2025-10-13 16:00:00,3962.5580216617955,4795.068103621556,3046.19203070367
forecast_6857,2025-10-13 17:00:00,4047.65045253689,5183.1529021884135,3707.371966797095
forecast_6858,2025-10-13 18:00:00,4174.877136369498,5035.483392511693,2941.734632730194
forecast_6859,2025-10-13 19:00:00,4313.609210220971,5151.2433720803165,3517.5557557527823
forecast_6860,2025-10-13 20:00:00,4416.60156874465,4930.383308572277,2847.5662869217053
forecast_6861,2025-10-13 21:00:00,4564.333615427332,5657.274969622557,3977.944053816543
forecast_6862,2025-10-13 22:00:00,5525.073215880179,6245.309416126061,4543.26149875845
forecast_6863,2025-10-13 23:00:00,5175.737919664708,6214.8568441096995,3070.9290928713194
forecast_6864,2025-10-14 00:00:00,5227.931391079275,5901.84854175104,3658.889137971766
forecast_6865,2025-10-14 01:00:00,6707.268703932017,7365.665156682133,4316.506872254956
forecast_6866,2025-10-14 02:00:00,6826.868582627734,7685.048967209083,4703.414769666458
forecast_6867,2025-10-14 03:00:00,6720.236561711168,7032.005919667785,4818.004330884743
forecast_6868,2025-10-14 04:00:00,5716.584829979152,6436.091199157913,3501.1129825883913
forecast_6869,2025-10-14 05:00:00,4917.343994293798,6054.94482357644,2941.8642707746535
forecast_6870,2025-10-14 06:00:00,5005.333044061097,5474.6477637929875,2662.586449553345
forecast_6871,2025-10-14 07:00:00,4247.281347012155,5064.903167197752,2577.5530848933927
forecast_6872,2025-10-14 08:00:00,3897.3279084130454,4744.988595066702,2723.68335481129
forecast_6873,2025-10-14 09:00:00,4051.898018555786,5426.751535447039,3581.3776159946533
forecast_6874,2025-10-14 10:00:00,4224.864734891743,5443.8664255153335,3465.588722759766
forecast_6875,2025-10-14 11:00:00,4493.279279136408,5360.561490134346,3490.5452159859924
forecast_6876,2025-10-14 12:00:00,4111.449769369215,5413.473213619193,3364.140829467583
forecast_6877,2025-10-14 13:00:00,3671.122613592557,4790.628926778499,3223.081577786752
forecast_6878,2025-10-14 14:00:00,3682.1603194423606,5080.93619403127,3439.8670928883193
forecast_6879,2025-10-14 15:00:00,3778.275059778699,5168.57638480264,3488.461194086665
forecast_6880,2025-10-14 16:00:00,2649.7644710019576,3760.682501904017,2572.490280410237
forecast_6881,2025-10-14 17:00:00,3390.2708896183644,4186.23721955929,3080.4356909388002
forecast_6882,2025-10-14 18:00:00,3418.521163707554,4060.7487746534603,2593.0649234370503
forecast_6883,2025-10-14 19:00:00,2864.2038886652126,3624.7360402887757,2226.625980864172
forecast_6884,2025-10-14 20:00:00,3436.164190259664,3875.6389975330135,2405.3272707371516
forecast_6885,2025-10-14 21:00:00,2986.8639639214175,3978.291166318305,2100.4782964867663
forecast_6886,2025-10-14 22:00:00,3138.7784267321945,3829.0634872538208,2098.235525962736
forecast_6887,2025-10-14 23:00:00,3241.124775378482,3896.815743695833,1890.6422851613402
forecast_6888,2025-10-15 00:00:00,3157.3424447655184,3693.6003380500056,1871.9429133074489
forecast_6889,2025-10-15 01:00:00,3165.151848572272,3602.864657832705,1659.013002352441
forecast_6890,2025-10-15 02:00:00,3475.5330716041863,3337.714134463751,1454.151603357524
forecast_6891,2025-10-15 03:00:00,3136.7030250485045,3168.2112379782525,1384.311674677879
forecast_6892,2025-10-15 04:00:00,2813.662371398632,3191.004729743326,1309.1755843342055
forecast_6893,2025-10-15 05:00:00,2568.2064951660877,2925.311738367505,1210.294350859851
forecast_6894,2025-10-15 06:00:00,2782.9325080688473,2938.2477279375707,1205.6958576570748
forecast_6895,2025-10-15 07:00:00,2690.530186328701,2855.8900857786684,949.857903195347
forecast_6896,2025-10-15 08:00:00,2502.007669670193,2437.8388961187097,971.5029577299757
forecast_6897,2025-10-15 09:00:00,2170.5388807673153,2095.1636838006025,915.8853504472952
forecast_6898,2025-10-15 10:00:00,1564.4879186279875,1475.9572032319024,722.3631218648846
forecast_6899,2025-10-15 11:00:00,1448.515870579379,1249.2733748325995,853.6965495861855
forecast_6900,2025-10-15 12:00:00,1239.4706540757297,1109.078010920853,787.8543781856162
forecast_6901,2025-10-15 13:00:00,1003.6872424830589,1020.8413281171254,681.7458132652527
forecast_6902,2025-10-15 14:00:00,874.2917455165078,879.9515064867984,561.0299184832991
forecast_6903,2025-10-15 15:00:00,933.2440296570901,837.3053997311479,595.9451756037206
forecast_6904,2025-10-15 16:00:00,1054.8022619121716,1036.6707685122074,606.0971214403719
forecast_6905,2025-10-15 17:00:00,1668.9826411766294,1646.487866715457,627.0257139606624
forecast_6906,2025-10-15 18:00:00,1347.0500163167899,1333.356397998871,494.74393215365285
forecast_6907,2025-10-15 19:00:00,1757.5857741659447,1678.6239526608222,539.8853963701342
forecast_6908,2025-10-15 20:00:00,2369.500224660152,2585.7579990113168,965.1323734756153
forecast_6909,2025-10-15 21:00:00,2685.3603089503704,2579.953902050575,1108.621391359235
forecast_6910,2025-10-15 22:00:00,3601.2187959459807,3533.1417043998754,1432.58159493352
forecast_6911,2025-10-15 23:00:00,4355.130506456193,4241.068206305177,2099.37670265346
forecast_6912,2025-10-16 00:00:00,4508.1404542227,4608.552143409681,2293.6240327290734
forecast_6913,2025-10-16 01:00:00,2802.341570139075,2441.95455660888,1051.2930116072755
forecast_6914,2025-10-16 02:00:00,2328.8806370665534,2978.1749087173134,1596.0612490622646
forecast_6915,2025-10-16 03:00:00,1851.2000717058875,2063.8851197423173,1308.2944163521954
forecast_6916,2025-10-16 04:00:00,1189.4348844358165,1219.3274192690321,844.3348234971252
forecast_6917,2025-10-16 05:00:00,2595.2926219448505,2698.359520617507,1606.4298892236054
forecast_6918,2025-10-16 06:00:00,2230.6308235293186,2409.1978648010613,1237.8367910069285
forecast_6919,2025-10-16 07:00:00,2729.0516082004483,4029.863282159781,2764.083337184086
forecast_6920,2025-10-16 08:00:00,3584.9451702268684,4612.566099648085,3347.7466034317476
forecast_6921,2025-10-16 09:00:00,3786.5322469542552,4842.096966801205,3169.1385927331125
forecast_6922,2025-10-16 10:00:00,3867.157727527505,4624.153976181384,2759.5966010604493
forecast_6923,2025-10-16 11:00:00,3920.753917708383,4418.000026748007,2877.683630205573
forecast_6924,2025-10-16 12:00:00,3758.7891254067176,4351.192397584622,2870.77510979016
forecast_6925,2025-10-16 13:00:00,4029.907420091942,4582.471738339461,2899.3498066705847
forecast_6926,2025-10-16 14:00:00,4464.51897546702,5383.655528821065,3220.555745292699
forecast_6927,2025-10-16 15:00:00,3258.7297848818816,4435.546063589037,2558.4645261108653
forecast_6928,2025-10-16 16:00:00,2809.645791301249,3225.1947302408844,2124.4729073247154
forecast_6929,2025-10-16 17:00:00,2647.3937294642496,3139.201155563328,2003.8819338461842
forecast_6930,2025-10-16 18:00:00,2661.467241142816,3286.0982014433202,2282.500377242489
forecast_6931,2025-10-16 19:00:00,2919.827115024056,3707.270187356045,2318.4486711790464
forecast_6932,2025-10-16 20:00:00,3067.6809241268666,4024.6931294969518,2538.708888946675
forecast_6933,2025-10-16 21:00:00,3108.478147213163,4078.1623241424763,2376.5352626004856
forecast_6934,2025-10-16 22:00:00,2908.5969339636567,3657.2089972255726,1989.9293310289013
forecast_6935,2025-10-16 23:00:00,3254.210661415753,3808.768993569123,1874.3218094706197
forecast_6936,2025-10-17 00:00:00,3402.981889312315,3904.5661492471795,1590.1674079431243
forecast_6937,2025-10-17 01:00:00,3133.6961099463233,4022.237790062625,1818.8360321154541
forecast_6938,2025-10-17 02:00:00,3231.228281988481,3917.757039015123,1832.3130402720035
forecast_6939,2025-10-17 03:00:00,3238.8872444576673,3413.926856483639,1523.0472038542198
forecast_6940,2025-10-17 04:00:00,3295.832241858311,3506.5790958916245,1488.85416117693
forecast_6941,2025-10-17 05:00:00,3101.3459589874237,3097.6611032147666,1267.5277260790765
forecast_6942,2025-10-17 06:00:00,2762.72221934382,2403.603281798728,857.7578282211883
forecast_6943,2025-10-17 07:00:00,2091.1458486050446,2009.7625755338984,673.1628206601692
forecast_6944,2025-10-17 08:00:00,2241.47015115963,2049.331571451084,583.5565965199182
forecast_6945,2025-10-17 09:00:00,1896.852414902642,1643.5408404709485,689.5888596690888
forecast_6946,2025-10-17 10:00:00,1363.724125955926,1132.1825190986037,500.62676770402544
forecast_6947,2025-10-17 11:00:00,961.2072108441988,825.1910940331701,385.2348173472767
forecast_6948,2025-10-17 12:00:00,668.1890564705461,530.2917003304456,273.7049106197147
forecast_6949,2025-10-17 13:00:00,626.4846194281687,579.4193380178951,275.95245243548715
forecast_6950,2025-10-17 14:00:00,688.1096200720963,545.9519782449958,333.7077088399586
forecast_6951,2025-10-17 15:00:00,805.6671863056862,706.6535480434184,489.58332579882665
forecast_6952,2025-10-17 16:00:00,966.9461548437787,771.4891630847811,551.7260006629875
forecast_6953,2025-10-17 17:00:00,958.1282065094402,997.4553284395963,598.1832042882044
forecast_6954,2025-10-17 18:00:00,1661.6573167483944,1529.1981485221772,554.5869676343286
forecast_6955,2025-10-17 19:00:00,1967.4256904424503,2342.7700946628643,1069.4799833231616
forecast_6956,2025-10-17 20:00:00,2420.4550657585655,2798.281871620845,1379.4400324629673
forecast_6957,2025-10-17 21:00:00,3787.5530259684892,4210.619777409549,2166.517588401697
forecast_6958,2025-10-17 22:00:00,5079.272018223448,4946.357633649765,2382.2134007498453
forecast_6959,2025-10-17 23:00:00,4806.057704086689,4785.409852776816,2738.4647376379066
forecast_6960,2025-10-18 00:00:00,4249.005539585894,4071.33738351817,1883.719116866506
forecast_6961,2025-10-18 01:00:00,3106.8454886048203,3110.3473552749765,1389.0305899083007
forecast_6962,2025-10-18 02:00:00,3797.273031788597,4691.789225206393,2221.744749483267
forecast_6963,2025-10-18 03:00:00,4059.676980158406,4528.653729319788,1742.0455105123904
forecast_6964,2025-10-18 04:00:00,4160.653227746943,4877.825383687006,1819.1617967140517
forecast_6965,2025-10-18 05:00:00,4148.763532895356,3919.530656007901,2373.948963870823
forecast_6966,2025-10-18 06:00:00,3085.2043773470486,3031.868541640359,2010.7561130934585
forecast_6967,2025-10-18 07:00:00,2425.801299741052,2448.763417593809,1612.1068366908376
forecast_6968,2025-10-18 08:00:00,1900.155548508675,2326.288458719607,1321.052683060518
forecast_6969,2025-10-18 09:00:00,1679.0333483841328,1920.2186440683442,1058.7568906507217
forecast_6970,2025-10-18 10:00:00,1589.665098104759,1665.0651191258999,920.4923741415022
forecast_6971,2025-10-18 11:00:00,1732.882392674918,1874.7860738631425,990.5357215435145
forecast_6972,2025-10-18 12:00:00,1841.9473300105476,1887.708343835739,1076.880917743448
forecast_6973,2025-10-18 13:00:00,1937.7615878949969,2081.943120472559,1231.9540983444856
forecast_6974,2025-10-18 14:00:00,1588.3468716909833,2067.4335300033217,1199.740483925372
forecast_6975,2025-10-18 15:00:00,2669.55982206936,3575.569805402148,2220.065244806384
forecast_6976,2025-10-18 16:00:00,3559.793141058046,4281.803480853907,2191.3815965854615
forecast_6977,2025-10-18 17:00:00,2545.317862926622,3739.048754439568,1948.9124747545154
forecast_6978,2025-10-18 18:00:00,2283.6312482669045,3011.3817190602713,1670.3267077992846
forecast_6979,2025-10-18 19:00:00,2227.064857490821,2727.9982390302816,1550.926139370789
forecast_6980,2025-10-18 20:00:00,1934.2246995209712,2316.834889738409,1551.4659823205484
forecast_6981,2025-10-18 21:00:00,2015.5171494194733,2008.676404520093,1473.7060075526488
forecast_6982,2025-10-18 22:00:00,1680.1867348483784,1693.0911912032304,890.7494486423097
forecast_6983,2025-10-18 23:00:00,1549.8736932450877,1635.4131222736712,761.4092930895972
forecast_6984,2025-10-19 00:00:00,1466.8081008258255,1126.4579803972638,618.4092281712494
forecast_6985,2025-10-19 01:00:00,789.0246104026065,741.291643952342,266.29393847116114
forecast_6986,2025-10-19 02:00:00,632.461024528023,642.8206147011516,266.90608078527674
forecast_6987,2025-10-19 03:00:00,754.3549261636981,651.3216212995178,248.4905993657674
forecast_6988,2025-10-19 04:00:00,842.2083045135374,802.0897304472338,334.4133296694829
forecast_6989,2025-10-19 05:00:00,646.3629405549126,535.6115853116846,170.4184479018586
forecast_6990,2025-10-19 06:00:00,534.4111123498716,392.65392624310306,165.48096226831467
forecast_6991,2025-10-19 07:00:00,799.0165605476469,556.6661429516688,191.37033485911587
forecast_6992,2025-10-19 08:00:00,905.6565627818541,965.0004874786289,289.9445125790564
forecast_6993,2025-10-19 09:00:00,903.3598541652303,1021.4098614722128,477.19094435844676
forecast_6994,2025-10-19 10:00:00,625.175846600878,891.133296919317,458.08932038984835
forecast_6995,2025-10-19 11:00:00,639.8257071278362,817.8384285407985,512.8829439715118
forecast_6996,2025-10-19 12:00:00,602.6330087171075,848.173626781233,581.6118212774858
forecast_6997,2025-10-19 13:00:00,1419.03484106048,1988.4582743894389,1378.318343686589
forecast_6998,2025-10-19 14:00:00,3253.9830875442617,3574.8483949323618,2520.699753257724
forecast_6999,2025-10-19 15:00:00,4398.500878164549,4155.36122235,3554.5841260184657
forecast_7000,2025-10-19 16:00:00,5287.129910518185,5461.061071143178,4812.449741174378
forecast_7001,2025-10-19 17:00:00,5910.544355808458,6741.254267911536,5290.545067883097
forecast_7002,2025-10-19 18:00:00,6009.202353946173,6186.89456244537,4831.726231972945
forecast_7003,2025-10-19 19:00:00,7424.138635696256,7678.138061695703,5149.943512351476
forecast_7004,2025-10-19 20:00:00,8060.065638840433,8628.122044785527,5911.275110378273
forecast_7005,2025-10-19 21:00:00,5192.9936848272,5330.648247862957,3568.4313820926805
forecast_7006,2025-10-19 22:00:00,3435.030346950579,3172.02078745026,1809.8087838558545
forecast_7007,2025-10-19 23:00:00,2893.893328883969,2812.671053033383,1407.1922081621155
forecast_7008,2025-10-20 00:00:00,2704.6932374773737,3305.9246683983256,1687.671316029047
forecast_7009,2025-10-20 01:00:00,2042.2748627567305,2145.906782843102,1040.7453864605927
forecast_7010,2025-10-20 02:00:00,1870.99934603711,1929.000734354724,1119.7283929091689
forecast_7011,2025-10-20 03:00:00,1630.5415884524723,1834.5490488440346,1121.7988448242343
forecast_7012,2025-10-20 04:00:00,1430.4681182568133,1868.1237221763163,1010.4962468792195
forecast_7013,2025-10-20 05:00:00,1654.7394106293661,2067.8130357502023,1294.1646156314564
forecast_7014,2025-10-20 06:00:00,1595.5849816129482,2018.5441757638368,1545.7016451623167
forecast_7015,2025-10-20 07:00:00,1489.9383219424535,2073.2530161096956,1248.0366027429689
forecast_7016,2025-10-20 08:00:00,1373.7986346856947,1825.3347872153988,867.7213681298136
forecast_7017,2025-10-20 09:00:00,2124.479256989327,3033.8634783623343,1820.5774165395462
forecast_7018,2025-10-20 10:00:00,1851.527031590088,2374.4747585117775,1442.7493293472153
forecast_7019,2025-10-20 11:00:00,1684.0369708627559,2216.591998083185,1521.2658281856175
forecast_7020,2025-10-20 12:00:00,1803.847823509926,2686.400952314355,1757.0082706060325
forecast_7021,2025-10-20 13:00:00,1499.6179677841403,2361.0150898527263,1467.738815864108
forecast_7022,2025-10-20 14:00:00,1287.1647938670856,1570.4655061270728,1394.3796919915094
forecast_7023,2025-10-20 15:00:00,1083.2818513555599,1338.494237726416,1016.9403901845423
forecast_7024,2025-10-20 16:00:00,1054.0943323071583,1184.683717226479,729.7123317006705
forecast_7025,2025-10-20 17:00:00,1028.737866851441,1103.1385718371769,481.9149581068179
forecast_7026,2025-10-20 18:00:00,1141.9476396683292,1109.3687286351103,540.145089684213
forecast_7027,2025-10-20 19:00:00,900.5094967293622,854.5922735148139,405.70034173302577
forecast_7028,2025-10-20 20:00:00,520.5698764710068,446.8317221853184,168.10241297456432
forecast_7029,2025-10-20 21:00:00,423.2030168596024,336.6097149506411,162.49288871745168
forecast_7030,2025-10-20 22:00:00,406.0946704449024,305.1943872592237,157.46921039371287
forecast_7031,2025-10-20 23:00:00,409.1081630263211,300.4032710888439,173.94358851204407
forecast_7032,2025-10-21 00:00:00,337.01556798696595,335.35986449593804,143.69486196770308
forecast_7033,2025-10-21 01:00:00,1168.9913522281524,1327.7234602150008,474.0118321285927
forecast_7034,2025-10-21 02:00:00,1091.4245909558604,1217.2270087466036,635.8142435023661
forecast_7035,2025-10-21 03:00:00,1305.290250348523,1175.30104128886,843.3019688870509
forecast_7036,2025-10-21 04:00:00,1257.065286038187,1193.9260260966576,801.0881127353654
forecast_7037,2025-10-21 05:00:00,1314.874101228582,1400.023254737188,955.0549125881688
forecast_7038,2025-10-21 06:00:00,1210.6087241902144,1098.7618554556097,515.6237072000313
forecast_7039,2025-10-21 07:00:00,609.4877071598695,640.5065423993717,488.4584128854496
forecast_7040,2025-10-21 08:00:00,788.6874280212414,522.4986662770394,304.57459835610376
forecast_7041,2025-10-21 09:00:00,716.7195233699279,509.2768179788743,232.75992963828332
forecast_7042,2025-10-21 10:00:00,257.7292407982991,247.6127517723267,224.05848409722313
forecast_7043,2025-10-21 11:00:00,219.63578811160926,251.23082966318157,235.43325184589386
forecast_7044,2025-10-21 12:00:00,206.77776018401994,217.285783173788,252.48086798949282
forecast_7045,2025-10-21 13:00:00,237.51918364725566,292.479490876401,236.7457364324143
forecast_7046,2025-10-21 14:00:00,367.6104998760037,373.7479946336023,282.30427405576626
forecast_7047,2025-10-21 15:00:00,462.13244510764093,527.5462082457761,430.5006662596432
forecast_7048,2025-10-21 16:00:00,446.0349808467789,479.6211044826691,448.43538939111403
forecast_7049,2025-10-21 17:00:00,347.8959297646053,325.4487608572363,258.9973269906972
forecast_7050,2025-10-21 18:00:00,358.80647854715534,343.6103544931123,238.07152533652123
forecast_7051,2025-10-21 19:00:00,409.29195857981483,418.7277640949741,288.1769870575257
forecast_7052,2025-10-21 20:00:00,593.8647185775978,469.76716528678935,298.8529895534586
forecast_7053,2025-10-21 21:00:00,855.9939686861559,758.7912697979184,445.9227318569393
forecast_7054,2025-10-21 22:00:00,852.0761479268429,609.6437430658443,431.0136557004173
forecast_7055,2025-10-21 23:00:00,821.4819372741878,743.2413481707548,479.1725587343221
forecast_7056,2025-10-22 00:00:00,1427.1490406922098,1047.251538127249,624.8414441075687
forecast_7057,2025-10-22 01:00:00,565.3540563352124,534.719701940647,314.3715821286525
forecast_7058,2025-10-22 02:00:00,568.8824783611295,539.9382798204963,373.0689040230594
forecast_7059,2025-10-22 03:00:00,633.3668761652481,608.2735941540162,364.94818199005175
forecast_7060,2025-10-22 04:00:00,585.475408933434,604.6477167179116,389.5014506772611
forecast_7061,2025-10-22 05:00:00,593.1814357968915,599.3138339069826,399.28761715022625
forecast_7062,2025-10-22 06:00:00,790.8729268363912,821.2515619999908,479.8665311150476
forecast_7063,2025-10-22 07:00:00,714.7676131525725,761.275425768668,457.97772931349266
forecast_7064,2025-10-22 08:00:00,1175.6729921855524,1563.296357361707,812.9547442903009
forecast_7065,2025-10-22 09:00:00,2243.9869467436774,2808.5319311560256,2018.8407555501544
forecast_7066,2025-10-22 10:00:00,1138.9379343915766,1252.6774122427962,901.3281122073348
forecast_7067,2025-10-22 11:00:00,1978.5996464868638,2533.18101048394,1375.4943275506585
forecast_7068,2025-10-22 12:00:00,2444.7965798313535,3040.6403484383713,1302.2940436955473
forecast_7069,2025-10-22 13:00:00,2218.8933349174995,2441.4843953632776,1262.677999037871
forecast_7070,2025-10-22 14:00:00,1639.6136686526156,1750.4180176395491,883.9070372378201
forecast_7071,2025-10-22 15:00:00,1571.580142463963,1785.512862516551,944.2994023682201
forecast_7072,2025-10-22 16:00:00,2011.420280578001,2328.3549263367495,939.9188487294837
forecast_7073,2025-10-22 17:00:00,1787.654641716439,1787.6670988948529,668.8760130072033
forecast_7074,2025-10-22 18:00:00,1341.7715809837262,1453.7951025404366,590.8397981742689
forecast_7075,2025-10-22 19:00:00,1565.8171665742352,1665.1289809571824,563.571950070983
forecast_7076,2025-10-22 20:00:00,1525.435178632934,1423.703882030542,500.03284200900794
forecast_7077,2025-10-22 21:00:00,1388.2650310107506,1416.5260761835377,514.9526306115973
forecast_7078,2025-10-22 22:00:00,1764.1433144654964,1843.8136805114077,566.142608360335
forecast_7079,2025-10-22 23:00:00,2087.812107064782,1575.8838031139212,603.6144469388678
forecast_7080,2025-10-23 00:00:00,1840.389071157047,1354.0446745239578,542.1922870030036
forecast_7081,2025-10-23 01:00:00,698.2642079864672,668.4598780585512,215.06464373016146
forecast_7082,2025-10-23 02:00:00,501.4766156250661,416.3470961192896,158.01085694856525
forecast_7083,2025-10-23 03:00:00,370.89950539510926,294.07346557220626,141.21189733135827
forecast_7084,2025-10-23 04:00:00,289.0893850901892,267.31789401596177,111.92264932904423
forecast_7085,2025-10-23 05:00:00,269.0645004087768,258.4636253958137,108.92644413927039
forecast_7086,2025-10-23 06:00:00,303.26271262567604,247.161426407948,113.90622383721882
forecast_7087,2025-10-23 07:00:00,324.6553318451949,254.27840293390244,100.43518878486712
forecast_7088,2025-10-23 08:00:00,328.5625149843907,272.46759792769296,108.75807764522418
forecast_7089,2025-10-23 09:00:00,371.5476232539997,301.926097250806,123.24687253522589
forecast_7090,2025-10-23 10:00:00,170.56553133872825,139.31886887165166,96.4205879776799
forecast_7091,2025-10-23 11:00:00,146.5900360209287,153.1189389903735,149.6960512237782
forecast_7092,2025-10-23 12:00:00,188.22748000650986,175.69059950897574,165.63342183679612
forecast_7093,2025-10-23 13:00:00,362.469177131669,355.8092289854534,302.77357770894025
forecast_7094,2025-10-23 14:00:00,331.30608755572075,352.79262312898385,212.14134328716443
forecast_7095,2025-10-23 15:00:00,233.03991911627483,242.17233095414807,184.48952084731565
forecast_7096,2025-10-23 16:00:00,292.91432768086315,331.62107838812375,248.23922833860362
forecast_7097,2025-10-23 17:00:00,430.9985141512694,475.37922446185866,258.57727707982536
forecast_7098,2025-10-23 18:00:00,426.1749216234591,436.3846664120442,235.83447659925864
forecast_7099,2025-10-23 19:00:00,481.8916880723178,432.1987170064346,299.9527899237776
forecast_7100,2025-10-23 20:00:00,465.6524334982149,425.9792375206441,304.66498369385056
forecast_7101,2025-10-23 21:00:00,560.3465018955302,508.81763310895343,365.96941823329314
forecast_7102,2025-10-23 22:00:00,632.8840669832676,612.6296432676278,375.91312235136036
forecast_7103,2025-10-23 23:00:00,653.8414306386431,566.7289440754972,402.6842500059867
forecast_7104,2025-10-24 00:00:00,636.5868157660819,499.09094184576537,367.94573504891054
forecast_7105,2025-10-24 01:00:00,777.8287883826919,820.6956343856413,539.6908353128141
forecast_7106,2025-10-24 02:00:00,947.7589155060323,837.662972436452,533.3792709303862
forecast_7107,2025-10-24 03:00:00,1641.3685773404277,2295.2404851084534,1290.9391152496378
forecast_7108,2025-10-24 04:00:00,2264.9553044274817,2657.9103787947356,1639.0516208037636
forecast_7109,2025-10-24 05:00:00,1876.967985707251,2171.0010598819385,1091.3636354843209
forecast_7110,2025-10-24 06:00:00,2444.1251171812796,2945.2274301979187,1835.1542833480653
forecast_7111,2025-10-24 07:00:00,2632.6263384474337,3178.3660199974765,2257.5971171025217
forecast_7112,2025-10-24 08:00:00,2606.451582814032,3324.473715737097,1577.942988105961
forecast_7113,2025-10-24 09:00:00,2661.3503538419036,3473.842212023946,1789.1325462203004
forecast_7114,2025-10-24 10:00:00,2983.212998333047,3769.251940515592,2156.0623858464746
forecast_7115,2025-10-24 11:00:00,2918.571656490696,3722.087293016483,2066.4828827225447
forecast_7116,2025-10-24 12:00:00,2265.4239240061843,2819.2402617160587,1883.5271939888155
forecast_7117,2025-10-24 13:00:00,2141.5513343290404,2638.3446652327257,1737.1321491450867
forecast_7118,2025-10-24 14:00:00,1535.1405983345044,1569.2161834943302,1020.9685400426525
forecast_7119,2025-10-24 15:00:00,1546.1501155608366,1688.6080421404135,1064.8309446429548
forecast_7120,2025-10-24 16:00:00,1890.929902637319,2072.954744794607,1094.2326080946305
forecast_7121,2025-10-24 17:00:00,2347.8264387841004,2153.195626601545,861.4357845422279
forecast_7122,2025-10-24 18:00:00,2586.6723445255293,2435.0097569310688,915.787484569638
forecast_7123,2025-10-24 19:00:00,3043.676687966822,2479.995631797596,957.3153166930392
forecast_7124,2025-10-24 20:00:00,3230.8073974124504,2660.853404981569,963.1301872389362
forecast_7125,2025-10-24 21:00:00,3221.6402923046635,3015.9109052819467,1205.7359434015518
forecast_7126,2025-10-24 22:00:00,3688.6954465454105,3062.6384135655726,1332.2246017398247
forecast_7127,2025-10-24 23:00:00,2887.64219254289,2487.065872525548,971.209319909444
forecast_7128,2025-10-25 00:00:00,2312.4937757296066,2156.6990618919667,609.3056147450354
forecast_7129,2025-10-25 01:00:00,2305.584658516275,2363.59386149838,804.5369976308752
forecast_7130,2025-10-25 02:00:00,2116.7149894567497,2219.0400093180333,703.1120466188313
forecast_7131,2025-10-25 03:00:00,1771.335244562059,1869.6470777658242,724.3772938316151
forecast_7132,2025-10-25 04:00:00,1838.6976098998819,1861.0075267168454,835.6460396124958
forecast_7133,2025-10-25 05:00:00,1508.8465505441086,1417.5130361931704,609.9361806739935
forecast_7134,2025-10-25 06:00:00,1704.5662663075002,1671.9757179906615,708.57727605558
forecast_7135,2025-10-25 07:00:00,1742.8706998195828,1965.4376896871354,727.7049877283179
forecast_7136,2025-10-25 08:00:00,1389.350868570203,1439.2182912811986,532.7136313679708
forecast_7137,2025-10-25 09:00:00,1420.8328002799374,1533.9893227821392,639.2204449731688
forecast_7138,2025-10-25 10:00:00,583.8224144391479,630.0844483208494,399.54575883180576
forecast_7139,2025-10-25 11:00:00,468.10227655368146,611.105748915046,461.6532375962493
forecast_7140,2025-10-25 12:00:00,678.6620888329546,829.9105804821021,689.3416873282688
forecast_7141,2025-10-25 13:00:00,966.012709811493,953.2016631642099,810.5254993859653
forecast_7142,2025-10-25 14:00:00,961.3808710048859,858.372587785723,560.2327428753332
forecast_7143,2025-10-25 15:00:00,515.2948277485934,542.3436761156454,502.9386036477302
forecast_7144,2025-10-25 16:00:00,699.5255746880354,748.3653605085301,530.8958452174321
forecast_7145,2025-10-25 17:00:00,924.1129219584317,903.3082515753083,584.3052467143658
forecast_7146,2025-10-25 18:00:00,1124.9584899087902,1037.9609123136202,483.34435320337366
forecast_7147,2025-10-25 19:00:00,1074.906884488132,902.6221307060974,319.74233352172314
forecast_7148,2025-10-25 20:00:00,1136.7834163756154,864.3590270659732,301.53457016567114
forecast_7149,2025-10-25 21:00:00,627.323767135725,633.7303058662046,344.2348944097504
forecast_7150,2025-10-25 22:00:00,1057.8647905339196,1161.9663531597755,719.4322544082797
forecast_7151,2025-10-25 23:00:00,1516.7599061769201,1738.3290497966555,930.1334127637143
forecast_7152,2025-10-26 00:00:00,1866.8590322657717,2129.806139616566,1104.15833298611
forecast_7153,2025-10-26 01:00:00,819.201177658338,735.0315236897775,452.45972038072534
forecast_7154,2025-10-26 02:00:00,1558.4235985707512,1045.0946471142638,802.3126733468766
forecast_7155,2025-10-26 03:00:00,1981.71091726618,1855.5825053901362,1205.290330269822
forecast_7156,2025-10-26 04:00:00,2242.1092375524163,1845.6574418159596,1192.0236262524375
forecast_7157,2025-10-26 05:00:00,2915.231765859242,2165.8167766847873,1528.190191059724
forecast_7158,2025-10-26 06:00:00,2641.395101812006,2034.7516913384025,1272.8504409470122
forecast_7159,2025-10-26 07:00:00,3042.58270236942,2750.9049174310962,1574.5663199634048
forecast_7160,2025-10-26 08:00:00,3578.1343228654623,2572.6210395863995,1982.718145306146
forecast_7161,2025-10-26 09:00:00,3097.691004388511,2782.5716969834566,1789.3818835855434
forecast_7162,2025-10-26 10:00:00,2871.6623088911033,2207.693233075651,1369.3571618615854
forecast_7163,2025-10-26 11:00:00,2147.198009313792,1808.1606373440736,1172.1579189061601
forecast_7164,2025-10-26 12:00:00,2733.3987444780164,2783.438757599127,2215.2626967734554
forecast_7165,2025-10-26 13:00:00,3213.0963969105233,2765.391138331465,1763.867401296785
forecast_7166,2025-10-26 14:00:00,3668.4966918318332,3217.2026378290498,1934.8259914849582
forecast_7167,2025-10-26 15:00:00,4379.2315914541905,3998.5990172941006,2057.5974181011484
forecast_7168,2025-10-26 16:00:00,4175.457438342122,3766.5252540326824,1926.0106441337987
forecast_7169,2025-10-26 17:00:00,5197.740068842411,4650.461883627803,3555.3833329303397
forecast_7170,2025-10-26 18:00:00,7265.755628967732,7644.9084908839695,6252.6722309408415
forecast_7171,2025-10-26 19:00:00,7799.513181357121,8866.470527764774,7346.105133930249
forecast_7172,2025-10-26 20:00:00,9642.281134561128,10939.44204247977,9270.539070577062
forecast_7173,2025-10-26 21:00:00,10685.04043327211,12065.35245951423,9987.552833244303
forecast_7174,2025-10-26 22:00:00,11577.035346445235,12087.54060958364,10810.076795464976
forecast_7175,2025-10-26 23:00:00,11929.316571312016,11668.528431536306,10507.622884835477
forecast_7176,2025-10-27 00:00:00,13335.208324148354,12333.102033058281,10685.05786133208
forecast_7177,2025-10-27 01:00:00,15229.733428178253,14268.987181326116,12486.380537234041
forecast_7178,2025-10-27 02:00:00,15791.76105877342,15236.254293423499,12622.68642922616
forecast_7179,2025-10-27 03:00:00,16807.26504229936,17703.402951870077,13669.921372476207
forecast_7180,2025-10-27 04:00:00,16368.673519394213,17600.36509180849,13876.789885601404
forecast_7181,2025-10-27 05:00:00,16227.935456440093,17441.84852102638,13580.017530188754
forecast_7182,2025-10-27 06:00:00,15016.990475037846,15258.150339119897,11400.922603254077
forecast_7183,2025-10-27 07:00:00,13137.885755808908,13792.882436787835,9802.751048268774
forecast_7184,2025-10-27 08:00:00,12212.667355579437,13907.629108184658,8819.740475609264
forecast_7185,2025-10-27 09:00:00,11338.486180202615,13310.358324376362,8260.366133847081
forecast_7186,2025-10-27 10:00:00,10693.810328857233,11046.926975288701,8404.430662880352
forecast_7187,2025-10-27 11:00:00,10595.20674636737,10792.551311881758,9077.346932216598
forecast_7188,2025-10-27 12:00:00,10938.413291992898,11141.24402930424,9319.254029665472
forecast_7189,2025-10-27 13:00:00,11677.910338783537,11238.614708820955,9223.751744898731
forecast_7190,2025-10-27 14:00:00,12495.176623798263,11741.961302939353,9661.391478701247
forecast_7191,2025-10-27 15:00:00,12851.204928220472,12109.248072772078,10156.248022436603
forecast_7192,2025-10-27 16:00:00,13496.632583996141,13130.194298401046,10363.278662421057
forecast_7193,2025-10-27 17:00:00,14279.000530400981,14333.22440575281,10962.92935557672
forecast_7194,2025-10-27 18:00:00,14269.347781129329,13427.706242069322,10934.318558137868
forecast_7195,2025-10-27 19:00:00,13548.807389027794,13015.964969078399,10275.515531055833
forecast_7196,2025-10-27 20:00:00,13293.648451350997,12456.118630645218,9412.324213163156
forecast_7197,2025-10-27 21:00:00,13107.786464203034,11246.047349404784,9012.586100004351
forecast_7198,2025-10-27 22:00:00,13091.374449613635,12156.979967058864,9481.210345467449
forecast_7199,2025-10-27 23:00:00,11849.503538645738,12903.369049136041,8876.313957719565
forecast_7200,2025-10-28 00:00:00,11334.976815159493,12300.347348348747,7826.35445837273
forecast_7201,2025-10-28 01:00:00,12178.478485254906,13381.624683729118,9690.77797351647
forecast_7202,2025-10-28 02:00:00,13270.60804654802,14574.661650400985,9951.619582163692
forecast_7203,2025-10-28 03:00:00,12549.295784492142,13402.75990137684,8924.878069819053
forecast_7204,2025-10-28 04:00:00,11341.8512154442,13748.889414171666,9050.7591000911
forecast_7205,2025-10-28 05:00:00,9786.457562846464,11510.190958859002,8663.255211013027
forecast_7206,2025-10-28 06:00:00,9633.471604608965,10126.26424007876,8185.747020490453
forecast_7207,2025-10-28 07:00:00,9115.324447475403,9587.830169524026,7631.0097830975965
forecast_7208,2025-10-28 08:00:00,7915.667692087655,8832.630549154492,6565.008320170879
forecast_7209,2025-10-28 09:00:00,6341.024581012158,6586.532226910411,4665.215323869329
forecast_7210,2025-10-28 10:00:00,4948.0598562240875,4611.255762729591,3729.216867122925
forecast_7211,2025-10-28 11:00:00,3809.9640653043266,3355.1695472440147,2239.202191302805
forecast_7212,2025-10-28 12:00:00,3706.0218779666975,3080.1739884408858,1701.5658270011938
forecast_7213,2025-10-28 13:00:00,4373.970123028656,3962.0042137413247,2330.3413925148448
forecast_7214,2025-10-28 14:00:00,4858.41962735364,4205.122921121117,2904.9013967257965
forecast_7215,2025-10-28 15:00:00,5015.287055461854,4160.9731750073415,2688.206214323847
forecast_7216,2025-10-28 16:00:00,4842.300220938394,3832.4608532111624,2606.3911004694687
forecast_7217,2025-10-28 17:00:00,6117.52563986171,5633.881529091585,4187.313031447771
forecast_7218,2025-10-28 18:00:00,7674.345083935596,8995.248898902762,6731.531974528118
forecast_7219,2025-10-28 19:00:00,7628.092228233362,7845.557717091575,6304.249858212837
forecast_7220,2025-10-28 20:00:00,8309.301448890456,8732.780948714946,6628.877704858785
forecast_7221,2025-10-28 21:00:00,9554.566412839591,10375.483145872282,7516.701983479783
forecast_7222,2025-10-28 22:00:00,9413.694904748341,9921.54232216502,6389.72035331546
forecast_7223,2025-10-28 23:00:00,8972.016086968792,10194.552281086117,5938.410674569436
forecast_7224,2025-10-29 00:00:00,8802.126619875547,10330.63572973407,6066.963123785266
forecast_7225,2025-10-29 01:00:00,5408.975696020083,4979.7849294875305,3081.503606281644
forecast_7226,2025-10-29 02:00:00,5280.240037344544,4319.842431158671,2510.0598770735833
forecast_7227,2025-10-29 03:00:00,5156.446767284661,4553.8962926495715,2577.065891460661
forecast_7228,2025-10-29 04:00:00,4505.1087049094895,3366.501932103013,2046.6065903766225
forecast_7229,2025-10-29 05:00:00,3643.4533788671265,2496.1161561123645,1789.2534422704985
forecast_7230,2025-10-29 06:00:00,2424.770474466287,2001.164848444267,1431.2888450625921
forecast_7231,2025-10-29 07:00:00,2207.147929375421,1889.9757114618976,1197.8722230541957
forecast_7232,2025-10-29 08:00:00,1515.248337399768,1324.8515939913882,607.8614378881662
forecast_7233,2025-10-29 09:00:00,785.4594904968695,655.3281091232012,308.87527342953376
forecast_7234,2025-10-29 10:00:00,265.03320628321796,249.86581221230665,156.41001796052643
forecast_7235,2025-10-29 11:00:00,153.30658024720057,174.24986800397886,107.07353857375519
forecast_7236,2025-10-29 12:00:00,116.26649738125265,153.12897483590467,104.05616539997773
forecast_7237,2025-10-29 13:00:00,108.86768111814484,124.86645611611833,108.02402148302028
forecast_7238,2025-10-29 14:00:00,121.42542738042953,140.8240496916382,122.01886018519099
forecast_7239,2025-10-29 15:00:00,149.6560678372482,170.27301951102137,141.3617752184522
forecast_7240,2025-10-29 16:00:00,192.83489931289336,203.6822700608379,166.41654739092
forecast_7241,2025-10-29 17:00:00,377.9252569498034,359.30152690092785,285.0732885308824
forecast_7242,2025-10-29 18:00:00,901.4800350183829,749.4947573779845,376.23288834336176
forecast_7243,2025-10-29 19:00:00,1383.0994240624398,1253.795464796503,642.8241632375739
forecast_7244,2025-10-29 20:00:00,1670.9769614532045,1426.2764324798575,900.9664449547573
forecast_7245,2025-10-29 21:00:00,3361.9408011875553,2816.1354880914505,2091.0574302795108
forecast_7246,2025-10-29 22:00:00,4036.4915784474783,3992.217004462087,2567.657959629731
forecast_7247,2025-10-29 23:00:00,3930.493614694026,4073.2285559513684,2219.3243617694525
forecast_7248,2025-10-30 00:00:00,7037.844230899369,6744.029628422525,4576.922474216467
forecast_7249,2025-10-30 01:00:00,5272.926665087959,5590.367542440555,3498.5620705238425
forecast_7250,2025-10-30 02:00:00,7965.193821684688,8020.917410568175,5340.780715614574
forecast_7251,2025-10-30 03:00:00,10510.010411024778,10462.68243605122,7359.75029394831
forecast_7252,2025-10-30 04:00:00,12841.734624367098,12171.653804244035,7482.8912213157855
forecast_7253,2025-10-30 05:00:00,12038.25408284991,11653.440778877351,7705.354847196851
forecast_7254,2025-10-30 06:00:00,13086.16990894932,12428.886280096896,8266.151695710585
forecast_7255,2025-10-30 07:00:00,9236.83878739615,9341.69453803758,6046.9809181813
forecast_7256,2025-10-30 08:00:00,8520.167331293418,7659.866936307014,4729.135105449196
forecast_7257,2025-10-30 09:00:00,7006.453560588024,5931.171525621254,4279.958285239986
forecast_7258,2025-10-30 10:00:00,4994.134779991878,4187.554348116837,2721.2545877932503
forecast_7259,2025-10-30 11:00:00,2623.061020342405,2663.968176922413,1914.465649937751
forecast_7260,2025-10-30 12:00:00,1854.125722691232,1572.0115760065964,1611.512161205295
forecast_7261,2025-10-30 13:00:00,1854.7847484939168,1714.9622369914048,1332.9713538199692
forecast_7262,2025-10-30 14:00:00,1415.6823772282942,980.1643911451459,852.3333209941617
forecast_7263,2025-10-30 15:00:00,1029.5164669691112,909.6942186793061,783.3152282753989
forecast_7264,2025-10-30 16:00:00,1891.0846558842047,1566.3232502404837,1423.749104676749
forecast_7265,2025-10-30 17:00:00,3327.8061059583265,3270.307434221573,2021.9817195848505
forecast_7266,2025-10-30 18:00:00,3399.8978027160106,2681.505057328018,2078.973348730109
forecast_7267,2025-10-30 19:00:00,3165.3269199578654,2372.196250209242,1934.2914677218932
forecast_7268,2025-10-30 20:00:00,3471.8056656608032,2716.8472452610877,2418.2932176096288
forecast_7269,2025-10-30 21:00:00,3361.423552784773,2755.5125593926728,2577.931024183789
forecast_7270,2025-10-30 22:00:00,2301.1738833492122,1899.042022929087,2174.499015333806
forecast_7271,2025-10-30 23:00:00,2222.791411386241,1778.9977575134253,2065.6898981273935
forecast_7272,2025-10-31 00:00:00,2078.7151136104435,1374.716672884018,1745.6846723874414
forecast_7273,2025-10-31 01:00:00,666.9477554753596,454.19988664478115,328.67933626545096
forecast_7274,2025-10-31 02:00:00,538.2423556103284,401.6795125655038,443.45450005584786
forecast_7275,2025-10-31 03:00:00,517.9841165504896,420.3303731385359,246.1779178359
forecast_7276,2025-10-31 04:00:00,543.291830411615,441.949091103489,249.71746841275717
forecast_7277,2025-10-31 05:00:00,377.492232676642,311.0537796874254,106.49893725043272
forecast_7278,2025-10-31 06:00:00,408.2742683702726,373.15678339662236,151.11533822412954
forecast_7279,2025-10-31 07:00:00,425.24238270950883,318.64188787633884,154.0226844431601
forecast_7280,2025-10-31 08:00:00,451.8349200319006,420.69207065947387,178.1726838565062
forecast_7281,2025-10-31 09:00:00,493.69941451223593,514.9497458944998,261.41060208517143
forecast_7282,2025-10-31 10:00:00,349.3371682277064,372.58720167750204,173.24043877802973
forecast_7283,2025-10-31 11:00:00,367.704626888848,384.1402959310262,190.89883689486894
forecast_7284,2025-10-31 12:00:00,274.1778856692208,238.90627373907984,131.58358667466192
forecast_7285,2025-10-31 13:00:00,192.52420110689602,196.9819866162964,108.18071903675595
forecast_7286,2025-10-31 14:00:00,111.90467215748943,137.65702069700637,102.93373903051497
forecast_7287,2025-10-31 15:00:00,113.35351680582382,114.58304885511848,98.37530398780672
forecast_7288,2025-10-31 16:00:00,170.01164564858684,152.60251415410633,99.08947531542903
forecast_7289,2025-10-31 17:00:00,217.28612323655543,183.80010940361967,92.26176030527193
forecast_7290,2025-10-31 18:00:00,448.4263704985983,556.1882080201668,189.0250838764153
forecast_7291,2025-10-31 19:00:00,1566.9489415543762,1643.196287239737,677.4507860325004
forecast_7292,2025-10-31 20:00:00,3151.134067809479,2875.087969342618,1778.3708340862458
forecast_7293,2025-10-31 21:00:00,6056.577801240824,5496.574033400999,3884.0887625285072
forecast_7294,2025-10-31 22:00:00,7499.083767180453,7455.287389075926,4866.329023483417
forecast_7295,2025-10-31 23:00:00,7800.151892322598,8062.913795537942,5097.280277056914
forecast_7296,2025-11-01 00:00:00,8749.88062684304,9181.875581445893,5010.796429777847
forecast_7297,2025-11-01 01:00:00,8403.498577581762,9818.793326147434,8057.314956944184
forecast_7298,2025-11-01 02:00:00,7445.415205193816,8540.914075166716,6619.897150783884
forecast_7299,2025-11-01 03:00:00,7612.679986734223,8846.48678155154,7447.695460971053
forecast_7300,2025-11-01 04:00:00,8961.465224780755,10388.536745753978,8337.136893567062
forecast_7301,2025-11-01 05:00:00,10444.887749087095,11319.930790891556,10004.725380545835
forecast_7302,2025-11-01 06:00:00,11924.23249975677,12065.460242009998,10279.097283889514
forecast_7303,2025-11-01 07:00:00,12383.987378270209,12343.45085829199,10039.661244553927
forecast_7304,2025-11-01 08:00:00,12488.954198150763,13108.034424061425,10471.667725353665
forecast_7305,2025-11-01 09:00:00,13267.330178011061,13975.798637979162,10944.698813034785
forecast_7306,2025-11-01 10:00:00,13351.276314247521,12509.362479728288,10375.829980868824
forecast_7307,2025-11-01 11:00:00,13123.968460824472,11350.658885838558,9770.146118499795
forecast_7308,2025-11-01 12:00:00,12752.381736167074,11112.969284336355,9397.70590498349
forecast_7309,2025-11-01 13:00:00,12881.902746942284,11459.915693886243,9709.291189787147
forecast_7310,2025-11-01 14:00:00,13321.937787966586,11734.861005114448,9945.75617617176
forecast_7311,2025-11-01 15:00:00,13315.319681874216,12027.647487980788,9951.229779040736
forecast_7312,2025-11-01 16:00:00,13225.843073977636,12187.031216830943,10605.327292506852
forecast_7313,2025-11-01 17:00:00,13358.826508079488,12731.185375313664,10933.900228868824
forecast_7314,2025-11-01 18:00:00,13879.035712566763,13234.248703705518,10951.715345110522
forecast_7315,2025-11-01 19:00:00,13804.666646272826,13397.183221600299,12345.773488446715
forecast_7316,2025-11-01 20:00:00,14455.200326385193,15110.316163168738,13299.808822889985
forecast_7317,2025-11-01 21:00:00,14550.764112405668,15362.656021005974,13156.144735787386
forecast_7318,2025-11-01 22:00:00,14207.764502327573,15059.305478308295,12648.639785207739
forecast_7319,2025-11-01 23:00:00,15562.111208745142,16393.782768549776,14008.928915374268
forecast_7320,2025-11-02 00:00:00,16207.54760198434,17258.095397888133,14565.95482707814
forecast_7321,2025-11-02 01:00:00,15886.558913394681,17631.63556486481,14791.600849183025
forecast_7322,2025-11-02 02:00:00,16138.750382974204,17342.128553052575,15400.489781107399
forecast_7323,2025-11-02 03:00:00,15828.245411901182,16872.79823039979,14081.332934226668
forecast_7324,2025-11-02 04:00:00,15910.682158283218,16511.130525405246,13826.046317654533
forecast_7325,2025-11-02 05:00:00,15545.177999470114,16675.19819562252,13459.629209652348
forecast_7326,2025-11-02 06:00:00,14864.010199864195,16622.135889571193,13710.415067609778
forecast_7327,2025-11-02 07:00:00,15217.366362676314,16677.479640301164,13462.198672263146
forecast_7328,2025-11-02 08:00:00,16006.143884850924,17393.107586530175,13299.18918790122
forecast_7329,2025-11-02 09:00:00,15477.985100536996,17249.27476381205,12019.29573583679
forecast_7330,2025-11-02 10:00:00,15510.699856695532,17041.01566766088,12185.573154319096
forecast_7331,2025-11-02 11:00:00,15353.26724297964,16720.020621188854,12899.660270788112
forecast_7332,2025-11-02 12:00:00,14840.764758587455,15748.055543729428,12306.842412984486
forecast_7333,2025-11-02 13:00:00,14493.793196759794,14782.68938256636,12017.709927596203
forecast_7334,2025-11-02 14:00:00,13904.399910871243,14181.10453610207,11041.66539216604
forecast_7335,2025-11-02 15:00:00,13825.725788038586,13887.902229128726,10987.326349952926
forecast_7336,2025-11-02 16:00:00,13737.006810448032,13127.29654123065,10106.185840295728
forecast_7337,2025-11-02 17:00:00,13358.972436177492,12617.076719004144,9483.515469897013
forecast_7338,2025-11-02 18:00:00,12421.747464591528,11005.731162692127,8343.418156314858
forecast_7339,2025-11-02 19:00:00,12553.261767505932,11607.85426914125,8649.083624889387
forecast_7340,2025-11-02 20:00:00,11005.318402419434,10570.957161082424,8708.903337566124
forecast_7341,2025-11-02 21:00:00,9498.531169009846,9366.621188724825,6320.993529485752
forecast_7342,2025-11-02 22:00:00,9896.28116461023,10285.268642429546,6809.871824927746
forecast_7343,2025-11-02 23:00:00,9351.934260327087,8710.592185341326,5915.7027229382675
forecast_7344,2025-11-03 00:00:00,5722.692762894273,5847.554968870551,3803.538478229379
forecast_7345,2025-11-03 01:00:00,4786.736974832171,5117.186014000692,3403.7094086418565
forecast_7346,2025-11-03 02:00:00,4803.391365593433,5361.823287399026,3262.290523696735
forecast_7347,2025-11-03 03:00:00,4285.360328011783,5282.897067940927,3401.031524661946
forecast_7348,2025-11-03 04:00:00,4812.331728022013,5517.6518260006105,3288.943902745832
forecast_7349,2025-11-03 05:00:00,4226.286223672672,5030.305492490196,3269.8038296487534
forecast_7350,2025-11-03 06:00:00,3348.496992952333,3952.206775901544,2676.0041157750948
forecast_7351,2025-11-03 07:00:00,3171.705458304145,3609.6558787133577,2277.882037991158
forecast_7352,2025-11-03 08:00:00,2665.695863933967,2991.2006719841943,1403.9757537388875
forecast_7353,2025-11-03 09:00:00,2359.7978708328214,3169.6751976842397,1779.7207205608956
forecast_7354,2025-11-03 10:00:00,1134.0239425907123,1513.6164351465188,1152.6972295405783
forecast_7355,2025-11-03 11:00:00,627.360995086869,823.9251218273474,801.3553591195091
forecast_7356,2025-11-03 12:00:00,255.50909693738777,452.00566678928044,424.91991500651034
forecast_7357,2025-11-03 13:00:00,165.5217443251881,249.82491060691441,154.30768030058795
forecast_7358,2025-11-03 14:00:00,118.18215660173466,148.88277255622177,109.72525584026677
forecast_7359,2025-11-03 15:00:00,95.89902825249321,113.60188290532813,89.05349815566989
forecast_7360,2025-11-03 16:00:00,136.0572483147697,136.60297637539537,100.98834001530541
forecast_7361,2025-11-03 17:00:00,459.39132597428244,462.1780005596033,224.84757827045036
forecast_7362,2025-11-03 18:00:00,601.945494492795,649.6218875111563,265.91811820968536
forecast_7363,2025-11-03 19:00:00,1105.3782726038546,1143.9508059869804,473.615006888089
forecast_7364,2025-11-03 20:00:00,2077.179630630367,2373.982359137792,1032.725422164261
forecast_7365,2025-11-03 21:00:00,2326.29915867292,2810.6765364147523,1356.479199633146
forecast_7366,2025-11-03 22:00:00,3357.715311489072,3497.717554633429,1923.3934184159386
forecast_7367,2025-11-03 23:00:00,5354.866459664476,5908.275677024423,3423.4801406612055
forecast_7368,2025-11-04 00:00:00,7967.591975792426,9629.08624572852,6579.265565111796
forecast_7369,2025-11-04 01:00:00,6871.986253277143,8286.160305462177,4183.7405455391245
forecast_7370,2025-11-04 02:00:00,7111.529591750229,8961.368399924337,4792.591799635776
forecast_7371,2025-11-04 03:00:00,6522.679166664691,8588.49276918986,4320.9170867222565
forecast_7372,2025-11-04 04:00:00,8252.024081042498,9874.138877054223,5169.285043795326
forecast_7373,2025-11-04 05:00:00,9500.4847605749,10582.912629596718,6144.456452758585
forecast_7374,2025-11-04 06:00:00,9222.21310788325,11561.46145725946,6126.771227323462
forecast_7375,2025-11-04 07:00:00,10041.765744960685,11825.764077654372,6976.286122228525
forecast_7376,2025-11-04 08:00:00,10802.27788975495,12812.780004707367,8413.719682910762
forecast_7377,2025-11-04 09:00:00,11777.233927104873,13701.222219261068,9505.073124241013
forecast_7378,2025-11-04 10:00:00,11207.045236212827,12157.586323413,10842.389449722992
forecast_7379,2025-11-04 11:00:00,11842.533346046193,12179.078863714643,11310.704724980831
forecast_7380,2025-11-04 12:00:00,11327.483060113098,11629.764861255579,10140.090270647657
forecast_7381,2025-11-04 13:00:00,10753.882504245148,10981.225612480659,10215.271734528273
forecast_7382,2025-11-04 14:00:00,10559.50753468559,10564.443336015847,9888.58937215565
forecast_7383,2025-11-04 15:00:00,10807.377991202176,11103.683277724522,10321.271652375557
forecast_7384,2025-11-04 16:00:00,9338.090794482783,10410.825969170324,9206.846027689562
forecast_7385,2025-11-04 17:00:00,11005.703469871218,11488.853125774345,9793.955453624843
forecast_7386,2025-11-04 18:00:00,9211.34636250668,9470.038561317639,7727.466097695812
forecast_7387,2025-11-04 19:00:00,9026.363208289687,9251.773662911926,6477.679215590368
forecast_7388,2025-11-04 20:00:00,7918.269039593619,8221.541810828361,5434.7065401946575
forecast_7389,2025-11-04 21:00:00,7659.866238378237,7443.128053462102,4938.52281814795
forecast_7390,2025-11-04 22:00:00,7193.131292219472,6431.706070409984,4495.789106572252
forecast_7391,2025-11-04 23:00:00,6265.229762625659,5223.183534888394,4398.693730863316
forecast_7392,2025-11-05 00:00:00,5315.0373194347885,4968.678275015125,3817.263544705008
forecast_7393,2025-11-05 01:00:00,7617.698450598055,6614.449181146464,3888.1280508723034
forecast_7394,2025-11-05 02:00:00,5307.299401132517,4100.066092904336,2674.1407988684946
forecast_7395,2025-11-05 03:00:00,2921.993376584295,2103.8257681069044,1718.7295720883735
forecast_7396,2025-11-05 04:00:00,1812.7088856957596,1220.0586964155386,1477.6155603262614
forecast_7397,2025-11-05 05:00:00,706.1186244515031,664.2345238868073,432.93026811936426
forecast_7398,2025-11-05 06:00:00,492.5996870118002,489.39125893914354,198.07073529952604
forecast_7399,2025-11-05 07:00:00,458.3922766378543,475.09694505314417,150.44959635721068
forecast_7400,2025-11-05 08:00:00,438.10783058595723,423.1367448282164,106.04798566894233
forecast_7401,2025-11-05 09:00:00,399.13353518075036,316.0762295138984,111.58307656769571
forecast_7402,2025-11-05 10:00:00,209.78811655729984,189.42293436294852,106.29710931191143
forecast_7403,2025-11-05 11:00:00,143.30771958358312,155.4244007812322,122.33960918450951
forecast_7404,2025-11-05 12:00:00,117.67176667691011,151.7621215706228,126.8875253767866
forecast_7405,2025-11-05 13:00:00,104.99141030384733,124.10434342024196,122.12224389459531
forecast_7406,2025-11-05 14:00:00,109.59761631672622,135.44856509631236,126.09423131511937
forecast_7407,2025-11-05 15:00:00,136.76568163286456,176.91808701069493,127.11843120304191
forecast_7408,2025-11-05 16:00:00,271.1716646782649,295.8586779370259,186.3032187400691
forecast_7409,2025-11-05 17:00:00,274.18287280524163,255.20997137969343,137.29162955606296
forecast_7410,2025-11-05 18:00:00,316.9377297059551,246.94228590950354,97.99912566893335
forecast_7411,2025-11-05 19:00:00,354.81987329869986,316.24074953467385,118.24309125125916
forecast_7412,2025-11-05 20:00:00,312.6477430721283,335.2351592678854,99.88978497712223
forecast_7413,2025-11-05 21:00:00,340.53131429025166,286.55318448660074,100.14692693563846
forecast_7414,2025-11-05 22:00:00,462.17441646624314,393.0218750697408,125.24837963027854
forecast_7415,2025-11-05 23:00:00,460.1088580974487,332.86896963858044,136.22311866822366
forecast_7416,2025-11-06 00:00:00,623.2301111074659,463.6365612452956,276.0622134825538
forecast_7417,2025-11-06 01:00:00,897.4936277698463,1059.6033684714298,518.3073663434249
forecast_7418,2025-11-06 02:00:00,2166.9781964767653,2027.3265280972937,1371.553679471537
forecast_7419,2025-11-06 03:00:00,3493.5099077880914,3053.670548086504,1944.0589409481984
forecast_7420,2025-11-06 04:00:00,4288.787488274848,3223.8483136521922,2530.843120923827
forecast_7421,2025-11-06 05:00:00,5044.477363407825,4473.303164728128,2986.0288339200933
forecast_7422,2025-11-06 06:00:00,5544.703793999572,4878.136120549062,2678.5821447203693
forecast_7423,2025-11-06 07:00:00,4972.9865278294055,3811.9161632662767,2577.9401843321293
forecast_7424,2025-11-06 08:00:00,3606.7650459094466,2295.981953136633,1818.0785760238725
forecast_7425,2025-11-06 09:00:00,1514.9251831971535,1599.3010287020654,590.4001051057644
forecast_7426,2025-11-06 10:00:00,689.4355051989328,942.1589608781838,351.77845854871
forecast_7427,2025-11-06 11:00:00,539.436908856704,824.8961676951683,265.59008308041683
forecast_7428,2025-11-06 12:00:00,220.08219878387618,312.5733708692476,207.1893978751161
forecast_7429,2025-11-06 13:00:00,178.872194759989,200.6819605041757,159.47767999403862
forecast_7430,2025-11-06 14:00:00,211.7217273005313,247.1504337609307,150.63608377458846
forecast_7431,2025-11-06 15:00:00,269.91892962956916,326.973357203231,221.4241171659345
forecast_7432,2025-11-06 16:00:00,386.74879901409537,420.49296539366185,215.40167342219883
forecast_7433,2025-11-06 17:00:00,475.5117247288305,585.6027545184398,216.08194972444534
forecast_7434,2025-11-06 18:00:00,753.9389910835981,735.3409439293819,257.26627504499226
forecast_7435,2025-11-06 19:00:00,651.6555822211019,689.4194906788434,226.6498773675903
forecast_7436,2025-11-06 20:00:00,457.20129361296085,494.19431941411455,166.9145577299173
forecast_7437,2025-11-06 21:00:00,430.6559839928924,404.17099654212745,121.05937299452742
forecast_7438,2025-11-06 22:00:00,394.75603935325574,357.549812446738,104.31689413484699
forecast_7439,2025-11-06 23:00:00,439.4235880601689,400.6552827774631,110.67762518854713
forecast_7440,2025-11-07 00:00:00,383.7158984763679,353.43834587882526,109.2810273691485
forecast_7441,2025-11-07 01:00:00,385.1170050600904,327.4756913803538,182.30781776506188
forecast_7442,2025-11-07 02:00:00,1388.0616151496724,1509.3096683037263,1194.9002519933829
forecast_7443,2025-11-07 03:00:00,1243.4319468341293,1148.678060800778,1063.334653091617
forecast_7444,2025-11-07 04:00:00,2214.9916251729014,1925.0073587330296,1473.904386364465
forecast_7445,2025-11-07 05:00:00,3170.6194612252293,2317.9336092798817,2011.0341789253876
forecast_7446,2025-11-07 06:00:00,4007.766286950573,3395.421725499056,2417.4007346353187
forecast_7447,2025-11-07 07:00:00,2307.964756058388,2123.936253291459,1321.4285268264098
forecast_7448,2025-11-07 08:00:00,904.5505135140537,625.2267672784839,359.3786775289903
forecast_7449,2025-11-07 09:00:00,295.6856719747737,323.4872150509308,154.77345583533767
forecast_7450,2025-11-07 10:00:00,143.5587075867498,137.2555456163767,95.23603462025815
forecast_7451,2025-11-07 11:00:00,110.94259177808274,132.66452268427506,119.93424111638294
forecast_7452,2025-11-07 12:00:00,104.04307259013103,120.812557367373,93.99746290651795
forecast_7453,2025-11-07 13:00:00,152.7091062541201,201.51886906605048,151.0608156186662
forecast_7454,2025-11-07 14:00:00,250.4460592342495,366.59257763575346,301.76565638348893
forecast_7455,2025-11-07 15:00:00,528.4119496714758,582.6312443255961,580.3700250956462
forecast_7456,2025-11-07 16:00:00,770.2741683927661,932.0506074451558,523.6826707559738
forecast_7457,2025-11-07 17:00:00,1353.402184113752,1423.5519721354794,714.5475946599611
forecast_7458,2025-11-07 18:00:00,1977.9084232041696,2122.7266851088198,902.7930264157154
forecast_7459,2025-11-07 19:00:00,2325.3326121823857,2348.8421211219666,999.916865740689
forecast_7460,2025-11-07 20:00:00,2316.2401284745156,2283.928365394542,1063.106416117881
forecast_7461,2025-11-07 21:00:00,2777.1219231614177,3119.3149226298237,1300.6333220991464
forecast_7462,2025-11-07 22:00:00,2650.5985133363365,2764.0682367141467,1291.071984706016
forecast_7463,2025-11-07 23:00:00,2770.021735005665,3188.245820913562,1019.648773692183
forecast_7464,2025-11-08 00:00:00,2750.457564752497,2758.7260145964337,1075.2612657104328
forecast_7465,2025-11-08 01:00:00,1941.1225169552768,1909.8002776404692,628.7885447970832
forecast_7466,2025-11-08 02:00:00,1914.616528649948,1699.3600286103879,529.8901719627714
forecast_7467,2025-11-08 03:00:00,1774.0034207711096,1833.1988255236724,605.1847252572755
forecast_7468,2025-11-08 04:00:00,1975.8729933818554,2067.0695876160325,652.273119927065
forecast_7469,2025-11-08 05:00:00,2519.583098171663,2599.0615783245416,1051.712478062839
forecast_7470,2025-11-08 06:00:00,2699.614138493519,2893.35736854972,1318.5864528412405
forecast_7471,2025-11-08 07:00:00,2854.555856769143,2943.3143804411247,1523.8608112981185
forecast_7472,2025-11-08 08:00:00,2613.1054387020563,2784.7400982233085,1389.547599100666
forecast_7473,2025-11-08 09:00:00,2380.022858319302,2640.4399599490603,1178.1306779447639
forecast_7474,2025-11-08 10:00:00,1532.5913712310764,1823.0464920231766,909.1974094969136
forecast_7475,2025-11-08 11:00:00,1472.8562393509385,1861.2609292440357,746.9589820242157
forecast_7476,2025-11-08 12:00:00,1220.2743902647662,1542.8398788968116,781.1045214767418
forecast_7477,2025-11-08 13:00:00,1727.0055537640394,1937.9272890231994,1146.78032920993
forecast_7478,2025-11-08 14:00:00,1636.2776444885567,1792.7751950749537,1088.742334799176
forecast_7479,2025-11-08 15:00:00,1798.7986415987207,1774.7652159289696,1161.1919661457498
forecast_7480,2025-11-08 16:00:00,1819.4004247828543,1845.545696009582,1146.1698834840054
forecast_7481,2025-11-08 17:00:00,2021.736194009271,2440.1796280204694,1070.219018459341
forecast_7482,2025-11-08 18:00:00,2731.009798849104,3174.343894295384,1610.4823066280082
forecast_7483,2025-11-08 19:00:00,2977.7800431819464,3756.0268408770903,1940.4763056494871
forecast_7484,2025-11-08 20:00:00,3213.679061163776,3868.5014707169203,2187.235501345478
forecast_7485,2025-11-08 21:00:00,3694.998852504947,4756.765744988706,2562.364697076744
forecast_7486,2025-11-08 22:00:00,4802.699513059788,5897.788160497314,3223.2620377702406
forecast_7487,2025-11-08 23:00:00,8012.389014634968,9369.637234200196,6307.748661164026
forecast_7488,2025-11-09 00:00:00,7228.410426939551,8803.557786544377,4467.573062163292
forecast_7489,2025-11-09 01:00:00,6597.350863344022,7369.811735940144,4133.193669891791
forecast_7490,2025-11-09 02:00:00,8322.091966733255,8317.624763983877,5348.416047338204
forecast_7491,2025-11-09 03:00:00,8885.471767181412,8654.253851322603,6319.296530313475
forecast_7492,2025-11-09 04:00:00,9667.459303536038,10139.69624579331,6141.407969012386
forecast_7493,2025-11-09 05:00:00,10852.002163472669,11441.977260676782,7826.0347966727495
forecast_7494,2025-11-09 06:00:00,11756.081068175126,11165.05647684993,9226.174749365799
forecast_7495,2025-11-09 07:00:00,12682.878719164353,12718.098938803825,10107.74409454122
forecast_7496,2025-11-09 08:00:00,12328.600145445294,12215.83069606739,10163.699405486628
forecast_7497,2025-11-09 09:00:00,10782.238834524218,10983.63823180781,8986.853910102514
forecast_7498,2025-11-09 10:00:00,10689.335078213828,11087.670824272216,9577.824846643063
forecast_7499,2025-11-09 11:00:00,9442.944632728962,9716.387043346598,7847.565497516009
forecast_7500,2025-11-09 12:00:00,8523.5608989396,8390.914543144798,7115.1450164897615
forecast_7501,2025-11-09 13:00:00,9499.17168912963,9338.64756644514,8342.550202212675
forecast_7502,2025-11-09 14:00:00,10687.738432799426,11138.88742173528,9370.664442940297
forecast_7503,2025-11-09 15:00:00,12078.72863306478,11617.351441377508,9349.069481888997
forecast_7504,2025-11-09 16:00:00,12850.903897432547,12334.95527068497,10402.988070646546
forecast_7505,2025-11-09 17:00:00,12843.44537795117,12961.290381492994,10725.232712825884
forecast_7506,2025-11-09 18:00:00,13289.56436340881,12972.235582763153,10644.774684209005
forecast_7507,2025-11-09 19:00:00,15254.224165601718,14516.299499639888,12404.969408315017
forecast_7508,2025-11-09 20:00:00,16206.837513145383,15291.859688636072,13858.961791464315
forecast_7509,2025-11-09 21:00:00,16069.772866409372,16360.707096477723,14665.716227132296
forecast_7510,2025-11-09 22:00:00,15454.55068347233,15336.532235710327,13715.141752557018
forecast_7511,2025-11-09 23:00:00,14634.28243923534,13983.210907642317,11559.289328907355
forecast_7512,2025-11-10 00:00:00,14187.7377154224,13030.826632931492,10617.57535972654
forecast_7513,2025-11-10 01:00:00,14427.339300568226,13041.205634733971,10225.998618088353
forecast_7514,2025-11-10 02:00:00,12988.699168549221,12361.015736558213,8985.764612218349
forecast_7515,2025-11-10 03:00:00,12625.454432541706,11532.686955207502,8701.875446162192
forecast_7516,2025-11-10 04:00:00,11716.77154081299,11635.61488484495,8080.717140802307
forecast_7517,2025-11-10 05:00:00,12154.05506364872,12032.433782532516,8300.149482919742
forecast_7518,2025-11-10 06:00:00,12687.708989324774,12637.155844777391,8549.385376893199
forecast_7519,2025-11-10 07:00:00,13977.089246491816,14300.620467691286,10213.173793779784
forecast_7520,2025-11-10 08:00:00,13925.836078809496,13758.670199415496,10191.423938196693
forecast_7521,2025-11-10 09:00:00,12837.80292739964,12761.919583061504,9540.646111286373
forecast_7522,2025-11-10 10:00:00,11417.3553799461,12240.448227731702,9289.51778992054
forecast_7523,2025-11-10 11:00:00,10863.97464265976,11248.623536229932,8214.476776795193
forecast_7524,2025-11-10 12:00:00,9320.701492796125,10075.970723427412,6437.35984405021
forecast_7525,2025-11-10 13:00:00,6223.312160481394,5555.580522997279,4252.017802921861
forecast_7526,2025-11-10 14:00:00,5762.795469245454,5263.337367385799,4061.703193196726
forecast_7527,2025-11-10 15:00:00,4409.825231963476,4701.874502365549,4181.236973473997
forecast_7528,2025-11-10 16:00:00,3984.124968303149,4068.9392404132536,3822.4161996231746
forecast_7529,2025-11-10 17:00:00,8655.30558119678,7773.832433131695,7130.880234868361
forecast_7530,2025-11-10 18:00:00,10937.10068051245,11176.090407005608,10250.994262004187
forecast_7531,2025-11-10 19:00:00,14109.746768557297,13472.55884821485,13204.099988231315
forecast_7532,2025-11-10 20:00:00,15265.423318779704,14294.635303570269,13532.977766008427
forecast_7533,2025-11-10 21:00:00,15814.934064539497,15253.200137870497,13593.022753031995
forecast_7534,2025-11-10 22:00:00,16253.43536976588,15639.01033334423,12998.422647331203
forecast_7535,2025-11-10 23:00:00,13140.222493868867,14456.81393990964,10238.142983999627
forecast_7536,2025-11-11 00:00:00,13906.779776744252,14895.603132423488,10922.989738884573
forecast_7537,2025-11-11 01:00:00,17566.176357871922,16931.719503062624,14616.501143366324
forecast_7538,2025-11-11 02:00:00,14284.13307054792,15905.934838716721,11508.050387705887
forecast_7539,2025-11-11 03:00:00,13615.927381167583,14953.73332760932,10633.345865317524
forecast_7540,2025-11-11 04:00:00,12486.466948856136,13642.347069123385,8482.153375927299
forecast_7541,2025-11-11 05:00:00,10527.837186251178,10438.75497334875,6553.031499895005
forecast_7542,2025-11-11 06:00:00,5559.467865833513,5059.094066668189,3131.08617330007
forecast_7543,2025-11-11 07:00:00,5599.156792757209,4934.2659908219775,3264.408702688501
forecast_7544,2025-11-11 08:00:00,4001.8524955371604,3310.380034167994,2398.1085913458014
forecast_7545,2025-11-11 09:00:00,3713.6836735430516,2958.5672449830854,2696.0015344659128
forecast_7546,2025-11-11 10:00:00,3271.495106006455,2420.711829568663,1922.4774343602724
forecast_7547,2025-11-11 11:00:00,2142.4697386872363,1713.422509128738,1311.4523810995918
forecast_7548,2025-11-11 12:00:00,1748.6579102267503,1374.876675523325,1251.8238511060738
forecast_7549,2025-11-11 13:00:00,1467.9218103563599,1382.0990678567387,1061.111292084389
forecast_7550,2025-11-11 14:00:00,1177.3538930589364,1032.1151031393815,884.4530950683766
forecast_7551,2025-11-11 15:00:00,885.7717225697754,1023.8812162190196,672.8866644421357
forecast_7552,2025-11-11 16:00:00,914.2976531248054,834.0355837526499,705.922675450742
forecast_7553,2025-11-11 17:00:00,933.7066087760339,868.6154722560939,388.7142537829274
forecast_7554,2025-11-11 18:00:00,778.1545587086076,767.0292208667956,248.5110209253798
forecast_7555,2025-11-11 19:00:00,357.32296823294837,390.41348083677127,156.92819985023473
forecast_7556,2025-11-11 20:00:00,314.4763200759445,316.5454817363582,108.56054033708041
forecast_7557,2025-11-11 21:00:00,473.6524608340933,485.57961488409376,104.76305281239785
forecast_7558,2025-11-11 22:00:00,548.2828557578679,581.2293943964346,124.51707915524531
forecast_7559,2025-11-11 23:00:00,639.0431620198673,624.8691230443541,143.43031835690837
forecast_7560,2025-11-12 00:00:00,737.3118751918349,684.358020889389,238.36856587965158
forecast_7561,2025-11-12 01:00:00,611.6456281316862,569.897146441621,244.852525200975
forecast_7562,2025-11-12 02:00:00,785.1604441140952,819.5380544615803,417.68048015059617
forecast_7563,2025-11-12 03:00:00,844.6440679160305,825.6824074047361,385.05600153711276
forecast_7564,2025-11-12 04:00:00,970.2445475617301,889.1896003900002,413.8102894490374
forecast_7565,2025-11-12 05:00:00,1001.9978153923255,1026.3725610161819,450.9340918140123
forecast_7566,2025-11-12 06:00:00,1829.4933350118117,1710.4627388464835,1011.5418716802575
forecast_7567,2025-11-12 07:00:00,2388.942518682873,2685.692960681148,1901.8719020388353
forecast_7568,2025-11-12 08:00:00,3128.7369077757394,3083.3839658154834,1917.0539806891193
forecast_7569,2025-11-12 09:00:00,3431.0830219454238,3671.85230978949,1881.5305268942295
forecast_7570,2025-11-12 10:00:00,3519.0675027219013,2810.5622704707403,1862.2525994396474
forecast_7571,2025-11-12 11:00:00,4428.409855042889,3308.369672955389,2765.8027515326617
forecast_7572,2025-11-12 12:00:00,5293.425595100469,5370.663507312349,4392.267517457599
forecast_7573,2025-11-12 13:00:00,6338.187552559216,7512.264931481955,6053.751491975731
forecast_7574,2025-11-12 14:00:00,5766.622664356347,6178.432726396337,4478.83239201792
forecast_7575,2025-11-12 15:00:00,5810.88577899416,6150.27117776813,5530.66298076409
forecast_7576,2025-11-12 16:00:00,7695.133768180566,8406.2996994672,6372.6929327873195
forecast_7577,2025-11-12 17:00:00,9486.194113075826,10772.518126380248,9704.91983837035
forecast_7578,2025-11-12 18:00:00,10880.386053823315,12172.617543503242,10021.930387264005
forecast_7579,2025-11-12 19:00:00,13425.470852342296,13787.115052847857,11782.36506953209
forecast_7580,2025-11-12 20:00:00,13776.359347606569,14111.853188793357,11783.581981434456
forecast_7581,2025-11-12 21:00:00,14325.4363763852,15363.069114607717,11790.648545375348
forecast_7582,2025-11-12 22:00:00,14464.11192185706,16256.828616913368,12524.754752662322
forecast_7583,2025-11-12 23:00:00,15761.66020555151,17011.422582120613,13975.403385518759
forecast_7584,2025-11-13 00:00:00,17952.156806393134,17897.476062056434,15505.07870130023
forecast_7585,2025-11-13 01:00:00,17035.332218400363,17322.838242049464,13334.068450881125
forecast_7586,2025-11-13 02:00:00,16489.39311236364,17531.308932690572,13301.839312676306
forecast_7587,2025-11-13 03:00:00,17383.461557730032,16993.592928549508,14184.930743222041
forecast_7588,2025-11-13 04:00:00,15793.106077841476,16255.998335570057,12856.73146557576
forecast_7589,2025-11-13 05:00:00,14383.204542914125,14747.163093806124,11580.860964795005
forecast_7590,2025-11-13 06:00:00,14016.596156877064,14862.99829240445,11487.389212643133
forecast_7591,2025-11-13 07:00:00,12849.130274572302,14407.17750651727,11211.265633479821
forecast_7592,2025-11-13 08:00:00,12251.98062348661,14215.023424513705,10535.945438251534
forecast_7593,2025-11-13 09:00:00,10691.309684264945,12910.566903146346,8807.231652160512
forecast_7594,2025-11-13 10:00:00,9955.331384235304,11200.884814651401,8332.862361883355
forecast_7595,2025-11-13 11:00:00,9769.474429541939,10045.844688250438,8715.424275067382
forecast_7596,2025-11-13 12:00:00,7224.736938074177,6243.635629904938,5678.8047880854665
forecast_7597,2025-11-13 13:00:00,3593.729071132918,3696.3828675282643,2251.3709837625406
forecast_7598,2025-11-13 14:00:00,3462.4482052945627,3435.719673756467,2180.8583388129277
forecast_7599,2025-11-13 15:00:00,2760.1282967722336,2290.5106821916515,1481.005101647427
forecast_7600,2025-11-13 16:00:00,3042.3772585676093,2760.0659095898154,1631.0741679641678
forecast_7601,2025-11-13 17:00:00,5060.395965110878,4787.9737421438385,3209.939735593122
forecast_7602,2025-11-13 18:00:00,4765.32317807363,4532.234752451944,2905.5585236726106
forecast_7603,2025-11-13 19:00:00,5219.557805508712,4263.587969118812,3414.17792667623
forecast_7604,2025-11-13 20:00:00,4142.389273843465,3534.1982630519965,2921.1996764824316
forecast_7605,2025-11-13 21:00:00,6012.822597632955,4896.027508100402,3826.633079009265
forecast_7606,2025-11-13 22:00:00,6216.559917517227,4537.4736505536885,3629.0443667838326
forecast_7607,2025-11-13 23:00:00,5839.656341572691,5018.8736635179785,3878.789595535327
forecast_7608,2025-11-14 00:00:00,5339.381059740575,4810.355899776537,3216.816034901025
forecast_7609,2025-11-14 01:00:00,2569.434667164679,2263.8703575078116,1927.1355194001449
forecast_7610,2025-11-14 02:00:00,2619.216063609479,2206.407419016756,1685.1112797232076
forecast_7611,2025-11-14 03:00:00,2895.0918501038236,2302.926808218579,1812.9049435175593
forecast_7612,2025-11-14 04:00:00,3130.3573496963645,2471.1419400872614,2064.428923769951
forecast_7613,2025-11-14 05:00:00,3244.40426232669,2582.125357039998,2329.392402866555
forecast_7614,2025-11-14 06:00:00,3573.151653258666,2929.907744892843,2381.4764705462662
forecast_7615,2025-11-14 07:00:00,3576.4759431105776,2814.294783376882,2908.0087821721677
forecast_7616,2025-11-14 08:00:00,4431.248144036302,3180.9320067061744,3167.0788438627646
forecast_7617,2025-11-14 09:00:00,3657.640574862475,3349.834068112786,2884.452983241914
forecast_7618,2025-11-14 10:00:00,4598.5417516482785,3421.3786848360637,3066.3870871179483
forecast_7619,2025-11-14 11:00:00,4402.813055414078,3727.1734971256487,2755.5469336783076
forecast_7620,2025-11-14 12:00:00,3978.106620873472,2936.789994264227,2626.318032904721
forecast_7621,2025-11-14 13:00:00,3341.1889987052123,2687.342940878483,2131.0409033146466
forecast_7622,2025-11-14 14:00:00,4189.185099838304,3551.7502948356378,2875.0351392117486
forecast_7623,2025-11-14 15:00:00,4192.922604634038,3169.1357083601943,2747.0386265101097
forecast_7624,2025-11-14 16:00:00,3660.547334202688,3612.376489861586,2896.547900943821
forecast_7625,2025-11-14 17:00:00,5573.081651489512,5261.711562463047,3960.8283347278807
forecast_7626,2025-11-14 18:00:00,6302.89775612604,5983.191005961365,4504.2842586688
forecast_7627,2025-11-14 19:00:00,7859.984195492313,7434.862549131235,5384.544153944088
forecast_7628,2025-11-14 20:00:00,9232.77968380373,8978.129019185122,6237.932713613482
forecast_7629,2025-11-14 21:00:00,8659.536554985862,7959.569975467688,4905.350358563342
forecast_7630,2025-11-14 22:00:00,8323.699877308252,6935.03098637217,5069.302768232117
forecast_7631,2025-11-14 23:00:00,8675.322740005908,7500.479772153889,4910.742458797736
forecast_7632,2025-11-15 00:00:00,7681.957859368737,6848.70977329175,4329.273480005019
forecast_7633,2025-11-15 01:00:00,5727.54688845407,4407.816532642299,3059.027573343937
forecast_7634,2025-11-15 02:00:00,4624.706225276806,3927.838431876803,2837.3085400795167
forecast_7635,2025-11-15 03:00:00,4537.282869233705,3901.168785380711,2614.307067828681
forecast_7636,2025-11-15 04:00:00,5102.353716485349,4095.064755471913,3066.810555106491
forecast_7637,2025-11-15 05:00:00,4139.377520728091,3095.4914441384576,2080.2180819686832
forecast_7638,2025-11-15 06:00:00,3563.116851421386,2890.69903695266,1737.85913432085
forecast_7639,2025-11-15 07:00:00,3790.263215309933,3073.4689263508526,1918.3099842857102
forecast_7640,2025-11-15 08:00:00,2745.964807528353,2397.135667909934,1311.6587986367376
forecast_7641,2025-11-15 09:00:00,2330.1500243025553,2024.7263321236283,920.9862886574444
forecast_7642,2025-11-15 10:00:00,1305.3694033541083,1187.052851983896,770.6353746368295
forecast_7643,2025-11-15 11:00:00,458.0026391462396,405.1281075120597,340.2805187925971
forecast_7644,2025-11-15 12:00:00,614.2103300473387,621.4396967952036,486.8093585206791
forecast_7645,2025-11-15 13:00:00,551.2980581015637,556.8188331106956,372.87461856146524
forecast_7646,2025-11-15 14:00:00,647.2809724645728,755.0743047217953,577.8866239138622
forecast_7647,2025-11-15 15:00:00,1215.7486182582957,1223.2269944139307,1296.8725048367955
forecast_7648,2025-11-15 16:00:00,2228.2388043324145,2265.722944144422,1605.431018705358
forecast_7649,2025-11-15 17:00:00,3574.6171079116043,3328.047658449446,2497.3564934550545
forecast_7650,2025-11-15 18:00:00,5147.714352132436,4900.51983742415,3319.9230903399966
forecast_7651,2025-11-15 19:00:00,6328.577821926343,6428.01451746768,4867.535711451934
forecast_7652,2025-11-15 20:00:00,7057.526995019748,7729.335422019562,5740.9357675209885
forecast_7653,2025-11-15 21:00:00,8056.004729477412,9035.677852854991,5863.553507628664
forecast_7654,2025-11-15 22:00:00,7598.178680479703,7988.838032217079,5688.8778173382
forecast_7655,2025-11-15 23:00:00,6998.417577525968,7225.210507743113,4932.180093107237
forecast_7656,2025-11-16 00:00:00,6891.033215174965,6819.306463854374,4914.1620580249855
forecast_7657,2025-11-16 01:00:00,9470.70690445811,7948.551630212965,5417.955821502614
forecast_7658,2025-11-16 02:00:00,6722.796953981121,6072.321867532243,4436.5178768056385
forecast_7659,2025-11-16 03:00:00,7387.005944213658,6250.686170805936,4530.099685759885
forecast_7660,2025-11-16 04:00:00,7575.712857165513,6719.047113476657,4474.259339220722
forecast_7661,2025-11-16 05:00:00,9043.09612051526,7466.742577415239,5395.839474755978
forecast_7662,2025-11-16 06:00:00,8628.479047627206,8444.44046414736,5864.050407447309
forecast_7663,2025-11-16 07:00:00,9925.312414401888,9381.768022999828,6971.25166014243
forecast_7664,2025-11-16 08:00:00,10327.96081750413,9841.31673674854,7288.672299946374
forecast_7665,2025-11-16 09:00:00,9945.102863044911,11373.094832789104,8178.255038334712
forecast_7666,2025-11-16 10:00:00,9289.059005691179,10693.762089883876,7240.8060946016
forecast_7667,2025-11-16 11:00:00,8744.373890898803,10482.58791528718,7426.8306776007785
forecast_7668,2025-11-16 12:00:00,10997.26314593602,12331.334571641648,10790.784971882378
forecast_7669,2025-11-16 13:00:00,12241.700861367632,13380.18717541615,11622.850183944534
forecast_7670,2025-11-16 14:00:00,11293.92511550667,13088.051268984922,11481.75752257555
forecast_7671,2025-11-16 15:00:00,13330.238710228638,13967.820735563584,12703.461578589138
forecast_7672,2025-11-16 16:00:00,14063.620003322385,15164.340538857274,14357.756129797155
forecast_7673,2025-11-16 17:00:00,17019.968809587186,17347.787907434584,15575.67943010712
forecast_7674,2025-11-16 18:00:00,18313.47267893454,19153.464432694567,17010.496318579084
forecast_7675,2025-11-16 19:00:00,18772.688856689583,19466.247195783013,17612.81221636464
forecast_7676,2025-11-16 20:00:00,18862.083409079896,19375.80705153046,17917.62510711692
forecast_7677,2025-11-16 21:00:00,18886.451143390274,19394.423194817045,18295.511385908412
forecast_7678,2025-11-16 22:00:00,18594.77890079631,19265.18650416797,18101.44948766739
forecast_7679,2025-11-16 23:00:00,18263.6481405563,19233.375061098366,17546.76506127564
forecast_7680,2025-11-17 00:00:00,18446.330464966682,19167.44465573213,17068.29495465129
forecast_7681,2025-11-17 01:00:00,18218.8285635226,19032.096951670468,17165.392606044785
forecast_7682,2025-11-17 02:00:00,18181.439652942263,18877.107657464854,15551.12664331431
forecast_7683,2025-11-17 03:00:00,17573.833608487002,18657.473799978125,13057.870141956611
forecast_7684,2025-11-17 04:00:00,17050.128834986925,18098.088932722563,12860.015990973689
forecast_7685,2025-11-17 05:00:00,16611.37433505904,18175.599907114007,14452.555614629971
forecast_7686,2025-11-17 06:00:00,16310.080681848793,17765.959699230603,14545.047951372646
forecast_7687,2025-11-17 07:00:00,15925.245621832111,17312.585376911855,13939.733012897694
forecast_7688,2025-11-17 08:00:00,16211.073901083928,17345.496729354174,13929.268394321287
forecast_7689,2025-11-17 09:00:00,15514.636580393171,16268.291722952765,13634.770761715321
forecast_7690,2025-11-17 10:00:00,14815.011102939836,14890.340858012856,12876.101903751802
forecast_7691,2025-11-17 11:00:00,13883.291283627957,13845.687935218673,12463.848538292557
forecast_7692,2025-11-17 12:00:00,13456.26368631067,13768.428152509505,11912.942907197263
forecast_7693,2025-11-17 13:00:00,12999.239464552593,13877.771090725653,10687.125819145846
forecast_7694,2025-11-17 14:00:00,12220.375329575427,13176.056013026706,10582.789161433233
forecast_7695,2025-11-17 15:00:00,12212.54169655129,12590.3138595032,9824.244891235203
forecast_7696,2025-11-17 16:00:00,12499.460263974803,13136.858038128417,10571.21204282859
forecast_7697,2025-11-17 17:00:00,12965.424093000343,13416.917202970653,11638.765203361327
forecast_7698,2025-11-17 18:00:00,12527.564059596696,13383.953372640992,11216.13748071212
forecast_7699,2025-11-17 19:00:00,11869.47246277965,12457.636007924948,10470.872271786862
forecast_7700,2025-11-17 20:00:00,12396.428625767076,13937.532166105831,10330.361918502462
forecast_7701,2025-11-17 21:00:00,12898.093221187839,14838.1226719513,11275.42637282363
forecast_7702,2025-11-17 22:00:00,13443.255138106593,15137.983106522535,12154.611421496016
forecast_7703,2025-11-17 23:00:00,14429.521343722656,15745.729555921282,13245.67214623214
forecast_7704,2025-11-18 00:00:00,14016.330937327732,15999.06704330698,13533.72602079133
forecast_7705,2025-11-18 01:00:00,13818.266260405997,15659.386744773086,11393.668429712918
forecast_7706,2025-11-18 02:00:00,13624.476924242314,15451.369064350256,11505.3592066826
forecast_7707,2025-11-18 03:00:00,13729.852995822088,15560.491081929773,11077.097758929345
forecast_7708,2025-11-18 04:00:00,13935.904642926587,15905.97940826256,12147.38818263453
forecast_7709,2025-11-18 05:00:00,14109.636374234602,16102.371419621148,12411.738411610842
forecast_7710,2025-11-18 06:00:00,14960.009985624081,16361.006392803329,12879.94219001187
forecast_7711,2025-11-18 07:00:00,15372.12503409428,16822.05859089837,13586.508308732298
forecast_7712,2025-11-18 08:00:00,13987.460331455835,16169.642678006257,13228.642480788692
forecast_7713,2025-11-18 09:00:00,13304.034711504193,15123.756028584208,12217.45056334227
forecast_7714,2025-11-18 10:00:00,12785.571612485954,13768.949307697421,11357.770800507315
forecast_7715,2025-11-18 11:00:00,12779.748119451868,12012.438146436856,10314.533696943425
forecast_7716,2025-11-18 12:00:00,12337.861084049604,11107.984065180332,9550.328631103474
forecast_7717,2025-11-18 13:00:00,11843.794802292265,10123.16342422209,8225.242374518415
forecast_7718,2025-11-18 14:00:00,11715.57832479581,10004.195605674424,7998.36345621189
forecast_7719,2025-11-18 15:00:00,11659.523070529696,9434.431359046886,7422.131454597352
forecast_7720,2025-11-18 16:00:00,9992.404260061465,8331.982119979022,5575.927164683556
forecast_7721,2025-11-18 17:00:00,8493.775669336821,7286.882331967821,5119.374233881823
forecast_7722,2025-11-18 18:00:00,5968.096667018235,5835.199757673063,4916.152310216361
forecast_7723,2025-11-18 19:00:00,6348.980543716136,5960.506231909448,4621.1856232964055
forecast_7724,2025-11-18 20:00:00,8129.848316137752,7749.061047313766,5816.272723659395
forecast_7725,2025-11-18 21:00:00,7434.429867904723,7891.933906414621,5467.021372111002
forecast_7726,2025-11-18 22:00:00,7716.290346451576,8403.059993533276,5738.906285902682
forecast_7727,2025-11-18 23:00:00,7437.929535587089,7804.667244594764,5686.316043513036
forecast_7728,2025-11-19 00:00:00,7867.627273480281,6938.840645954967,5638.827184184089
forecast_7729,2025-11-19 01:00:00,10223.199092596864,11001.696830570863,8057.1273332557175
forecast_7730,2025-11-19 02:00:00,9672.848393761496,10926.39028994527,7882.376565210991
forecast_7731,2025-11-19 03:00:00,9362.991633616679,9575.074998169157,6668.296145659252
forecast_7732,2025-11-19 04:00:00,8485.027791889246,7109.443426269298,5602.080429411305
forecast_7733,2025-11-19 05:00:00,6566.884134552308,5583.363904127806,4242.661769019281
forecast_7734,2025-11-19 06:00:00,4934.2297207134825,4380.8311567994215,3665.2082251735965
forecast_7735,2025-11-19 07:00:00,4174.221666160545,4003.5111598023095,3226.8369127303417
forecast_7736,2025-11-19 08:00:00,3239.9219300516584,3189.465364592398,2877.345054992598
forecast_7737,2025-11-19 09:00:00,2694.1053230566904,2378.083950703171,1930.4832094848482
forecast_7738,2025-11-19 10:00:00,1593.8809362592115,1478.1112555356553,1159.3902204908757
forecast_7739,2025-11-19 11:00:00,417.685033539237,583.8837578215213,535.0234998023984
forecast_7740,2025-11-19 12:00:00,326.36167306106194,410.8911654209942,420.5731035265933
forecast_7741,2025-11-19 13:00:00,488.07994928066955,546.9388497843377,499.82933898506485
forecast_7742,2025-11-19 14:00:00,1095.1142882403842,932.4199231324275,808.7225541983357
forecast_7743,2025-11-19 15:00:00,2065.6834684101154,1761.8321825652674,1491.0938376443237
forecast_7744,2025-11-19 16:00:00,2709.3802208968136,2445.520551480582,1814.1815244480074
forecast_7745,2025-11-19 17:00:00,6440.074762139326,5929.510634432591,4653.121990441381
forecast_7746,2025-11-19 18:00:00,9162.693209189272,8669.113606007231,7109.172187308415
forecast_7747,2025-11-19 19:00:00,11030.58794519985,10041.367245329408,9468.479320032005
forecast_7748,2025-11-19 20:00:00,11690.708976899163,10943.754210090583,9749.442468081179
forecast_7749,2025-11-19 21:00:00,13559.329363148127,12711.862429145856,10723.826474729058
forecast_7750,2025-11-19 22:00:00,15870.677169904851,15973.34626834039,13763.819297525679
forecast_7751,2025-11-19 23:00:00,17403.458197503467,17053.668166902975,14718.5570171641
forecast_7752,2025-11-20 00:00:00,18179.51450584187,17848.70943414199,15019.72671196693
forecast_7753,2025-11-20 01:00:00,18190.384327758115,17991.194689316882,15618.771095670625
forecast_7754,2025-11-20 02:00:00,18093.243599634952,18620.151194593982,16129.90825308625
forecast_7755,2025-11-20 03:00:00,17618.861743574867,18675.693761668153,15687.835444317023
forecast_7756,2025-11-20 04:00:00,18312.165802509124,18817.18398513069,15174.691666560793
forecast_7757,2025-11-20 05:00:00,17690.237743761503,18079.65935448182,14332.292734856328
forecast_7758,2025-11-20 06:00:00,17097.23322998317,17805.583902620085,13669.299629442712
forecast_7759,2025-11-20 07:00:00,17245.736248116118,18207.96070066657,14123.000612000447
forecast_7760,2025-11-20 08:00:00,14812.922428222048,16639.69336819944,12768.924881264023
forecast_7761,2025-11-20 09:00:00,14652.458683039937,16633.864451548354,13641.242428142505
forecast_7762,2025-11-20 10:00:00,14924.790691134369,16272.868232444584,14319.454735574365
forecast_7763,2025-11-20 11:00:00,15532.145090259062,16590.060225233443,13776.212678395728
forecast_7764,2025-11-20 12:00:00,16141.537956190396,16357.497688419357,14085.717659514068
forecast_7765,2025-11-20 13:00:00,16898.13916493991,16607.189080193835,14933.563830042998
forecast_7766,2025-11-20 14:00:00,17796.482639553942,17852.398136994165,16418.910661027297
forecast_7767,2025-11-20 15:00:00,18562.59079816184,18697.6690277097,16312.672571268089
forecast_7768,2025-11-20 16:00:00,18960.68485660798,18835.367487437725,16830.091642804582
forecast_7769,2025-11-20 17:00:00,18747.149709057616,18866.380395161596,16448.112613589932
forecast_7770,2025-11-20 18:00:00,18865.970137133834,18883.678891353913,16927.769189083316
forecast_7771,2025-11-20 19:00:00,18849.324539642304,18830.197577013718,15753.9855111771
forecast_7772,2025-11-20 20:00:00,18417.569467658675,18693.094394364416,15095.81277309856
forecast_7773,2025-11-20 21:00:00,18252.101873947653,18876.239704196778,15458.567829759475
forecast_7774,2025-11-20 22:00:00,17919.58374841352,18689.78112139322,15950.774892472211
forecast_7775,2025-11-20 23:00:00,17720.028313683764,18495.23071221369,15498.512697941298
forecast_7776,2025-11-21 00:00:00,17533.587485463813,18678.38141967676,15390.256489717323
forecast_7777,2025-11-21 01:00:00,16786.70151811505,18472.222736652555,14026.808986430351
forecast_7778,2025-11-21 02:00:00,14639.536662421478,16753.87353610773,12983.1771263477
forecast_7779,2025-11-21 03:00:00,14159.347536250498,15617.216384672909,11518.202703952398
forecast_7780,2025-11-21 04:00:00,14112.862715710986,15194.619517670311,11154.424039974345
forecast_7781,2025-11-21 05:00:00,15133.442559808218,16299.576691633209,12070.636031373042
forecast_7782,2025-11-21 06:00:00,16473.209292550277,17293.792463222373,13224.393920795412
forecast_7783,2025-11-21 07:00:00,16581.45863761292,17089.66264137749,13682.971969501845
forecast_7784,2025-11-21 08:00:00,16200.779633055088,17129.72395003384,13552.627555175217
forecast_7785,2025-11-21 09:00:00,15127.423202376247,16900.448124701474,12827.734813345092
forecast_7786,2025-11-21 10:00:00,14590.982552215239,16003.531327130564,12631.792184059646
forecast_7787,2025-11-21 11:00:00,14489.2487817731,15367.610456874903,11867.7577183128
forecast_7788,2025-11-21 12:00:00,14325.481350692417,14979.512729484666,11671.77041126032
forecast_7789,2025-11-21 13:00:00,14398.025829644994,14492.365935830054,11909.717903711917
forecast_7790,2025-11-21 14:00:00,15050.713018855786,14939.867265580351,12228.691042807288
forecast_7791,2025-11-21 15:00:00,15035.624698694206,15176.486345961976,13152.330877298418
forecast_7792,2025-11-21 16:00:00,14644.419718819934,15403.599281424198,12817.091352139685
forecast_7793,2025-11-21 17:00:00,14845.821768891137,15552.70966082657,13300.973453656172
forecast_7794,2025-11-21 18:00:00,15067.14248806565,16174.132882279206,14590.806958200788
forecast_7795,2025-11-21 19:00:00,14254.948070800825,15661.357169471295,14023.113969588718
forecast_7796,2025-11-21 20:00:00,14155.543883969323,15103.917002403363,13110.721806825946
forecast_7797,2025-11-21 21:00:00,14447.025550665061,15655.204164537145,14048.038289764248
forecast_7798,2025-11-21 22:00:00,14441.755939861565,16042.058855865562,13815.680087230812
forecast_7799,2025-11-21 23:00:00,15263.912398190807,16643.095512691772,13110.135034210565
forecast_7800,2025-11-22 00:00:00,15586.707023854111,17269.536573811853,13627.180271723453
forecast_7801,2025-11-22 01:00:00,15540.202598807142,17346.253505286553,13267.45354287918
forecast_7802,2025-11-22 02:00:00,16237.169599249368,17430.31299734236,13977.86104568573
forecast_7803,2025-11-22 03:00:00,14988.953402467421,17053.27359765356,12818.255122362956
forecast_7804,2025-11-22 04:00:00,15375.674287897631,17043.216695472536,12966.618887639506
forecast_7805,2025-11-22 05:00:00,16060.586748617767,17474.51295744131,12891.44763272008
forecast_7806,2025-11-22 06:00:00,17234.362881081193,17833.258248446422,13575.094482112363
forecast_7807,2025-11-22 07:00:00,17657.440836796548,17626.287545396102,13971.687124692191
forecast_7808,2025-11-22 08:00:00,16939.990641593206,16799.246917067598,13067.668647386034
forecast_7809,2025-11-22 09:00:00,15231.741379017833,14731.909428727531,10807.171936973078
forecast_7810,2025-11-22 10:00:00,11760.44880403832,13216.71127382826,10143.431230062846
forecast_7811,2025-11-22 11:00:00,10543.587569905909,12684.207852287198,10409.685211298787
forecast_7812,2025-11-22 12:00:00,9923.9756554309,10583.47107559323,9296.6802731388
forecast_7813,2025-11-22 13:00:00,9312.635794179709,9562.218543222143,9008.336259909313
forecast_7814,2025-11-22 14:00:00,8857.494548955792,9804.36469804536,8973.203767518224
forecast_7815,2025-11-22 15:00:00,11122.299898643643,10372.156409699528,10352.734511185077
forecast_7816,2025-11-22 16:00:00,12420.25368621287,13221.14180095389,11595.571005938524
forecast_7817,2025-11-22 17:00:00,15291.115685231096,15526.134339631682,13161.469844524054
forecast_7818,2025-11-22 18:00:00,16575.380589734334,17315.76959748274,14877.78475389272
forecast_7819,2025-11-22 19:00:00,17213.555147877298,17086.874348857895,15825.040945290404
forecast_7820,2025-11-22 20:00:00,17403.206577037385,17473.54313518169,15259.367706944617
forecast_7821,2025-11-22 21:00:00,17908.569032544954,17304.133915061764,14324.805333553559
forecast_7822,2025-11-22 22:00:00,17860.933155101182,17510.16453782846,15260.396128851231
forecast_7823,2025-11-22 23:00:00,18008.662419922606,18093.34990351663,15532.829612202802
forecast_7824,2025-11-23 00:00:00,18113.830089535702,18393.13735982094,15333.638102370662
forecast_7825,2025-11-23 01:00:00,18559.005392815612,18830.743953753838,15619.237862725364
forecast_7826,2025-11-23 02:00:00,18536.12824554592,18666.962219949473,15566.48324981278
forecast_7827,2025-11-23 03:00:00,18447.442032975567,18806.481752815736,14699.959117651475
forecast_7828,2025-11-23 04:00:00,18628.35535352514,18884.397420727637,14561.910937818593
forecast_7829,2025-11-23 05:00:00,17773.123026906396,18280.613670894734,14008.581849725455
forecast_7830,2025-11-23 06:00:00,17938.444753716594,18571.619826503884,13813.157360237858
forecast_7831,2025-11-23 07:00:00,18074.85155710704,18436.342732975456,14972.635308031688
forecast_7832,2025-11-23 08:00:00,17404.39070807879,17421.189698459853,14278.177271541586
forecast_7833,2025-11-23 09:00:00,15863.87418899358,15670.514918993715,13052.176840875705
forecast_7834,2025-11-23 10:00:00,14603.768076665545,15462.117731907125,12829.419695778008
forecast_7835,2025-11-23 11:00:00,13492.629789348184,14733.355655694444,11719.831301457583
forecast_7836,2025-11-23 12:00:00,13223.654722939924,14842.215010805285,11836.460282418371
forecast_7837,2025-11-23 13:00:00,12584.113409234697,12955.44716626552,11418.213227364256
forecast_7838,2025-11-23 14:00:00,12194.02590582404,12991.3243631179,11729.294978120488
forecast_7839,2025-11-23 15:00:00,12410.885821633061,13658.130043930285,11536.128126635998
forecast_7840,2025-11-23 16:00:00,12879.592594359401,13675.544307219823,10613.0451671788
forecast_7841,2025-11-23 17:00:00,14230.680208487058,14256.099464276036,12098.29230792601
forecast_7842,2025-11-23 18:00:00,16330.74481222186,16941.15447451285,14566.97796109876
forecast_7843,2025-11-23 19:00:00,17055.78766279126,17866.498565043843,14942.00467567173
forecast_7844,2025-11-23 20:00:00,17135.238265528333,17947.49777136826,14592.983621089199
forecast_7845,2025-11-23 21:00:00,16408.72979856938,17836.568734819575,14783.02237476095
forecast_7846,2025-11-23 22:00:00,16597.148278934143,17604.062675106652,14672.647137952745
forecast_7847,2025-11-23 23:00:00,16020.379047368555,17021.779283353873,14931.266514989076
forecast_7848,2025-11-24 00:00:00,15862.774700622804,16663.16800575255,13900.037098531788
forecast_7849,2025-11-24 01:00:00,11169.538738165487,12518.568967517522,9012.437911340432
forecast_7850,2025-11-24 02:00:00,11770.453871962129,13314.666033482448,9097.91699318844
forecast_7851,2025-11-24 03:00:00,9116.045585219095,11702.409348776107,7190.638934969736
forecast_7852,2025-11-24 04:00:00,10044.850749234032,11822.693953402264,7295.466143826499
forecast_7853,2025-11-24 05:00:00,9655.019497109024,11102.714067988314,7340.548903314309
forecast_7854,2025-11-24 06:00:00,10007.985027968174,11342.500025258068,7107.020465537661
forecast_7855,2025-11-24 07:00:00,9981.802473752223,11488.680591579796,7701.4032270546
forecast_7856,2025-11-24 08:00:00,10961.319643674824,11906.45069254899,7637.304629960601
forecast_7857,2025-11-24 09:00:00,10416.497859314632,11934.328841779354,7833.25154644047
forecast_7858,2025-11-24 10:00:00,9578.998286959148,10970.10409254354,9100.135780861478
forecast_7859,2025-11-24 11:00:00,10387.087389211383,10845.759785298304,9795.60273693998
forecast_7860,2025-11-24 12:00:00,10061.003295896091,10370.56896967928,9549.02106010032
forecast_7861,2025-11-24 13:00:00,9710.54516674997,10223.701257489603,9855.824156666109
forecast_7862,2025-11-24 14:00:00,10969.09162935425,10972.066655653503,10106.336651418942
forecast_7863,2025-11-24 15:00:00,11621.16897846434,13106.921926481999,11895.983763526252
forecast_7864,2025-11-24 16:00:00,11792.877503376409,12196.130265139052,11543.749993277866
forecast_7865,2025-11-24 17:00:00,12098.025341911198,12450.244684287429,11874.535318318869
forecast_7866,2025-11-24 18:00:00,11894.982678901268,13404.934678049796,11616.045098112523
forecast_7867,2025-11-24 19:00:00,11061.912836459593,12410.185232646283,10035.452197427432
forecast_7868,2025-11-24 20:00:00,11749.398677447974,13771.384630014125,11720.057128823799
forecast_7869,2025-11-24 21:00:00,12379.206996244684,13921.108950664871,11019.957720351082
forecast_7870,2025-11-24 22:00:00,12054.123498034174,13294.983796777098,10674.505863817722
forecast_7871,2025-11-24 23:00:00,11027.610253854622,13049.359376294326,9765.398321242961
forecast_7872,2025-11-25 00:00:00,12270.791106813998,13213.715251633184,10279.357936413693
forecast_7873,2025-11-25 01:00:00,12050.262863048509,13138.219207102396,10716.753899903482
forecast_7874,2025-11-25 02:00:00,13105.590842225169,14007.695534443825,12406.762596580576
forecast_7875,2025-11-25 03:00:00,13870.692123631658,14956.606928253635,13818.443241076277
forecast_7876,2025-11-25 04:00:00,12621.474341967261,13154.02574417903,12369.031263440787
forecast_7877,2025-11-25 05:00:00,12881.891943929804,14068.119624719875,12674.853528521677
forecast_7878,2025-11-25 06:00:00,13134.89995615153,14965.915127489487,10985.025597574719
forecast_7879,2025-11-25 07:00:00,13183.420332827935,14515.28628253523,11075.178071925111
forecast_7880,2025-11-25 08:00:00,11907.252688126368,13000.36112526121,9978.211895004753
forecast_7881,2025-11-25 09:00:00,10014.483942992856,11231.608380528674,8268.577063651037
forecast_7882,2025-11-25 10:00:00,8145.941509306507,9484.261669370399,7515.060585152286
forecast_7883,2025-11-25 11:00:00,6945.230800120097,8681.533429352534,6171.244438133661
forecast_7884,2025-11-25 12:00:00,7056.333194117064,9258.503915420051,6601.739271391314
forecast_7885,2025-11-25 13:00:00,9212.1088944482,10019.24477120221,8653.741206151004
forecast_7886,2025-11-25 14:00:00,10466.190726387465,10497.079380394294,9668.686998809175
forecast_7887,2025-11-25 15:00:00,11482.456667958848,11962.975003018386,9946.806462976321
forecast_7888,2025-11-25 16:00:00,11156.462132286104,11499.28608057929,9378.08830772964
forecast_7889,2025-11-25 17:00:00,11325.843670843942,11794.948416722755,10000.175410919946
forecast_7890,2025-11-25 18:00:00,11931.692418637784,11328.294584679534,9079.836363405584
forecast_7891,2025-11-25 19:00:00,11527.645069893548,10221.833904278428,7080.418509764162
forecast_7892,2025-11-25 20:00:00,11059.717218671629,9551.617814916353,5541.193054215147
forecast_7893,2025-11-25 21:00:00,9237.592782587868,8550.117366973096,4996.706706269565
forecast_7894,2025-11-25 22:00:00,7388.710057942982,7127.620427160185,4126.778388675903
forecast_7895,2025-11-25 23:00:00,5505.229752516393,5617.86793422738,3227.4255409969587
forecast_7896,2025-11-26 00:00:00,4319.615581815324,4206.330750175316,2817.980696856656
forecast_7897,2025-11-26 01:00:00,4651.528065745944,4642.249820865603,2288.620553626668
forecast_7898,2025-11-26 02:00:00,3920.1612062597724,3383.986891708136,2106.5281037836303
forecast_7899,2025-11-26 03:00:00,3259.0374383879766,3035.0599186194277,1755.7476978254895
forecast_7900,2025-11-26 04:00:00,2336.126892562978,1980.9625751986725,1445.1672440595555
forecast_7901,2025-11-26 05:00:00,1916.7347330124908,1811.2177220252665,1327.4178712725484
forecast_7902,2025-11-26 06:00:00,2122.5972245032285,2142.2579134214448,1881.9066297102645
forecast_7903,2025-11-26 07:00:00,2974.3482307152817,2645.556463076995,2329.6166425560887
forecast_7904,2025-11-26 08:00:00,3253.7050388032853,3282.82096624138,3162.614400290934
forecast_7905,2025-11-26 09:00:00,4293.067930176978,3915.9034768577235,3221.8535450576846
forecast_7906,2025-11-26 10:00:00,5131.517642270064,4866.47973580842,3523.9360988155313
forecast_7907,2025-11-26 11:00:00,4399.129774406252,3801.6876187086255,2575.801806186033
forecast_7908,2025-11-26 12:00:00,3813.077278024093,3046.8597751180337,2261.0954340981775
forecast_7909,2025-11-26 13:00:00,2930.0044688689754,2415.1460646475484,2079.55513620397
forecast_7910,2025-11-26 14:00:00,3353.870243141094,3746.839715982349,2697.683018405285
forecast_7911,2025-11-26 15:00:00,4888.701685151959,5251.514345849066,3894.432184162625
forecast_7912,2025-11-26 16:00:00,5870.320068921415,6186.042296960893,4918.339412382114
forecast_7913,2025-11-26 17:00:00,9460.835134318493,9349.043390456905,7830.9206851519
forecast_7914,2025-11-26 18:00:00,12533.564804909603,12281.079470832208,10256.093149115322
forecast_7915,2025-11-26 19:00:00,14710.460740021435,15217.43405883596,12626.28327851748
forecast_7916,2025-11-26 20:00:00,14037.570628494816,14318.503185637412,11446.372659707637
forecast_7917,2025-11-26 21:00:00,13374.176628872125,13237.735959116611,9148.331539734103
forecast_7918,2025-11-26 22:00:00,13101.302490912965,13782.29566234411,9782.008800164029
forecast_7919,2025-11-26 23:00:00,13564.087225957654,14021.919187859825,11315.662642766778
forecast_7920,2025-11-27 00:00:00,14045.570468680691,15910.574509397,13591.427714351028
forecast_7921,2025-11-27 01:00:00,14010.587887390642,16298.236594882312,12968.660316931298
forecast_7922,2025-11-27 02:00:00,14635.481216319296,16582.125871608743,14003.34721793527
forecast_7923,2025-11-27 03:00:00,15019.647140189803,15808.127570483926,13585.417617885585
forecast_7924,2025-11-27 04:00:00,14123.31425211857,15297.625137392159,12974.7122521574
forecast_7925,2025-11-27 05:00:00,11595.185459907647,13419.07442915981,11754.878942462099
forecast_7926,2025-11-27 06:00:00,13985.539380748774,14828.085691892344,12602.254498617656
forecast_7927,2025-11-27 07:00:00,9663.153815283482,11825.758599462324,8586.423939202443
forecast_7928,2025-11-27 08:00:00,11638.74896109141,14505.267764510465,11823.546004950327
forecast_7929,2025-11-27 09:00:00,10896.766214424973,15104.270880978587,12248.056649333173
forecast_7930,2025-11-27 10:00:00,10238.283904243302,14056.576705174844,12040.037209393418
forecast_7931,2025-11-27 11:00:00,11890.276596640442,16042.96603381244,14202.250964341934
forecast_7932,2025-11-27 12:00:00,14123.720997331,16804.479126944643,15517.287016398384
forecast_7933,2025-11-27 13:00:00,14434.7245523587,17401.02125165305,15167.882576509532
forecast_7934,2025-11-27 14:00:00,16338.148891272556,18103.557119119014,16425.180677255776
forecast_7935,2025-11-27 15:00:00,16304.917918971842,17972.258069255116,17017.087119681346
forecast_7936,2025-11-27 16:00:00,16712.67217805608,18191.51779855574,17057.387118981576
forecast_7937,2025-11-27 17:00:00,16851.621625879103,18182.073893881166,16341.82689780667
forecast_7938,2025-11-27 18:00:00,17506.2273051911,18629.317604976262,15381.659712074088
forecast_7939,2025-11-27 19:00:00,16821.07376938499,17915.293059909152,14379.871454800561
forecast_7940,2025-11-27 20:00:00,17018.219561159738,18040.262641679637,14534.978825544575
forecast_7941,2025-11-27 21:00:00,16507.90770792653,17674.115820062176,14638.657429550754
forecast_7942,2025-11-27 22:00:00,16484.82962347003,17148.969012147718,14602.701741798848
forecast_7943,2025-11-27 23:00:00,16686.883977708752,17493.81656763673,15079.548495404977
forecast_7944,2025-11-28 00:00:00,16738.12917451526,17698.157251608078,15800.148817200365
forecast_7945,2025-11-28 01:00:00,16607.851760655223,17583.16259220022,15407.446662749508
forecast_7946,2025-11-28 02:00:00,16325.793714590165,16908.797012245148,15339.76757572346
forecast_7947,2025-11-28 03:00:00,16222.464501577959,16449.219292028625,14516.405919536503
forecast_7948,2025-11-28 04:00:00,15546.83704709479,16461.28698286505,14767.530725606486
forecast_7949,2025-11-28 05:00:00,15498.646011632749,16385.792337978448,13788.564502250258
forecast_7950,2025-11-28 06:00:00,15232.971287359513,16066.50290370191,13650.70743595628
forecast_7951,2025-11-28 07:00:00,14501.110003853279,14955.069591720838,12228.408432517554
forecast_7952,2025-11-28 08:00:00,13481.466932219368,13977.765724234276,9942.919320836707
forecast_7953,2025-11-28 09:00:00,11551.272488808763,11587.418883677474,8821.09127331604
forecast_7954,2025-11-28 10:00:00,8606.596813114726,9410.893911713414,7302.073473212826
forecast_7955,2025-11-28 11:00:00,7309.317444321123,9013.022450771148,6268.2226828303255
forecast_7956,2025-11-28 12:00:00,7571.295643877739,8058.0134161625,6411.731064212347
forecast_7957,2025-11-28 13:00:00,6739.86883959343,6814.978119030979,5126.736751116977
forecast_7958,2025-11-28 14:00:00,6071.20730729377,6151.649383957448,4601.76882032505
forecast_7959,2025-11-28 15:00:00,5492.322225552554,5045.248347186991,3772.664412506722
forecast_7960,2025-11-28 16:00:00,6057.378247456194,5727.998459802923,3680.4909166482075
forecast_7961,2025-11-28 17:00:00,7417.5319231122,8257.588683772472,5742.961218061132
forecast_7962,2025-11-28 18:00:00,8012.518754343128,8442.448270450728,5618.4855657337475
forecast_7963,2025-11-28 19:00:00,6826.572116238652,7707.999419900331,5251.9394429468875
forecast_7964,2025-11-28 20:00:00,5527.836532337391,5320.542254705746,4231.373307959556
forecast_7965,2025-11-28 21:00:00,5339.768774546702,4129.437128899518,3742.3642798985006
forecast_7966,2025-11-28 22:00:00,5181.947855361266,4030.8905683101484,3759.3736881557497
forecast_7967,2025-11-28 23:00:00,5692.255721117188,3867.0480446723,4515.826588566885
forecast_7968,2025-11-29 00:00:00,6116.610549584166,4125.306558847832,4088.003758986598
forecast_7969,2025-11-29 01:00:00,4629.865603875064,3256.0445285956225,3007.4398872190172
forecast_7970,2025-11-29 02:00:00,5399.104353359181,4174.041172846035,3418.3690606508603
forecast_7971,2025-11-29 03:00:00,6834.050735517516,5560.433555935354,4319.288788182737
forecast_7972,2025-11-29 04:00:00,9284.060754077067,8519.188434398975,6858.312239442294
forecast_7973,2025-11-29 05:00:00,11062.055619079028,11497.924803591104,8265.362943167625
forecast_7974,2025-11-29 06:00:00,11317.153229099387,11939.356578415272,8628.370926771944
forecast_7975,2025-11-29 07:00:00,10951.328130062768,11857.033529556047,7622.089820350014
forecast_7976,2025-11-29 08:00:00,9664.925571015629,11911.766217395256,7270.214407900477
forecast_7977,2025-11-29 09:00:00,8506.218894395406,10562.248185706558,7307.892810565042
forecast_7978,2025-11-29 10:00:00,7884.389997244629,9072.343663554033,7066.5264436800435
forecast_7979,2025-11-29 11:00:00,7716.35216245259,9932.637868579468,7533.9761705629835
forecast_7980,2025-11-29 12:00:00,10602.416883847281,11648.469817540992,10874.100841655496
forecast_7981,2025-11-29 13:00:00,11641.89283563392,13097.061765412569,11970.459017415376
forecast_7982,2025-11-29 14:00:00,12330.627172004431,12961.782564999916,12598.26018089289
forecast_7983,2025-11-29 15:00:00,15302.505402862433,15107.772883859001,13348.751497658395
forecast_7984,2025-11-29 16:00:00,16339.804520503189,16557.220160282537,15033.061685625862
forecast_7985,2025-11-29 17:00:00,17666.849382058626,18173.182213769425,16060.890544194113
forecast_7986,2025-11-29 18:00:00,18503.310805859983,19013.74594825083,17278.247338090096
forecast_7987,2025-11-29 19:00:00,18494.655951432036,19275.344425856776,18029.661267145162
forecast_7988,2025-11-29 20:00:00,18623.277791927307,19194.211658977587,18053.92002286671
forecast_7989,2025-11-29 21:00:00,18741.24673951564,19253.108460041003,18215.52640036056
forecast_7990,2025-11-29 22:00:00,18649.34363409422,19236.087083855728,17922.81836125513
forecast_7991,2025-11-29 23:00:00,18651.158366014377,19185.900033548205,17840.330974405268
forecast_7992,2025-11-30 00:00:00,18590.75048771732,19106.136806361632,17336.135277141802
forecast_7993,2025-11-30 01:00:00,18662.772921089745,18963.284185625023,17043.89352932655
forecast_7994,2025-11-30 02:00:00,18703.837345911117,18883.288676272972,16964.736546318607
forecast_7995,2025-11-30 03:00:00,18261.31481087128,18642.375819700123,16600.298385360646
forecast_7996,2025-11-30 04:00:00,17532.022355188128,17072.29693803581,16129.881161865285
forecast_7997,2025-11-30 05:00:00,16859.67895364903,16579.748735830024,14920.282147487102
forecast_7998,2025-11-30 06:00:00,15422.858029777928,15561.88415151463,12815.218301539144
forecast_7999,2025-11-30 07:00:00,12850.945938498213,14377.831046702875,12452.901654501018
forecast_8000,2025-11-30 08:00:00,13176.61460284844,13895.88583863112,12246.886768573122
forecast_8001,2025-11-30 09:00:00,12421.375119734515,13598.901444868017,11630.196827682435
forecast_8002,2025-11-30 10:00:00,12085.280759117131,12943.190537014325,11992.398406512008
forecast_8003,2025-11-30 11:00:00,12488.699503981521,12362.763540411872,11827.699978071152
forecast_8004,2025-11-30 12:00:00,11418.158174426693,11152.266128968477,11023.916465119442
forecast_8005,2025-11-30 13:00:00,9110.329436044007,9372.372981426119,9621.324750777276
forecast_8006,2025-11-30 14:00:00,9066.16945819505,9593.095144155586,9731.69708062788
forecast_8007,2025-11-30 15:00:00,9002.290865367067,9756.50322773559,9153.713034232882
forecast_8008,2025-11-30 16:00:00,10091.038084461667,11018.454388489889,9969.823284043741
forecast_8009,2025-11-30 17:00:00,11063.217087547744,12683.843879377699,11654.562343501153
forecast_8010,2025-11-30 18:00:00,15248.486269128132,16951.706041500798,14022.151869982
forecast_8011,2025-11-30 19:00:00,17170.20172004226,18555.59798967057,16233.510603815716
forecast_8012,2025-11-30 20:00:00,17801.565295159802,19164.477510700995,17842.76872165813
forecast_8013,2025-11-30 21:00:00,18182.991004602954,19321.032484055697,17840.833061527715
forecast_8014,2025-11-30 22:00:00,18414.487094146883,19367.53712459036,17821.690281952182
forecast_8015,2025-11-30 23:00:00,18503.27801876451,19357.109355247794,17788.749918141046
forecast_8016,2025-12-01 00:00:00,18624.29535738293,19342.4199262056,17229.93621880525
forecast_8017,2025-12-01 01:00:00,18607.80752497373,19385.15647247882,17250.62273073915
forecast_8018,2025-12-01 02:00:00,18459.771365855617,19341.572717141586,17041.628600244967
forecast_8019,2025-12-01 03:00:00,18377.855030393952,19225.502055903184,16861.89148960767
forecast_8020,2025-12-01 04:00:00,18314.928223883326,19168.197091818158,16458.283165191748
forecast_8021,2025-12-01 05:00:00,18258.417731076406,19219.13509419165,16503.481824190458
forecast_8022,2025-12-01 06:00:00,18662.70633024154,19112.984612189488,15110.642585864036
forecast_8023,2025-12-01 07:00:00,17971.457042835224,18877.285756538324,13121.1214973327
forecast_8024,2025-12-01 08:00:00,17372.26541021188,18360.428070865513,13217.505352875893
forecast_8025,2025-12-01 09:00:00,15198.233123911958,16218.775615582339,12270.053411764344
forecast_8026,2025-12-01 10:00:00,12377.644664064024,13590.226136431902,10600.85596092885
forecast_8027,2025-12-01 11:00:00,10035.416294210692,10604.950763762257,8317.86869069954
forecast_8028,2025-12-01 12:00:00,7521.812770538143,7556.4020916548525,5498.098136351578
forecast_8029,2025-12-01 13:00:00,7048.043839479959,6483.080913571997,5013.761646184211
forecast_8030,2025-12-01 14:00:00,5311.160259837608,5310.704579790564,4389.8384833610735
forecast_8031,2025-12-01 15:00:00,4576.760986256821,4464.852747054066,3204.740125351085
forecast_8032,2025-12-01 16:00:00,4726.867917727082,3866.5917170455664,3049.993276240267
forecast_8033,2025-12-01 17:00:00,5695.072543643868,5372.808061852792,3830.9973862935935
forecast_8034,2025-12-01 18:00:00,6827.051674806019,6401.909105079807,4611.382164284737
forecast_8035,2025-12-01 19:00:00,7942.117191143623,7306.407588099714,5817.274425386293
forecast_8036,2025-12-01 20:00:00,9007.202021133473,8747.186752296067,6870.6363627084265
forecast_8037,2025-12-01 21:00:00,9352.176550226826,9170.177787058135,7452.748804867
forecast_8038,2025-12-01 22:00:00,10174.933570188292,10397.898300426874,8211.357039262153
forecast_8039,2025-12-01 23:00:00,10684.568250941351,12519.996075949677,8833.820856436823
forecast_8040,2025-12-02 00:00:00,11503.453057284167,13463.51784063816,10179.41178353252
forecast_8041,2025-12-02 01:00:00,13899.21421187371,14995.184466381805,12136.984358200118
forecast_8042,2025-12-02 02:00:00,13121.749750854213,15288.109355350478,10351.738066657583
forecast_8043,2025-12-02 03:00:00,14885.64481070111,16279.550322556466,12631.164762474331
forecast_8044,2025-12-02 04:00:00,13607.717531117645,15777.153343329499,11076.873777804465
forecast_8045,2025-12-02 05:00:00,13134.827073290036,15494.237783935505,10102.586473664947
forecast_8046,2025-12-02 06:00:00,13111.067226970576,14902.708761710037,10555.532808539903
forecast_8047,2025-12-02 07:00:00,12523.324035168924,13746.356413729009,9276.288502732006
forecast_8048,2025-12-02 08:00:00,10822.692102267774,12620.241251414429,7802.555144246476
forecast_8049,2025-12-02 09:00:00,10109.067131044209,11572.677733727567,6529.4873141448425
forecast_8050,2025-12-02 10:00:00,6770.784011637306,7909.650991029622,5944.386365386406
forecast_8051,2025-12-02 11:00:00,7445.9821881393655,7669.5829688293015,5959.265042613814
forecast_8052,2025-12-02 12:00:00,8641.905510725972,8765.02473691101,6362.028921816157
forecast_8053,2025-12-02 13:00:00,9365.11588353123,9383.39830521481,7381.820005454875
forecast_8054,2025-12-02 14:00:00,10054.159289144109,11544.380717822269,8506.583057467938
forecast_8055,2025-12-02 15:00:00,11232.073756151132,12775.50143886068,8896.592262516735
forecast_8056,2025-12-02 16:00:00,12305.849832548987,13831.684882944224,10140.067846584334
forecast_8057,2025-12-02 17:00:00,12841.417361958347,14138.96562345893,11633.234498609352
forecast_8058,2025-12-02 18:00:00,13694.264090104201,14747.721929430687,12128.311154018
forecast_8059,2025-12-02 19:00:00,13541.884838449747,14939.753576394121,12720.752574061935
forecast_8060,2025-12-02 20:00:00,13656.6030918234,15392.321950572485,12308.435498096162
forecast_8061,2025-12-02 21:00:00,13898.416903766307,15231.896609049412,12151.73711725776
forecast_8062,2025-12-02 22:00:00,14362.2798779595,15357.128540662276,12439.234473572604
forecast_8063,2025-12-02 23:00:00,14190.809512097061,15122.97638083472,12459.38818038834
forecast_8064,2025-12-03 00:00:00,13825.690441311028,15012.59744669067,12497.037229411984
forecast_8065,2025-12-03 01:00:00,13787.883410930386,15633.806604947857,13804.196781195818
forecast_8066,2025-12-03 02:00:00,13713.706139291864,15643.596159903787,13736.723253177035
forecast_8067,2025-12-03 03:00:00,13366.203838840596,15786.449206837311,13732.903819471969
forecast_8068,2025-12-03 04:00:00,13118.186923000483,15796.716344120056,13426.8612643064
forecast_8069,2025-12-03 05:00:00,13109.64262067943,13797.879201668602,12325.218819862825
forecast_8070,2025-12-03 06:00:00,12981.680476307876,13845.525794243853,10857.923509651388
forecast_8071,2025-12-03 07:00:00,13185.394778318583,14795.698063923064,10760.113949448409
forecast_8072,2025-12-03 08:00:00,13084.750428908526,14733.280127778362,10621.097395504941
forecast_8073,2025-12-03 09:00:00,13411.831460997913,15381.523712569013,11570.405643519092
forecast_8074,2025-12-03 10:00:00,14085.83812866344,16038.16870554991,12326.674241803628
forecast_8075,2025-12-03 11:00:00,14238.400229844152,16191.53825330821,12418.392100871408
forecast_8076,2025-12-03 12:00:00,14106.354121268503,16296.501575242768,12690.388305658955
forecast_8077,2025-12-03 13:00:00,14277.099571089504,16032.05296704744,12724.451746605968
forecast_8078,2025-12-03 14:00:00,14698.546190906438,16283.48801914256,12617.636403373515
forecast_8079,2025-12-03 15:00:00,14643.390329676913,16186.063284148986,12944.912590840497
forecast_8080,2025-12-03 16:00:00,14162.549201862035,16028.67329676227,13271.97677316047
forecast_8081,2025-12-03 17:00:00,14033.347746703677,16138.899210837682,13563.043864170051
forecast_8082,2025-12-03 18:00:00,13467.874359379923,15377.903325614645,12902.468010926461
forecast_8083,2025-12-03 19:00:00,13232.160567469837,14351.966101289509,12127.341158804034
forecast_8084,2025-12-03 20:00:00,13151.068352208198,13385.42753126425,11164.851549468114
forecast_8085,2025-12-03 21:00:00,13157.987828396499,13136.47143010929,11156.723176959647
forecast_8086,2025-12-03 22:00:00,13150.530830262787,14391.94996270351,11337.936439112073
forecast_8087,2025-12-03 23:00:00,13184.888955663859,15209.545262808233,11905.865504806354
forecast_8088,2025-12-04 00:00:00,13313.12864647502,15386.381774442483,11016.361632271984
forecast_8089,2025-12-04 01:00:00,13133.322801079621,15654.384119713279,9646.93789886712
forecast_8090,2025-12-04 02:00:00,13963.80400074369,16467.2972216493,10649.383591286452
forecast_8091,2025-12-04 03:00:00,13880.062205459644,17461.81322658156,12766.829701133354
forecast_8092,2025-12-04 04:00:00,13654.451299873637,16910.57205330658,12556.372354045694
forecast_8093,2025-12-04 05:00:00,13994.073343908742,16775.656536493036,14506.51476328762
forecast_8094,2025-12-04 06:00:00,14786.35539098207,17099.82811901391,15270.950936652911
forecast_8095,2025-12-04 07:00:00,15235.7599218248,17445.699360370545,15177.851682299002
forecast_8096,2025-12-04 08:00:00,15096.661580788295,17720.137373961716,14634.88684919488
forecast_8097,2025-12-04 09:00:00,14370.43075640523,17344.880153253456,13387.898603787466
forecast_8098,2025-12-04 10:00:00,12790.447788505291,15617.478141764248,12744.949814256588
forecast_8099,2025-12-04 11:00:00,12434.853001189806,14763.74408049984,11791.420536275862
forecast_8100,2025-12-04 12:00:00,12539.892150883034,13092.622876424117,10604.659939972218
forecast_8101,2025-12-04 13:00:00,12316.533823412019,12224.936959413577,10904.564881690741
forecast_8102,2025-12-04 14:00:00,12027.900621013474,12308.719808838305,11088.33100241477
forecast_8103,2025-12-04 15:00:00,12450.2020100455,12870.425719920124,11425.359411056104
forecast_8104,2025-12-04 16:00:00,12167.837322318806,13430.50744938604,11982.084791156487
forecast_8105,2025-12-04 17:00:00,12891.769190122663,14042.518873583796,13498.882217910543
forecast_8106,2025-12-04 18:00:00,14077.526179678218,16254.240267680574,15405.74414069397
forecast_8107,2025-12-04 19:00:00,14755.495228461265,16576.645779290113,16119.910401547804
forecast_8108,2025-12-04 20:00:00,15302.651033389833,16409.9334600485,16438.954293505474
forecast_8109,2025-12-04 21:00:00,14999.31973752093,16278.41481329053,16331.294710898635
forecast_8110,2025-12-04 22:00:00,15417.972969807659,16411.451481854474,14447.55201776417
forecast_8111,2025-12-04 23:00:00,15153.474490869605,16767.423768846562,13787.739377333824
forecast_8112,2025-12-05 00:00:00,14697.346383823784,16049.266391110788,13824.770226837933
forecast_8113,2025-12-05 01:00:00,14814.435349938047,16933.193880542913,13683.706492565037
forecast_8114,2025-12-05 02:00:00,14910.662468258464,15468.05683224771,13801.331817185292
forecast_8115,2025-12-05 03:00:00,14475.412181441785,14532.78174913781,13843.73291984791
forecast_8116,2025-12-05 04:00:00,14163.939784988397,14265.443088677768,13262.869449713651
forecast_8117,2025-12-05 05:00:00,13995.649939774925,15429.135052605874,12058.326642335831
forecast_8118,2025-12-05 06:00:00,14084.150147082177,16395.26520236141,12719.670198083855
forecast_8119,2025-12-05 07:00:00,15099.07498826938,16687.54790307398,11887.081706895937
forecast_8120,2025-12-05 08:00:00,16328.16434191787,17599.088065996395,12599.315278724493
forecast_8121,2025-12-05 09:00:00,15370.798773487999,16929.83961672097,12240.804314988414
forecast_8122,2025-12-05 10:00:00,13112.62856381683,15101.321809903271,10899.295681419688
forecast_8123,2025-12-05 11:00:00,11583.71072565751,14264.077199912834,10378.680089009336
forecast_8124,2025-12-05 12:00:00,11202.393882845934,13670.62458661435,9716.116605752351
forecast_8125,2025-12-05 13:00:00,11468.726391602546,13975.25676038107,10257.570952594366
forecast_8126,2025-12-05 14:00:00,12357.599160045682,14390.208477324593,11607.240840460476
forecast_8127,2025-12-05 15:00:00,13769.183113391666,16245.02609024095,12032.996230112023
forecast_8128,2025-12-05 16:00:00,14678.84283864456,16778.252309417865,13489.411012321025
forecast_8129,2025-12-05 17:00:00,16243.770269260453,16875.909675586598,14692.658535446348
forecast_8130,2025-12-05 18:00:00,16916.62723102236,17166.65079661122,14433.100345096513
forecast_8131,2025-12-05 19:00:00,16597.144887350532,16775.092895788737,12733.21426269259
forecast_8132,2025-12-05 20:00:00,16877.00165620232,16655.0461613712,11955.754968895613
forecast_8133,2025-12-05 21:00:00,16995.982969505232,16876.60430441801,12309.376964658524
forecast_8134,2025-12-05 22:00:00,16669.92434537913,17265.324626117137,12813.194099772474
forecast_8135,2025-12-05 23:00:00,17456.573874614252,17583.496894133423,14451.657634458852
forecast_8136,2025-12-06 00:00:00,18829.900256966805,18537.902397224832,15726.626915985216
forecast_8137,2025-12-06 01:00:00,16989.492268337155,17107.06338297449,13592.74135477366
forecast_8138,2025-12-06 02:00:00,19074.77715692924,18908.524556718454,16400.500893817334
forecast_8139,2025-12-06 03:00:00,18961.780775053106,18821.51300516327,15967.80901486399
forecast_8140,2025-12-06 04:00:00,18579.648199592975,18545.44013301001,15642.091373336523
forecast_8141,2025-12-06 05:00:00,18647.601510568176,18666.898246813962,15623.821753549555
forecast_8142,2025-12-06 06:00:00,18605.261372469777,18385.513282901833,15238.911539784986
forecast_8143,2025-12-06 07:00:00,18341.47326527239,18018.888101316923,14463.94708480301
forecast_8144,2025-12-06 08:00:00,16627.790239733487,17464.035415963615,13024.746835508427
forecast_8145,2025-12-06 09:00:00,15620.987166920919,16820.555896203972,12309.548872771962
forecast_8146,2025-12-06 10:00:00,14141.199919862733,15795.488664452372,11642.295404205315
forecast_8147,2025-12-06 11:00:00,13661.586354555424,14971.048972466715,11507.658171838973
forecast_8148,2025-12-06 12:00:00,14493.70726625532,15264.710000034353,13547.74224229656
forecast_8149,2025-12-06 13:00:00,14381.325111625662,15351.88386164363,13813.530632954356
forecast_8150,2025-12-06 14:00:00,15810.360032600507,16152.875285653328,14458.821363259862
forecast_8151,2025-12-06 15:00:00,17159.675689417985,17346.259360646163,16733.839086110274
forecast_8152,2025-12-06 16:00:00,16945.056324985268,17632.3011193084,15731.466189418188
forecast_8153,2025-12-06 17:00:00,16685.63807830062,17794.32899153939,15922.709543190822
forecast_8154,2025-12-06 18:00:00,16642.80375095464,17779.004808794823,15642.542240383746
forecast_8155,2025-12-06 19:00:00,17182.143240797097,18208.25334505998,16064.664717932867
forecast_8156,2025-12-06 20:00:00,17421.10453561548,18347.9163107919,16393.75581248539
forecast_8157,2025-12-06 21:00:00,17661.2675997733,18725.328343289497,17166.826330138403
forecast_8158,2025-12-06 22:00:00,18299.391683606354,18883.608249266927,17405.60398005822
forecast_8159,2025-12-06 23:00:00,18548.8316700998,18882.10528222458,17347.87916852275
forecast_8160,2025-12-07 00:00:00,18516.117870390826,18981.480940512083,17394.43368922026
forecast_8161,2025-12-07 01:00:00,18311.487137613945,18645.063227837043,16652.746117097267
forecast_8162,2025-12-07 02:00:00,18147.16139693855,18763.99423223271,16442.624744421522
forecast_8163,2025-12-07 03:00:00,18247.025495981063,18838.391029333055,16328.59833569483
forecast_8164,2025-12-07 04:00:00,18420.237629727548,18641.861882826106,16301.948742007908
forecast_8165,2025-12-07 05:00:00,18556.834875185472,18826.260823373188,16135.251832632639
forecast_8166,2025-12-07 06:00:00,18534.348264711956,18842.830138278532,16498.76666411424
forecast_8167,2025-12-07 07:00:00,18543.89166072078,18715.486744759506,15746.024930332398
forecast_8168,2025-12-07 08:00:00,18305.931990926532,18559.675881213374,14976.076691545615
forecast_8169,2025-12-07 09:00:00,17811.142803109324,18140.458519966567,15400.395671243481
forecast_8170,2025-12-07 10:00:00,16850.36122861932,17778.35464115034,15577.080740410003
forecast_8171,2025-12-07 11:00:00,16834.562579857215,17207.019535223546,16319.842814215306
forecast_8172,2025-12-07 12:00:00,16273.98748107766,16779.884447548717,15145.615818493752
forecast_8173,2025-12-07 13:00:00,16452.80769589957,16949.93171168421,15139.507354357565
forecast_8174,2025-12-07 14:00:00,17327.55108575819,17404.79304798511,15541.535600270034
forecast_8175,2025-12-07 15:00:00,17545.239046321323,17665.365909234988,15938.088241872474
forecast_8176,2025-12-07 16:00:00,17170.061401852185,17911.523285547584,16353.14093969136
forecast_8177,2025-12-07 17:00:00,17282.386732582174,18007.598192235997,16181.508796679327
forecast_8178,2025-12-07 18:00:00,17290.714874725534,18300.348238074595,16622.148586101575
forecast_8179,2025-12-07 19:00:00,17203.66042288445,18551.548467612287,16464.29732981725
forecast_8180,2025-12-07 20:00:00,17731.704045783277,18898.89752625764,16365.763858871582
forecast_8181,2025-12-07 21:00:00,17682.240441898623,18798.87645244882,16170.311099418284
forecast_8182,2025-12-07 22:00:00,17465.824132144127,18653.681525264466,14906.648224166778
forecast_8183,2025-12-07 23:00:00,17722.94867929831,18368.01529008671,13754.054440766566
forecast_8184,2025-12-08 00:00:00,16894.491701973497,17659.28780443463,12730.663357938085
forecast_8185,2025-12-08 01:00:00,16763.449220492854,18118.596568157867,14319.993910320401
forecast_8186,2025-12-08 02:00:00,16249.674792103844,17118.565506456245,14107.435672406054
forecast_8187,2025-12-08 03:00:00,15530.419502041848,15743.576511315667,12286.574354396193
forecast_8188,2025-12-08 04:00:00,15472.879759725734,15387.686966887271,12081.849121958117
forecast_8189,2025-12-08 05:00:00,14748.33663057754,14900.34441250857,11505.585966138631
forecast_8190,2025-12-08 06:00:00,13559.075957112134,13609.169547809044,10336.413879432288
forecast_8191,2025-12-08 07:00:00,12600.608355013635,13954.119114548997,10126.832437367788
forecast_8192,2025-12-08 08:00:00,11979.726312250246,13172.644284704784,9649.89795674271
forecast_8193,2025-12-08 09:00:00,11284.318283049803,11666.597126298295,7352.930013253215
forecast_8194,2025-12-08 10:00:00,9691.837570553495,10504.013839466386,6969.082188619831
forecast_8195,2025-12-08 11:00:00,7370.931582429844,6896.582423611732,4731.9835155053215
forecast_8196,2025-12-08 12:00:00,6178.892655024067,5380.059752027266,3943.331251637481
forecast_8197,2025-12-08 13:00:00,4866.804189608624,3937.8610715445293,3238.604123202219
forecast_8198,2025-12-08 14:00:00,4907.719654735087,3722.029758059983,3138.7401574951728
forecast_8199,2025-12-08 15:00:00,4880.759099194559,4042.5148289712756,3309.8620326106384
forecast_8200,2025-12-08 16:00:00,5637.936334393823,6084.224198724574,4586.197553316098
forecast_8201,2025-12-08 17:00:00,8556.177225888132,8718.120974036308,6756.368947534091
forecast_8202,2025-12-08 18:00:00,11017.466446639146,11544.937403951199,9433.517959453497
forecast_8203,2025-12-08 19:00:00,12934.259286404244,13942.248487120436,9977.484233859175
forecast_8204,2025-12-08 20:00:00,14077.27623330389,15345.563142780049,11525.672462364255
forecast_8205,2025-12-08 21:00:00,15391.87952561844,16125.577132643653,12655.019326806036
forecast_8206,2025-12-08 22:00:00,15718.063147744284,16379.190686913473,13345.263599112961
forecast_8207,2025-12-08 23:00:00,15605.681611137192,15687.777346028903,12426.986694931438
forecast_8208,2025-12-09 00:00:00,15046.1236400651,15794.541995956288,11827.933740693572
forecast_8209,2025-12-09 01:00:00,12609.454105181218,14076.32176584772,10234.917685582954
forecast_8210,2025-12-09 02:00:00,14870.16719605433,15314.656884306094,12236.14890045142
forecast_8211,2025-12-09 03:00:00,15619.678812232776,16652.848337421474,12698.58101440712
forecast_8212,2025-12-09 04:00:00,15725.510151930106,17128.543589611996,12795.247742146645
forecast_8213,2025-12-09 05:00:00,15436.59118705751,16640.626960595862,12797.961136998565
forecast_8214,2025-12-09 06:00:00,15198.118855192572,16504.34995996812,12641.730716185373
forecast_8215,2025-12-09 07:00:00,15958.32939664123,17245.12913640478,13305.497004883355
forecast_8216,2025-12-09 08:00:00,17288.867573391926,18059.750050458177,14074.26096233587
forecast_8217,2025-12-09 09:00:00,16943.239246629102,18023.963325753106,14772.397025566428
forecast_8218,2025-12-09 10:00:00,14323.761906901684,16368.621153935626,13103.599817270313
forecast_8219,2025-12-09 11:00:00,13750.632170353978,15554.13306003086,13118.120122643517
forecast_8220,2025-12-09 12:00:00,12745.148198832225,14748.120598215684,11725.988875006797
forecast_8221,2025-12-09 13:00:00,12476.235689291982,14033.095274855565,11368.318039808217
forecast_8222,2025-12-09 14:00:00,12416.72668504429,13219.141936281017,10856.563431689929
forecast_8223,2025-12-09 15:00:00,12457.580282932468,13621.900006118303,10576.10781630601
forecast_8224,2025-12-09 16:00:00,11567.026400374656,12844.369234706588,9396.03307172188
forecast_8225,2025-12-09 17:00:00,11555.85387227284,12463.498612950618,9380.766059524825
forecast_8226,2025-12-09 18:00:00,12510.993491711059,13419.85552938776,10311.465831292306
forecast_8227,2025-12-09 19:00:00,12309.443077668824,14047.198917275313,10216.305625687299
forecast_8228,2025-12-09 20:00:00,12736.070317459724,13902.027948351863,10309.868808395275
forecast_8229,2025-12-09 21:00:00,12736.044341049728,13475.154424083055,9763.121759439435
forecast_8230,2025-12-09 22:00:00,12662.939545562833,13143.271856120773,9439.078555329555
forecast_8231,2025-12-09 23:00:00,10954.930840096931,12184.381063859299,8864.905864590617
forecast_8232,2025-12-10 00:00:00,10323.317516065303,11029.577642054224,8272.028408526665
forecast_8233,2025-12-10 01:00:00,8779.066595381408,9057.197365071173,7670.3928082478515
forecast_8234,2025-12-10 02:00:00,9021.497313389287,10380.604893801503,8578.886301573884
forecast_8235,2025-12-10 03:00:00,12054.842376696697,13554.09974203775,9725.39681975994
forecast_8236,2025-12-10 04:00:00,12546.493586041825,13387.135666097412,9501.61908041981
forecast_8237,2025-12-10 05:00:00,12171.02727516495,13552.657066379192,9581.938303078474
forecast_8238,2025-12-10 06:00:00,11784.645148663503,13693.393722936215,9646.686498105399
forecast_8239,2025-12-10 07:00:00,12153.436009554029,14028.669450556883,9780.376492971256
forecast_8240,2025-12-10 08:00:00,12348.50806143983,13860.734149208814,9816.14323012089
forecast_8241,2025-12-10 09:00:00,11890.974601978469,13946.092632431146,9944.760124168271
forecast_8242,2025-12-10 10:00:00,11428.620515155875,12939.994142904554,10256.727187135917
forecast_8243,2025-12-10 11:00:00,10607.98374371918,13062.441146980367,10001.09690751457
forecast_8244,2025-12-10 12:00:00,11561.47648787235,12486.347004158923,10687.299234658853
forecast_8245,2025-12-10 13:00:00,10717.334284597235,12375.160307486043,9985.012109128418
forecast_8246,2025-12-10 14:00:00,9964.356788746602,11425.476175774385,8949.058306939203
forecast_8247,2025-12-10 15:00:00,7951.434403821497,8591.808800873685,7016.9144076601315
forecast_8248,2025-12-10 16:00:00,6392.940485587689,6560.365375982256,5270.284219888678
forecast_8249,2025-12-10 17:00:00,6596.2625922185525,7088.069850421744,5254.8176828778205
forecast_8250,2025-12-10 18:00:00,6543.577788037226,7368.877444767604,4615.5410255892475
forecast_8251,2025-12-10 19:00:00,7208.400612079351,8381.23580882531,4902.2491878181745
forecast_8252,2025-12-10 20:00:00,7596.195229705008,10003.790002027496,5815.2722337630175
forecast_8253,2025-12-10 21:00:00,9459.15355772671,11865.945644174659,6762.621054484321
forecast_8254,2025-12-10 22:00:00,11136.105255308656,14537.270498511836,10478.598002228717
forecast_8255,2025-12-10 23:00:00,12476.990788252557,14713.225043852915,11580.552981563671
forecast_8256,2025-12-11 00:00:00,12149.66251495454,13557.188898417247,10338.887388452364
forecast_8257,2025-12-11 01:00:00,16252.721489751648,17187.8846411622,14372.227870821225
forecast_8258,2025-12-11 02:00:00,15951.273373123115,17535.372766791705,13352.021927161919
forecast_8259,2025-12-11 03:00:00,16866.01975654394,18626.38870049346,15118.984359063808
forecast_8260,2025-12-11 04:00:00,18229.101203542705,19079.0032405342,17393.266087519427
forecast_8261,2025-12-11 05:00:00,18284.74505776064,19234.940013060004,18184.222225018104
forecast_8262,2025-12-11 06:00:00,17337.504853438466,19086.218060141644,17633.16175261342
forecast_8263,2025-12-11 07:00:00,16749.2479206451,18619.241273985248,16143.72005568768
forecast_8264,2025-12-11 08:00:00,15982.131810218832,17216.875653655272,14616.163100663032
forecast_8265,2025-12-11 09:00:00,14850.194847956129,16381.722485628101,13627.137145114937
forecast_8266,2025-12-11 10:00:00,15314.219294858913,16863.976602345916,14349.291593734155
forecast_8267,2025-12-11 11:00:00,16565.595255503173,17402.55980737451,14717.606427300405
forecast_8268,2025-12-11 12:00:00,15946.933172970674,15336.830665375946,13811.347945050238
forecast_8269,2025-12-11 13:00:00,12398.061493163821,12520.315660462713,9640.788676501927
forecast_8270,2025-12-11 14:00:00,11691.686526190202,10930.758037035339,8433.822559382743
forecast_8271,2025-12-11 15:00:00,11517.388808175428,11328.068536246394,8532.62304748888
forecast_8272,2025-12-11 16:00:00,12250.814769718447,11741.294251141171,8729.328825010638
forecast_8273,2025-12-11 17:00:00,12783.797828179184,12268.76592199737,10341.348507195908
forecast_8274,2025-12-11 18:00:00,13184.18949298193,13049.269037327487,11313.180446594566
forecast_8275,2025-12-11 19:00:00,11660.138513921975,11419.379022313222,7798.011397227181
forecast_8276,2025-12-11 20:00:00,10930.16340835161,9213.088364231757,5436.621641415902
forecast_8277,2025-12-11 21:00:00,5145.374919215186,5051.139090603805,3804.9763620875374
forecast_8278,2025-12-11 22:00:00,2945.7492171609956,3460.6022438710265,1781.5503148844691
forecast_8279,2025-12-11 23:00:00,2612.8785903254316,3250.4590973956524,1813.0484780011384
forecast_8280,2025-12-12 00:00:00,2098.5257437197733,2391.9811943186305,1362.37877623912
forecast_8281,2025-12-12 01:00:00,664.1970323128263,856.0787888653176,794.7041966113381
forecast_8282,2025-12-12 02:00:00,629.6714896991873,1005.8728234799943,635.539073871394
forecast_8283,2025-12-12 03:00:00,631.743940710458,956.6357218874576,567.797590658195
forecast_8284,2025-12-12 04:00:00,602.8405487538423,990.3401203000734,591.1643156255127
forecast_8285,2025-12-12 05:00:00,590.8476363997146,878.8145291191719,627.5961810602358
forecast_8286,2025-12-12 06:00:00,532.5054970901612,909.8188671612667,579.3688128273253
forecast_8287,2025-12-12 07:00:00,723.1012712721755,1126.888790372414,620.1186255990026
forecast_8288,2025-12-12 08:00:00,672.2824415722805,1059.5877811762045,701.4563203232206
forecast_8289,2025-12-12 09:00:00,743.4395922041224,1106.788081722841,618.9277191845628
forecast_8290,2025-12-12 10:00:00,845.6937320954236,694.0250423579046,414.1525100604457
forecast_8291,2025-12-12 11:00:00,697.8690714447436,613.6733860522597,468.174491926176
forecast_8292,2025-12-12 12:00:00,424.1234870069698,426.9990451578705,293.586549721438
forecast_8293,2025-12-12 13:00:00,252.5405203753897,312.6290031724002,222.14472718956284
forecast_8294,2025-12-12 14:00:00,197.54760319219923,222.30958728695725,157.32710674882824
forecast_8295,2025-12-12 15:00:00,243.22111792917508,226.8359262493358,146.25463321789584
forecast_8296,2025-12-12 16:00:00,427.2133960087576,489.9496916108377,270.7790153194895
forecast_8297,2025-12-12 17:00:00,773.8697651172398,747.0804159147588,372.06089144456035
forecast_8298,2025-12-12 18:00:00,1115.068717194072,1007.0045091749123,395.01366119743307
forecast_8299,2025-12-12 19:00:00,1259.1445291705174,1013.2518135638744,428.3271421943153
forecast_8300,2025-12-12 20:00:00,1339.5635992815703,1137.1123046527243,474.8406402744775
forecast_8301,2025-12-12 21:00:00,1700.9940603271762,1725.8765638031966,746.4373235961685
forecast_8302,2025-12-12 22:00:00,1919.8012514671104,1983.1354875058646,658.7125274229396
forecast_8303,2025-12-12 23:00:00,2013.5319610550907,2252.2327531406595,932.6055995234846
forecast_8304,2025-12-13 00:00:00,2610.4157839585846,2730.587478525289,1214.0503024499963
forecast_8305,2025-12-13 01:00:00,2064.8385044577158,2240.895631516157,941.6715770230797
forecast_8306,2025-12-13 02:00:00,2491.48421643051,3014.469425050068,2136.7501575344486
forecast_8307,2025-12-13 03:00:00,2396.0807975476764,2451.7183322500405,1523.6013884704828
forecast_8308,2025-12-13 04:00:00,3736.3960072719365,4033.200020432074,3047.6916471706063
forecast_8309,2025-12-13 05:00:00,3638.35800092632,3822.799521057522,2362.391895796749
forecast_8310,2025-12-13 06:00:00,3972.590697433911,4371.618497817034,2989.511781287116
forecast_8311,2025-12-13 07:00:00,4469.552377371136,4684.392363769351,3236.85210420771
forecast_8312,2025-12-13 08:00:00,5062.761248163733,6156.308452203942,3090.6071948950366
forecast_8313,2025-12-13 09:00:00,3237.8941648105574,3807.1910573690657,2305.2781190602195
forecast_8314,2025-12-13 10:00:00,2069.5595535904968,2088.963355074967,1237.9893516496547
forecast_8315,2025-12-13 11:00:00,1854.8677153275544,1650.2123249932802,1253.4769030918999
forecast_8316,2025-12-13 12:00:00,1769.3180594550265,1724.357173751036,1351.6873455575565
forecast_8317,2025-12-13 13:00:00,1141.0794369606313,1441.75306413951,862.714796338004
forecast_8318,2025-12-13 14:00:00,1206.143118809547,1368.922072735512,828.0349213985056
forecast_8319,2025-12-13 15:00:00,1146.6919537658314,1124.4585670018819,592.4662744809295
forecast_8320,2025-12-13 16:00:00,1499.5220461768631,1415.437087990387,640.514476220037
forecast_8321,2025-12-13 17:00:00,1940.343137177972,1711.9231813023653,952.8867290187611
forecast_8322,2025-12-13 18:00:00,2695.5647482113804,3028.5033814454505,979.8220686112227
forecast_8323,2025-12-13 19:00:00,3094.844604459983,3770.919348335527,996.0468313840126
forecast_8324,2025-12-13 20:00:00,3686.6222208233226,4862.308439131158,1363.460067394975
forecast_8325,2025-12-13 21:00:00,4497.231825759869,5636.280469987378,3264.5993408574745
forecast_8326,2025-12-13 22:00:00,6920.65202853017,7545.204073631235,5609.3813287499015
forecast_8327,2025-12-13 23:00:00,7211.0661165621705,8976.874715856442,6008.427555544927
forecast_8328,2025-12-14 00:00:00,9344.62878410054,9909.802954558483,8400.128637824972
forecast_8329,2025-12-14 01:00:00,13216.071540662473,13210.902859090786,10787.338352316485
forecast_8330,2025-12-14 02:00:00,13604.696023981984,13851.246333176627,11195.61194049566
forecast_8331,2025-12-14 03:00:00,13296.189221941426,13524.914798384994,11209.388456538081
forecast_8332,2025-12-14 04:00:00,13288.005764997151,12964.314312609524,11645.535867453584
forecast_8333,2025-12-14 05:00:00,14280.25081160869,15120.628389879206,13239.012293068807
forecast_8334,2025-12-14 06:00:00,14398.718696150425,15557.189219558786,11769.114433806975
forecast_8335,2025-12-14 07:00:00,14506.296271967509,15260.382937975157,11711.743081672555
forecast_8336,2025-12-14 08:00:00,14686.338865894462,14744.671633095157,13083.373399718868
forecast_8337,2025-12-14 09:00:00,14191.712428856605,15646.734553971057,12984.939067857349
forecast_8338,2025-12-14 10:00:00,13223.664260214446,14373.185000673933,12208.952699113894
forecast_8339,2025-12-14 11:00:00,13189.48172131647,14048.59930135323,12040.417539656442
forecast_8340,2025-12-14 12:00:00,12457.765226922631,13775.666368088994,12022.925637032991
forecast_8341,2025-12-14 13:00:00,11495.109540196501,12601.842454215528,10517.760767664591
forecast_8342,2025-12-14 14:00:00,10740.529515055792,11137.972106654863,9152.668222965622
forecast_8343,2025-12-14 15:00:00,10379.769638278698,11038.193252549774,9266.237796166584
forecast_8344,2025-12-14 16:00:00,10687.59425226234,11545.674835284532,9720.849876956208
forecast_8345,2025-12-14 17:00:00,11652.649144603673,12827.110223451287,10564.5759000306
forecast_8346,2025-12-14 18:00:00,12696.793499420834,13797.823936941606,11827.227924606343
forecast_8347,2025-12-14 19:00:00,13465.383225893875,14412.679310684664,11786.052802154001
forecast_8348,2025-12-14 20:00:00,13639.09635688753,14196.355977504003,12360.345759773625
forecast_8349,2025-12-14 21:00:00,13452.594539125943,14536.686862835326,11132.343806319825
forecast_8350,2025-12-14 22:00:00,13030.05478466009,13753.358549666405,11213.09215560506
forecast_8351,2025-12-14 23:00:00,13130.661407128182,14992.235598520509,10802.919533010958
forecast_8352,2025-12-15 00:00:00,14799.119470278261,16293.634190641156,12933.91723576502
forecast_8353,2025-12-15 01:00:00,15567.802148821569,16598.447228996116,13801.043127925146
forecast_8354,2025-12-15 02:00:00,16427.27907010022,17321.249130854856,14284.11219658114
forecast_8355,2025-12-15 03:00:00,16426.135420927123,17776.02648257148,14070.512168935249
forecast_8356,2025-12-15 04:00:00,16765.986782003565,17810.3303821229,14399.9201487302
forecast_8357,2025-12-15 05:00:00,16851.25863548101,17949.227117424285,14630.2282031812
forecast_8358,2025-12-15 06:00:00,17274.90172967203,17896.1955383427,14518.036499779235
forecast_8359,2025-12-15 07:00:00,16888.36311206654,17430.896212013085,13968.377060261613
forecast_8360,2025-12-15 08:00:00,15819.703605102248,16976.571075724398,12458.795929391812
forecast_8361,2025-12-15 09:00:00,15451.831703090204,16331.59400576843,11627.675287298847
forecast_8362,2025-12-15 10:00:00,13821.069409958232,15095.805306023982,11657.387762167386
forecast_8363,2025-12-15 11:00:00,12690.061016559912,13997.128892411463,11031.29936524214
forecast_8364,2025-12-15 12:00:00,10390.616575018823,11963.098028351747,9130.096164331284
forecast_8365,2025-12-15 13:00:00,8773.27925095218,10207.099627875314,8356.857004522531
forecast_8366,2025-12-15 14:00:00,10162.172300521943,10727.019540433317,10082.592283012686
forecast_8367,2025-12-15 15:00:00,12269.108556404075,13308.526949949011,11174.822985472862
forecast_8368,2025-12-15 16:00:00,13522.225636235744,14184.095446739408,11574.718409713361
forecast_8369,2025-12-15 17:00:00,15256.327439688139,15343.825819468257,13061.91059556245
forecast_8370,2025-12-15 18:00:00,16352.014390629389,17084.73864048822,14086.892747642712
forecast_8371,2025-12-15 19:00:00,17435.60493307657,18309.460734873268,15632.08148759599
forecast_8372,2025-12-15 20:00:00,17700.852493502265,18075.35627339452,15714.512250343952
forecast_8373,2025-12-15 21:00:00,17123.60511985386,17515.11225365198,15536.13267890229
forecast_8374,2025-12-15 22:00:00,16664.85389135788,17071.340321778116,14711.135589948066
forecast_8375,2025-12-15 23:00:00,15270.006885499515,15653.57847502224,12916.335596172761
forecast_8376,2025-12-16 00:00:00,12845.531396727672,14317.259185086774,10722.60310902711
forecast_8377,2025-12-16 01:00:00,15667.041719670124,15911.944845104099,13267.56015687676
forecast_8378,2025-12-16 02:00:00,13788.196606358804,14977.670236958731,12274.50645054413
forecast_8379,2025-12-16 03:00:00,11913.360169048385,13733.265304855377,10555.727064248384
forecast_8380,2025-12-16 04:00:00,10916.81884921156,13063.512598894706,9022.237389858317
forecast_8381,2025-12-16 05:00:00,11104.387407675727,12832.631247641415,9379.957073378779
forecast_8382,2025-12-16 06:00:00,9868.84721452916,12407.778495676337,8659.083736004655
forecast_8383,2025-12-16 07:00:00,10255.386684030293,12272.757535966255,9317.231756547737
forecast_8384,2025-12-16 08:00:00,9833.273018373699,11246.053943726722,8499.175940722262
forecast_8385,2025-12-16 09:00:00,10087.812567240828,11775.58365184426,9259.785647725326
forecast_8386,2025-12-16 10:00:00,9659.68729821354,10273.725488671298,8696.763763954279
forecast_8387,2025-12-16 11:00:00,9702.249458638533,11506.101132982816,8786.302061007502
forecast_8388,2025-12-16 12:00:00,9971.226968864006,11220.785610848792,9518.731087444523
forecast_8389,2025-12-16 13:00:00,10620.913826823837,12368.543875370611,9726.164277905698
forecast_8390,2025-12-16 14:00:00,11090.813816639382,12715.598212553346,9858.411782345269
forecast_8391,2025-12-16 15:00:00,10343.121937157617,11328.187783872394,9064.352375217952
forecast_8392,2025-12-16 16:00:00,9934.952983024232,11695.425230031049,8620.875727930108
forecast_8393,2025-12-16 17:00:00,8307.060479580554,9609.254072310243,7588.30691133536
forecast_8394,2025-12-16 18:00:00,8039.547247960242,8671.58159874973,7143.436007030548
forecast_8395,2025-12-16 19:00:00,7371.991785156429,8382.968585733153,7296.55498636344
forecast_8396,2025-12-16 20:00:00,7048.577120576361,8201.444267889216,7156.545515718207
forecast_8397,2025-12-16 21:00:00,7188.810756916435,9323.81235524669,6801.775248337485
forecast_8398,2025-12-16 22:00:00,6103.357546491653,7286.974752884952,5458.068621370511
forecast_8399,2025-12-16 23:00:00,5666.512396213054,7144.352643599156,6050.170034128332
forecast_8400,2025-12-17 00:00:00,6692.619708134544,7964.888662266918,5335.366498784147
forecast_8401,2025-12-17 01:00:00,7504.935907961775,9532.564081606275,7120.34482772534
forecast_8402,2025-12-17 02:00:00,8047.13696743019,9666.392234244575,7061.217277480615
forecast_8403,2025-12-17 03:00:00,7745.582374592877,9040.122388407835,6592.381192284984
forecast_8404,2025-12-17 04:00:00,7291.30386259723,8209.427147599077,6075.059517206532
forecast_8405,2025-12-17 05:00:00,7142.451878501371,7911.750952373333,5476.129520151232
forecast_8406,2025-12-17 06:00:00,6689.098295293749,7684.841574568995,5253.257217723215
forecast_8407,2025-12-17 07:00:00,7272.2991221693055,7673.793634407375,5541.309979833422
forecast_8408,2025-12-17 08:00:00,7201.701375878744,7259.280396713669,4987.433261731371
forecast_8409,2025-12-17 09:00:00,6520.626691722318,6011.962275224459,4224.732998946635
forecast_8410,2025-12-17 10:00:00,5496.616723899863,5010.53256983769,3422.281596299865
forecast_8411,2025-12-17 11:00:00,6411.147489251751,5420.896710955372,4070.135539061903
forecast_8412,2025-12-17 12:00:00,5502.951148516189,4822.389929374875,3681.521368536071
forecast_8413,2025-12-17 13:00:00,5081.775165112227,4262.397111954677,3656.2336112439325
forecast_8414,2025-12-17 14:00:00,4901.066856870349,3524.4677197969304,2992.0193521217484
forecast_8415,2025-12-17 15:00:00,3457.4727887403615,2860.0156882341275,2011.2487300871637
forecast_8416,2025-12-17 16:00:00,2839.341796848041,2054.7579756920572,1462.2578562577128
forecast_8417,2025-12-17 17:00:00,3093.2183038130474,3131.3295003278336,2340.9963904804163
forecast_8418,2025-12-17 18:00:00,4910.324616585559,4506.1077120398695,3259.7218880455785
forecast_8419,2025-12-17 19:00:00,5502.682700913391,4555.528567723625,3276.0039555360772
forecast_8420,2025-12-17 20:00:00,5507.097043787441,4381.544004319015,3635.4514576250363
forecast_8421,2025-12-17 21:00:00,5584.880604398613,5055.654887078217,3652.820834843751
forecast_8422,2025-12-17 22:00:00,6292.598961375816,6088.046299235992,4378.773869449287
forecast_8423,2025-12-17 23:00:00,5936.201470272036,6108.845663330666,4907.747438957454
forecast_8424,2025-12-18 00:00:00,6956.509073777084,6397.022915815452,5121.851069149131
forecast_8425,2025-12-18 01:00:00,11494.373738594597,12083.663335078843,9810.270021401173
forecast_8426,2025-12-18 02:00:00,12450.306093778268,13986.735972648805,10487.232850070137
forecast_8427,2025-12-18 03:00:00,13021.499733660079,14420.762330893609,10543.43593439648
forecast_8428,2025-12-18 04:00:00,13453.108639315873,13766.229722130462,10169.592821125792
forecast_8429,2025-12-18 05:00:00,13157.201149200351,13801.312906823037,10570.190055615101
forecast_8430,2025-12-18 06:00:00,12680.05161977152,13507.975015547421,10288.998940079218
forecast_8431,2025-12-18 07:00:00,11131.731869843668,12491.042841864582,9582.37632906198
forecast_8432,2025-12-18 08:00:00,9684.435051244744,9823.574956540255,8255.456547425481
forecast_8433,2025-12-18 09:00:00,7482.264665510344,7689.423838504788,5356.670998854771
forecast_8434,2025-12-18 10:00:00,5633.792820419885,5600.212224920085,4186.342221732825
forecast_8435,2025-12-18 11:00:00,5355.019523630747,5486.56729067186,3572.2148789547937
forecast_8436,2025-12-18 12:00:00,4256.425133272737,4207.057945400668,2758.233780188521
forecast_8437,2025-12-18 13:00:00,3640.9542747235414,4050.821742284819,2773.715314059868
forecast_8438,2025-12-18 14:00:00,3607.3281488969983,3560.2852837876326,2953.408649315891
forecast_8439,2025-12-18 15:00:00,3699.5973099336215,4098.874811518768,2937.9399585289175
forecast_8440,2025-12-18 16:00:00,3967.686943178124,4595.068039943807,2556.9620608079845
forecast_8441,2025-12-18 17:00:00,4420.960788282371,4312.586324855858,2715.0120810449216
forecast_8442,2025-12-18 18:00:00,4374.608141598301,4546.566648649804,3586.6123535644438
forecast_8443,2025-12-18 19:00:00,4435.634904428164,5128.202194305042,3726.6885153694775
forecast_8444,2025-12-18 20:00:00,4567.771300300651,5356.4853338548555,3478.6985758872156
forecast_8445,2025-12-18 21:00:00,5770.795851516552,6220.520328648509,3886.5650260586067
forecast_8446,2025-12-18 22:00:00,7315.5503351278585,8350.14691333022,5330.058098914531
forecast_8447,2025-12-18 23:00:00,9804.533210072304,10445.135660406595,7089.950063965551
forecast_8448,2025-12-19 00:00:00,10936.13086888024,12286.702422769247,8260.029959837279
forecast_8449,2025-12-19 01:00:00,14026.081919146744,15358.569553715293,12636.32900906944
forecast_8450,2025-12-19 02:00:00,15089.890920801568,15616.856177251564,13191.779512909017
forecast_8451,2025-12-19 03:00:00,14857.908126363516,15737.191201529864,12108.576699253335
forecast_8452,2025-12-19 04:00:00,13628.031733278049,14841.619500211542,10937.417544824128
forecast_8453,2025-12-19 05:00:00,13505.968354944245,14185.509891345222,11179.882710943872
forecast_8454,2025-12-19 06:00:00,13677.401418665822,15040.480919207288,12426.613974410146
forecast_8455,2025-12-19 07:00:00,15664.281259206819,16242.740261167199,13027.913116109363
forecast_8456,2025-12-19 08:00:00,14804.622570979598,16446.031496320422,12649.600476823423
forecast_8457,2025-12-19 09:00:00,14722.862957556728,16316.503178265712,13452.637721687028
forecast_8458,2025-12-19 10:00:00,14276.715332891743,15677.462100670164,12629.164467343799
forecast_8459,2025-12-19 11:00:00,16363.15113856618,16046.028220496433,13408.816482651777
forecast_8460,2025-12-19 12:00:00,16584.08459198479,16786.336192982297,15182.130986078433
forecast_8461,2025-12-19 13:00:00,16852.47296442432,17128.136100152402,15737.166441150383
forecast_8462,2025-12-19 14:00:00,16891.365763189016,16751.930101395577,16018.954365864038
forecast_8463,2025-12-19 15:00:00,17394.760813824196,16795.404218633874,16160.550693695208
forecast_8464,2025-12-19 16:00:00,17148.888590088365,17573.189070407276,16411.50478186351
forecast_8465,2025-12-19 17:00:00,16238.35804902055,17009.636178761426,15502.54188491562
forecast_8466,2025-12-19 18:00:00,14926.52248986964,16423.629973281608,15432.239918111314
forecast_8467,2025-12-19 19:00:00,14620.249066987239,16572.663190904255,15262.578395394961
forecast_8468,2025-12-19 20:00:00,14787.274116783628,15982.841721578206,15086.793890340408
forecast_8469,2025-12-19 21:00:00,14806.668356467377,16206.999994883672,15019.851988055318
forecast_8470,2025-12-19 22:00:00,14508.535652959818,16775.84770487927,14406.777777445739
forecast_8471,2025-12-19 23:00:00,14361.04786800195,16622.9263830691,14446.21762937637
forecast_8472,2025-12-20 00:00:00,13357.923696770382,16341.150477619185,14213.117853877851
forecast_8473,2025-12-20 01:00:00,12808.564685831006,15353.188488589258,12006.484701109539
forecast_8474,2025-12-20 02:00:00,11389.854570268748,13783.551593256265,10176.197508562103
forecast_8475,2025-12-20 03:00:00,10564.41078268425,13423.653742956989,8573.34261421857
forecast_8476,2025-12-20 04:00:00,11568.069277066636,13923.507530993014,9433.623854426498
forecast_8477,2025-12-20 05:00:00,11312.777717449995,13993.166474824257,10836.033836267721
forecast_8478,2025-12-20 06:00:00,11681.406058733264,14127.730408686348,10697.882663392375
forecast_8479,2025-12-20 07:00:00,11408.346142520882,14592.114987975745,11699.635636624342
forecast_8480,2025-12-20 08:00:00,11616.435560286312,13916.413640921506,11701.885731096412
forecast_8481,2025-12-20 09:00:00,11012.682328019013,13259.27943628034,11314.349148853245
forecast_8482,2025-12-20 10:00:00,11070.686890911064,13745.944686096764,11272.850132647649
forecast_8483,2025-12-20 11:00:00,10823.601636538468,13716.04716118516,12025.032438089862
forecast_8484,2025-12-20 12:00:00,10927.684579153534,13942.755741631665,12918.993960545193
forecast_8485,2025-12-20 13:00:00,11615.809773888102,14640.064544212919,13471.814285009466
forecast_8486,2025-12-20 14:00:00,12273.824173415742,14174.468067145594,13182.170471525635
forecast_8487,2025-12-20 15:00:00,10837.804783963806,12370.240472360781,10657.433648737804
forecast_8488,2025-12-20 16:00:00,10860.97793410452,11636.187027916516,9738.864924336185
forecast_8489,2025-12-20 17:00:00,11221.543942718856,11784.632480452266,9971.21841280464
forecast_8490,2025-12-20 18:00:00,10630.579658795641,11427.419044139864,10730.75739280803
forecast_8491,2025-12-20 19:00:00,9869.386603421472,11436.196744323963,9940.581686077043
forecast_8492,2025-12-20 20:00:00,9711.297725840792,11102.311022478432,9050.351660001794
forecast_8493,2025-12-20 21:00:00,8437.610193344844,9385.03405478343,7575.407679505336
forecast_8494,2025-12-20 22:00:00,9275.533519243538,10067.460963203466,8272.190384461548
forecast_8495,2025-12-20 23:00:00,12637.030468915338,12719.1294886078,10890.143312463293
forecast_8496,2025-12-21 00:00:00,13812.418204297164,15402.5231589835,11306.885769038952
forecast_8497,2025-12-21 01:00:00,17149.337302868582,18024.32078849372,13737.996380359673
forecast_8498,2025-12-21 02:00:00,17559.42038478917,18091.965833399416,13129.84935441132
forecast_8499,2025-12-21 03:00:00,16888.942994065525,18332.277781680288,13756.912775710509
forecast_8500,2025-12-21 04:00:00,16003.870289458653,17922.59911939602,13663.744182993278
forecast_8501,2025-12-21 05:00:00,15469.377067933134,17110.56701901856,13158.186813874234
forecast_8502,2025-12-21 06:00:00,15718.594465821345,17062.217190003295,12855.936368692148
forecast_8503,2025-12-21 07:00:00,15849.665435736162,17035.12295795997,12417.678113850414
forecast_8504,2025-12-21 08:00:00,15478.205046730553,16997.17300329423,12260.292917674024
forecast_8505,2025-12-21 09:00:00,14218.978209441299,15151.625607289247,11400.924897933719
forecast_8506,2025-12-21 10:00:00,13244.924345073823,15153.185298180762,10534.164735384398
forecast_8507,2025-12-21 11:00:00,12577.003107880086,13916.908002356979,8368.201759550147
forecast_8508,2025-12-21 12:00:00,12275.067409975634,12409.717568873102,8027.093184813506
forecast_8509,2025-12-21 13:00:00,10939.224115103329,11084.97657258166,6440.014498099482
forecast_8510,2025-12-21 14:00:00,9256.983238610785,10261.141946685533,5822.103869326907
forecast_8511,2025-12-21 15:00:00,8050.536314925371,7984.003425036296,5160.273067138426
forecast_8512,2025-12-21 16:00:00,6404.0705333265105,6316.9518831069,4350.259557366594
forecast_8513,2025-12-21 17:00:00,6150.38788855016,5576.957438851457,3500.301063387594
forecast_8514,2025-12-21 18:00:00,5635.569071819274,4779.336850002784,3682.8290434673104
forecast_8515,2025-12-21 19:00:00,4963.892863043894,3626.7729849256903,3298.1137308813495
forecast_8516,2025-12-21 20:00:00,4909.0816599281725,3608.0637479858087,3214.400264596514
forecast_8517,2025-12-21 21:00:00,3461.2658176124182,2444.2723913839577,2669.070345871081
forecast_8518,2025-12-21 22:00:00,2184.7728620786347,1640.2559932994675,2280.0696959371994
forecast_8519,2025-12-21 23:00:00,1767.8271258110688,1427.328976253581,2112.042056370732
forecast_8520,2025-12-22 00:00:00,1390.990514478571,1197.083393360996,1163.6884457454878
forecast_8521,2025-12-22 01:00:00,2170.220302496449,1646.0798127903481,1564.095613092061
forecast_8522,2025-12-22 02:00:00,1493.001166293531,1110.2645545258567,994.8727679135652
forecast_8523,2025-12-22 03:00:00,875.3613614400206,862.8769473462092,546.6863183203186
forecast_8524,2025-12-22 04:00:00,674.2320716996155,667.6135616809738,323.7823581223189
forecast_8525,2025-12-22 05:00:00,703.7170687094044,588.698906547291,163.5020564004183
forecast_8526,2025-12-22 06:00:00,783.4468342034764,754.1372427118772,315.59170431349145
forecast_8527,2025-12-22 07:00:00,749.7000516836732,772.0323899871994,147.0459889499305
forecast_8528,2025-12-22 08:00:00,787.4272351586108,624.1471511221209,137.73141534790017
forecast_8529,2025-12-22 09:00:00,626.8523260972066,498.34858927415667,121.22031059903235
forecast_8530,2025-12-22 10:00:00,338.5051343410542,347.75305530611683,147.2168350043063
forecast_8531,2025-12-22 11:00:00,222.39015189056778,291.642736020109,151.11041233347174
forecast_8532,2025-12-22 12:00:00,337.06165120701024,336.29466522718826,186.44313064038639
forecast_8533,2025-12-22 13:00:00,206.84456583398205,246.07001093978548,152.94865689111367
forecast_8534,2025-12-22 14:00:00,164.93508438300464,211.14098023939485,137.72961972152123
forecast_8535,2025-12-22 15:00:00,212.26988782000024,286.29717497905904,152.2846422107471
forecast_8536,2025-12-22 16:00:00,399.49590560189705,408.46712852509904,177.06599731408238
forecast_8537,2025-12-22 17:00:00,617.695015927808,700.6766970670562,249.24304104425627
forecast_8538,2025-12-22 18:00:00,842.94237750769,825.1566565262924,304.0146410202689
forecast_8539,2025-12-22 19:00:00,906.8063331926855,833.501610933212,326.03299043083456
forecast_8540,2025-12-22 20:00:00,1170.4021695262018,850.0190154641087,367.9304600262569
forecast_8541,2025-12-22 21:00:00,1325.76517374237,1131.469297458572,554.8649002318815
forecast_8542,2025-12-22 22:00:00,1989.0496163026266,2009.4246349757636,965.728097425328
forecast_8543,2025-12-22 23:00:00,1720.1919229236864,1607.9022025209715,767.4207383007039
forecast_8544,2025-12-23 00:00:00,1788.8418452717403,2224.579474729326,982.5289150695422
forecast_8545,2025-12-23 01:00:00,3215.2338191155936,3543.0468496592034,1666.1536976939663
forecast_8546,2025-12-23 02:00:00,3978.9610505638216,4079.529525946285,1802.003920914053
forecast_8547,2025-12-23 03:00:00,4289.516918849302,4649.602929119665,2251.6649631814034
forecast_8548,2025-12-23 04:00:00,3342.7885535325986,3100.778413270788,1508.8407497769988
forecast_8549,2025-12-23 05:00:00,4256.426345257721,4305.483994167077,2302.8124278114637
forecast_8550,2025-12-23 06:00:00,3470.2795560544096,4077.3165880093725,2047.0553773801073
forecast_8551,2025-12-23 07:00:00,3149.7010587084374,3622.6349140887824,1923.3069401771186
forecast_8552,2025-12-23 08:00:00,2732.42589374117,3549.0238432217657,1474.1554018102559
forecast_8553,2025-12-23 09:00:00,3057.4472948565835,3571.5026210576198,2000.9650934566178
forecast_8554,2025-12-23 10:00:00,4741.484357829927,5626.319975028367,3739.3446977198378
forecast_8555,2025-12-23 11:00:00,4134.297373521891,5298.716219561342,3780.504995985327
forecast_8556,2025-12-23 12:00:00,5448.155849013501,7128.523374842022,4444.463432011666
forecast_8557,2025-12-23 13:00:00,5525.877296949387,7391.051209418966,4534.961909760066
forecast_8558,2025-12-23 14:00:00,5873.083349551243,7849.178349540952,4233.675265002486
forecast_8559,2025-12-23 15:00:00,5889.107704075289,7298.467311626843,4039.170497624563
forecast_8560,2025-12-23 16:00:00,5288.077654162294,6141.351050767077,3927.657800644443
forecast_8561,2025-12-23 17:00:00,4987.702932647179,5858.147225204636,3672.9426436949725
forecast_8562,2025-12-23 18:00:00,5942.478409110292,7968.625449109126,4520.379091557438
forecast_8563,2025-12-23 19:00:00,6292.343146011468,8888.412915270303,5154.764243314756
forecast_8564,2025-12-23 20:00:00,7139.22346675966,9910.009208478827,5606.975380898562
forecast_8565,2025-12-23 21:00:00,7100.014023755239,9495.312573687703,5568.533477945293
forecast_8566,2025-12-23 22:00:00,8980.970496947293,10800.063940325817,6488.029637597534
forecast_8567,2025-12-23 23:00:00,8203.183211138507,10319.230023018587,6105.261713387365
forecast_8568,2025-12-24 00:00:00,7500.587519113802,9458.905132932003,6443.7033402547295
forecast_8569,2025-12-24 01:00:00,6831.067387515855,8329.49702085797,6126.343089428505
forecast_8570,2025-12-24 02:00:00,6505.545375391933,8019.143662252793,5509.30533377394
forecast_8571,2025-12-24 03:00:00,5442.837183168957,5445.275774432463,3924.06880983599
forecast_8572,2025-12-24 04:00:00,4791.440873656361,4990.4032871634745,2502.980714340425
forecast_8573,2025-12-24 05:00:00,3443.342153396122,3912.354932037544,1674.0678006981861
forecast_8574,2025-12-24 06:00:00,2119.4071305957323,2439.6487916384626,951.9044374359869
forecast_8575,2025-12-24 07:00:00,1763.8938571335184,1813.729349003804,917.5717669446069
forecast_8576,2025-12-24 08:00:00,1285.3759518936706,1358.3115198182488,954.1634082924719
forecast_8577,2025-12-24 09:00:00,1114.8520606805012,916.3241123805702,736.7967949487606
forecast_8578,2025-12-24 10:00:00,621.8505992579229,613.062023000153,378.7177041433488
forecast_8579,2025-12-24 11:00:00,425.9166379613656,478.6531315190306,301.4095634262216
forecast_8580,2025-12-24 12:00:00,384.39868618216923,364.37359318987876,305.1153497880858
forecast_8581,2025-12-24 13:00:00,376.89216739535317,405.8095118913289,343.91077626952705
forecast_8582,2025-12-24 14:00:00,336.2949983909926,352.20509504816556,281.7558293761096
forecast_8583,2025-12-24 15:00:00,357.628552833667,372.33369327016453,306.2878360573054
forecast_8584,2025-12-24 16:00:00,563.2355740683223,571.7252498096689,319.00750312127144
forecast_8585,2025-12-24 17:00:00,557.284290211473,503.03407209612385,308.9258511591423
forecast_8586,2025-12-24 18:00:00,585.8595651469254,510.8070129613936,268.53656436263185
forecast_8587,2025-12-24 19:00:00,608.065715625016,550.2469030479555,270.5730673013738
forecast_8588,2025-12-24 20:00:00,599.2865247874246,565.2211306153251,251.97943167793042
forecast_8589,2025-12-24 21:00:00,1249.1907485211457,985.719589155117,717.3466245542444
forecast_8590,2025-12-24 22:00:00,1249.729098275682,1221.6018617302043,1183.866007780359
forecast_8591,2025-12-24 23:00:00,1484.1448874575478,1382.0902913241844,1471.6993021403948
forecast_8592,2025-12-25 00:00:00,1798.6396392948209,1548.1369462470025,1390.5339885324274
forecast_8593,2025-12-25 01:00:00,2315.0467429222217,1989.827974961614,1184.300209402883
forecast_8594,2025-12-25 02:00:00,4212.916813842394,3566.323728090839,2987.630805099276
forecast_8595,2025-12-25 03:00:00,5594.395278346668,5699.522531785741,3653.7405170925203
forecast_8596,2025-12-25 04:00:00,6688.364051479616,6646.30097178457,5550.453427251997
forecast_8597,2025-12-25 05:00:00,7935.944863601689,8878.402174324623,6909.86763676154
forecast_8598,2025-12-25 06:00:00,9212.605369084218,10069.853231582922,6701.105513823153
forecast_8599,2025-12-25 07:00:00,9539.79536208223,10623.16190319824,7345.668844097221
forecast_8600,2025-12-25 08:00:00,10332.598280410879,11184.342673927307,8378.484436416891
forecast_8601,2025-12-25 09:00:00,11309.472479692824,12060.354885262668,10537.1099581116
forecast_8602,2025-12-25 10:00:00,12533.094978866766,13712.469530173184,12183.779880349299
forecast_8603,2025-12-25 11:00:00,13204.206889959301,13972.147160835131,11471.09725640235
forecast_8604,2025-12-25 12:00:00,13719.896549300198,13261.772657732932,11345.926918830964
forecast_8605,2025-12-25 13:00:00,13924.540870952324,13612.485116771513,10782.64030325003
forecast_8606,2025-12-25 14:00:00,14145.827188940504,13558.35207477412,10664.974468743045
forecast_8607,2025-12-25 15:00:00,14200.072876906459,13980.054996488096,10769.657339163788
forecast_8608,2025-12-25 16:00:00,14490.962533443986,14507.187151035761,10725.521438670628
forecast_8609,2025-12-25 17:00:00,14639.846508303708,15222.782532357613,10966.728826351695
forecast_8610,2025-12-25 18:00:00,14440.437012138558,15156.971462489055,11001.605192104449
forecast_8611,2025-12-25 19:00:00,14551.86815738145,14876.883629457276,11430.051582075814
forecast_8612,2025-12-25 20:00:00,12778.623667286818,14635.682674084968,12099.326261684735
forecast_8613,2025-12-25 21:00:00,12925.188265577928,15155.330782136838,12791.044138680578
forecast_8614,2025-12-25 22:00:00,12998.706131964513,14892.463508195377,12700.414554562556
forecast_8615,2025-12-25 23:00:00,13071.649293335384,15270.020679822464,13034.237211354633
forecast_8616,2025-12-26 00:00:00,13793.26449992891,15737.58921508962,13587.288635700053
forecast_8617,2025-12-26 01:00:00,13784.829276130513,15576.103540942773,13346.083912758697
forecast_8618,2025-12-26 02:00:00,12434.831878903,14546.672660403041,12138.408330267908
forecast_8619,2025-12-26 03:00:00,12864.765351468492,15744.001420169025,10034.755890297776
forecast_8620,2025-12-26 04:00:00,13308.728139641737,15339.749472135438,8530.524638033097
forecast_8621,2025-12-26 05:00:00,13041.307372252348,15366.525573562514,8498.061139093894
forecast_8622,2025-12-26 06:00:00,13166.297763537787,14857.60963225695,8854.446041067293
forecast_8623,2025-12-26 07:00:00,12654.39244325772,15409.604862033104,8492.893794123936
forecast_8624,2025-12-26 08:00:00,12101.255019986149,14987.491267070163,7833.512927298072
forecast_8625,2025-12-26 09:00:00,12161.022808699518,14750.23349728325,8351.608227132923
forecast_8626,2025-12-26 10:00:00,11401.588019041314,13375.052288265893,9496.136549027478
forecast_8627,2025-12-26 11:00:00,10012.740096648886,12138.516530126673,9081.020398335171
forecast_8628,2025-12-26 12:00:00,9498.003528238474,11088.180881507913,8053.211208614958
forecast_8629,2025-12-26 13:00:00,9868.735782379525,11114.19698353381,8419.11004579947
forecast_8630,2025-12-26 14:00:00,9884.018348311292,10740.164435480687,8604.091144961181
forecast_8631,2025-12-26 15:00:00,10044.961211674097,10700.353446591138,8411.27668526858
forecast_8632,2025-12-26 16:00:00,10455.16733960891,11027.749820169769,8714.413146908879
forecast_8633,2025-12-26 17:00:00,12023.228703886864,12983.824634100834,9747.539400612442
forecast_8634,2025-12-26 18:00:00,12424.57892374099,13827.634378790211,12044.819990091653
forecast_8635,2025-12-26 19:00:00,13653.120835335123,14880.788525098791,11237.085340305079
forecast_8636,2025-12-26 20:00:00,14193.088621669092,15036.416163334869,10592.574133043729
forecast_8637,2025-12-26 21:00:00,14999.580913001519,16322.684969692538,12770.92209885829
forecast_8638,2025-12-26 22:00:00,16508.929749407656,17217.46531184014,13900.875874882497
forecast_8639,2025-12-26 23:00:00,16351.017972230098,17335.66462974389,13276.748259741486
forecast_8640,2025-12-27 00:00:00,16484.306718882657,17349.819962072666,12799.90369829237
forecast_8641,2025-12-27 01:00:00,16050.613746238774,17676.092746634873,12553.492001186865
forecast_8642,2025-12-27 02:00:00,15295.699669264233,17167.03041548263,11871.778807735069
forecast_8643,2025-12-27 03:00:00,15225.824000122644,17248.008412973148,11964.674103164129
forecast_8644,2025-12-27 04:00:00,14099.068278532508,16581.999473585434,11795.897304667575
forecast_8645,2025-12-27 05:00:00,13345.525389737659,15380.290072273016,11965.941631683196
forecast_8646,2025-12-27 06:00:00,13281.114914300868,15933.780055414685,11648.708337960912
forecast_8647,2025-12-27 07:00:00,14397.007575605789,16731.140544996222,12574.654045277577
forecast_8648,2025-12-27 08:00:00,14471.338658264727,16404.086179745816,12433.653118722417
forecast_8649,2025-12-27 09:00:00,13901.940564194507,16284.46779682956,11931.134912052035
forecast_8650,2025-12-27 10:00:00,12647.546802749615,13885.101394286597,10426.059382498857
forecast_8651,2025-12-27 11:00:00,12358.278295049453,13668.7433707509,11950.758098997454
forecast_8652,2025-12-27 12:00:00,12670.770189910478,14715.720881461752,12141.750201943558
forecast_8653,2025-12-27 13:00:00,13989.061323661652,16096.229181686092,12617.967033450946
forecast_8654,2025-12-27 14:00:00,14725.909448871655,16984.639091245343,13167.352485778223
forecast_8655,2025-12-27 15:00:00,14820.212642684952,16936.156270853066,13598.918604846973
forecast_8656,2025-12-27 16:00:00,15131.799422422611,16284.699588500996,13145.501170646841
forecast_8657,2025-12-27 17:00:00,14736.764366922804,16005.441835991733,13737.14384052657
forecast_8658,2025-12-27 18:00:00,15067.880716607353,16946.980281516648,14098.84157873046
forecast_8659,2025-12-27 19:00:00,15231.887178256846,17060.810611096917,14532.457371799228
forecast_8660,2025-12-27 20:00:00,15394.811125721946,16513.514511173413,14075.152564859742
forecast_8661,2025-12-27 21:00:00,15101.740105194418,16295.551479091933,13816.375500366183
forecast_8662,2025-12-27 22:00:00,15097.450413713243,16837.631718727353,13885.539149834816
forecast_8663,2025-12-27 23:00:00,15062.4747278734,16894.41845680042,13948.340449245186
forecast_8664,2025-12-28 00:00:00,13994.180956816814,16027.393389931998,13469.774021527297
forecast_8665,2025-12-28 01:00:00,16606.6495836034,17424.260131709456,14991.903197437177
forecast_8666,2025-12-28 02:00:00,17056.348574718042,17982.6265388952,15131.275866547847
forecast_8667,2025-12-28 03:00:00,16717.857971489284,17815.519191113242,15052.168671445672
forecast_8668,2025-12-28 04:00:00,17291.27197303758,18128.030607879442,14959.471902202382
forecast_8669,2025-12-28 05:00:00,17678.91315018708,18288.068373943977,15325.228831641112
forecast_8670,2025-12-28 06:00:00,17698.391826268085,18161.992874157004,15603.753271171696
forecast_8671,2025-12-28 07:00:00,17344.715720177803,18213.71861376491,15297.009186426947
forecast_8672,2025-12-28 08:00:00,17145.770442399746,18059.34629805983,15247.743546670714
forecast_8673,2025-12-28 09:00:00,16580.021219869464,17236.077841169692,14147.240396267516
forecast_8674,2025-12-28 10:00:00,14735.100427575937,16247.369783626904,13505.226700341098
forecast_8675,2025-12-28 11:00:00,14564.259996333036,15858.596472507297,13233.956447582434
forecast_8676,2025-12-28 12:00:00,13845.254298796035,15475.566619926412,12915.691687704137
forecast_8677,2025-12-28 13:00:00,12571.041440910674,14119.066601959801,11817.750681565114
forecast_8678,2025-12-28 14:00:00,12063.408855385382,13001.943649094785,11107.227308624799
forecast_8679,2025-12-28 15:00:00,12975.869929096812,13877.397371033016,12062.49620424194
forecast_8680,2025-12-28 16:00:00,14117.130667874098,14354.829896862706,12555.892566927843
forecast_8681,2025-12-28 17:00:00,14025.632972176725,14688.920269547762,12928.001359244765
forecast_8682,2025-12-28 18:00:00,13807.337727733518,13849.373678124766,12169.114584604722
forecast_8683,2025-12-28 19:00:00,12358.405008119464,13100.07192202428,11971.335338679524
forecast_8684,2025-12-28 20:00:00,12057.620126340145,13645.605949217588,11886.600414765428
forecast_8685,2025-12-28 21:00:00,14470.325563610899,15337.411642939198,13475.296733504058
forecast_8686,2025-12-28 22:00:00,15687.338599290097,15979.271035927288,14395.998695506694
forecast_8687,2025-12-28 23:00:00,15180.927906524259,16241.343971484974,14400.171818705929
forecast_8688,2025-12-29 00:00:00,15957.5558404972,17561.000015509584,14578.523601059007
forecast_8689,2025-12-29 01:00:00,15882.123266578461,17667.48895354026,14969.807595224234
forecast_8690,2025-12-29 02:00:00,16520.36670879259,18159.181817935325,14910.60260132813
forecast_8691,2025-12-29 03:00:00,17883.130211212276,18631.31232986984,16619.360701580834
forecast_8692,2025-12-29 04:00:00,18315.052940819933,18601.215286699095,16901.970561771035
forecast_8693,2025-12-29 05:00:00,18181.907468314745,18679.847031278667,16226.524210268402
forecast_8694,2025-12-29 06:00:00,18100.58169212072,18618.922634273324,16226.181424469052
forecast_8695,2025-12-29 07:00:00,18114.705745940464,18621.907877490274,16703.84970553635
forecast_8696,2025-12-29 08:00:00,18336.6176560108,18586.508600137848,16736.85548449176
forecast_8697,2025-12-29 09:00:00,18325.51091678572,18488.768476874433,16775.211527399755
forecast_8698,2025-12-29 10:00:00,18237.079025606112,18424.01959089684,16531.710959389155
forecast_8699,2025-12-29 11:00:00,18145.512325848496,18441.827047809005,16723.469764399666
forecast_8700,2025-12-29 12:00:00,17722.880554839485,18371.78369284383,16491.17120170112
forecast_8701,2025-12-29 13:00:00,17040.15592903491,18254.32022033554,16005.167609334558
forecast_8702,2025-12-29 14:00:00,16786.233124475395,18019.57388243634,16339.678151734828
forecast_8703,2025-12-29 15:00:00,15776.459980281914,17107.727020689985,15213.120782898299
forecast_8704,2025-12-29 16:00:00,16728.007457480686,17816.236815614247,15343.365879607762
forecast_8705,2025-12-29 17:00:00,17130.512958358428,18016.885611541613,15624.55261076417
forecast_8706,2025-12-29 18:00:00,17100.52651216269,17889.312967729587,14569.462476445877
forecast_8707,2025-12-29 19:00:00,15478.852844620527,15957.119626324304,13438.587283382247
forecast_8708,2025-12-29 20:00:00,14815.765942453692,15334.720495154337,13276.573170820082
forecast_8709,2025-12-29 21:00:00,14343.55720326908,15247.624382815924,12609.441586490278
forecast_8710,2025-12-29 22:00:00,14150.26317071139,14710.119243170244,11992.652986963041
forecast_8711,2025-12-29 23:00:00,13819.115041754529,13924.5751330156,11557.86677901574
forecast_8712,2025-12-30 00:00:00,12982.558735136037,13290.839156210617,11342.29171899212
forecast_8713,2025-12-30 01:00:00,11618.95821898459,11818.790262268809,9321.406345937841
forecast_8714,2025-12-30 02:00:00,11039.149595918323,12897.674346255535,9474.396914893821
forecast_8715,2025-12-30 03:00:00,12787.550752187013,13529.286971334019,10015.76024839687
forecast_8716,2025-12-30 04:00:00,12851.184952732798,14000.25297801165,10761.76412707175
forecast_8717,2025-12-30 05:00:00,12063.716399361878,13799.37956580728,10015.888221752375
forecast_8718,2025-12-30 06:00:00,12082.935472174064,13987.917778562029,8945.3333606718
forecast_8719,2025-12-30 07:00:00,10897.705864897758,13671.034965785659,8704.327668971051
forecast_8720,2025-12-30 08:00:00,10785.536773827649,12691.948441883083,8242.516247249196
forecast_8721,2025-12-30 09:00:00,10433.422738143268,12367.524265828139,7952.283409743937
forecast_8722,2025-12-30 10:00:00,9951.483330454288,11419.548001785919,8187.676978352565
forecast_8723,2025-12-30 11:00:00,10199.262576199113,10608.180365267941,7997.252658939226
forecast_8724,2025-12-30 12:00:00,10399.634303707035,10569.136922737556,8296.599832235002
forecast_8725,2025-12-30 13:00:00,10521.939405560603,10082.279629444505,7723.10797400659
forecast_8726,2025-12-30 14:00:00,10565.926697834673,10295.959782088561,8073.952472521032
forecast_8727,2025-12-30 15:00:00,11079.374205696195,10944.081551519072,8963.526709365618
forecast_8728,2025-12-30 16:00:00,11927.756039161926,12280.908578151748,10164.518372882083
forecast_8729,2025-12-30 17:00:00,11975.89987721625,12217.384791338936,10064.45863457241
forecast_8730,2025-12-30 18:00:00,11941.580983660937,11517.250144228423,10170.104375414323
forecast_8731,2025-12-30 19:00:00,12204.86681961551,11256.918614296499,9806.452046448672
forecast_8732,2025-12-30 20:00:00,12408.005214254632,11617.143734687097,10004.524560345319
forecast_8733,2025-12-30 21:00:00,13196.212124641135,12473.679516448481,11071.642148955725
forecast_8734,2025-12-30 22:00:00,13238.974098939798,13134.400699455697,12161.968665836448
forecast_8735,2025-12-30 23:00:00,13236.877695769233,13535.189468944203,12233.835821879935
forecast_8736,2025-12-31 00:00:00,13335.211925497697,13760.120007300004,12132.327625143247
forecast_8737,2025-12-31 01:00:00,14309.845023671242,15460.638197409513,13658.212595450386
forecast_8738,2025-12-31 02:00:00,14679.150484991249,15952.432284710696,14561.301297652652
forecast_8739,2025-12-31 03:00:00,14642.754974401807,15987.658594176351,13884.611692282433
forecast_8740,2025-12-31 04:00:00,14682.010583565892,15653.343709970517,13769.271923460992
forecast_8741,2025-12-31 05:00:00,14182.990004703943,15382.967722106092,12999.94027892055
forecast_8742,2025-12-31 06:00:00,13945.144199347642,15842.677596585736,13208.173671120203
forecast_8743,2025-12-31 07:00:00,13006.765972113446,15107.523281639777,12072.124675551364
forecast_8744,2025-12-31 08:00:00,12852.322533221215,15307.047923730206,10696.497136469108
forecast_8745,2025-12-31 09:00:00,12740.417425253638,14044.365501577264,10226.66769100006
forecast_8746,2025-12-31 10:00:00,12016.985803179945,13296.844195948002,9807.59846681076
forecast_8747,2025-12-31 11:00:00,10798.762298470238,11992.120802232224,8843.75001925852
forecast_8748,2025-12-31 12:00:00,9721.260819531066,10348.70208527367,8205.292616634899
forecast_8749,2025-12-31 13:00:00,9231.608130398348,8940.803065500144,7473.549108371325
forecast_8750,2025-12-31 14:00:00,9145.677561053888,8629.692519039558,7137.296867754777
forecast_8751,2025-12-31 15:00:00,9562.021380034868,9106.738790630265,7611.358782747253
forecast_8752,2025-12-31 16:00:00,10096.276159311574,9853.535623271135,8607.411014181669
forecast_8753,2025-12-31 17:00:00,10926.065184574596,10951.806198671671,7499.116231387575
forecast_8754,2025-12-31 18:00:00,10812.666094745357,11775.285456032632,8720.991096477086
forecast_8755,2025-12-31 19:00:00,10826.137026674978,12277.697608789367,9236.747570635014
forecast_8756,2025-12-31 20:00:00,11543.600144184224,12827.481487470004,9123.573844158429
forecast_8757,2025-12-31 21:00:00,11568.668755444029,13573.645912574973,9221.682289689308
forecast_8758,2025-12-31 22:00:00,13278.3854351779,14805.897044681766,10237.024893966307
forecast_8759,2025-12-31 23:00:00,12887.475521586266,14777.837011531776,9884.72087180507
forecast_8760,2026-01-01 00:00:00,13196.708100167714,15015.821237522792,9607.035999388732
