forecast_id,forecast_kst_dtm,kpx_group_1,kpx_group_2,kpx_group_3
forecast_0001,2025-01-01 01:00:00,18877.386334478622,18352.36225316898,14557.601702998265
forecast_0002,2025-01-01 02:00:00,18500.555294303478,17965.439688286515,13628.892595692743
forecast_0003,2025-01-01 03:00:00,16477.225614588337,17608.237332480086,13285.148389891843
forecast_0004,2025-01-01 04:00:00,15941.903409237375,16790.560139351466,13148.58094013918
forecast_0005,2025-01-01 05:00:00,16012.74202518296,16903.062411341067,12880.410552371659
forecast_0006,2025-01-01 06:00:00,16120.926413225712,16501.921451013837,12491.023167771184
forecast_0007,2025-01-01 07:00:00,14225.357157501021,13420.982766092076,10048.916356459707
forecast_0008,2025-01-01 08:00:00,12991.724943963598,11869.962324893895,9508.742377629727
forecast_0009,2025-01-01 09:00:00,13757.609130331002,12921.910048070575,10408.588452200436
forecast_0010,2025-01-01 10:00:00,14331.63643810638,13902.679078694624,11057.625144493431
forecast_0011,2025-01-01 11:00:00,14293.33218219744,14411.495388961657,11384.717441073046
forecast_0012,2025-01-01 12:00:00,14768.919701205916,14037.031641638925,10212.849538431952
forecast_0013,2025-01-01 13:00:00,14879.439681071817,14191.500478679332,10389.104359944744
forecast_0014,2025-01-01 14:00:00,15024.939182811791,13740.689563228181,10635.800282369972
forecast_0015,2025-01-01 15:00:00,14501.3580240934,13595.183886731984,10172.124237688942
forecast_0016,2025-01-01 16:00:00,13899.955259602664,13426.133567030389,9406.756113875308
forecast_0017,2025-01-01 17:00:00,13179.268432046863,12910.181222077825,9678.97183981065
forecast_0018,2025-01-01 18:00:00,13175.525912230296,13058.527965143892,10129.672983567074
forecast_0019,2025-01-01 19:00:00,13750.050612700516,14158.432026870922,10138.705281491042
forecast_0020,2025-01-01 20:00:00,15768.74682576773,15297.905958934909,11020.464625926577
forecast_0021,2025-01-01 21:00:00,16874.026969724815,16309.668431456383,11887.23308713027
forecast_0022,2025-01-01 22:00:00,16589.449935924928,15852.52252228031,11761.381287670964
forecast_0023,2025-01-01 23:00:00,16405.473744279978,16140.868035369127,11673.945190469578
forecast_0024,2025-01-02 00:00:00,15879.765291949203,15680.304869400712,11203.40368958157
forecast_0025,2025-01-02 01:00:00,13362.893268147507,13829.913019604464,8567.958490443249
forecast_0026,2025-01-02 02:00:00,12324.870606058952,13452.011182962297,8460.608592643179
forecast_0027,2025-01-02 03:00:00,11416.673516409448,12553.936612845808,7837.651064267102
forecast_0028,2025-01-02 04:00:00,10243.786580517313,11164.319671471978,7427.652013736441
forecast_0029,2025-01-02 05:00:00,8995.574098346955,10262.389951735948,6937.761199681324
forecast_0030,2025-01-02 06:00:00,8619.906030931763,8876.845311917014,5776.750139984617
forecast_0031,2025-01-02 07:00:00,7929.976770147489,8269.832824158093,5412.817121931741
forecast_0032,2025-01-02 08:00:00,7342.125412724627,7792.282390289868,5154.458637189509
forecast_0033,2025-01-02 09:00:00,7112.725351372967,6902.9117574602815,4500.481747529455
forecast_0034,2025-01-02 10:00:00,5335.445082563038,5850.4642353483305,3609.0416038324624
forecast_0035,2025-01-02 11:00:00,5312.950360603607,5375.430579263177,3352.3696363177755
forecast_0036,2025-01-02 12:00:00,5317.843191656188,5681.861239026696,4183.092751467875
forecast_0037,2025-01-02 13:00:00,5882.70542762192,5967.866125065077,4098.819420114231
forecast_0038,2025-01-02 14:00:00,6766.538494735412,6056.81785196119,3924.5945779561102
forecast_0039,2025-01-02 15:00:00,7450.87877084554,6759.111872066079,4372.423285925379
forecast_0040,2025-01-02 16:00:00,9931.650080798061,8022.576878866285,5631.659825416861
forecast_0041,2025-01-02 17:00:00,10998.851790364137,10034.089894016324,7793.664795630537
forecast_0042,2025-01-02 18:00:00,11703.920612023625,10631.181426878506,8271.859344170225
forecast_0043,2025-01-02 19:00:00,13157.025068027731,12716.821439127178,9188.772847229158
forecast_0044,2025-01-02 20:00:00,13287.664608772902,12901.749446302854,9478.969431108037
forecast_0045,2025-01-02 21:00:00,13467.375708348269,12707.875237913011,9563.292160111656
forecast_0046,2025-01-02 22:00:00,13739.259361322635,13260.24441190173,9025.467219697837
forecast_0047,2025-01-02 23:00:00,14048.754436001376,13583.413582829755,9397.216486169767
forecast_0048,2025-01-03 00:00:00,14296.032337206061,14736.720290760097,9471.993661548904
forecast_0049,2025-01-03 01:00:00,13663.760737628701,13797.46682535836,9042.1808362799
forecast_0050,2025-01-03 02:00:00,13762.535143883606,13843.01582464397,9127.408698890831
forecast_0051,2025-01-03 03:00:00,12561.548775053281,12731.561379860555,8907.697613517275
forecast_0052,2025-01-03 04:00:00,13372.955220331285,13434.418256489142,9310.925204438994
forecast_0053,2025-01-03 05:00:00,13514.801592453206,13402.355048366773,9035.56046574188
forecast_0054,2025-01-03 06:00:00,13576.279307148203,12489.43440316679,8772.316287542582
forecast_0055,2025-01-03 07:00:00,12876.898982846918,12441.81238543754,8152.441916612227
forecast_0056,2025-01-03 08:00:00,13495.31565656426,12677.470249548196,8678.268537347154
forecast_0057,2025-01-03 09:00:00,13063.278872929666,11508.03151103212,6827.9239545299015
forecast_0058,2025-01-03 10:00:00,13175.038346768608,10280.315861061945,5310.527025988424
forecast_0059,2025-01-03 11:00:00,12915.397970764614,9872.057539696209,5794.050917780501
forecast_0060,2025-01-03 12:00:00,12950.156659621292,10279.578107619614,6521.364894410316
forecast_0061,2025-01-03 13:00:00,13077.262086719686,10668.191871740259,6876.919919537345
forecast_0062,2025-01-03 14:00:00,13363.859098811217,11480.447632892547,7407.36576453213
forecast_0063,2025-01-03 15:00:00,13606.642032271104,12016.73654014805,9393.052600098546
forecast_0064,2025-01-03 16:00:00,13951.78798634699,12527.514143191142,10214.428290549336
forecast_0065,2025-01-03 17:00:00,13457.728697809836,12432.099646214401,9992.385084976924
forecast_0066,2025-01-03 18:00:00,11736.223315422825,11386.868978930966,9447.0200028043
forecast_0067,2025-01-03 19:00:00,11904.782901840143,11456.393476162077,9543.035638334939
forecast_0068,2025-01-03 20:00:00,12250.706009643856,11446.660284951653,9492.30857678279
forecast_0069,2025-01-03 21:00:00,12806.784834368867,12705.726716059722,9553.531147797537
forecast_0070,2025-01-03 22:00:00,13638.970154180219,13872.94655941123,9933.792866344802
forecast_0071,2025-01-03 23:00:00,14350.697322190825,14638.783212828906,10251.205510672873
forecast_0072,2025-01-04 00:00:00,14148.588958679866,14132.69015466829,10365.879271640979
forecast_0073,2025-01-04 01:00:00,14581.645254624407,14771.976435486406,10876.393121487785
forecast_0074,2025-01-04 02:00:00,15309.101661005105,15290.502248902369,11027.070056330793
forecast_0075,2025-01-04 03:00:00,15803.367162420225,14993.110439106795,10714.739297467542
forecast_0076,2025-01-04 04:00:00,16240.78393729007,15619.867080137114,11451.954137131184
forecast_0077,2025-01-04 05:00:00,17455.7243968921,16128.526060985178,11427.01222327417
forecast_0078,2025-01-04 06:00:00,17477.723879492878,16079.949588549698,11656.80098071584
forecast_0079,2025-01-04 07:00:00,16516.393190228573,16092.920233086901,10997.573275366345
forecast_0080,2025-01-04 08:00:00,15459.991689906023,15136.560093570904,10977.635729407548
forecast_0081,2025-01-04 09:00:00,14382.975063369286,14430.64354411112,10129.447964634279
forecast_0082,2025-01-04 10:00:00,12504.882237402831,13206.452017146428,8866.879967258516
forecast_0083,2025-01-04 11:00:00,12047.441624702,12273.355529018248,8921.829596124897
forecast_0084,2025-01-04 12:00:00,12661.45682286594,12371.007826419775,9443.07525107159
forecast_0085,2025-01-04 13:00:00,12537.82400854961,12086.178185739294,8885.75243622062
forecast_0086,2025-01-04 14:00:00,12600.9238716694,11267.5116124505,8090.772213407094
forecast_0087,2025-01-04 15:00:00,12175.052181578067,10103.305907897246,7723.02861651188
forecast_0088,2025-01-04 16:00:00,12849.895285921233,11130.402245849615,8541.211459312153
forecast_0089,2025-01-04 17:00:00,13815.62572961885,11637.905742457247,9889.19627369209
forecast_0090,2025-01-04 18:00:00,16020.646233350442,14734.317426188465,11892.45894179494
forecast_0091,2025-01-04 19:00:00,15767.93409951782,15516.361183983392,11093.679107232028
forecast_0092,2025-01-04 20:00:00,15812.038035036521,15649.488431456422,11082.167810974326
forecast_0093,2025-01-04 21:00:00,15792.68103861322,15128.206672361326,10946.721676084064
forecast_0094,2025-01-04 22:00:00,16401.667292846436,16093.324091822964,12325.955790521873
forecast_0095,2025-01-04 23:00:00,17596.120806182455,16621.272942218286,14090.77962503802
forecast_0096,2025-01-05 00:00:00,18774.25975229515,17396.406556844708,13130.67747611712
forecast_0097,2025-01-05 01:00:00,17534.8377044127,16320.998316956267,10886.209485584674
forecast_0098,2025-01-05 02:00:00,16301.985965185095,15465.235356035564,9909.344311386312
forecast_0099,2025-01-05 03:00:00,16422.755256734406,16326.652520751803,10532.353828184616
forecast_0100,2025-01-05 04:00:00,14191.017612748039,15200.403346581572,9455.263034415762
forecast_0101,2025-01-05 05:00:00,12272.389831506658,13434.555066126539,8464.470613937674
forecast_0102,2025-01-05 06:00:00,10298.867700451474,12126.991678632696,7361.630942588158
forecast_0103,2025-01-05 07:00:00,10443.721429335315,12354.112764187039,7291.798526521947
forecast_0104,2025-01-05 08:00:00,11206.164023802055,12948.879269000736,7682.277377430596
forecast_0105,2025-01-05 09:00:00,10948.530442756664,14163.39899321285,7774.274456534601
forecast_0106,2025-01-05 10:00:00,12386.303810656384,13862.016470025228,10657.233554452723
forecast_0107,2025-01-05 11:00:00,14361.347642193736,16466.751764719214,12495.510919805763
forecast_0108,2025-01-05 12:00:00,15876.123917117064,16330.248710242957,13722.937319988208
forecast_0109,2025-01-05 13:00:00,13714.823285940382,14257.121129206978,12083.564871056586
forecast_0110,2025-01-05 14:00:00,12175.576175198186,12810.500145483456,11059.155668546975
forecast_0111,2025-01-05 15:00:00,11825.754656372417,13234.102369697728,10487.07539236863
forecast_0112,2025-01-05 16:00:00,11858.265781166989,13341.458656607503,9831.089405272225
forecast_0113,2025-01-05 17:00:00,10546.87700990401,12251.91961917306,8456.761450779022
forecast_0114,2025-01-05 18:00:00,10698.1603932447,12081.255106823595,8462.796192442844
forecast_0115,2025-01-05 19:00:00,11492.492935579012,13049.864721710519,9374.149537904816
forecast_0116,2025-01-05 20:00:00,12080.318430588663,13119.701792823318,10575.537799499441
forecast_0117,2025-01-05 21:00:00,13623.143158642335,13816.55005733617,10712.85355221574
forecast_0118,2025-01-05 22:00:00,13581.523129172747,14320.248722236684,11219.618629788196
forecast_0119,2025-01-05 23:00:00,12923.43401088412,13404.221398020418,10464.16344085348
forecast_0120,2025-01-06 00:00:00,11591.185631263836,12580.596702976292,8977.685416668317
forecast_0121,2025-01-06 01:00:00,11282.567340205997,11263.37946535883,7886.532087121717
forecast_0122,2025-01-06 02:00:00,11191.991950318063,11295.918516137377,7378.436456283819
forecast_0123,2025-01-06 03:00:00,10509.026930106636,10903.95620516013,8053.5732152556175
forecast_0124,2025-01-06 04:00:00,9773.077951061521,10337.670187145244,6713.201492140095
forecast_0125,2025-01-06 05:00:00,8345.999635714503,9726.934861526035,5606.163973216426
forecast_0126,2025-01-06 06:00:00,6798.185773137626,8177.053196724667,5364.619625244957
forecast_0127,2025-01-06 07:00:00,4577.476143858043,5746.54679740104,3368.0513069552167
forecast_0128,2025-01-06 08:00:00,3827.698672383688,4439.861718374904,2833.6605957039424
forecast_0129,2025-01-06 09:00:00,4633.783976966706,5336.7404220028575,3254.504953494199
forecast_0130,2025-01-06 10:00:00,4928.107237166288,5249.194303369454,3897.625810237705
forecast_0131,2025-01-06 11:00:00,6058.814681708192,6484.964802803235,5044.84133242362
forecast_0132,2025-01-06 12:00:00,7917.561480889649,7672.3892394749655,5756.27821410415
forecast_0133,2025-01-06 13:00:00,8276.272449136308,8001.1482465542695,5794.078291202548
forecast_0134,2025-01-06 14:00:00,8129.264326146339,7944.1212207349145,5212.983146754603
forecast_0135,2025-01-06 15:00:00,8649.835805560886,7890.514435457901,6150.241326633714
forecast_0136,2025-01-06 16:00:00,9355.759971630067,9148.564571426587,6602.400040811642
forecast_0137,2025-01-06 17:00:00,10458.1967015968,9400.742768607412,7076.220211612699
forecast_0138,2025-01-06 18:00:00,10970.927789841704,10210.431968635186,7977.315841447388
forecast_0139,2025-01-06 19:00:00,12302.372716110287,11653.595222223856,9717.936739701032
forecast_0140,2025-01-06 20:00:00,13544.676464674141,12554.96076333921,11180.951611931281
forecast_0141,2025-01-06 21:00:00,13218.220177048624,12139.529562506717,10154.377036245523
forecast_0142,2025-01-06 22:00:00,13625.980359493691,12388.769271317216,10605.25012261049
forecast_0143,2025-01-06 23:00:00,14464.14744098964,12527.231404312957,10837.982928456535
forecast_0144,2025-01-07 00:00:00,15258.378507504229,13844.462817260506,11614.476519633079
forecast_0145,2025-01-07 01:00:00,16546.566797932664,15386.457703969012,12453.848385849507
forecast_0146,2025-01-07 02:00:00,16785.009282428848,15998.049088974383,13229.817904413114
forecast_0147,2025-01-07 03:00:00,17411.647077866146,17286.339798194465,13134.548779810855
forecast_0148,2025-01-07 04:00:00,16324.103624158184,16269.157715830945,12649.56438963382
forecast_0149,2025-01-07 05:00:00,15744.85832638668,15743.393731472088,12456.443003564395
forecast_0150,2025-01-07 06:00:00,15422.551243260377,15533.914511223886,12134.429459379462
forecast_0151,2025-01-07 07:00:00,15508.424428759856,15677.982532618842,11799.665794197435
forecast_0152,2025-01-07 08:00:00,15665.087650298376,16101.490972645233,12136.971803370874
forecast_0153,2025-01-07 09:00:00,15843.823713380818,15982.858310707157,12015.876625269808
forecast_0154,2025-01-07 10:00:00,16049.583873064232,16055.663725112272,11792.91795312972
forecast_0155,2025-01-07 11:00:00,16266.789694377727,16156.076405215883,12303.333013348076
forecast_0156,2025-01-07 12:00:00,16358.419100254363,16215.27564073066,12315.543114690412
forecast_0157,2025-01-07 13:00:00,16173.643281084092,16271.09534067671,11894.943030706354
forecast_0158,2025-01-07 14:00:00,16257.860019898366,16053.000702204647,11904.828663438482
forecast_0159,2025-01-07 15:00:00,16271.607395067143,16431.919929060987,12058.446388845206
forecast_0160,2025-01-07 16:00:00,16225.26772810004,15954.719067536258,12142.562165656973
forecast_0161,2025-01-07 17:00:00,16117.861877366417,15800.151237809534,12172.679683354561
forecast_0162,2025-01-07 18:00:00,16272.442026101733,16314.302106157149,12435.691372569907
forecast_0163,2025-01-07 19:00:00,16243.550228860151,16469.30015611042,12867.424765764468
forecast_0164,2025-01-07 20:00:00,16841.681150713008,16850.112578320673,12579.535912088239
forecast_0165,2025-01-07 21:00:00,16403.756815016823,17429.647762817644,12764.442577999476
forecast_0166,2025-01-07 22:00:00,16870.780883941618,17874.104602475745,12992.587543721704
forecast_0167,2025-01-07 23:00:00,16892.326048427145,18020.715009615888,12982.771850095227
forecast_0168,2025-01-08 00:00:00,15813.905050215584,16802.656286063986,12807.540842318811
forecast_0169,2025-01-08 01:00:00,15018.186672453961,17173.86835167559,12226.447407187874
forecast_0170,2025-01-08 02:00:00,14719.91045190366,16658.974615345447,11791.289127571044
forecast_0171,2025-01-08 03:00:00,14529.293745551095,16548.05779830057,11417.110048496028
forecast_0172,2025-01-08 04:00:00,14334.673483274986,16045.508079286104,11003.97628745492
forecast_0173,2025-01-08 05:00:00,14734.254145296833,15500.771654636055,11584.485461583427
forecast_0174,2025-01-08 06:00:00,14606.19259576834,15449.401400516223,11031.211539801274
forecast_0175,2025-01-08 07:00:00,14515.312684750192,15501.42538936377,10952.59185920988
forecast_0176,2025-01-08 08:00:00,14926.908557665096,16082.809846067661,10897.079601730471
forecast_0177,2025-01-08 09:00:00,14804.422753357405,16287.83915996624,10857.502832782324
forecast_0178,2025-01-08 10:00:00,15449.204166660451,16022.151723920359,10596.955910406123
forecast_0179,2025-01-08 11:00:00,15622.826605091974,16298.397153125006,11070.974751906753
forecast_0180,2025-01-08 12:00:00,15929.40771623009,16973.52383081562,10630.391771329016
forecast_0181,2025-01-08 13:00:00,15940.491850356659,16957.920655667258,10689.903012427843
forecast_0182,2025-01-08 14:00:00,15803.03432059677,16863.787608285726,10623.900026188867
forecast_0183,2025-01-08 15:00:00,15327.278936023411,16865.839764516833,10508.520745727224
forecast_0184,2025-01-08 16:00:00,15486.418806463898,16103.034474066651,10842.481168400718
forecast_0185,2025-01-08 17:00:00,14867.514499974157,15883.087182327627,11502.555679384586
forecast_0186,2025-01-08 18:00:00,14717.852697352957,15902.524409275637,11923.360295920304
forecast_0187,2025-01-08 19:00:00,14749.694365147021,17047.5386279818,12193.093482717954
forecast_0188,2025-01-08 20:00:00,14930.789640531286,16769.20204485287,12414.915433138201
forecast_0189,2025-01-08 21:00:00,14772.294452028207,16918.19101091664,12565.806785767978
forecast_0190,2025-01-08 22:00:00,15178.692945458572,16718.955619597895,13141.958470017915
forecast_0191,2025-01-08 23:00:00,14775.733080128179,16911.996367587377,13459.740988833166
forecast_0192,2025-01-09 00:00:00,14278.0264035616,17110.9691278293,12613.21481984255
forecast_0193,2025-01-09 01:00:00,13491.425519937302,15429.388912600094,12160.451185857984
forecast_0194,2025-01-09 02:00:00,13070.963636581691,15527.668386596735,12028.17837678365
forecast_0195,2025-01-09 03:00:00,13056.258753126469,15624.890746072568,11702.978814506916
forecast_0196,2025-01-09 04:00:00,12609.07714296232,15437.421270345432,10749.283668207474
forecast_0197,2025-01-09 05:00:00,12211.37587158327,15371.46440961545,10588.365444347734
forecast_0198,2025-01-09 06:00:00,12321.674184009164,15245.036233468036,11063.944158424698
forecast_0199,2025-01-09 07:00:00,13039.937222869077,15459.102820981652,11348.756677281259
forecast_0200,2025-01-09 08:00:00,13020.91985542349,14921.629317081955,11214.93257446575
forecast_0201,2025-01-09 09:00:00,13390.135080874363,14449.251648058013,10701.621898009604
forecast_0202,2025-01-09 10:00:00,13813.175372385738,15321.12401485718,11423.123897392192
forecast_0203,2025-01-09 11:00:00,13594.624478151603,15328.492147703464,11286.322229435387
forecast_0204,2025-01-09 12:00:00,13497.179639533078,15336.178992519443,11269.344842080427
forecast_0205,2025-01-09 13:00:00,13657.906364696311,15424.405728425822,10977.350434669213
forecast_0206,2025-01-09 14:00:00,14454.538889947173,15260.130451870773,10852.892072351031
forecast_0207,2025-01-09 15:00:00,13891.196497173649,14156.107655582164,10419.122467209008
forecast_0208,2025-01-09 16:00:00,14138.316675829163,13397.742934658554,9281.502725773613
forecast_0209,2025-01-09 17:00:00,14566.207559005903,13701.449044957766,8689.463916731444
forecast_0210,2025-01-09 18:00:00,13022.965780631188,11853.90762034224,7656.798410839856
forecast_0211,2025-01-09 19:00:00,12304.758222056114,13511.952607498846,7302.985102118013
forecast_0212,2025-01-09 20:00:00,14553.577268192328,14552.652644249505,8101.989654183567
forecast_0213,2025-01-09 21:00:00,15860.646325269088,16097.0324666772,8728.191577280573
forecast_0214,2025-01-09 22:00:00,16568.454599197117,17356.606127082574,10031.449137988713
forecast_0215,2025-01-09 23:00:00,18214.002362270076,17943.46032400196,13003.713804601333
forecast_0216,2025-01-10 00:00:00,18117.798957797448,18141.51905905098,13559.719251116341
forecast_0217,2025-01-10 01:00:00,11668.630368529743,11077.419469534665,7530.723430132196
forecast_0218,2025-01-10 02:00:00,14952.227461503773,13638.248010910525,8990.58910678406
forecast_0219,2025-01-10 03:00:00,16643.977847038543,16496.35318492191,10782.659153622253
forecast_0220,2025-01-10 04:00:00,17289.224950155734,17485.408848189207,11747.315877460087
forecast_0221,2025-01-10 05:00:00,17551.891896089266,17273.82631232578,11038.615978612912
forecast_0222,2025-01-10 06:00:00,16564.59235680514,16876.817600290316,10363.468938753584
forecast_0223,2025-01-10 07:00:00,15152.227016941732,14174.177142281133,9587.744798958243
forecast_0224,2025-01-10 08:00:00,12923.436951394373,11688.92438213652,9060.674208303566
forecast_0225,2025-01-10 09:00:00,10882.579767999941,7389.885218876087,6958.388418930363
forecast_0226,2025-01-10 10:00:00,8725.231242390253,5639.390130428063,4796.0064240691645
forecast_0227,2025-01-10 11:00:00,5788.318841234599,3844.352066821723,3111.7625865316313
forecast_0228,2025-01-10 12:00:00,4166.606745758818,3050.6035818361693,1837.3411818256102
forecast_0229,2025-01-10 13:00:00,3025.181844379124,2247.439264181639,1845.2288239846346
forecast_0230,2025-01-10 14:00:00,2834.932098359772,2088.8149213057923,2044.621556248275
forecast_0231,2025-01-10 15:00:00,3696.174299595736,3101.440779446221,2313.4923623855398
forecast_0232,2025-01-10 16:00:00,5125.195813576411,4914.932809776616,3436.283771565321
forecast_0233,2025-01-10 17:00:00,7662.58424958279,6091.79110387958,4942.262256982516
forecast_0234,2025-01-10 18:00:00,8526.81365543159,6601.402540971718,5934.048726411555
forecast_0235,2025-01-10 19:00:00,9249.284636891844,7132.507618128304,6821.436716081107
forecast_0236,2025-01-10 20:00:00,9305.233483277176,7709.911225512535,7617.809135950876
forecast_0237,2025-01-10 21:00:00,8370.099565952463,6902.606468736812,6136.689895450771
forecast_0238,2025-01-10 22:00:00,8494.646664970094,6986.011358970324,6076.292924695753
forecast_0239,2025-01-10 23:00:00,9302.181562748347,6776.511494555461,6487.752915939661
forecast_0240,2025-01-11 00:00:00,9823.20079356303,7383.562773022834,6730.363462068687
forecast_0241,2025-01-11 01:00:00,9175.946993968084,7609.971079861092,6890.37585117083
forecast_0242,2025-01-11 02:00:00,9252.75105592439,7239.491947565679,6642.575129876281
forecast_0243,2025-01-11 03:00:00,9199.904819975658,7565.510426595431,6562.832101809639
forecast_0244,2025-01-11 04:00:00,9729.416030081808,7522.296057001338,6679.496250317902
forecast_0245,2025-01-11 05:00:00,9568.616516087506,7050.610387283696,6209.96740699119
forecast_0246,2025-01-11 06:00:00,7912.662491929154,6205.8669771954765,5179.299319288686
forecast_0247,2025-01-11 07:00:00,7886.786409156215,6177.335565891656,4437.035052978345
forecast_0248,2025-01-11 08:00:00,7421.568811625169,6417.669009968655,4723.001114149081
forecast_0249,2025-01-11 09:00:00,6916.333834944551,6252.817796712048,4147.417310206956
forecast_0250,2025-01-11 10:00:00,5426.443722317558,4753.619415089021,3234.6434403579296
forecast_0251,2025-01-11 11:00:00,4695.866304565282,4147.32453184054,2460.637197409427
forecast_0252,2025-01-11 12:00:00,4101.509588089712,3014.8430333579936,1571.471070266069
forecast_0253,2025-01-11 13:00:00,2788.001489055829,1971.3335443457656,1461.2245683158965
forecast_0254,2025-01-11 14:00:00,2855.03473741053,2195.3059459876445,1736.4790717290766
forecast_0255,2025-01-11 15:00:00,3250.4566909193245,2168.9899259563867,1578.4727135519322
forecast_0256,2025-01-11 16:00:00,3722.2550795506036,3245.8475480077645,2078.7766378323113
forecast_0257,2025-01-11 17:00:00,6228.604947133178,5576.503700049357,3860.846265619991
forecast_0258,2025-01-11 18:00:00,8152.183602435574,6889.558004784005,5108.582225544163
forecast_0259,2025-01-11 19:00:00,9036.947037400523,7776.448381177493,5875.564805916782
forecast_0260,2025-01-11 20:00:00,9563.785823340591,8740.7690373304,7251.777667242212
forecast_0261,2025-01-11 21:00:00,9806.180253349141,8684.822704440541,7067.138961136855
forecast_0262,2025-01-11 22:00:00,9820.860192417711,8345.10506988135,7433.026261368097
forecast_0263,2025-01-11 23:00:00,11123.334921320766,9519.871657567297,7586.035386892262
forecast_0264,2025-01-12 00:00:00,13179.117272887159,11309.11251706162,8181.92056666668
forecast_0265,2025-01-12 01:00:00,8802.61319630968,8316.376283841004,7020.8311901547595
forecast_0266,2025-01-12 02:00:00,9394.207942592333,8675.293149216377,6844.241559552299
forecast_0267,2025-01-12 03:00:00,10233.815129333245,9567.965490322435,6877.50325454242
forecast_0268,2025-01-12 04:00:00,11694.53770410407,10488.338038051299,8108.735767618491
forecast_0269,2025-01-12 05:00:00,12840.525702039171,11587.243046001988,8351.06450168884
forecast_0270,2025-01-12 06:00:00,13288.154080743681,12480.530322784403,8711.111152107933
forecast_0271,2025-01-12 07:00:00,13972.558648206003,12332.053366122935,9510.605109710019
forecast_0272,2025-01-12 08:00:00,13941.049782860146,12802.850770302188,8760.457909557725
forecast_0273,2025-01-12 09:00:00,13702.416940612275,13110.855519503422,8873.422368844487
forecast_0274,2025-01-12 10:00:00,11463.462240160474,11351.13911806668,7279.829405336318
forecast_0275,2025-01-12 11:00:00,10189.00665752425,10703.049231708097,7295.748649211736
forecast_0276,2025-01-12 12:00:00,9734.150406046037,9786.099339128756,6928.875893935044
forecast_0277,2025-01-12 13:00:00,9641.387906806409,9567.991861616061,5872.455908824843
forecast_0278,2025-01-12 14:00:00,10737.67062476207,10099.98510537262,6870.775958623875
forecast_0279,2025-01-12 15:00:00,11342.07685001408,10305.446604781559,7559.205131347717
forecast_0280,2025-01-12 16:00:00,12403.656899849877,12003.177495774054,8869.45979235988
forecast_0281,2025-01-12 17:00:00,13677.623858825624,13615.927288465497,9212.707852689466
forecast_0282,2025-01-12 18:00:00,14081.307898732524,13596.273572012415,8759.015055597849
forecast_0283,2025-01-12 19:00:00,13418.90654516313,13454.246770879634,7978.889414831509
forecast_0284,2025-01-12 20:00:00,13878.440437582201,13645.79889841041,7829.305134261063
forecast_0285,2025-01-12 21:00:00,14228.743779190201,14164.389199866278,8604.974679539095
forecast_0286,2025-01-12 22:00:00,14201.58503169995,14870.286155993615,9157.64452923845
forecast_0287,2025-01-12 23:00:00,14160.13454371151,14830.815876249506,8998.966082690502
forecast_0288,2025-01-13 00:00:00,15481.631489849806,15589.633393999124,10869.289342914317
forecast_0289,2025-01-13 01:00:00,18168.80796654597,17420.628241301325,12624.537458171637
forecast_0290,2025-01-13 02:00:00,19996.123332576237,18223.72882861573,13919.884855247426
forecast_0291,2025-01-13 03:00:00,20563.897238013098,18728.33911473234,14679.936181287143
forecast_0292,2025-01-13 04:00:00,20732.302816810497,19326.085388847354,15763.89844640456
forecast_0293,2025-01-13 05:00:00,20584.991370533622,19352.497125664297,15664.909159482364
forecast_0294,2025-01-13 06:00:00,20522.54317657181,19436.82410736165,15098.905380663999
forecast_0295,2025-01-13 07:00:00,20293.334948417807,19086.347677614653,14212.172950586946
forecast_0296,2025-01-13 08:00:00,19290.236383511572,18202.88032619173,12636.157142006154
forecast_0297,2025-01-13 09:00:00,18630.9078344261,18015.08606295507,13050.811328256603
forecast_0298,2025-01-13 10:00:00,16387.886539086,17802.695911477455,12503.695157893155
forecast_0299,2025-01-13 11:00:00,16490.6128250189,16725.48566135631,12781.358979719764
forecast_0300,2025-01-13 12:00:00,15987.41199497686,15655.081106476937,11983.43908002485
forecast_0301,2025-01-13 13:00:00,15121.569818900436,14559.033804478013,11742.299694623136
forecast_0302,2025-01-13 14:00:00,13758.116523769642,12673.704986401035,10577.191607660676
forecast_0303,2025-01-13 15:00:00,14048.236277603408,13761.842269881381,11138.364828017395
forecast_0304,2025-01-13 16:00:00,14583.842979499615,14195.789163464024,10988.91838016051
forecast_0305,2025-01-13 17:00:00,15006.258489326781,13242.890879241944,10755.749750951627
forecast_0306,2025-01-13 18:00:00,13239.760256761421,11735.225797242094,10039.683943550777
forecast_0307,2025-01-13 19:00:00,15057.641840538767,14564.326406211001,11990.894266922593
forecast_0308,2025-01-13 20:00:00,16637.37417453117,16485.55533423014,11958.856449793495
forecast_0309,2025-01-13 21:00:00,16889.272782874403,16306.870647273323,12683.61588001743
forecast_0310,2025-01-13 22:00:00,18267.522853695384,17053.428554102833,13378.4724916797
forecast_0311,2025-01-13 23:00:00,18246.636817909814,17263.352981160016,13440.70857218057
forecast_0312,2025-01-14 00:00:00,19743.862902544468,18422.211284901732,14656.172278865046
forecast_0313,2025-01-14 01:00:00,17832.38717230394,17592.28065993796,13615.132338882759
forecast_0314,2025-01-14 02:00:00,17979.384377685114,18016.516686251973,13537.87771139923
forecast_0315,2025-01-14 03:00:00,18350.406647519558,18187.1938486915,13453.052666938012
forecast_0316,2025-01-14 04:00:00,17776.323881824737,17884.737026808878,13110.074849477822
forecast_0317,2025-01-14 05:00:00,17743.210227399453,17934.564916567353,13435.194871624864
forecast_0318,2025-01-14 06:00:00,17952.40308563692,17836.478888257025,14141.72943019078
forecast_0319,2025-01-14 07:00:00,17764.328544554915,18142.11341434882,13666.160870759824
forecast_0320,2025-01-14 08:00:00,18243.089536440908,18070.833605921627,13330.781821675131
forecast_0321,2025-01-14 09:00:00,18552.988133859526,17224.853037047218,12690.547773145867
forecast_0322,2025-01-14 10:00:00,18303.27676092023,16165.245931945443,12415.992575909715
forecast_0323,2025-01-14 11:00:00,16798.10606148278,15196.572912755928,12325.50254612021
forecast_0324,2025-01-14 12:00:00,17256.912373921645,14127.183868882561,11814.723403032758
forecast_0325,2025-01-14 13:00:00,16626.580638859366,13732.876858540087,11666.529640428635
forecast_0326,2025-01-14 14:00:00,14647.837249968294,13223.112507578755,11433.707655336573
forecast_0327,2025-01-14 15:00:00,14338.98011840672,13000.44162131933,11287.129077620033
forecast_0328,2025-01-14 16:00:00,14125.119126991385,12576.237913004152,11085.680551989633
forecast_0329,2025-01-14 17:00:00,14345.848709418979,12615.28271415831,10954.425806094496
forecast_0330,2025-01-14 18:00:00,14744.822447379413,13339.223073051295,11040.794928451183
forecast_0331,2025-01-14 19:00:00,14665.427959909384,14206.888751988732,11798.679510854054
forecast_0332,2025-01-14 20:00:00,14978.700394915979,14255.802111282937,11967.908780645887
forecast_0333,2025-01-14 21:00:00,14617.27007277009,14054.668329513426,12422.718041533757
forecast_0334,2025-01-14 22:00:00,14241.667587483586,14281.327444947063,12232.805853851018
forecast_0335,2025-01-14 23:00:00,14639.090320789257,14264.400177781617,11597.835748277163
forecast_0336,2025-01-15 00:00:00,15404.73263344001,14826.549421317613,11005.407278064895
forecast_0337,2025-01-15 01:00:00,14713.396885668732,14113.206423456204,10927.649906000128
forecast_0338,2025-01-15 02:00:00,14566.859341453463,13261.423016211027,10349.01989215532
forecast_0339,2025-01-15 03:00:00,12893.699925951854,11208.735047643238,8337.443766167467
forecast_0340,2025-01-15 04:00:00,12619.17933350316,10718.936492882693,8034.791065724542
forecast_0341,2025-01-15 05:00:00,13210.24153560235,12290.632699037213,8189.158030071391
forecast_0342,2025-01-15 06:00:00,13886.912311877823,12203.121638061102,9263.891063177614
forecast_0343,2025-01-15 07:00:00,14467.29040788877,13464.301462207304,9912.625438184841
forecast_0344,2025-01-15 08:00:00,14461.72518749887,13748.448507128718,10012.234557370864
forecast_0345,2025-01-15 09:00:00,14700.737237585246,13011.218451317003,10830.974199630275
forecast_0346,2025-01-15 10:00:00,14055.147017486594,12231.57323477148,8398.657891724555
forecast_0347,2025-01-15 11:00:00,13114.606431619251,11843.256746611778,8802.035133159137
forecast_0348,2025-01-15 12:00:00,12509.860217933474,11688.773498558856,8630.835997195585
forecast_0349,2025-01-15 13:00:00,12833.045656159753,11170.563423933294,8415.0869939172
forecast_0350,2025-01-15 14:00:00,12041.877094408119,10915.02889487076,7655.61394137424
forecast_0351,2025-01-15 15:00:00,11659.463884966137,10678.768325130783,7211.7443288942095
forecast_0352,2025-01-15 16:00:00,12017.261801970117,11753.205872714165,8146.087147088513
forecast_0353,2025-01-15 17:00:00,12978.987875140685,12944.286527847316,9500.093273334365
forecast_0354,2025-01-15 18:00:00,15245.900008176899,14993.24305595024,11475.725269498496
forecast_0355,2025-01-15 19:00:00,16306.930061381012,17024.93916794702,13113.837663628497
forecast_0356,2025-01-15 20:00:00,17303.478721757707,17637.239869165664,12603.095472750108
forecast_0357,2025-01-15 21:00:00,17907.8134675942,17883.689074877722,12554.785881190595
forecast_0358,2025-01-15 22:00:00,19545.15140618286,18927.655423859418,14751.098181125737
forecast_0359,2025-01-15 23:00:00,19920.46303442662,18765.294238798422,15121.810063050249
forecast_0360,2025-01-16 00:00:00,19860.759671755743,19124.760766780826,14769.465110770601
forecast_0361,2025-01-16 01:00:00,18422.428154869525,18815.36076796157,13219.910267349944
forecast_0362,2025-01-16 02:00:00,18846.962868663348,18572.41377377949,14259.795743673389
forecast_0363,2025-01-16 03:00:00,18354.615144468164,18686.160725686455,14932.368711078043
forecast_0364,2025-01-16 04:00:00,18517.4688960382,18728.178539441218,14969.433426009975
forecast_0365,2025-01-16 05:00:00,19419.80371217878,19000.85326568914,14998.934421074127
forecast_0366,2025-01-16 06:00:00,19847.935631634842,19075.50048753303,14937.98739596547
forecast_0367,2025-01-16 07:00:00,19896.7979671625,19087.84097071966,15016.485569635095
forecast_0368,2025-01-16 08:00:00,19228.408024256198,19120.31683621246,14622.49976113343
forecast_0369,2025-01-16 09:00:00,18909.352852528576,18580.087456309662,14372.370040920005
forecast_0370,2025-01-16 10:00:00,18678.821235227475,18130.601445028715,15371.44880231891
forecast_0371,2025-01-16 11:00:00,18565.790035349484,17490.381099803937,14425.81907792226
forecast_0372,2025-01-16 12:00:00,17181.81584048085,16749.295070451666,13333.419174367735
forecast_0373,2025-01-16 13:00:00,16898.63463194824,16379.955151516953,13001.183140093564
forecast_0374,2025-01-16 14:00:00,16719.763387354436,15857.111002023428,12774.262925310626
forecast_0375,2025-01-16 15:00:00,16864.62791868211,15979.197019573845,12614.229274754385
forecast_0376,2025-01-16 16:00:00,17252.36574464647,16041.300438043869,12546.764790493065
forecast_0377,2025-01-16 17:00:00,17557.25397233144,16514.224220959582,13651.31137257096
forecast_0378,2025-01-16 18:00:00,17787.907943530437,16868.77849739247,13996.605136331616
forecast_0379,2025-01-16 19:00:00,16698.085926575026,15815.163602662251,12597.539196367417
forecast_0380,2025-01-16 20:00:00,12799.68851880576,13109.81101140656,9459.372780617152
forecast_0381,2025-01-16 21:00:00,12018.570466001043,11615.318285051158,8258.582527256174
forecast_0382,2025-01-16 22:00:00,10277.396265853668,9881.276708168734,7088.19277836892
forecast_0383,2025-01-16 23:00:00,8094.054879826618,7276.051119133077,5078.029528777267
forecast_0384,2025-01-17 00:00:00,5455.891245331254,4537.260419643814,2947.756361539873
forecast_0385,2025-01-17 01:00:00,3348.6464808425276,2295.380536388082,1761.4032412701365
forecast_0386,2025-01-17 02:00:00,2107.032926054819,1679.0807066494533,1111.0653933496553
forecast_0387,2025-01-17 03:00:00,1617.7563034346165,1075.7319955878233,1064.3592831570318
forecast_0388,2025-01-17 04:00:00,1440.0226822979241,1070.2476228401429,1025.9867452570654
forecast_0389,2025-01-17 05:00:00,1304.0346115534142,980.106762112437,789.7252968809796
forecast_0390,2025-01-17 06:00:00,1419.118482426944,1050.19036571671,716.6981906246847
forecast_0391,2025-01-17 07:00:00,1602.7190689271506,1251.7984508503323,865.149403602462
forecast_0392,2025-01-17 08:00:00,1795.0588352045327,1385.1037344495098,777.7899208379104
forecast_0393,2025-01-17 09:00:00,1226.122677461926,1223.3015891702219,576.7962633352281
forecast_0394,2025-01-17 10:00:00,899.2415933361457,773.4735315259235,463.5556913261601
forecast_0395,2025-01-17 11:00:00,541.2672889019617,688.2300767481618,500.6033073500279
forecast_0396,2025-01-17 12:00:00,567.6723840152576,653.7010412510809,433.1033818939683
forecast_0397,2025-01-17 13:00:00,1008.9869373315622,889.9508517745309,656.1053837648026
forecast_0398,2025-01-17 14:00:00,1587.509213059903,1226.7856456845213,1043.9899689860895
forecast_0399,2025-01-17 15:00:00,2010.9807562805058,1816.0578295442153,1391.358815043482
forecast_0400,2025-01-17 16:00:00,3868.690888704927,3311.7571557918604,2280.9015035784014
forecast_0401,2025-01-17 17:00:00,7201.629106271559,7048.2742648343465,4398.570787755046
forecast_0402,2025-01-17 18:00:00,9123.99240593814,8711.92572813227,6130.279630062962
forecast_0403,2025-01-17 19:00:00,11563.660693976284,11672.28526476862,7976.576918971636
forecast_0404,2025-01-17 20:00:00,12731.70038531438,12647.047883341973,9040.689912278887
forecast_0405,2025-01-17 21:00:00,13920.630265480486,13284.894432144669,9216.89098846946
forecast_0406,2025-01-17 22:00:00,14204.219954086744,13090.765008086479,8933.173665756585
forecast_0407,2025-01-17 23:00:00,13823.878289794793,12813.640662571668,9249.738747811194
forecast_0408,2025-01-18 00:00:00,14102.822484113516,12503.099310800042,9209.517594946345
forecast_0409,2025-01-18 01:00:00,12079.946636334991,9286.62355524159,6371.9280901270795
forecast_0410,2025-01-18 02:00:00,12170.996999829134,9305.459414197756,6180.872586585099
forecast_0411,2025-01-18 03:00:00,13908.427220720829,10935.271491920099,8156.247031943248
forecast_0412,2025-01-18 04:00:00,15532.363877450338,13207.38247658345,10033.546812697954
forecast_0413,2025-01-18 05:00:00,17190.997365487812,14423.52899328294,10713.938372072287
forecast_0414,2025-01-18 06:00:00,14726.157679397766,12612.83630611002,7981.272924344374
forecast_0415,2025-01-18 07:00:00,13092.921338620234,10427.817634182462,6494.914309861896
forecast_0416,2025-01-18 08:00:00,9950.644358953747,7344.23830039899,4563.384136293947
forecast_0417,2025-01-18 09:00:00,5711.430646767604,4557.867302113794,2561.1301824895886
forecast_0418,2025-01-18 10:00:00,4578.3396472002,3371.6344706123987,1929.090000588364
forecast_0419,2025-01-18 11:00:00,3673.7533710320504,2814.4614130677674,1771.094925381252
forecast_0420,2025-01-18 12:00:00,3601.2678931296846,3393.0992360431424,2709.712907658117
forecast_0421,2025-01-18 13:00:00,3397.996952953156,3018.4547429669947,2382.5091917438117
forecast_0422,2025-01-18 14:00:00,3027.6056278370334,2669.5492013471417,1882.474577905856
forecast_0423,2025-01-18 15:00:00,3349.2714151355394,3072.243118789771,2301.1679051000456
forecast_0424,2025-01-18 16:00:00,4802.79732592933,5479.312047674482,3353.1279437283074
forecast_0425,2025-01-18 17:00:00,9046.088583482686,9293.29092188134,5416.968878829461
forecast_0426,2025-01-18 18:00:00,14911.424558958,12890.538750773292,9486.667342960789
forecast_0427,2025-01-18 19:00:00,16832.32976298892,15591.09619348268,11261.029628403092
forecast_0428,2025-01-18 20:00:00,18429.564125822733,16859.074579851065,12085.847625325565
forecast_0429,2025-01-18 21:00:00,19364.385186294912,17845.59982584331,12765.07370968002
forecast_0430,2025-01-18 22:00:00,19444.92785506026,17749.74112289446,13272.064644307968
forecast_0431,2025-01-18 23:00:00,17379.738085661094,17123.195109174485,11660.349323986253
forecast_0432,2025-01-19 00:00:00,17269.75280492551,16624.26202934001,10802.349956449632
forecast_0433,2025-01-19 01:00:00,17097.332807854735,15636.917123861613,10383.532075701733
forecast_0434,2025-01-19 02:00:00,17022.238496963204,16332.689351287438,10383.91020343035
forecast_0435,2025-01-19 03:00:00,17914.206580264134,16632.988522703738,11231.761891589575
forecast_0436,2025-01-19 04:00:00,19464.972957833153,17791.02404458622,12227.004876326582
forecast_0437,2025-01-19 05:00:00,19207.7508330442,17883.883397095753,12457.73695623391
forecast_0438,2025-01-19 06:00:00,19513.818435919926,17783.552810172874,12399.567505690133
forecast_0439,2025-01-19 07:00:00,19851.023290072444,18143.084837973587,12754.429690624169
forecast_0440,2025-01-19 08:00:00,19149.68178586193,17438.663091962007,11988.537598531479
forecast_0441,2025-01-19 09:00:00,17528.137035875046,15958.595852884391,10567.38011158919
forecast_0442,2025-01-19 10:00:00,15396.583208226613,12973.937861368,9280.9048953613
forecast_0443,2025-01-19 11:00:00,13349.935175577275,12294.112936405405,8642.651943912459
forecast_0444,2025-01-19 12:00:00,11988.605103448308,11360.091634674922,8395.659229519217
forecast_0445,2025-01-19 13:00:00,10414.954322472942,10424.644209068107,7238.903988548331
forecast_0446,2025-01-19 14:00:00,9487.388828446568,9635.44121758603,6753.257336324421
forecast_0447,2025-01-19 15:00:00,7739.6384944018,8067.090939496426,5128.354599715416
forecast_0448,2025-01-19 16:00:00,7562.408548278522,8450.903673565774,5663.440251654361
forecast_0449,2025-01-19 17:00:00,10731.90664468578,10840.881391303965,8028.8933726983
forecast_0450,2025-01-19 18:00:00,12670.84012172263,12619.420052305959,9788.247610205086
forecast_0451,2025-01-19 19:00:00,12805.092761907732,13488.06488528638,9847.891994937507
forecast_0452,2025-01-19 20:00:00,13214.777257211701,12834.05639691302,8719.93906691053
forecast_0453,2025-01-19 21:00:00,13010.643031666583,13370.057107472689,9584.216296499764
forecast_0454,2025-01-19 22:00:00,12624.278442895136,13320.264316503657,7920.627749865598
forecast_0455,2025-01-19 23:00:00,11947.91671790974,11760.792467861465,7851.859010709451
forecast_0456,2025-01-20 00:00:00,10871.53840440753,11180.132045689075,7023.066768780878
forecast_0457,2025-01-20 01:00:00,9826.338938936777,8726.988989111429,6015.820312257145
forecast_0458,2025-01-20 02:00:00,8986.28657377979,7607.043210338139,5302.807840904373
forecast_0459,2025-01-20 03:00:00,6668.042959700603,5523.032483417067,4098.31624695049
forecast_0460,2025-01-20 04:00:00,5193.297894458079,4798.432706869708,2873.429090376863
forecast_0461,2025-01-20 05:00:00,4328.443992080531,3625.2501695605306,2070.6149775557215
forecast_0462,2025-01-20 06:00:00,2688.5422490987735,2124.3661141568887,1381.725000694123
forecast_0463,2025-01-20 07:00:00,2022.443733729312,1563.0633694331366,1210.832179778225
forecast_0464,2025-01-20 08:00:00,1319.2475253859302,1067.4527876916052,789.6917104688075
forecast_0465,2025-01-20 09:00:00,1038.3604607987988,762.3229030335976,428.36657314739017
forecast_0466,2025-01-20 10:00:00,644.3932163259116,633.6172076096685,212.74665963849324
forecast_0467,2025-01-20 11:00:00,247.0530286398111,277.6122205029153,145.99443535872106
forecast_0468,2025-01-20 12:00:00,223.25626366930598,197.96260099829442,112.40531090738898
forecast_0469,2025-01-20 13:00:00,215.68645701464226,224.63905973712775,107.62728156498807
forecast_0470,2025-01-20 14:00:00,173.93391042415175,205.2728639612368,129.46355723859367
forecast_0471,2025-01-20 15:00:00,141.9625574818426,152.04948255175114,125.37972140000844
forecast_0472,2025-01-20 16:00:00,254.2641553501298,278.5644379443658,170.25591707106253
forecast_0473,2025-01-20 17:00:00,401.3349787865638,337.81110086054724,142.6845287116178
forecast_0474,2025-01-20 18:00:00,361.0966651094826,292.3034669525492,122.57916344919064
forecast_0475,2025-01-20 19:00:00,381.49409292826647,277.0618449418059,141.81134289090417
forecast_0476,2025-01-20 20:00:00,497.1481661563995,384.59344707040975,187.3565727851022
forecast_0477,2025-01-20 21:00:00,752.2736673293698,942.0264681908792,319.1780598364898
forecast_0478,2025-01-20 22:00:00,1473.519329085201,1506.082929310616,925.1810379462482
forecast_0479,2025-01-20 23:00:00,1683.6559531604673,1749.9125404315498,1080.9314750194378
forecast_0480,2025-01-21 00:00:00,1742.4152311625498,1652.012092209311,1012.1027002768249
forecast_0481,2025-01-21 01:00:00,2418.7471037100954,2463.460432797336,1469.9670713283876
forecast_0482,2025-01-21 02:00:00,2902.499726865485,2765.621790219036,1593.9618402627282
forecast_0483,2025-01-21 03:00:00,2885.1587099490157,2732.618627836705,1597.8837808166215
forecast_0484,2025-01-21 04:00:00,3537.2875238021534,3079.689669862685,1936.3666894280052
forecast_0485,2025-01-21 05:00:00,3681.937593333572,3144.904987691143,2226.270507935584
forecast_0486,2025-01-21 06:00:00,4025.4006779740375,2747.311747968942,2087.447707576758
forecast_0487,2025-01-21 07:00:00,3476.33466698305,2113.496051146044,1733.4976175787385
forecast_0488,2025-01-21 08:00:00,2594.330319161442,1861.899546583756,1620.6789998550844
forecast_0489,2025-01-21 09:00:00,2056.040008269692,1386.8552200029333,1080.6039162802317
forecast_0490,2025-01-21 10:00:00,1589.0925158113887,1050.6450316619412,892.0292201274086
forecast_0491,2025-01-21 11:00:00,1346.194016527483,942.0521810731525,921.7600574953176
forecast_0492,2025-01-21 12:00:00,1491.1375454777353,1159.0998512937438,881.1881293705064
forecast_0493,2025-01-21 13:00:00,1698.150766831048,1155.2060450424183,850.5964033536657
forecast_0494,2025-01-21 14:00:00,2096.5855072891163,2092.3018624623096,1744.6542413880024
forecast_0495,2025-01-21 15:00:00,3680.1453741536448,2914.317152094618,2227.4492984482813
forecast_0496,2025-01-21 16:00:00,4109.97641210865,3710.939035826706,2494.766866741255
forecast_0497,2025-01-21 17:00:00,4918.322356565796,4545.321086056782,2767.758702325677
forecast_0498,2025-01-21 18:00:00,6447.588725439887,6454.01787973933,3801.126298975057
forecast_0499,2025-01-21 19:00:00,9670.906447421288,9745.755933324312,5743.127968437878
forecast_0500,2025-01-21 20:00:00,11183.53464415841,10843.333425380097,7058.00427751978
forecast_0501,2025-01-21 21:00:00,11856.8514197242,12483.522393690824,8520.546315413312
forecast_0502,2025-01-21 22:00:00,11997.981608784545,13364.860680839094,9188.950866882931
forecast_0503,2025-01-21 23:00:00,11966.199307932256,13397.947437717847,9479.667382256901
forecast_0504,2025-01-22 00:00:00,12270.426885437786,13438.298552100769,8620.666339744443
forecast_0505,2025-01-22 01:00:00,9522.770096890968,9589.353851405018,6215.995158547136
forecast_0506,2025-01-22 02:00:00,10383.681958585541,11262.951013548032,7293.899046911626
forecast_0507,2025-01-22 03:00:00,12104.59655467646,12889.278896325382,8566.688974884972
forecast_0508,2025-01-22 04:00:00,13582.829645618696,14491.521253306959,9601.462812831174
forecast_0509,2025-01-22 05:00:00,14663.763035207725,14559.188453395684,10589.45762890991
forecast_0510,2025-01-22 06:00:00,15724.385126325547,15559.157892432539,10385.418973165119
forecast_0511,2025-01-22 07:00:00,15493.402809041716,15218.889766020166,11124.845272582668
forecast_0512,2025-01-22 08:00:00,14078.076146893021,14627.017107414264,11093.389187585912
forecast_0513,2025-01-22 09:00:00,11698.759204109178,11527.903736579794,9199.803748804587
forecast_0514,2025-01-22 10:00:00,11982.727884107378,12226.897185142228,9498.324621492668
forecast_0515,2025-01-22 11:00:00,11260.974420475977,10465.884052452551,9063.781462786883
forecast_0516,2025-01-22 12:00:00,8601.296957835699,8462.797511165554,6727.075483384634
forecast_0517,2025-01-22 13:00:00,6981.280189132919,5752.870951292893,4404.581860880368
forecast_0518,2025-01-22 14:00:00,5264.950030253764,4141.417617302997,3379.8627855948184
forecast_0519,2025-01-22 15:00:00,4195.066405790829,3356.7105745519907,2782.8161255609807
forecast_0520,2025-01-22 16:00:00,5547.544493174887,4368.2225112922215,3529.9198238281024
forecast_0521,2025-01-22 17:00:00,6302.812972619076,5915.355246383568,4991.216571872841
forecast_0522,2025-01-22 18:00:00,8041.8027525451,8123.650388240203,4848.659071924178
forecast_0523,2025-01-22 19:00:00,8277.225761881684,9138.052497844954,4441.593266097243
forecast_0524,2025-01-22 20:00:00,7893.895445624548,9001.02630807411,4299.102542738083
forecast_0525,2025-01-22 21:00:00,7585.665795639235,9543.436608198614,4443.1833437877885
forecast_0526,2025-01-22 22:00:00,8638.240448074212,9448.739013251005,4887.154594005875
forecast_0527,2025-01-22 23:00:00,9642.101361385041,9799.547040056159,5040.133065132306
forecast_0528,2025-01-23 00:00:00,10342.539913559202,10214.444834127911,5192.062746609086
forecast_0529,2025-01-23 01:00:00,13267.288034099054,12949.02970013973,7662.589524456307
forecast_0530,2025-01-23 02:00:00,13124.30539586711,13025.266048181064,7612.775650439509
forecast_0531,2025-01-23 03:00:00,12787.241538911561,12522.989222073895,7640.161505096176
forecast_0532,2025-01-23 04:00:00,11681.56043512487,12038.916107664518,6578.044750496293
forecast_0533,2025-01-23 05:00:00,10928.968134845203,11526.948278222138,6474.0130964642885
forecast_0534,2025-01-23 06:00:00,10333.169277799625,11397.753672671974,6025.266018882508
forecast_0535,2025-01-23 07:00:00,10166.72152514382,11275.324642187768,5791.540392150879
forecast_0536,2025-01-23 08:00:00,8791.309650631572,9655.911092524155,5202.125920904836
forecast_0537,2025-01-23 09:00:00,6794.967697241827,7893.94773652164,3911.463329606781
forecast_0538,2025-01-23 10:00:00,5364.302841678304,4963.904017507973,2441.4313737217326
forecast_0539,2025-01-23 11:00:00,3950.721126532711,3884.4109348707743,2283.852059711807
forecast_0540,2025-01-23 12:00:00,3628.0633051720033,3493.5910510827366,1866.5779013528945
forecast_0541,2025-01-23 13:00:00,3225.042141263124,2760.374544061664,1749.1548972615126
forecast_0542,2025-01-23 14:00:00,2552.5784716182484,2319.5281777123173,1592.0064558686324
forecast_0543,2025-01-23 15:00:00,2330.4150016401322,1968.168958946683,1285.1132483299782
forecast_0544,2025-01-23 16:00:00,1620.6393199985719,1277.380227378178,892.5070595500839
forecast_0545,2025-01-23 17:00:00,1819.4307954232809,1591.0428527143272,1103.1581927096463
forecast_0546,2025-01-23 18:00:00,2489.73782103535,2164.3036268765904,1495.0696586236897
forecast_0547,2025-01-23 19:00:00,2957.3834104314997,2617.5363204174328,1589.6841819542512
forecast_0548,2025-01-23 20:00:00,2694.1260116532517,2401.103960948141,1340.8706235256057
forecast_0549,2025-01-23 21:00:00,2881.6318136499603,1978.173618764305,1362.7800816771085
forecast_0550,2025-01-23 22:00:00,3044.760277773722,2558.8257872114923,1707.639866137456
forecast_0551,2025-01-23 23:00:00,3444.6014909133305,3141.760370567069,1880.8726265583055
forecast_0552,2025-01-24 00:00:00,2779.585117022412,2356.7892587346823,1429.4769585160425
forecast_0553,2025-01-24 01:00:00,1193.5119274383878,862.8394474565437,551.0822528495138
forecast_0554,2025-01-24 02:00:00,1662.716784223619,1142.6782957284863,655.4273488358223
forecast_0555,2025-01-24 03:00:00,1589.276862551972,993.8030038946707,585.1951857141669
forecast_0556,2025-01-24 04:00:00,1355.6534745326155,923.9290599053071,486.5555579039357
forecast_0557,2025-01-24 05:00:00,730.285099837112,535.3496890279905,203.69986788540155
forecast_0558,2025-01-24 06:00:00,694.3634744150246,538.7761964135223,158.3894255719975
forecast_0559,2025-01-24 07:00:00,959.0345717819944,733.0754277220595,158.6185722048928
forecast_0560,2025-01-24 08:00:00,829.3239997618415,716.9843345806864,162.0393391563724
forecast_0561,2025-01-24 09:00:00,625.1573177071843,434.259281484947,144.8698675510914
forecast_0562,2025-01-24 10:00:00,243.57245635744843,204.4918640748159,132.75449095978533
forecast_0563,2025-01-24 11:00:00,147.84533712014107,140.11604598800167,104.46812163099932
forecast_0564,2025-01-24 12:00:00,143.7931074545904,147.15404515155197,128.43079555130072
forecast_0565,2025-01-24 13:00:00,279.00974190258876,380.48140309056873,249.77624984376604
forecast_0566,2025-01-24 14:00:00,357.56436471273656,470.6071865043845,444.8858339280993
forecast_0567,2025-01-24 15:00:00,418.44727312319134,376.9187379306777,439.4198220708554
forecast_0568,2025-01-24 16:00:00,398.8828272108203,352.052363940019,327.92683698661114
forecast_0569,2025-01-24 17:00:00,779.3931722728026,669.2083261254671,382.6806917137468
forecast_0570,2025-01-24 18:00:00,996.5300435999445,870.2482289606112,398.8575656834589
forecast_0571,2025-01-24 19:00:00,1333.0388942539223,1288.8887722381903,679.6465870845718
forecast_0572,2025-01-24 20:00:00,1588.1842099789942,1601.397910539541,907.2779279181935
forecast_0573,2025-01-24 21:00:00,2094.6000035948073,2063.6724876066055,867.8831818142694
forecast_0574,2025-01-24 22:00:00,1818.3244848607906,1815.2440794092104,865.7610449751423
forecast_0575,2025-01-24 23:00:00,2131.193040882698,2340.3134450724488,1498.0285118894542
forecast_0576,2025-01-25 00:00:00,2444.537961187839,2719.782875435928,2324.6516527623103
forecast_0577,2025-01-25 01:00:00,651.574026293059,789.2497342254828,805.3443517876475
forecast_0578,2025-01-25 02:00:00,880.1977760416809,914.3502129596054,916.6320953390665
forecast_0579,2025-01-25 03:00:00,750.8546250547329,1016.3017930955391,793.5211458666872
forecast_0580,2025-01-25 04:00:00,938.8274377181997,1280.2608914083776,1158.283397730638
forecast_0581,2025-01-25 05:00:00,1217.3348644254443,1261.003575293534,1385.0287466901302
forecast_0582,2025-01-25 06:00:00,1359.4651719891683,1543.65449275033,1402.611603722081
forecast_0583,2025-01-25 07:00:00,1466.9557407829761,1857.03327468893,1623.1451669887945
forecast_0584,2025-01-25 08:00:00,1321.5920411659242,1808.331122345917,1375.9026561093406
forecast_0585,2025-01-25 09:00:00,1388.6667282358878,1619.3526265451333,1392.7543785395444
forecast_0586,2025-01-25 10:00:00,1197.9314680283783,1437.8066706699353,912.3488822067084
forecast_0587,2025-01-25 11:00:00,1120.2051490784709,1472.9213301451346,1065.4686889053378
forecast_0588,2025-01-25 12:00:00,968.0422392128604,1110.1863176736326,921.7971988212139
forecast_0589,2025-01-25 13:00:00,773.6077730007657,941.8500552553625,625.8648290409579
forecast_0590,2025-01-25 14:00:00,691.9581860290964,782.4342546948384,473.8426193890895
forecast_0591,2025-01-25 15:00:00,782.4741938632627,799.2528733773747,417.53280314635026
forecast_0592,2025-01-25 16:00:00,752.1598151822086,798.2622300728152,488.68537851205156
forecast_0593,2025-01-25 17:00:00,1123.7927536989896,1181.805450503105,725.3564245409319
forecast_0594,2025-01-25 18:00:00,1101.5988909801774,1409.033907672504,1010.6035297569466
forecast_0595,2025-01-25 19:00:00,1504.1856444278112,1899.2481651331022,1044.564107332229
forecast_0596,2025-01-25 20:00:00,1807.8216001710987,2052.902000882168,1272.5207172849775
forecast_0597,2025-01-25 21:00:00,2402.2466177877163,2703.1818322405547,1998.9426393121487
forecast_0598,2025-01-25 22:00:00,2991.140639915611,2841.603505643162,2537.4992127954783
forecast_0599,2025-01-25 23:00:00,3018.3816664414526,2934.346672221647,2158.7261157659646
forecast_0600,2025-01-26 00:00:00,2827.2240379618097,2889.256231937437,2181.6842045613644
forecast_0601,2025-01-26 01:00:00,2910.3016348501387,3371.1904703325986,2661.776774338183
forecast_0602,2025-01-26 02:00:00,2879.1011246206376,3009.72415322167,2372.1563376037016
forecast_0603,2025-01-26 03:00:00,2628.2475159953847,2848.812388096417,2189.603973708133
forecast_0604,2025-01-26 04:00:00,2402.2351769479133,2411.588286245064,1364.4591833086008
forecast_0605,2025-01-26 05:00:00,2532.604007613738,2923.633370081323,1458.514831785017
forecast_0606,2025-01-26 06:00:00,2691.983143251401,2795.194016971643,1279.8622381433681
forecast_0607,2025-01-26 07:00:00,2611.415344620586,2727.2163528065894,1180.198765731002
forecast_0608,2025-01-26 08:00:00,2283.638610373177,2206.4604407154275,1018.9648800160168
forecast_0609,2025-01-26 09:00:00,1709.3329844210907,1610.622023313807,841.054696697728
forecast_0610,2025-01-26 10:00:00,930.992139012938,1162.4218321047906,684.232853328276
forecast_0611,2025-01-26 11:00:00,1022.4865660692194,1246.8304161230872,743.6421660069285
forecast_0612,2025-01-26 12:00:00,935.148073400462,1060.5827942424105,664.4281297283087
forecast_0613,2025-01-26 13:00:00,569.790066640837,731.9075093306019,489.6003030827744
forecast_0614,2025-01-26 14:00:00,453.2173837591942,538.8016703026941,309.0714172519545
forecast_0615,2025-01-26 15:00:00,344.9245805822409,373.38347311967965,164.4247162691386
forecast_0616,2025-01-26 16:00:00,287.9627641513004,304.8751502787779,161.2024658022851
forecast_0617,2025-01-26 17:00:00,315.6254660776184,362.32196331109805,128.60416137505354
forecast_0618,2025-01-26 18:00:00,379.5345228019795,363.2725425361477,105.5603210121302
forecast_0619,2025-01-26 19:00:00,401.68835096205913,363.981596578553,112.09863873896656
forecast_0620,2025-01-26 20:00:00,489.3157485646457,437.55163479115026,126.96351806318091
forecast_0621,2025-01-26 21:00:00,820.6880906620137,748.6762242040985,270.65519424503253
forecast_0622,2025-01-26 22:00:00,1021.9791659020697,807.5326900143799,307.4156383027984
forecast_0623,2025-01-26 23:00:00,993.2220080826066,760.3328173591358,296.4537264841468
forecast_0624,2025-01-27 00:00:00,927.8523157935437,875.5738131345006,364.07424652309805
forecast_0625,2025-01-27 01:00:00,856.7751052427027,804.3354760770998,333.8841155593078
forecast_0626,2025-01-27 02:00:00,919.8523113944048,890.9623992948731,387.9271862295258
forecast_0627,2025-01-27 03:00:00,1181.709907164825,1080.1254232584308,453.16636335967644
forecast_0628,2025-01-27 04:00:00,2396.9149279338576,1866.985670142005,574.8818462435632
forecast_0629,2025-01-27 05:00:00,2600.667419272642,1916.5527539217135,620.4731962054827
forecast_0630,2025-01-27 06:00:00,2416.2866803376555,1897.827946350461,630.6521031975835
forecast_0631,2025-01-27 07:00:00,2541.786689474415,1832.3024806560618,808.0709664498909
forecast_0632,2025-01-27 08:00:00,3179.424811242161,2433.2217281516087,1031.8241194734037
forecast_0633,2025-01-27 09:00:00,3360.9651551412608,2577.419686960345,1529.9404246517904
forecast_0634,2025-01-27 10:00:00,2883.7940601926393,2650.490093092354,1217.320698381158
forecast_0635,2025-01-27 11:00:00,3820.60894394444,4347.1866782610105,2631.0384710587064
forecast_0636,2025-01-27 12:00:00,6532.794601619238,6306.797932740681,4559.965669683386
forecast_0637,2025-01-27 13:00:00,9752.18381342255,10226.19201194213,8764.538144725204
forecast_0638,2025-01-27 14:00:00,14968.45897415598,13201.829015732408,11363.95191882772
forecast_0639,2025-01-27 15:00:00,16987.105718022896,16373.077879230697,13491.203507423772
forecast_0640,2025-01-27 16:00:00,17512.277377891864,16731.569931324066,13917.244679861848
forecast_0641,2025-01-27 17:00:00,17236.143813796964,16992.08857854643,14253.539807011139
forecast_0642,2025-01-27 18:00:00,17487.89789494192,17034.605416450555,13639.07726275895
forecast_0643,2025-01-27 19:00:00,17460.777539233015,17334.551569108055,13039.797219996342
forecast_0644,2025-01-27 20:00:00,17156.232684896855,17284.307993708735,13476.429921098143
forecast_0645,2025-01-27 21:00:00,17315.50827930459,17354.494862096744,13883.542905590173
forecast_0646,2025-01-27 22:00:00,17354.03405811422,17658.14965850079,14068.430738769885
forecast_0647,2025-01-27 23:00:00,17190.008666044578,17784.5519002471,14288.305874445748
forecast_0648,2025-01-28 00:00:00,17636.961003263445,17597.249491670107,14739.536322244976
forecast_0649,2025-01-28 01:00:00,17561.10920925776,17229.854400801836,13692.202221521113
forecast_0650,2025-01-28 02:00:00,17558.97194655611,17407.288047489186,13733.853981774775
forecast_0651,2025-01-28 03:00:00,17873.307804281965,17245.914563811817,13218.647302709187
forecast_0652,2025-01-28 04:00:00,17798.82882853394,17900.92214779477,13351.323848939714
forecast_0653,2025-01-28 05:00:00,17430.506991689144,18085.75894613858,13632.161751366122
forecast_0654,2025-01-28 06:00:00,16994.287179286228,17603.04836891695,13867.680743172998
forecast_0655,2025-01-28 07:00:00,16578.123476507822,17589.678090608737,14228.08397333915
forecast_0656,2025-01-28 08:00:00,16198.098368623438,17446.107873316145,12242.641763696869
forecast_0657,2025-01-28 09:00:00,16253.430545727922,16719.86500392815,12108.733227595932
forecast_0658,2025-01-28 10:00:00,15982.51311076478,16812.13920629277,11598.203923665804
forecast_0659,2025-01-28 11:00:00,16183.269702585627,16730.085447670117,11545.055313514673
forecast_0660,2025-01-28 12:00:00,16060.821569100679,16765.012950317352,11720.483466608923
forecast_0661,2025-01-28 13:00:00,15863.609878872714,16590.966458283783,11597.011087198134
forecast_0662,2025-01-28 14:00:00,15928.421093894156,16452.91054131954,11287.69398204505
forecast_0663,2025-01-28 15:00:00,15774.284525040923,16220.053764712517,11261.899478586483
forecast_0664,2025-01-28 16:00:00,15562.45481083984,15649.159964452341,11527.8251466207
forecast_0665,2025-01-28 17:00:00,15932.934522648557,15564.969061969765,11418.799002044849
forecast_0666,2025-01-28 18:00:00,15764.176186656516,15278.236980544392,12009.094723542938
forecast_0667,2025-01-28 19:00:00,15878.6291934173,15377.930966339436,12689.745928185646
forecast_0668,2025-01-28 20:00:00,16140.4282217113,16948.852190843747,13400.908347128587
forecast_0669,2025-01-28 21:00:00,16097.84016668933,17845.71345692423,13284.338778085947
forecast_0670,2025-01-28 22:00:00,16559.192980095773,17756.109024388563,14204.018091295326
forecast_0671,2025-01-28 23:00:00,17121.31772814086,17986.95109892691,14264.757525975352
forecast_0672,2025-01-29 00:00:00,17263.117879972888,18144.850798673564,14418.680025285981
forecast_0673,2025-01-29 01:00:00,17627.76799335747,17882.028604061627,14271.15373603782
forecast_0674,2025-01-29 02:00:00,17547.300600981245,17844.61185637704,14414.471240365709
forecast_0675,2025-01-29 03:00:00,17620.744988530078,17619.677890387684,14287.710401660457
forecast_0676,2025-01-29 04:00:00,17693.989929960873,17828.47746816745,14071.02919966685
forecast_0677,2025-01-29 05:00:00,17791.178764843953,17723.990260353097,13964.910554186848
forecast_0678,2025-01-29 06:00:00,17850.20849248897,17799.279826453334,13910.520127318623
forecast_0679,2025-01-29 07:00:00,18230.723064802914,17955.6336661776,13876.149426255379
forecast_0680,2025-01-29 08:00:00,17931.021580618522,18273.183417873355,13615.90430745683
forecast_0681,2025-01-29 09:00:00,17825.68547964115,18169.572678000095,13614.091875713717
forecast_0682,2025-01-29 10:00:00,17439.08367739938,17760.69824528584,13496.035979653478
forecast_0683,2025-01-29 11:00:00,16781.411405626022,16236.49184924184,13153.02016309286
forecast_0684,2025-01-29 12:00:00,16928.405550571453,17148.537162593628,12972.706274847082
forecast_0685,2025-01-29 13:00:00,17101.770559585133,17391.95058899607,12556.597991330993
forecast_0686,2025-01-29 14:00:00,16872.663517493187,16994.034466873054,12964.455754898432
forecast_0687,2025-01-29 15:00:00,16572.02199720884,16381.330640691924,12575.667775659538
forecast_0688,2025-01-29 16:00:00,16110.502306557666,16048.680961752438,12617.200772847711
forecast_0689,2025-01-29 17:00:00,16194.545539761051,16211.923049648782,12504.734495753546
forecast_0690,2025-01-29 18:00:00,16087.557777227063,16138.07366381841,12823.431028230714
forecast_0691,2025-01-29 19:00:00,15948.330163780165,16166.324867024387,12723.007376268708
forecast_0692,2025-01-29 20:00:00,15775.032789541487,15775.193793789855,12530.114187010033
forecast_0693,2025-01-29 21:00:00,15674.4927974273,15895.557106450698,12450.639915963533
forecast_0694,2025-01-29 22:00:00,15505.98307841816,15883.0637029932,12317.813563810725
forecast_0695,2025-01-29 23:00:00,15350.315687684866,15837.808412146256,12538.447609075823
forecast_0696,2025-01-30 00:00:00,15218.882385556655,15999.469323175928,12548.546437075905
forecast_0697,2025-01-30 01:00:00,16166.193930783358,16399.866132698608,12534.175001263993
forecast_0698,2025-01-30 02:00:00,16113.609321396038,16605.81093799509,12349.04517833677
forecast_0699,2025-01-30 03:00:00,15757.299136669311,16359.077216686603,11930.088644499645
forecast_0700,2025-01-30 04:00:00,15120.859282953288,16193.344747111047,11634.252793022688
forecast_0701,2025-01-30 05:00:00,14964.810144320836,16399.917152955648,11500.525978150728
forecast_0702,2025-01-30 06:00:00,15024.814781724652,16358.978112730008,11470.594485329913
forecast_0703,2025-01-30 07:00:00,15454.986995284242,16114.380059436273,11379.232775901797
forecast_0704,2025-01-30 08:00:00,15662.032839296247,16260.234959761654,11717.01705942047
forecast_0705,2025-01-30 09:00:00,16097.18474488957,16282.462875153371,12037.368259345338
forecast_0706,2025-01-30 10:00:00,15975.507141014034,15900.899728752813,11841.387437373625
forecast_0707,2025-01-30 11:00:00,16053.439938906107,15706.6279911675,11141.124545625586
forecast_0708,2025-01-30 12:00:00,15879.987223350567,14701.42013872112,10734.244335889938
forecast_0709,2025-01-30 13:00:00,15694.007112308162,13903.917200150952,10026.417142035092
forecast_0710,2025-01-30 14:00:00,15850.369876123656,14229.772006284096,10962.146513572172
forecast_0711,2025-01-30 15:00:00,15665.337851706949,14071.112628304978,11277.212676006195
forecast_0712,2025-01-30 16:00:00,14970.442434544959,14209.66826228012,10825.297103198165
forecast_0713,2025-01-30 17:00:00,15757.167539101349,15261.844210540514,11936.770437925708
forecast_0714,2025-01-30 18:00:00,15447.815393439114,15559.034741912006,12417.294880589408
forecast_0715,2025-01-30 19:00:00,15772.484872410974,15774.083180240123,12987.019780446535
forecast_0716,2025-01-30 20:00:00,16304.206737254734,15860.655936753617,13397.486125465603
forecast_0717,2025-01-30 21:00:00,17060.554849653552,16368.019647113446,13684.953687663243
forecast_0718,2025-01-30 22:00:00,17097.598673818768,16639.38871789259,13697.987458691128
forecast_0719,2025-01-30 23:00:00,16808.855504387713,16116.247145930061,13078.748821979232
forecast_0720,2025-01-31 00:00:00,16506.53977404109,15466.485547690718,13133.796883534435
forecast_0721,2025-01-31 01:00:00,16524.613530161696,16361.16431604664,12591.773874843691
forecast_0722,2025-01-31 02:00:00,15935.774976099676,15734.601964467656,12258.032720568732
forecast_0723,2025-01-31 03:00:00,15381.317490414134,14965.301633847066,11089.237608999929
forecast_0724,2025-01-31 04:00:00,15929.42842768149,15051.092452119601,10796.500454634192
forecast_0725,2025-01-31 05:00:00,14827.86926732907,13805.04422091207,10581.992875524362
forecast_0726,2025-01-31 06:00:00,14460.875133512187,14622.861563417253,11139.02813318893
forecast_0727,2025-01-31 07:00:00,13620.065016526492,13921.383631240109,10582.92399790571
forecast_0728,2025-01-31 08:00:00,14276.926718114903,14458.964460064755,11098.9025760742
forecast_0729,2025-01-31 09:00:00,13529.460140770658,13829.989600371231,10236.126404711495
forecast_0730,2025-01-31 10:00:00,11590.557049722283,12134.677489527,9119.211465732606
forecast_0731,2025-01-31 11:00:00,11547.53363968321,11595.026296188731,8590.800922879507
forecast_0732,2025-01-31 12:00:00,10850.73702130195,11360.242255095109,8363.413001630268
forecast_0733,2025-01-31 13:00:00,9004.757791144433,8856.141750126399,6866.618044826484
forecast_0734,2025-01-31 14:00:00,7928.866728098378,7484.714427433954,5833.900334248881
forecast_0735,2025-01-31 15:00:00,6921.135375236927,6247.336751907183,4234.153087827882
forecast_0736,2025-01-31 16:00:00,4565.548566945847,4652.789853466684,3281.7433882283835
forecast_0737,2025-01-31 17:00:00,3610.0314951928785,3767.8818883523595,2549.45837003873
forecast_0738,2025-01-31 18:00:00,4724.495865848406,5288.989122545307,2449.799049894572
forecast_0739,2025-01-31 19:00:00,4710.955757519506,5150.308121751627,2039.1661421557942
forecast_0740,2025-01-31 20:00:00,4433.048357517834,4453.1678196360435,2131.550599609629
forecast_0741,2025-01-31 21:00:00,5169.132738451335,5340.426418876993,2384.5262237732377
forecast_0742,2025-01-31 22:00:00,4148.98603284782,4988.82981249261,1848.8022259735205
forecast_0743,2025-01-31 23:00:00,4272.712518021574,4965.651401632735,2271.1710844821655
forecast_0744,2025-02-01 00:00:00,3372.0663039676265,3584.6615032870436,1422.0603400839857
forecast_0745,2025-02-01 01:00:00,6876.721598851056,7629.219335803175,3679.537901692507
forecast_0746,2025-02-01 02:00:00,5382.819084353011,6550.590672731338,3244.583117998678
forecast_0747,2025-02-01 03:00:00,4019.6527997221197,4771.001292458731,2414.133207269307
forecast_0748,2025-02-01 04:00:00,2814.6682478322464,2811.652886393514,1551.0617170120838
forecast_0749,2025-02-01 05:00:00,2323.0744020254933,1937.138289706145,1049.6231166056948
forecast_0750,2025-02-01 06:00:00,979.749270676054,1289.4192098188446,498.268428625809
forecast_0751,2025-02-01 07:00:00,646.4080079765714,647.2372848387156,319.23265517168534
forecast_0752,2025-02-01 08:00:00,543.1744834358692,519.7364748187524,183.53467915700654
forecast_0753,2025-02-01 09:00:00,416.4249583567105,416.9525536563981,159.60446339900844
forecast_0754,2025-02-01 10:00:00,306.65443611274964,214.2861343372775,123.92196538040498
forecast_0755,2025-02-01 11:00:00,234.59290075410746,214.76453808440385,129.45069271185406
forecast_0756,2025-02-01 12:00:00,181.8148866885713,170.94154270229848,124.16319873942085
forecast_0757,2025-02-01 13:00:00,175.90784294919052,170.43794663597907,119.06751001485873
forecast_0758,2025-02-01 14:00:00,215.21545619398952,209.08963391682155,140.98775976106973
forecast_0759,2025-02-01 15:00:00,257.3955151924586,262.8332732357196,145.63436280249448
forecast_0760,2025-02-01 16:00:00,416.2092967301706,458.92739464956975,220.7167554771639
forecast_0761,2025-02-01 17:00:00,541.9537713826408,616.3693797397702,283.5369910590142
forecast_0762,2025-02-01 18:00:00,513.5954503728882,534.0590818187356,252.89124528355077
forecast_0763,2025-02-01 19:00:00,505.00306473481,498.57160974038726,183.79201225444908
forecast_0764,2025-02-01 20:00:00,507.42801316476437,448.5504765666934,175.3323394313787
forecast_0765,2025-02-01 21:00:00,494.36784843810926,434.70628292168,171.20622445225925
forecast_0766,2025-02-01 22:00:00,653.7115249744335,501.04808558802563,276.9664172336648
forecast_0767,2025-02-01 23:00:00,516.6465029157921,465.46970534643566,167.00628676352454
forecast_0768,2025-02-02 00:00:00,727.2639864124773,601.9497382101864,224.9862024679609
forecast_0769,2025-02-02 01:00:00,1094.9587448095015,1148.0012324946003,650.1717236254118
forecast_0770,2025-02-02 02:00:00,931.4578926722057,802.8967155453555,557.2150054912497
forecast_0771,2025-02-02 03:00:00,929.2437952114948,685.4694011955637,447.35914009292674
forecast_0772,2025-02-02 04:00:00,717.1892472615118,653.7570657422465,350.3150783915584
forecast_0773,2025-02-02 05:00:00,609.4432982508588,636.0856598551985,260.112091277662
forecast_0774,2025-02-02 06:00:00,657.8748114459826,618.5093720593949,225.02358924211683
forecast_0775,2025-02-02 07:00:00,825.0822083300997,820.9148845970021,265.01027614939585
forecast_0776,2025-02-02 08:00:00,950.8713115039435,919.1542488637397,384.78669989981375
forecast_0777,2025-02-02 09:00:00,618.8369148936473,494.32107944270734,265.116281896808
forecast_0778,2025-02-02 10:00:00,470.03963072305,402.9701725774413,222.4922301273236
forecast_0779,2025-02-02 11:00:00,368.78022906836827,336.74454171268997,195.00931220486046
forecast_0780,2025-02-02 12:00:00,366.524586034172,335.0357039296393,235.60118795705998
forecast_0781,2025-02-02 13:00:00,378.02531927516935,382.37481927564903,295.61189932304825
forecast_0782,2025-02-02 14:00:00,481.279955172955,419.502960380422,336.4453292856471
forecast_0783,2025-02-02 15:00:00,586.4882747576871,578.7310174865355,335.9008604570676
forecast_0784,2025-02-02 16:00:00,957.6050390620953,973.1368142540209,538.7252430637219
forecast_0785,2025-02-02 17:00:00,2080.3902635298173,1593.426192510179,1190.8926084450002
forecast_0786,2025-02-02 18:00:00,3981.7759232754274,2818.137777230537,1824.212939674004
forecast_0787,2025-02-02 19:00:00,7544.0599384559855,7714.810448176432,4787.99080607848
forecast_0788,2025-02-02 20:00:00,9628.444100221937,9563.565605252601,6444.1604164417095
forecast_0789,2025-02-02 21:00:00,10192.847064362282,10117.807642624772,7612.542882187876
forecast_0790,2025-02-02 22:00:00,11603.957164465088,11010.340943114417,9295.37448968481
forecast_0791,2025-02-02 23:00:00,13453.857095683517,13324.198666922974,9755.754979422783
forecast_0792,2025-02-03 00:00:00,14694.807348883749,13663.586631127177,10302.079248124242
forecast_0793,2025-02-03 01:00:00,17427.978425326317,16529.24134307102,11248.042151093638
forecast_0794,2025-02-03 02:00:00,17004.859395471576,16218.414507649853,12269.801013346765
forecast_0795,2025-02-03 03:00:00,16711.04011683174,16065.045308563685,12107.173274434772
forecast_0796,2025-02-03 04:00:00,16872.9834390673,15842.813904408173,11954.143071380347
forecast_0797,2025-02-03 05:00:00,15811.656601710712,14867.365817775852,12665.184731485831
forecast_0798,2025-02-03 06:00:00,16188.524719458988,15042.928699733662,11875.598469977705
forecast_0799,2025-02-03 07:00:00,15690.061464688557,15120.60200223983,12062.957155877997
forecast_0800,2025-02-03 08:00:00,15783.780165928398,15647.331694820623,11603.003119916466
forecast_0801,2025-02-03 09:00:00,15758.455516447868,16549.897876349725,11906.478844341385
forecast_0802,2025-02-03 10:00:00,15986.506582383467,16201.035662590473,11416.821916778426
forecast_0803,2025-02-03 11:00:00,16080.208088768863,14600.642823194987,10617.29223437053
forecast_0804,2025-02-03 12:00:00,15336.580250257799,14203.073257992768,10460.799854825025
forecast_0805,2025-02-03 13:00:00,15490.823017749051,13866.836701297772,10253.795229353931
forecast_0806,2025-02-03 14:00:00,15545.235516805324,13484.34690602049,10945.890560261532
forecast_0807,2025-02-03 15:00:00,15605.494015047747,13780.06381669813,10678.18322347009
forecast_0808,2025-02-03 16:00:00,15609.313086705573,13949.156640588344,10454.92873577424
forecast_0809,2025-02-03 17:00:00,15731.66451080999,13984.705500559496,10871.603660676405
forecast_0810,2025-02-03 18:00:00,15599.767691909889,14593.969486153374,11647.938003032352
forecast_0811,2025-02-03 19:00:00,15718.047988663513,15350.044975562607,12268.839864724514
forecast_0812,2025-02-03 20:00:00,16014.775284072326,16423.73649483716,12775.66416825159
forecast_0813,2025-02-03 21:00:00,15520.328912593766,15911.976329713358,12857.011361560933
forecast_0814,2025-02-03 22:00:00,15649.485844571904,15005.489552706655,12705.19991406
forecast_0815,2025-02-03 23:00:00,15764.08862935823,15587.000390269724,12813.574213654998
forecast_0816,2025-02-04 00:00:00,15946.326816508425,15891.736891597056,12821.227899139532
forecast_0817,2025-02-04 01:00:00,15984.192006445524,14775.602543609546,12452.228369282308
forecast_0818,2025-02-04 02:00:00,15810.573701300213,15183.276595951676,12552.852394374477
forecast_0819,2025-02-04 03:00:00,14780.884008243831,13269.365556318893,11971.24131857438
forecast_0820,2025-02-04 04:00:00,14460.519369535294,12959.450204174344,11063.486900855673
forecast_0821,2025-02-04 05:00:00,14389.310796117275,12412.215033605105,10254.963187885553
forecast_0822,2025-02-04 06:00:00,14852.650831760624,13348.485435385219,10790.607086508833
forecast_0823,2025-02-04 07:00:00,14528.107422826877,13713.370813141493,10418.807832443192
forecast_0824,2025-02-04 08:00:00,14150.878570349618,13256.487999733628,10125.105521770969
forecast_0825,2025-02-04 09:00:00,13536.41415466435,12682.499236276595,9926.727014659187
forecast_0826,2025-02-04 10:00:00,13530.007726705597,13118.771920493313,10301.385954546347
forecast_0827,2025-02-04 11:00:00,13093.614395731742,13296.006612688376,11535.469283598277
forecast_0828,2025-02-04 12:00:00,13511.574167953,13641.777590347929,11516.708427353366
forecast_0829,2025-02-04 13:00:00,12627.335062998398,12988.571228528994,11487.51684279097
forecast_0830,2025-02-04 14:00:00,12156.076613029052,12856.02295047001,11192.915940238796
forecast_0831,2025-02-04 15:00:00,12415.521725104707,12154.816836569615,11244.686510049029
forecast_0832,2025-02-04 16:00:00,13598.128478712593,13007.918423102949,12184.946102042075
forecast_0833,2025-02-04 17:00:00,13252.694026971238,13898.672460021415,12304.379083401509
forecast_0834,2025-02-04 18:00:00,15050.962616816716,14914.023729122368,12352.086243171758
forecast_0835,2025-02-04 19:00:00,14421.751677813865,14615.360366068577,11886.345487504517
forecast_0836,2025-02-04 20:00:00,15060.407360416517,15137.276231659887,12085.183363246018
forecast_0837,2025-02-04 21:00:00,15913.76769278114,15372.857035869923,11241.246517985288
forecast_0838,2025-02-04 22:00:00,15629.999389067225,14880.052393592521,10816.759417531992
forecast_0839,2025-02-04 23:00:00,15326.928051717685,14473.633223478566,10977.976705102908
forecast_0840,2025-02-05 00:00:00,15841.505363534565,16025.270259809515,12104.563682021819
forecast_0841,2025-02-05 01:00:00,16455.101821160926,17545.553058243146,12925.743691875336
forecast_0842,2025-02-05 02:00:00,17078.41441620854,18242.241378134,13188.767400955676
forecast_0843,2025-02-05 03:00:00,16402.6703976252,18476.98709993538,12017.126662753462
forecast_0844,2025-02-05 04:00:00,16492.45714569993,17737.873024115957,12250.21090320001
forecast_0845,2025-02-05 05:00:00,15619.458999823275,16891.910230312074,11512.18338267953
forecast_0846,2025-02-05 06:00:00,14983.756585790019,16640.069856103222,11180.442450919114
forecast_0847,2025-02-05 07:00:00,15679.4329269297,16900.908036731704,11189.528207555451
forecast_0848,2025-02-05 08:00:00,15886.980275715454,16522.705816028458,11375.286623605665
forecast_0849,2025-02-05 09:00:00,15362.62819082427,15999.03015862716,11032.3823509097
forecast_0850,2025-02-05 10:00:00,14580.633513632862,15411.811432976958,11001.246480880236
forecast_0851,2025-02-05 11:00:00,14878.16962865151,15400.683563256525,11177.860753746407
forecast_0852,2025-02-05 12:00:00,15127.708283964668,15696.822778614014,11153.39312444596
forecast_0853,2025-02-05 13:00:00,15100.763998233662,15672.665662340254,11098.92497860511
forecast_0854,2025-02-05 14:00:00,15212.281546008528,15851.375199693019,11119.836244155662
forecast_0855,2025-02-05 15:00:00,15465.68704735522,15803.668983554804,11314.467662973097
forecast_0856,2025-02-05 16:00:00,15475.30925232256,15972.960795496163,11454.419090321782
forecast_0857,2025-02-05 17:00:00,15283.456721794131,15628.211655469924,11539.888742690679
forecast_0858,2025-02-05 18:00:00,15405.259894065182,15011.730374638079,12078.392074798585
forecast_0859,2025-02-05 19:00:00,14912.082545059164,14303.88267438829,11763.784908225412
forecast_0860,2025-02-05 20:00:00,14464.907447274678,14000.280017411433,11302.754223445078
forecast_0861,2025-02-05 21:00:00,14423.587130781154,14463.182296019044,11353.539145551185
forecast_0862,2025-02-05 22:00:00,15243.261570133493,15502.708096702123,11841.5151934748
forecast_0863,2025-02-05 23:00:00,15573.54420549465,15636.486669087175,11798.098921062001
forecast_0864,2025-02-06 00:00:00,15786.440978151173,16293.993397746712,12104.506831305047
forecast_0865,2025-02-06 01:00:00,15571.519441432265,15684.02403555016,12447.241263112717
forecast_0866,2025-02-06 02:00:00,15268.175237140971,16068.970530913042,12177.458109469782
forecast_0867,2025-02-06 03:00:00,15984.310976574992,17074.02945851008,12020.37177114751
forecast_0868,2025-02-06 04:00:00,16506.66137191109,17277.86474550033,11668.082047093436
forecast_0869,2025-02-06 05:00:00,16487.39521113588,17283.587500637375,11943.702379357132
forecast_0870,2025-02-06 06:00:00,16423.777602349674,17448.415562502494,11530.693892861324
forecast_0871,2025-02-06 07:00:00,15887.2716333988,16557.061465029277,10898.42848084743
forecast_0872,2025-02-06 08:00:00,15425.690580174956,15996.022941625926,10687.344485711825
forecast_0873,2025-02-06 09:00:00,15054.618486158091,15406.595013905651,10571.184028803624
forecast_0874,2025-02-06 10:00:00,14295.34666886025,14691.57667744291,10473.088145465397
forecast_0875,2025-02-06 11:00:00,14591.921548452165,13187.822841260644,9620.502982822672
forecast_0876,2025-02-06 12:00:00,14675.47351373064,13871.365168860562,9740.698071529865
forecast_0877,2025-02-06 13:00:00,14798.578940958163,14516.872941101756,10430.145535168323
forecast_0878,2025-02-06 14:00:00,14503.014283768965,13389.26957919863,11286.45360312359
forecast_0879,2025-02-06 15:00:00,13456.690009534535,13725.759482221158,11168.153494514303
forecast_0880,2025-02-06 16:00:00,13347.063444006526,13301.981166312593,11851.96863873588
forecast_0881,2025-02-06 17:00:00,14818.610497287922,14224.016237241327,11812.396134442433
forecast_0882,2025-02-06 18:00:00,14442.24957922668,13716.258985508604,11887.44542473449
forecast_0883,2025-02-06 19:00:00,14897.94986493292,14822.275401637693,12748.286694919783
forecast_0884,2025-02-06 20:00:00,14889.079467743159,15391.079641000359,12440.18717832849
forecast_0885,2025-02-06 21:00:00,14800.52526148126,15185.039522190573,11780.133575358026
forecast_0886,2025-02-06 22:00:00,14176.643346380553,12147.773722072485,11530.392774984226
forecast_0887,2025-02-06 23:00:00,14566.755151549005,13193.007226706946,10473.601173638019
forecast_0888,2025-02-07 00:00:00,14265.803412632658,13487.532331130908,10325.27990152604
forecast_0889,2025-02-07 01:00:00,11540.41789030813,12168.514340086036,8333.8610876682
forecast_0890,2025-02-07 02:00:00,10767.462214588955,11773.218668863015,7929.312133792136
forecast_0891,2025-02-07 03:00:00,8924.303630049699,9903.980509874826,6895.999365283958
forecast_0892,2025-02-07 04:00:00,9793.606585806847,10564.781262015322,7123.409630696816
forecast_0893,2025-02-07 05:00:00,8479.938580238018,9952.180749710054,5714.51994976476
forecast_0894,2025-02-07 06:00:00,6716.419651118156,8987.953293575789,5163.08602196326
forecast_0895,2025-02-07 07:00:00,7297.199236790894,7144.353357402828,4352.221224396665
forecast_0896,2025-02-07 08:00:00,5761.2003396862965,5794.756395309879,3792.2362729212427
forecast_0897,2025-02-07 09:00:00,7086.895394907573,7522.705871015052,3572.70663956443
forecast_0898,2025-02-07 10:00:00,8568.72084138967,7648.938250531482,6381.4805895452655
forecast_0899,2025-02-07 11:00:00,11433.69101314601,11136.259118227652,8890.327558085315
forecast_0900,2025-02-07 12:00:00,13723.74817159476,13847.00095924529,10949.689121549318
forecast_0901,2025-02-07 13:00:00,13335.538999411378,14882.528815101885,10601.994577781545
forecast_0902,2025-02-07 14:00:00,13335.341824138595,15231.368485072635,9084.224395126459
forecast_0903,2025-02-07 15:00:00,13588.889917940636,14819.97380898904,9142.104286024361
forecast_0904,2025-02-07 16:00:00,14248.334102539044,15077.412132616939,9027.920598960302
forecast_0905,2025-02-07 17:00:00,13942.01991587908,13687.410862369019,8755.895525504473
forecast_0906,2025-02-07 18:00:00,13710.014076793088,12644.872817609687,8228.479174718646
forecast_0907,2025-02-07 19:00:00,11413.170456192405,11550.036615708945,9425.801142134676
forecast_0908,2025-02-07 20:00:00,12255.373577023767,12228.268747252263,9316.067811730027
forecast_0909,2025-02-07 21:00:00,13251.005054575005,12847.91433680962,8553.37801128828
forecast_0910,2025-02-07 22:00:00,13198.16518678267,12555.540308767924,9064.097947919923
forecast_0911,2025-02-07 23:00:00,12630.606058533465,12906.842157420979,9631.239487878247
forecast_0912,2025-02-08 00:00:00,12895.404841099606,13364.45073974784,10245.602288643964
forecast_0913,2025-02-08 01:00:00,12767.729279487621,11878.500481510055,10286.53324282184
forecast_0914,2025-02-08 02:00:00,14240.482923733507,14149.756461074103,11254.531319784397
forecast_0915,2025-02-08 03:00:00,14534.197374694362,14540.412405265974,11522.740869739904
forecast_0916,2025-02-08 04:00:00,14507.651570830441,14609.773541569757,11838.215352545978
forecast_0917,2025-02-08 05:00:00,15315.428240845527,15059.352052737748,12163.142976293842
forecast_0918,2025-02-08 06:00:00,14876.93604493693,14898.317223617529,11573.389112223087
forecast_0919,2025-02-08 07:00:00,15193.689060206745,14631.593905276086,11771.793334578699
forecast_0920,2025-02-08 08:00:00,14823.110834008403,14552.784001092425,11489.773750893672
forecast_0921,2025-02-08 09:00:00,14433.224686558126,16011.585391139964,8928.36983057635
forecast_0922,2025-02-08 10:00:00,11527.352231143215,11357.411040348185,8116.66417865526
forecast_0923,2025-02-08 11:00:00,8065.109592777547,9353.929243302739,6783.201213899697
forecast_0924,2025-02-08 12:00:00,8218.89965262374,8833.443826525041,6336.423542771715
forecast_0925,2025-02-08 13:00:00,5746.361658280274,5093.94720493841,4091.553118692927
forecast_0926,2025-02-08 14:00:00,3516.7893320200974,3140.8103973642847,2585.9606005224628
forecast_0927,2025-02-08 15:00:00,3229.8932377820206,2651.731756170041,2591.5959793300017
forecast_0928,2025-02-08 16:00:00,4336.421040544305,3721.92387305972,3065.2688765017188
forecast_0929,2025-02-08 17:00:00,5058.668506738565,4352.666459786914,3332.131290618001
forecast_0930,2025-02-08 18:00:00,6870.335243746507,6294.148376848569,5036.065391598192
forecast_0931,2025-02-08 19:00:00,8425.10097817099,6913.964804758456,6324.799956062555
forecast_0932,2025-02-08 20:00:00,9047.225922302467,7088.667093599808,6741.818775396513
forecast_0933,2025-02-08 21:00:00,10891.473614305656,8941.957567681713,8278.690027142378
forecast_0934,2025-02-08 22:00:00,14206.402020442558,12398.302786344328,10014.857896719903
forecast_0935,2025-02-08 23:00:00,17129.871727975657,15557.207844166885,12677.153498778363
forecast_0936,2025-02-09 00:00:00,18666.77458271693,17929.80627586219,12994.781770107742
forecast_0937,2025-02-09 01:00:00,16868.1466140146,15469.653783893134,11963.641130682972
forecast_0938,2025-02-09 02:00:00,18745.46714422045,17204.816664927104,13288.717587428622
forecast_0939,2025-02-09 03:00:00,18670.889137728227,17189.871734217748,12060.240071009022
forecast_0940,2025-02-09 04:00:00,19085.23052923161,17803.161315878217,12732.946403787133
forecast_0941,2025-02-09 05:00:00,19178.181411360834,18265.17480626259,13298.304640649518
forecast_0942,2025-02-09 06:00:00,19738.402673339773,17714.587445637997,13718.678002085306
forecast_0943,2025-02-09 07:00:00,19235.97396343405,17267.704114661665,12531.553303128636
forecast_0944,2025-02-09 08:00:00,18276.491122499217,16956.4010219568,11727.092437253306
forecast_0945,2025-02-09 09:00:00,16181.021248342156,15732.471387376894,9340.377940054132
forecast_0946,2025-02-09 10:00:00,13980.924454992388,13423.459989451267,9098.079584565645
forecast_0947,2025-02-09 11:00:00,11386.5948824962,11296.503140711793,7958.9567114612555
forecast_0948,2025-02-09 12:00:00,9013.543382159913,10049.12808583303,6867.283645590963
forecast_0949,2025-02-09 13:00:00,9082.75728996684,9105.01081947561,6704.0464330802215
forecast_0950,2025-02-09 14:00:00,10033.444284617108,9497.749574218415,6378.909545075821
forecast_0951,2025-02-09 15:00:00,9661.643878561332,8250.913087662995,6181.7719832510365
forecast_0952,2025-02-09 16:00:00,13271.675037695877,11202.594477148763,8603.473015833488
forecast_0953,2025-02-09 17:00:00,14003.434719196515,12674.452683020256,9832.376275841516
forecast_0954,2025-02-09 18:00:00,15333.238330661647,13346.737017360443,10620.766247254815
forecast_0955,2025-02-09 19:00:00,16329.183270470705,15177.71567548049,11967.719238599313
forecast_0956,2025-02-09 20:00:00,17183.20342171565,16535.647703090915,12507.643148227606
forecast_0957,2025-02-09 21:00:00,16687.313091149157,16280.353221579062,11907.810268196541
forecast_0958,2025-02-09 22:00:00,17174.424161892915,16516.92382198637,12446.620580261928
forecast_0959,2025-02-09 23:00:00,17948.021115999,17188.817004328725,12635.871139367371
forecast_0960,2025-02-10 00:00:00,18835.93408019919,18024.99724405738,13470.2912733748
forecast_0961,2025-02-10 01:00:00,18633.991136585166,17831.035252006386,12557.89471606377
forecast_0962,2025-02-10 02:00:00,18630.945178710364,18143.068936858832,13015.59761171526
forecast_0963,2025-02-10 03:00:00,19427.37085659414,18456.127983801893,14225.71216223218
forecast_0964,2025-02-10 04:00:00,20132.694108509582,18319.853371652913,14580.31138575675
forecast_0965,2025-02-10 05:00:00,20415.55139825172,18540.547884354102,15275.52874654976
forecast_0966,2025-02-10 06:00:00,18771.004922086766,18429.819686311745,14236.424500287747
forecast_0967,2025-02-10 07:00:00,18732.417224891866,18391.42599994467,14166.68861899952
forecast_0968,2025-02-10 08:00:00,18019.573965258012,17936.44761174585,13064.615086272992
forecast_0969,2025-02-10 09:00:00,15996.497556196915,16562.866821104777,12233.51524847629
forecast_0970,2025-02-10 10:00:00,15042.422526329836,15185.437313342265,11941.328011400987
forecast_0971,2025-02-10 11:00:00,14262.95330225354,14451.7646737785,11543.505809807737
forecast_0972,2025-02-10 12:00:00,14251.537421480954,13558.445859899575,11119.467600483824
forecast_0973,2025-02-10 13:00:00,13547.898508259505,12762.962011300993,9805.283159894518
forecast_0974,2025-02-10 14:00:00,13437.256171002147,12165.85780908148,9447.72513073374
forecast_0975,2025-02-10 15:00:00,12858.295780795626,11378.655134771683,9087.873259488731
forecast_0976,2025-02-10 16:00:00,13462.767160212881,11776.525816240826,9866.181977802773
forecast_0977,2025-02-10 17:00:00,13201.594587335172,12157.86235066987,9163.681298490914
forecast_0978,2025-02-10 18:00:00,14010.256416963442,13798.484912012182,9895.977267258024
forecast_0979,2025-02-10 19:00:00,14303.241072253413,14319.146413447455,11501.936471606254
forecast_0980,2025-02-10 20:00:00,14510.345020805262,14351.113860258092,10272.743133640743
forecast_0981,2025-02-10 21:00:00,12752.718412666052,12892.32561949225,9207.531679749854
forecast_0982,2025-02-10 22:00:00,12448.26697046644,12723.490629025066,9253.287242872295
forecast_0983,2025-02-10 23:00:00,9983.291816959108,10576.278475044544,7813.438508771661
forecast_0984,2025-02-11 00:00:00,9381.354526099429,8815.37453692452,7017.022772710795
forecast_0985,2025-02-11 01:00:00,10518.282369336916,9993.793665975094,8488.65580053084
forecast_0986,2025-02-11 02:00:00,11387.299574430906,11442.500969557075,8897.236746000523
forecast_0987,2025-02-11 03:00:00,12721.940910011712,12828.320462866524,9157.85213939097
forecast_0988,2025-02-11 04:00:00,12333.0756184081,12745.553353249421,8954.046947445047
forecast_0989,2025-02-11 05:00:00,9208.50970904469,9642.171531544656,6356.304809295102
forecast_0990,2025-02-11 06:00:00,8073.392888235625,7871.623690169595,4720.066969938073
forecast_0991,2025-02-11 07:00:00,7411.392473600095,7472.011062935257,4023.3149142495063
forecast_0992,2025-02-11 08:00:00,7178.165654262452,6197.251102470337,3883.3456863320516
forecast_0993,2025-02-11 09:00:00,6622.071821427121,6065.755342410106,4196.740512693293
forecast_0994,2025-02-11 10:00:00,5464.468080538926,5172.754142457216,3115.773730671545
forecast_0995,2025-02-11 11:00:00,3674.218689158324,3089.542010335502,1921.742187910208
forecast_0996,2025-02-11 12:00:00,2609.15088436064,2379.286448212076,1852.1853253105578
forecast_0997,2025-02-11 13:00:00,2503.1129791651024,1977.3663381083793,2225.8926296030386
forecast_0998,2025-02-11 14:00:00,2654.1727328005513,2374.649300344716,2100.956777519773
forecast_0999,2025-02-11 15:00:00,1552.9723569380994,1453.77776279582,1408.379432470827
forecast_1000,2025-02-11 16:00:00,1170.6355991426933,1217.5086398662934,969.7534353206544
forecast_1001,2025-02-11 17:00:00,1632.9358889203374,1600.932677921085,1079.3083328885605
forecast_1002,2025-02-11 18:00:00,4699.395801957434,4156.439670668066,2642.5086111622504
forecast_1003,2025-02-11 19:00:00,6789.9540447020445,6739.865470600498,4836.542163196353
forecast_1004,2025-02-11 20:00:00,8533.835018085578,7894.736783210049,5157.834648221085
forecast_1005,2025-02-11 21:00:00,8613.485533615007,8867.592661283967,5266.896355298271
forecast_1006,2025-02-11 22:00:00,11745.607199343445,10891.546348047606,6188.260843168997
forecast_1007,2025-02-11 23:00:00,15649.224388919758,15723.30473246277,11818.258053927697
forecast_1008,2025-02-12 00:00:00,17794.00504309346,16460.00385634753,12631.235735074668
forecast_1009,2025-02-12 01:00:00,15021.14532686431,14497.372204997093,9146.153007352588
forecast_1010,2025-02-12 02:00:00,16284.899536251449,16180.449250061292,11160.180123210046
forecast_1011,2025-02-12 03:00:00,14973.162538032473,15857.19200509708,10815.217879287839
forecast_1012,2025-02-12 04:00:00,15751.250720224583,16068.53249788573,11299.946653062882
forecast_1013,2025-02-12 05:00:00,14986.796929815286,14996.406459583646,9897.530528889494
forecast_1014,2025-02-12 06:00:00,12402.297496346753,12277.956925421282,8012.525931428585
forecast_1015,2025-02-12 07:00:00,9206.135373920844,9321.160999978589,5643.809149600728
forecast_1016,2025-02-12 08:00:00,7201.882152398873,7928.783536707473,4416.792092397715
forecast_1017,2025-02-12 09:00:00,5604.174468674631,7008.780820720881,4238.759171608477
forecast_1018,2025-02-12 10:00:00,7024.675331676975,7667.996760574585,4913.806185533428
forecast_1019,2025-02-12 11:00:00,8295.75860709119,10123.126540927686,4661.471270589035
forecast_1020,2025-02-12 12:00:00,9932.081820695706,10725.248051560695,6623.718393224514
forecast_1021,2025-02-12 13:00:00,10912.955791531667,11700.313270720766,8825.816571566716
forecast_1022,2025-02-12 14:00:00,12778.288941528781,13248.3248154507,9285.490877540497
forecast_1023,2025-02-12 15:00:00,14959.295941582215,13970.76855306294,11287.676075019886
forecast_1024,2025-02-12 16:00:00,16793.50598694603,14854.686437216857,12803.909770059561
forecast_1025,2025-02-12 17:00:00,16947.706130356462,14878.383072228502,13442.378156713588
forecast_1026,2025-02-12 18:00:00,16876.255643131317,14678.914943997002,13689.374684701352
forecast_1027,2025-02-12 19:00:00,16498.62468665757,15542.994414528777,13153.291493194572
forecast_1028,2025-02-12 20:00:00,16037.27039047481,15243.707695670277,11457.962412413315
forecast_1029,2025-02-12 21:00:00,15870.059046084183,15007.20525799641,11617.372381530222
forecast_1030,2025-02-12 22:00:00,15967.113563612742,14942.034748135286,11948.888521914056
forecast_1031,2025-02-12 23:00:00,15520.766115793525,13961.337425211843,10392.300604722646
forecast_1032,2025-02-13 00:00:00,15096.711524946903,13866.728350794403,9738.418318808437
forecast_1033,2025-02-13 01:00:00,14623.148049857356,13489.240775920967,7473.204590596207
forecast_1034,2025-02-13 02:00:00,14620.71254349724,13611.546320130697,7412.778448640912
forecast_1035,2025-02-13 03:00:00,14915.178453163679,13784.398758731495,7992.6952513404
forecast_1036,2025-02-13 04:00:00,14644.127815058939,13265.053246734795,8675.69428229903
forecast_1037,2025-02-13 05:00:00,13966.23755453965,12738.90574487016,8211.4177665093
forecast_1038,2025-02-13 06:00:00,14074.930398271874,13136.945186835008,8074.069692283482
forecast_1039,2025-02-13 07:00:00,14883.657290864534,14185.246469235219,8711.905272078304
forecast_1040,2025-02-13 08:00:00,15474.916768177196,14828.721291943088,9884.942587134366
forecast_1041,2025-02-13 09:00:00,15381.962743310427,15381.406421362928,10093.382737466673
forecast_1042,2025-02-13 10:00:00,14845.072280576707,14739.095212065606,10401.796896718362
forecast_1043,2025-02-13 11:00:00,15233.843398928757,14686.170613861093,10838.870049497138
forecast_1044,2025-02-13 12:00:00,15005.667702343413,14740.925861972426,10940.314353783466
forecast_1045,2025-02-13 13:00:00,15021.378672527255,15082.645057149037,10874.779305471
forecast_1046,2025-02-13 14:00:00,15647.992840720644,15240.982467937589,11381.422169333098
forecast_1047,2025-02-13 15:00:00,15625.901692700789,15131.318135297575,11724.913358245913
forecast_1048,2025-02-13 16:00:00,16595.466134873688,15930.5567732186,12298.909856473905
forecast_1049,2025-02-13 17:00:00,17662.022954890068,16862.63229492291,13403.135068355112
forecast_1050,2025-02-13 18:00:00,18524.67940133528,18399.060143535313,14243.056758996576
forecast_1051,2025-02-13 19:00:00,18786.64457327806,18803.913253999744,14668.418588106593
forecast_1052,2025-02-13 20:00:00,18944.17806763364,18804.745713471722,14940.352315531834
forecast_1053,2025-02-13 21:00:00,18989.737124546205,18845.78450279417,15241.780303865988
forecast_1054,2025-02-13 22:00:00,18874.39359837061,18798.710133446217,15367.006956322668
forecast_1055,2025-02-13 23:00:00,19067.582539922336,19000.811630102482,15424.867342059355
forecast_1056,2025-02-14 00:00:00,18930.18817884259,18937.19526053244,15282.383839268812
forecast_1057,2025-02-14 01:00:00,18977.04562283544,19052.686731410344,14909.416402515719
forecast_1058,2025-02-14 02:00:00,18777.86148237921,18936.913194582827,14596.123785008078
forecast_1059,2025-02-14 03:00:00,18725.360370982642,18666.858554140254,14473.452648331095
forecast_1060,2025-02-14 04:00:00,18017.215769667426,18534.891507616176,14042.939822104956
forecast_1061,2025-02-14 05:00:00,18619.292777200622,18504.020203544515,13986.353658530466
forecast_1062,2025-02-14 06:00:00,19610.463535490842,18848.81861424564,14059.04400657701
forecast_1063,2025-02-14 07:00:00,20110.483000807537,19132.85703291103,14777.962992317805
forecast_1064,2025-02-14 08:00:00,20182.75517647259,19232.70094042519,14569.940332006414
forecast_1065,2025-02-14 09:00:00,19294.244320674105,18432.907715030848,13377.177576947008
forecast_1066,2025-02-14 10:00:00,13549.847974890938,15369.753278135708,10633.308728177217
forecast_1067,2025-02-14 11:00:00,12149.84287769739,13675.017116299965,9532.796320029747
forecast_1068,2025-02-14 12:00:00,11287.134529587353,12769.904183776604,8767.140267100413
forecast_1069,2025-02-14 13:00:00,10784.514232858737,11862.837881238678,7954.246826396591
forecast_1070,2025-02-14 14:00:00,10742.116289605394,10990.348028062499,7856.973025874148
forecast_1071,2025-02-14 15:00:00,11592.584603586856,11123.124772688949,9369.03478438889
forecast_1072,2025-02-14 16:00:00,11812.17327918568,12288.161279328644,9976.46617741568
forecast_1073,2025-02-14 17:00:00,14064.189406596659,13660.577499555231,10563.678478151509
forecast_1074,2025-02-14 18:00:00,16167.077790814164,14949.850407275204,12388.750343387223
forecast_1075,2025-02-14 19:00:00,15906.533106189685,16073.702861185184,11450.126758399267
forecast_1076,2025-02-14 20:00:00,15718.3140545844,14954.88004877516,10606.793919640366
forecast_1077,2025-02-14 21:00:00,16034.54613204796,15159.258578248802,10890.191860181108
forecast_1078,2025-02-14 22:00:00,15813.678751010864,14592.630543115009,10290.743870280892
forecast_1079,2025-02-14 23:00:00,16429.545047408345,15110.268358331334,10716.422310776057
forecast_1080,2025-02-15 00:00:00,17355.881673346965,16049.166728566755,11338.677214940035
forecast_1081,2025-02-15 01:00:00,18776.809896415863,16495.899284508207,11716.337013913098
forecast_1082,2025-02-15 02:00:00,18907.21057951493,16070.152962853173,11835.723131352657
forecast_1083,2025-02-15 03:00:00,17651.869323959505,15442.438318725728,10877.599475083513
forecast_1084,2025-02-15 04:00:00,16614.760067145635,14363.098616355079,10181.431188218063
forecast_1085,2025-02-15 05:00:00,16247.998039633538,14737.05198307895,10441.236656864301
forecast_1086,2025-02-15 06:00:00,16115.580254796292,14212.531385339325,9570.35576656038
forecast_1087,2025-02-15 07:00:00,13284.606274111991,12468.510966747195,8221.027525157284
forecast_1088,2025-02-15 08:00:00,12544.979984031896,11946.088248284486,8030.348865735168
forecast_1089,2025-02-15 09:00:00,11048.40296376086,10849.715074179087,6312.625036819404
forecast_1090,2025-02-15 10:00:00,9670.175253939899,8647.768522018383,5686.646756241777
forecast_1091,2025-02-15 11:00:00,8839.841029956886,9836.19616421286,5996.33088353278
forecast_1092,2025-02-15 12:00:00,11250.48849492469,10939.949501392935,7661.032008690085
forecast_1093,2025-02-15 13:00:00,11673.910355609558,12479.50189881239,9451.131062306249
forecast_1094,2025-02-15 14:00:00,13885.90767448269,13619.705384022393,10176.605448778522
forecast_1095,2025-02-15 15:00:00,14433.121142639284,14364.177179636235,10771.824214910896
forecast_1096,2025-02-15 16:00:00,14640.887363435839,14793.423556553067,10316.93672470578
forecast_1097,2025-02-15 17:00:00,15861.13407473519,15726.155174392848,11706.393510199507
forecast_1098,2025-02-15 18:00:00,17269.59217356386,16009.046400186686,13493.00332363983
forecast_1099,2025-02-15 19:00:00,18257.764939645065,17306.11119715193,14022.780745738137
forecast_1100,2025-02-15 20:00:00,18860.500325494624,18383.46672997181,14323.643774181795
forecast_1101,2025-02-15 21:00:00,18093.70694455632,17552.44109900937,13691.49594837515
forecast_1102,2025-02-15 22:00:00,18302.792306636504,17444.33621025622,12769.952006942985
forecast_1103,2025-02-15 23:00:00,17786.21383182087,17331.472660802712,12797.302780494832
forecast_1104,2025-02-16 00:00:00,18556.43846033192,17678.07710515079,13092.850566078998
forecast_1105,2025-02-16 01:00:00,18473.352864876415,17730.28908280606,13298.420817077276
forecast_1106,2025-02-16 02:00:00,18051.866893375973,17227.34426248028,11927.874970824232
forecast_1107,2025-02-16 03:00:00,16940.330337591407,16825.349215615264,11843.87248426632
forecast_1108,2025-02-16 04:00:00,16551.51385411451,16045.54235524602,11400.18278492047
forecast_1109,2025-02-16 05:00:00,13572.17917569071,13743.662607224933,9142.200279494135
forecast_1110,2025-02-16 06:00:00,13128.551892072352,14104.377440331538,9277.299165087812
forecast_1111,2025-02-16 07:00:00,12640.556970196865,13894.617767641757,8666.557067021855
forecast_1112,2025-02-16 08:00:00,12716.443291019265,13910.939455884543,8562.98733708215
forecast_1113,2025-02-16 09:00:00,12152.337260540573,13549.619028894353,8455.359681845335
forecast_1114,2025-02-16 10:00:00,9589.618808791585,11010.668925055226,7254.530701325053
forecast_1115,2025-02-16 11:00:00,7943.8630149881665,8601.536001074639,6377.670041559829
forecast_1116,2025-02-16 12:00:00,9016.712649158264,9759.326080089308,7209.424229191915
forecast_1117,2025-02-16 13:00:00,11061.772980920032,9753.252392858476,8668.456620172867
forecast_1118,2025-02-16 14:00:00,13446.625026643575,11301.413079813863,10573.250359059606
forecast_1119,2025-02-16 15:00:00,15194.693760997512,14036.887809143449,11843.72644783817
forecast_1120,2025-02-16 16:00:00,17583.034193764266,17811.211221953454,13628.99065571396
forecast_1121,2025-02-16 17:00:00,18745.797208861546,18283.85807134557,14425.130781639167
forecast_1122,2025-02-16 18:00:00,18568.98127618915,18033.06469616723,14478.206216471555
forecast_1123,2025-02-16 19:00:00,18995.26488769275,18630.91374559461,14654.553429532816
forecast_1124,2025-02-16 20:00:00,19137.27231706472,18860.81840103123,13170.911898933802
forecast_1125,2025-02-16 21:00:00,18838.92605979369,18575.81578053706,13502.340077955692
forecast_1126,2025-02-16 22:00:00,18861.936002060567,18261.588265006176,13244.275692698433
forecast_1127,2025-02-16 23:00:00,18205.943814937942,17632.24587661675,13144.017799318357
forecast_1128,2025-02-17 00:00:00,17241.404882152714,16892.321067351106,12729.300298373015
forecast_1129,2025-02-17 01:00:00,15630.023791503145,14374.636784656932,10437.760180760533
forecast_1130,2025-02-17 02:00:00,16077.397979811249,14632.753492938526,11039.764588141094
forecast_1131,2025-02-17 03:00:00,16082.0017498,15270.77500145592,10814.959843901543
forecast_1132,2025-02-17 04:00:00,14936.947373599594,13913.674132603259,9098.625906589321
forecast_1133,2025-02-17 05:00:00,13919.132598348917,11603.375781701785,7617.920952891928
forecast_1134,2025-02-17 06:00:00,13361.571576804501,11557.056966633874,7301.395749115145
forecast_1135,2025-02-17 07:00:00,14151.123186168827,12915.034720009753,8126.72827262443
forecast_1136,2025-02-17 08:00:00,14423.997417034794,13124.681444349108,8549.74695923945
forecast_1137,2025-02-17 09:00:00,14648.054500109398,12842.811662379943,7705.433025993126
forecast_1138,2025-02-17 10:00:00,14625.701760855569,12864.235131848307,8198.285131614657
forecast_1139,2025-02-17 11:00:00,14375.818319372544,12665.935407070516,8344.655467441626
forecast_1140,2025-02-17 12:00:00,14228.248265526188,12503.606669133414,8099.436059386404
forecast_1141,2025-02-17 13:00:00,14166.402454934641,12286.143174647466,8146.659314719222
forecast_1142,2025-02-17 14:00:00,13686.323365581644,12101.568482020271,7598.0158665753925
forecast_1143,2025-02-17 15:00:00,12922.966371348268,11181.090168899542,7094.4619284397195
forecast_1144,2025-02-17 16:00:00,11714.151903813192,9180.961536674797,5918.762812102938
forecast_1145,2025-02-17 17:00:00,9977.728745574814,7556.2851147658375,4785.804672194408
forecast_1146,2025-02-17 18:00:00,9381.782816110608,7372.265232591509,4682.045092227673
forecast_1147,2025-02-17 19:00:00,9777.13011669757,8213.522936298514,5006.5920698550335
forecast_1148,2025-02-17 20:00:00,9945.75927808323,8451.298447816893,5467.504733536574
forecast_1149,2025-02-17 21:00:00,10029.448129134254,9324.08789049664,6762.245031810182
forecast_1150,2025-02-17 22:00:00,9191.810489742362,8877.535302194323,6268.472993184062
forecast_1151,2025-02-17 23:00:00,8658.126611715501,7508.326644329134,5594.095748132995
forecast_1152,2025-02-18 00:00:00,7748.431494167392,7013.87815910873,5105.853309741063
forecast_1153,2025-02-18 01:00:00,8526.166452217796,8772.072363778801,6710.761894512223
forecast_1154,2025-02-18 02:00:00,12134.020334372231,11048.724883279616,7728.4731874159825
forecast_1155,2025-02-18 03:00:00,12999.60392103384,12111.975120131494,8342.806561754507
forecast_1156,2025-02-18 04:00:00,13650.726316620714,13091.651221028904,9091.051645970228
forecast_1157,2025-02-18 05:00:00,13742.646986594782,13414.135465369147,9185.103665565504
forecast_1158,2025-02-18 06:00:00,13807.492680890176,13488.115361116917,9476.586222704918
forecast_1159,2025-02-18 07:00:00,14420.4517702663,14190.110089117123,9892.614415754926
forecast_1160,2025-02-18 08:00:00,13692.656038302941,13610.068159556406,9337.063372712157
forecast_1161,2025-02-18 09:00:00,13641.332889918021,12714.457557709617,8800.285271041892
forecast_1162,2025-02-18 10:00:00,13279.904733933801,12187.002555448353,9111.104231052966
forecast_1163,2025-02-18 11:00:00,13213.428054493228,10960.861702144393,8875.339230516587
forecast_1164,2025-02-18 12:00:00,12912.756332439192,10366.179852670357,7900.280955072179
forecast_1165,2025-02-18 13:00:00,12723.437865841588,10543.671738308138,7734.463981222237
forecast_1166,2025-02-18 14:00:00,13137.082119357912,10814.10618331522,8192.699804577494
forecast_1167,2025-02-18 15:00:00,13393.305715803608,10966.742209066431,8473.05525282157
forecast_1168,2025-02-18 16:00:00,13323.153122260037,11063.608146338778,7886.2146645274115
forecast_1169,2025-02-18 17:00:00,13500.4063703689,11776.762907086884,8616.191110203206
forecast_1170,2025-02-18 18:00:00,12352.71777937661,11443.499082048764,7942.200111550306
forecast_1171,2025-02-18 19:00:00,12186.87845432236,11088.93111615058,7583.35600719697
forecast_1172,2025-02-18 20:00:00,11588.932846866075,10019.523571376849,7088.188289821508
forecast_1173,2025-02-18 21:00:00,11796.478159743712,10907.296030832607,7930.921152332131
forecast_1174,2025-02-18 22:00:00,11877.004541975479,12857.68645532463,7768.048679619834
forecast_1175,2025-02-18 23:00:00,12449.43654196465,12662.644932818048,8007.9106421896095
forecast_1176,2025-02-19 00:00:00,12552.672068659975,12656.665153027774,8090.3730534624065
forecast_1177,2025-02-19 01:00:00,9023.69785816289,9488.140013502183,7630.868914573704
forecast_1178,2025-02-19 02:00:00,11849.900403683267,12414.681231316272,9154.09148333012
forecast_1179,2025-02-19 03:00:00,12528.45268063793,12981.889451104793,8579.005199801883
forecast_1180,2025-02-19 04:00:00,12663.653172299932,13560.711676960505,8808.788401135103
forecast_1181,2025-02-19 05:00:00,13010.422255569987,14355.115232101618,8756.034793001832
forecast_1182,2025-02-19 06:00:00,14395.707314730173,15182.470503871506,8979.548160393497
forecast_1183,2025-02-19 07:00:00,14238.548822958026,14915.497247353404,9087.57972007398
forecast_1184,2025-02-19 08:00:00,12714.06692797396,13947.269260759766,8207.688302130942
forecast_1185,2025-02-19 09:00:00,10588.153181098925,11850.459635141082,7224.200765753813
forecast_1186,2025-02-19 10:00:00,8564.520523034545,9215.019905614548,6924.661237836653
forecast_1187,2025-02-19 11:00:00,7761.490217736713,8560.665840024967,6549.64322028556
forecast_1188,2025-02-19 12:00:00,6691.992226797053,7191.870824759902,5207.680722409544
forecast_1189,2025-02-19 13:00:00,5899.540047298585,5117.553472502558,3918.7393771881248
forecast_1190,2025-02-19 14:00:00,5648.667921392194,4951.6851754479185,3618.2007416875676
forecast_1191,2025-02-19 15:00:00,5966.311208059698,5249.934225353719,4056.2423845364965
forecast_1192,2025-02-19 16:00:00,5909.550026497447,5464.432412332218,3889.690893151118
forecast_1193,2025-02-19 17:00:00,6226.242094796521,5395.589302026516,4168.4384781633025
forecast_1194,2025-02-19 18:00:00,7191.645928183958,7012.842087613625,5177.262272382561
forecast_1195,2025-02-19 19:00:00,9039.099464519435,7985.167142350876,6325.818135105844
forecast_1196,2025-02-19 20:00:00,9356.802311993948,9530.89525905891,7142.41791028444
forecast_1197,2025-02-19 21:00:00,9027.604304009172,9727.494536043256,6664.904924839384
forecast_1198,2025-02-19 22:00:00,10386.888196367585,11021.533233072249,7711.712253873587
forecast_1199,2025-02-19 23:00:00,10868.347865690948,10044.387705985455,8341.715636942961
forecast_1200,2025-02-20 00:00:00,10282.349227821453,8993.77163088239,8027.599839003232
forecast_1201,2025-02-20 01:00:00,8745.373739232211,7130.603367829093,6495.179300695709
forecast_1202,2025-02-20 02:00:00,9450.256287877455,7511.0219221153475,6685.371327456545
forecast_1203,2025-02-20 03:00:00,9584.718305300397,7800.33081822885,6829.048366395898
forecast_1204,2025-02-20 04:00:00,9217.807663368229,8050.420105749857,6606.493606489748
forecast_1205,2025-02-20 05:00:00,9281.577930944484,7928.731496160526,6528.77399255316
forecast_1206,2025-02-20 06:00:00,9819.517677317992,9963.12898389698,6960.521200634566
forecast_1207,2025-02-20 07:00:00,11766.726837214785,13363.593653076865,9242.041939281624
forecast_1208,2025-02-20 08:00:00,13976.78614630785,13682.779442519968,9579.194239340402
forecast_1209,2025-02-20 09:00:00,13625.357605758292,13680.957519019854,9545.702296194848
forecast_1210,2025-02-20 10:00:00,11581.98586729289,11213.85729728391,9019.058611072962
forecast_1211,2025-02-20 11:00:00,12001.281284784984,11144.345963053322,8972.224607841541
forecast_1212,2025-02-20 12:00:00,11369.988977118954,10539.745573232447,8520.241610506664
forecast_1213,2025-02-20 13:00:00,8822.762740111075,7969.348323347962,6879.5232993606505
forecast_1214,2025-02-20 14:00:00,9133.961286465761,8239.47532315536,7301.140481451294
forecast_1215,2025-02-20 15:00:00,11082.033202735174,9230.07558502145,7542.092532331335
forecast_1216,2025-02-20 16:00:00,8822.008585376547,7396.642708830895,6474.281254732095
forecast_1217,2025-02-20 17:00:00,8840.871342638577,7594.210948623279,6249.022201499255
forecast_1218,2025-02-20 18:00:00,11765.058524580165,10507.76414978856,8006.01753623438
forecast_1219,2025-02-20 19:00:00,11705.104014814453,10866.255220558147,8869.380864337774
forecast_1220,2025-02-20 20:00:00,11346.099683766022,11615.835593350548,8671.466546538602
forecast_1221,2025-02-20 21:00:00,11135.908116172952,10671.935493551973,8222.992752615
forecast_1222,2025-02-20 22:00:00,11881.762029162232,11608.382722867282,6620.853201425909
forecast_1223,2025-02-20 23:00:00,11017.546138176309,10478.747888128539,6329.015739371841
forecast_1224,2025-02-21 00:00:00,12684.349543441422,13038.337124663723,8536.595644847019
forecast_1225,2025-02-21 01:00:00,11716.532322558283,11185.788527721648,8073.5611788165825
forecast_1226,2025-02-21 02:00:00,12825.95122828538,11193.144206646753,8768.820273008167
forecast_1227,2025-02-21 03:00:00,10146.263623324408,10052.27892231217,7856.83448302685
forecast_1228,2025-02-21 04:00:00,9140.392817760528,9084.475894683212,6987.3247181790475
forecast_1229,2025-02-21 05:00:00,9579.90878044454,10495.496407707256,6991.547229685959
forecast_1230,2025-02-21 06:00:00,10687.436285980328,11376.188764258934,7483.475209086519
forecast_1231,2025-02-21 07:00:00,10830.199799082144,11597.901082150713,7885.838690422819
forecast_1232,2025-02-21 08:00:00,12388.670651706921,12622.61074402314,8837.940537020891
forecast_1233,2025-02-21 09:00:00,10846.931930369305,10787.327439753723,8149.521535737376
forecast_1234,2025-02-21 10:00:00,7087.497809267625,8167.729276008626,6045.726014911271
forecast_1235,2025-02-21 11:00:00,5771.342682157559,5938.955993078954,4639.207931233047
forecast_1236,2025-02-21 12:00:00,5752.85384039263,5554.65406349079,4854.102685014445
forecast_1237,2025-02-21 13:00:00,7062.026406601643,6347.228594496318,4873.1075248997995
forecast_1238,2025-02-21 14:00:00,7811.272507320473,6801.563226171198,4838.088068706145
forecast_1239,2025-02-21 15:00:00,8473.18289464715,6973.2707369364925,5048.367773058837
forecast_1240,2025-02-21 16:00:00,8982.857914962315,8088.685103221239,5580.6356350978585
forecast_1241,2025-02-21 17:00:00,9218.105930063444,8522.060263494684,5983.983519666512
forecast_1242,2025-02-21 18:00:00,11266.749246804213,10982.412856935574,8852.746287820608
forecast_1243,2025-02-21 19:00:00,12388.601451676954,11507.670621041574,9206.853385960963
forecast_1244,2025-02-21 20:00:00,11897.345590096604,10644.03274577428,8622.949433286096
forecast_1245,2025-02-21 21:00:00,11959.402715579532,10883.25021543276,9772.80051855356
forecast_1246,2025-02-21 22:00:00,12872.5414715715,12040.913065168075,10050.158842425262
forecast_1247,2025-02-21 23:00:00,13984.765771089413,13311.27374557507,10798.700978314837
forecast_1248,2025-02-22 00:00:00,14325.005899537615,13877.689537806236,11194.67065337787
forecast_1249,2025-02-22 01:00:00,15690.743824586956,14242.37221826144,11085.794870888953
forecast_1250,2025-02-22 02:00:00,16232.533019386827,14721.57880902721,11569.168100437575
forecast_1251,2025-02-22 03:00:00,15243.122550280686,14173.173723713056,11472.039875403205
forecast_1252,2025-02-22 04:00:00,14984.82464767688,13367.54510451994,9625.169939702755
forecast_1253,2025-02-22 05:00:00,13913.93393916466,11672.943016819578,8280.042244342596
forecast_1254,2025-02-22 06:00:00,11942.25799357194,11572.680161765778,6497.5350648599915
forecast_1255,2025-02-22 07:00:00,11969.25844612163,12477.19078967747,7249.83401219971
forecast_1256,2025-02-22 08:00:00,9160.72463554941,8728.059004402081,6150.208532145851
forecast_1257,2025-02-22 09:00:00,7989.520888390139,7755.036466728081,5737.073576579786
forecast_1258,2025-02-22 10:00:00,6151.5548692957345,6215.705886663047,4260.552231989286
forecast_1259,2025-02-22 11:00:00,4859.98341739583,4394.26528918427,3520.94491359055
forecast_1260,2025-02-22 12:00:00,4786.158634402492,3524.227152009514,3005.9367344279844
forecast_1261,2025-02-22 13:00:00,6744.843890020522,6409.1270435211845,4645.675142507844
forecast_1262,2025-02-22 14:00:00,7042.100378732088,6161.577673111389,4714.240236573112
forecast_1263,2025-02-22 15:00:00,7274.523934295988,6010.760723088357,4437.805367450535
forecast_1264,2025-02-22 16:00:00,8001.7960286504995,6705.995885871334,5186.6791803557235
forecast_1265,2025-02-22 17:00:00,8870.270796531666,7745.817629449222,5392.184956713482
forecast_1266,2025-02-22 18:00:00,11065.906657949183,9860.434747537272,7529.360782952845
forecast_1267,2025-02-22 19:00:00,12296.172955759439,12103.889477227278,9919.323421776708
forecast_1268,2025-02-22 20:00:00,14538.645915247704,13388.568839373693,12252.100114039182
forecast_1269,2025-02-22 21:00:00,15016.941449320633,14737.24268944168,12325.128127950115
forecast_1270,2025-02-22 22:00:00,16405.042754494407,16477.52408174219,14088.505619035444
forecast_1271,2025-02-22 23:00:00,15995.483406140213,16248.920418443799,13477.40728002105
forecast_1272,2025-02-23 00:00:00,15271.39255436977,16455.79520197007,13204.0840739972
forecast_1273,2025-02-23 01:00:00,15415.162753041071,15848.986581147905,11999.166213791377
forecast_1274,2025-02-23 02:00:00,15583.608962098671,16705.76462926838,13163.382084251336
forecast_1275,2025-02-23 03:00:00,15566.133475557941,16634.28871780534,13147.11416234779
forecast_1276,2025-02-23 04:00:00,16091.195654654946,17038.78677001345,13394.304839340999
forecast_1277,2025-02-23 05:00:00,16362.372457243944,17176.717137710948,13255.836691871933
forecast_1278,2025-02-23 06:00:00,16392.771486554313,16963.459564989236,13364.257130380625
forecast_1279,2025-02-23 07:00:00,17088.42623314619,17165.817897411496,13411.153987031958
forecast_1280,2025-02-23 08:00:00,16204.925047069226,16204.459330622387,13202.546197372501
forecast_1281,2025-02-23 09:00:00,15062.105326464043,15874.510739077761,13076.52649947318
forecast_1282,2025-02-23 10:00:00,14930.953743761405,15098.633015803061,12115.058954431945
forecast_1283,2025-02-23 11:00:00,15702.212331135306,14245.413583116428,11041.850229521286
forecast_1284,2025-02-23 12:00:00,16175.788459282834,14372.414393611927,11312.559727164044
forecast_1285,2025-02-23 13:00:00,15973.4202744629,13445.791322782652,10438.322372380237
forecast_1286,2025-02-23 14:00:00,15521.18417272729,12680.492493792643,9969.005564991676
forecast_1287,2025-02-23 15:00:00,14624.229287865879,12467.208857970742,9467.065113440158
forecast_1288,2025-02-23 16:00:00,14477.733929755947,12262.920431012968,8604.649490289476
forecast_1289,2025-02-23 17:00:00,14112.320220637956,11597.538716790514,7096.838306163969
forecast_1290,2025-02-23 18:00:00,13363.934474290483,10862.754830791664,6469.361481998961
forecast_1291,2025-02-23 19:00:00,11417.213773973544,10163.45454211948,6664.084013374504
forecast_1292,2025-02-23 20:00:00,10826.523185116153,10170.87385017538,7738.9635414705635
forecast_1293,2025-02-23 21:00:00,11304.505704021482,10929.009340164403,8311.538293563906
forecast_1294,2025-02-23 22:00:00,11886.690665466263,11721.248185074017,8295.844318679969
forecast_1295,2025-02-23 23:00:00,12746.569385812081,13599.812114226268,8642.765494654976
forecast_1296,2025-02-24 00:00:00,13434.008411922992,14610.73301370464,9624.533926191218
forecast_1297,2025-02-24 01:00:00,15941.04622872979,16299.098274813214,11873.834495360317
forecast_1298,2025-02-24 02:00:00,17155.197183369997,17525.797763473707,12542.412557937492
forecast_1299,2025-02-24 03:00:00,18039.82860463237,17837.115630350298,12743.550613576654
forecast_1300,2025-02-24 04:00:00,17885.973300838003,18199.675214945535,12816.677521364581
forecast_1301,2025-02-24 05:00:00,17102.977317733366,17179.22336398559,10649.175454080596
forecast_1302,2025-02-24 06:00:00,16864.599817079055,15764.384864648271,10058.351951493569
forecast_1303,2025-02-24 07:00:00,16067.600803672896,15406.384675554327,10326.950301525774
forecast_1304,2025-02-24 08:00:00,15764.296541462165,14588.746922730874,10031.196834720085
forecast_1305,2025-02-24 09:00:00,14756.438626238933,13202.190789730163,9800.572585285507
forecast_1306,2025-02-24 10:00:00,11760.116376102926,10995.114687552086,9211.706799142305
forecast_1307,2025-02-24 11:00:00,11343.099691823703,11889.891914483776,9415.524700515623
forecast_1308,2025-02-24 12:00:00,8247.754202585049,8443.625652539673,6540.50741972798
forecast_1309,2025-02-24 13:00:00,7705.106128105398,7481.551466564444,6083.34749464435
forecast_1310,2025-02-24 14:00:00,8301.121398288953,7719.229447504878,6060.714279676528
forecast_1311,2025-02-24 15:00:00,9030.920644952048,8280.810935158044,6776.696278693996
forecast_1312,2025-02-24 16:00:00,11007.692179286149,10865.195901758261,8076.677097042422
forecast_1313,2025-02-24 17:00:00,11775.570756935134,12031.534921130704,8346.28588184203
forecast_1314,2025-02-24 18:00:00,13310.983294638801,14116.677401587132,10527.455497760575
forecast_1315,2025-02-24 19:00:00,16135.990249065137,15817.676962858959,11345.112122613838
forecast_1316,2025-02-24 20:00:00,17268.999567169616,16604.603103749003,13665.533135369647
forecast_1317,2025-02-24 21:00:00,18054.00442067963,16885.025717713655,14266.16572507923
forecast_1318,2025-02-24 22:00:00,19917.35078885225,18646.99935022256,15139.080483971551
forecast_1319,2025-02-24 23:00:00,19935.75330879301,18914.20471557281,15400.83860267727
forecast_1320,2025-02-25 00:00:00,20819.611422313923,19321.657410142696,15610.653879405772
forecast_1321,2025-02-25 01:00:00,20541.04634942219,19558.277819876937,15641.995366725901
forecast_1322,2025-02-25 02:00:00,20684.65436448138,19674.695795596923,15748.96707439028
forecast_1323,2025-02-25 03:00:00,20613.494072572223,19783.3584984849,15996.30123071106
forecast_1324,2025-02-25 04:00:00,20051.287442929697,19645.98739613328,15417.203846326223
forecast_1325,2025-02-25 05:00:00,20067.39148320231,19747.05766296671,15290.877004801054
forecast_1326,2025-02-25 06:00:00,19963.99699473747,19904.741463683014,15133.065773092874
forecast_1327,2025-02-25 07:00:00,20325.5194719851,19826.978846238722,15220.207877985144
forecast_1328,2025-02-25 08:00:00,19921.03354256706,19665.106204609703,14619.328616418015
forecast_1329,2025-02-25 09:00:00,18731.842315412803,19151.343654111995,13927.764150493194
forecast_1330,2025-02-25 10:00:00,17059.208865388824,17722.381168533364,13532.088861137887
forecast_1331,2025-02-25 11:00:00,17706.951212628046,17202.15685749421,13425.330310307992
forecast_1332,2025-02-25 12:00:00,17290.138116727227,16613.055286964744,13024.752581734861
forecast_1333,2025-02-25 13:00:00,16527.74483052788,15648.052067075003,11902.242453856044
forecast_1334,2025-02-25 14:00:00,16465.508382311993,15183.069552031577,12505.179729810898
forecast_1335,2025-02-25 15:00:00,16626.10330826305,15239.594435732011,12499.656176056325
forecast_1336,2025-02-25 16:00:00,17661.614788540683,15862.938484354081,13424.076306979321
forecast_1337,2025-02-25 17:00:00,19747.20240082292,18539.364862441857,14967.027517352057
forecast_1338,2025-02-25 18:00:00,20437.05587178674,19071.52906788418,15849.977713790728
forecast_1339,2025-02-25 19:00:00,20638.196162677676,19407.079767152136,16433.073261945083
forecast_1340,2025-02-25 20:00:00,20398.273973805895,19493.4980581501,16541.930056345
forecast_1341,2025-02-25 21:00:00,20287.049982446213,19495.189612647817,16521.50603959851
forecast_1342,2025-02-25 22:00:00,20341.54122842659,19631.373185837845,16662.12293056621
forecast_1343,2025-02-25 23:00:00,20356.26814517581,19492.10547024558,16567.50976318212
forecast_1344,2025-02-26 00:00:00,20661.890927157903,19341.593557565026,16235.344925627536
forecast_1345,2025-02-26 01:00:00,20530.625598451385,19261.202226968075,16006.09428833945
forecast_1346,2025-02-26 02:00:00,20396.082849837043,19189.450206374757,15454.095134136287
forecast_1347,2025-02-26 03:00:00,19944.68681843998,19014.094473058532,13839.51404010267
forecast_1348,2025-02-26 04:00:00,19677.5753526864,18863.12091071492,13587.370762809103
forecast_1349,2025-02-26 05:00:00,19040.400935573045,18993.294037338903,14137.283854794468
forecast_1350,2025-02-26 06:00:00,18903.080850950035,18727.01850526638,13827.82766731687
forecast_1351,2025-02-26 07:00:00,18312.376046624064,18042.357296136805,13967.459632907132
forecast_1352,2025-02-26 08:00:00,17008.018139024713,17408.222622871745,12947.002005759925
forecast_1353,2025-02-26 09:00:00,15259.044616755025,15775.917660677222,11268.021099595282
forecast_1354,2025-02-26 10:00:00,14078.82074143179,14241.826771903787,10098.216218967551
forecast_1355,2025-02-26 11:00:00,13100.291570239231,13425.107953919924,10002.657840375718
forecast_1356,2025-02-26 12:00:00,13844.241059129725,13629.459445570525,9808.274762695273
forecast_1357,2025-02-26 13:00:00,14227.678991385694,13671.969144928742,9477.590281916628
forecast_1358,2025-02-26 14:00:00,14476.060279404099,13549.674436401285,9524.130554826554
forecast_1359,2025-02-26 15:00:00,14320.603349141336,13737.489654709787,9644.180664078453
forecast_1360,2025-02-26 16:00:00,14515.236915884514,14041.778802960376,10319.023503885019
forecast_1361,2025-02-26 17:00:00,15982.565659651722,14757.892642573279,10779.843321333465
forecast_1362,2025-02-26 18:00:00,16218.463162402986,16001.0375638842,11496.700976486045
forecast_1363,2025-02-26 19:00:00,16931.100743649615,16983.085026861972,13041.48389866271
forecast_1364,2025-02-26 20:00:00,17537.104183195795,18072.454408127,13545.020512443498
forecast_1365,2025-02-26 21:00:00,19007.044088929775,19085.687491775094,14479.713539470185
forecast_1366,2025-02-26 22:00:00,19309.608004447888,18921.80038728533,14367.241531006248
forecast_1367,2025-02-26 23:00:00,17596.11447451512,17764.09880970288,13568.93419568469
forecast_1368,2025-02-27 00:00:00,18294.83134814313,18478.094412012044,14293.996751322946
forecast_1369,2025-02-27 01:00:00,18682.620481713322,19001.669114936347,13967.65869446317
forecast_1370,2025-02-27 02:00:00,19604.952569201563,19327.049989536757,14204.765820297085
forecast_1371,2025-02-27 03:00:00,20500.21699483074,19589.568411738663,14278.75254745422
forecast_1372,2025-02-27 04:00:00,20702.96876878563,19344.779029036516,14588.896535389977
forecast_1373,2025-02-27 05:00:00,20676.667414859396,18981.571754499295,15252.89294359448
forecast_1374,2025-02-27 06:00:00,20781.44393583676,19212.439035370273,15604.861460778511
forecast_1375,2025-02-27 07:00:00,20700.869151952385,19004.428158416125,15678.049195042116
forecast_1376,2025-02-27 08:00:00,18671.444626482138,17456.779365183716,13977.986978490135
forecast_1377,2025-02-27 09:00:00,17173.998924738065,16317.053926577602,11708.8197110513
forecast_1378,2025-02-27 10:00:00,14054.712823206217,14813.492388543369,10848.710864218343
forecast_1379,2025-02-27 11:00:00,13170.854379114857,13284.321089712577,10442.226906294094
forecast_1380,2025-02-27 12:00:00,13344.376605546877,12900.246756619606,9887.038933901084
forecast_1381,2025-02-27 13:00:00,11755.541011292018,11827.164212452679,9241.926378943357
forecast_1382,2025-02-27 14:00:00,8660.722449413577,7714.29421495953,6265.623987313469
forecast_1383,2025-02-27 15:00:00,8429.696063846033,6992.513737052109,6136.598593588136
forecast_1384,2025-02-27 16:00:00,9252.611855159128,7368.586956338628,7397.599597054498
forecast_1385,2025-02-27 17:00:00,9308.968785335359,8921.090824933639,5804.377560977151
forecast_1386,2025-02-27 18:00:00,8687.985646586862,8799.07434257363,5609.7648625357215
forecast_1387,2025-02-27 19:00:00,10699.270114622905,10857.308350030575,7037.169050439535
forecast_1388,2025-02-27 20:00:00,11396.44288149538,11749.767380309533,7945.040398673721
forecast_1389,2025-02-27 21:00:00,12848.25161937443,14953.908366658874,10467.609979192115
forecast_1390,2025-02-27 22:00:00,12299.57723838376,14603.88725636454,9102.61439874967
forecast_1391,2025-02-27 23:00:00,13065.841823112702,14676.663549260691,9295.873596440691
forecast_1392,2025-02-28 00:00:00,13985.91073223233,15181.615652052205,9605.168884765977
forecast_1393,2025-02-28 01:00:00,14967.994134640176,15963.600259662799,11314.016288188866
forecast_1394,2025-02-28 02:00:00,15489.40589925602,15371.098079536234,11682.70359804104
forecast_1395,2025-02-28 03:00:00,16580.130387707446,15195.094523911002,12245.388456007306
forecast_1396,2025-02-28 04:00:00,16756.801976702725,15664.2702849706,12612.588641960585
forecast_1397,2025-02-28 05:00:00,17472.31471309909,16342.488828422785,13494.621910316868
forecast_1398,2025-02-28 06:00:00,17965.015087314823,16638.123322855954,13450.601816918199
forecast_1399,2025-02-28 07:00:00,18806.25971976495,16927.849751165115,13819.359113342969
forecast_1400,2025-02-28 08:00:00,18740.270483760225,17095.40274986864,13733.688986770672
forecast_1401,2025-02-28 09:00:00,18194.194113209327,17492.83270054366,13426.362326251134
forecast_1402,2025-02-28 10:00:00,15944.848576122838,15768.631375846779,12003.63049450666
forecast_1403,2025-02-28 11:00:00,14626.159185910952,15075.530148521957,11550.993360374167
forecast_1404,2025-02-28 12:00:00,12840.349754169696,12614.846737172335,10066.687274570266
forecast_1405,2025-02-28 13:00:00,10666.898216040661,10949.252321157473,8625.499723057255
forecast_1406,2025-02-28 14:00:00,11589.762858844013,11801.027333383494,9938.052187888088
forecast_1407,2025-02-28 15:00:00,12129.890153022072,12321.518728260726,10174.797625240659
forecast_1408,2025-02-28 16:00:00,13101.690895563714,13160.51249423533,9870.022397268194
forecast_1409,2025-02-28 17:00:00,13432.451640716801,13480.145605449778,10018.791845521278
forecast_1410,2025-02-28 18:00:00,14916.930620781115,13011.317237172178,11487.079993249541
forecast_1411,2025-02-28 19:00:00,16033.893967185722,14285.069221373638,12466.745648072694
forecast_1412,2025-02-28 20:00:00,14374.03002169849,13485.037391538748,9197.258467057858
forecast_1413,2025-02-28 21:00:00,13710.987581037762,11051.083889772888,8231.986083784643
forecast_1414,2025-02-28 22:00:00,13298.080281359933,10971.47055834983,7965.870221049281
forecast_1415,2025-02-28 23:00:00,12458.630821850025,10273.043651820826,7705.046785470766
forecast_1416,2025-03-01 00:00:00,8905.020495202607,6232.2637326263675,4385.652533754711
forecast_1417,2025-03-01 01:00:00,13290.117839941475,10594.751549261278,7272.115167672152
forecast_1418,2025-03-01 02:00:00,7177.249500944206,5569.059750332461,3426.4767541544547
forecast_1419,2025-03-01 03:00:00,5621.134837832798,3781.612048842219,3073.990564848285
forecast_1420,2025-03-01 04:00:00,4104.213174124275,3129.3107822105935,2003.8458800342346
forecast_1421,2025-03-01 05:00:00,2980.758027810019,1961.4389257127366,1369.2708320418046
forecast_1422,2025-03-01 06:00:00,2811.236222938972,2058.749118128436,1235.3478969575945
forecast_1423,2025-03-01 07:00:00,2943.7663527433997,3185.1148506468467,1382.1141071678405
forecast_1424,2025-03-01 08:00:00,1934.464236034985,2163.6648610329657,1001.6752985240616
forecast_1425,2025-03-01 09:00:00,1267.712819188184,1546.2022796017786,711.3583138961992
forecast_1426,2025-03-01 10:00:00,1408.4078907645655,1462.4501871345494,623.402830856803
forecast_1427,2025-03-01 11:00:00,1620.2107704382113,1640.0696194157963,742.4659322671793
forecast_1428,2025-03-01 12:00:00,2408.4182552707207,2524.5465518013193,1415.591735634993
forecast_1429,2025-03-01 13:00:00,3637.308712893813,3985.10489031909,1826.8540489694608
forecast_1430,2025-03-01 14:00:00,4253.422443491975,4774.629062869728,2438.416731061945
forecast_1431,2025-03-01 15:00:00,4195.081372282938,4061.5333696110083,2823.729063252845
forecast_1432,2025-03-01 16:00:00,3688.868562522513,3442.0161676517732,2438.6966657678704
forecast_1433,2025-03-01 17:00:00,3609.2482945184543,3710.277553520009,2075.3181881669566
forecast_1434,2025-03-01 18:00:00,2921.6071677375417,3875.184133333199,2098.6565769683993
forecast_1435,2025-03-01 19:00:00,3829.458717681858,4793.00510152895,2563.3068348920033
forecast_1436,2025-03-01 20:00:00,3092.054859553166,3383.378928606031,1546.480978433105
forecast_1437,2025-03-01 21:00:00,1864.3547736122027,2168.340359151318,734.1856672399953
forecast_1438,2025-03-01 22:00:00,2111.158176690928,1892.1412458496106,629.0147573984003
forecast_1439,2025-03-01 23:00:00,1711.2029918842443,1936.0430689452483,660.5842520371933
forecast_1440,2025-03-02 00:00:00,1557.3246469524015,1522.1889954951278,552.6464161983423
forecast_1441,2025-03-02 01:00:00,4185.062092880255,4190.086501171395,2316.7886587428766
forecast_1442,2025-03-02 02:00:00,5085.409062308719,4511.344537660423,2426.988821818472
forecast_1443,2025-03-02 03:00:00,4401.3083991642825,4218.76477882231,2279.6518493402455
forecast_1444,2025-03-02 04:00:00,5075.737959525891,4196.811725816909,2091.9540256178043
forecast_1445,2025-03-02 05:00:00,3845.9676374007317,3511.5669384422595,1578.5043667802775
forecast_1446,2025-03-02 06:00:00,1618.0718636124914,1281.8630496166927,573.4193621250716
forecast_1447,2025-03-02 07:00:00,802.9276947316067,724.0177592966957,463.7109483198147
forecast_1448,2025-03-02 08:00:00,817.4804541707102,741.3104253857193,338.0570081255759
forecast_1449,2025-03-02 09:00:00,1583.6625473102772,1492.6440685880777,645.45782415158
forecast_1450,2025-03-02 10:00:00,1737.4154779887442,1901.9146757479657,1700.6593017085324
forecast_1451,2025-03-02 11:00:00,2134.1642936894405,2843.1757703223984,2409.8317377555354
forecast_1452,2025-03-02 12:00:00,2711.7353541860684,3546.0169626102684,3008.5247851106787
forecast_1453,2025-03-02 13:00:00,3415.9444494905606,3882.922184675449,3403.49111584509
forecast_1454,2025-03-02 14:00:00,3237.7260530462663,3913.785558488993,2811.1021985692755
forecast_1455,2025-03-02 15:00:00,4067.8541440797,4714.508152544991,3867.257362583331
forecast_1456,2025-03-02 16:00:00,4278.208811769276,5121.13770885944,5292.358945764827
forecast_1457,2025-03-02 17:00:00,4755.10775230253,5123.694626487815,4541.139554308964
forecast_1458,2025-03-02 18:00:00,6201.085455696564,5745.841766870452,6023.3707851559575
forecast_1459,2025-03-02 19:00:00,9531.564796245442,9280.764836616077,8191.98274832635
forecast_1460,2025-03-02 20:00:00,7806.470721831334,7847.414735219526,6487.233780379041
forecast_1461,2025-03-02 21:00:00,6939.011018328018,7659.473426917492,5367.422223936687
forecast_1462,2025-03-02 22:00:00,9036.257810328732,9749.0991278178,6235.219697332042
forecast_1463,2025-03-02 23:00:00,7840.821774005874,8921.037552471385,5696.079022930775
forecast_1464,2025-03-03 00:00:00,6535.299121932652,7140.554481578,5705.151756055337
forecast_1465,2025-03-03 01:00:00,15251.251919599466,16943.077644945937,11263.584317561357
forecast_1466,2025-03-03 02:00:00,14909.921526334394,16895.123303990636,11479.021477147517
forecast_1467,2025-03-03 03:00:00,13048.48036320161,14702.252462133072,10117.869788879607
forecast_1468,2025-03-03 04:00:00,12777.927619052523,14413.583470730195,10033.883701390767
forecast_1469,2025-03-03 05:00:00,14295.639154423881,15763.167221807287,11177.815537070177
forecast_1470,2025-03-03 06:00:00,15180.340591877728,17407.638009178216,11525.79312291584
forecast_1471,2025-03-03 07:00:00,15425.100573218131,17538.61890644894,11286.244709330962
forecast_1472,2025-03-03 08:00:00,15567.667983902826,17647.11447665719,11652.436298589164
forecast_1473,2025-03-03 09:00:00,15728.099102420214,17594.429255473253,11687.213442554461
forecast_1474,2025-03-03 10:00:00,15426.785175593028,17089.00698796856,11570.158587933793
forecast_1475,2025-03-03 11:00:00,14861.589310075004,16590.826654986435,11499.539706397889
forecast_1476,2025-03-03 12:00:00,14516.079899934619,16378.511675023277,11794.63398519
forecast_1477,2025-03-03 13:00:00,14450.044964947978,15728.619069536264,11638.135389001975
forecast_1478,2025-03-03 14:00:00,14491.463667227768,16028.768349345746,11797.091517700926
forecast_1479,2025-03-03 15:00:00,14032.5696195867,15984.001887834209,11685.047728732387
forecast_1480,2025-03-03 16:00:00,13936.319341612705,15846.262391697566,11502.133189141661
forecast_1481,2025-03-03 17:00:00,13905.60883373854,15448.501707172554,11264.380200581192
forecast_1482,2025-03-03 18:00:00,12774.678260223853,14072.156388085574,9884.452351143846
forecast_1483,2025-03-03 19:00:00,9540.628044240932,11427.636012266894,7045.051515785073
forecast_1484,2025-03-03 20:00:00,8075.612337036244,8897.737794264542,5234.231184988978
forecast_1485,2025-03-03 21:00:00,8509.332292291523,10293.184311558729,5913.828983008039
forecast_1486,2025-03-03 22:00:00,10979.295714877593,12765.275318366886,7406.892794034874
forecast_1487,2025-03-03 23:00:00,11139.746099572798,13073.74334782169,7492.796454270042
forecast_1488,2025-03-04 00:00:00,11995.131249480715,14055.144749215655,8007.448799822959
forecast_1489,2025-03-04 01:00:00,14319.101252716207,17110.61400448865,10302.081931212517
forecast_1490,2025-03-04 02:00:00,14261.292289854204,16611.276440122074,10313.864505365858
forecast_1491,2025-03-04 03:00:00,14513.498591889478,16661.111780561692,10129.611486351083
forecast_1492,2025-03-04 04:00:00,14387.388035501275,16687.090080236503,10091.670094758338
forecast_1493,2025-03-04 05:00:00,14214.240298446792,16401.10251035408,10109.707169450123
forecast_1494,2025-03-04 06:00:00,14478.399207822315,16973.857519030276,10309.1637740922
forecast_1495,2025-03-04 07:00:00,14503.592755825175,17039.78650865493,10223.585250078622
forecast_1496,2025-03-04 08:00:00,14380.73560899321,17049.85875700609,10179.546624540913
forecast_1497,2025-03-04 09:00:00,14565.96668960934,16811.07157920926,10363.036376661537
forecast_1498,2025-03-04 10:00:00,14321.499080953714,16094.44183705614,10390.901285767224
forecast_1499,2025-03-04 11:00:00,14407.25641736996,16086.440854631348,10434.216810044487
forecast_1500,2025-03-04 12:00:00,14224.145549393505,15692.07879208498,10399.707944881153
forecast_1501,2025-03-04 13:00:00,14331.02202190477,17032.07892063735,10254.334920077426
forecast_1502,2025-03-04 14:00:00,14489.686724507656,17250.814201352878,10308.35874626051
forecast_1503,2025-03-04 15:00:00,14867.239761182827,17065.1449092817,10586.18597862999
forecast_1504,2025-03-04 16:00:00,14458.034524258997,17069.003967608245,10713.401903683944
forecast_1505,2025-03-04 17:00:00,14402.954306642281,16876.524357195387,11242.041504193838
forecast_1506,2025-03-04 18:00:00,14396.401102444503,16597.62738185095,10975.784686245022
forecast_1507,2025-03-04 19:00:00,14174.698001395993,16005.202712959137,11446.929422025529
forecast_1508,2025-03-04 20:00:00,14262.640039137594,15773.692172990917,11406.01452821953
forecast_1509,2025-03-04 21:00:00,14191.490947463017,16217.459555111764,10764.704964890963
forecast_1510,2025-03-04 22:00:00,13487.931532644548,15922.165121815608,10825.126719978485
forecast_1511,2025-03-04 23:00:00,13396.674119898793,15717.68605829406,10485.443935816245
forecast_1512,2025-03-05 00:00:00,6542.263664393136,8850.870672449892,5761.294001006777
forecast_1513,2025-03-05 01:00:00,1475.1105880600817,1994.4041321502398,2626.7696209949786
forecast_1514,2025-03-05 02:00:00,1469.5451531241608,2088.210873616859,2665.3205703448107
forecast_1515,2025-03-05 03:00:00,1829.170505572945,1940.5301517020735,2899.2805462509614
forecast_1516,2025-03-05 04:00:00,2304.7090215785547,2169.8957223411376,2408.342389532494
forecast_1517,2025-03-05 05:00:00,1881.808364850039,1912.4184118075873,1826.031957262277
forecast_1518,2025-03-05 06:00:00,1985.4297973305754,2328.767585468441,1663.6375326344194
forecast_1519,2025-03-05 07:00:00,1924.77685062736,1925.2807375743532,1637.3382224679783
forecast_1520,2025-03-05 08:00:00,1966.9585886260843,1644.0826401704735,1658.257449043484
forecast_1521,2025-03-05 09:00:00,1797.3285938522315,1678.173503511963,1205.8241098676663
forecast_1522,2025-03-05 10:00:00,1121.0510388887924,1142.8481712047587,1104.170013388788
forecast_1523,2025-03-05 11:00:00,871.3664825132207,1079.60699199743,890.5858078433831
forecast_1524,2025-03-05 12:00:00,659.0274369690991,933.4430686670171,635.9186215914083
forecast_1525,2025-03-05 13:00:00,605.5876198338057,796.2045605715089,576.9923985187265
forecast_1526,2025-03-05 14:00:00,389.017590568059,608.908371678464,390.5704251833566
forecast_1527,2025-03-05 15:00:00,469.3310870745774,651.7211380081121,495.2667467095091
forecast_1528,2025-03-05 16:00:00,425.04894508709907,596.8498807787523,464.59570470387155
forecast_1529,2025-03-05 17:00:00,487.90736629286505,574.3698425213403,408.1969593017319
forecast_1530,2025-03-05 18:00:00,627.0293257994979,530.7399162213779,373.2803299578254
forecast_1531,2025-03-05 19:00:00,871.9675289077978,959.8304241256254,552.6603623177773
forecast_1532,2025-03-05 20:00:00,1035.8299484756706,1234.1285614018298,696.0748371617876
forecast_1533,2025-03-05 21:00:00,1459.76113124079,1413.1713781231417,755.5123208410273
forecast_1534,2025-03-05 22:00:00,1561.462528829179,1277.4064026279461,830.6440907924743
forecast_1535,2025-03-05 23:00:00,1456.7522473484532,1315.5716688620694,786.388287224919
forecast_1536,2025-03-06 00:00:00,1568.559780329133,1596.390181648324,829.8059800250643
forecast_1537,2025-03-06 01:00:00,1091.3633294102328,1258.6318472340622,802.2514325637627
forecast_1538,2025-03-06 02:00:00,1231.8478668179355,1290.747118917493,682.4642180248476
forecast_1539,2025-03-06 03:00:00,1287.0616124726264,1242.0568237581667,687.9476228965816
forecast_1540,2025-03-06 04:00:00,1274.3052344793057,1286.237696358066,629.8682692610635
forecast_1541,2025-03-06 05:00:00,1295.844093315905,1252.4673746838157,752.548912494193
forecast_1542,2025-03-06 06:00:00,1030.5453025394738,1154.5189100574162,557.0642984182255
forecast_1543,2025-03-06 07:00:00,996.6667319469186,1112.5021375206202,438.8586757300347
forecast_1544,2025-03-06 08:00:00,651.7668658143473,645.4603892716677,217.982768001012
forecast_1545,2025-03-06 09:00:00,432.5599694130787,423.0563348689089,134.05533837878895
forecast_1546,2025-03-06 10:00:00,197.37166654754904,212.7801148074304,129.6046010749532
forecast_1547,2025-03-06 11:00:00,153.21379185130237,188.00164024127025,136.67214488762636
forecast_1548,2025-03-06 12:00:00,199.32603377451613,203.84788111089335,173.01334905198047
forecast_1549,2025-03-06 13:00:00,222.10274796123548,264.2924800169283,229.98732633008592
forecast_1550,2025-03-06 14:00:00,236.19594765133186,265.073399868179,241.12076532221647
forecast_1551,2025-03-06 15:00:00,261.5603938756276,314.00347663315534,240.30868862575565
forecast_1552,2025-03-06 16:00:00,412.92361075093896,459.928635091225,322.7517151840645
forecast_1553,2025-03-06 17:00:00,436.74336642339,449.0349289212917,316.45409505257686
forecast_1554,2025-03-06 18:00:00,473.8519048180984,446.9414514325956,360.83522456693385
forecast_1555,2025-03-06 19:00:00,549.5871734897449,639.2771536200196,357.61178350167097
forecast_1556,2025-03-06 20:00:00,894.3179494208584,717.0170861966794,314.844149723873
forecast_1557,2025-03-06 21:00:00,1044.4369853040507,779.345823955383,358.4591164264273
forecast_1558,2025-03-06 22:00:00,1085.552768936275,1207.561335806501,447.08632352059493
forecast_1559,2025-03-06 23:00:00,1710.6214185302533,1284.3606940127668,688.9003667439637
forecast_1560,2025-03-07 00:00:00,1477.9187728263694,1076.7816717230141,557.6819337806633
forecast_1561,2025-03-07 01:00:00,1106.9462156146806,1096.810379709982,460.7864625154717
forecast_1562,2025-03-07 02:00:00,1144.5908793644182,1170.072920010607,492.73681989620326
forecast_1563,2025-03-07 03:00:00,434.9924279854788,444.5258486128715,248.89575711286327
forecast_1564,2025-03-07 04:00:00,661.4327611719478,531.3136420825648,333.0893284852839
forecast_1565,2025-03-07 05:00:00,903.6824207033902,817.2507616963959,343.77559335570646
forecast_1566,2025-03-07 06:00:00,599.2070123231435,457.5923293457653,198.92917197878887
forecast_1567,2025-03-07 07:00:00,580.8500936809564,371.3433465253972,200.78527629331293
forecast_1568,2025-03-07 08:00:00,484.89067757261,437.35906925327396,169.24759327990023
forecast_1569,2025-03-07 09:00:00,537.7403711520341,477.34149033410637,194.75342472282145
forecast_1570,2025-03-07 10:00:00,223.67740540965158,254.79453493602236,115.74911328004201
forecast_1571,2025-03-07 11:00:00,126.65235027523505,138.73131577869046,106.66456536734542
forecast_1572,2025-03-07 12:00:00,134.934260217277,133.9732840282017,131.14968655493897
forecast_1573,2025-03-07 13:00:00,180.95872543262064,174.86418683296597,141.06502145633843
forecast_1574,2025-03-07 14:00:00,203.68541562138668,209.69174516620262,173.09990529381818
forecast_1575,2025-03-07 15:00:00,249.0623895146441,263.10144559136353,267.60784544136766
forecast_1576,2025-03-07 16:00:00,386.3591945822428,310.04247994124296,322.54826389927297
forecast_1577,2025-03-07 17:00:00,490.90335053841983,466.31112039045206,331.84039804290285
forecast_1578,2025-03-07 18:00:00,677.3512612727587,694.4074767109022,374.34068703921446
forecast_1579,2025-03-07 19:00:00,958.23522213263,1307.999910645272,486.895635295767
forecast_1580,2025-03-07 20:00:00,1188.0127985687973,1069.2911916693806,388.9039821736584
forecast_1581,2025-03-07 21:00:00,1304.4522688873722,1213.8226339498842,426.9069648695298
forecast_1582,2025-03-07 22:00:00,2088.3926006615734,1919.4108531348752,669.3718397815505
forecast_1583,2025-03-07 23:00:00,2569.3289689949133,2011.6230768243322,916.2500134785298
forecast_1584,2025-03-08 00:00:00,2678.4396377235626,2558.8827835210905,1202.812599292854
forecast_1585,2025-03-08 01:00:00,1621.4891623146787,1929.6652530677325,872.739501654632
forecast_1586,2025-03-08 02:00:00,2216.2031660685875,2501.2868836582743,1131.2001977477432
forecast_1587,2025-03-08 03:00:00,2937.612152614803,3189.587479614044,1892.2728362741839
forecast_1588,2025-03-08 04:00:00,4254.143092507537,4574.463316663075,2400.700573860464
forecast_1589,2025-03-08 05:00:00,4282.457287001253,4561.206560114419,2517.8488261295324
forecast_1590,2025-03-08 06:00:00,4200.166645057626,5150.873075060857,2577.4600157774717
forecast_1591,2025-03-08 07:00:00,4654.610703329869,5097.090879504386,2566.034171078444
forecast_1592,2025-03-08 08:00:00,4720.4375523714225,5265.060625764998,2727.784739812503
forecast_1593,2025-03-08 09:00:00,5731.355742649031,5237.1197336957375,2900.6138463279076
forecast_1594,2025-03-08 10:00:00,6792.552847319166,6042.125631256327,4398.074786421508
forecast_1595,2025-03-08 11:00:00,7279.580817187763,6481.261985230157,4877.854285997142
forecast_1596,2025-03-08 12:00:00,6525.638230583708,6255.700939860583,4439.1561888010665
forecast_1597,2025-03-08 13:00:00,5328.657723396498,5239.777527729322,3616.520440007683
forecast_1598,2025-03-08 14:00:00,6915.966471170268,5738.294225384185,5376.876954841953
forecast_1599,2025-03-08 15:00:00,7757.65884163936,7258.739294571764,6625.273038480441
forecast_1600,2025-03-08 16:00:00,8096.798663487673,7410.528355394548,6335.5627696051
forecast_1601,2025-03-08 17:00:00,8946.099465849624,9035.324742800818,7198.955485035419
forecast_1602,2025-03-08 18:00:00,11891.004169428288,10319.846372906977,8993.049268063918
forecast_1603,2025-03-08 19:00:00,12643.062597038113,10901.711483859557,9931.719386971692
forecast_1604,2025-03-08 20:00:00,11780.754656453573,11280.979286786644,8637.749457400083
forecast_1605,2025-03-08 21:00:00,10193.354318290156,9707.88714850474,7234.540060954691
forecast_1606,2025-03-08 22:00:00,10268.006240852614,10957.239607883228,7847.374574337321
forecast_1607,2025-03-08 23:00:00,10622.96499293361,9985.799305812261,7472.032530530519
forecast_1608,2025-03-09 00:00:00,11193.73025275691,10151.887966643742,7403.101763213635
forecast_1609,2025-03-09 01:00:00,7521.196611405111,6346.263562483038,4313.522436922319
forecast_1610,2025-03-09 02:00:00,7164.659169405397,5885.05152577462,4383.193060771943
forecast_1611,2025-03-09 03:00:00,7542.032158184577,5925.690628390769,4661.676696567963
forecast_1612,2025-03-09 04:00:00,6708.756683794635,5074.466600801553,4013.574607684072
forecast_1613,2025-03-09 05:00:00,4780.15096167995,3442.0084647026283,2962.1925911067938
forecast_1614,2025-03-09 06:00:00,5224.401007735143,3734.190731845079,3009.208917313706
forecast_1615,2025-03-09 07:00:00,5754.245877443369,3706.196461722515,3760.6983266090238
forecast_1616,2025-03-09 08:00:00,3320.006892016514,1905.9812873522033,1378.874350781409
forecast_1617,2025-03-09 09:00:00,841.2587212360537,571.5900775797833,331.9923955375126
forecast_1618,2025-03-09 10:00:00,238.40240405553433,218.2005784679833,131.942363719078
forecast_1619,2025-03-09 11:00:00,236.69519624956325,179.29922265360818,132.93925514864387
forecast_1620,2025-03-09 12:00:00,146.21572585115382,128.8320324676016,113.35239911369797
forecast_1621,2025-03-09 13:00:00,121.73588714884727,129.64362811699178,110.3243636545076
forecast_1622,2025-03-09 14:00:00,167.5028581165384,179.46244419628374,140.24997366624103
forecast_1623,2025-03-09 15:00:00,250.08447907396692,220.96028566717894,149.1655676015175
forecast_1624,2025-03-09 16:00:00,213.8272805162209,191.5025611731805,120.74274015295039
forecast_1625,2025-03-09 17:00:00,254.0062832883731,219.62887021443427,134.99094650050841
forecast_1626,2025-03-09 18:00:00,311.65307528044286,280.8731942145501,135.55165854117388
forecast_1627,2025-03-09 19:00:00,623.9152811816917,579.1230655971953,242.05373513950056
forecast_1628,2025-03-09 20:00:00,697.004923068904,581.5461336741433,250.01164919957068
forecast_1629,2025-03-09 21:00:00,732.7356485736058,669.76595095322,298.37957737516933
forecast_1630,2025-03-09 22:00:00,1212.7680310703308,1245.1737071766238,569.9512987837542
forecast_1631,2025-03-09 23:00:00,1779.1149005869406,1691.9782739602715,1018.7052911969274
forecast_1632,2025-03-10 00:00:00,3300.326919607387,3418.6914068880637,2200.193595119751
forecast_1633,2025-03-10 01:00:00,4135.4503646190915,4584.642229021089,2659.846829994048
forecast_1634,2025-03-10 02:00:00,5927.509972627655,5947.0326993438575,4041.351384804996
forecast_1635,2025-03-10 03:00:00,6303.249129289085,6346.134072551572,3901.6705204414866
forecast_1636,2025-03-10 04:00:00,5854.020047854821,6217.841273895456,3505.7323750842925
forecast_1637,2025-03-10 05:00:00,5501.8943050167145,5998.699526841208,3228.390495926231
forecast_1638,2025-03-10 06:00:00,6149.856222385888,6258.656174147629,3491.687483763343
forecast_1639,2025-03-10 07:00:00,6686.687660551913,6643.234200598366,3936.8824478424235
forecast_1640,2025-03-10 08:00:00,6168.844896411673,6143.4697168968,3102.052132129592
forecast_1641,2025-03-10 09:00:00,4414.228819858391,4897.22606245983,1950.425593398611
forecast_1642,2025-03-10 10:00:00,3577.659975195692,3950.816341769741,1834.0627398264778
forecast_1643,2025-03-10 11:00:00,2589.6863743454032,3013.489946326233,1600.266171449869
forecast_1644,2025-03-10 12:00:00,2053.78929792132,2487.6022833189886,1632.1863835420133
forecast_1645,2025-03-10 13:00:00,2703.673117240978,2966.3661288059675,2368.6782352499863
forecast_1646,2025-03-10 14:00:00,4208.660358299993,4166.305272553105,3122.157311657908
forecast_1647,2025-03-10 15:00:00,5595.22493986797,5088.2099937586845,3615.5934447461855
forecast_1648,2025-03-10 16:00:00,6716.420952133277,6086.009794301337,3821.5185908790313
forecast_1649,2025-03-10 17:00:00,6936.517448256443,6517.506654311793,3882.1702821122217
forecast_1650,2025-03-10 18:00:00,7619.052900517319,8325.38851740316,4428.14069112793
forecast_1651,2025-03-10 19:00:00,7924.720999217082,7906.306295359396,4595.40903886515
forecast_1652,2025-03-10 20:00:00,9181.266203666877,9663.113915072972,5685.194259103703
forecast_1653,2025-03-10 21:00:00,11037.432938733587,11528.017580272743,7522.820139090432
forecast_1654,2025-03-10 22:00:00,13934.490739623296,14707.121702307437,9881.764633552642
forecast_1655,2025-03-10 23:00:00,14087.446376235894,14487.355739388759,11178.623853653573
forecast_1656,2025-03-11 00:00:00,17007.012792702335,16614.660708973795,13438.728126245596
forecast_1657,2025-03-11 01:00:00,17774.434061455482,16472.244662813006,12363.103828700245
forecast_1658,2025-03-11 02:00:00,17177.084749177164,16855.300332747385,12253.68586919152
forecast_1659,2025-03-11 03:00:00,17697.311252866617,16873.81491741408,12387.364427598444
forecast_1660,2025-03-11 04:00:00,19121.753698097415,18118.55373024905,12903.053830035322
forecast_1661,2025-03-11 05:00:00,19644.384824723988,17797.37633500989,12784.028426553094
forecast_1662,2025-03-11 06:00:00,18693.660370045567,16523.52981971248,11051.993699485573
forecast_1663,2025-03-11 07:00:00,15428.989411213972,13697.218937605458,8881.995789420995
forecast_1664,2025-03-11 08:00:00,9075.265372641741,7072.890280037392,5039.942225160487
forecast_1665,2025-03-11 09:00:00,4598.078198525088,2965.4264462199812,2204.18002796168
forecast_1666,2025-03-11 10:00:00,3009.1586261157195,1639.1389920280944,1242.4173050104978
forecast_1667,2025-03-11 11:00:00,1751.654189967564,1423.4147419560613,1142.4079966037116
forecast_1668,2025-03-11 12:00:00,1239.412763379669,1331.523280129629,1081.0203526226064
forecast_1669,2025-03-11 13:00:00,902.1708277354785,886.4580700596323,860.1325776482626
forecast_1670,2025-03-11 14:00:00,871.356056307688,1126.5378917466817,709.2746211771911
forecast_1671,2025-03-11 15:00:00,1092.471614800633,1283.9695800509035,908.4799759751427
forecast_1672,2025-03-11 16:00:00,1205.0752579151792,1263.793399619457,1106.7349832218333
forecast_1673,2025-03-11 17:00:00,1425.7263661218865,1338.7519878465541,1072.7910574005493
forecast_1674,2025-03-11 18:00:00,4919.9411678187025,4578.550469105575,3071.2314675643997
forecast_1675,2025-03-11 19:00:00,4505.898511658128,5293.766589925779,2958.122756315475
forecast_1676,2025-03-11 20:00:00,4720.734308778161,5273.180516034055,3012.185310553501
forecast_1677,2025-03-11 21:00:00,7892.7115514368925,7578.226515602325,4995.225247255852
forecast_1678,2025-03-11 22:00:00,7980.3964979340635,7424.243896504491,4726.179940753381
forecast_1679,2025-03-11 23:00:00,15879.253929886092,15048.334354922326,10769.0289768246
forecast_1680,2025-03-12 00:00:00,17712.18117348288,17003.213145668196,12918.248500332647
forecast_1681,2025-03-12 01:00:00,13877.626046363217,13784.902738393632,8981.412536810207
forecast_1682,2025-03-12 02:00:00,13163.195615778783,13945.429885071655,9149.110989331864
forecast_1683,2025-03-12 03:00:00,10581.003004404722,11406.868749865898,6127.834785017611
forecast_1684,2025-03-12 04:00:00,12770.712049862701,14001.556678389343,8767.318023831524
forecast_1685,2025-03-12 05:00:00,14399.128240828419,14743.680866480143,10954.468990553205
forecast_1686,2025-03-12 06:00:00,16326.519187879481,16142.522043661642,13163.977647214713
forecast_1687,2025-03-12 07:00:00,17936.84206220781,17745.905987751663,13676.190634227003
forecast_1688,2025-03-12 08:00:00,18052.977714794397,17624.529601625618,13866.693003423328
forecast_1689,2025-03-12 09:00:00,18294.57431268564,17353.755440347497,13988.369810962326
forecast_1690,2025-03-12 10:00:00,17502.619825990052,16849.074868421598,13223.906279849854
forecast_1691,2025-03-12 11:00:00,17280.51231051468,16170.22098511388,13008.391297255419
forecast_1692,2025-03-12 12:00:00,16414.260989985767,15025.917583170403,12573.15720696106
forecast_1693,2025-03-12 13:00:00,17091.161352420553,15306.689595763683,12563.147564054356
forecast_1694,2025-03-12 14:00:00,17390.962397801613,16425.84277849293,13330.119718134933
forecast_1695,2025-03-12 15:00:00,18040.93621717423,17108.862068499093,14012.292918861387
forecast_1696,2025-03-12 16:00:00,19781.5065948456,19021.00247347168,14795.671121245017
forecast_1697,2025-03-12 17:00:00,20045.14216955685,18911.28615880816,14960.891519389552
forecast_1698,2025-03-12 18:00:00,19224.86488149985,18504.13285674949,13651.731841996074
forecast_1699,2025-03-12 19:00:00,18608.6282822824,17611.15893692063,14099.397185831753
forecast_1700,2025-03-12 20:00:00,17548.017184902623,15414.433789861185,11976.069180379016
forecast_1701,2025-03-12 21:00:00,16154.26526255647,15355.273388597709,11634.061570170605
forecast_1702,2025-03-12 22:00:00,14163.81156181145,14506.961413412191,10407.586166921436
forecast_1703,2025-03-12 23:00:00,13100.149697806144,12213.165386800982,8581.92176904234
forecast_1704,2025-03-13 00:00:00,13579.482932504656,12170.354562278017,8508.502185155683
forecast_1705,2025-03-13 01:00:00,11745.304993655229,11463.797843340091,6926.223110950126
forecast_1706,2025-03-13 02:00:00,12731.747500148165,11850.487710645324,8509.53381878562
forecast_1707,2025-03-13 03:00:00,12941.63452270023,12730.723340971741,8725.647711243671
forecast_1708,2025-03-13 04:00:00,13176.99071712272,12467.128670851653,7932.844779978926
forecast_1709,2025-03-13 05:00:00,13008.502602057877,13320.470855706732,7749.209772431321
forecast_1710,2025-03-13 06:00:00,11886.817318259411,12057.77646933791,7857.467088111173
forecast_1711,2025-03-13 07:00:00,9805.092041033431,10658.235404222205,7107.956397609149
forecast_1712,2025-03-13 08:00:00,10849.867028095166,10808.321290687989,6281.298976005872
forecast_1713,2025-03-13 09:00:00,12566.849324259583,11324.951034441578,7570.70898595929
forecast_1714,2025-03-13 10:00:00,9360.319874812749,9425.42672091629,6289.302174533591
forecast_1715,2025-03-13 11:00:00,6719.424472886972,5595.3551599265365,3700.097836106527
forecast_1716,2025-03-13 12:00:00,4496.215506464451,3617.5506057270522,2757.05195676622
forecast_1717,2025-03-13 13:00:00,3586.3487064429896,2917.4965654939056,2521.6968134527297
forecast_1718,2025-03-13 14:00:00,2674.590390275362,2161.4746308257813,1959.1379770508315
forecast_1719,2025-03-13 15:00:00,1666.3645079799032,1499.5042118983808,1062.347820416949
forecast_1720,2025-03-13 16:00:00,1262.234333861615,1018.0850977433969,846.4543573383648
forecast_1721,2025-03-13 17:00:00,746.0738484506262,752.3356019461198,560.2990315158846
forecast_1722,2025-03-13 18:00:00,1662.0977820373905,1112.3486335147916,857.3300974862232
forecast_1723,2025-03-13 19:00:00,2742.5457635515786,2408.755897705442,1348.8951284559485
forecast_1724,2025-03-13 20:00:00,3505.6490656231067,2661.907447828928,1632.5302901583216
forecast_1725,2025-03-13 21:00:00,3805.0346974657837,3119.7549524402957,1854.2850832463098
forecast_1726,2025-03-13 22:00:00,4775.482246788966,4039.204981819727,2723.42987231263
forecast_1727,2025-03-13 23:00:00,4911.4719769326775,4093.1346918075565,2859.3620795877337
forecast_1728,2025-03-14 00:00:00,4171.678547939242,3372.8274912193297,2477.5270963000366
forecast_1729,2025-03-14 01:00:00,3126.4181705245587,2497.958786103209,1637.7776964052011
forecast_1730,2025-03-14 02:00:00,2325.3408627038275,2189.8404234522677,1151.5531319672325
forecast_1731,2025-03-14 03:00:00,2191.0961417094804,2147.506110185783,954.7716158059335
forecast_1732,2025-03-14 04:00:00,1866.842174070094,1907.0093206567203,751.8707735789021
forecast_1733,2025-03-14 05:00:00,1280.1772813544694,1190.8154189242002,535.8841897904815
forecast_1734,2025-03-14 06:00:00,1176.3836624368496,1083.4378755270131,422.6676110221263
forecast_1735,2025-03-14 07:00:00,927.9323940389645,836.3846443651091,239.5891076632607
forecast_1736,2025-03-14 08:00:00,775.98573713376,631.2648775794024,299.93216976368507
forecast_1737,2025-03-14 09:00:00,583.4234009627039,481.7918835226321,255.88022601224387
forecast_1738,2025-03-14 10:00:00,552.5217924927575,739.7823433636163,667.2164734297804
forecast_1739,2025-03-14 11:00:00,703.9151017920602,762.0034830480942,682.448329931739
forecast_1740,2025-03-14 12:00:00,752.0806268135159,972.9899180231296,788.4890131406892
forecast_1741,2025-03-14 13:00:00,787.640083323503,1060.3417853594808,917.6951135137191
forecast_1742,2025-03-14 14:00:00,938.4332182897012,1179.861794093623,967.5465035152807
forecast_1743,2025-03-14 15:00:00,1044.6903688268574,1296.400348643829,1081.7902990349328
forecast_1744,2025-03-14 16:00:00,1293.5881867395017,1227.0593480322452,995.3475230687757
forecast_1745,2025-03-14 17:00:00,1284.0001309651193,1254.3400292857673,952.192591108528
forecast_1746,2025-03-14 18:00:00,1033.8019226295044,916.846475719803,653.0019577386153
forecast_1747,2025-03-14 19:00:00,1131.5893717696376,1301.203881583211,641.7114512007041
forecast_1748,2025-03-14 20:00:00,1545.4387948799504,1378.0601030033715,793.2411950700216
forecast_1749,2025-03-14 21:00:00,1430.1436097814976,1530.9392045118666,625.8627278655368
forecast_1750,2025-03-14 22:00:00,1738.3230910196373,1658.5928122195828,807.6359605701007
forecast_1751,2025-03-14 23:00:00,1989.0572597869136,1675.0757130967663,846.5491146479425
forecast_1752,2025-03-15 00:00:00,2052.4320588454266,1781.752921494259,836.1017842763816
forecast_1753,2025-03-15 01:00:00,3744.759725910838,3969.27707144812,2234.1050990442877
forecast_1754,2025-03-15 02:00:00,3938.7300223369402,3920.381680322845,1620.385080003146
forecast_1755,2025-03-15 03:00:00,3977.580693912093,3769.7087009543775,1913.9044870430498
forecast_1756,2025-03-15 04:00:00,3931.8563903135487,4213.260065268711,1415.2065765571508
forecast_1757,2025-03-15 05:00:00,4123.916367589071,4125.721517438272,2103.780202483763
forecast_1758,2025-03-15 06:00:00,4071.1494293441556,4370.37322310559,2172.7925663960073
forecast_1759,2025-03-15 07:00:00,3856.3132899108973,4739.029732589084,2666.313225905457
forecast_1760,2025-03-15 08:00:00,3826.8044084465637,5184.0851729788465,2910.20259551914
forecast_1761,2025-03-15 09:00:00,3930.4756313204166,4557.574657717629,2589.2087970532966
forecast_1762,2025-03-15 10:00:00,4181.678524678281,4292.768057653584,2720.3544969461636
forecast_1763,2025-03-15 11:00:00,3909.7594899867604,4157.884416439856,2743.3718279894774
forecast_1764,2025-03-15 12:00:00,3358.3692414130974,3309.7866117412523,2597.442802539997
forecast_1765,2025-03-15 13:00:00,3223.3486599395724,2844.7279244380115,2531.00350302855
forecast_1766,2025-03-15 14:00:00,2612.761026238008,2510.128878785374,2209.552321173434
forecast_1767,2025-03-15 15:00:00,1294.9180203310586,1323.0676127264878,1259.8966885571886
forecast_1768,2025-03-15 16:00:00,1244.7879979353013,1110.7632745563124,1071.38605892288
forecast_1769,2025-03-15 17:00:00,927.3725387941469,1005.9134641815912,852.9860148425367
forecast_1770,2025-03-15 18:00:00,956.502049735107,998.3290498066631,1000.1499879168956
forecast_1771,2025-03-15 19:00:00,968.7528318500379,1080.0022087733323,825.3298222332163
forecast_1772,2025-03-15 20:00:00,1127.3477459864853,1328.7041938610935,1151.2520514778012
forecast_1773,2025-03-15 21:00:00,1733.985359194034,1714.459500108653,1365.117651277774
forecast_1774,2025-03-15 22:00:00,1986.6341240773806,1972.862196812915,1307.7832747021616
forecast_1775,2025-03-15 23:00:00,1612.3747813824925,1699.0131015885418,951.3077825625313
forecast_1776,2025-03-16 00:00:00,1355.5527166924576,1543.0624003256262,880.4974614751327
forecast_1777,2025-03-16 01:00:00,1348.195024537546,1297.4593573566347,696.2043037236409
forecast_1778,2025-03-16 02:00:00,1302.887507415347,1097.5820758135803,633.2522234981604
forecast_1779,2025-03-16 03:00:00,1220.1507343422495,1159.408793316606,604.2761783105861
forecast_1780,2025-03-16 04:00:00,1122.0117953106355,1182.7265606562996,572.7976947009644
forecast_1781,2025-03-16 05:00:00,830.0675960310439,720.0436119370643,261.39801458776697
forecast_1782,2025-03-16 06:00:00,541.0809005205479,515.1346268165661,186.98024254676633
forecast_1783,2025-03-16 07:00:00,656.7118030291757,698.4312613448528,207.17027198341313
forecast_1784,2025-03-16 08:00:00,710.3197459195519,767.0664196479294,243.99560297994452
forecast_1785,2025-03-16 09:00:00,836.7789748592455,730.6065716271463,256.3312814561336
forecast_1786,2025-03-16 10:00:00,653.232462479031,650.602461602386,308.4948821667718
forecast_1787,2025-03-16 11:00:00,743.1266849423217,751.2312446115392,413.0055914022072
forecast_1788,2025-03-16 12:00:00,859.6288201653811,1104.4716328795391,502.7927650643055
forecast_1789,2025-03-16 13:00:00,1182.5746797146578,1466.4801381349373,770.9722722097254
forecast_1790,2025-03-16 14:00:00,2865.42281355794,2773.1871494937836,1616.2260545584036
forecast_1791,2025-03-16 15:00:00,4748.261241513385,4372.441275079923,3524.004609541858
forecast_1792,2025-03-16 16:00:00,7874.600827117569,7235.720668003272,5816.64461898588
forecast_1793,2025-03-16 17:00:00,8832.525566782868,8422.934884902452,6420.407481386303
forecast_1794,2025-03-16 18:00:00,8618.59223152862,8173.1834309070255,6366.391691597415
forecast_1795,2025-03-16 19:00:00,9425.798017025147,8976.734385310123,6480.811811974562
forecast_1796,2025-03-16 20:00:00,11861.44736568737,10836.425058333278,8535.173843242519
forecast_1797,2025-03-16 21:00:00,13550.280735520302,12470.3180881771,10312.077281446183
forecast_1798,2025-03-16 22:00:00,12405.601083808175,11933.704222382263,9083.50125741139
forecast_1799,2025-03-16 23:00:00,8935.345079027094,8126.034424229633,6619.056910446166
forecast_1800,2025-03-17 00:00:00,6840.801856808924,7070.985130769179,4379.255041619731
forecast_1801,2025-03-17 01:00:00,13474.359147146335,13387.882179263072,8502.394648621867
forecast_1802,2025-03-17 02:00:00,11338.732952320584,9966.829815353856,7454.374688734255
forecast_1803,2025-03-17 03:00:00,9913.990759205577,9196.86164424476,6495.835608318151
forecast_1804,2025-03-17 04:00:00,9441.52511567689,8579.955189043336,5801.018805519633
forecast_1805,2025-03-17 05:00:00,7858.296496667464,6486.655940558479,4862.274511021858
forecast_1806,2025-03-17 06:00:00,6013.919306769478,6369.67340436279,4795.738133553528
forecast_1807,2025-03-17 07:00:00,3600.6620016984307,4030.3084565139616,2790.619443740646
forecast_1808,2025-03-17 08:00:00,3975.8613516920946,3434.7218076774598,1865.9058130638846
forecast_1809,2025-03-17 09:00:00,3544.4336259808624,2539.919529490968,1594.8312802212201
forecast_1810,2025-03-17 10:00:00,2966.853011499855,1980.0062713352781,1582.9213601456881
forecast_1811,2025-03-17 11:00:00,2699.227538444231,2668.5879106762577,1772.6349893536394
forecast_1812,2025-03-17 12:00:00,3640.9217239831282,3418.27970641896,2523.3904813532795
forecast_1813,2025-03-17 13:00:00,7291.329293289165,6828.9614664966,5223.602170026692
forecast_1814,2025-03-17 14:00:00,8719.326442951324,8731.462536091052,7799.903424012384
forecast_1815,2025-03-17 15:00:00,11495.747122262866,10535.390207470109,8661.036030342575
forecast_1816,2025-03-17 16:00:00,11014.347962803437,10488.197883493127,8745.681330817775
forecast_1817,2025-03-17 17:00:00,11015.990571096065,9617.275223156543,8113.807487287829
forecast_1818,2025-03-17 18:00:00,10181.542261737044,8763.121065958607,7685.4907002711325
forecast_1819,2025-03-17 19:00:00,11302.12329536604,10447.325597814714,8445.707995628838
forecast_1820,2025-03-17 20:00:00,11481.22625364939,11268.007863382358,9153.249869263262
forecast_1821,2025-03-17 21:00:00,13135.628404122841,12694.211855911977,10712.899576574317
forecast_1822,2025-03-17 22:00:00,15355.621614209678,13802.627789617309,11284.470744707029
forecast_1823,2025-03-17 23:00:00,10033.861351026277,10489.733806651246,6315.158454947651
forecast_1824,2025-03-18 00:00:00,8471.93796381835,8999.52149854078,5145.346150142933
forecast_1825,2025-03-18 01:00:00,4938.940427896695,6050.271657331059,3679.6234552113992
forecast_1826,2025-03-18 02:00:00,4812.841938383308,5398.140465390592,2928.8218334550916
forecast_1827,2025-03-18 03:00:00,4156.929562195919,3819.4888441161506,1965.1228246791657
forecast_1828,2025-03-18 04:00:00,3757.2580562249195,2966.1092450284423,1844.0499329118848
forecast_1829,2025-03-18 05:00:00,3590.8804986559644,3017.359614694906,1830.206129381917
forecast_1830,2025-03-18 06:00:00,3083.8648849963056,2584.2227354013944,1186.9943026728442
forecast_1831,2025-03-18 07:00:00,1486.0449327558713,1106.6698604707065,510.2425404840153
forecast_1832,2025-03-18 08:00:00,1050.699152943802,1001.8914910450058,455.28372729604325
forecast_1833,2025-03-18 09:00:00,1928.7387456627448,2195.1101043178,637.4124978079388
forecast_1834,2025-03-18 10:00:00,1782.2540756912047,1819.5902176714308,1135.7362210701729
forecast_1835,2025-03-18 11:00:00,745.496886721081,659.8383609889381,487.94994360148695
forecast_1836,2025-03-18 12:00:00,874.9000387071698,1022.3096945035279,654.1823936035345
forecast_1837,2025-03-18 13:00:00,1399.0702923978163,1531.634222320661,940.369057144794
forecast_1838,2025-03-18 14:00:00,4193.829044768896,3354.234204612563,1904.6874075134385
forecast_1839,2025-03-18 15:00:00,6431.548988511781,6491.241262803264,3426.5163907601955
forecast_1840,2025-03-18 16:00:00,12640.311851612476,12263.655584249065,8146.852013299747
forecast_1841,2025-03-18 17:00:00,14489.099189234686,15030.700647346852,9693.549428043021
forecast_1842,2025-03-18 18:00:00,14508.43705785424,15210.459275234678,9210.783281323915
forecast_1843,2025-03-18 19:00:00,13178.330612721109,13408.509765300058,8054.36377921152
forecast_1844,2025-03-18 20:00:00,12017.942502966229,11811.679118845701,7415.6040535086095
forecast_1845,2025-03-18 21:00:00,10968.088501344306,10183.636617037348,6632.766289416974
forecast_1846,2025-03-18 22:00:00,5896.933665918945,5222.111327371457,3654.2482219355497
forecast_1847,2025-03-18 23:00:00,4675.794900463757,4408.490842789342,2843.0078219634706
forecast_1848,2025-03-19 00:00:00,3816.965411308955,4345.5387609875625,2578.389907989492
forecast_1849,2025-03-19 01:00:00,3681.02550330061,2795.3335842992665,1691.7000171957652
forecast_1850,2025-03-19 02:00:00,3227.203351071151,2643.7347269382967,1477.7476259012649
forecast_1851,2025-03-19 03:00:00,2846.0193549445175,2562.996119391837,1230.9927907336835
forecast_1852,2025-03-19 04:00:00,2382.9631484073043,1890.7465314722576,1179.0007907430465
forecast_1853,2025-03-19 05:00:00,2338.2819032080524,1688.0995069239286,1264.950192387497
forecast_1854,2025-03-19 06:00:00,1850.7491655074311,1553.3548993309714,1466.6049802877135
forecast_1855,2025-03-19 07:00:00,2440.209334498239,2573.8755593404953,1907.432464015487
forecast_1856,2025-03-19 08:00:00,4128.6401218354595,3738.7838949516863,2387.224053975483
forecast_1857,2025-03-19 09:00:00,4102.795308426823,4339.624086111394,2479.219573686877
forecast_1858,2025-03-19 10:00:00,6319.263144827581,6306.304453216577,4652.933471303415
forecast_1859,2025-03-19 11:00:00,6783.3834651820125,6524.495245222673,5961.762821361111
forecast_1860,2025-03-19 12:00:00,7504.114834461006,7229.033704393538,6045.14483818047
forecast_1861,2025-03-19 13:00:00,8823.669355266482,8103.179978447383,6392.074707039871
forecast_1862,2025-03-19 14:00:00,9571.852894583182,8052.331024992266,6299.535713009662
forecast_1863,2025-03-19 15:00:00,10681.004937306117,9890.317554661033,7756.362214720965
forecast_1864,2025-03-19 16:00:00,11245.129152625579,10249.591664822285,8173.805087857949
forecast_1865,2025-03-19 17:00:00,10165.942968394038,10009.457941153842,7531.250866119379
forecast_1866,2025-03-19 18:00:00,12249.458823701078,11557.730883141632,8584.472590323143
forecast_1867,2025-03-19 19:00:00,13531.681963306588,12942.500489806414,9442.14942765953
forecast_1868,2025-03-19 20:00:00,13739.72099673022,13523.942846827444,10506.194142616163
forecast_1869,2025-03-19 21:00:00,13830.074356353103,14271.96729181423,10673.511278080154
forecast_1870,2025-03-19 22:00:00,14254.126385595539,14889.171288955804,10906.52541735441
forecast_1871,2025-03-19 23:00:00,13989.715775259938,14530.840537274344,10440.115615544615
forecast_1872,2025-03-20 00:00:00,15982.916081286561,16468.986708414224,11838.08742145336
forecast_1873,2025-03-20 01:00:00,16322.323394392924,16772.279445518743,11485.512402269438
forecast_1874,2025-03-20 02:00:00,17822.68438470756,17838.857578063387,12524.991000984573
forecast_1875,2025-03-20 03:00:00,18417.766107916923,18153.87712275098,13045.388442464258
forecast_1876,2025-03-20 04:00:00,18779.014530920085,17881.89936004077,12634.495817009405
forecast_1877,2025-03-20 05:00:00,18225.356204353433,17705.432952855957,12897.042948136577
forecast_1878,2025-03-20 06:00:00,18900.587630167178,18237.72292843339,14222.952701534135
forecast_1879,2025-03-20 07:00:00,19243.38878997012,18417.0896125395,14759.664684150895
forecast_1880,2025-03-20 08:00:00,18163.016463908974,17993.886369795666,14348.18907122275
forecast_1881,2025-03-20 09:00:00,16471.75438102187,17376.69726248478,13846.458428531338
forecast_1882,2025-03-20 10:00:00,15440.80341181332,15826.24537773044,13071.619024198311
forecast_1883,2025-03-20 11:00:00,15302.215641461638,15664.583986361715,13250.110437784828
forecast_1884,2025-03-20 12:00:00,16161.606966829086,15740.082583050906,13558.218340275393
forecast_1885,2025-03-20 13:00:00,16824.890781603888,15953.051371074836,13270.155451031509
forecast_1886,2025-03-20 14:00:00,18390.598673314453,17395.56173542933,14004.159118446021
forecast_1887,2025-03-20 15:00:00,18382.992390040694,17373.13460899988,14495.0573490412
forecast_1888,2025-03-20 16:00:00,18620.276786583236,18040.440492284,14720.392549528277
forecast_1889,2025-03-20 17:00:00,18693.683923099165,18201.06867524326,14734.660131479388
forecast_1890,2025-03-20 18:00:00,19205.097950996016,18156.226084415488,15044.715975058425
forecast_1891,2025-03-20 19:00:00,19410.853811497942,18886.558215949375,15001.214958244549
forecast_1892,2025-03-20 20:00:00,19690.44136920992,19076.646885205857,15454.779710760076
forecast_1893,2025-03-20 21:00:00,20156.690999318052,19347.47059340623,15163.643062190667
forecast_1894,2025-03-20 22:00:00,20294.440818395437,19512.381793128763,15423.36485428459
forecast_1895,2025-03-20 23:00:00,20195.35535370545,19504.80639849761,15833.590155633228
forecast_1896,2025-03-21 00:00:00,20136.670606806438,19292.301834558526,15202.947223822553
forecast_1897,2025-03-21 01:00:00,18267.43095887495,17729.276591992322,14280.087191198023
forecast_1898,2025-03-21 02:00:00,19510.07011782426,18864.742489986318,15038.390330462718
forecast_1899,2025-03-21 03:00:00,20215.559944894423,19195.27521304451,15664.060771352157
forecast_1900,2025-03-21 04:00:00,20155.821633424577,19200.163972142484,15600.817884738532
forecast_1901,2025-03-21 05:00:00,20123.969799975934,19081.349982120228,15447.147777616508
forecast_1902,2025-03-21 06:00:00,20179.038536070897,19158.74771126576,15318.359459036903
forecast_1903,2025-03-21 07:00:00,20248.665089139682,19134.028971079708,15380.177837735571
forecast_1904,2025-03-21 08:00:00,20038.45398342939,19054.62829568529,15152.221450243069
forecast_1905,2025-03-21 09:00:00,19775.69007078652,18887.15451812019,15106.69025079972
forecast_1906,2025-03-21 10:00:00,19739.710953157763,19284.23821584382,15023.75104126856
forecast_1907,2025-03-21 11:00:00,19323.77419730077,18915.133119959795,14621.414850338015
forecast_1908,2025-03-21 12:00:00,19156.386850510862,18876.065901007565,14429.054627966405
forecast_1909,2025-03-21 13:00:00,18985.68623337814,18562.222911494977,14170.295068453997
forecast_1910,2025-03-21 14:00:00,18918.35431744788,18459.26108040159,13173.557834081847
forecast_1911,2025-03-21 15:00:00,18457.41723535131,18386.916019447097,12669.60474277857
forecast_1912,2025-03-21 16:00:00,18332.16165053441,18530.073132922837,12589.197725565176
forecast_1913,2025-03-21 17:00:00,18534.124149238152,18496.969698401266,12678.532653351245
forecast_1914,2025-03-21 18:00:00,19143.429439472595,18711.631423747232,14123.744716147728
forecast_1915,2025-03-21 19:00:00,19515.138174296502,18839.67317940766,14647.647041880515
forecast_1916,2025-03-21 20:00:00,19326.112771495278,18604.024311352292,15153.40278931786
forecast_1917,2025-03-21 21:00:00,19398.680484271743,18703.51977231986,14804.45444500935
forecast_1918,2025-03-21 22:00:00,18356.0016122002,17856.578247921865,14284.261039464935
forecast_1919,2025-03-21 23:00:00,18871.001446147842,18271.44898296774,14952.985172427272
forecast_1920,2025-03-22 00:00:00,18825.056129515477,18712.74818453379,15237.855185580835
forecast_1921,2025-03-22 01:00:00,19742.01830272181,19135.94652089864,15110.48992578508
forecast_1922,2025-03-22 02:00:00,19727.195452526103,19381.414497674046,15241.919491386414
forecast_1923,2025-03-22 03:00:00,19779.375315323585,19329.769692713206,14825.556841163629
forecast_1924,2025-03-22 04:00:00,19854.98715955205,19248.10589487247,14904.920138180016
forecast_1925,2025-03-22 05:00:00,19943.198954204,19367.697722149518,15249.873397408352
forecast_1926,2025-03-22 06:00:00,20030.98050848341,19416.579585998756,14903.498932706083
forecast_1927,2025-03-22 07:00:00,19835.13632880433,19239.640025137578,14971.756749920429
forecast_1928,2025-03-22 08:00:00,19891.902508124946,19128.09009235511,15370.488297004476
forecast_1929,2025-03-22 09:00:00,19712.924105921662,19132.07694974223,15122.591536763233
forecast_1930,2025-03-22 10:00:00,19166.9069317727,18960.265048628182,14375.817274481702
forecast_1931,2025-03-22 11:00:00,19205.74090934845,18783.13403335101,14092.422660640268
forecast_1932,2025-03-22 12:00:00,18988.867958249168,18860.74952686061,13984.269493837877
forecast_1933,2025-03-22 13:00:00,18494.64489555761,18573.864392302403,13836.315948619724
forecast_1934,2025-03-22 14:00:00,18091.532784021645,18227.46112324543,13886.510120356295
forecast_1935,2025-03-22 15:00:00,17993.825433482798,18201.753438048694,13928.043832168849
forecast_1936,2025-03-22 16:00:00,17570.34797836404,17909.19111913387,13361.493688713283
forecast_1937,2025-03-22 17:00:00,17503.699785433713,17519.771468371357,12511.356691261159
forecast_1938,2025-03-22 18:00:00,17597.723200712313,17480.032190560247,12838.3352028307
forecast_1939,2025-03-22 19:00:00,18148.754130341018,17657.8729882213,13169.102527219651
forecast_1940,2025-03-22 20:00:00,18767.48414001921,18057.405574614473,13864.263292701184
forecast_1941,2025-03-22 21:00:00,18768.262283464504,18109.4829045345,14762.058441566563
forecast_1942,2025-03-22 22:00:00,18723.3717570312,18294.87462285847,14886.357648200521
forecast_1943,2025-03-22 23:00:00,18324.087558481693,18148.09200602136,15223.718301721552
forecast_1944,2025-03-23 00:00:00,18346.25394341892,17615.11211652261,14833.351387939209
forecast_1945,2025-03-23 01:00:00,18573.89625927089,18231.611580860397,14098.594172039362
forecast_1946,2025-03-23 02:00:00,17536.887265026424,17110.73849453272,13339.680945890232
forecast_1947,2025-03-23 03:00:00,17728.57180691222,17380.81218336334,13738.896650804567
forecast_1948,2025-03-23 04:00:00,17648.58627087697,16819.454582548464,13595.351583627536
forecast_1949,2025-03-23 05:00:00,13410.23698622951,14991.657530640357,10198.643575874226
forecast_1950,2025-03-23 06:00:00,12567.242813312214,13302.013281139682,9109.462890270352
forecast_1951,2025-03-23 07:00:00,10236.2142937096,9806.805597986784,6174.811751826195
forecast_1952,2025-03-23 08:00:00,6881.972445619083,6440.433941544833,3556.1444088125068
forecast_1953,2025-03-23 09:00:00,4454.962097622677,3629.1279422411258,1774.035469228422
forecast_1954,2025-03-23 10:00:00,1662.5111904336336,1587.8574955795243,884.9532628324823
forecast_1955,2025-03-23 11:00:00,875.5696677337388,1051.8500837283507,400.0647116715282
forecast_1956,2025-03-23 12:00:00,572.2099412599069,714.6907738752682,283.4394937666742
forecast_1957,2025-03-23 13:00:00,735.6279103874983,817.4315890417357,308.74855044353257
forecast_1958,2025-03-23 14:00:00,1089.481556677655,1093.4068167206026,476.84311336044794
forecast_1959,2025-03-23 15:00:00,1814.0671216206192,2177.324503365274,756.0802752480565
forecast_1960,2025-03-23 16:00:00,3325.7910800139575,3476.9731357248847,1510.8172417962464
forecast_1961,2025-03-23 17:00:00,3548.595450665115,4437.331732700578,1864.8530150429578
forecast_1962,2025-03-23 18:00:00,3460.3815804503242,3870.1097681933443,1993.3598303703286
forecast_1963,2025-03-23 19:00:00,4313.7581526665435,5264.592180561884,2890.040880726758
forecast_1964,2025-03-23 20:00:00,5826.6435253946875,7870.106068010747,3808.0887846164537
forecast_1965,2025-03-23 21:00:00,7860.855465263738,10175.680462165941,5284.624549044419
forecast_1966,2025-03-23 22:00:00,8968.316401800837,11420.591343358266,6193.429581346582
forecast_1967,2025-03-23 23:00:00,11165.607044665812,12935.756723762193,7232.066549968688
forecast_1968,2025-03-24 00:00:00,12089.493240998789,13602.65541493447,8052.227875932681
forecast_1969,2025-03-24 01:00:00,13619.334895358717,15104.682838761684,9515.381129223537
forecast_1970,2025-03-24 02:00:00,11213.342427596148,13217.34715559545,7857.845674706716
forecast_1971,2025-03-24 03:00:00,11044.028135421895,12411.95769407716,9326.020122754577
forecast_1972,2025-03-24 04:00:00,9749.373084148834,11829.395352206784,8072.3563024933455
forecast_1973,2025-03-24 05:00:00,9424.268716472327,10732.81325249593,7020.604958072268
forecast_1974,2025-03-24 06:00:00,12740.85127538205,14059.891409432168,10251.653936282579
forecast_1975,2025-03-24 07:00:00,13980.269068794472,15127.001101621065,10938.457270092455
forecast_1976,2025-03-24 08:00:00,14197.72518537171,14764.086752989964,10948.876827473123
forecast_1977,2025-03-24 09:00:00,13984.439115131616,14477.15564348001,11650.793412690045
forecast_1978,2025-03-24 10:00:00,15584.044056805578,14609.093565535219,12650.442108317595
forecast_1979,2025-03-24 11:00:00,17024.25822300392,16025.080949425897,13663.167646563124
forecast_1980,2025-03-24 12:00:00,18116.818552247558,18015.609071586077,13661.613210367332
forecast_1981,2025-03-24 13:00:00,18146.564142944335,17928.572892929275,13762.593532689292
forecast_1982,2025-03-24 14:00:00,17460.958395418547,17164.23587187751,13683.83659164051
forecast_1983,2025-03-24 15:00:00,16345.92288797925,15477.305288603948,13372.16995103682
forecast_1984,2025-03-24 16:00:00,16288.727037431288,15479.780174387139,13039.65345550298
forecast_1985,2025-03-24 17:00:00,14011.656292120175,13840.433461834955,12063.365840070388
forecast_1986,2025-03-24 18:00:00,12486.987497494516,12588.378864720378,10403.326622529286
forecast_1987,2025-03-24 19:00:00,13238.004332704804,13535.228295164055,11773.232870564152
forecast_1988,2025-03-24 20:00:00,13281.158315393219,13713.329718134783,11650.257876264412
forecast_1989,2025-03-24 21:00:00,15451.884662301707,14805.625619159446,13174.96045981285
forecast_1990,2025-03-24 22:00:00,16307.63274415622,16134.979828028514,13815.120861453159
forecast_1991,2025-03-24 23:00:00,16840.385909542336,16753.345068443916,14110.790802729163
forecast_1992,2025-03-25 00:00:00,17338.824332009328,15786.31729084238,13432.830595231855
forecast_1993,2025-03-25 01:00:00,18929.472571178532,17620.68540228201,14078.684116717091
forecast_1994,2025-03-25 02:00:00,18901.715369371348,16648.887673377227,13204.3171569138
forecast_1995,2025-03-25 03:00:00,16419.84440645556,15629.133253327775,12376.15606423982
forecast_1996,2025-03-25 04:00:00,12550.87183247545,12733.081318316641,8421.148437172285
forecast_1997,2025-03-25 05:00:00,8914.756834117608,8433.561854167085,5513.757365030384
forecast_1998,2025-03-25 06:00:00,7241.73234335335,7143.201931418147,3654.0566847772598
forecast_1999,2025-03-25 07:00:00,7230.617856058682,7052.156445880235,3984.2711702718775
forecast_2000,2025-03-25 08:00:00,7735.520589196853,7987.451275463386,4054.3174025769786
forecast_2001,2025-03-25 09:00:00,6687.289661286637,7060.685903713881,3895.7953183149557
forecast_2002,2025-03-25 10:00:00,7278.378370255231,8145.137109798867,5890.334320153246
forecast_2003,2025-03-25 11:00:00,8071.532493884556,8750.654701120488,7459.476578285691
forecast_2004,2025-03-25 12:00:00,9905.877657407229,10122.232701812272,9183.567027426796
forecast_2005,2025-03-25 13:00:00,11661.358921846739,13998.244492775964,11468.262279504217
forecast_2006,2025-03-25 14:00:00,15851.164211680365,16620.76687969145,13451.332810132819
forecast_2007,2025-03-25 15:00:00,16763.34531704224,17682.92129757605,13954.25405139139
forecast_2008,2025-03-25 16:00:00,17619.904517217008,17634.13066690623,12953.014575774512
forecast_2009,2025-03-25 17:00:00,17435.954907917814,16798.708512325447,13539.658367737717
forecast_2010,2025-03-25 18:00:00,18745.354799058652,18345.60764008386,15070.979679315784
forecast_2011,2025-03-25 19:00:00,18570.43816490171,17681.144051755,12713.9125390994
forecast_2012,2025-03-25 20:00:00,17884.979964147395,17497.227269708157,12408.960126035578
forecast_2013,2025-03-25 21:00:00,18227.593329133095,18223.113202480043,11271.864771766877
forecast_2014,2025-03-25 22:00:00,18718.974988835504,18724.401132080548,14240.841568747941
forecast_2015,2025-03-25 23:00:00,19203.503944426076,18524.32661785835,14412.925747250085
forecast_2016,2025-03-26 00:00:00,19388.720669401348,18760.198581922767,14265.779376989793
forecast_2017,2025-03-26 01:00:00,18626.181704795483,18351.066563887027,13956.155567385467
forecast_2018,2025-03-26 02:00:00,18479.49925010879,18229.69280455928,13897.839089259915
forecast_2019,2025-03-26 03:00:00,17553.127924670596,17310.901398995607,13001.381189927442
forecast_2020,2025-03-26 04:00:00,16500.097217123886,14988.653812529006,12049.191546710063
forecast_2021,2025-03-26 05:00:00,13975.3384478425,13442.805329035085,9477.165534302061
forecast_2022,2025-03-26 06:00:00,10413.079237544429,10250.586498381013,6743.535066466357
forecast_2023,2025-03-26 07:00:00,5269.698964188709,4800.962659002074,3285.7400839231323
forecast_2024,2025-03-26 08:00:00,2784.690397587809,2268.504681942946,2007.7851488084796
forecast_2025,2025-03-26 09:00:00,2376.1114260827394,1991.1955342041201,1382.1389470769582
forecast_2026,2025-03-26 10:00:00,1017.9964530347893,933.0553396778087,459.7129798767754
forecast_2027,2025-03-26 11:00:00,863.8910190805814,953.7366144433263,590.0005944683838
forecast_2028,2025-03-26 12:00:00,1801.4396215866893,1866.47083227297,689.7787310404698
forecast_2029,2025-03-26 13:00:00,1874.0210518139559,2244.7414042670684,921.7301776751531
forecast_2030,2025-03-26 14:00:00,2492.0169254400003,2760.1810758339516,1209.7805330225601
forecast_2031,2025-03-26 15:00:00,3218.9984781353846,3514.169657271203,1992.3838077256098
forecast_2032,2025-03-26 16:00:00,2829.2995935117365,3172.756235099279,1812.1009965849291
forecast_2033,2025-03-26 17:00:00,3131.3637287008587,3990.808601397765,2323.4352119475566
forecast_2034,2025-03-26 18:00:00,5120.844277722927,6170.4607928519035,3617.6845963038063
forecast_2035,2025-03-26 19:00:00,7679.3505557880335,8158.502768953016,4517.725086246993
forecast_2036,2025-03-26 20:00:00,8360.429591338316,10006.989545214292,4717.792649331617
forecast_2037,2025-03-26 21:00:00,9369.902693092085,11058.016231043457,5171.419219577855
forecast_2038,2025-03-26 22:00:00,10759.340838208529,12211.22526066497,6718.217421416835
forecast_2039,2025-03-26 23:00:00,11649.317425584903,13247.403472251865,7688.1159568065705
forecast_2040,2025-03-27 00:00:00,14452.215457800494,16060.336819168786,11914.973470235609
forecast_2041,2025-03-27 01:00:00,15992.754391012624,17568.159976583847,13511.930791032622
forecast_2042,2025-03-27 02:00:00,16245.76366015783,18117.485652379604,13645.944019072973
forecast_2043,2025-03-27 03:00:00,16806.61879205764,18151.16311730909,13896.023602454217
forecast_2044,2025-03-27 04:00:00,16910.614621094617,18086.5862064966,14147.84091189987
forecast_2045,2025-03-27 05:00:00,14969.30628345539,15664.718432995634,10890.187076729548
forecast_2046,2025-03-27 06:00:00,11993.048357227352,12504.014878182665,8784.757287054214
forecast_2047,2025-03-27 07:00:00,12316.81121366195,13526.154266732874,10022.413551919424
forecast_2048,2025-03-27 08:00:00,13219.572683128392,14344.599987193242,11868.270045373094
forecast_2049,2025-03-27 09:00:00,12446.445297133445,13405.227309132988,10217.469827268902
forecast_2050,2025-03-27 10:00:00,10585.683702688033,11377.827995120895,7817.572117555158
forecast_2051,2025-03-27 11:00:00,10149.757350983902,12026.084911049966,8055.827406635772
forecast_2052,2025-03-27 12:00:00,9540.969599179078,10909.458997544883,7822.863560532302
forecast_2053,2025-03-27 13:00:00,8248.417027033804,9553.443374654778,6504.393678829206
forecast_2054,2025-03-27 14:00:00,8850.418656661428,9754.406422236932,6839.662505587697
forecast_2055,2025-03-27 15:00:00,8751.81974993239,8774.618865919101,7051.7272285869885
forecast_2056,2025-03-27 16:00:00,8705.170430795039,7993.912236576893,5107.583007234759
forecast_2057,2025-03-27 17:00:00,8164.367671013438,7942.296909604905,4849.304577688381
forecast_2058,2025-03-27 18:00:00,9374.871695929362,8874.942106431467,5914.45562960536
forecast_2059,2025-03-27 19:00:00,9769.18368118902,8979.314575979304,5845.206786682134
forecast_2060,2025-03-27 20:00:00,9575.61130751405,9129.766287588938,6237.452391108883
forecast_2061,2025-03-27 21:00:00,11073.703902724888,11377.555260427582,7534.695586041468
forecast_2062,2025-03-27 22:00:00,12238.431983379887,12545.642273930947,8806.975443813571
forecast_2063,2025-03-27 23:00:00,11317.569196556458,11454.189471754278,7960.793743992303
forecast_2064,2025-03-28 00:00:00,11324.970891418148,11196.543621125478,6878.770715899963
forecast_2065,2025-03-28 01:00:00,4009.4464303391346,4513.414759365101,2127.263967671777
forecast_2066,2025-03-28 02:00:00,3345.401905820238,3887.1382009467397,1791.4685516028542
forecast_2067,2025-03-28 03:00:00,2881.4446675373283,2615.0914526959373,1462.8075235311999
forecast_2068,2025-03-28 04:00:00,2344.7333993332154,2444.887404355496,1402.4251174057665
forecast_2069,2025-03-28 05:00:00,1661.232093295793,1734.6673154275447,636.2863586385039
forecast_2070,2025-03-28 06:00:00,1437.3376877534902,1384.4445117807952,484.2656261929428
forecast_2071,2025-03-28 07:00:00,1301.7694584821377,1162.2448523205978,632.6441789731383
forecast_2072,2025-03-28 08:00:00,1054.1662555243802,963.3742874003766,495.32758809674385
forecast_2073,2025-03-28 09:00:00,1299.1028815770794,1356.4992878190415,693.1562602103105
forecast_2074,2025-03-28 10:00:00,979.6809847788674,1112.1426517525606,690.529423783001
forecast_2075,2025-03-28 11:00:00,934.841844565145,1070.4199646439365,680.926568558051
forecast_2076,2025-03-28 12:00:00,1272.2810864716703,1130.547693873256,793.4578569677631
forecast_2077,2025-03-28 13:00:00,1538.7381414613267,1847.5998442988878,1022.6087640852899
forecast_2078,2025-03-28 14:00:00,2467.736497075664,2069.2439371640594,1571.7272745578434
forecast_2079,2025-03-28 15:00:00,2917.936646373695,2229.0832686526737,1975.0532089748565
forecast_2080,2025-03-28 16:00:00,2974.9896269947276,2643.1491727541375,1966.7087082819123
forecast_2081,2025-03-28 17:00:00,2118.2403611188643,1595.0385199509592,1079.962498034622
forecast_2082,2025-03-28 18:00:00,2559.1883578275174,2873.070967067139,1063.0048966653155
forecast_2083,2025-03-28 19:00:00,3823.926274784619,3679.1781883817075,2096.522233787649
forecast_2084,2025-03-28 20:00:00,6761.546741735593,7355.875426151012,4710.49451507783
forecast_2085,2025-03-28 21:00:00,9996.378657881016,9753.91620481545,7206.47746573628
forecast_2086,2025-03-28 22:00:00,10127.091606603815,11305.584551231526,6545.354499013004
forecast_2087,2025-03-28 23:00:00,7632.032773657147,7464.778666464133,4692.713035734613
forecast_2088,2025-03-29 00:00:00,8140.976319702781,8007.464970028762,4303.361939551196
forecast_2089,2025-03-29 01:00:00,1165.4227152076805,1089.8093840263211,491.2530080603193
forecast_2090,2025-03-29 02:00:00,964.6582288940622,762.2246842147337,257.99199627160743
forecast_2091,2025-03-29 03:00:00,980.7862366095792,889.3682592426859,310.59998038803207
forecast_2092,2025-03-29 04:00:00,1696.8831750380225,1680.2956791623078,787.5351486679772
forecast_2093,2025-03-29 05:00:00,4770.909406772737,4957.091499652628,3101.8016778460324
forecast_2094,2025-03-29 06:00:00,6715.613632203438,7909.4340060674,4671.238502260226
forecast_2095,2025-03-29 07:00:00,7967.705567707745,8272.035331320472,5929.266143328978
forecast_2096,2025-03-29 08:00:00,7371.093306931492,7949.048853549758,6146.960722868172
forecast_2097,2025-03-29 09:00:00,7363.322200352972,7814.092230007854,5954.140217054023
forecast_2098,2025-03-29 10:00:00,7998.193202418466,8966.290689537635,7076.544384031495
forecast_2099,2025-03-29 11:00:00,10236.76113139243,9935.670053623671,8955.152037213136
forecast_2100,2025-03-29 12:00:00,11459.386522449391,11260.522869582686,9387.508426165987
forecast_2101,2025-03-29 13:00:00,13899.654294919057,12865.722468118847,11054.718442009635
forecast_2102,2025-03-29 14:00:00,14168.31378982882,13617.91511116855,11502.554881925254
forecast_2103,2025-03-29 15:00:00,15059.302324804861,13755.22348357469,11229.606699036938
forecast_2104,2025-03-29 16:00:00,15730.535462624846,15092.176066511487,10969.775008265535
forecast_2105,2025-03-29 17:00:00,15398.848221768465,13275.03733055042,10633.400193222446
forecast_2106,2025-03-29 18:00:00,15180.36608033266,13502.944693134623,10223.379363357102
forecast_2107,2025-03-29 19:00:00,14796.721977208272,12247.612575172738,8646.693514782633
forecast_2108,2025-03-29 20:00:00,14744.91097631128,12051.207376736655,8349.808151921347
forecast_2109,2025-03-29 21:00:00,14997.900750790768,12689.866238631226,8563.784552942347
forecast_2110,2025-03-29 22:00:00,14710.433538560308,12372.338350333375,8326.742528685074
forecast_2111,2025-03-29 23:00:00,13820.056186397971,11734.123851201772,7891.9064610664445
forecast_2112,2025-03-30 00:00:00,13650.659120744842,11246.244019735277,7500.769284494719
forecast_2113,2025-03-30 01:00:00,13643.723181186979,11277.54464869584,7547.481618791733
forecast_2114,2025-03-30 02:00:00,14092.004717342863,11184.388973393046,7631.203223178374
forecast_2115,2025-03-30 03:00:00,13897.510814138068,10836.854447982125,7504.930875842883
forecast_2116,2025-03-30 04:00:00,13938.175339365684,11353.876368792391,8480.70343119397
forecast_2117,2025-03-30 05:00:00,12934.172589247368,11148.333583641179,8114.859911467952
forecast_2118,2025-03-30 06:00:00,12934.106984178985,11629.476083462067,9216.88655536247
forecast_2119,2025-03-30 07:00:00,12369.814643037731,10415.752144050362,8161.952656558951
forecast_2120,2025-03-30 08:00:00,10030.815982192442,7470.512332929996,6261.1783712740025
forecast_2121,2025-03-30 09:00:00,8160.295751519075,7240.141194859336,4669.6062541746
forecast_2122,2025-03-30 10:00:00,8261.684033122396,7283.32614399998,5050.880586247984
forecast_2123,2025-03-30 11:00:00,10366.546414863002,8423.127004724094,5761.479099590215
forecast_2124,2025-03-30 12:00:00,10732.236009267794,9036.063818795816,7188.677412717347
forecast_2125,2025-03-30 13:00:00,11132.48566219084,9703.223038795779,8155.563611557823
forecast_2126,2025-03-30 14:00:00,11437.85203872142,9395.162717150573,7223.8618229069225
forecast_2127,2025-03-30 15:00:00,9368.110021805223,7994.11143147111,5905.4697048240905
forecast_2128,2025-03-30 16:00:00,7907.71744437527,7123.523662898979,4895.950696095343
forecast_2129,2025-03-30 17:00:00,7471.569206295423,6448.1644895953805,4334.803453631918
forecast_2130,2025-03-30 18:00:00,7383.165504147847,6503.761309521146,4683.687143928098
forecast_2131,2025-03-30 19:00:00,7770.026448214968,7246.25903664925,5153.947412549304
forecast_2132,2025-03-30 20:00:00,8909.952245750774,8171.822255586898,5534.798185857186
forecast_2133,2025-03-30 21:00:00,7960.680293034358,7789.404172973047,5449.089627275899
forecast_2134,2025-03-30 22:00:00,10200.701272234823,9721.646531513361,6457.18484062905
forecast_2135,2025-03-30 23:00:00,12300.774048391915,11255.715861442382,7848.008001152031
forecast_2136,2025-03-31 00:00:00,12575.804763731307,12183.561835142324,7238.835193296721
forecast_2137,2025-03-31 01:00:00,16190.527312365286,15717.063442302653,13113.419515961394
forecast_2138,2025-03-31 02:00:00,15614.098229759944,15128.554149479292,12311.662593757226
forecast_2139,2025-03-31 03:00:00,15346.988411524433,15438.78123398263,12419.14005432796
forecast_2140,2025-03-31 04:00:00,14171.549224348844,15404.002116180667,10736.96210903186
forecast_2141,2025-03-31 05:00:00,14689.407319551397,15231.056001995516,10863.287702672575
forecast_2142,2025-03-31 06:00:00,14891.198816931763,15614.711568246878,10464.975721926361
forecast_2143,2025-03-31 07:00:00,11027.640922928418,10889.324333346218,7274.854886219046
forecast_2144,2025-03-31 08:00:00,7813.160560669837,7912.644610087358,5006.330367113986
forecast_2145,2025-03-31 09:00:00,6215.464692715957,5826.118585678161,3690.6070025862127
forecast_2146,2025-03-31 10:00:00,3592.4485078373054,3424.1182420551863,2532.7914301451974
forecast_2147,2025-03-31 11:00:00,2610.0885583917157,2222.97492407814,1487.1723343961335
forecast_2148,2025-03-31 12:00:00,3420.4181348005545,3112.9666013434644,1909.350798495206
forecast_2149,2025-03-31 13:00:00,4779.046691218997,4358.822196241057,3416.9589178227966
forecast_2150,2025-03-31 14:00:00,5124.79990115819,4322.821596315903,3636.119876145931
forecast_2151,2025-03-31 15:00:00,4847.723967598826,4224.790637338576,3297.253963607873
forecast_2152,2025-03-31 16:00:00,4569.792894197095,3843.580909766636,3289.269970226304
forecast_2153,2025-03-31 17:00:00,6039.540094370449,4695.130772935119,3942.955767870064
forecast_2154,2025-03-31 18:00:00,5539.12494058362,5764.829754205406,3875.168582935316
forecast_2155,2025-03-31 19:00:00,8061.375736636639,7811.382377556046,6379.678873725824
forecast_2156,2025-03-31 20:00:00,10021.15233549934,10185.005015200046,8272.137458922614
forecast_2157,2025-03-31 21:00:00,9956.376127199439,9623.555733867086,7590.897077631822
forecast_2158,2025-03-31 22:00:00,11881.244959540874,11500.19865348017,8656.160723120447
forecast_2159,2025-03-31 23:00:00,13294.954754193297,12853.68807766381,9809.41310484554
forecast_2160,2025-04-01 00:00:00,14858.591053055088,14370.333415552972,10036.890577292634
forecast_2161,2025-04-01 01:00:00,7100.1708600373595,6299.446343746723,4599.400963782517
forecast_2162,2025-04-01 02:00:00,8186.084174647272,6715.448708983207,4857.981036460089
forecast_2163,2025-04-01 03:00:00,8345.341075030998,6565.051347261852,5061.639868698722
forecast_2164,2025-04-01 04:00:00,8541.510520620224,6934.246997679916,5556.645793093201
forecast_2165,2025-04-01 05:00:00,7134.088819880659,5735.659818800979,4335.831734901611
forecast_2166,2025-04-01 06:00:00,6792.837472872122,5253.977469942359,4231.475980263502
forecast_2167,2025-04-01 07:00:00,5781.274078690829,4509.117654751261,3445.284787255633
forecast_2168,2025-04-01 08:00:00,3302.697275802453,2716.655093382401,2163.0092038796215
forecast_2169,2025-04-01 09:00:00,1700.5120608119992,1225.364568526237,944.0986694305511
forecast_2170,2025-04-01 10:00:00,385.38441048390047,301.76847817911215,331.9377587779082
forecast_2171,2025-04-01 11:00:00,271.99075862410746,191.17620041757934,218.00289666749026
forecast_2172,2025-04-01 12:00:00,306.16157913292346,223.44714620991584,235.6916258333535
forecast_2173,2025-04-01 13:00:00,253.33649654123525,363.66348767354236,329.22642683544086
forecast_2174,2025-04-01 14:00:00,454.6660133375817,642.6156185439744,429.8413774339029
forecast_2175,2025-04-01 15:00:00,554.2966231036074,761.7366773594506,528.5081778382403
forecast_2176,2025-04-01 16:00:00,454.01842127187297,634.6998212744443,560.2877762925799
forecast_2177,2025-04-01 17:00:00,700.4268987100306,775.1675705903768,547.0977652110788
forecast_2178,2025-04-01 18:00:00,1002.825241353409,929.7942377717673,878.3810917928596
forecast_2179,2025-04-01 19:00:00,1413.8437901410634,1279.2804802062742,750.3598016525942
forecast_2180,2025-04-01 20:00:00,1668.193748298445,1416.1023855093526,639.4505355927403
forecast_2181,2025-04-01 21:00:00,1766.160189605421,1648.7880438398927,683.7862382783585
forecast_2182,2025-04-01 22:00:00,2137.907475381205,2036.6375096103857,753.0674514085159
forecast_2183,2025-04-01 23:00:00,2024.5893781425307,2207.753680736757,793.060824748659
forecast_2184,2025-04-02 00:00:00,2008.8096769704898,2069.3446845555923,717.0167180217744
forecast_2185,2025-04-02 01:00:00,1308.7107755675304,1193.990189131342,527.3698097321002
forecast_2186,2025-04-02 02:00:00,1088.3379455620704,1100.14560195327,495.80013701403203
forecast_2187,2025-04-02 03:00:00,1090.2207340773286,1015.4300125644564,457.1077108008276
forecast_2188,2025-04-02 04:00:00,924.8715812070359,782.2329178724445,337.97255708629876
forecast_2189,2025-04-02 05:00:00,781.9366577462803,711.860647565908,233.62037113012877
forecast_2190,2025-04-02 06:00:00,720.2889708452294,564.3313816274962,167.3097389979887
forecast_2191,2025-04-02 07:00:00,763.3391632251372,545.9951602930723,207.90599282235598
forecast_2192,2025-04-02 08:00:00,632.2100818116656,434.6680363874665,223.93483564066148
forecast_2193,2025-04-02 09:00:00,416.56853712270686,423.6856123702132,175.89727612913953
forecast_2194,2025-04-02 10:00:00,405.3534769913412,415.013288557179,232.23342183920593
forecast_2195,2025-04-02 11:00:00,639.9708076800937,662.3870527675303,656.7177586072403
forecast_2196,2025-04-02 12:00:00,276.07238616233394,417.0566815411193,257.6427456890326
forecast_2197,2025-04-02 13:00:00,328.8116587567065,539.3876393394721,411.4239225163117
forecast_2198,2025-04-02 14:00:00,578.226272932107,768.7452266198783,647.4262312933924
forecast_2199,2025-04-02 15:00:00,932.0705694107885,1011.4718992473039,944.9792401021143
forecast_2200,2025-04-02 16:00:00,1117.123064416691,1220.9236879325913,956.0239575387828
forecast_2201,2025-04-02 17:00:00,1144.6432651277617,1238.6765755933532,750.4896094330559
forecast_2202,2025-04-02 18:00:00,1139.2361769989175,1061.547230497776,758.1502132496396
forecast_2203,2025-04-02 19:00:00,937.8390777903957,802.8336129479178,428.8328403675386
forecast_2204,2025-04-02 20:00:00,638.365622305087,573.7143775794319,275.73196620095695
forecast_2205,2025-04-02 21:00:00,992.0977597274531,855.2173389328016,373.92764615446714
forecast_2206,2025-04-02 22:00:00,1677.115472710094,1840.5907639360987,815.8335024882574
forecast_2207,2025-04-02 23:00:00,1693.3590572906246,2164.7037897409177,1095.155975722203
forecast_2208,2025-04-03 00:00:00,1449.9957054419358,1554.6476100953337,825.6499870118793
forecast_2209,2025-04-03 01:00:00,1047.0447334631815,1146.6336915311667,427.57227496105065
forecast_2210,2025-04-03 02:00:00,1186.7228468227288,1365.43985493806,635.6550760156059
forecast_2211,2025-04-03 03:00:00,1210.2386571822917,1528.0451788736143,714.1372265817589
forecast_2212,2025-04-03 04:00:00,1332.329472656471,1714.563528601503,830.3104221710348
forecast_2213,2025-04-03 05:00:00,1483.8657157587138,1743.3269186757539,957.1014959549849
forecast_2214,2025-04-03 06:00:00,1423.79922086505,1843.3743432025885,954.5775468157141
forecast_2215,2025-04-03 07:00:00,1533.411812141164,1892.7298340709315,946.6235160980165
forecast_2216,2025-04-03 08:00:00,1304.8715866404038,1785.3970650923152,873.724656929141
forecast_2217,2025-04-03 09:00:00,861.3949301062235,1337.4209229700741,782.9445947825554
forecast_2218,2025-04-03 10:00:00,682.5926658224935,795.5997055982091,561.4275281696355
forecast_2219,2025-04-03 11:00:00,438.74884093068704,549.0577825017295,442.75194767523345
forecast_2220,2025-04-03 12:00:00,302.8654160452545,427.1359740506678,314.0364683324434
forecast_2221,2025-04-03 13:00:00,331.50279093330727,514.4200534902865,335.9552561210759
forecast_2222,2025-04-03 14:00:00,389.89276580044503,520.755011118087,351.1704743690778
forecast_2223,2025-04-03 15:00:00,585.1235515664542,532.8799918489881,361.3414468982205
forecast_2224,2025-04-03 16:00:00,343.4773188282224,431.80624528707006,332.8988133299797
forecast_2225,2025-04-03 17:00:00,169.6900005379139,150.55255060365386,116.7335122494027
forecast_2226,2025-04-03 18:00:00,272.20804221108926,283.8860275956649,201.5249740998854
forecast_2227,2025-04-03 19:00:00,744.5153540239425,757.6301829120788,278.90866914017226
forecast_2228,2025-04-03 20:00:00,952.3358668529161,965.8496817733796,419.38365113882077
forecast_2229,2025-04-03 21:00:00,1239.1869977330623,1171.136201059632,525.2610120175508
forecast_2230,2025-04-03 22:00:00,1631.4734364654448,1739.4135681564485,694.8123474020806
forecast_2231,2025-04-03 23:00:00,1898.299040927745,2206.764672632052,1032.1076644463633
forecast_2232,2025-04-04 00:00:00,2704.8474670834307,3151.5686809384415,1599.9570925942242
forecast_2233,2025-04-04 01:00:00,3886.3281339509986,4350.4159768685995,2961.5202897955555
forecast_2234,2025-04-04 02:00:00,4956.044630966791,5093.8193958693855,3611.765957657337
forecast_2235,2025-04-04 03:00:00,7118.252841035342,5722.05120127378,4609.351699450649
forecast_2236,2025-04-04 04:00:00,9940.712148831386,7552.729006187583,6016.041494484935
forecast_2237,2025-04-04 05:00:00,10119.17581172127,8973.598000373371,6567.767634401226
forecast_2238,2025-04-04 06:00:00,10025.887993058452,8718.038614561128,5999.658186536617
forecast_2239,2025-04-04 07:00:00,7940.879560574791,7621.846827497719,4869.892099397274
forecast_2240,2025-04-04 08:00:00,6996.21532170366,6687.629412179252,4135.9439312865015
forecast_2241,2025-04-04 09:00:00,5183.815090703623,4797.853471784662,2458.0251590583134
forecast_2242,2025-04-04 10:00:00,1931.7695750098567,1804.3063720330795,1008.592979824648
forecast_2243,2025-04-04 11:00:00,988.3182741038516,1077.0354205244982,813.5615651964908
forecast_2244,2025-04-04 12:00:00,818.0399256253518,1047.304416396592,644.9053288461006
forecast_2245,2025-04-04 13:00:00,699.3289145821099,837.868558098958,595.7963061135854
forecast_2246,2025-04-04 14:00:00,903.7003159879006,941.5317550447278,719.4054005281006
forecast_2247,2025-04-04 15:00:00,884.5910480416555,979.7328502026206,710.4673591294033
forecast_2248,2025-04-04 16:00:00,1451.6804138176856,1366.4499112582953,1046.282072038585
forecast_2249,2025-04-04 17:00:00,2113.7988511391686,1762.0656139791931,1293.2175448432065
forecast_2250,2025-04-04 18:00:00,2589.5826332656143,2764.2551654689173,1790.8616386303297
forecast_2251,2025-04-04 19:00:00,2621.5554143527297,2753.595431522648,1876.9078173845521
forecast_2252,2025-04-04 20:00:00,3208.6590866801494,3536.683379523197,1998.358704129861
forecast_2253,2025-04-04 21:00:00,2656.028288824026,2954.9118297376917,1262.285199477131
forecast_2254,2025-04-04 22:00:00,2455.2479266963915,2651.513606952439,1182.332118308976
forecast_2255,2025-04-04 23:00:00,4066.5232828204807,4515.240105404052,2349.0852673085888
forecast_2256,2025-04-05 00:00:00,5331.134120955327,5527.940461650168,2854.8134288080287
forecast_2257,2025-04-05 01:00:00,7069.749079158244,9027.484600371698,3791.467128252277
forecast_2258,2025-04-05 02:00:00,9348.245667944922,10803.19373783603,5574.879491689854
forecast_2259,2025-04-05 03:00:00,8997.114200565713,9592.25172421901,5928.014953612689
forecast_2260,2025-04-05 04:00:00,8969.809141826629,9609.62493071502,5607.1336501156175
forecast_2261,2025-04-05 05:00:00,7688.1889241774425,9299.604138710692,4796.10503853586
forecast_2262,2025-04-05 06:00:00,8924.433869617036,10215.141772364132,5818.033051174286
forecast_2263,2025-04-05 07:00:00,6765.609255764782,7477.065712189563,4026.368148577576
forecast_2264,2025-04-05 08:00:00,5532.430906161161,5873.378240122812,3414.4893855000682
forecast_2265,2025-04-05 09:00:00,4761.0810922705805,5685.916503588559,3277.6046624822397
forecast_2266,2025-04-05 10:00:00,3378.134617820267,3597.8354050836965,1559.5543081801413
forecast_2267,2025-04-05 11:00:00,4226.329530154553,4498.342365952259,3224.0014222911777
forecast_2268,2025-04-05 12:00:00,7276.026643979797,7473.375948344785,6318.3999733201035
forecast_2269,2025-04-05 13:00:00,9203.643163232426,11109.32780491954,9426.419089813899
forecast_2270,2025-04-05 14:00:00,10723.303341224897,12367.607852146542,10322.695072399452
forecast_2271,2025-04-05 15:00:00,10875.373394524173,13462.75608646713,10456.24509671293
forecast_2272,2025-04-05 16:00:00,12730.264807715452,14720.828083561813,11394.902301349111
forecast_2273,2025-04-05 17:00:00,14294.380762538409,15140.279000473574,12152.194842204111
forecast_2274,2025-04-05 18:00:00,15286.768595554182,14637.72478179829,12122.150343807905
forecast_2275,2025-04-05 19:00:00,14302.683339734102,13816.134046486231,12147.61519431411
forecast_2276,2025-04-05 20:00:00,15942.974448409399,14608.47295846778,12088.796061793812
forecast_2277,2025-04-05 21:00:00,14858.634531931326,13492.911903270082,10965.52234275723
forecast_2278,2025-04-05 22:00:00,13161.490205791746,12664.062257424332,10752.881619533819
forecast_2279,2025-04-05 23:00:00,13888.668245561284,13340.409418365549,10658.818600845158
forecast_2280,2025-04-06 00:00:00,15842.254817074434,14910.74803715332,11930.483918309992
forecast_2281,2025-04-06 01:00:00,14368.852999863157,13269.535220437774,11616.754483245939
forecast_2282,2025-04-06 02:00:00,14068.905892490868,14049.652007664414,11135.151905444885
forecast_2283,2025-04-06 03:00:00,14563.749163046297,14092.457890730946,10630.58536261407
forecast_2284,2025-04-06 04:00:00,14545.464134348342,13453.400957030079,10850.934237770105
forecast_2285,2025-04-06 05:00:00,14971.960890272692,13985.957341239115,10911.085383481488
forecast_2286,2025-04-06 06:00:00,15345.710077526668,13962.404408355427,11576.307021171162
forecast_2287,2025-04-06 07:00:00,16569.87039278026,14795.179401067435,12160.792082865775
forecast_2288,2025-04-06 08:00:00,16818.849391743974,15440.971080741469,12073.610315415151
forecast_2289,2025-04-06 09:00:00,16335.624305789806,14574.533708063433,11101.075278259394
forecast_2290,2025-04-06 10:00:00,13919.779890629865,12342.240224601841,9517.306163980711
forecast_2291,2025-04-06 11:00:00,12863.268492892792,11146.987659472945,8322.49544928065
forecast_2292,2025-04-06 12:00:00,13247.235359008426,11284.593231643179,8762.410647218885
forecast_2293,2025-04-06 13:00:00,13976.299662170206,13514.700487158401,9950.822860107222
forecast_2294,2025-04-06 14:00:00,14464.440399528301,13948.618020133406,10322.186931686294
forecast_2295,2025-04-06 15:00:00,14272.907561586437,13609.291075935229,10940.80730430983
forecast_2296,2025-04-06 16:00:00,13957.389764401452,13116.637679986174,10081.03044699992
forecast_2297,2025-04-06 17:00:00,14269.41080697118,13629.719589492737,10532.918045304557
forecast_2298,2025-04-06 18:00:00,14160.534334300959,12484.097412567931,9595.585815856995
forecast_2299,2025-04-06 19:00:00,14526.706394391458,11720.515844881358,10136.322849444683
forecast_2300,2025-04-06 20:00:00,14171.869195634572,12178.877382117334,10440.536909452603
forecast_2301,2025-04-06 21:00:00,14110.968088868785,12531.258908166066,10059.47035648455
forecast_2302,2025-04-06 22:00:00,14805.188293561594,14025.011347298889,11569.024159501865
forecast_2303,2025-04-06 23:00:00,14243.019963839695,14215.260292373518,11618.849255544452
forecast_2304,2025-04-07 00:00:00,14462.805837026754,13530.968369321945,10684.505554033633
forecast_2305,2025-04-07 01:00:00,16049.185468996553,16071.34194956281,12910.601952595933
forecast_2306,2025-04-07 02:00:00,15114.702582181188,15510.954902191288,12720.58142045831
forecast_2307,2025-04-07 03:00:00,13626.95310430133,13800.127763910332,10314.151054220752
forecast_2308,2025-04-07 04:00:00,12728.953459950919,12286.884800101512,9731.086007654876
forecast_2309,2025-04-07 05:00:00,12205.993012737586,12712.343247805744,8909.116832342303
forecast_2310,2025-04-07 06:00:00,12140.167156036168,12992.228083562817,8748.145630822839
forecast_2311,2025-04-07 07:00:00,11781.439746989689,13269.8145397478,8767.633795314443
forecast_2312,2025-04-07 08:00:00,11404.735634057599,13137.315565890252,8454.47223136948
forecast_2313,2025-04-07 09:00:00,11873.328740357121,12676.268376777265,8554.477624162384
forecast_2314,2025-04-07 10:00:00,11029.58983413389,10953.856584690262,8410.39212410883
forecast_2315,2025-04-07 11:00:00,9241.911342005385,9498.502238997964,8260.017246018004
forecast_2316,2025-04-07 12:00:00,9188.57143183196,9914.678340570948,8555.524891006793
forecast_2317,2025-04-07 13:00:00,8805.738712719465,9327.967712432712,8017.467629692839
forecast_2318,2025-04-07 14:00:00,11113.31318813246,10957.501040919637,9187.117021207077
forecast_2319,2025-04-07 15:00:00,12147.666609049998,12331.756112312512,10215.50037324409
forecast_2320,2025-04-07 16:00:00,12950.557078318448,14286.757683118462,11852.07394597068
forecast_2321,2025-04-07 17:00:00,14335.267421588307,14846.542739519702,11990.741093224784
forecast_2322,2025-04-07 18:00:00,14130.964383260267,14809.925602382535,12421.861359694194
forecast_2323,2025-04-07 19:00:00,17057.50852940665,17076.767723279212,14034.340115132201
forecast_2324,2025-04-07 20:00:00,18848.35183146848,18728.721549583344,14372.043454931774
forecast_2325,2025-04-07 21:00:00,19046.574496055866,19096.30790734581,14687.566196409354
forecast_2326,2025-04-07 22:00:00,19173.679743850906,19151.525865612704,14251.184430020494
forecast_2327,2025-04-07 23:00:00,18681.43313872136,18955.43612078853,11274.796225529084
forecast_2328,2025-04-08 00:00:00,18812.15802226538,18496.987824872842,10776.534469820117
forecast_2329,2025-04-08 01:00:00,18749.236376828503,18697.334990693522,10864.91898824874
forecast_2330,2025-04-08 02:00:00,18877.260883119194,18412.409235970452,11240.886635228007
forecast_2331,2025-04-08 03:00:00,19374.15063347744,18683.54005132161,12107.59598119586
forecast_2332,2025-04-08 04:00:00,19370.106335267043,18967.917824361946,15011.950570719013
forecast_2333,2025-04-08 05:00:00,19433.624467875416,18949.916326547398,13533.317877105994
forecast_2334,2025-04-08 06:00:00,19968.900909997403,18593.220513229142,13838.715525785456
forecast_2335,2025-04-08 07:00:00,19183.59726257709,18466.891952758953,13774.249062045694
forecast_2336,2025-04-08 08:00:00,18677.863957615104,18257.661413647114,13549.870979284646
forecast_2337,2025-04-08 09:00:00,17047.091091240796,15363.306378847437,11542.284940408696
forecast_2338,2025-04-08 10:00:00,15121.693553453288,13890.387388813224,10754.436950293211
forecast_2339,2025-04-08 11:00:00,14606.129980132308,12590.633332941248,9680.23823557528
forecast_2340,2025-04-08 12:00:00,14817.449063376062,12955.56295841395,9449.576377334539
forecast_2341,2025-04-08 13:00:00,14617.731720883517,12596.587356307979,9346.108795249254
forecast_2342,2025-04-08 14:00:00,12358.494677142202,10692.706289148033,8127.72204810247
forecast_2343,2025-04-08 15:00:00,11361.01092010904,9375.484483048001,6312.737973535841
forecast_2344,2025-04-08 16:00:00,7926.549722040928,5886.794729505085,3892.4359830457224
forecast_2345,2025-04-08 17:00:00,4518.570256138332,3666.1804740378125,1972.4145551293905
forecast_2346,2025-04-08 18:00:00,1539.0351534954411,1438.4442281080692,874.9799073864347
forecast_2347,2025-04-08 19:00:00,1490.5422107544555,1485.1247353888234,537.0614654231862
forecast_2348,2025-04-08 20:00:00,1087.0756141692132,902.3397456978661,304.46970781698934
forecast_2349,2025-04-08 21:00:00,1162.3084930328569,786.3589943580064,290.2636428442359
forecast_2350,2025-04-08 22:00:00,577.712976265654,556.6676312114157,147.13696150811975
forecast_2351,2025-04-08 23:00:00,696.0975037996562,697.3236548781155,224.22887588087494
forecast_2352,2025-04-09 00:00:00,891.2789030811223,747.0067726860151,258.94210205857905
forecast_2353,2025-04-09 01:00:00,958.5104190193584,840.6695729498847,256.21811840719573
forecast_2354,2025-04-09 02:00:00,867.6408112245808,858.3042343691789,317.0322708442854
forecast_2355,2025-04-09 03:00:00,847.7592797373409,770.5646508447892,260.62035477197514
forecast_2356,2025-04-09 04:00:00,901.2917716002617,890.8463667293771,217.33071426405178
forecast_2357,2025-04-09 05:00:00,1002.07309330653,982.150836431518,322.092568948129
forecast_2358,2025-04-09 06:00:00,1453.0667044831696,1211.6918468459928,424.75303507381193
forecast_2359,2025-04-09 07:00:00,1602.752452994815,1533.3098649052033,690.0192215436224
forecast_2360,2025-04-09 08:00:00,1296.6636455327387,1281.1081119332296,522.2286137406967
forecast_2361,2025-04-09 09:00:00,1020.351605792415,1335.5416864613635,590.4085528592587
forecast_2362,2025-04-09 10:00:00,1111.8975183008915,1359.5091434659773,758.9033893565642
forecast_2363,2025-04-09 11:00:00,1391.2168344716936,1528.9674244068256,951.369635922292
forecast_2364,2025-04-09 12:00:00,2630.7763393997743,2552.153118201525,1905.7830733161259
forecast_2365,2025-04-09 13:00:00,2863.9921627941767,2553.8459524969626,2147.5401777188677
forecast_2366,2025-04-09 14:00:00,3678.814862081647,4126.078137307261,2904.4262229940086
forecast_2367,2025-04-09 15:00:00,5193.900558227177,5037.349603359056,4518.069652861801
forecast_2368,2025-04-09 16:00:00,7227.062454325495,7227.476020589017,5982.008645121615
forecast_2369,2025-04-09 17:00:00,7580.808520760412,6838.918466057291,7026.229476457554
forecast_2370,2025-04-09 18:00:00,8445.390018614136,7346.351640520365,6860.745050003193
forecast_2371,2025-04-09 19:00:00,6449.39776988516,6222.915285472314,4052.010112432729
forecast_2372,2025-04-09 20:00:00,7697.699347173804,8255.9778038513,5997.386712462775
forecast_2373,2025-04-09 21:00:00,3624.302188116227,4231.7047897856355,1799.9883196063029
forecast_2374,2025-04-09 22:00:00,4937.496228451351,5099.097899687324,2592.565965119938
forecast_2375,2025-04-09 23:00:00,7019.619497626281,7505.931385007406,3770.078828601337
forecast_2376,2025-04-10 00:00:00,7891.8495070038425,8711.508762422889,4619.504297281289
forecast_2377,2025-04-10 01:00:00,7594.999427656809,8730.444949241542,4492.492382658835
forecast_2378,2025-04-10 02:00:00,8536.418271799026,9486.207131551213,6180.420988089893
forecast_2379,2025-04-10 03:00:00,8868.832134379636,9079.62371154835,5790.0854623128735
forecast_2380,2025-04-10 04:00:00,8701.787155991771,8637.67872397781,4933.04847492839
forecast_2381,2025-04-10 05:00:00,7646.265941063851,7547.142283432132,5006.220688174842
forecast_2382,2025-04-10 06:00:00,8339.242168001627,7765.767833491511,5162.011807001226
forecast_2383,2025-04-10 07:00:00,6716.797101762659,6660.864750526245,4468.381479288316
forecast_2384,2025-04-10 08:00:00,7163.286453335622,6347.096041475339,3927.6192999735495
forecast_2385,2025-04-10 09:00:00,6209.08073942872,6492.9997046032095,3716.304665823367
forecast_2386,2025-04-10 10:00:00,4800.468053082639,4500.552652581047,2554.532026251885
forecast_2387,2025-04-10 11:00:00,3967.7392487440507,2984.0581645618313,2368.7726891419497
forecast_2388,2025-04-10 12:00:00,3424.1094857877492,2899.2368480532873,1728.9523882260282
forecast_2389,2025-04-10 13:00:00,2799.2307350946253,2433.7369234885155,1489.1221610022112
forecast_2390,2025-04-10 14:00:00,3107.0459722245596,2644.2275557263793,1339.5539728991384
forecast_2391,2025-04-10 15:00:00,2792.7904500770323,2703.3435146219567,1392.2757651295349
forecast_2392,2025-04-10 16:00:00,3199.47436273998,2625.744251121315,1484.4044594103611
forecast_2393,2025-04-10 17:00:00,3593.247667368719,2741.0741220818572,1542.8328718723064
forecast_2394,2025-04-10 18:00:00,2686.096633198618,2053.2480245761494,1023.8918065402796
forecast_2395,2025-04-10 19:00:00,2454.1594083092173,2541.0833769754604,777.6385944170768
forecast_2396,2025-04-10 20:00:00,2702.614006623295,2825.888777191889,627.0447360720716
forecast_2397,2025-04-10 21:00:00,2859.0944773996043,2602.8739732388717,723.638882341875
forecast_2398,2025-04-10 22:00:00,3078.311351910435,2925.5965214625876,1015.7913783779333
forecast_2399,2025-04-10 23:00:00,2881.2538574936743,2692.3165413479937,1348.760890419729
forecast_2400,2025-04-11 00:00:00,2894.366100400793,2646.6298571702723,1263.4490113661523
forecast_2401,2025-04-11 01:00:00,1954.4556547182647,1771.0477361012152,779.2862199062746
forecast_2402,2025-04-11 02:00:00,2184.0705900255566,1900.0110888184145,882.6210793875671
forecast_2403,2025-04-11 03:00:00,2007.4500087252022,1862.1350320875079,840.5040744896241
forecast_2404,2025-04-11 04:00:00,1996.6851931892115,1819.1955714287315,808.0403785671833
forecast_2405,2025-04-11 05:00:00,1840.627890591934,2000.7231065798094,990.2114963080709
forecast_2406,2025-04-11 06:00:00,1658.5502273049121,1633.4703571815378,832.8627013117274
forecast_2407,2025-04-11 07:00:00,1286.3794997993132,1471.4090874503506,776.7332210503502
forecast_2408,2025-04-11 08:00:00,1099.4980147804638,904.3762655596914,388.23887074588606
forecast_2409,2025-04-11 09:00:00,391.40720194893004,405.91985059305875,142.06423321034492
forecast_2410,2025-04-11 10:00:00,145.04495165000225,165.52581513874705,107.3501202557291
forecast_2411,2025-04-11 11:00:00,150.26209504217576,209.1356816267585,130.84268960563574
forecast_2412,2025-04-11 12:00:00,216.31561970743456,291.7585652208671,159.11809786169528
forecast_2413,2025-04-11 13:00:00,229.00706241234752,344.35463064188644,259.5826910603082
forecast_2414,2025-04-11 14:00:00,283.55483867154544,389.0317681814756,316.81204398451735
forecast_2415,2025-04-11 15:00:00,378.053350656678,541.3759704245641,460.9006862426254
forecast_2416,2025-04-11 16:00:00,525.9367832279191,460.6032462030492,458.91928488556414
forecast_2417,2025-04-11 17:00:00,553.858280729987,613.0257601418265,480.49892108636567
forecast_2418,2025-04-11 18:00:00,737.7283168541734,913.5640758305778,542.2474517544383
forecast_2419,2025-04-11 19:00:00,1824.2272295768098,2038.7501284528869,830.5404887660249
forecast_2420,2025-04-11 20:00:00,2444.7914601367843,2934.255569612786,1262.076044642557
forecast_2421,2025-04-11 21:00:00,2388.604547912604,2354.0244801838585,970.5365807132317
forecast_2422,2025-04-11 22:00:00,2663.000116977514,2938.885043702536,1304.9622609829814
forecast_2423,2025-04-11 23:00:00,2742.261788785492,2878.9772832022463,1235.8272665451698
forecast_2424,2025-04-12 00:00:00,2926.825312803373,2924.9840725797367,1320.0527304397356
forecast_2425,2025-04-12 01:00:00,1832.9707440139343,2031.9735439555616,682.3257412160862
forecast_2426,2025-04-12 02:00:00,2501.2693141801633,2063.8223168120817,977.8550127927409
forecast_2427,2025-04-12 03:00:00,2746.9423362574257,2656.2008861657227,1197.752146861062
forecast_2428,2025-04-12 04:00:00,2686.524490257721,2544.4777574100376,1252.0427958168689
forecast_2429,2025-04-12 05:00:00,3507.131370367693,3144.265701369811,1434.3447053759392
forecast_2430,2025-04-12 06:00:00,3973.1780377297437,3651.240562737192,1483.3947550416628
forecast_2431,2025-04-12 07:00:00,4243.752169132651,4835.243598217333,3182.1458773386757
forecast_2432,2025-04-12 08:00:00,4439.521937333216,4765.347542884286,3403.5972343961275
forecast_2433,2025-04-12 09:00:00,8031.858925945417,9241.860900676174,5540.528390624967
forecast_2434,2025-04-12 10:00:00,9281.23303965185,11122.056127736434,8546.686038733465
forecast_2435,2025-04-12 11:00:00,11221.953381562582,13094.738563784389,10000.34848086428
forecast_2436,2025-04-12 12:00:00,11353.451563957691,13294.890459944158,10134.320719898773
forecast_2437,2025-04-12 13:00:00,12776.145593364488,14068.162958002693,10904.820643330904
forecast_2438,2025-04-12 14:00:00,12808.769828358072,14112.369648593653,10869.87714885747
forecast_2439,2025-04-12 15:00:00,12300.43215590578,12603.191793245522,10249.765954001761
forecast_2440,2025-04-12 16:00:00,11843.763796369234,12394.306226726327,10110.321890124977
forecast_2441,2025-04-12 17:00:00,10969.483520395606,11575.651486928904,9521.258117344663
forecast_2442,2025-04-12 18:00:00,12432.679181819813,13170.442835611131,10625.377703389933
forecast_2443,2025-04-12 19:00:00,12357.60155082447,13402.988772715133,11456.810471415009
forecast_2444,2025-04-12 20:00:00,14534.910670045576,15002.975690891828,13063.735295820186
forecast_2445,2025-04-12 21:00:00,14926.949618183713,15387.97910153374,13212.529475956719
forecast_2446,2025-04-12 22:00:00,16694.914553231414,16212.697857518651,12690.393009817397
forecast_2447,2025-04-12 23:00:00,16074.364356263726,15743.057768463306,11885.152257353011
forecast_2448,2025-04-13 00:00:00,15925.003516733672,16089.363550874308,12190.27997372867
forecast_2449,2025-04-13 01:00:00,16323.566342580341,15647.821964885094,12548.45435555529
forecast_2450,2025-04-13 02:00:00,11570.327601080418,12910.381968549964,10022.276250824894
forecast_2451,2025-04-13 03:00:00,12877.485335405187,12847.296397992202,9485.53189369344
forecast_2452,2025-04-13 04:00:00,15389.257580392323,14524.79254975105,11556.583941484125
forecast_2453,2025-04-13 05:00:00,17097.585184365635,15904.271959773001,12249.590986444206
forecast_2454,2025-04-13 06:00:00,17421.809196308972,16495.6370283421,12018.404037958135
forecast_2455,2025-04-13 07:00:00,18028.616979808125,17825.165362336207,11336.291151845195
forecast_2456,2025-04-13 08:00:00,18672.68013920138,18420.3430592137,13942.730036041918
forecast_2457,2025-04-13 09:00:00,18466.15963530739,18504.865592534712,15369.888359835977
forecast_2458,2025-04-13 10:00:00,16863.930744833535,18324.58098889654,15269.002039395597
forecast_2459,2025-04-13 11:00:00,15906.535244249166,18138.800129331197,15063.088679855033
forecast_2460,2025-04-13 12:00:00,15791.27407134473,18026.880526630142,14933.231136584938
forecast_2461,2025-04-13 13:00:00,15944.844877927693,18017.322646401477,14843.913797770616
forecast_2462,2025-04-13 14:00:00,15463.50135799906,17841.151875090847,14691.658601495277
forecast_2463,2025-04-13 15:00:00,15557.615096542368,17926.88830599743,14800.08735575717
forecast_2464,2025-04-13 16:00:00,16382.32203269536,18171.074862877053,14877.809496050884
forecast_2465,2025-04-13 17:00:00,17231.66364509676,18083.88863635447,15169.109136344367
forecast_2466,2025-04-13 18:00:00,17591.892209486068,17911.2756141974,14471.11393110583
forecast_2467,2025-04-13 19:00:00,17230.174244415648,17530.261579248265,14472.08259066603
forecast_2468,2025-04-13 20:00:00,17520.728813378937,17457.970160006567,14538.788044942292
forecast_2469,2025-04-13 21:00:00,17887.4186975052,17560.06649186792,14259.584390231421
forecast_2470,2025-04-13 22:00:00,16595.587543454796,17009.172366056206,13818.110503829666
forecast_2471,2025-04-13 23:00:00,15226.977784066492,16443.206197531985,12588.532709380494
forecast_2472,2025-04-14 00:00:00,14452.70219836394,16051.193550996662,12736.35382146125
forecast_2473,2025-04-14 01:00:00,13591.573803244893,14948.525199250236,11902.072073912686
forecast_2474,2025-04-14 02:00:00,10908.974843250358,12449.324096032951,8615.484316030079
forecast_2475,2025-04-14 03:00:00,9848.555696902156,11405.79956034194,5787.1476695861675
forecast_2476,2025-04-14 04:00:00,8335.190537572209,9137.887019678708,4852.483841577503
forecast_2477,2025-04-14 05:00:00,5632.125300641276,5499.552227378071,3671.0488800780686
forecast_2478,2025-04-14 06:00:00,5640.370239223587,4439.724241348842,2497.463757787232
forecast_2479,2025-04-14 07:00:00,5081.91688745634,3871.1661265658036,2514.8659742228065
forecast_2480,2025-04-14 08:00:00,3183.4964419856033,2647.5941700711555,1307.0435060149587
forecast_2481,2025-04-14 09:00:00,2280.5608839110714,2341.631381951927,968.9462372136612
forecast_2482,2025-04-14 10:00:00,1234.9917130174583,1409.3822992916305,779.4362154944034
forecast_2483,2025-04-14 11:00:00,2335.060744396444,2347.988611542201,1323.8050348214513
forecast_2484,2025-04-14 12:00:00,3160.1166596405424,2834.951153908531,2192.018474506564
forecast_2485,2025-04-14 13:00:00,2908.186978532209,2577.792153918339,2342.08898866858
forecast_2486,2025-04-14 14:00:00,1764.7108474341128,1548.9547475815007,1066.2657606640207
forecast_2487,2025-04-14 15:00:00,1109.4340268241763,1028.5081562001312,780.6529299686264
forecast_2488,2025-04-14 16:00:00,1006.1395468101906,1250.0066855072794,783.9936927639749
forecast_2489,2025-04-14 17:00:00,807.6611227178602,792.0245771953635,495.55316489973046
forecast_2490,2025-04-14 18:00:00,1172.9862655603079,1074.0893771858516,673.5267317992779
forecast_2491,2025-04-14 19:00:00,1646.3633217473123,1684.7109253381177,847.9056444456207
forecast_2492,2025-04-14 20:00:00,3306.231789213494,2844.0506324323323,1460.8548499918795
forecast_2493,2025-04-14 21:00:00,4210.3433725369005,3687.7025143368346,1996.8144954027912
forecast_2494,2025-04-14 22:00:00,4647.101670420323,3723.7766061801976,2397.1183912851266
forecast_2495,2025-04-14 23:00:00,4716.772941877362,4046.713823815459,2227.589949255475
forecast_2496,2025-04-15 00:00:00,6173.050559236774,5202.773540896031,2885.7579651785454
forecast_2497,2025-04-15 01:00:00,8188.053277640697,6713.025593938306,3429.837164553393
forecast_2498,2025-04-15 02:00:00,9122.949667453737,7183.354151165666,3975.488526604299
forecast_2499,2025-04-15 03:00:00,8599.61138553664,6669.268087447988,3967.9412263067834
forecast_2500,2025-04-15 04:00:00,6844.303092306419,5697.535989477568,3821.4354166389803
forecast_2501,2025-04-15 05:00:00,6431.736953228049,5216.746386578859,3070.1496638823974
forecast_2502,2025-04-15 06:00:00,5889.0943420608455,5204.318905561457,3161.609737870328
forecast_2503,2025-04-15 07:00:00,8343.054131317193,8442.633637378944,4810.045672391351
forecast_2504,2025-04-15 08:00:00,6265.642648794141,6421.576039357397,3866.6757575651354
forecast_2505,2025-04-15 09:00:00,6237.501346287788,7089.290779212764,4181.287419646067
forecast_2506,2025-04-15 10:00:00,8399.396456547676,8664.29793528658,5330.0210896718445
forecast_2507,2025-04-15 11:00:00,8572.04903885335,7207.025933290532,5736.856263412478
forecast_2508,2025-04-15 12:00:00,8031.072302939975,6862.804641182132,4595.017410038643
forecast_2509,2025-04-15 13:00:00,9191.771356258827,7336.913608415937,5347.685345588485
forecast_2510,2025-04-15 14:00:00,10796.007384727458,8906.171938099747,6186.154592677851
forecast_2511,2025-04-15 15:00:00,11887.62132805152,10049.572930301345,7464.420714801979
forecast_2512,2025-04-15 16:00:00,12624.048942027743,11101.418842762883,7821.355253275322
forecast_2513,2025-04-15 17:00:00,13471.10748587107,12010.119701156009,8456.044318185906
forecast_2514,2025-04-15 18:00:00,13777.667733280317,11803.668017890435,8803.528842759195
forecast_2515,2025-04-15 19:00:00,13964.58125061058,11661.20610197801,11042.435978885915
forecast_2516,2025-04-15 20:00:00,14051.055353962722,13933.14549844096,11955.605570259024
forecast_2517,2025-04-15 21:00:00,14739.73121679215,14637.940077555593,13261.541082427731
forecast_2518,2025-04-15 22:00:00,14584.97347054251,15420.371173553538,14165.325363290298
forecast_2519,2025-04-15 23:00:00,15464.153495560986,15471.084680350956,13633.97018523529
forecast_2520,2025-04-16 00:00:00,15580.351287005238,14360.355130671822,12897.60358160464
forecast_2521,2025-04-16 01:00:00,15952.69473146041,15242.69266142749,11710.703964775485
forecast_2522,2025-04-16 02:00:00,14992.692718809187,14672.246653195218,11365.533747496838
forecast_2523,2025-04-16 03:00:00,15185.260632489058,14916.986664045413,10294.897292735022
forecast_2524,2025-04-16 04:00:00,13723.624422242277,13530.618095537639,9962.106612692896
forecast_2525,2025-04-16 05:00:00,14203.160924516915,14180.278753361119,10697.240748279472
forecast_2526,2025-04-16 06:00:00,14534.807335394677,14729.264335749394,11407.041715226327
forecast_2527,2025-04-16 07:00:00,12678.776448063645,12711.848935149534,9188.836962204305
forecast_2528,2025-04-16 08:00:00,11657.954001628454,12469.737520841261,8445.168949287892
forecast_2529,2025-04-16 09:00:00,9023.612833736257,10000.784622079465,6695.607317834135
forecast_2530,2025-04-16 10:00:00,8924.884122764344,9549.711874330358,6374.490495792137
forecast_2531,2025-04-16 11:00:00,10256.757569029432,10562.717959463147,8771.554336820383
forecast_2532,2025-04-16 12:00:00,12084.457235671249,11493.653019761401,10205.875843795206
forecast_2533,2025-04-16 13:00:00,14778.384572370065,13418.150809571789,11796.839627942769
forecast_2534,2025-04-16 14:00:00,15554.369103586807,14744.216051823314,12624.495073200724
forecast_2535,2025-04-16 15:00:00,17305.541790225107,17636.479056256478,12856.065677033235
forecast_2536,2025-04-16 16:00:00,17994.1478536606,18198.401616463016,13772.019472852233
forecast_2537,2025-04-16 17:00:00,18741.542322961614,18935.854068870878,14540.389371126923
forecast_2538,2025-04-16 18:00:00,19295.9723874364,18922.524342717137,15180.09311046979
forecast_2539,2025-04-16 19:00:00,19318.872985524293,19287.76006551502,15786.319979864473
forecast_2540,2025-04-16 20:00:00,19260.418663938024,19199.54469844066,15974.308315438528
forecast_2541,2025-04-16 21:00:00,19059.475796692444,19213.81370855516,15606.499858287174
forecast_2542,2025-04-16 22:00:00,18608.83879338667,18644.202468615167,14688.127903342986
forecast_2543,2025-04-16 23:00:00,18080.698040771025,18534.318320876093,13391.387334271309
forecast_2544,2025-04-17 00:00:00,18536.454388028338,18848.66332030614,13939.170061440678
forecast_2545,2025-04-17 01:00:00,17162.761999804738,18076.35231078108,13174.970890455697
forecast_2546,2025-04-17 02:00:00,16181.961348579518,17437.18252147531,12061.746626403114
forecast_2547,2025-04-17 03:00:00,17115.605114262005,18251.518734370682,12985.174041062894
forecast_2548,2025-04-17 04:00:00,15889.877935984934,17158.895921719693,11424.594594518956
forecast_2549,2025-04-17 05:00:00,15088.808388860482,16341.477540706195,11150.778904723451
forecast_2550,2025-04-17 06:00:00,14761.00433866178,15871.79155069198,10814.123870846302
forecast_2551,2025-04-17 07:00:00,14596.293366215674,15792.265301551844,12282.017316925987
forecast_2552,2025-04-17 08:00:00,14208.853705222675,15530.928485960803,12634.005994960518
forecast_2553,2025-04-17 09:00:00,10811.192614243588,13049.90093028911,10115.603079939112
forecast_2554,2025-04-17 10:00:00,9186.688012929892,11894.061527791877,8552.332250638685
forecast_2555,2025-04-17 11:00:00,9891.662628930813,12927.596156781421,9222.438483810254
forecast_2556,2025-04-17 12:00:00,9621.489412141496,11769.175828206116,9407.542661241749
forecast_2557,2025-04-17 13:00:00,9254.34397070211,10253.316902063552,8814.654416406129
forecast_2558,2025-04-17 14:00:00,9761.25519600693,10548.662993641268,9286.997681601748
forecast_2559,2025-04-17 15:00:00,10243.148138610291,10747.266582598213,9207.198235381444
forecast_2560,2025-04-17 16:00:00,10868.373757434929,12871.721195532475,10514.940595575075
forecast_2561,2025-04-17 17:00:00,11723.36036104617,14132.941552334229,11622.361525758804
forecast_2562,2025-04-17 18:00:00,12251.375424093394,13624.633703517879,11350.337422778179
forecast_2563,2025-04-17 19:00:00,13693.85025914674,14870.578448394663,11224.893730144284
forecast_2564,2025-04-17 20:00:00,14792.53999042185,15988.656946700994,12189.229843594285
forecast_2565,2025-04-17 21:00:00,12282.383384843391,13933.259376671464,10326.78512829343
forecast_2566,2025-04-17 22:00:00,13055.86737565777,13998.137640542016,10287.651663973396
forecast_2567,2025-04-17 23:00:00,12056.562284434098,13105.684056816657,10540.950677005436
forecast_2568,2025-04-18 00:00:00,15609.13963725312,16693.728573698798,13793.534887940696
forecast_2569,2025-04-18 01:00:00,17437.37791829757,18081.535645630203,14134.82356609126
forecast_2570,2025-04-18 02:00:00,17161.852443695552,18006.269936691664,14165.678733971097
forecast_2571,2025-04-18 03:00:00,18076.376255074003,18523.52857556824,15039.489429304076
forecast_2572,2025-04-18 04:00:00,18964.76344665029,19034.47325489922,15626.899612224472
forecast_2573,2025-04-18 05:00:00,18072.121350954334,18879.1959157633,14907.313959103303
forecast_2574,2025-04-18 06:00:00,17224.726921223428,17077.021768948372,12434.781841848951
forecast_2575,2025-04-18 07:00:00,14928.874830296032,13758.84625621902,11441.906762098453
forecast_2576,2025-04-18 08:00:00,13239.57658670679,12907.861078744025,9975.400233569746
forecast_2577,2025-04-18 09:00:00,11813.40818092208,11511.140304341085,8957.263969705788
forecast_2578,2025-04-18 10:00:00,11645.050469399577,11217.706187572452,8637.717320007496
forecast_2579,2025-04-18 11:00:00,10725.348354739754,10573.88349925861,9234.514900129634
forecast_2580,2025-04-18 12:00:00,11191.233772876223,10368.448625560568,8700.823456787572
forecast_2581,2025-04-18 13:00:00,9793.40333965812,9608.330777005449,7893.82120593215
forecast_2582,2025-04-18 14:00:00,9823.194834090422,9183.006002107528,7495.752274884677
forecast_2583,2025-04-18 15:00:00,9416.43530729511,8772.452104324784,6836.733858001041
forecast_2584,2025-04-18 16:00:00,8779.991285632099,8175.252130529365,6475.098480877688
forecast_2585,2025-04-18 17:00:00,7762.24974043969,7205.0748715554955,5792.420096934459
forecast_2586,2025-04-18 18:00:00,10266.053846721099,9325.698074707683,6927.34348543532
forecast_2587,2025-04-18 19:00:00,9842.718108977526,10957.750452302678,7705.040280192886
forecast_2588,2025-04-18 20:00:00,11597.677028662007,11744.269988693257,8308.197809765064
forecast_2589,2025-04-18 21:00:00,11710.68405602309,12327.16558511958,8863.496959241598
forecast_2590,2025-04-18 22:00:00,12442.192424242869,12378.414383341358,9211.500276818524
forecast_2591,2025-04-18 23:00:00,8596.502325788137,10369.474839003957,6695.501618219293
forecast_2592,2025-04-19 00:00:00,11006.736747551004,11774.861752171713,7460.487664956254
forecast_2593,2025-04-19 01:00:00,9942.697293277006,12183.596524545155,6697.284621936981
forecast_2594,2025-04-19 02:00:00,10570.24595128722,12018.278182655118,8432.675628997744
forecast_2595,2025-04-19 03:00:00,13614.409070468888,14041.616440501808,10480.11785536694
forecast_2596,2025-04-19 04:00:00,12187.690872490295,12964.8516545255,9455.751791573153
forecast_2597,2025-04-19 05:00:00,11853.06564940735,12623.964274273176,9758.75853703813
forecast_2598,2025-04-19 06:00:00,12235.354138772796,12955.268753053508,9043.926386511906
forecast_2599,2025-04-19 07:00:00,11490.278477638156,12141.02889200202,9533.948355359329
forecast_2600,2025-04-19 08:00:00,12006.18793923789,13282.868830849533,10709.057767507391
forecast_2601,2025-04-19 09:00:00,10817.553627781048,13017.09817841315,10457.371496767964
forecast_2602,2025-04-19 10:00:00,9984.881384560573,11394.463950946698,9916.890564222864
forecast_2603,2025-04-19 11:00:00,10957.940221163797,12589.598963694641,10691.36142509307
forecast_2604,2025-04-19 12:00:00,14295.337232018557,15520.484521552007,13300.174801112184
forecast_2605,2025-04-19 13:00:00,16224.696757723392,17053.760577481284,14481.114093604368
forecast_2606,2025-04-19 14:00:00,17047.46594630241,17912.97440002999,14758.419629104064
forecast_2607,2025-04-19 15:00:00,17304.504314452504,18048.802417840787,14676.045014023097
forecast_2608,2025-04-19 16:00:00,17700.57555344755,18511.692147327107,14825.596534032316
forecast_2609,2025-04-19 17:00:00,18261.687188480366,18801.991122173327,14725.377832942168
forecast_2610,2025-04-19 18:00:00,18509.820282984052,18945.082225022823,14787.102813385893
forecast_2611,2025-04-19 19:00:00,18425.181441278288,18365.124838931988,13234.24685002639
forecast_2612,2025-04-19 20:00:00,17784.621228687545,17280.422698708164,12790.5254809706
forecast_2613,2025-04-19 21:00:00,16699.470964567143,16468.07657127822,12513.70027854538
forecast_2614,2025-04-19 22:00:00,14231.28676748861,14590.537647019415,11044.522380613469
forecast_2615,2025-04-19 23:00:00,11463.781230081824,12336.861033508574,9691.860423062137
forecast_2616,2025-04-20 00:00:00,9620.741128146577,9416.534102290154,7212.469379521404
forecast_2617,2025-04-20 01:00:00,9108.629190890011,9753.193105155653,6492.919558821887
forecast_2618,2025-04-20 02:00:00,7345.843204094282,7684.421100197421,5327.948128480007
forecast_2619,2025-04-20 03:00:00,5849.760555687378,5032.068631912355,3295.0878512240906
forecast_2620,2025-04-20 04:00:00,2765.586353835261,3076.487525019875,1829.7659046598367
forecast_2621,2025-04-20 05:00:00,2401.530696690399,2265.4261890758435,1017.5370015007628
forecast_2622,2025-04-20 06:00:00,1629.6583816612817,1595.7975924845348,589.1933607528434
forecast_2623,2025-04-20 07:00:00,883.8676793638091,806.8485827283776,329.2084839321833
forecast_2624,2025-04-20 08:00:00,574.1627205385439,642.4136881481542,152.8138791737015
forecast_2625,2025-04-20 09:00:00,385.83931485945953,461.4117012945199,121.0165809770531
forecast_2626,2025-04-20 10:00:00,171.34816669847925,150.91318380123812,88.36804121125024
forecast_2627,2025-04-20 11:00:00,150.77023616082977,151.05986101558165,89.19519764068366
forecast_2628,2025-04-20 12:00:00,158.17175958342617,146.78565958018405,90.3156127286127
forecast_2629,2025-04-20 13:00:00,243.25953241067486,281.93914164094946,164.71511025704316
forecast_2630,2025-04-20 14:00:00,223.50818461207368,306.74215246453366,184.44116695055942
forecast_2631,2025-04-20 15:00:00,318.9367233672937,373.8250517352305,217.16861296193258
forecast_2632,2025-04-20 16:00:00,364.5696859058979,384.3562901416641,263.9125775620676
forecast_2633,2025-04-20 17:00:00,255.93007685199402,318.4981839704597,205.17897008498548
forecast_2634,2025-04-20 18:00:00,256.4741518736852,326.5027544942359,126.29083277719185
forecast_2635,2025-04-20 19:00:00,426.092660992148,372.7009244411188,154.01590651921612
forecast_2636,2025-04-20 20:00:00,552.7549752366043,410.2982340226368,187.59757120652168
forecast_2637,2025-04-20 21:00:00,586.0382297076618,394.72461876973387,174.0190316813681
forecast_2638,2025-04-20 22:00:00,721.7472151720189,805.5036229855663,370.02896021457497
forecast_2639,2025-04-20 23:00:00,702.9380687016767,669.6047208779078,350.95853542674
forecast_2640,2025-04-21 00:00:00,696.9206986173475,729.831686855877,412.23331394976435
forecast_2641,2025-04-21 01:00:00,696.6669627176789,636.8055150959882,234.7989293280211
forecast_2642,2025-04-21 02:00:00,982.236822329244,924.5481229963248,548.6703159839734
forecast_2643,2025-04-21 03:00:00,826.5371345584371,706.989733192037,238.82564790286932
forecast_2644,2025-04-21 04:00:00,963.6298661436256,890.5687920596615,281.49189174307617
forecast_2645,2025-04-21 05:00:00,949.5066423366259,891.1806848345966,234.99782783799762
forecast_2646,2025-04-21 06:00:00,1586.9453183068183,1221.670894891451,434.874436562806
forecast_2647,2025-04-21 07:00:00,1426.0658575094023,1373.9978966443562,560.3918792259416
forecast_2648,2025-04-21 08:00:00,1904.5965451076236,1499.9433299892287,710.563702632744
forecast_2649,2025-04-21 09:00:00,1885.104682801084,1676.7971781649026,791.4880782186134
forecast_2650,2025-04-21 10:00:00,1416.6629932955684,1509.1268178799885,734.5687503835501
forecast_2651,2025-04-21 11:00:00,1382.2194242825715,1671.6267388595888,833.0796658933618
forecast_2652,2025-04-21 12:00:00,1489.3138595488463,1816.9201750230698,1175.1722471809567
forecast_2653,2025-04-21 13:00:00,1725.3960550520178,1990.9173455539294,1434.698253217126
forecast_2654,2025-04-21 14:00:00,1851.4091306237906,2200.1640665708233,1227.0419968207364
forecast_2655,2025-04-21 15:00:00,1816.4525110932348,2273.7372095230917,1244.337382669719
forecast_2656,2025-04-21 16:00:00,2077.7012854122713,2489.234887143702,1500.2434887574232
forecast_2657,2025-04-21 17:00:00,1744.7830332931376,1992.7206354814125,1268.186561516568
forecast_2658,2025-04-21 18:00:00,1723.6793128550125,1965.615065879314,1258.82440242806
forecast_2659,2025-04-21 19:00:00,2391.711407214298,2418.9175339315057,1300.313777225575
forecast_2660,2025-04-21 20:00:00,4305.857831861938,5394.877240592367,2700.949812808277
forecast_2661,2025-04-21 21:00:00,4369.80671183347,5693.8730269205835,2549.5942306427223
forecast_2662,2025-04-21 22:00:00,5581.604457516003,7234.449835653772,2811.1343002228423
forecast_2663,2025-04-21 23:00:00,6018.762010859956,7450.006630709211,3677.439764445193
forecast_2664,2025-04-22 00:00:00,6976.521524525687,8013.1360153370715,3838.1498180494846
forecast_2665,2025-04-22 01:00:00,8347.671757270267,9326.806250557313,4706.722339246606
forecast_2666,2025-04-22 02:00:00,8006.174932707901,9508.653609440327,5118.099530778907
forecast_2667,2025-04-22 03:00:00,6841.909273676446,7454.216742776352,4059.400802284217
forecast_2668,2025-04-22 04:00:00,6441.946291355415,6853.585673231882,3936.293805098074
forecast_2669,2025-04-22 05:00:00,5040.393009969505,5569.125335998508,3064.3459527829737
forecast_2670,2025-04-22 06:00:00,4411.22378784996,4800.381899368075,2684.622383742823
forecast_2671,2025-04-22 07:00:00,3331.495058786644,3430.6626797667614,1268.9492490487935
forecast_2672,2025-04-22 08:00:00,3561.7072394232027,3101.3440644357306,1135.8297350623855
forecast_2673,2025-04-22 09:00:00,5107.7836125001695,5912.903443065845,3632.456294262572
forecast_2674,2025-04-22 10:00:00,5890.678137157205,7279.096534981491,4336.8526598964645
forecast_2675,2025-04-22 11:00:00,7301.161253696841,8737.381768567546,6013.48591652987
forecast_2676,2025-04-22 12:00:00,9403.920166908525,10570.759779152328,6902.456771829732
forecast_2677,2025-04-22 13:00:00,10385.922524657397,11637.261421740228,7878.421864537249
forecast_2678,2025-04-22 14:00:00,10096.399649645527,10768.274975981341,7085.989358190173
forecast_2679,2025-04-22 15:00:00,6360.532918021602,7176.867123370926,3983.3621023683354
forecast_2680,2025-04-22 16:00:00,4805.478422911947,4966.195418379457,2713.509386850636
forecast_2681,2025-04-22 17:00:00,3439.979589378957,3194.9296191458625,1588.8680786821194
forecast_2682,2025-04-22 18:00:00,2109.0184081499347,2477.8518580153736,1077.1387047404244
forecast_2683,2025-04-22 19:00:00,2548.4797345775723,3180.773254749895,1229.5499716937902
forecast_2684,2025-04-22 20:00:00,4248.200284985861,4547.517599803306,2515.040491961569
forecast_2685,2025-04-22 21:00:00,4757.860942102726,5025.411648827411,2464.387446905647
forecast_2686,2025-04-22 22:00:00,4245.3665368854845,4324.188278455108,2348.790392204882
forecast_2687,2025-04-22 23:00:00,4217.81800276603,4574.001521251115,2625.5309867050332
forecast_2688,2025-04-23 00:00:00,4536.7745835166625,4100.906012609088,2219.561620165402
forecast_2689,2025-04-23 01:00:00,5526.826103366282,5996.792442836681,3081.2864909487
forecast_2690,2025-04-23 02:00:00,5054.106644029533,5716.3619152830715,2467.9762162586635
forecast_2691,2025-04-23 03:00:00,5113.561501530174,5162.277799193263,2582.2066236479177
forecast_2692,2025-04-23 04:00:00,5030.444309152544,5442.015575561302,2961.6871651283122
forecast_2693,2025-04-23 05:00:00,4681.3289561319825,4861.2274746228695,2836.2311463825704
forecast_2694,2025-04-23 06:00:00,4407.478866986276,3876.837080110307,1901.3830123732034
forecast_2695,2025-04-23 07:00:00,2990.218333426035,3257.4462137522423,1458.037857648195
forecast_2696,2025-04-23 08:00:00,2097.39393784839,2182.1816298033896,932.0604244333393
forecast_2697,2025-04-23 09:00:00,1417.153595292422,1665.4960127295315,832.3571184801984
forecast_2698,2025-04-23 10:00:00,890.1349075791501,776.5206334064405,590.6748246964605
forecast_2699,2025-04-23 11:00:00,662.5446951996889,578.6600950511109,452.44319681751307
forecast_2700,2025-04-23 12:00:00,585.10480979261,534.7697423509641,333.70228545532655
forecast_2701,2025-04-23 13:00:00,335.9550628269841,417.93992885207604,274.202203965458
forecast_2702,2025-04-23 14:00:00,513.0004526727319,496.80944391561496,290.9888176637857
forecast_2703,2025-04-23 15:00:00,700.7981583755787,810.6042615863283,321.06184520722394
forecast_2704,2025-04-23 16:00:00,1219.4205717918812,1358.438535557901,494.45801687495737
forecast_2705,2025-04-23 17:00:00,1481.783776242072,1513.912971699314,642.5273002939115
forecast_2706,2025-04-23 18:00:00,2888.195940272963,2328.0057385413884,889.0722170965263
forecast_2707,2025-04-23 19:00:00,2732.2831066729805,2868.863881877202,885.4671943415548
forecast_2708,2025-04-23 20:00:00,4551.1831351298915,4556.825563235054,2753.5501631131892
forecast_2709,2025-04-23 21:00:00,5627.099183483082,5997.901362171281,3889.4887589361424
forecast_2710,2025-04-23 22:00:00,7359.785415455471,8314.887693055185,5628.224735186005
forecast_2711,2025-04-23 23:00:00,8052.391254585956,9158.515645987083,6463.435966435681
forecast_2712,2025-04-24 00:00:00,11722.50106216858,12466.601966987568,8591.282417625045
forecast_2713,2025-04-24 01:00:00,12260.867206992063,12605.352560813699,9887.847135803915
forecast_2714,2025-04-24 02:00:00,11975.773777228598,12423.040995507332,9942.726754715535
forecast_2715,2025-04-24 03:00:00,11969.68714755536,13311.197414047705,10673.819875383428
forecast_2716,2025-04-24 04:00:00,12869.165463837797,13806.404102741079,10977.257880877709
forecast_2717,2025-04-24 05:00:00,14571.828637576074,15183.533825236156,11849.001363091358
forecast_2718,2025-04-24 06:00:00,14995.890360901978,14792.845832201356,10504.197588596397
forecast_2719,2025-04-24 07:00:00,13437.42672499323,14153.531235797238,9863.384352636702
forecast_2720,2025-04-24 08:00:00,12948.813399436429,13081.917505694155,8052.846190899811
forecast_2721,2025-04-24 09:00:00,9883.048272246986,11321.302931560056,6858.19976314589
forecast_2722,2025-04-24 10:00:00,8939.423366629184,9902.420423400687,6488.303086186362
forecast_2723,2025-04-24 11:00:00,9442.953896675312,9733.33134728026,8122.104764460458
forecast_2724,2025-04-24 12:00:00,11505.37922030596,11493.879707587661,9962.997037528132
forecast_2725,2025-04-24 13:00:00,13553.199911002883,13386.432784217837,11013.996487789898
forecast_2726,2025-04-24 14:00:00,16778.14119606755,15187.28187638412,12423.22591507843
forecast_2727,2025-04-24 15:00:00,17089.887084357008,16707.144865746035,12938.488988024232
forecast_2728,2025-04-24 16:00:00,17589.63830702949,18107.429480946324,12882.694788617668
forecast_2729,2025-04-24 17:00:00,18105.267306940157,18422.821340398674,12612.339412656056
forecast_2730,2025-04-24 18:00:00,18493.597407420508,18664.86529886295,13078.313119492668
forecast_2731,2025-04-24 19:00:00,18586.769464627716,18561.68205948555,12572.701151120138
forecast_2732,2025-04-24 20:00:00,18584.79431405379,18273.26253180655,12668.75454192027
forecast_2733,2025-04-24 21:00:00,18169.159955399253,17494.776132804123,12533.711884768214
forecast_2734,2025-04-24 22:00:00,17567.86748794384,15570.471412769444,11076.741739783296
forecast_2735,2025-04-24 23:00:00,16648.401305924865,14593.12998044442,10690.551254705577
forecast_2736,2025-04-25 00:00:00,16101.393122723499,13980.03673138217,9772.535940293197
forecast_2737,2025-04-25 01:00:00,15422.238197753706,13622.819252067626,9674.141725855592
forecast_2738,2025-04-25 02:00:00,14520.946944565581,12962.796652424197,9160.5527502317
forecast_2739,2025-04-25 03:00:00,14728.261388893454,12840.29726728833,8565.55945563611
forecast_2740,2025-04-25 04:00:00,14084.224573261887,12984.567915200594,8199.702633250488
forecast_2741,2025-04-25 05:00:00,14136.046685211028,13766.988044616266,8296.981948648398
forecast_2742,2025-04-25 06:00:00,14164.077654160417,13731.152326033158,7848.574475937794
forecast_2743,2025-04-25 07:00:00,13429.331498061465,12665.08109210207,7962.854034438356
forecast_2744,2025-04-25 08:00:00,13380.649004522238,12156.317393080406,7817.497194848911
forecast_2745,2025-04-25 09:00:00,12267.945407123285,11191.111711456426,7179.523271280756
forecast_2746,2025-04-25 10:00:00,12115.729615412018,10834.927900014727,7340.1111942850575
forecast_2747,2025-04-25 11:00:00,12956.217850552632,10890.053645784941,7838.940507702434
forecast_2748,2025-04-25 12:00:00,12524.113609697735,10729.097257655823,7531.714299168616
forecast_2749,2025-04-25 13:00:00,12483.96962190499,10641.821252089221,7427.322088421731
forecast_2750,2025-04-25 14:00:00,12248.514210118843,10362.566679686804,7304.3843535451515
forecast_2751,2025-04-25 15:00:00,12454.463901086207,10010.75821504093,7415.014632998279
forecast_2752,2025-04-25 16:00:00,12695.606562039777,10880.986371557332,7741.5568316244535
forecast_2753,2025-04-25 17:00:00,12937.261782158515,11239.541458570202,7715.080792713369
forecast_2754,2025-04-25 18:00:00,13344.92154760442,11629.066219393952,7821.616824645364
forecast_2755,2025-04-25 19:00:00,12351.642246698451,10541.54121983427,7692.66344326266
forecast_2756,2025-04-25 20:00:00,13505.314719088998,11556.261684119063,9042.927557555844
forecast_2757,2025-04-25 21:00:00,15281.409153931058,13356.818255458928,10967.255212721848
forecast_2758,2025-04-25 22:00:00,15963.405119244295,14416.090146529772,11538.27398850029
forecast_2759,2025-04-25 23:00:00,12485.074025319915,11774.626611857962,9345.205938043935
forecast_2760,2025-04-26 00:00:00,11465.455469546572,10474.150182600331,7708.957251027223
forecast_2761,2025-04-26 01:00:00,11010.775261827981,10694.974220804006,7858.409052789159
forecast_2762,2025-04-26 02:00:00,11099.282913239284,12481.204299230585,7563.116323167429
forecast_2763,2025-04-26 03:00:00,14705.911062001009,13647.473250547619,10248.656611073842
forecast_2764,2025-04-26 04:00:00,15656.230641969942,14319.017165784882,9965.120054919604
forecast_2765,2025-04-26 05:00:00,15175.418630897191,14715.127639388751,9661.698325876054
forecast_2766,2025-04-26 06:00:00,16289.332350151806,15159.512627806771,10699.942707557939
forecast_2767,2025-04-26 07:00:00,15214.793853326562,14797.02517582389,10758.311514792314
forecast_2768,2025-04-26 08:00:00,14583.969341572025,14086.071339977145,10777.092719866041
forecast_2769,2025-04-26 09:00:00,13680.613901883087,13060.451966184928,10823.69089788996
forecast_2770,2025-04-26 10:00:00,13048.032744505887,12930.389932377939,10217.145446937384
forecast_2771,2025-04-26 11:00:00,14044.202045232265,13774.691723820479,11581.828696522683
forecast_2772,2025-04-26 12:00:00,14602.740307983826,13908.218926139092,11912.221669394907
forecast_2773,2025-04-26 13:00:00,14748.514380342529,13941.602052758166,11680.942924700874
forecast_2774,2025-04-26 14:00:00,15114.963513129995,13744.846836787261,12120.30350331528
forecast_2775,2025-04-26 15:00:00,16558.28298997502,15446.486798985356,12984.85910930078
forecast_2776,2025-04-26 16:00:00,16624.26776505902,15686.98441120893,13022.73637596023
forecast_2777,2025-04-26 17:00:00,17676.949422183723,16411.833120668438,13423.885006770817
forecast_2778,2025-04-26 18:00:00,18830.791794390603,18001.815289666396,14022.048932402098
forecast_2779,2025-04-26 19:00:00,18986.181600966913,18660.369183706985,14923.839381789336
forecast_2780,2025-04-26 20:00:00,19255.40066752237,18897.649784633762,15197.095380085926
forecast_2781,2025-04-26 21:00:00,19391.988078550192,18937.492978401337,15505.178421501687
forecast_2782,2025-04-26 22:00:00,19550.942595819375,18940.364213924986,15378.570463679534
forecast_2783,2025-04-26 23:00:00,19701.19692601809,19336.445205599834,15043.424163837664
forecast_2784,2025-04-27 00:00:00,19736.94669305032,19363.43428173301,15020.292181310351
forecast_2785,2025-04-27 01:00:00,19754.353919228583,19248.879850747428,15059.688344264174
forecast_2786,2025-04-27 02:00:00,19829.48552812845,19368.101462192215,14947.97178696399
forecast_2787,2025-04-27 03:00:00,19924.678608304162,19386.007378934155,14580.04350401776
forecast_2788,2025-04-27 04:00:00,20203.834498940167,19408.771415411476,14134.415004623796
forecast_2789,2025-04-27 05:00:00,19729.535251537014,19263.75456622546,13696.27727418702
forecast_2790,2025-04-27 06:00:00,19647.31952841535,19191.13345812898,13126.885705171944
forecast_2791,2025-04-27 07:00:00,19279.70925284345,18568.52076903916,12883.640512953969
forecast_2792,2025-04-27 08:00:00,18798.555182528256,18143.304383530303,13322.328164334223
forecast_2793,2025-04-27 09:00:00,18157.86812303135,17814.860292661295,13235.260408596123
forecast_2794,2025-04-27 10:00:00,18365.748198945254,18506.009153130097,13202.672202012438
forecast_2795,2025-04-27 11:00:00,19048.384023865103,18644.182851945872,13128.552191356095
forecast_2796,2025-04-27 12:00:00,19066.72696480701,18785.549349324498,13159.51515775015
forecast_2797,2025-04-27 13:00:00,18834.089577047867,18770.516854649308,13289.604447715607
forecast_2798,2025-04-27 14:00:00,18800.89892767921,18683.478118899573,13181.239519715986
forecast_2799,2025-04-27 15:00:00,18248.27772916695,18463.32134547501,13122.524214020807
forecast_2800,2025-04-27 16:00:00,18245.22185483829,18481.581023008646,13260.29455255585
forecast_2801,2025-04-27 17:00:00,18452.836507927903,18411.764793108086,13621.040589735869
forecast_2802,2025-04-27 18:00:00,18312.90302547781,18329.63363340653,13576.732367108656
forecast_2803,2025-04-27 19:00:00,17803.973865333694,18094.693184046813,13810.134659454257
forecast_2804,2025-04-27 20:00:00,17481.16198635202,18139.491828709713,14286.947200677925
forecast_2805,2025-04-27 21:00:00,17019.387154726082,17104.721527870304,13128.421019689702
forecast_2806,2025-04-27 22:00:00,18335.801903428743,18038.910003517067,13621.346926378756
forecast_2807,2025-04-27 23:00:00,18424.58027550274,18727.485416442632,14118.650766898394
forecast_2808,2025-04-28 00:00:00,18036.107733029952,17095.39971503112,12213.40650488152
forecast_2809,2025-04-28 01:00:00,16399.581880895956,16740.666961053343,12261.17704234694
forecast_2810,2025-04-28 02:00:00,15947.067008319918,15618.287837305197,11767.678234421934
forecast_2811,2025-04-28 03:00:00,16385.127601775577,16519.81218805483,11793.006696440314
forecast_2812,2025-04-28 04:00:00,13880.893047965648,14378.92531650208,10540.681469333207
forecast_2813,2025-04-28 05:00:00,11883.863790388661,12627.176561220533,9183.804324100967
forecast_2814,2025-04-28 06:00:00,10312.240631738925,11032.607167680582,8005.022503074077
forecast_2815,2025-04-28 07:00:00,10578.88491994283,10732.16436734758,6721.674649944374
forecast_2816,2025-04-28 08:00:00,7313.69223930855,7446.891345408166,4934.292229933327
forecast_2817,2025-04-28 09:00:00,4881.466673761289,4003.1343058814946,2407.663565309023
forecast_2818,2025-04-28 10:00:00,6466.353446471912,5096.235248854172,2911.1686110611163
forecast_2819,2025-04-28 11:00:00,8955.506525694504,8357.827286765138,6482.0117553366
forecast_2820,2025-04-28 12:00:00,12617.064417677504,11772.420126630326,8438.047736972194
forecast_2821,2025-04-28 13:00:00,14854.660162580372,13008.99290784504,8933.677537898533
forecast_2822,2025-04-28 14:00:00,14838.580970907497,12665.547372725701,8776.313227373335
forecast_2823,2025-04-28 15:00:00,12646.963327221629,11195.138870222469,7502.110068998019
forecast_2824,2025-04-28 16:00:00,9843.595367542737,7897.815946295183,5174.085614560017
forecast_2825,2025-04-28 17:00:00,7174.974295359814,5814.347811575522,3958.9728770002716
forecast_2826,2025-04-28 18:00:00,5588.942015997949,4001.7831135631322,2590.350997741858
forecast_2827,2025-04-28 19:00:00,4381.079375043953,3823.3448151734647,2557.7056973109406
forecast_2828,2025-04-28 20:00:00,6145.7347641720235,5523.386079779433,2977.796815394305
forecast_2829,2025-04-28 21:00:00,6835.970157543943,5644.42099055996,3412.6189820989393
forecast_2830,2025-04-28 22:00:00,5683.100984433095,5634.290665564439,3496.6555540779036
forecast_2831,2025-04-28 23:00:00,4833.010364244987,4665.237600186289,3185.7323185045097
forecast_2832,2025-04-29 00:00:00,4994.548334115146,4468.376316208703,2873.951490897161
forecast_2833,2025-04-29 01:00:00,4082.0597688020034,3586.256305791496,1622.397493682307
forecast_2834,2025-04-29 02:00:00,3134.403362224554,2645.95762475536,1322.0652632101217
forecast_2835,2025-04-29 03:00:00,2482.1018077782496,2221.594966098055,1248.6986816609601
forecast_2836,2025-04-29 04:00:00,2518.6012291315087,2269.4462294050577,1296.5412209593574
forecast_2837,2025-04-29 05:00:00,3080.1693529617396,2713.137013315569,1667.1806317874452
forecast_2838,2025-04-29 06:00:00,4472.869273847277,4423.718721441794,2530.6899921835093
forecast_2839,2025-04-29 07:00:00,5036.06570112262,5464.075724713187,3302.366547921809
forecast_2840,2025-04-29 08:00:00,5454.139413701625,6221.241069662507,3871.953026911879
forecast_2841,2025-04-29 09:00:00,6272.388533026237,7014.329723678693,4736.572448955494
forecast_2842,2025-04-29 10:00:00,7071.486255048862,6696.511177612144,4988.262410578619
forecast_2843,2025-04-29 11:00:00,7086.690095568012,6307.108423048366,4911.245917557834
forecast_2844,2025-04-29 12:00:00,6981.7822869830725,6022.256412369723,5262.25746295753
forecast_2845,2025-04-29 13:00:00,6836.415241836547,6026.430704417323,5479.391553769525
forecast_2846,2025-04-29 14:00:00,6572.948742710773,6306.092466459097,5343.212661072085
forecast_2847,2025-04-29 15:00:00,7469.868205238666,7653.484883463149,7579.7573768389
forecast_2848,2025-04-29 16:00:00,8497.113349414987,8038.492657941619,7878.849185957511
forecast_2849,2025-04-29 17:00:00,7544.601155097743,7027.223601444615,6232.28390377795
forecast_2850,2025-04-29 18:00:00,6720.574555185701,6272.593137980724,5034.645858620607
forecast_2851,2025-04-29 19:00:00,8813.573921552985,9502.957684040874,7597.12723633347
forecast_2852,2025-04-29 20:00:00,12551.012895932763,13445.41770869392,10460.365548986376
forecast_2853,2025-04-29 21:00:00,15128.662629995688,15142.3780181136,12926.79863491849
forecast_2854,2025-04-29 22:00:00,17891.30481662428,17102.354299685117,14917.612263245728
forecast_2855,2025-04-29 23:00:00,18694.309480307697,17951.410351803454,14827.39990101682
forecast_2856,2025-04-30 00:00:00,19403.845178628824,18459.72829903166,14642.809575581285
forecast_2857,2025-04-30 01:00:00,16322.697536934986,16483.87069204396,13031.376119877406
forecast_2858,2025-04-30 02:00:00,16833.61460416648,17158.069624503532,14178.486755470718
forecast_2859,2025-04-30 03:00:00,18514.2219967547,18134.51189940047,14498.041119242882
forecast_2860,2025-04-30 04:00:00,18778.70434010974,18529.349519162573,14843.449502011543
forecast_2861,2025-04-30 05:00:00,18729.25564471626,18566.897137363994,15376.887179441961
forecast_2862,2025-04-30 06:00:00,18460.85771864102,18132.62412233438,14434.319701118513
forecast_2863,2025-04-30 07:00:00,16255.30559580053,16254.031962222907,12957.174745548786
forecast_2864,2025-04-30 08:00:00,15263.326938834423,15717.626018333745,12423.141672938571
forecast_2865,2025-04-30 09:00:00,15299.892205605871,16002.473969675242,12217.10956636142
forecast_2866,2025-04-30 10:00:00,13355.01816240706,14412.760545053157,11071.735977326602
forecast_2867,2025-04-30 11:00:00,13010.773020696171,13576.085605438735,10946.54189995788
forecast_2868,2025-04-30 12:00:00,11882.426527144127,12709.390695211026,10720.579372670576
forecast_2869,2025-04-30 13:00:00,10831.373398995427,12211.778733616298,10314.017154349942
forecast_2870,2025-04-30 14:00:00,10198.388266541539,11892.247247581916,9926.587847875877
forecast_2871,2025-04-30 15:00:00,9776.989176439758,11111.062311042668,9535.413691304373
forecast_2872,2025-04-30 16:00:00,8910.515474529755,10323.398752921436,8451.780396103393
forecast_2873,2025-04-30 17:00:00,7417.069759153246,9114.382291213327,7448.727722086509
forecast_2874,2025-04-30 18:00:00,6318.831570059212,7774.626007633193,5850.09402042937
forecast_2875,2025-04-30 19:00:00,5131.132234072448,5941.829420484775,3575.7205515201035
forecast_2876,2025-04-30 20:00:00,5229.765973742448,6509.321184292996,4054.991877291106
forecast_2877,2025-04-30 21:00:00,8280.596790482714,9746.627083471552,5554.058557254884
forecast_2878,2025-04-30 22:00:00,8915.094192218685,11097.485816122857,5857.620669467585
forecast_2879,2025-04-30 23:00:00,9259.540628294792,11374.759983519723,6366.552122851999
forecast_2880,2025-05-01 00:00:00,10004.991340885404,10939.640593098535,6516.02059604008
forecast_2881,2025-05-01 01:00:00,11713.928668434832,11939.419031816802,7550.75197804877
forecast_2882,2025-05-01 02:00:00,11776.694728053106,12410.809103500998,8082.567581870801
forecast_2883,2025-05-01 03:00:00,13945.097216860137,14009.947102188602,10090.498904994565
forecast_2884,2025-05-01 04:00:00,14577.742312146096,15290.052900194378,11434.656708931849
forecast_2885,2025-05-01 05:00:00,14248.045547833188,15649.132306530899,12137.02432282865
forecast_2886,2025-05-01 06:00:00,14870.05419869606,15702.464469112518,12209.900798725268
forecast_2887,2025-05-01 07:00:00,15086.6146981057,16243.558416819102,12388.802215069458
forecast_2888,2025-05-01 08:00:00,15093.022363616736,16833.349850538503,12338.773742380588
forecast_2889,2025-05-01 09:00:00,15349.307640033156,16397.320803131704,12481.27386137145
forecast_2890,2025-05-01 10:00:00,15037.646077720989,16020.118203959868,13102.87112827482
forecast_2891,2025-05-01 11:00:00,16063.805089893605,16325.467317204657,13751.363175003313
forecast_2892,2025-05-01 12:00:00,16100.583042037078,16963.130764626854,13569.294787085822
forecast_2893,2025-05-01 13:00:00,16409.257539027945,16989.014578775717,13724.534542729849
forecast_2894,2025-05-01 14:00:00,14966.480712885048,16246.015330477216,12972.680671702083
forecast_2895,2025-05-01 15:00:00,15399.52433989829,15963.673703367034,13356.830245682075
forecast_2896,2025-05-01 16:00:00,15803.961060923179,16202.513714318828,13911.499184756927
forecast_2897,2025-05-01 17:00:00,12527.739775969345,14335.180601076938,11119.727650250823
forecast_2898,2025-05-01 18:00:00,11012.309590359799,12771.26734762345,10127.96026150213
forecast_2899,2025-05-01 19:00:00,10516.342056971918,12605.245833823295,10389.588644466197
forecast_2900,2025-05-01 20:00:00,11934.072917212723,14108.994006222745,11484.717679853868
forecast_2901,2025-05-01 21:00:00,10927.780856274676,11856.15103711998,8721.318909442009
forecast_2902,2025-05-01 22:00:00,11646.883995157517,12467.674081985348,10089.16657696228
forecast_2903,2025-05-01 23:00:00,14385.692797287193,15060.50268893432,11554.680945289909
forecast_2904,2025-05-02 00:00:00,17366.18423742466,16161.403935934684,12144.861310946399
forecast_2905,2025-05-02 01:00:00,16009.981928476573,15941.869816250939,12574.294421042805
forecast_2906,2025-05-02 02:00:00,17424.504698508903,16642.48766271053,12737.777220074619
forecast_2907,2025-05-02 03:00:00,17477.61796050196,16303.257902200423,11592.277355075437
forecast_2908,2025-05-02 04:00:00,17708.19457058729,16265.677336126584,13187.708110423004
forecast_2909,2025-05-02 05:00:00,18481.950030388354,17683.4043892234,13408.492747948429
forecast_2910,2025-05-02 06:00:00,17554.441614172887,17037.207463850806,13407.63472365323
forecast_2911,2025-05-02 07:00:00,16667.23358981961,15343.425026912926,11852.98024746696
forecast_2912,2025-05-02 08:00:00,15276.155063975717,14182.6720550951,10056.68353788511
forecast_2913,2025-05-02 09:00:00,13788.571984501412,12495.89206773368,8304.79860274563
forecast_2914,2025-05-02 10:00:00,12618.366640229375,10579.539730231032,8013.094921583202
forecast_2915,2025-05-02 11:00:00,9726.952286737835,8683.260630703058,6382.782566841381
forecast_2916,2025-05-02 12:00:00,8951.622090198778,7459.416505629571,5879.180039350905
forecast_2917,2025-05-02 13:00:00,8771.8916711009,6819.9529629886865,5219.004976448161
forecast_2918,2025-05-02 14:00:00,8766.088520749458,6465.051530841337,5431.501250010162
forecast_2919,2025-05-02 15:00:00,8125.789260786303,6391.010633798531,5186.989229198704
forecast_2920,2025-05-02 16:00:00,7733.088374835917,5837.895422183375,4790.617198894849
forecast_2921,2025-05-02 17:00:00,6847.920308621869,5588.098591351116,4859.86209528429
forecast_2922,2025-05-02 18:00:00,8610.960629419307,8115.160497117554,6815.4865824234785
forecast_2923,2025-05-02 19:00:00,9981.023324116753,9019.618093351179,8053.638268015085
forecast_2924,2025-05-02 20:00:00,11442.96769165176,10837.088342905367,10099.953977282226
forecast_2925,2025-05-02 21:00:00,12175.00649469238,11879.641910423963,11064.82744404418
forecast_2926,2025-05-02 22:00:00,11049.709638737724,11292.477215340929,9487.033168020567
forecast_2927,2025-05-02 23:00:00,10654.43170609379,10920.522306060404,8318.538200579022
forecast_2928,2025-05-03 00:00:00,10950.245735807686,12315.82239131396,8483.42511609553
forecast_2929,2025-05-03 01:00:00,11294.009183873875,12270.165432868613,7836.795822831739
forecast_2930,2025-05-03 02:00:00,12248.553348137386,11824.298120700512,9215.563548525459
forecast_2931,2025-05-03 03:00:00,10513.9369871035,10885.03397842655,8146.117741555311
forecast_2932,2025-05-03 04:00:00,9068.49634657776,9759.557483287652,6244.308662438466
forecast_2933,2025-05-03 05:00:00,8996.244016459425,8516.97839796655,6007.267083344712
forecast_2934,2025-05-03 06:00:00,6104.991371493443,5841.328539854018,3541.9686573224076
forecast_2935,2025-05-03 07:00:00,3539.191288209534,3428.3201302709986,1845.2953161907399
forecast_2936,2025-05-03 08:00:00,2561.0580901687167,2661.945353326993,1460.7844696692318
forecast_2937,2025-05-03 09:00:00,3850.845257261514,3873.3105433285527,2599.304830197067
forecast_2938,2025-05-03 10:00:00,6037.911708856259,6441.329282229288,4117.518760691656
forecast_2939,2025-05-03 11:00:00,9789.337761424056,11201.339525132571,8214.428026276772
forecast_2940,2025-05-03 12:00:00,11178.44348421634,12482.163377325163,9293.021027014995
forecast_2941,2025-05-03 13:00:00,11202.605875858288,13050.426981592656,10428.519106680913
forecast_2942,2025-05-03 14:00:00,11820.829384165161,12574.14422379681,10642.56913757365
forecast_2943,2025-05-03 15:00:00,12922.724103777084,12503.407010067142,11493.558145252346
forecast_2944,2025-05-03 16:00:00,13510.91950917824,12453.195116911153,11301.065094709005
forecast_2945,2025-05-03 17:00:00,11570.194004031204,10206.95058822863,8593.402169306692
forecast_2946,2025-05-03 18:00:00,11820.821489840337,10883.02932377425,8814.667923807561
forecast_2947,2025-05-03 19:00:00,13306.031608563688,11919.723921936144,10456.271316555762
forecast_2948,2025-05-03 20:00:00,15962.136082522893,15246.991313699486,11252.09712783468
forecast_2949,2025-05-03 21:00:00,14486.228690071519,13664.98562634305,10145.19065094961
forecast_2950,2025-05-03 22:00:00,14185.327866905074,13806.43422835703,9953.91904609121
forecast_2951,2025-05-03 23:00:00,15599.220522606,14708.560618373036,10954.172880095644
forecast_2952,2025-05-04 00:00:00,15364.72584988306,15340.602202235094,11684.690932881063
forecast_2953,2025-05-04 01:00:00,15389.157215721052,14642.346466715697,11434.517115610504
forecast_2954,2025-05-04 02:00:00,14791.391468614971,14237.729822703617,11167.45136712901
forecast_2955,2025-05-04 03:00:00,14763.08213763002,13447.368269178403,10835.298313879957
forecast_2956,2025-05-04 04:00:00,14657.846683498332,13131.558700363426,10103.558490851237
forecast_2957,2025-05-04 05:00:00,15499.784909222855,14398.654477282222,10275.923333131565
forecast_2958,2025-05-04 06:00:00,15820.755044376916,15140.728732172825,10782.884908886854
forecast_2959,2025-05-04 07:00:00,15567.29978330892,14394.18414456634,9275.901624271612
forecast_2960,2025-05-04 08:00:00,15254.790458500056,13611.884489685146,7736.179172283498
forecast_2961,2025-05-04 09:00:00,15198.229002198288,12592.124452406324,7930.391344239712
forecast_2962,2025-05-04 10:00:00,14773.785244512093,12553.260422995281,8344.104754428792
forecast_2963,2025-05-04 11:00:00,14685.320975522129,12781.724203264526,8730.491289256974
forecast_2964,2025-05-04 12:00:00,14801.4477692506,13712.0378628113,10267.627736260461
forecast_2965,2025-05-04 13:00:00,15393.980669615205,15186.987114291554,10252.767898777227
forecast_2966,2025-05-04 14:00:00,16732.356153667515,17073.534559585463,11985.440717394273
forecast_2967,2025-05-04 15:00:00,16900.694209893412,17489.56764980081,11950.142918069574
forecast_2968,2025-05-04 16:00:00,16541.59528458233,17213.477780798858,10950.358508351886
forecast_2969,2025-05-04 17:00:00,16162.838976719155,16778.147924608675,11569.87817931603
forecast_2970,2025-05-04 18:00:00,16341.069302475684,15676.741161522395,11357.23197767314
forecast_2971,2025-05-04 19:00:00,15875.206063555992,14885.233655161313,11222.998602402797
forecast_2972,2025-05-04 20:00:00,15472.263207404932,13680.934707189768,9873.084363762442
forecast_2973,2025-05-04 21:00:00,13708.695708201147,11626.783743701693,6653.672223751051
forecast_2974,2025-05-04 22:00:00,10193.382716595555,9250.646216053095,5264.1027621838175
forecast_2975,2025-05-04 23:00:00,8176.935054787627,7732.307591323944,5287.074989497542
forecast_2976,2025-05-05 00:00:00,6847.522192973812,6268.387938617311,4443.786806441904
forecast_2977,2025-05-05 01:00:00,6036.880159271991,6090.362724571247,3556.0292177923034
forecast_2978,2025-05-05 02:00:00,5551.758520569969,3819.7352134415487,3264.6589512671258
forecast_2979,2025-05-05 03:00:00,5217.148364609798,3590.898863257327,3122.9079297381586
forecast_2980,2025-05-05 04:00:00,3699.3070554651363,3229.1669293000227,2132.6203600836507
forecast_2981,2025-05-05 05:00:00,2862.149232644256,2171.167296955285,1418.15247544896
forecast_2982,2025-05-05 06:00:00,1349.368544401877,1072.9278789254895,603.3091528292935
forecast_2983,2025-05-05 07:00:00,953.9478872171965,744.2278881772487,369.6918494701224
forecast_2984,2025-05-05 08:00:00,905.6192157897333,712.9224589164835,247.30569334581665
forecast_2985,2025-05-05 09:00:00,718.8228428999772,527.5004349966018,225.15148985950952
forecast_2986,2025-05-05 10:00:00,356.87681478220946,321.82121236654706,199.87892690177264
forecast_2987,2025-05-05 11:00:00,279.1263115563695,265.2406238866112,361.766114336061
forecast_2988,2025-05-05 12:00:00,315.4080617318225,363.6611101384842,340.11413603849365
forecast_2989,2025-05-05 13:00:00,415.3459986818946,349.50842124174653,318.8503528296949
forecast_2990,2025-05-05 14:00:00,507.8443297986587,462.0816080474641,353.6283188361718
forecast_2991,2025-05-05 15:00:00,668.3429594169567,502.6355556913219,317.6650643693219
forecast_2992,2025-05-05 16:00:00,614.3064352115599,429.38231363055115,267.8550245800977
forecast_2993,2025-05-05 17:00:00,876.1526236564897,818.330148426176,412.34610080572656
forecast_2994,2025-05-05 18:00:00,1261.9418315229489,1260.910688595233,516.6318865487542
forecast_2995,2025-05-05 19:00:00,5006.299383298363,4408.859951996354,2907.3186065743193
forecast_2996,2025-05-05 20:00:00,5374.90978601224,4873.265637574135,3059.6100658072196
forecast_2997,2025-05-05 21:00:00,3730.814262403517,3241.618746919097,1586.403475723123
forecast_2998,2025-05-05 22:00:00,3961.5053106033415,3664.3101278187432,1793.122116984179
forecast_2999,2025-05-05 23:00:00,2185.0173232539337,2484.63808612622,1039.9656621204185
forecast_3000,2025-05-06 00:00:00,3570.2600071075644,3124.3769043149646,1274.5955077106903
forecast_3001,2025-05-06 01:00:00,1868.9924540758554,1484.6221995874785,456.67753167064353
forecast_3002,2025-05-06 02:00:00,669.9961033822005,660.1267118866343,192.85943300300397
forecast_3003,2025-05-06 03:00:00,509.4169584176694,459.3039902670676,211.76443222434003
forecast_3004,2025-05-06 04:00:00,543.1056353846363,474.82040910590104,165.6778153617082
forecast_3005,2025-05-06 05:00:00,711.8553357756282,750.3542171425788,250.47979215297997
forecast_3006,2025-05-06 06:00:00,849.0200143370417,813.4240620045308,209.6442696475418
forecast_3007,2025-05-06 07:00:00,1108.9459914098031,1098.3402031929145,296.22925266068364
forecast_3008,2025-05-06 08:00:00,1375.4121798073459,1215.2994559575461,421.8736361738677
forecast_3009,2025-05-06 09:00:00,1061.7949484768806,862.9031790717606,539.4545198838637
forecast_3010,2025-05-06 10:00:00,946.0132526888235,811.0220868968858,406.86191121525343
forecast_3011,2025-05-06 11:00:00,650.5169184360278,605.6849310786978,341.70967589928017
forecast_3012,2025-05-06 12:00:00,401.563616179906,405.59874279066673,347.987199581102
forecast_3013,2025-05-06 13:00:00,452.6189784238166,499.58260800448,325.00486548058996
forecast_3014,2025-05-06 14:00:00,516.638408250807,666.7627595494092,492.7025625904421
forecast_3015,2025-05-06 15:00:00,600.7326142819131,497.79455330109755,353.04730647346537
forecast_3016,2025-05-06 16:00:00,446.43394355878394,448.23928091677084,266.0473072302735
forecast_3017,2025-05-06 17:00:00,360.0457803446394,377.35934993086255,248.05627373892668
forecast_3018,2025-05-06 18:00:00,379.6825636020414,337.1331591935112,130.2150779089156
forecast_3019,2025-05-06 19:00:00,389.7925573977819,346.25439630752106,132.39587203632053
forecast_3020,2025-05-06 20:00:00,517.2618133330824,600.1357382979901,209.23750230974588
forecast_3021,2025-05-06 21:00:00,1005.8463408216261,790.333335752488,432.55892584101207
forecast_3022,2025-05-06 22:00:00,2296.7588345879535,1693.7777866269766,776.2705600238843
forecast_3023,2025-05-06 23:00:00,1996.524279525129,1746.2339842399306,857.329282601615
forecast_3024,2025-05-07 00:00:00,2111.622980207704,1909.4759020391514,978.1087615271844
forecast_3025,2025-05-07 01:00:00,2960.1151700036366,2227.397500432309,1265.0619827165694
forecast_3026,2025-05-07 02:00:00,2324.131756306641,1887.1860321590657,958.6558477382707
forecast_3027,2025-05-07 03:00:00,2115.929063544414,1499.3055553921213,716.6633121494291
forecast_3028,2025-05-07 04:00:00,2861.7551837236397,2075.6172832762973,1388.6472257814298
forecast_3029,2025-05-07 05:00:00,3268.6358855074545,2301.210270042664,1430.944244756138
forecast_3030,2025-05-07 06:00:00,2979.5965391225463,2611.555350311188,1309.5258602625427
forecast_3031,2025-05-07 07:00:00,3166.949440154728,2599.3385702069854,1405.352549915548
forecast_3032,2025-05-07 08:00:00,2024.1294548019507,1612.5001905204651,948.340623180097
forecast_3033,2025-05-07 09:00:00,2091.03185410585,1917.3877120747682,1205.489029772068
forecast_3034,2025-05-07 10:00:00,1576.6293793111465,1503.2987279816593,780.6820938893426
forecast_3035,2025-05-07 11:00:00,1177.0781748028153,962.3061102760205,662.6153690846634
forecast_3036,2025-05-07 12:00:00,1545.4227198156407,1227.7816352735574,940.9183776909931
forecast_3037,2025-05-07 13:00:00,1176.3357023808894,901.9170882673536,669.4336454314953
forecast_3038,2025-05-07 14:00:00,1402.4860376132972,1208.968751028359,831.4548573878227
forecast_3039,2025-05-07 15:00:00,955.2203753047233,849.361923809536,576.8511586326683
forecast_3040,2025-05-07 16:00:00,840.3757150460418,882.9879169847535,530.8942017469436
forecast_3041,2025-05-07 17:00:00,727.9145060741434,761.5192618795472,436.45058929682045
forecast_3042,2025-05-07 18:00:00,764.2617739989073,720.4279744975549,507.15334942120217
forecast_3043,2025-05-07 19:00:00,1140.1598563112937,1031.150418017176,600.8474853035807
forecast_3044,2025-05-07 20:00:00,2189.335060815541,1742.498399956926,1061.641320893666
forecast_3045,2025-05-07 21:00:00,3186.997909264292,2902.469619767727,1816.7214034613594
forecast_3046,2025-05-07 22:00:00,4183.546476220712,4026.463850569625,2652.793079906806
forecast_3047,2025-05-07 23:00:00,6906.179847939411,6584.835320851845,4152.009050257265
forecast_3048,2025-05-08 00:00:00,5719.068619190097,5370.8905933769065,2793.7706923553537
forecast_3049,2025-05-08 01:00:00,4682.352865474852,4300.746555306881,2551.1770342614536
forecast_3050,2025-05-08 02:00:00,7266.761237768556,6505.388532798247,3698.0288431676645
forecast_3051,2025-05-08 03:00:00,7765.0356935908285,8247.266703811209,5405.118090042834
forecast_3052,2025-05-08 04:00:00,11019.06233738154,10080.545495791583,7036.672790694013
forecast_3053,2025-05-08 05:00:00,10531.95147918827,8554.266523187922,5567.758484432191
forecast_3054,2025-05-08 06:00:00,7971.9809896071965,7105.335072279617,4282.465646662631
forecast_3055,2025-05-08 07:00:00,4815.281708734581,4922.369282103401,2797.9975323011035
forecast_3056,2025-05-08 08:00:00,4177.753155376994,2971.622622044687,2153.730857403913
forecast_3057,2025-05-08 09:00:00,1232.395503285536,1014.0679471493573,760.4952915895998
forecast_3058,2025-05-08 10:00:00,681.617971018309,498.0149190478149,370.5865012376659
forecast_3059,2025-05-08 11:00:00,491.7175962296325,461.35285952016113,309.0345228391383
forecast_3060,2025-05-08 12:00:00,451.98654420084637,503.51354398036773,334.1214330338785
forecast_3061,2025-05-08 13:00:00,629.7573847788061,812.0823757297611,488.62656468017184
forecast_3062,2025-05-08 14:00:00,2619.2890706865182,3248.256767223912,1825.0336845151774
forecast_3063,2025-05-08 15:00:00,1608.5570087387125,1898.3890648948534,1032.8152320010313
forecast_3064,2025-05-08 16:00:00,2434.4313945385097,2738.8613889945746,1459.6577346560036
forecast_3065,2025-05-08 17:00:00,2042.4964706653418,2508.7016847434265,1446.731163843273
forecast_3066,2025-05-08 18:00:00,2759.9678179436314,3078.1179914036825,1916.9455699719529
forecast_3067,2025-05-08 19:00:00,3483.4491715394083,4331.742129006422,2424.710225087338
forecast_3068,2025-05-08 20:00:00,2544.3364849732334,2577.279301640105,1557.3220553946583
forecast_3069,2025-05-08 21:00:00,2508.414318814792,2526.455302638632,1045.0630913193847
forecast_3070,2025-05-08 22:00:00,2286.8214144790363,2608.1021678152447,1147.163821366522
forecast_3071,2025-05-08 23:00:00,1845.6086930254507,2013.7344033683205,948.7950424420592
forecast_3072,2025-05-09 00:00:00,3162.3988161627612,3251.0572619204922,1564.4273575309091
forecast_3073,2025-05-09 01:00:00,5199.815460187061,5843.859396073997,3253.173811170674
forecast_3074,2025-05-09 02:00:00,5540.0634289105865,5458.510714090064,3145.1936105769714
forecast_3075,2025-05-09 03:00:00,4392.851236811063,4593.52330212704,2228.9953617284236
forecast_3076,2025-05-09 04:00:00,4760.3203083876915,4766.0224874084515,2173.988814272529
forecast_3077,2025-05-09 05:00:00,3354.2611210696195,3351.354476267214,1328.9937007707065
forecast_3078,2025-05-09 06:00:00,3002.1580459835473,2733.712727434791,1040.288078292775
forecast_3079,2025-05-09 07:00:00,2128.4965583005405,2342.4863133629215,821.2788653186162
forecast_3080,2025-05-09 08:00:00,2140.6542176019157,2175.3248654013187,726.7280941656728
forecast_3081,2025-05-09 09:00:00,2466.6351973109295,2128.329822806988,926.3181030726706
forecast_3082,2025-05-09 10:00:00,3796.2239343398423,3197.509656312475,1269.3470106290813
forecast_3083,2025-05-09 11:00:00,4065.7176422525913,4216.417511202213,1709.7249239059167
forecast_3084,2025-05-09 12:00:00,5388.461940798781,6172.030059204429,3017.2256454005546
forecast_3085,2025-05-09 13:00:00,7627.004691280348,8025.036697047647,4712.46490232292
forecast_3086,2025-05-09 14:00:00,11244.1733200017,12795.877865716564,9217.696587320557
forecast_3087,2025-05-09 15:00:00,12797.662914558692,13556.9646088599,10600.005515399895
forecast_3088,2025-05-09 16:00:00,12873.913337607204,13662.494605539701,10648.75906766483
forecast_3089,2025-05-09 17:00:00,14196.114310932147,15190.86532349903,11054.636105684265
forecast_3090,2025-05-09 18:00:00,12146.995493731192,13525.982624915281,9316.15501117156
forecast_3091,2025-05-09 19:00:00,9937.942236184348,10986.975577790416,8483.013700623545
forecast_3092,2025-05-09 20:00:00,6933.075991534842,6936.7099515866375,4200.415049753858
forecast_3093,2025-05-09 21:00:00,4208.869218266366,3424.969309068278,1603.179057154444
forecast_3094,2025-05-09 22:00:00,2043.9651072059664,2364.3629262646277,734.2386959033279
forecast_3095,2025-05-09 23:00:00,3059.776960111802,2976.304086474479,1256.7014841670573
forecast_3096,2025-05-10 00:00:00,7744.3128614579955,8191.207639776681,4508.359463637327
forecast_3097,2025-05-10 01:00:00,11971.800977116774,12075.620006021654,9685.342845702588
forecast_3098,2025-05-10 02:00:00,13277.650175358853,13691.563472079619,10125.616698131245
forecast_3099,2025-05-10 03:00:00,13841.405767315675,14961.625265396291,11632.762623055874
forecast_3100,2025-05-10 04:00:00,15469.272742023066,16172.939594614409,12239.039136273876
forecast_3101,2025-05-10 05:00:00,15258.988362793065,16199.1605849605,12030.65585430793
forecast_3102,2025-05-10 06:00:00,17645.4172743268,16902.5495950571,12164.4598385821
forecast_3103,2025-05-10 07:00:00,18673.532041651295,18586.570576775135,13939.104793235798
forecast_3104,2025-05-10 08:00:00,19113.611460174765,18728.96778578596,15080.6680363618
forecast_3105,2025-05-10 09:00:00,19339.76739708751,18793.70960578456,15167.98831385272
forecast_3106,2025-05-10 10:00:00,19356.036424078906,18793.47018962379,15264.227105366466
forecast_3107,2025-05-10 11:00:00,19065.417418285022,18717.39806325653,15202.056517964478
forecast_3108,2025-05-10 12:00:00,18960.858729557036,18337.61105865137,14943.246192860193
forecast_3109,2025-05-10 13:00:00,19048.44966016934,18374.27387602009,14924.818751779336
forecast_3110,2025-05-10 14:00:00,18767.171682812692,18154.08214362914,13926.582451465894
forecast_3111,2025-05-10 15:00:00,18714.2479849971,18090.872666653242,13352.743851285846
forecast_3112,2025-05-10 16:00:00,18405.30548776666,18069.922817325987,13297.990243612088
forecast_3113,2025-05-10 17:00:00,17393.83324039861,16735.23119484863,12852.210708864555
forecast_3114,2025-05-10 18:00:00,16165.350940544158,15355.669904498109,11956.889941266956
forecast_3115,2025-05-10 19:00:00,12878.248907639309,12941.62878519596,10259.196989670041
forecast_3116,2025-05-10 20:00:00,12141.497787770162,12091.070764859845,9500.893005602215
forecast_3117,2025-05-10 21:00:00,10100.663060635125,10503.483026186563,7752.466209134671
forecast_3118,2025-05-10 22:00:00,10467.61148038824,10278.15279214445,7697.868799736595
forecast_3119,2025-05-10 23:00:00,10542.87996151924,9965.213020432833,7217.514706747044
forecast_3120,2025-05-11 00:00:00,9000.350935159722,8461.704029783768,5986.967867445356
forecast_3121,2025-05-11 01:00:00,11453.695827644995,11262.034080148735,7877.9145108303055
forecast_3122,2025-05-11 02:00:00,10802.925194803223,10320.656282223214,7532.7955326065985
forecast_3123,2025-05-11 03:00:00,9461.16015727085,9797.885061642159,7109.590990108435
forecast_3124,2025-05-11 04:00:00,8977.140934925856,9026.137148242411,6652.307581683704
forecast_3125,2025-05-11 05:00:00,9898.452852996834,9320.774655120254,7295.169077002982
forecast_3126,2025-05-11 06:00:00,6993.189471843529,5947.83677224372,4607.72883750238
forecast_3127,2025-05-11 07:00:00,5220.5566315872065,4064.085477130796,2958.735861190173
forecast_3128,2025-05-11 08:00:00,4805.710284951369,3962.266268711029,2211.863132222696
forecast_3129,2025-05-11 09:00:00,2167.353932457059,1699.2869511998322,1156.2233067961652
forecast_3130,2025-05-11 10:00:00,622.7004487112807,342.966120404441,328.9599608258942
forecast_3131,2025-05-11 11:00:00,538.9897010037269,351.3631546387744,302.36816912238106
forecast_3132,2025-05-11 12:00:00,899.1503481038685,685.2541908216126,497.64597794108323
forecast_3133,2025-05-11 13:00:00,1298.8666764118943,1055.073419162943,820.5569472387313
forecast_3134,2025-05-11 14:00:00,3354.713480594501,2840.325822736043,1839.6877787038056
forecast_3135,2025-05-11 15:00:00,3427.418332729004,3772.405405627095,2869.290244866374
forecast_3136,2025-05-11 16:00:00,3326.364365267387,3436.4712500570145,2925.8589730232543
forecast_3137,2025-05-11 17:00:00,4248.05465318713,4322.142770653606,2519.6254309274846
forecast_3138,2025-05-11 18:00:00,4755.956027083917,4027.2413283260753,2711.86232590378
forecast_3139,2025-05-11 19:00:00,5389.069614580332,5491.987312234969,3763.4546370112303
forecast_3140,2025-05-11 20:00:00,7579.274593853964,8825.228831296232,6119.498340291851
forecast_3141,2025-05-11 21:00:00,11612.277852434194,10685.598753308645,8754.618478407121
forecast_3142,2025-05-11 22:00:00,13032.423561711284,12525.991098746485,9642.76409877126
forecast_3143,2025-05-11 23:00:00,14507.153906570991,14986.813513397976,11711.355749281609
forecast_3144,2025-05-12 00:00:00,15750.146918329701,15686.179237672008,13074.277723575298
forecast_3145,2025-05-12 01:00:00,12628.46434561421,13868.976322004473,9543.494086777868
forecast_3146,2025-05-12 02:00:00,13831.069376716494,14445.65724202913,10336.910096954147
forecast_3147,2025-05-12 03:00:00,14363.248172112024,15212.06707057109,11094.21288535527
forecast_3148,2025-05-12 04:00:00,15376.270427858564,14983.092492775344,11745.267469866274
forecast_3149,2025-05-12 05:00:00,14965.381522241385,14361.670615169898,11733.600914161949
forecast_3150,2025-05-12 06:00:00,13173.960741161072,13558.587390974559,10568.449348324719
forecast_3151,2025-05-12 07:00:00,11182.421904566008,11806.696396133373,8768.038307415192
forecast_3152,2025-05-12 08:00:00,10321.955331179946,10723.95478759454,7577.781051918697
forecast_3153,2025-05-12 09:00:00,11110.296563158327,10814.529451473414,7734.203224181592
forecast_3154,2025-05-12 10:00:00,10194.738746801719,9604.291956158695,7375.587682332257
forecast_3155,2025-05-12 11:00:00,10266.27276179559,9622.38865022375,6628.497575475451
forecast_3156,2025-05-12 12:00:00,9685.9709967852,8717.348804079547,6844.689757270941
forecast_3157,2025-05-12 13:00:00,9681.667492867773,9489.633919498918,6789.966377632032
forecast_3158,2025-05-12 14:00:00,9634.061944771674,9185.342298932344,6447.329788972572
forecast_3159,2025-05-12 15:00:00,8992.327153736074,7796.102730754782,5866.434191879578
forecast_3160,2025-05-12 16:00:00,9186.78074138059,7757.589967615439,6129.895563889792
forecast_3161,2025-05-12 17:00:00,10036.149774194786,8940.538369146036,6783.826197726533
forecast_3162,2025-05-12 18:00:00,10473.819798362456,9371.972144861793,7316.945731820371
forecast_3163,2025-05-12 19:00:00,12034.48781098902,10745.359759538786,8745.708529874704
forecast_3164,2025-05-12 20:00:00,14562.694346183414,13145.472402810787,11364.928577212057
forecast_3165,2025-05-12 21:00:00,15580.867351793173,14402.146560969595,12548.544940909915
forecast_3166,2025-05-12 22:00:00,16874.96069715713,16062.241826691774,13075.402352488385
forecast_3167,2025-05-12 23:00:00,16733.62033497005,15791.277324739567,13471.311919898308
forecast_3168,2025-05-13 00:00:00,17243.55370288154,16331.702497339973,13901.986419375515
forecast_3169,2025-05-13 01:00:00,19778.06156068775,18241.444551514087,14968.138015897717
forecast_3170,2025-05-13 02:00:00,19858.226757103483,18302.47013669779,15294.930798117311
forecast_3171,2025-05-13 03:00:00,19456.89769621194,18286.119333205985,14929.500814355728
forecast_3172,2025-05-13 04:00:00,18602.286331805415,17728.672566032517,14562.829207234152
forecast_3173,2025-05-13 05:00:00,19181.37568554405,18071.182043450925,14688.139261571096
forecast_3174,2025-05-13 06:00:00,18851.89916398287,17980.35515778071,14457.111382272888
forecast_3175,2025-05-13 07:00:00,17291.12781573438,17066.132039078257,13369.241705975044
forecast_3176,2025-05-13 08:00:00,15607.571631804463,15883.750626129246,12738.654456576387
forecast_3177,2025-05-13 09:00:00,15231.368081815714,15199.756618614692,12241.765733752332
forecast_3178,2025-05-13 10:00:00,14305.592452620342,14748.687989116808,11710.850381452774
forecast_3179,2025-05-13 11:00:00,14534.3055757568,15246.984593580357,12043.530131876283
forecast_3180,2025-05-13 12:00:00,14471.503316802546,14771.656454964163,11896.437587807111
forecast_3181,2025-05-13 13:00:00,14258.146547145458,14601.456253817276,11859.256822252117
forecast_3182,2025-05-13 14:00:00,13935.216379947273,14128.475808103909,11500.295562800176
forecast_3183,2025-05-13 15:00:00,13637.18928782406,13958.97469667306,11142.84118106222
forecast_3184,2025-05-13 16:00:00,13472.485790674551,13737.002071932255,10810.171458602834
forecast_3185,2025-05-13 17:00:00,13590.230932809089,14343.852480619234,10966.5834910203
forecast_3186,2025-05-13 18:00:00,13639.318777176362,14140.44665368202,11213.57668298465
forecast_3187,2025-05-13 19:00:00,14287.678705456283,15433.427364629957,12578.292767029408
forecast_3188,2025-05-13 20:00:00,17329.38914805733,17010.023992487546,14879.087471572879
forecast_3189,2025-05-13 21:00:00,18006.174407604103,17148.253307375297,14543.41269238764
forecast_3190,2025-05-13 22:00:00,19449.40472597753,17731.86085554444,15164.3577135474
forecast_3191,2025-05-13 23:00:00,19660.318751066756,18333.198596559498,15333.984424076487
forecast_3192,2025-05-14 00:00:00,20119.696125032377,18476.436075784663,15247.031343471377
forecast_3193,2025-05-14 01:00:00,19372.240908945994,18140.689102762983,14952.550692890787
forecast_3194,2025-05-14 02:00:00,19904.8977551224,18620.786417190156,14691.297982185815
forecast_3195,2025-05-14 03:00:00,20065.86195370391,18714.614746245075,15013.420882950113
forecast_3196,2025-05-14 04:00:00,20083.063726678643,18604.88588814073,14112.830250503815
forecast_3197,2025-05-14 05:00:00,20241.799102020184,18565.365025839623,13815.201033285415
forecast_3198,2025-05-14 06:00:00,19607.071224970765,17957.89899937245,13097.344833641188
forecast_3199,2025-05-14 07:00:00,17312.389362706654,15605.418909724849,10771.396125178877
forecast_3200,2025-05-14 08:00:00,15453.380252135585,13781.879163575777,9685.731557738005
forecast_3201,2025-05-14 09:00:00,11121.722458138605,9525.901068083685,6500.679699016796
forecast_3202,2025-05-14 10:00:00,6775.79875169014,6145.855867457567,5037.24937719211
forecast_3203,2025-05-14 11:00:00,4600.89498907293,4445.860598504567,3732.1028436838787
forecast_3204,2025-05-14 12:00:00,5085.212580968279,4463.916614453989,4553.153705223092
forecast_3205,2025-05-14 13:00:00,4823.747580734808,3971.0551546677634,4665.131348866583
forecast_3206,2025-05-14 14:00:00,4676.042631619762,3738.452223842976,4027.4676681939695
forecast_3207,2025-05-14 15:00:00,4967.134928751636,4630.516526080388,4115.087702233163
forecast_3208,2025-05-14 16:00:00,4909.304094515922,4651.052778836991,4232.873949279782
forecast_3209,2025-05-14 17:00:00,4964.309060619302,5139.153435052531,3851.3379991969978
forecast_3210,2025-05-14 18:00:00,7658.847996939507,7614.092765446173,5070.158853778742
forecast_3211,2025-05-14 19:00:00,9925.899994300962,9817.774363405706,6335.118977643462
forecast_3212,2025-05-14 20:00:00,9776.564790564318,9697.324171923656,5549.89054787676
forecast_3213,2025-05-14 21:00:00,10352.546514648322,10873.836477559811,6832.244125980294
forecast_3214,2025-05-14 22:00:00,10078.386828215334,12558.975012967734,6846.961481224482
forecast_3215,2025-05-14 23:00:00,9060.55391927033,10771.068082970945,5995.02949154057
forecast_3216,2025-05-15 00:00:00,10430.582730686832,10584.367003470523,6469.1573355370765
forecast_3217,2025-05-15 01:00:00,11202.424215893583,12720.898392229208,8824.281345498226
forecast_3218,2025-05-15 02:00:00,11740.448862667386,12998.021176797893,9120.29907423053
forecast_3219,2025-05-15 03:00:00,10512.488673776897,12485.334688634155,8089.361444511954
forecast_3220,2025-05-15 04:00:00,11005.352031809667,13438.819166010298,8518.926394021199
forecast_3221,2025-05-15 05:00:00,11820.394478790931,13479.074169985368,8955.586025566616
forecast_3222,2025-05-15 06:00:00,12969.117353329608,15690.152563756894,11650.539606527163
forecast_3223,2025-05-15 07:00:00,15545.12674007941,17080.63090783237,13366.524923514056
forecast_3224,2025-05-15 08:00:00,15853.099123895669,17502.253220662984,14093.986178833473
forecast_3225,2025-05-15 09:00:00,15365.186274649739,16756.31143827893,13622.145871830911
forecast_3226,2025-05-15 10:00:00,15979.189732662026,16390.461158038957,13264.591226423929
forecast_3227,2025-05-15 11:00:00,15173.091846622416,16325.547766277985,12976.443629427396
forecast_3228,2025-05-15 12:00:00,14973.052859277712,16036.036224104768,12964.041136268039
forecast_3229,2025-05-15 13:00:00,16421.390424805493,16945.501173286593,13538.563322058386
forecast_3230,2025-05-15 14:00:00,17433.810076651647,18007.280990766692,14707.09426827044
forecast_3231,2025-05-15 15:00:00,16889.459055778098,17826.536925226563,14619.87417129768
forecast_3232,2025-05-15 16:00:00,17055.65685829471,17465.25190256109,13906.675486627559
forecast_3233,2025-05-15 17:00:00,16982.918283957075,16805.90659569496,13637.596479473126
forecast_3234,2025-05-15 18:00:00,16938.119666308063,16582.445903814238,13587.271493003544
forecast_3235,2025-05-15 19:00:00,17413.369268004597,16698.184808020833,13833.48317570035
forecast_3236,2025-05-15 20:00:00,16395.159289994677,16247.12191369111,13665.989699246269
forecast_3237,2025-05-15 21:00:00,16547.35908214808,16306.381819851613,13266.068684462478
forecast_3238,2025-05-15 22:00:00,16637.529241607066,16508.910622804113,14294.561017546626
forecast_3239,2025-05-15 23:00:00,16665.60583069294,16488.970247234643,14499.58222103912
forecast_3240,2025-05-16 00:00:00,16245.875267611984,16616.45428490508,14207.659628702271
forecast_3241,2025-05-16 01:00:00,15839.687362118108,16245.857079363494,12967.408577567523
forecast_3242,2025-05-16 02:00:00,16191.09149780226,16205.125444958487,12905.867754257557
forecast_3243,2025-05-16 03:00:00,16172.203324047456,16087.210258529754,12455.651590274898
forecast_3244,2025-05-16 04:00:00,16633.016674518367,16273.742251214164,12605.050326709079
forecast_3245,2025-05-16 05:00:00,15764.841364956528,15844.610200096444,12469.43392257461
forecast_3246,2025-05-16 06:00:00,15536.62917882974,15655.938193430373,12011.000855406819
forecast_3247,2025-05-16 07:00:00,13805.975016305294,14103.55145837666,11054.800387996931
forecast_3248,2025-05-16 08:00:00,12848.722275621942,13715.786886615859,11067.679648710508
forecast_3249,2025-05-16 09:00:00,13016.160546317315,13574.203180913413,10420.459214619234
forecast_3250,2025-05-16 10:00:00,11257.720826921723,11867.09622297856,9950.162992363867
forecast_3251,2025-05-16 11:00:00,10665.976498824022,10715.357405512457,9682.826807402147
forecast_3252,2025-05-16 12:00:00,10943.88562695621,10800.929619090746,9720.064024943757
forecast_3253,2025-05-16 13:00:00,8447.508617634472,8444.375359817575,7235.644320214631
forecast_3254,2025-05-16 14:00:00,7540.255479220523,7709.453849477875,6682.75326725978
forecast_3255,2025-05-16 15:00:00,7322.558598661131,7408.68961889737,5935.053732220143
forecast_3256,2025-05-16 16:00:00,6437.493530892701,7207.568578232015,5294.881525796705
forecast_3257,2025-05-16 17:00:00,5417.672462245206,6267.058230424017,5149.264777010596
forecast_3258,2025-05-16 18:00:00,4318.223218471838,5360.597854253569,3567.447141247912
forecast_3259,2025-05-16 19:00:00,4843.300206479101,5359.286853812985,3832.7984512057023
forecast_3260,2025-05-16 20:00:00,4366.308477149376,4223.298018703725,2643.5892642404665
forecast_3261,2025-05-16 21:00:00,3890.428875690436,3446.16789255742,2163.2713848892195
forecast_3262,2025-05-16 22:00:00,3691.088790151727,3494.0973393491972,1756.7551303822406
forecast_3263,2025-05-16 23:00:00,4028.4326942619678,3820.895751629949,1804.8142253829228
forecast_3264,2025-05-17 00:00:00,2803.6447739257496,2814.6021395414273,1190.9223671841755
forecast_3265,2025-05-17 01:00:00,5125.258730481307,5035.105713564206,1916.2160412770502
forecast_3266,2025-05-17 02:00:00,4913.172350499811,5180.289944537018,2353.2750680741156
forecast_3267,2025-05-17 03:00:00,4060.8312363972177,4524.639754541226,2392.1545028019646
forecast_3268,2025-05-17 04:00:00,3436.2464393352975,2972.226972121159,1609.2609365908472
forecast_3269,2025-05-17 05:00:00,3154.5986416405026,2925.786747553234,1197.6276262687938
forecast_3270,2025-05-17 06:00:00,1856.6839719730563,1923.1211399730369,816.5936720444795
forecast_3271,2025-05-17 07:00:00,2230.1512334400127,1778.3711634579329,706.990274666644
forecast_3272,2025-05-17 08:00:00,2391.4469708997854,2181.0551697076,1068.0156190185983
forecast_3273,2025-05-17 09:00:00,3737.765190165138,3402.3500568996087,2100.1675732068325
forecast_3274,2025-05-17 10:00:00,4806.784030691372,4812.837426646089,2786.860995518816
forecast_3275,2025-05-17 11:00:00,5544.045313038816,5768.501807599505,3356.766500133673
forecast_3276,2025-05-17 12:00:00,4404.880170239538,4105.038202212612,4067.2456705720674
forecast_3277,2025-05-17 13:00:00,7456.216439641074,7090.246052044376,6210.117445103197
forecast_3278,2025-05-17 14:00:00,10346.048984064484,10630.022367375623,9026.521750421583
forecast_3279,2025-05-17 15:00:00,10851.151331309713,11121.832101023725,9805.160624576798
forecast_3280,2025-05-17 16:00:00,13231.058603124762,13293.07783615445,10853.957628167724
forecast_3281,2025-05-17 17:00:00,16877.193482871076,17401.083576061803,13733.437679627112
forecast_3282,2025-05-17 18:00:00,18015.912766440033,18040.586274809506,14837.86079646551
forecast_3283,2025-05-17 19:00:00,18569.989527031885,18436.5892111751,15264.816572662952
forecast_3284,2025-05-17 20:00:00,18433.699246804706,18340.34856436668,14699.937605037521
forecast_3285,2025-05-17 21:00:00,18515.942717835187,18352.709858666076,14324.535454581333
forecast_3286,2025-05-17 22:00:00,18830.673174532843,18706.27670745646,15035.554857024394
forecast_3287,2025-05-17 23:00:00,18894.158035354485,18857.990462415193,13890.166346324258
forecast_3288,2025-05-18 00:00:00,19118.80922549409,18631.33441060381,13053.753645396566
forecast_3289,2025-05-18 01:00:00,18657.5283206747,17406.250006288516,12295.561502042958
forecast_3290,2025-05-18 02:00:00,17937.87266533105,16194.028541680167,10885.31853126834
forecast_3291,2025-05-18 03:00:00,15839.497940695333,15443.115703521016,9779.034021880403
forecast_3292,2025-05-18 04:00:00,14635.855136495586,13599.623655660398,8755.42474516963
forecast_3293,2025-05-18 05:00:00,11665.016707574294,11637.935719280465,7488.282408576604
forecast_3294,2025-05-18 06:00:00,9201.700112379212,8840.888070052484,5121.488512472333
forecast_3295,2025-05-18 07:00:00,5065.849512550438,4484.293969011138,2519.621401094406
forecast_3296,2025-05-18 08:00:00,3037.208174071849,2284.382086821253,1051.3943402250504
forecast_3297,2025-05-18 09:00:00,2086.551395029337,1616.957818560846,879.4792335910186
forecast_3298,2025-05-18 10:00:00,930.4542284793026,704.8798834356993,591.0187634083732
forecast_3299,2025-05-18 11:00:00,1324.01237999759,1048.4811680411447,595.686318754752
forecast_3300,2025-05-18 12:00:00,2300.7756387243408,1574.3274537554546,921.7160077132003
forecast_3301,2025-05-18 13:00:00,3669.8441599631833,3038.6275578239342,1656.6351011070683
forecast_3302,2025-05-18 14:00:00,3997.355750545376,2957.5589440189865,2135.8982308314717
forecast_3303,2025-05-18 15:00:00,5512.761392894365,3740.1229194092134,3207.150951447018
forecast_3304,2025-05-18 16:00:00,5478.901306456898,4708.2544216665665,3897.546345753523
forecast_3305,2025-05-18 17:00:00,7101.323941123792,5986.178536124057,5782.035429138137
forecast_3306,2025-05-18 18:00:00,8330.819644538149,7308.726115397321,7173.882316573988
forecast_3307,2025-05-18 19:00:00,10991.664218304453,9584.86356458385,9238.49961850506
forecast_3308,2025-05-18 20:00:00,13015.402439896108,11366.908712187647,11164.14934376119
forecast_3309,2025-05-18 21:00:00,13565.676106335211,12974.314749147485,11263.09989320507
forecast_3310,2025-05-18 22:00:00,13839.069509677824,13321.443675955245,10183.024967097372
forecast_3311,2025-05-18 23:00:00,13890.996924685336,12636.142271982279,9955.620984302095
forecast_3312,2025-05-19 00:00:00,14658.053354111344,12863.51688107142,9742.360632146869
forecast_3313,2025-05-19 01:00:00,10393.026462327776,11329.931318530904,6460.55557648441
forecast_3314,2025-05-19 02:00:00,8434.71469251955,9794.317191410164,4614.756387542892
forecast_3315,2025-05-19 03:00:00,8075.009400655518,8483.03370896382,4166.357644067491
forecast_3316,2025-05-19 04:00:00,7390.710338843148,8665.274670490835,4251.808370630455
forecast_3317,2025-05-19 05:00:00,7446.686315382019,9003.21373872696,4874.930988139686
forecast_3318,2025-05-19 06:00:00,8129.518006890484,10385.90814388813,5434.92432785446
forecast_3319,2025-05-19 07:00:00,8465.86422727024,10611.922794931419,5761.241435881912
forecast_3320,2025-05-19 08:00:00,9330.24870887907,11640.643665631895,6872.701786775051
forecast_3321,2025-05-19 09:00:00,11442.845642493283,13096.325477016166,10584.398430520723
forecast_3322,2025-05-19 10:00:00,13871.84137195415,14643.025647702727,12042.56358638466
forecast_3323,2025-05-19 11:00:00,15059.177616152356,15156.532103378782,12432.8526296978
forecast_3324,2025-05-19 12:00:00,16035.806518872829,15962.384120130098,13480.740994423704
forecast_3325,2025-05-19 13:00:00,17156.467758597882,17555.199894832276,13845.406714854318
forecast_3326,2025-05-19 14:00:00,17652.322455786805,17853.29658758404,14373.241169186565
forecast_3327,2025-05-19 15:00:00,17944.88324557995,18031.238591614718,14509.660544819422
forecast_3328,2025-05-19 16:00:00,17722.135439810903,18223.11550587092,15083.867580703161
forecast_3329,2025-05-19 17:00:00,17935.737265175423,18186.777402456144,15028.840039621266
forecast_3330,2025-05-19 18:00:00,18185.519559114877,18248.321409467153,14996.75061018061
forecast_3331,2025-05-19 19:00:00,18851.156811413264,18532.27520131002,15185.78520719019
forecast_3332,2025-05-19 20:00:00,18768.809808358277,18465.05338669849,14540.862487659253
forecast_3333,2025-05-19 21:00:00,18865.17197421445,18622.74523255887,14009.155847666285
forecast_3334,2025-05-19 22:00:00,18830.581603897266,18210.42799300188,14188.813267930589
forecast_3335,2025-05-19 23:00:00,18426.418922373527,18155.044864743006,13518.309275455378
forecast_3336,2025-05-20 00:00:00,18007.870530512304,17861.93261183733,14206.171572302243
forecast_3337,2025-05-20 01:00:00,18343.58596379395,18585.614644814952,15101.758819235707
forecast_3338,2025-05-20 02:00:00,17971.289733338348,18413.783237224463,15298.39828544383
forecast_3339,2025-05-20 03:00:00,18126.962211232345,18296.404302181836,14934.113537954401
forecast_3340,2025-05-20 04:00:00,18977.517840588145,18597.150668244838,15136.3615761085
forecast_3341,2025-05-20 05:00:00,18990.16233830902,18715.930959349545,15137.43189574378
forecast_3342,2025-05-20 06:00:00,18994.32422948677,18565.809002928883,15338.036117284979
forecast_3343,2025-05-20 07:00:00,18602.330190154888,18119.302138886862,14429.528234436606
forecast_3344,2025-05-20 08:00:00,18017.225139978684,17783.628887189734,14312.73910531862
forecast_3345,2025-05-20 09:00:00,17724.37628332343,17365.429374800126,14218.57901077711
forecast_3346,2025-05-20 10:00:00,15123.944248000995,14914.835831548655,12182.003202982527
forecast_3347,2025-05-20 11:00:00,12986.480778339464,12923.32716133807,11044.544264241345
forecast_3348,2025-05-20 12:00:00,12312.813545631303,12095.701012804855,10760.789698185865
forecast_3349,2025-05-20 13:00:00,11855.457367958707,12695.11888692816,10570.83577142712
forecast_3350,2025-05-20 14:00:00,13594.281463597854,13373.992898473978,11570.025615689145
forecast_3351,2025-05-20 15:00:00,14528.124106456162,14023.205667441891,12373.911517001156
forecast_3352,2025-05-20 16:00:00,15504.40258253266,14413.413160071857,12736.45629557455
forecast_3353,2025-05-20 17:00:00,16004.08308393598,15198.352296943165,13724.281815903654
forecast_3354,2025-05-20 18:00:00,14496.8339856334,14620.229235544517,13641.7499596145
forecast_3355,2025-05-20 19:00:00,13986.485934982136,14565.282524880313,13952.547614948031
forecast_3356,2025-05-20 20:00:00,14639.603508701888,15478.89529185402,14537.389816919269
forecast_3357,2025-05-20 21:00:00,14835.822755774558,15820.235701992991,13713.342809450483
forecast_3358,2025-05-20 22:00:00,15346.128597019086,16259.019472278322,13967.105476169798
forecast_3359,2025-05-20 23:00:00,14841.921348221229,16557.866909301018,13843.712679942762
forecast_3360,2025-05-21 00:00:00,15467.141100907436,16308.126192820308,13940.818784942083
forecast_3361,2025-05-21 01:00:00,16116.41284020797,16447.419769015494,13477.433450885605
forecast_3362,2025-05-21 02:00:00,15847.023277642835,15766.106696927183,12935.730686078175
forecast_3363,2025-05-21 03:00:00,15724.306438988471,15204.901492916184,12780.558660779107
forecast_3364,2025-05-21 04:00:00,15281.614609322065,14834.142971058933,10985.442015326214
forecast_3365,2025-05-21 05:00:00,12883.340087968452,12409.033871191825,9796.60850955956
forecast_3366,2025-05-21 06:00:00,8943.299833920903,9703.775496819373,7215.420437021768
forecast_3367,2025-05-21 07:00:00,5660.87462712887,6162.995457036796,3971.567416782508
forecast_3368,2025-05-21 08:00:00,3214.1970616369144,3324.1497324919965,2306.604349754926
forecast_3369,2025-05-21 09:00:00,2419.541979625678,2455.6225497047276,1993.4385362767352
forecast_3370,2025-05-21 10:00:00,1110.824926074638,1131.0315974173113,807.5839070299298
forecast_3371,2025-05-21 11:00:00,910.5907017861521,776.5004891890485,454.0273232051023
forecast_3372,2025-05-21 12:00:00,1201.2295317500943,1058.8281620557514,739.5413197178464
forecast_3373,2025-05-21 13:00:00,1366.8330002758082,1133.25964453401,1042.50753569949
forecast_3374,2025-05-21 14:00:00,1637.6176836304824,1731.119380925189,1094.782806376923
forecast_3375,2025-05-21 15:00:00,1079.6319294378811,1301.8456011644905,894.0173896850101
forecast_3376,2025-05-21 16:00:00,1248.2975107313023,1094.5936199976836,724.6467104656532
forecast_3377,2025-05-21 17:00:00,817.6752737634766,936.1438207722296,515.8394020349909
forecast_3378,2025-05-21 18:00:00,776.6682972772919,703.8166140790617,491.8184895575791
forecast_3379,2025-05-21 19:00:00,1058.8683983625815,1078.7998776450124,396.09426800037164
forecast_3380,2025-05-21 20:00:00,1131.3254302577095,1366.3588875738249,493.3039474520234
forecast_3381,2025-05-21 21:00:00,1311.3224607186935,1465.905114111928,585.4395700575706
forecast_3382,2025-05-21 22:00:00,1537.0109990391506,1606.7751120261055,529.6764294940867
forecast_3383,2025-05-21 23:00:00,1771.3548634238261,1441.0498737956561,733.3757419327952
forecast_3384,2025-05-22 00:00:00,1625.2869509310192,1540.4343782504552,1079.4172051459893
forecast_3385,2025-05-22 01:00:00,1377.3887056399128,1463.857831227093,599.2845406080536
forecast_3386,2025-05-22 02:00:00,1479.3482095784016,1798.7319405549006,708.4937734447301
forecast_3387,2025-05-22 03:00:00,1704.216194780432,1881.78177748735,825.0719270062716
forecast_3388,2025-05-22 04:00:00,1591.2333454444363,1720.1675630629218,652.5010457211511
forecast_3389,2025-05-22 05:00:00,1414.3836125057617,1640.975281034867,705.7368370765854
forecast_3390,2025-05-22 06:00:00,1388.599016734298,1543.20407287929,668.0380994097663
forecast_3391,2025-05-22 07:00:00,1259.8502397498469,1443.916940873413,678.5681877036574
forecast_3392,2025-05-22 08:00:00,1370.3329656750152,1548.776622676953,686.8952252073606
forecast_3393,2025-05-22 09:00:00,1486.684645985085,1722.531411850449,839.8694534130616
forecast_3394,2025-05-22 10:00:00,2072.2745769402927,2719.6561124988816,1328.1052332503127
forecast_3395,2025-05-22 11:00:00,2111.0831127184715,2767.779908971858,1715.2434023967653
forecast_3396,2025-05-22 12:00:00,2028.3261315311559,2735.8565490539822,1414.2024394432656
forecast_3397,2025-05-22 13:00:00,1936.6918758703969,2431.0563386460904,1636.015321974954
forecast_3398,2025-05-22 14:00:00,1430.8300991365345,1672.5123328044108,1143.3234182124947
forecast_3399,2025-05-22 15:00:00,1238.380245414345,1451.9142396056404,914.2739514212728
forecast_3400,2025-05-22 16:00:00,888.7081508668188,1147.8214157486527,603.2102819116802
forecast_3401,2025-05-22 17:00:00,472.4684848286052,631.6553846430863,368.63661969241275
forecast_3402,2025-05-22 18:00:00,349.9286801426961,444.20292403477816,188.84765744434992
forecast_3403,2025-05-22 19:00:00,482.46533546430317,554.3769784264604,160.85066101770448
forecast_3404,2025-05-22 20:00:00,826.2749481256247,789.1684023629193,205.65171477296647
forecast_3405,2025-05-22 21:00:00,1597.2806630583957,1222.4492646060608,380.1338313104449
forecast_3406,2025-05-22 22:00:00,2209.6801781445656,1831.9790919661357,568.0511176515641
forecast_3407,2025-05-22 23:00:00,2491.228337027354,2121.2021862038205,605.962889068836
forecast_3408,2025-05-23 00:00:00,2094.322695121283,1749.9620190350147,445.1879327562565
forecast_3409,2025-05-23 01:00:00,3235.0539653638343,2289.263320261843,723.3699307442513
forecast_3410,2025-05-23 02:00:00,3907.2217709272386,2716.778470342411,808.5991880045207
forecast_3411,2025-05-23 03:00:00,3304.9209536385965,2403.5855457638227,698.2481286679315
forecast_3412,2025-05-23 04:00:00,3990.1412892206245,2889.587191993057,1029.3522997650136
forecast_3413,2025-05-23 05:00:00,3664.957652199459,2946.1081219746543,1025.472071188332
forecast_3414,2025-05-23 06:00:00,3383.171292408706,2699.8972695787893,931.7477174146111
forecast_3415,2025-05-23 07:00:00,3306.3278384525547,2564.8108689720666,866.6928531573882
forecast_3416,2025-05-23 08:00:00,2942.6767467643926,2550.6707125922194,756.9805214651238
forecast_3417,2025-05-23 09:00:00,2980.9251883014867,2742.8487627575896,917.8900657444902
forecast_3418,2025-05-23 10:00:00,2140.341992906906,2283.2645294697945,958.2843485957999
forecast_3419,2025-05-23 11:00:00,1919.660860050632,2098.1327974518927,999.5377923458974
forecast_3420,2025-05-23 12:00:00,1868.0207661409852,1931.3324283396882,953.4069838308799
forecast_3421,2025-05-23 13:00:00,1935.9065071539458,1952.0496645613468,946.068703128657
forecast_3422,2025-05-23 14:00:00,1749.789396466555,1645.7915778714082,897.1275289367001
forecast_3423,2025-05-23 15:00:00,1621.229396606108,1583.393365347485,816.8619079359629
forecast_3424,2025-05-23 16:00:00,1485.7749841440648,1223.7624871094445,760.6359685168552
forecast_3425,2025-05-23 17:00:00,1536.039186937886,1618.0270865976984,851.5190629408628
forecast_3426,2025-05-23 18:00:00,2981.251035298503,2962.1670529812804,1074.9122318029754
forecast_3427,2025-05-23 19:00:00,3072.36799734085,2794.6504147336927,994.1915319709119
forecast_3428,2025-05-23 20:00:00,3316.9536225773236,3218.901332626801,1071.4924993931086
forecast_3429,2025-05-23 21:00:00,4386.465786684166,4274.048157776045,1313.7119598705922
forecast_3430,2025-05-23 22:00:00,4509.008872318371,4267.7170093902205,1568.90321931298
forecast_3431,2025-05-23 23:00:00,3897.6929178088612,3521.1933745954893,1151.6684410284793
forecast_3432,2025-05-24 00:00:00,3838.597447328924,2832.888342715545,993.7783530207721
forecast_3433,2025-05-24 01:00:00,6150.842605473229,5230.867982877143,1550.0640016620794
forecast_3434,2025-05-24 02:00:00,5718.317766197047,5463.885990775188,1718.8847360644068
forecast_3435,2025-05-24 03:00:00,5583.419663011555,5265.897661270172,1846.0477377020597
forecast_3436,2025-05-24 04:00:00,4905.466987377427,4848.1516672624975,1972.9225810863861
forecast_3437,2025-05-24 05:00:00,4724.613296952105,4803.990532874991,1935.1283911522203
forecast_3438,2025-05-24 06:00:00,4605.775353218085,5587.968447881613,2156.2527281047783
forecast_3439,2025-05-24 07:00:00,4601.65020871091,5799.424938785831,2526.606607635097
forecast_3440,2025-05-24 08:00:00,4681.963302828663,5501.129690748424,2747.93415683634
forecast_3441,2025-05-24 09:00:00,4164.764899350073,4974.0154787103,2755.252826033842
forecast_3442,2025-05-24 10:00:00,3099.7094538175274,3985.8877775728806,2553.123377717391
forecast_3443,2025-05-24 11:00:00,3175.6154519071965,4003.9422114179956,2585.1127123583206
forecast_3444,2025-05-24 12:00:00,3037.153706020966,3837.805960589186,2400.2761166623127
forecast_3445,2025-05-24 13:00:00,3052.278982640445,4007.3583105120438,2454.545149427559
forecast_3446,2025-05-24 14:00:00,2889.9290888441205,3835.5795342571723,2235.5780517034236
forecast_3447,2025-05-24 15:00:00,3341.541837416925,3963.638145476388,2410.5545531643647
forecast_3448,2025-05-24 16:00:00,4346.129464019631,4958.99000290657,2952.840774331071
forecast_3449,2025-05-24 17:00:00,5149.9969243915,5776.083009607549,3813.2526635379154
forecast_3450,2025-05-24 18:00:00,5810.607513159639,6878.695501794988,4936.124390729753
forecast_3451,2025-05-24 19:00:00,5699.224031432206,6657.586837710141,4476.808418923306
forecast_3452,2025-05-24 20:00:00,6044.971677408962,6073.333273892732,4096.93800381564
forecast_3453,2025-05-24 21:00:00,4925.04863365599,5397.282342044811,3552.166935308679
forecast_3454,2025-05-24 22:00:00,4708.184629111514,5400.954125184285,3368.437953369898
forecast_3455,2025-05-24 23:00:00,4420.392908793232,5235.238311010089,2840.3834287612044
forecast_3456,2025-05-25 00:00:00,4671.003340148544,5010.391508694551,3065.779706471907
forecast_3457,2025-05-25 01:00:00,4643.616344021182,4568.692358753451,2387.6380646879757
forecast_3458,2025-05-25 02:00:00,3252.3598932712075,3631.4052534608704,1799.6642395457663
forecast_3459,2025-05-25 03:00:00,2860.887003485736,3109.2192183497336,1634.9236907386203
forecast_3460,2025-05-25 04:00:00,3050.495462105709,2825.37205932599,1318.7493551240404
forecast_3461,2025-05-25 05:00:00,3244.015899992523,2635.9765330356695,1418.425932367944
forecast_3462,2025-05-25 06:00:00,3877.4446483749425,3428.239170764301,1699.3293246597707
forecast_3463,2025-05-25 07:00:00,3983.438749488594,3294.9239646462565,1731.7425209895216
forecast_3464,2025-05-25 08:00:00,3363.9151708661107,2821.253392576028,1321.864463884989
forecast_3465,2025-05-25 09:00:00,1310.653477311297,1105.200579398744,694.6632635826136
forecast_3466,2025-05-25 10:00:00,485.66557516947813,491.6255665263125,280.07646279688976
forecast_3467,2025-05-25 11:00:00,592.7730615353752,547.2640513441023,335.62426817941497
forecast_3468,2025-05-25 12:00:00,1021.0048469890278,953.7613709884404,529.5607266276967
forecast_3469,2025-05-25 13:00:00,1921.6979682259773,1652.445039679106,837.1898560453495
forecast_3470,2025-05-25 14:00:00,1699.7576986114118,1716.0633279553738,956.5725999041737
forecast_3471,2025-05-25 15:00:00,1640.691264234033,1659.752943067965,908.1397876088897
forecast_3472,2025-05-25 16:00:00,1796.2774521179479,1991.5781296201485,1147.843777063006
forecast_3473,2025-05-25 17:00:00,1851.4620015456017,2265.286423275544,835.7709874292414
forecast_3474,2025-05-25 18:00:00,2497.272491342402,2318.0607846274147,910.9454459137012
forecast_3475,2025-05-25 19:00:00,3874.7122267122727,4459.793274276895,2138.7396299529833
forecast_3476,2025-05-25 20:00:00,3482.088049036025,3526.713150717842,2427.355584145464
forecast_3477,2025-05-25 21:00:00,4051.432673448643,3190.4580329053883,2163.8593011918097
forecast_3478,2025-05-25 22:00:00,6080.435689772,6970.9561403302305,5241.721031651633
forecast_3479,2025-05-25 23:00:00,6926.765037310223,7195.209554404824,5100.325801915514
forecast_3480,2025-05-26 00:00:00,7823.402646287377,7126.033638947571,4540.340597238306
forecast_3481,2025-05-26 01:00:00,9397.629832614291,8127.962397185973,5420.494686799826
forecast_3482,2025-05-26 02:00:00,9309.583057462276,8654.077186112443,5279.594984114411
forecast_3483,2025-05-26 03:00:00,6837.455044403102,6725.061110221062,3894.8029439766856
forecast_3484,2025-05-26 04:00:00,6114.726700957604,5076.19496810312,3203.2819285352853
forecast_3485,2025-05-26 05:00:00,4951.957576583275,3684.9621711684117,2096.0219502940763
forecast_3486,2025-05-26 06:00:00,2746.011913853226,1816.6037111499052,1274.1347756286132
forecast_3487,2025-05-26 07:00:00,1425.2560673804267,1007.0551563826572,615.27216508049
forecast_3488,2025-05-26 08:00:00,476.172013332379,358.9428467036998,339.01884437154854
forecast_3489,2025-05-26 09:00:00,303.06315801197206,198.85275162636074,158.14847160951678
forecast_3490,2025-05-26 10:00:00,212.10326875902462,146.78267020402285,124.45181244078204
forecast_3491,2025-05-26 11:00:00,144.4631430419711,164.3821421008641,107.87737928419479
forecast_3492,2025-05-26 12:00:00,198.82650900142752,241.9353734141592,159.34620025585485
forecast_3493,2025-05-26 13:00:00,367.57602179984025,417.8288677237496,322.42638909600663
forecast_3494,2025-05-26 14:00:00,611.1812134204575,584.6789870669692,428.536367606029
forecast_3495,2025-05-26 15:00:00,380.7517701906256,456.6371984328256,273.20480407312476
forecast_3496,2025-05-26 16:00:00,329.5460030884287,332.14746030267645,229.02299942231537
forecast_3497,2025-05-26 17:00:00,669.8550826742347,589.3547615385093,299.8973613168361
forecast_3498,2025-05-26 18:00:00,816.6796521587578,868.2532272630984,375.9711310857051
forecast_3499,2025-05-26 19:00:00,967.3543703202017,918.6443152957366,399.910343324325
forecast_3500,2025-05-26 20:00:00,1594.5699074781503,1313.3417250619113,530.4539007679055
forecast_3501,2025-05-26 21:00:00,2064.764246219828,2244.8430346942214,780.9205572623531
forecast_3502,2025-05-26 22:00:00,2508.607561969286,2820.7386000549077,969.6978914374952
forecast_3503,2025-05-26 23:00:00,3395.2265394387005,3719.7398769097244,1669.5976856104587
forecast_3504,2025-05-27 00:00:00,4230.618277832608,4808.894781804156,2504.2705713635505
forecast_3505,2025-05-27 01:00:00,6141.383118016759,6323.480481494633,3638.151568138688
forecast_3506,2025-05-27 02:00:00,6242.657548367838,6454.779211184099,4158.212874398901
forecast_3507,2025-05-27 03:00:00,6283.905165204609,6112.38832458,3920.493984614232
forecast_3508,2025-05-27 04:00:00,5138.690886032976,5513.577932984142,3126.9028086995345
forecast_3509,2025-05-27 05:00:00,4237.4364054064545,4473.171868224747,2862.528202697039
forecast_3510,2025-05-27 06:00:00,2543.556098094819,2593.802465053368,1767.5975966081635
forecast_3511,2025-05-27 07:00:00,1802.168129191672,1207.2156189922046,856.2041092775868
forecast_3512,2025-05-27 08:00:00,671.1138058708486,586.0939329268878,432.4828906905469
forecast_3513,2025-05-27 09:00:00,495.19787579448393,358.5764258714255,204.85807905776986
forecast_3514,2025-05-27 10:00:00,541.0122918551698,531.4506516746826,281.7003361863334
forecast_3515,2025-05-27 11:00:00,340.55860103330565,312.5559647604418,182.6069300384067
forecast_3516,2025-05-27 12:00:00,470.9808942145639,342.9815166841347,284.8355200371254
forecast_3517,2025-05-27 13:00:00,522.4612225206217,446.7192687517529,332.44088887378956
forecast_3518,2025-05-27 14:00:00,606.3894554096815,449.6769084284721,343.85888585196653
forecast_3519,2025-05-27 15:00:00,398.64024791252905,335.54918654557207,221.30953012819924
forecast_3520,2025-05-27 16:00:00,279.161494061757,299.44276531778337,239.42372533954745
forecast_3521,2025-05-27 17:00:00,232.24794981820548,207.22003591799034,146.81528812152533
forecast_3522,2025-05-27 18:00:00,254.79674909027875,193.8890535288174,139.99930576018866
forecast_3523,2025-05-27 19:00:00,256.6907739202605,215.44077649625154,101.43053598415909
forecast_3524,2025-05-27 20:00:00,506.59417077467066,430.4080739511303,152.0002263231307
forecast_3525,2025-05-27 21:00:00,736.947827574812,702.0763410153755,308.50924135694993
forecast_3526,2025-05-27 22:00:00,1138.3426235306258,958.4958331634,481.3249581770254
forecast_3527,2025-05-27 23:00:00,1643.449635676992,1507.450016954985,792.2074982554019
forecast_3528,2025-05-28 00:00:00,2345.894827446138,1954.6776311869532,1147.8215352727163
forecast_3529,2025-05-28 01:00:00,3556.099215864641,3447.53469878216,1702.5357607309802
forecast_3530,2025-05-28 02:00:00,4146.0296502799765,4021.6332172139687,2083.3906362169178
forecast_3531,2025-05-28 03:00:00,4451.887070747059,4082.8049809674167,2158.682423907252
forecast_3532,2025-05-28 04:00:00,4329.928908308715,3998.9256482602195,2149.5120132013485
forecast_3533,2025-05-28 05:00:00,4681.818399891256,4027.9192352387495,1977.4991706956807
forecast_3534,2025-05-28 06:00:00,2566.6613087787478,1836.0279899942207,1031.656162012147
forecast_3535,2025-05-28 07:00:00,961.2600139378038,587.2441741991728,320.1866971007362
forecast_3536,2025-05-28 08:00:00,372.6663203994385,284.99689124879484,165.80371045202892
forecast_3537,2025-05-28 09:00:00,264.8927353678811,186.18796727847234,80.55418230636526
forecast_3538,2025-05-28 10:00:00,129.92711596400457,143.36427726402488,84.930992357044
forecast_3539,2025-05-28 11:00:00,164.93853733904172,202.3529344893514,136.58350876611726
forecast_3540,2025-05-28 12:00:00,562.7027170077066,488.16637390864463,347.9599427745509
forecast_3541,2025-05-28 13:00:00,166.9338088035961,182.7113428879911,112.72449124660496
forecast_3542,2025-05-28 14:00:00,350.64868352415175,381.2867361475973,238.71695870698264
forecast_3543,2025-05-28 15:00:00,683.7133728883593,785.9013095574387,431.76979229868425
forecast_3544,2025-05-28 16:00:00,385.0458330417854,355.6989483892862,221.8666206882153
forecast_3545,2025-05-28 17:00:00,359.7050190027632,226.56197164032997,148.3319438623039
forecast_3546,2025-05-28 18:00:00,404.4881063988239,315.41902518753284,217.82980947831146
forecast_3547,2025-05-28 19:00:00,422.48982260110955,380.4347982603032,162.14561550362424
forecast_3548,2025-05-28 20:00:00,668.6952557585913,569.6281467373999,338.1678700452962
forecast_3549,2025-05-28 21:00:00,1819.268326846815,1525.0786458822813,829.7007385567969
forecast_3550,2025-05-28 22:00:00,1621.4270034034218,1278.023120102934,828.2157789514049
forecast_3551,2025-05-28 23:00:00,1279.1277651558132,1073.3516960305656,1272.6302866483777
forecast_3552,2025-05-29 00:00:00,854.0530825629426,650.059607552823,612.3565770582052
forecast_3553,2025-05-29 01:00:00,764.8807350115301,688.2638399047346,472.20596723816766
forecast_3554,2025-05-29 02:00:00,1103.6647702903858,851.2893381281158,469.46975489374717
forecast_3555,2025-05-29 03:00:00,1694.8835869933566,1071.715500875933,607.1464682607292
forecast_3556,2025-05-29 04:00:00,1419.8965571403785,1079.1698395456096,487.4533532145755
forecast_3557,2025-05-29 05:00:00,1059.8315622465716,756.5265362780223,322.729831306148
forecast_3558,2025-05-29 06:00:00,629.0388946506088,472.56338944870544,171.83017142208146
forecast_3559,2025-05-29 07:00:00,456.4831566706834,383.19991310702375,118.31517185858522
forecast_3560,2025-05-29 08:00:00,337.10243065932264,296.531228117693,154.0537184974249
forecast_3561,2025-05-29 09:00:00,185.92862184934816,218.30816512703393,90.18114462609906
forecast_3562,2025-05-29 10:00:00,143.8751361237703,190.41940298250793,107.81832026036105
forecast_3563,2025-05-29 11:00:00,217.45175124704392,335.9021290633295,277.27260017050776
forecast_3564,2025-05-29 12:00:00,335.2517876921819,473.60930630629105,318.5642660957138
forecast_3565,2025-05-29 13:00:00,429.185004635213,548.249791125654,400.18399117971836
forecast_3566,2025-05-29 14:00:00,308.8627807147148,429.48531425311774,389.60537355116713
forecast_3567,2025-05-29 15:00:00,480.29621905209325,548.0899875434882,446.0616237537529
forecast_3568,2025-05-29 16:00:00,506.2927030271886,666.8376704700876,507.5173095958766
forecast_3569,2025-05-29 17:00:00,617.2757555588086,733.7188882478988,426.2986463338915
forecast_3570,2025-05-29 18:00:00,728.9232312744073,979.6429173199507,461.02129635761884
forecast_3571,2025-05-29 19:00:00,1211.1697170563878,1630.4022135671364,588.8381986298446
forecast_3572,2025-05-29 20:00:00,1558.5780073103222,1815.5353601250547,565.3509040805053
forecast_3573,2025-05-29 21:00:00,1612.354824292291,1767.7677952148906,534.5177790579396
forecast_3574,2025-05-29 22:00:00,1583.833721373485,1870.2068410342229,520.4139492045348
forecast_3575,2025-05-29 23:00:00,1581.8723556904229,1544.098034194915,449.2120055155133
forecast_3576,2025-05-30 00:00:00,1605.293891689126,1625.8045893339183,482.2353181888911
forecast_3577,2025-05-30 01:00:00,1352.8925413011411,1249.1193724769882,250.4775015468649
forecast_3578,2025-05-30 02:00:00,1468.0028193804912,1442.7592913946,473.76209409048107
forecast_3579,2025-05-30 03:00:00,1622.0951816882152,1740.9138007073077,545.451987899239
forecast_3580,2025-05-30 04:00:00,1725.7306504466976,2106.346649708231,700.955261599479
forecast_3581,2025-05-30 05:00:00,1761.1433668267148,2092.3291708147176,810.0401699990471
forecast_3582,2025-05-30 06:00:00,1697.8186423648963,2243.2070474345196,765.0401861312462
forecast_3583,2025-05-30 07:00:00,1930.7935660645599,2432.4132669838436,711.2714045368775
forecast_3584,2025-05-30 08:00:00,1735.5378998240528,2234.709613363951,818.1829709752233
forecast_3585,2025-05-30 09:00:00,1347.313225999065,1522.9379301714387,988.8008849577064
forecast_3586,2025-05-30 10:00:00,1506.3750238286937,1837.5448784930104,1008.4169407061763
forecast_3587,2025-05-30 11:00:00,1373.1410552662057,1502.3878251688475,756.50171191694
forecast_3588,2025-05-30 12:00:00,943.8504843188916,1101.5270981770004,737.1617462071363
forecast_3589,2025-05-30 13:00:00,776.1771223536233,1059.4455179733422,619.619280946265
forecast_3590,2025-05-30 14:00:00,618.211494805294,744.4974127101223,546.663465345085
forecast_3591,2025-05-30 15:00:00,393.54832551652254,514.7155735993971,517.8715452208328
forecast_3592,2025-05-30 16:00:00,462.75109487047297,533.5515285369555,507.84352206256415
forecast_3593,2025-05-30 17:00:00,419.11814223242004,622.6276056250081,334.45109298937683
forecast_3594,2025-05-30 18:00:00,662.4181604335299,786.2224920587065,426.8314636036297
forecast_3595,2025-05-30 19:00:00,1173.9739508946539,1316.3416307004868,503.7774771845035
forecast_3596,2025-05-30 20:00:00,1631.9415042309479,1540.6784922114575,523.5040472716738
forecast_3597,2025-05-30 21:00:00,1759.0674681386774,1726.7221654376208,562.2714855109095
forecast_3598,2025-05-30 22:00:00,1665.4179932169297,1804.8197987846609,590.0266317260683
forecast_3599,2025-05-30 23:00:00,1597.2854782206325,1708.6557220656755,490.21326219559404
forecast_3600,2025-05-31 00:00:00,1509.7328632949698,1475.8189823180408,450.12808054391843
forecast_3601,2025-05-31 01:00:00,780.3450938843882,709.6794301230603,236.1378659341229
forecast_3602,2025-05-31 02:00:00,1145.335108875282,831.2678784284966,491.58086866480426
forecast_3603,2025-05-31 03:00:00,1565.6777805653546,1415.0707987522326,525.1685708515032
forecast_3604,2025-05-31 04:00:00,2104.0709140791064,1499.5462259289964,993.0696010121884
forecast_3605,2025-05-31 05:00:00,1878.2014903818247,1442.342342754478,888.261498596914
forecast_3606,2025-05-31 06:00:00,1666.5559015118615,1604.7150595078342,575.5786008271156
forecast_3607,2025-05-31 07:00:00,1671.1332948507775,1418.8571944137154,628.0443057772052
forecast_3608,2025-05-31 08:00:00,1339.6021361738854,1578.317933265995,616.7630895149107
forecast_3609,2025-05-31 09:00:00,927.1312012212405,1136.9879864752195,443.9234601192102
forecast_3610,2025-05-31 10:00:00,798.7471887353832,950.3888891817127,503.2804865354278
forecast_3611,2025-05-31 11:00:00,916.9214045172429,1011.8896070123549,752.3096795637174
forecast_3612,2025-05-31 12:00:00,1032.1320442398007,1029.436468658709,766.6449570200327
forecast_3613,2025-05-31 13:00:00,796.9466798740843,1238.8285813917616,1048.3899659894194
forecast_3614,2025-05-31 14:00:00,1119.3093162024375,1346.7898132251964,1244.54663074172
forecast_3615,2025-05-31 15:00:00,1124.3207869085336,1486.1062034542044,1027.6295333277121
forecast_3616,2025-05-31 16:00:00,1444.1412227543933,1578.2344270407475,881.241678500557
forecast_3617,2025-05-31 17:00:00,1436.4035989551953,1515.10500173927,631.7742778530843
forecast_3618,2025-05-31 18:00:00,1674.822877455901,1866.4921091308215,776.7455439293007
forecast_3619,2025-05-31 19:00:00,1712.717585413353,1921.952573618116,774.4312960566534
forecast_3620,2025-05-31 20:00:00,1660.8247789167012,1914.836385449069,838.3999829272143
forecast_3621,2025-05-31 21:00:00,1884.773706087826,1961.8198695701722,761.2885494691886
forecast_3622,2025-05-31 22:00:00,1787.1211635867978,2100.675123574724,770.7775274453069
forecast_3623,2025-05-31 23:00:00,2505.2707831021016,2205.892947414249,1403.9772180090124
forecast_3624,2025-06-01 00:00:00,1244.2267366569226,1348.7282263467855,651.5128729474715
forecast_3625,2025-06-01 01:00:00,1059.1262531254251,1060.703846780632,554.5428990031874
forecast_3626,2025-06-01 02:00:00,1904.4145715993814,1933.8381688143238,831.7965828986536
forecast_3627,2025-06-01 03:00:00,3174.909403780481,2293.2560949170143,1446.4418727504299
forecast_3628,2025-06-01 04:00:00,2973.390892695277,2608.298302004207,1620.7906613410387
forecast_3629,2025-06-01 05:00:00,2142.7997796049567,1837.249313170469,1052.2843878645158
forecast_3630,2025-06-01 06:00:00,1691.3407227753069,1610.6994781359053,615.2490377286988
forecast_3631,2025-06-01 07:00:00,1610.22286721351,1535.3028093752955,523.3024004414481
forecast_3632,2025-06-01 08:00:00,709.4723534599544,645.7715796033492,296.4061486339261
forecast_3633,2025-06-01 09:00:00,407.6338289963083,287.7669586505726,154.25254287172982
forecast_3634,2025-06-01 10:00:00,202.0988681057623,221.53454450209654,170.53754475267007
forecast_3635,2025-06-01 11:00:00,284.38920215927635,237.17600842999397,188.04470351147083
forecast_3636,2025-06-01 12:00:00,263.41029456447876,248.1882608946114,137.24881797280452
forecast_3637,2025-06-01 13:00:00,300.78259886122805,314.5911157561843,205.8186039030435
forecast_3638,2025-06-01 14:00:00,302.293341861596,218.4484209385155,156.2981106126134
forecast_3639,2025-06-01 15:00:00,528.5950128775498,363.26230870185816,210.26959236108857
forecast_3640,2025-06-01 16:00:00,149.47341076519123,139.17511358590534,105.37687829302406
forecast_3641,2025-06-01 17:00:00,309.7593165231593,258.1325625264893,176.40614046532156
forecast_3642,2025-06-01 18:00:00,1021.9633143893957,964.7192198232152,562.9072957219869
forecast_3643,2025-06-01 19:00:00,1879.1266584474542,2382.652154279081,1195.6821909884336
forecast_3644,2025-06-01 20:00:00,2720.011468054646,2822.958124595111,1477.2386367094357
forecast_3645,2025-06-01 21:00:00,3218.86590140943,3227.536397786176,1791.7866960179051
forecast_3646,2025-06-01 22:00:00,4941.833091826697,4908.787823846823,2537.2636552806234
forecast_3647,2025-06-01 23:00:00,4163.6813316863745,4012.3663151228047,2011.334956691455
forecast_3648,2025-06-02 00:00:00,5570.321875980776,5868.599612148581,2996.806189490475
forecast_3649,2025-06-02 01:00:00,3889.6372619350623,3630.86994320488,2061.338611058416
forecast_3650,2025-06-02 02:00:00,3896.6215625141635,3279.296010004961,2154.2493476020527
forecast_3651,2025-06-02 03:00:00,4112.04176264062,4191.938032389477,2277.3437314877183
forecast_3652,2025-06-02 04:00:00,2379.100703931327,1946.4038931878563,964.7868465472982
forecast_3653,2025-06-02 05:00:00,2022.8216253204116,1636.1292712438633,1238.5083701024266
forecast_3654,2025-06-02 06:00:00,878.0732668359168,1028.2956157098645,608.2294112015486
forecast_3655,2025-06-02 07:00:00,696.6148139594363,702.2104316562844,382.84869353209143
forecast_3656,2025-06-02 08:00:00,724.1675403426937,750.9502326190735,344.6925934020148
forecast_3657,2025-06-02 09:00:00,728.5876894722005,745.4631014769823,296.42024137659064
forecast_3658,2025-06-02 10:00:00,704.6080321639569,796.3655556071365,405.37023695064244
forecast_3659,2025-06-02 11:00:00,807.6899351193163,816.7379594728461,534.1287041585305
forecast_3660,2025-06-02 12:00:00,1031.9437509266545,1156.239443301928,692.254972235931
forecast_3661,2025-06-02 13:00:00,943.5570782452133,903.0885374715058,770.6488530059256
forecast_3662,2025-06-02 14:00:00,1203.2715303629461,1363.8073376522532,1238.7888864460783
forecast_3663,2025-06-02 15:00:00,1779.8970119933051,2112.456118299753,1991.0627692432195
forecast_3664,2025-06-02 16:00:00,3069.48269417975,3248.704494567278,2724.8515157847182
forecast_3665,2025-06-02 17:00:00,4536.98430554217,3648.1229106434685,3306.014823192647
forecast_3666,2025-06-02 18:00:00,5261.132200379814,4338.262754082078,3600.588532771183
forecast_3667,2025-06-02 19:00:00,5100.822011382507,4644.1291253419,2932.2135494687
forecast_3668,2025-06-02 20:00:00,3551.7101770537797,3356.306242268394,1848.666439574834
forecast_3669,2025-06-02 21:00:00,3009.8263334627904,2866.0588239068497,1333.174873279627
forecast_3670,2025-06-02 22:00:00,2076.316687544215,1937.6766210555554,1047.0641629610423
forecast_3671,2025-06-02 23:00:00,2029.6071406308552,1988.855330540131,1327.6683842384423
forecast_3672,2025-06-03 00:00:00,1460.4201506542518,1612.765043553618,814.3092853365443
forecast_3673,2025-06-03 01:00:00,1860.617614871166,1673.8355294122366,684.3469895118354
forecast_3674,2025-06-03 02:00:00,1598.9148960387915,2258.2377839121127,675.5945965335621
forecast_3675,2025-06-03 03:00:00,2107.2068332277186,2418.0595421197013,1090.2606432308041
forecast_3676,2025-06-03 04:00:00,1984.452832892753,2280.9076766731364,1065.4596423764583
forecast_3677,2025-06-03 05:00:00,2552.317844506017,2442.250519151897,1489.7521746312093
forecast_3678,2025-06-03 06:00:00,2479.3866494395716,2250.1040436131075,1207.8445391103849
forecast_3679,2025-06-03 07:00:00,2042.5598467489854,1467.2201883066843,728.8271340827607
forecast_3680,2025-06-03 08:00:00,1151.1505807740918,1198.010809585619,341.15406324950385
forecast_3681,2025-06-03 09:00:00,877.3056464406906,665.2568101687935,390.7316223634704
forecast_3682,2025-06-03 10:00:00,2200.1355640278766,2094.029447749258,994.1553381885174
forecast_3683,2025-06-03 11:00:00,3506.337588859143,3072.292120163468,1632.8056713709639
forecast_3684,2025-06-03 12:00:00,5400.644043018164,4536.99384703148,3755.7955458402193
forecast_3685,2025-06-03 13:00:00,8051.36418341612,6948.190845536069,5752.344128052645
forecast_3686,2025-06-03 14:00:00,10219.869516589555,9252.82387096325,7611.784537180674
forecast_3687,2025-06-03 15:00:00,11156.28701077414,10484.767303434817,8330.53856182119
forecast_3688,2025-06-03 16:00:00,11287.28491270746,10708.880617184299,9047.078843709485
forecast_3689,2025-06-03 17:00:00,13390.056135275145,12335.59301604042,9853.35726738636
forecast_3690,2025-06-03 18:00:00,14366.580522502687,12844.302638761508,11058.497934565488
forecast_3691,2025-06-03 19:00:00,14218.461564958694,12624.790960383449,9758.037038600089
forecast_3692,2025-06-03 20:00:00,13271.1494803727,13185.911531163092,9878.116492809311
forecast_3693,2025-06-03 21:00:00,15883.315927638514,16440.49737852097,11637.462650700669
forecast_3694,2025-06-03 22:00:00,16341.615410496925,17032.80904669831,11521.31314696009
forecast_3695,2025-06-03 23:00:00,16204.404656776873,16495.586350919068,11615.229099033302
forecast_3696,2025-06-04 00:00:00,16104.310511813463,16693.69282081142,11073.48949858458
forecast_3697,2025-06-04 01:00:00,15045.142961349104,15026.86886908602,9752.323770810695
forecast_3698,2025-06-04 02:00:00,17044.012899873895,16716.163174753732,11513.350971814136
forecast_3699,2025-06-04 03:00:00,18813.969083791675,17961.577060834574,12546.454189651513
forecast_3700,2025-06-04 04:00:00,18923.341613309593,17957.88221485316,13086.485024760093
forecast_3701,2025-06-04 05:00:00,18252.96492192369,17453.625093897004,12876.637372121379
forecast_3702,2025-06-04 06:00:00,18711.929155512276,18125.95176576289,13766.430022748218
forecast_3703,2025-06-04 07:00:00,18947.685097493064,18640.363037125306,14604.34265115398
forecast_3704,2025-06-04 08:00:00,18976.19974433967,18701.498336441953,14806.030383014022
forecast_3705,2025-06-04 09:00:00,19121.360460298954,18728.490748217217,14798.303785555232
forecast_3706,2025-06-04 10:00:00,18453.312670195748,18300.12344795417,13080.25475120387
forecast_3707,2025-06-04 11:00:00,17738.024859162608,17930.047124399174,11035.969763633511
forecast_3708,2025-06-04 12:00:00,17539.238206957638,17428.2722654182,11815.089643644456
forecast_3709,2025-06-04 13:00:00,16807.79367099325,16970.114838249887,11113.162702273456
forecast_3710,2025-06-04 14:00:00,16573.723245064717,16297.614667881362,11092.525857593602
forecast_3711,2025-06-04 15:00:00,15603.430552585958,13714.885370316179,9499.2598754821
forecast_3712,2025-06-04 16:00:00,14559.50446852863,12810.840388414712,8947.656548857378
forecast_3713,2025-06-04 17:00:00,14114.201776466107,12215.35021012663,8791.859643341046
forecast_3714,2025-06-04 18:00:00,12944.674342480013,11314.18454705067,7390.353028630015
forecast_3715,2025-06-04 19:00:00,13139.52027037342,11227.496957992602,7511.696006029771
forecast_3716,2025-06-04 20:00:00,13510.639734043312,11416.287667385493,8123.58899422617
forecast_3717,2025-06-04 21:00:00,13871.943743203223,12588.630944702083,9205.508144938887
forecast_3718,2025-06-04 22:00:00,11929.34406794534,12259.62936130295,8121.401193116222
forecast_3719,2025-06-04 23:00:00,11745.909557060573,12433.992310449496,8758.318633436083
forecast_3720,2025-06-05 00:00:00,13710.596615838162,14116.117886769978,10494.918981961728
forecast_3721,2025-06-05 01:00:00,13165.945075241107,12687.050469540043,9342.90836926347
forecast_3722,2025-06-05 02:00:00,13553.130109570702,14252.38028401737,10534.545249894307
forecast_3723,2025-06-05 03:00:00,14719.846053852802,14617.002746073043,11305.64886050063
forecast_3724,2025-06-05 04:00:00,14301.142262333484,14949.453919042518,11815.210607327072
forecast_3725,2025-06-05 05:00:00,13167.81142427971,13839.014643318756,9659.672788407239
forecast_3726,2025-06-05 06:00:00,10553.72889758079,12330.43580621318,8283.061002893755
forecast_3727,2025-06-05 07:00:00,12763.310357157683,13746.254375721737,9150.948013933168
forecast_3728,2025-06-05 08:00:00,12422.124431446362,12837.901370506352,9140.920992298648
forecast_3729,2025-06-05 09:00:00,10651.099358865024,11701.943564049225,7675.989791617899
forecast_3730,2025-06-05 10:00:00,7879.157030561854,7978.32397591765,5461.817314128341
forecast_3731,2025-06-05 11:00:00,6272.511903224039,5209.500857568272,4260.003957945508
forecast_3732,2025-06-05 12:00:00,6204.092160448093,5646.894871364958,4324.5400687652755
forecast_3733,2025-06-05 13:00:00,5125.86094524193,4543.418552447209,3435.0350576379906
forecast_3734,2025-06-05 14:00:00,5604.582572619893,4939.893856189708,4102.322086082661
forecast_3735,2025-06-05 15:00:00,6595.743968759889,5659.476610193627,5243.892796311844
forecast_3736,2025-06-05 16:00:00,7244.4781238888345,6308.728688808645,5955.0555737837985
forecast_3737,2025-06-05 17:00:00,8708.791507950826,7959.658004654687,7311.962583258367
forecast_3738,2025-06-05 18:00:00,11458.517062843706,10257.204592343187,9621.566939470515
forecast_3739,2025-06-05 19:00:00,14156.589246490375,12672.777020032907,12189.53002412453
forecast_3740,2025-06-05 20:00:00,16043.633944463776,14883.440124639637,13446.193469297124
forecast_3741,2025-06-05 21:00:00,16624.556460064883,15457.188314195651,12820.049764334846
forecast_3742,2025-06-05 22:00:00,18335.21543565616,16889.54854692739,13660.532541997065
forecast_3743,2025-06-05 23:00:00,18655.0499567408,17049.950757508886,14384.145703966253
forecast_3744,2025-06-06 00:00:00,18164.957956742604,16786.32254409609,14619.617448748317
forecast_3745,2025-06-06 01:00:00,18186.472720605816,16355.278578787646,13253.264605235841
forecast_3746,2025-06-06 02:00:00,18155.51654834644,16269.467829986055,12963.027366518098
forecast_3747,2025-06-06 03:00:00,18375.603678309973,16706.013431706542,13795.881735370871
forecast_3748,2025-06-06 04:00:00,18159.318538491087,17095.484900503496,14508.57600302398
forecast_3749,2025-06-06 05:00:00,18081.356755213877,17190.745196692384,14493.081313762435
forecast_3750,2025-06-06 06:00:00,18344.70591984512,16618.838746959696,14108.44009897329
forecast_3751,2025-06-06 07:00:00,17096.227113955963,16488.60564331749,13409.114042247465
forecast_3752,2025-06-06 08:00:00,15232.133868831059,15677.167962022339,12693.164413369761
forecast_3753,2025-06-06 09:00:00,14112.702407351693,14929.09430785539,11273.42570779157
forecast_3754,2025-06-06 10:00:00,13909.27086486916,13571.870173753263,11092.235950958635
forecast_3755,2025-06-06 11:00:00,13062.706653750012,13247.79888584179,10935.733991606216
forecast_3756,2025-06-06 12:00:00,13118.208008213891,13535.370087432291,11217.210204509742
forecast_3757,2025-06-06 13:00:00,13143.91802313224,13312.746593981516,11738.521577362051
forecast_3758,2025-06-06 14:00:00,13655.81242115375,13522.079804729285,11855.468301014747
forecast_3759,2025-06-06 15:00:00,13367.87234822956,13749.362926142796,11896.53910025169
forecast_3760,2025-06-06 16:00:00,13580.734261362248,13658.32081914209,11982.303796997352
forecast_3761,2025-06-06 17:00:00,14346.459244724809,13330.399968137775,11594.062740406836
forecast_3762,2025-06-06 18:00:00,14624.06552160314,13815.731896104635,11618.965610389598
forecast_3763,2025-06-06 19:00:00,15294.196230775342,15153.372717408552,13716.100160342186
forecast_3764,2025-06-06 20:00:00,16200.512036941975,16387.260523353703,14276.198281923467
forecast_3765,2025-06-06 21:00:00,16047.88424010248,16001.865567342342,13934.655708099259
forecast_3766,2025-06-06 22:00:00,16902.16250575812,16908.629056508536,14098.984843825374
forecast_3767,2025-06-06 23:00:00,17375.180784656477,16876.89184543531,13784.56907579362
forecast_3768,2025-06-07 00:00:00,16506.99802146614,16821.97915867397,14035.307596578306
forecast_3769,2025-06-07 01:00:00,17361.112563486768,16991.398070299892,13429.170286364417
forecast_3770,2025-06-07 02:00:00,17916.506879042103,16988.401194922128,13822.723750851967
forecast_3771,2025-06-07 03:00:00,17420.08290195042,17007.89860562881,13374.0546923279
forecast_3772,2025-06-07 04:00:00,16562.771000493703,16255.345840103615,13360.827731564319
forecast_3773,2025-06-07 05:00:00,17565.4519413947,17538.030928457316,14445.76035217021
forecast_3774,2025-06-07 06:00:00,17948.742181687092,16793.68370387838,13554.519141608198
forecast_3775,2025-06-07 07:00:00,15955.110033000257,15361.177993939955,13038.286810102121
forecast_3776,2025-06-07 08:00:00,14211.098589085846,13382.558105865448,11772.456400781113
forecast_3777,2025-06-07 09:00:00,12392.096335529703,13263.45483949919,10244.843106637445
forecast_3778,2025-06-07 10:00:00,10514.509819728117,10410.235508372665,9751.379146220754
forecast_3779,2025-06-07 11:00:00,7565.357981364336,7604.287378527815,7279.693499973916
forecast_3780,2025-06-07 12:00:00,7486.966475785386,7030.122964091651,5498.231699130784
forecast_3781,2025-06-07 13:00:00,6325.516012278761,6509.559738892158,5025.953879475511
forecast_3782,2025-06-07 14:00:00,5950.319329317491,6159.444595734686,4623.768381132227
forecast_3783,2025-06-07 15:00:00,6645.446991044204,6555.5548005004375,4928.579223822328
forecast_3784,2025-06-07 16:00:00,6589.8611322509,6893.760625751016,4863.28128702265
forecast_3785,2025-06-07 17:00:00,7158.167710127866,7422.357257704065,4999.561554800518
forecast_3786,2025-06-07 18:00:00,7846.029996045177,8111.259395860317,5761.133993357045
forecast_3787,2025-06-07 19:00:00,10375.882903309104,10364.25868904397,6992.75346112356
forecast_3788,2025-06-07 20:00:00,10848.324011457134,10789.60212693453,8110.671443340282
forecast_3789,2025-06-07 21:00:00,13093.70588308051,13231.684054607997,10515.92720139068
forecast_3790,2025-06-07 22:00:00,13053.207306444527,13318.838947782877,10394.434609961021
forecast_3791,2025-06-07 23:00:00,12838.362440448873,13176.199964891053,9365.80445134706
forecast_3792,2025-06-08 00:00:00,13394.593547040502,14032.925456202573,10239.863259344032
forecast_3793,2025-06-08 01:00:00,12614.89200315586,13205.448025157913,9238.397748539948
forecast_3794,2025-06-08 02:00:00,12916.717683120049,12854.734357813095,9225.787747277986
forecast_3795,2025-06-08 03:00:00,12992.254101577528,13040.374654964877,9425.255824537731
forecast_3796,2025-06-08 04:00:00,12221.571794891317,12654.404789127286,8109.396465803643
forecast_3797,2025-06-08 05:00:00,10368.825668539432,10139.906107019138,5458.947343112856
forecast_3798,2025-06-08 06:00:00,6659.781622916025,5817.826601354072,3618.7260008920202
forecast_3799,2025-06-08 07:00:00,4185.121296723596,3971.299766484916,1959.483619047396
forecast_3800,2025-06-08 08:00:00,1933.6749880791635,1766.4804728345666,889.8896023627701
forecast_3801,2025-06-08 09:00:00,1316.5250803988802,984.8446335011656,674.9171244874987
forecast_3802,2025-06-08 10:00:00,614.2091434917751,467.98473371288014,229.65451159142887
forecast_3803,2025-06-08 11:00:00,151.7216194862296,171.7260319176145,138.130939004925
forecast_3804,2025-06-08 12:00:00,182.27979582088994,166.01905855257914,109.14835768728835
forecast_3805,2025-06-08 13:00:00,206.35449916850132,227.86252244143535,160.9877631626354
forecast_3806,2025-06-08 14:00:00,229.48817604522006,243.9897912055034,180.15676846461173
forecast_3807,2025-06-08 15:00:00,199.50009598401874,199.8222941017005,132.73917294790394
forecast_3808,2025-06-08 16:00:00,200.9109105636642,207.15581271992818,138.5605041059949
forecast_3809,2025-06-08 17:00:00,347.13901500225484,327.0605120819451,176.72756434929533
forecast_3810,2025-06-08 18:00:00,899.1889969078832,817.7965813824122,497.4379607507764
forecast_3811,2025-06-08 19:00:00,1250.3784200683788,1577.07611128515,690.2686587849955
forecast_3812,2025-06-08 20:00:00,1985.610749085185,1996.253530617368,864.2708784513383
forecast_3813,2025-06-08 21:00:00,2354.3111001656807,2083.9891948423215,1059.997844463936
forecast_3814,2025-06-08 22:00:00,3789.724660216526,3951.5770723896444,1991.2234509550306
forecast_3815,2025-06-08 23:00:00,5199.262382771995,5635.42958706317,3368.066125710405
forecast_3816,2025-06-09 00:00:00,8626.60932828804,8156.9410287056535,5803.1639575271565
forecast_3817,2025-06-09 01:00:00,9470.387398093912,9215.621913323117,6249.712610720475
forecast_3818,2025-06-09 02:00:00,10122.095122907402,9082.816674586335,6422.173429609584
forecast_3819,2025-06-09 03:00:00,9328.806947583676,9300.215518596495,5841.474630013696
forecast_3820,2025-06-09 04:00:00,8227.983304946609,7801.966605662114,4667.794229353039
forecast_3821,2025-06-09 05:00:00,7409.2194803683105,6172.575483691333,4281.227374268401
forecast_3822,2025-06-09 06:00:00,5035.736387830498,3786.524474881482,2829.835224900864
forecast_3823,2025-06-09 07:00:00,2654.857487539051,2255.8987872696703,1226.8230636980454
forecast_3824,2025-06-09 08:00:00,1001.0278205041463,1149.5480516148612,449.5551611368587
forecast_3825,2025-06-09 09:00:00,627.4359046157432,554.0466004714357,231.19713223503663
forecast_3826,2025-06-09 10:00:00,487.99316353867016,560.1910388405912,340.0099184374847
forecast_3827,2025-06-09 11:00:00,589.3579711938335,685.4105997163929,338.1500227830431
forecast_3828,2025-06-09 12:00:00,568.8584766757972,614.0524110198481,322.58927912518294
forecast_3829,2025-06-09 13:00:00,794.1158334024456,747.1174556744403,420.2747157328444
forecast_3830,2025-06-09 14:00:00,1333.7779707832904,1230.380832821992,936.3804638322651
forecast_3831,2025-06-09 15:00:00,1523.2787859534071,1282.9532334309338,1074.1816296099687
forecast_3832,2025-06-09 16:00:00,1821.9743934940443,1836.1539701360202,1571.90437950612
forecast_3833,2025-06-09 17:00:00,2515.8717823523402,2635.7245669035765,2163.617960962008
forecast_3834,2025-06-09 18:00:00,2494.276416831595,2580.170525785657,1847.3994634488643
forecast_3835,2025-06-09 19:00:00,2133.9177203105146,2180.1768772410446,1265.7390189920861
forecast_3836,2025-06-09 20:00:00,2756.934781604627,2989.193113013289,1568.314195747825
forecast_3837,2025-06-09 21:00:00,5222.985962401065,5274.139721789005,3167.0013960360207
forecast_3838,2025-06-09 22:00:00,7789.297168807169,8376.721568462735,5780.1280725416655
forecast_3839,2025-06-09 23:00:00,7663.9108459068675,9053.149092844125,5797.414668996488
forecast_3840,2025-06-10 00:00:00,7415.733118754987,8307.758966688418,4969.365247637272
forecast_3841,2025-06-10 01:00:00,14065.63685313146,13428.456686514248,9401.919955659541
forecast_3842,2025-06-10 02:00:00,14368.22921176017,14266.823431577699,11213.144588858639
forecast_3843,2025-06-10 03:00:00,14995.399432577982,14999.320587858072,12546.238911520095
forecast_3844,2025-06-10 04:00:00,14333.954618242713,15201.59079346886,12799.797232274876
forecast_3845,2025-06-10 05:00:00,15589.730849449426,15308.88010069255,13568.140932684712
forecast_3846,2025-06-10 06:00:00,14698.539142356769,13623.423670892487,11246.947647693149
forecast_3847,2025-06-10 07:00:00,12745.824995773377,11832.81170677985,9576.670357887935
forecast_3848,2025-06-10 08:00:00,10363.85656436496,11490.23321160802,7609.421959040718
forecast_3849,2025-06-10 09:00:00,7659.3020549083085,9505.11218104634,5321.032950185417
forecast_3850,2025-06-10 10:00:00,6408.42213824913,6395.474021142874,3848.1195871997093
forecast_3851,2025-06-10 11:00:00,4663.319162206291,4700.840851652404,3716.750297604427
forecast_3852,2025-06-10 12:00:00,4946.3573054235785,4634.977105198107,3390.7583667175472
forecast_3853,2025-06-10 13:00:00,6671.746068230192,6788.192392784095,5018.997176831706
forecast_3854,2025-06-10 14:00:00,6906.170368851244,7351.0717296720795,5841.68452992111
forecast_3855,2025-06-10 15:00:00,8362.551323468899,8787.637086963527,6157.294676000226
forecast_3856,2025-06-10 16:00:00,9101.698792936644,8878.599734548568,6721.108169951898
forecast_3857,2025-06-10 17:00:00,9864.015855816793,9441.279160683402,7367.682830532187
forecast_3858,2025-06-10 18:00:00,10357.773809949975,10405.315945594117,8290.134136398287
forecast_3859,2025-06-10 19:00:00,11335.697164350671,10791.932498709397,8765.014530722496
forecast_3860,2025-06-10 20:00:00,12395.690156368768,12439.5027683426,9994.321890711573
forecast_3861,2025-06-10 21:00:00,13581.56391177915,12519.640050771899,9881.771909430985
forecast_3862,2025-06-10 22:00:00,14842.960257948693,13650.843794081677,10476.004698772853
forecast_3863,2025-06-10 23:00:00,15364.661342197352,14287.779031007467,10831.836640405865
forecast_3864,2025-06-11 00:00:00,15208.442323038398,14529.716496633355,10385.236741393814
forecast_3865,2025-06-11 01:00:00,12685.70654224205,13465.507051634686,9356.695474575847
forecast_3866,2025-06-11 02:00:00,11237.525074956839,11819.105786025628,8837.082644846434
forecast_3867,2025-06-11 03:00:00,10784.994391823697,12211.77423715154,8589.952818413192
forecast_3868,2025-06-11 04:00:00,11505.179715749988,12339.84697846595,8408.514107253048
forecast_3869,2025-06-11 05:00:00,12428.73538208979,12913.185148262357,8756.790327559567
forecast_3870,2025-06-11 06:00:00,12718.417578849703,13162.758635053244,9051.041453491402
forecast_3871,2025-06-11 07:00:00,12418.278687650745,12053.637879797563,7913.643792020498
forecast_3872,2025-06-11 08:00:00,9810.73854565188,9846.702799368633,6419.756117466862
forecast_3873,2025-06-11 09:00:00,7646.80110793817,6670.987904409615,4276.510990975079
forecast_3874,2025-06-11 10:00:00,7757.5292162399255,6227.767206475037,4131.09951665856
forecast_3875,2025-06-11 11:00:00,7726.869064339281,5724.724639494295,3704.4165157128464
forecast_3876,2025-06-11 12:00:00,7231.363217379056,5541.362136794021,3647.7650073275954
forecast_3877,2025-06-11 13:00:00,8531.423136792346,6333.703391901933,4446.891219954466
forecast_3878,2025-06-11 14:00:00,8656.004328634765,6607.669779997669,4561.427496623122
forecast_3879,2025-06-11 15:00:00,6909.764030582483,5423.511144738809,3837.6292346370933
forecast_3880,2025-06-11 16:00:00,6326.572037360056,4628.593783000674,3580.0581658605765
forecast_3881,2025-06-11 17:00:00,5957.534337953772,5197.249234648217,3935.2124422669467
forecast_3882,2025-06-11 18:00:00,3969.5651772068486,3848.109402176527,2752.0981103716863
forecast_3883,2025-06-11 19:00:00,4828.319731857834,4444.153803525952,2443.0228052725274
forecast_3884,2025-06-11 20:00:00,5657.2539540987045,5665.321702609168,3466.2364983778184
forecast_3885,2025-06-11 21:00:00,5084.494297835514,5378.83240383633,3350.47803771436
forecast_3886,2025-06-11 22:00:00,6313.991208120279,6069.854659000759,3874.3150109917483
forecast_3887,2025-06-11 23:00:00,7051.091922675823,6574.90811132258,3960.776470881028
forecast_3888,2025-06-12 00:00:00,5247.869544408687,4996.552130402715,3523.394639311316
forecast_3889,2025-06-12 01:00:00,5188.554031780481,4188.8706314323845,2746.490606739549
forecast_3890,2025-06-12 02:00:00,5695.704787085932,4328.066886732355,3471.0978317360327
forecast_3891,2025-06-12 03:00:00,4876.026448996589,3255.248324050055,2334.8092545617465
forecast_3892,2025-06-12 04:00:00,4098.058678499115,2794.859779455361,1982.7726466804286
forecast_3893,2025-06-12 05:00:00,1984.806955884347,1557.741157925836,1052.3343050422689
forecast_3894,2025-06-12 06:00:00,785.0023062551013,818.8997729643531,428.1169922135834
forecast_3895,2025-06-12 07:00:00,650.4927394805279,417.1558326161442,142.73442227360036
forecast_3896,2025-06-12 08:00:00,398.0875770420698,321.6385816016453,79.32813722157708
forecast_3897,2025-06-12 09:00:00,244.38523927373473,212.98964627462357,83.59448285514574
forecast_3898,2025-06-12 10:00:00,179.05254270938846,168.18947852885051,94.72861525580417
forecast_3899,2025-06-12 11:00:00,109.72607806997341,115.87138054799654,78.48273295396953
forecast_3900,2025-06-12 12:00:00,98.97208453462059,116.52454526198207,76.13290615334299
forecast_3901,2025-06-12 13:00:00,115.32657546799294,128.20931503812426,88.05783276078112
forecast_3902,2025-06-12 14:00:00,115.17472770730315,122.19161292041251,79.41225480343294
forecast_3903,2025-06-12 15:00:00,126.94893265522597,129.77637860132728,88.15205401115882
forecast_3904,2025-06-12 16:00:00,211.2670834280651,193.3831219521186,124.74492952399216
forecast_3905,2025-06-12 17:00:00,227.311574331451,277.8483054541066,194.5976472344524
forecast_3906,2025-06-12 18:00:00,492.39345891125697,505.5288078228984,263.1552343938564
forecast_3907,2025-06-12 19:00:00,839.6130813070057,786.0121149084345,309.69917332204847
forecast_3908,2025-06-12 20:00:00,1313.5044201108951,1374.7869902721973,423.38917808670493
forecast_3909,2025-06-12 21:00:00,1133.334065994954,1116.6360559966497,468.914727943913
forecast_3910,2025-06-12 22:00:00,1503.343387447102,1504.040657075269,460.2268826096915
forecast_3911,2025-06-12 23:00:00,1368.1046821926118,1411.8803781080044,728.9128882147907
forecast_3912,2025-06-13 00:00:00,1484.9500367462538,1290.555894133556,858.3444420976558
forecast_3913,2025-06-13 01:00:00,2777.697310641822,2665.6815022901505,1741.5041626920633
forecast_3914,2025-06-13 02:00:00,4447.535843592014,4715.43624134481,3075.0118278067594
forecast_3915,2025-06-13 03:00:00,6066.6195570180635,5861.006321794078,3888.0412381676865
forecast_3916,2025-06-13 04:00:00,4853.852957634234,4204.350664926285,2133.3068943438875
forecast_3917,2025-06-13 05:00:00,3834.9158993933984,2936.992972544536,1935.5358997339295
forecast_3918,2025-06-13 06:00:00,1911.9464553299963,1450.2216879130144,1092.8458505465635
forecast_3919,2025-06-13 07:00:00,1164.4998713970958,858.8542530536977,446.8531863077257
forecast_3920,2025-06-13 08:00:00,397.13193423617787,360.22838768367455,111.4174878132094
forecast_3921,2025-06-13 09:00:00,508.0068662660543,479.71752237681164,137.50331319772673
forecast_3922,2025-06-13 10:00:00,561.0367842263582,507.3410675329624,250.1217650543673
forecast_3923,2025-06-13 11:00:00,453.268771337453,448.1937937318258,227.69764314347938
forecast_3924,2025-06-13 12:00:00,543.9374770314851,578.9665343570729,368.4790578989014
forecast_3925,2025-06-13 13:00:00,725.2586925574208,639.8625544992378,427.26127489172836
forecast_3926,2025-06-13 14:00:00,1087.100362225711,1091.6602237970164,760.8833540860888
forecast_3927,2025-06-13 15:00:00,1090.3233211835143,1364.83072282008,1246.7026634370052
forecast_3928,2025-06-13 16:00:00,1049.3747777745766,1162.3460559792281,939.3661175653566
forecast_3929,2025-06-13 17:00:00,1411.5558694512529,1507.9872196472843,1304.002297715062
forecast_3930,2025-06-13 18:00:00,2136.448467724095,2344.171297139773,1437.4336256042427
forecast_3931,2025-06-13 19:00:00,1933.433483001954,2118.642841749976,1473.882992261576
forecast_3932,2025-06-13 20:00:00,2641.672489999243,2909.6535680260004,1996.04315806885
forecast_3933,2025-06-13 21:00:00,3967.1244503925686,3513.643638006569,2638.469021674689
forecast_3934,2025-06-13 22:00:00,5550.539672857134,4313.4565932426385,3624.933986900576
forecast_3935,2025-06-13 23:00:00,4410.977905575132,4536.116381150452,3091.0329423542416
forecast_3936,2025-06-14 00:00:00,4451.267949026516,3862.6729610930297,2526.231798821449
forecast_3937,2025-06-14 01:00:00,9282.742451289932,10427.960972622996,6252.914308611908
forecast_3938,2025-06-14 02:00:00,9317.643661527905,10023.24946811957,6493.742852124697
forecast_3939,2025-06-14 03:00:00,8279.402042708052,9945.732823779663,5366.823427890543
forecast_3940,2025-06-14 04:00:00,5860.424350950567,6652.755598565802,2730.3455395787882
forecast_3941,2025-06-14 05:00:00,4042.336305310642,4519.163085551792,1830.1016409209362
forecast_3942,2025-06-14 06:00:00,3916.030144248542,4109.714730409361,1793.5112512972294
forecast_3943,2025-06-14 07:00:00,1539.6242750631052,1218.9141786158386,617.339924694034
forecast_3944,2025-06-14 08:00:00,509.8358353320993,457.27651573564884,137.43623851549762
forecast_3945,2025-06-14 09:00:00,1416.2924501234813,1118.6297505000239,476.4744289769978
forecast_3946,2025-06-14 10:00:00,1128.3675950013198,1133.5204121192437,543.5621716772671
forecast_3947,2025-06-14 11:00:00,753.127933718262,773.6908444299534,440.87672901604486
forecast_3948,2025-06-14 12:00:00,886.0985343626078,938.579934608915,410.2067543053997
forecast_3949,2025-06-14 13:00:00,833.6098131887812,902.4455377242236,349.0856424871007
forecast_3950,2025-06-14 14:00:00,583.4071276526435,724.5376408731365,409.811227580581
forecast_3951,2025-06-14 15:00:00,553.0603740790452,665.5569705346167,423.6083715169556
forecast_3952,2025-06-14 16:00:00,761.7507974806538,702.8797970980713,402.779816851352
forecast_3953,2025-06-14 17:00:00,838.8202705491242,734.1136028733705,366.7115946222379
forecast_3954,2025-06-14 18:00:00,992.6963403202151,1142.2105277039154,423.914076552785
forecast_3955,2025-06-14 19:00:00,1270.487535672329,1442.778841982424,502.0989866988099
forecast_3956,2025-06-14 20:00:00,1494.0259686570046,1640.5366318476142,557.0975386061884
forecast_3957,2025-06-14 21:00:00,1622.8635192315774,1520.880484889767,578.6144454106915
forecast_3958,2025-06-14 22:00:00,1440.0495201316671,1256.5880224601453,648.3000755804356
forecast_3959,2025-06-14 23:00:00,1185.5346859671542,1043.7342767501102,552.5148676686508
forecast_3960,2025-06-15 00:00:00,900.8960732990796,826.5653811093297,378.5133677637695
forecast_3961,2025-06-15 01:00:00,5347.275567940747,4946.856547375798,3287.4106159214857
forecast_3962,2025-06-15 02:00:00,5000.067202019517,4550.673534017926,3310.943170082478
forecast_3963,2025-06-15 03:00:00,4756.728974305771,4393.725486873112,3059.565752290123
forecast_3964,2025-06-15 04:00:00,5286.139494508636,4464.621185443448,3645.4981807383515
forecast_3965,2025-06-15 05:00:00,5446.358961272505,5046.5894836562165,4105.84198224714
forecast_3966,2025-06-15 06:00:00,5315.381352455828,5073.212533230584,3205.7780979560166
forecast_3967,2025-06-15 07:00:00,3361.4373664648247,3056.1843116453456,1846.5918277671042
forecast_3968,2025-06-15 08:00:00,1729.9479991084488,1490.3653332870044,985.5297844978646
forecast_3969,2025-06-15 09:00:00,1183.6839145479703,1142.615135502877,633.4602190746748
forecast_3970,2025-06-15 10:00:00,931.2263836036205,698.7578802646756,512.1946913744315
forecast_3971,2025-06-15 11:00:00,758.0473239792191,1136.939051479646,639.4002999424163
forecast_3972,2025-06-15 12:00:00,1412.205825516187,1522.3896153528635,1032.1511049369815
forecast_3973,2025-06-15 13:00:00,1438.8248002394264,1505.2082754900941,892.7349779861382
forecast_3974,2025-06-15 14:00:00,1838.839911896353,2212.2802946760576,1169.7664318601223
forecast_3975,2025-06-15 15:00:00,2798.996790943737,3724.0864025383726,1976.9693938884154
forecast_3976,2025-06-15 16:00:00,4585.599992481099,5254.183302827839,3758.8097819666255
forecast_3977,2025-06-15 17:00:00,3238.494554346437,4208.736904765524,2437.5909341241913
forecast_3978,2025-06-15 18:00:00,3955.8033843285034,4895.09943703447,2944.533766056087
forecast_3979,2025-06-15 19:00:00,4281.444463433402,6312.3107539391185,4265.245476576871
forecast_3980,2025-06-15 20:00:00,5743.307194186534,6789.361663044693,4259.363446134957
forecast_3981,2025-06-15 21:00:00,7411.240451965905,10019.619673128667,5601.7050257034025
forecast_3982,2025-06-15 22:00:00,9043.350824052775,11179.270062779933,6987.056269003845
forecast_3983,2025-06-15 23:00:00,8868.20126349257,11545.342686661244,6493.136216931024
forecast_3984,2025-06-16 00:00:00,9274.382281663318,11343.373787904115,7361.293020416481
forecast_3985,2025-06-16 01:00:00,10036.118097559849,11885.793550520651,7452.820687707693
forecast_3986,2025-06-16 02:00:00,10539.532490155038,11103.245633134897,7496.63614925289
forecast_3987,2025-06-16 03:00:00,10042.069993363579,11362.017145981172,7723.881211257046
forecast_3988,2025-06-16 04:00:00,9142.504081881043,10672.90674229235,6948.6989507019925
forecast_3989,2025-06-16 05:00:00,8507.241431448541,9766.347693595057,7107.789853589975
forecast_3990,2025-06-16 06:00:00,8549.954103762539,10059.505447297122,6721.15442191298
forecast_3991,2025-06-16 07:00:00,7820.0129689984105,8058.659262368255,5430.606887389736
forecast_3992,2025-06-16 08:00:00,8157.290558901151,9005.350588329637,5640.092328427353
forecast_3993,2025-06-16 09:00:00,7552.167251080607,8971.796527470528,5575.060637781313
forecast_3994,2025-06-16 10:00:00,7428.771306535051,8522.382514628784,5116.401123149254
forecast_3995,2025-06-16 11:00:00,7527.4435218889075,9163.691558884731,5717.304393301901
forecast_3996,2025-06-16 12:00:00,6571.525663758403,7779.889301958034,5514.123512317407
forecast_3997,2025-06-16 13:00:00,7449.4596289872725,8780.554788798185,6265.7978013415195
forecast_3998,2025-06-16 14:00:00,9665.351584274878,11806.97905154667,9069.614769073329
forecast_3999,2025-06-16 15:00:00,10414.030940189627,11208.401422652958,8847.096859933645
forecast_4000,2025-06-16 16:00:00,11176.501145697452,10888.201581095158,9402.775876365797
forecast_4001,2025-06-16 17:00:00,13920.78661798603,13123.412396193182,11888.803276939518
forecast_4002,2025-06-16 18:00:00,14144.33659743437,14183.426823011989,12145.026518163675
forecast_4003,2025-06-16 19:00:00,13306.356007521357,13392.489314730761,11371.113040223863
forecast_4004,2025-06-16 20:00:00,13302.441555441259,13945.870941167685,11056.27222231723
forecast_4005,2025-06-16 21:00:00,14792.589558936688,14485.132311631909,10961.887355586932
forecast_4006,2025-06-16 22:00:00,16212.61709850935,16213.389949247572,11692.671693320373
forecast_4007,2025-06-16 23:00:00,15885.943637305205,16543.12551669157,12014.675643648747
forecast_4008,2025-06-17 00:00:00,16637.65012665782,17766.873374252646,13740.063374120944
forecast_4009,2025-06-17 01:00:00,17024.099736375843,17689.034530462795,14163.116665673631
forecast_4010,2025-06-17 02:00:00,18031.333813297188,18163.313746736916,14761.418551359551
forecast_4011,2025-06-17 03:00:00,17342.38155490421,18090.3042024245,14466.07197363167
forecast_4012,2025-06-17 04:00:00,16932.876189217583,18173.46980131269,14155.493474640558
forecast_4013,2025-06-17 05:00:00,16191.277284148187,17871.231251978516,13631.51866451041
forecast_4014,2025-06-17 06:00:00,15758.554820715264,16772.87144008941,12895.575382094685
forecast_4015,2025-06-17 07:00:00,14684.10875674423,16410.99777566089,12678.870050860498
forecast_4016,2025-06-17 08:00:00,13300.926163274074,14422.192353676783,11847.281043021072
forecast_4017,2025-06-17 09:00:00,12562.785317378613,13890.69475323033,11663.409537459112
forecast_4018,2025-06-17 10:00:00,10500.015355250176,11741.950966124901,10028.722777640849
forecast_4019,2025-06-17 11:00:00,9666.119726566472,10811.523128786675,9600.932440504948
forecast_4020,2025-06-17 12:00:00,10168.874070818963,12017.270440379198,9947.029918733848
forecast_4021,2025-06-17 13:00:00,9519.6393692298,10910.34007750684,9184.832036123726
forecast_4022,2025-06-17 14:00:00,9109.286622134203,10630.98481759025,8516.277610923338
forecast_4023,2025-06-17 15:00:00,9379.18110809319,10597.974925070841,8184.847754576884
forecast_4024,2025-06-17 16:00:00,9788.099345952696,10408.510463830575,8622.983724210058
forecast_4025,2025-06-17 17:00:00,8387.975802943114,8309.701590467224,7677.10546302772
forecast_4026,2025-06-17 18:00:00,7853.092970884225,8805.58339848872,6811.463776688938
forecast_4027,2025-06-17 19:00:00,7835.094265010388,8596.541932928949,6194.10807722242
forecast_4028,2025-06-17 20:00:00,6876.000376047123,8377.616869875756,5809.453137688477
forecast_4029,2025-06-17 21:00:00,7502.608537218453,8459.324907509295,5732.66924186251
forecast_4030,2025-06-17 22:00:00,7601.591056005919,8926.474178774162,5958.091796085056
forecast_4031,2025-06-17 23:00:00,9491.996178437179,10165.367041746431,5739.7973019924175
forecast_4032,2025-06-18 00:00:00,10940.94950214346,11419.08890468149,7216.822561880525
forecast_4033,2025-06-18 01:00:00,10085.208649937033,10908.204320800553,6051.415798225828
forecast_4034,2025-06-18 02:00:00,10204.984743407707,11039.52989634108,6226.605713361279
forecast_4035,2025-06-18 03:00:00,11292.283921761866,11611.626035438305,6985.920377988585
forecast_4036,2025-06-18 04:00:00,10631.067330898855,10459.930954327978,7726.720920008855
forecast_4037,2025-06-18 05:00:00,10837.170734846795,11076.838917684314,8139.021220960601
forecast_4038,2025-06-18 06:00:00,11056.63768075092,11211.26297056725,8539.604330401227
forecast_4039,2025-06-18 07:00:00,10492.708400876329,11563.412367672841,7625.939461584774
forecast_4040,2025-06-18 08:00:00,8381.113299525914,9914.516299946945,5908.62141437722
forecast_4041,2025-06-18 09:00:00,6799.814102457551,7750.373302961793,4035.4613040884024
forecast_4042,2025-06-18 10:00:00,5857.980510425668,6220.786048094083,3289.1904765349655
forecast_4043,2025-06-18 11:00:00,5179.537083481213,3983.119079011478,2563.5466852800987
forecast_4044,2025-06-18 12:00:00,4758.779770345504,4434.611925662799,2395.5095032496965
forecast_4045,2025-06-18 13:00:00,4148.180149173663,3606.922441568217,1953.7277957939348
forecast_4046,2025-06-18 14:00:00,4300.736362105498,3645.6494336220494,2300.563595940678
forecast_4047,2025-06-18 15:00:00,5086.297697469957,4367.6460051316935,2948.4733398374715
forecast_4048,2025-06-18 16:00:00,5642.47139471617,4848.832571280766,3441.7583595449723
forecast_4049,2025-06-18 17:00:00,5533.783093606318,5061.941151713968,3895.3944190835327
forecast_4050,2025-06-18 18:00:00,6555.492125242231,5984.0247771821705,4092.443843238062
forecast_4051,2025-06-18 19:00:00,7080.762849350759,7217.5987475056345,4369.730591292927
forecast_4052,2025-06-18 20:00:00,7634.591699932313,6709.610381473388,5313.810883559239
forecast_4053,2025-06-18 21:00:00,9039.919610862293,8500.07987123197,6482.464941599173
forecast_4054,2025-06-18 22:00:00,8956.94028987228,9962.137591186738,7169.605964920038
forecast_4055,2025-06-18 23:00:00,11766.982142347726,12259.173556222935,9294.46422189527
forecast_4056,2025-06-19 00:00:00,12765.258280572214,12939.376102376309,9186.291508576192
forecast_4057,2025-06-19 01:00:00,13416.341168248546,13784.826825866652,9627.684866750005
forecast_4058,2025-06-19 02:00:00,13769.090566982939,13074.06931271038,9415.658943994174
forecast_4059,2025-06-19 03:00:00,13399.36719124772,13401.329808016035,9474.757752188214
forecast_4060,2025-06-19 04:00:00,12859.08060528742,12969.911796853861,9536.748243013199
forecast_4061,2025-06-19 05:00:00,12770.799791611229,12146.084367055908,8688.174032889829
forecast_4062,2025-06-19 06:00:00,10062.989454242743,9947.881851111657,6739.979179807128
forecast_4063,2025-06-19 07:00:00,7580.6802581736165,6545.4032001393725,4146.478192881049
forecast_4064,2025-06-19 08:00:00,5532.658636177451,4683.352361917236,2763.805673069842
forecast_4065,2025-06-19 09:00:00,2910.360648501427,2277.105782600501,1280.757280592173
forecast_4066,2025-06-19 10:00:00,1436.6860787394617,1136.3230390614792,769.4174785546444
forecast_4067,2025-06-19 11:00:00,487.8956538237886,415.77308823426694,306.1382443926308
forecast_4068,2025-06-19 12:00:00,274.2399878401157,296.4882908906292,290.59047130788355
forecast_4069,2025-06-19 13:00:00,266.7441846956598,304.0654650984818,219.42172440415695
forecast_4070,2025-06-19 14:00:00,368.6559718848043,536.1990304719308,307.13188667614594
forecast_4071,2025-06-19 15:00:00,676.845563545721,819.8398006395012,538.7581522191592
forecast_4072,2025-06-19 16:00:00,719.7219337519549,835.9554329820505,643.2005963858967
forecast_4073,2025-06-19 17:00:00,1445.5870484500356,1284.827697973094,1298.0269935290298
forecast_4074,2025-06-19 18:00:00,1947.5729982189728,2628.8027970238,1364.547885911282
forecast_4075,2025-06-19 19:00:00,3293.573996482972,4018.0338895661052,2072.8205415143498
forecast_4076,2025-06-19 20:00:00,3057.4287666033174,3591.0856970530754,2239.2770036556226
forecast_4077,2025-06-19 21:00:00,4211.556290950823,4868.684576924812,2806.258205307141
forecast_4078,2025-06-19 22:00:00,6388.397567019319,7374.175422334249,4111.959658477217
forecast_4079,2025-06-19 23:00:00,7598.721773913252,8230.042491280854,4696.146464412343
forecast_4080,2025-06-20 00:00:00,7649.761750217757,8595.111465008944,4721.528823100915
forecast_4081,2025-06-20 01:00:00,9396.320439698988,10702.997221007634,5993.0579256052
forecast_4082,2025-06-20 02:00:00,9488.203460614779,11307.27561926421,6359.98424645961
forecast_4083,2025-06-20 03:00:00,9814.353070105628,12236.178647847819,6557.5832550398945
forecast_4084,2025-06-20 04:00:00,11009.694636595847,13394.237892476072,8374.071054514172
forecast_4085,2025-06-20 05:00:00,11168.35255976994,12694.497892869356,7567.568135412483
forecast_4086,2025-06-20 06:00:00,9821.104841487462,11653.058579622682,7177.987768448297
forecast_4087,2025-06-20 07:00:00,9106.848138689384,11040.140136502114,6524.632919767522
forecast_4088,2025-06-20 08:00:00,8537.673496316285,10030.410113510368,6003.210096944051
forecast_4089,2025-06-20 09:00:00,8124.96270487481,9902.580448121833,5741.859098719018
forecast_4090,2025-06-20 10:00:00,8798.462317233914,10334.480062904126,6624.986571005267
forecast_4091,2025-06-20 11:00:00,9826.91241079643,12144.760834577231,9911.144945384809
forecast_4092,2025-06-20 12:00:00,11038.558702149983,13954.349428708341,11203.75625253148
forecast_4093,2025-06-20 13:00:00,13992.324627207054,15092.68931406114,12474.396920353714
forecast_4094,2025-06-20 14:00:00,14361.297028144349,15690.11117706748,13081.81305907135
forecast_4095,2025-06-20 15:00:00,14602.11256443314,15876.502791763092,13140.821686389252
forecast_4096,2025-06-20 16:00:00,17635.564848021364,16777.093640356296,14292.730785913807
forecast_4097,2025-06-20 17:00:00,18124.54150354264,17141.542681242932,14197.011010883498
forecast_4098,2025-06-20 18:00:00,18203.06804620336,17545.562514672158,14400.163052318298
forecast_4099,2025-06-20 19:00:00,18457.264544705642,17491.9017481446,14490.941829711115
forecast_4100,2025-06-20 20:00:00,18287.9289592174,16742.42424147864,13975.553942323439
forecast_4101,2025-06-20 21:00:00,18296.935862901493,17022.973609644425,14193.484660207989
forecast_4102,2025-06-20 22:00:00,18260.593068539194,17363.657884220418,14511.700406949449
forecast_4103,2025-06-20 23:00:00,18176.52416625815,17421.313210095494,14364.610750726248
forecast_4104,2025-06-21 00:00:00,17595.883381929834,17483.66367219411,14158.722541851428
forecast_4105,2025-06-21 01:00:00,17540.519030334468,17517.169407382764,13927.70844819642
forecast_4106,2025-06-21 02:00:00,17161.211862594424,17413.14978711103,13988.482110450046
forecast_4107,2025-06-21 03:00:00,16998.40692223138,17209.580586229687,14215.078051110106
forecast_4108,2025-06-21 04:00:00,15077.478312109368,16277.895490361409,13264.210107339615
forecast_4109,2025-06-21 05:00:00,13667.4530478889,15137.381239527389,12007.139877113897
forecast_4110,2025-06-21 06:00:00,14883.57582435059,15401.769681195401,12743.117845814022
forecast_4111,2025-06-21 07:00:00,15049.456011047023,15106.686565651877,12900.217960057076
forecast_4112,2025-06-21 08:00:00,14437.407428995097,14562.979575726893,12212.527488407522
forecast_4113,2025-06-21 09:00:00,12317.21473615208,12520.994864104152,11402.435163181683
forecast_4114,2025-06-21 10:00:00,9715.909799845847,10949.064533183042,8946.503206071606
forecast_4115,2025-06-21 11:00:00,8488.526250361296,9146.7274439608,7122.2028212990335
forecast_4116,2025-06-21 12:00:00,6926.5664654478,7866.044419711386,6419.003487145506
forecast_4117,2025-06-21 13:00:00,7933.720592161172,8457.946952175549,6740.795061781849
forecast_4118,2025-06-21 14:00:00,8088.591928843113,8681.012721395466,6720.821873410658
forecast_4119,2025-06-21 15:00:00,9758.893727303734,10889.095343119452,8390.597355574975
forecast_4120,2025-06-21 16:00:00,12410.203981248134,11451.986230504792,8826.165368562022
forecast_4121,2025-06-21 17:00:00,11209.464541236846,11223.120411585203,8451.444755864626
forecast_4122,2025-06-21 18:00:00,10202.442274721754,10292.567200944284,7485.518874704942
forecast_4123,2025-06-21 19:00:00,12034.328190481752,12405.567458267826,8827.41031366524
forecast_4124,2025-06-21 20:00:00,9726.983908049118,10461.949834830411,7999.895001973916
forecast_4125,2025-06-21 21:00:00,10122.855423974903,10228.518265237693,7148.893941135518
forecast_4126,2025-06-21 22:00:00,10957.11357380952,12035.763649034889,8781.940746217224
forecast_4127,2025-06-21 23:00:00,13189.423613558887,14144.26576992397,11140.192881373508
forecast_4128,2025-06-22 00:00:00,15053.637788068714,15173.342614644756,12707.61365438706
forecast_4129,2025-06-22 01:00:00,13194.647365367096,12652.770404624749,9270.25263875119
forecast_4130,2025-06-22 02:00:00,13898.763744901156,13579.556729087806,10719.630694912363
forecast_4131,2025-06-22 03:00:00,13522.822783375412,12865.713935903746,8483.242770059216
forecast_4132,2025-06-22 04:00:00,13333.235401747546,12937.355055831847,8653.81822248457
forecast_4133,2025-06-22 05:00:00,12286.392731171292,11955.58081214758,7938.309127792346
forecast_4134,2025-06-22 06:00:00,9190.201014520937,10094.759884350351,6744.830445252426
forecast_4135,2025-06-22 07:00:00,8701.416695905064,9508.374870866499,6475.091098705125
forecast_4136,2025-06-22 08:00:00,7369.293726298137,7734.31940184152,4565.362518074162
forecast_4137,2025-06-22 09:00:00,6010.547367100267,6667.4346466285115,3746.2906545032815
forecast_4138,2025-06-22 10:00:00,5982.745834814529,5637.391207304962,3334.702416960284
forecast_4139,2025-06-22 11:00:00,6455.744632626598,5462.994799636379,3404.2466333218044
forecast_4140,2025-06-22 12:00:00,6080.375961078331,5026.655819161795,3471.9843112495196
forecast_4141,2025-06-22 13:00:00,5831.408068332611,5119.790212774792,3753.6349704858667
forecast_4142,2025-06-22 14:00:00,4823.077707258531,3683.611685089099,2608.474692646113
forecast_4143,2025-06-22 15:00:00,3813.5308040265036,2873.2398642824546,2359.713965089584
forecast_4144,2025-06-22 16:00:00,4267.089910201854,3221.1712188427155,2672.190776247395
forecast_4145,2025-06-22 17:00:00,4261.474211332707,3561.7896800570334,2926.9025183268154
forecast_4146,2025-06-22 18:00:00,5455.471977210761,4799.051143875443,3257.931968724988
forecast_4147,2025-06-22 19:00:00,5930.097523064425,5505.6927432492375,3728.5271111829907
forecast_4148,2025-06-22 20:00:00,6888.098861532313,6822.533010710767,4348.790874359697
forecast_4149,2025-06-22 21:00:00,8223.310948896811,7779.415781938124,4680.412257269861
forecast_4150,2025-06-22 22:00:00,8595.447314744222,8020.148540376663,5428.71394277693
forecast_4151,2025-06-22 23:00:00,7789.201553501669,7241.2148397797655,5204.9871626994
forecast_4152,2025-06-23 00:00:00,7168.598384024814,5683.69201833199,4404.769352749189
forecast_4153,2025-06-23 01:00:00,6001.148408255097,4971.758280552265,3909.077554586369
forecast_4154,2025-06-23 02:00:00,5560.579647563633,4377.471610350989,3780.08307833241
forecast_4155,2025-06-23 03:00:00,5344.543747359006,4387.359459685179,3396.2535952458443
forecast_4156,2025-06-23 04:00:00,4961.919885052165,4071.923830296892,3151.1432010500666
forecast_4157,2025-06-23 05:00:00,3543.8635564201654,3599.8163215926866,2653.3205812195333
forecast_4158,2025-06-23 06:00:00,2569.395658779163,2788.284534499564,1817.3764023165659
forecast_4159,2025-06-23 07:00:00,1323.2756778472535,1072.807180330251,640.2619813560729
forecast_4160,2025-06-23 08:00:00,648.378415493563,451.9987717419937,189.23818341067582
forecast_4161,2025-06-23 09:00:00,177.62595240915977,208.43369500187,70.90416039631033
forecast_4162,2025-06-23 10:00:00,215.07605844996513,239.73910291882808,105.53009498616395
forecast_4163,2025-06-23 11:00:00,224.41317591755146,263.1123738284944,146.13028271616295
forecast_4164,2025-06-23 12:00:00,218.58278299529164,329.08039480572313,168.42199554513363
forecast_4165,2025-06-23 13:00:00,239.6091089020993,308.9289585723781,213.03245906786654
forecast_4166,2025-06-23 14:00:00,201.80244812196557,292.5765967012543,183.95208624858202
forecast_4167,2025-06-23 15:00:00,210.74726794153835,291.2253125426682,187.04151952604616
forecast_4168,2025-06-23 16:00:00,213.57946709172424,255.48414178689035,138.2444098213225
forecast_4169,2025-06-23 17:00:00,185.49832243715576,203.30219993993205,115.2484231600072
forecast_4170,2025-06-23 18:00:00,185.4921688075184,184.53361074660143,83.5823791248947
forecast_4171,2025-06-23 19:00:00,248.4436560928157,249.5023877467125,74.42552972213082
forecast_4172,2025-06-23 20:00:00,395.5878936308974,341.4147259852671,87.04350614695792
forecast_4173,2025-06-23 21:00:00,563.3404642992035,497.5068013494194,94.69659510508644
forecast_4174,2025-06-23 22:00:00,592.3180490827522,490.48607045058384,118.72907247066715
forecast_4175,2025-06-23 23:00:00,563.1843499674848,451.1783870507289,129.37483384266483
forecast_4176,2025-06-24 00:00:00,560.5893866220962,504.0780488593428,132.00154832882217
forecast_4177,2025-06-24 01:00:00,765.5855297712219,632.403230650007,230.55475848557123
forecast_4178,2025-06-24 02:00:00,639.8837423444014,548.5918157284251,124.50095708043305
forecast_4179,2025-06-24 03:00:00,672.9711466078011,710.4074590333263,102.14003679880673
forecast_4180,2025-06-24 04:00:00,572.7727511446022,593.5471283973777,95.37879170598704
forecast_4181,2025-06-24 05:00:00,1134.2807300857464,1120.4470959396183,243.50762010984627
forecast_4182,2025-06-24 06:00:00,1204.6140056697584,1277.0210354831408,259.5448112261108
forecast_4183,2025-06-24 07:00:00,1410.5941037554326,1522.0073598365673,305.5008500660793
forecast_4184,2025-06-24 08:00:00,1888.4203340701604,1870.019022873414,621.8563792269126
forecast_4185,2025-06-24 09:00:00,2097.855328221548,2129.629436773665,817.0963293001663
forecast_4186,2025-06-24 10:00:00,2674.247841806949,2674.6664220868793,928.5555697300771
forecast_4187,2025-06-24 11:00:00,1900.125164574613,2041.5578439746087,934.888136100933
forecast_4188,2025-06-24 12:00:00,1904.6839152244424,2088.207711624872,947.8150762873768
forecast_4189,2025-06-24 13:00:00,1993.4574025857542,2073.1778671346474,1033.7123378927101
forecast_4190,2025-06-24 14:00:00,2173.59343537758,2332.010984337483,1195.5022001641
forecast_4191,2025-06-24 15:00:00,2362.96017465048,2709.203859304605,1233.1124164930227
forecast_4192,2025-06-24 16:00:00,3069.9853013984584,3035.168566724189,1155.0563995652458
forecast_4193,2025-06-24 17:00:00,3117.1869019083492,3167.273568821794,1162.5127925816325
forecast_4194,2025-06-24 18:00:00,3342.2191235869595,3133.1546737054587,1095.6904572478777
forecast_4195,2025-06-24 19:00:00,3984.152587613509,3872.512958639083,1204.5572753820072
forecast_4196,2025-06-24 20:00:00,5333.726161837148,5385.529074022526,1831.3356538944017
forecast_4197,2025-06-24 21:00:00,5982.87699299625,6555.763900429722,2425.219358542071
forecast_4198,2025-06-24 22:00:00,6458.354875736453,7312.796468626969,2770.9727987299234
forecast_4199,2025-06-24 23:00:00,7233.404377481849,7821.562331581834,2844.336686883824
forecast_4200,2025-06-25 00:00:00,7239.563293805243,7804.168839963787,2804.049491652584
forecast_4201,2025-06-25 01:00:00,5212.136313451934,5586.8384983837195,1884.1871924548332
forecast_4202,2025-06-25 02:00:00,4827.278321574078,4715.816262163901,1537.2775221185946
forecast_4203,2025-06-25 03:00:00,4497.772806764551,4272.855165186524,1289.0261449193051
forecast_4204,2025-06-25 04:00:00,4079.5402032143106,3477.1944378014996,1169.4560177831586
forecast_4205,2025-06-25 05:00:00,3959.4194167752844,3601.754085343042,1100.7317089216624
forecast_4206,2025-06-25 06:00:00,3946.372619558126,3385.8149958314116,1211.6795428887024
forecast_4207,2025-06-25 07:00:00,3333.724914291365,2866.9276969798657,1028.9109833589062
forecast_4208,2025-06-25 08:00:00,2584.723623592384,2412.295905741408,903.7598213787215
forecast_4209,2025-06-25 09:00:00,2579.201071186877,2421.4667798255664,922.4946594914178
forecast_4210,2025-06-25 10:00:00,2034.2728784553585,2133.475367619337,806.1210197541186
forecast_4211,2025-06-25 11:00:00,2088.9576962349124,2161.4758407129557,801.2739351406844
forecast_4212,2025-06-25 12:00:00,1964.649852167689,1775.969819151309,721.0831184038617
forecast_4213,2025-06-25 13:00:00,2179.7243984108068,1959.1846832086053,712.6839239288249
forecast_4214,2025-06-25 14:00:00,1944.8125917748891,1822.6210358928788,624.297807497354
forecast_4215,2025-06-25 15:00:00,1350.1961181198033,1570.781110305641,595.8900701704194
forecast_4216,2025-06-25 16:00:00,1400.101292301561,1242.1721196764831,386.30872540719474
forecast_4217,2025-06-25 17:00:00,1708.423445022705,1542.1437141260349,674.2799202000435
forecast_4218,2025-06-25 18:00:00,2232.9139060999782,2281.443655700338,909.5640089521523
forecast_4219,2025-06-25 19:00:00,2890.03320817495,3310.20561016645,1356.8627503221637
forecast_4220,2025-06-25 20:00:00,2844.7489739040698,3209.2420540987023,1027.4701053878105
forecast_4221,2025-06-25 21:00:00,3221.309752406581,3225.553540454243,913.3855979230063
forecast_4222,2025-06-25 22:00:00,4327.317364034603,4922.270049358659,1720.9684564439374
forecast_4223,2025-06-25 23:00:00,5537.318034749206,6568.225503896856,3669.1499146851233
forecast_4224,2025-06-26 00:00:00,6346.160792275239,6934.427405157937,4368.142156460515
forecast_4225,2025-06-26 01:00:00,9668.122386069606,10526.141318076227,7549.204356029687
forecast_4226,2025-06-26 02:00:00,12894.976522315501,12373.633489915279,9737.662322802578
forecast_4227,2025-06-26 03:00:00,13388.158625442724,13371.200458003163,10436.94871336943
forecast_4228,2025-06-26 04:00:00,12077.465553686994,12017.559786163736,9709.595169231377
forecast_4229,2025-06-26 05:00:00,11684.391765444692,11551.413927395586,9440.716093499575
forecast_4230,2025-06-26 06:00:00,10789.083234097203,10796.505940555067,8099.837940838035
forecast_4231,2025-06-26 07:00:00,9492.431842133688,9855.502252937304,7601.426754134985
forecast_4232,2025-06-26 08:00:00,9638.1158974865,10178.094001115898,7950.5300919090705
forecast_4233,2025-06-26 09:00:00,8565.802156203254,9431.978106818307,7083.8696937946925
forecast_4234,2025-06-26 10:00:00,7108.331316730111,7303.653891695354,4479.880822729753
forecast_4235,2025-06-26 11:00:00,5751.660151076777,5213.262627515922,3594.9781604256336
forecast_4236,2025-06-26 12:00:00,5877.16512880079,5539.404867490088,3490.82323343471
forecast_4237,2025-06-26 13:00:00,5408.07437704223,5158.542554854519,3116.7310233836856
forecast_4238,2025-06-26 14:00:00,4722.245847536798,4364.617994683425,2886.8312460820393
forecast_4239,2025-06-26 15:00:00,5166.579320545349,4870.2458768782335,3231.485410044643
forecast_4240,2025-06-26 16:00:00,5679.186414065283,5050.218545432655,3350.57950485991
forecast_4241,2025-06-26 17:00:00,7153.08930706603,6855.550344891993,4613.873893670929
forecast_4242,2025-06-26 18:00:00,6583.620831535464,6345.273315569665,4265.374634725616
forecast_4243,2025-06-26 19:00:00,5684.067562127953,5851.227081619629,3784.974724911226
forecast_4244,2025-06-26 20:00:00,6142.857313719464,5944.6188085932035,4542.069171657037
forecast_4245,2025-06-26 21:00:00,6366.109084552332,5759.95416470912,4024.7872342473847
forecast_4246,2025-06-26 22:00:00,4786.481027182162,4838.949970562745,3805.989616828259
forecast_4247,2025-06-26 23:00:00,4529.1342821963,4386.924323873776,3255.0449396854046
forecast_4248,2025-06-27 00:00:00,4689.212822867521,4450.886672044388,3345.9762036189163
forecast_4249,2025-06-27 01:00:00,4454.518441362564,4400.473348457559,2623.969109002374
forecast_4250,2025-06-27 02:00:00,4648.657925288803,4117.994384041006,3104.933139149214
forecast_4251,2025-06-27 03:00:00,5338.710787297784,4265.336625675566,3775.7751051208115
forecast_4252,2025-06-27 04:00:00,6838.582475226398,5188.466745219794,4378.950358779479
forecast_4253,2025-06-27 05:00:00,4441.2019536248645,3804.471199441516,3156.5485962365356
forecast_4254,2025-06-27 06:00:00,3549.5458106544097,3202.9639403600972,2657.699504139643
forecast_4255,2025-06-27 07:00:00,3087.6570326108276,2242.472979969968,1939.6138974486707
forecast_4256,2025-06-27 08:00:00,2919.6551051609886,1939.2769214613666,1382.246402213471
forecast_4257,2025-06-27 09:00:00,939.3650709128658,991.2702906605638,621.3422526213485
forecast_4258,2025-06-27 10:00:00,478.9971219953342,440.8523190442523,270.3996419953449
forecast_4259,2025-06-27 11:00:00,391.71282975036223,361.79624167025213,220.2005867826003
forecast_4260,2025-06-27 12:00:00,480.56490382491046,413.9229850108569,311.1902958598829
forecast_4261,2025-06-27 13:00:00,996.1433520957245,834.1815463402972,672.2237585114772
forecast_4262,2025-06-27 14:00:00,1721.3416852232883,1367.194719964144,788.286916823086
forecast_4263,2025-06-27 15:00:00,1282.662427424341,816.9704028428367,389.8018883461174
forecast_4264,2025-06-27 16:00:00,1144.3788309497877,770.1355856239356,405.02228789839995
forecast_4265,2025-06-27 17:00:00,768.4561432155015,619.5820576154633,301.9995832236491
forecast_4266,2025-06-27 18:00:00,663.4042963745599,452.60692360825345,204.32467428943335
forecast_4267,2025-06-27 19:00:00,790.3619155600337,607.8970648582147,272.149041441539
forecast_4268,2025-06-27 20:00:00,1452.85363354778,1332.0002309880515,655.6570059202263
forecast_4269,2025-06-27 21:00:00,1985.0717746941223,2356.6268247421594,1239.814533899905
forecast_4270,2025-06-27 22:00:00,3793.0747395812296,3703.9279948884277,2154.6492460096715
forecast_4271,2025-06-27 23:00:00,5810.427096163975,5436.403845956453,2828.4455969062087
forecast_4272,2025-06-28 00:00:00,5250.546561199223,5436.324647755103,3139.7710035114333
forecast_4273,2025-06-28 01:00:00,7823.772250802086,6809.195305953814,4849.849031162026
forecast_4274,2025-06-28 02:00:00,8110.777360225829,8234.730219663146,5462.047414385965
forecast_4275,2025-06-28 03:00:00,8939.032273509109,8981.242564747088,5649.959915568748
forecast_4276,2025-06-28 04:00:00,9285.488273041208,8942.809068166913,5659.085940319666
forecast_4277,2025-06-28 05:00:00,9863.355451365598,9313.477945615585,5264.133918446686
forecast_4278,2025-06-28 06:00:00,8615.052965641136,8938.90588502323,5296.896082087693
forecast_4279,2025-06-28 07:00:00,9155.286013612766,8908.708764906563,6066.554250325445
forecast_4280,2025-06-28 08:00:00,6568.065281809071,7097.598722758375,3519.6349293573107
forecast_4281,2025-06-28 09:00:00,3910.133872666494,4928.968987568042,1909.493985813727
forecast_4282,2025-06-28 10:00:00,2990.216938962115,3751.392420303605,1183.465501535759
forecast_4283,2025-06-28 11:00:00,2026.6907605443007,2326.0262768905377,1028.6125946896539
forecast_4284,2025-06-28 12:00:00,655.7889596163673,575.5050160318046,312.1426810970194
forecast_4285,2025-06-28 13:00:00,631.7275774709984,609.9378878328349,451.0956316275551
forecast_4286,2025-06-28 14:00:00,1638.7564768436184,1611.4353223897847,737.1508389191179
forecast_4287,2025-06-28 15:00:00,1631.054907476983,1725.320701270682,927.1462651220074
forecast_4288,2025-06-28 16:00:00,2121.4371868760686,2142.8966045840784,1242.477316550557
forecast_4289,2025-06-28 17:00:00,2302.451080824659,2696.0651550511943,1654.6757779518764
forecast_4290,2025-06-28 18:00:00,3080.1543104077846,3601.343760541434,2214.838137084676
forecast_4291,2025-06-28 19:00:00,4931.489836441983,5883.841754553883,3994.5733380965976
forecast_4292,2025-06-28 20:00:00,5565.418583091877,6444.741617380151,4085.0276327865176
forecast_4293,2025-06-28 21:00:00,6892.85934077664,8445.71076826612,5244.951256326948
forecast_4294,2025-06-28 22:00:00,8048.198561154595,9533.256235668743,6059.981038673033
forecast_4295,2025-06-28 23:00:00,8610.112402009492,9832.60564404746,5724.678364530883
forecast_4296,2025-06-29 00:00:00,8172.2939100106605,9500.795316007114,5791.064755179559
forecast_4297,2025-06-29 01:00:00,10860.954435715197,11441.228015451952,6677.869498993461
forecast_4298,2025-06-29 02:00:00,11587.395844023009,12136.252796299525,7040.003126263934
forecast_4299,2025-06-29 03:00:00,12603.614600375164,12530.196997486184,8503.332217231597
forecast_4300,2025-06-29 04:00:00,13927.268893706674,13759.80742712209,9981.793942817018
forecast_4301,2025-06-29 05:00:00,13811.397347972234,13593.79982832001,10532.54183713629
forecast_4302,2025-06-29 06:00:00,14007.027744728397,13028.210444005652,9275.333347186417
forecast_4303,2025-06-29 07:00:00,12604.60264284019,12008.724402529302,8181.258299827438
forecast_4304,2025-06-29 08:00:00,11486.087653067374,10940.315568559714,6761.749105927947
forecast_4305,2025-06-29 09:00:00,9383.565102548859,10331.588449568904,6351.5575264224135
forecast_4306,2025-06-29 10:00:00,5945.612233816316,5890.838847361456,3989.5797104582743
forecast_4307,2025-06-29 11:00:00,3805.7767386237047,3748.5496873716406,2757.4610627732395
forecast_4308,2025-06-29 12:00:00,3166.789884708214,2958.3900371547934,2814.6790099671557
forecast_4309,2025-06-29 13:00:00,3132.281999835344,3041.9859284421486,2662.1220955023305
forecast_4310,2025-06-29 14:00:00,3352.34206634463,3045.6309871351637,2671.093381891934
forecast_4311,2025-06-29 15:00:00,3725.2532923733384,3211.078122758618,2544.956442564345
forecast_4312,2025-06-29 16:00:00,4158.935725378954,3750.1336458908736,3405.9319105077616
forecast_4313,2025-06-29 17:00:00,4465.54706839393,4160.54014628991,3528.684831542512
forecast_4314,2025-06-29 18:00:00,4399.642826249611,3900.9407220574053,3112.5510100699844
forecast_4315,2025-06-29 19:00:00,5560.26349077288,5234.669345861973,3356.416999091284
forecast_4316,2025-06-29 20:00:00,7147.139751673559,6955.526314336156,4449.4494467428385
forecast_4317,2025-06-29 21:00:00,8681.531431324283,8630.311939167024,5647.194465817449
forecast_4318,2025-06-29 22:00:00,11133.934362015712,11677.69895640437,7686.96864757582
forecast_4319,2025-06-29 23:00:00,11556.393107191901,12243.257928817337,8793.80824138461
forecast_4320,2025-06-30 00:00:00,12396.842760741603,12295.840924310167,9775.187625230687
forecast_4321,2025-06-30 01:00:00,11548.774924300578,11773.496005589719,7499.994036683506
forecast_4322,2025-06-30 02:00:00,11438.367328131966,11405.764989957674,7737.536867924014
forecast_4323,2025-06-30 03:00:00,11151.401945201871,10551.605282066012,7204.858551156257
forecast_4324,2025-06-30 04:00:00,11209.215652791998,11138.254960494854,7494.623118957392
forecast_4325,2025-06-30 05:00:00,11586.016586373584,11626.228136559004,7271.913552619651
forecast_4326,2025-06-30 06:00:00,11802.933971532606,11724.703305287621,7678.323383031837
forecast_4327,2025-06-30 07:00:00,10165.983094624133,9871.865783620857,6698.929713615363
forecast_4328,2025-06-30 08:00:00,7229.712628395095,8127.99855679613,5479.4892638095125
forecast_4329,2025-06-30 09:00:00,6232.825553280666,7415.12572915789,4593.0928855896955
forecast_4330,2025-06-30 10:00:00,4103.212141332915,4232.829521918744,3149.9670867279356
forecast_4331,2025-06-30 11:00:00,2271.368940214338,2606.262382673888,2089.428353733145
forecast_4332,2025-06-30 12:00:00,2510.4347194552975,2727.2352129044634,2648.6811769335895
forecast_4333,2025-06-30 13:00:00,3477.9972370724236,3422.233396777923,2791.32178079904
forecast_4334,2025-06-30 14:00:00,4948.890096613983,5636.847279069823,3908.299415890566
forecast_4335,2025-06-30 15:00:00,6043.090114099661,6251.674537868335,4411.4785847944095
forecast_4336,2025-06-30 16:00:00,7825.210849336971,7597.551336203643,6027.65979616957
forecast_4337,2025-06-30 17:00:00,7642.026136050519,7427.582782153701,6188.250129512245
forecast_4338,2025-06-30 18:00:00,8925.110870081375,8648.448320084559,5950.550440416568
forecast_4339,2025-06-30 19:00:00,9523.591154038286,9440.162829497047,6421.651668375425
forecast_4340,2025-06-30 20:00:00,10550.265749315771,10878.804661396367,7360.016681987288
forecast_4341,2025-06-30 21:00:00,10642.175036105646,11169.498561097036,7361.537188305755
forecast_4342,2025-06-30 22:00:00,11936.346710190433,12051.140024495395,8579.483037056623
forecast_4343,2025-06-30 23:00:00,12950.466176758688,13107.501919465964,9452.196164301993
forecast_4344,2025-07-01 00:00:00,12531.594807625943,12307.936963077957,8830.231747010386
forecast_4345,2025-07-01 01:00:00,11360.936202176657,12298.122355757647,7602.32456257896
forecast_4346,2025-07-01 02:00:00,12675.555918031654,12214.59671656484,8330.384160757834
forecast_4347,2025-07-01 03:00:00,12876.170727095985,12597.441103780371,8630.098892935584
forecast_4348,2025-07-01 04:00:00,12342.837758012805,12281.580795972086,9323.873840705728
forecast_4349,2025-07-01 05:00:00,13596.85507302738,13008.397815177834,9601.11745867331
forecast_4350,2025-07-01 06:00:00,13502.462304150722,12181.672157145416,8683.255347279948
forecast_4351,2025-07-01 07:00:00,11839.986028970236,11580.143931307588,7873.4109486001635
forecast_4352,2025-07-01 08:00:00,9802.890013437107,11066.024859634785,7144.812044996548
forecast_4353,2025-07-01 09:00:00,9487.236061120992,10814.397856579784,6308.180917235873
forecast_4354,2025-07-01 10:00:00,7387.571408556263,8143.0253331646645,5237.920313875411
forecast_4355,2025-07-01 11:00:00,7015.9717443077725,6592.520586286943,5508.0522559174615
forecast_4356,2025-07-01 12:00:00,6410.317994300835,5541.219697379749,5215.909919925326
forecast_4357,2025-07-01 13:00:00,5465.4245650838975,5037.813302257982,4514.514238900925
forecast_4358,2025-07-01 14:00:00,4915.42757384615,4920.473277986737,3737.5195668904107
forecast_4359,2025-07-01 15:00:00,5252.306932396016,5025.720040931199,4124.501489110797
forecast_4360,2025-07-01 16:00:00,5577.709269613894,5798.626336304173,4613.974783590041
forecast_4361,2025-07-01 17:00:00,5833.653164552776,5996.807987319408,4628.041814354135
forecast_4362,2025-07-01 18:00:00,6179.113914766958,6270.087484854023,5243.434583610227
forecast_4363,2025-07-01 19:00:00,7266.028428523705,7836.780145702172,6243.604164250463
forecast_4364,2025-07-01 20:00:00,8233.17185893092,8997.875413153777,6800.007782867844
forecast_4365,2025-07-01 21:00:00,10088.941664159223,10117.20605056079,8109.677701426516
forecast_4366,2025-07-01 22:00:00,11226.663366053102,11573.48460662092,8849.088241441697
forecast_4367,2025-07-01 23:00:00,12841.2413643079,13189.085292289197,9133.472492147694
forecast_4368,2025-07-02 00:00:00,14447.920257083388,13973.864806370872,12125.328653213239
forecast_4369,2025-07-02 01:00:00,13019.348433637746,12977.5245870436,10102.138977873065
forecast_4370,2025-07-02 02:00:00,14886.72429497647,14572.948806744029,11498.030450323715
forecast_4371,2025-07-02 03:00:00,15439.026201677645,14987.906315172182,12000.029614654924
forecast_4372,2025-07-02 04:00:00,14842.126373824607,14559.847670435389,11097.648621130358
forecast_4373,2025-07-02 05:00:00,14593.95175873691,14066.86231406572,10165.24842276433
forecast_4374,2025-07-02 06:00:00,14126.124874771998,13923.16386720744,9490.57259832516
forecast_4375,2025-07-02 07:00:00,14013.18256440232,14065.670235193506,9688.725713604017
forecast_4376,2025-07-02 08:00:00,13382.863997224067,13901.78144726995,10114.444584145707
forecast_4377,2025-07-02 09:00:00,11920.654586618944,11462.478264041069,8528.169264934188
forecast_4378,2025-07-02 10:00:00,8656.872005444542,9418.556551021251,5929.2880268220315
forecast_4379,2025-07-02 11:00:00,6648.331849224993,6991.571999999874,4869.0753721723595
forecast_4380,2025-07-02 12:00:00,7242.438946501862,6842.723276005687,5203.051427752906
forecast_4381,2025-07-02 13:00:00,6349.774582217367,7028.73998056212,5059.401800777227
forecast_4382,2025-07-02 14:00:00,6168.2555397013775,6381.3195770018565,4623.979322885742
forecast_4383,2025-07-02 15:00:00,5549.334502222473,6111.091867966086,4542.741168189726
forecast_4384,2025-07-02 16:00:00,5414.6010781801,4829.087340140937,4008.3372038950215
forecast_4385,2025-07-02 17:00:00,5125.759630809558,4450.412102386357,3737.882225693018
forecast_4386,2025-07-02 18:00:00,4129.087419012959,3793.2447714551186,3240.9059932114847
forecast_4387,2025-07-02 19:00:00,4735.113696791653,4541.912310570063,2993.242497852682
forecast_4388,2025-07-02 20:00:00,6473.969798122772,5990.559776563704,4384.802809052389
forecast_4389,2025-07-02 21:00:00,7575.212017703904,6868.807276129147,5011.31802593282
forecast_4390,2025-07-02 22:00:00,8505.743856295194,8633.889402813465,5705.529543277113
forecast_4391,2025-07-02 23:00:00,10001.077002475784,10673.858740557775,7282.587810201311
forecast_4392,2025-07-03 00:00:00,11165.251211260882,11650.968564119716,7719.440121773005
forecast_4393,2025-07-03 01:00:00,12567.164157685742,12538.645975092071,8192.900869615201
forecast_4394,2025-07-03 02:00:00,12834.390150177498,13178.500325700827,9245.216092498058
forecast_4395,2025-07-03 03:00:00,14718.20527147276,14773.033231781903,10264.930228152662
forecast_4396,2025-07-03 04:00:00,15145.850858316791,14799.655805478626,11055.584622296185
forecast_4397,2025-07-03 05:00:00,14966.902610944411,14448.868447509096,10771.643770411723
forecast_4398,2025-07-03 06:00:00,15016.146419009161,14587.02774738588,9378.951290780362
forecast_4399,2025-07-03 07:00:00,14454.618460442876,13711.402015804228,9264.892093123726
forecast_4400,2025-07-03 08:00:00,13339.171676417493,13120.371916898726,9333.599964666764
forecast_4401,2025-07-03 09:00:00,11916.459736866984,12086.456415828385,8686.691990047333
forecast_4402,2025-07-03 10:00:00,10425.652073900234,11395.410326773397,9048.788356093402
forecast_4403,2025-07-03 11:00:00,7161.143019919226,7589.610404478131,6359.646896267728
forecast_4404,2025-07-03 12:00:00,6691.388151061883,6707.810523215804,5507.757189444929
forecast_4405,2025-07-03 13:00:00,6756.853557220713,6770.448039201809,5526.657060937239
forecast_4406,2025-07-03 14:00:00,6981.681607802778,6749.709195077834,6081.251762535236
forecast_4407,2025-07-03 15:00:00,7026.56912316799,7010.971129627435,7555.837470711031
forecast_4408,2025-07-03 16:00:00,7364.317091150563,7147.003069904632,7651.226172898452
forecast_4409,2025-07-03 17:00:00,7454.48750769314,7424.702375139569,7034.192848798499
forecast_4410,2025-07-03 18:00:00,8035.890971118372,7780.154116415498,6748.820120155999
forecast_4411,2025-07-03 19:00:00,9725.38593577119,9574.596473801426,8540.860592509956
forecast_4412,2025-07-03 20:00:00,11161.81124565026,11613.846143196653,10533.89426399734
forecast_4413,2025-07-03 21:00:00,12394.183742628464,12608.298766247415,10855.659576508917
forecast_4414,2025-07-03 22:00:00,15098.324450134434,15024.06639259783,12240.172421144662
forecast_4415,2025-07-03 23:00:00,15733.280625693385,15504.63560968993,12306.115258658381
forecast_4416,2025-07-04 00:00:00,15817.663223167949,15919.117815841095,13072.257532758824
forecast_4417,2025-07-04 01:00:00,15479.350184126273,15744.35252610996,12465.018421530083
forecast_4418,2025-07-04 02:00:00,15657.469726881505,16384.02865856949,13928.013397830331
forecast_4419,2025-07-04 03:00:00,15794.040381605782,16769.71243044155,14953.831668060133
forecast_4420,2025-07-04 04:00:00,15555.273293602659,16749.475732930416,14601.409038559888
forecast_4421,2025-07-04 05:00:00,15101.698296265271,16312.471996759048,14367.743574315338
forecast_4422,2025-07-04 06:00:00,15219.939990692244,16197.355350761156,13442.68454195236
forecast_4423,2025-07-04 07:00:00,15065.257660017687,15984.356902531827,14239.826726435142
forecast_4424,2025-07-04 08:00:00,15084.081407161111,15637.231776737239,13807.743910078254
forecast_4425,2025-07-04 09:00:00,16630.250047646106,16071.144865412187,13954.912677445009
forecast_4426,2025-07-04 10:00:00,15512.392633305437,15875.151544082984,13215.027257734331
forecast_4427,2025-07-04 11:00:00,15081.402969177872,16056.120535137024,13163.078988162611
forecast_4428,2025-07-04 12:00:00,15514.135455378635,16107.319461791447,13507.023656928852
forecast_4429,2025-07-04 13:00:00,14691.38032041289,15602.694533998574,13180.831629909177
forecast_4430,2025-07-04 14:00:00,13900.947544999832,14987.063219764617,12553.709089763735
forecast_4431,2025-07-04 15:00:00,13899.635412278607,14982.866452263637,12737.529979749652
forecast_4432,2025-07-04 16:00:00,14210.506329181806,15027.928945301994,13187.834078700029
forecast_4433,2025-07-04 17:00:00,13964.790955781387,15573.477767078111,14088.264981695296
forecast_4434,2025-07-04 18:00:00,13978.427466525316,15275.639995889422,14101.027542576969
forecast_4435,2025-07-04 19:00:00,14112.126983978525,15445.253961762863,14151.285808462077
forecast_4436,2025-07-04 20:00:00,14924.123649515268,15766.1502984311,14667.795421816902
forecast_4437,2025-07-04 21:00:00,16042.081491893736,15797.23589372759,14790.119705425739
forecast_4438,2025-07-04 22:00:00,16359.303414480632,15760.477179143945,14142.231797424307
forecast_4439,2025-07-04 23:00:00,16052.007866020564,16216.508034577835,14105.852627651675
forecast_4440,2025-07-05 00:00:00,15981.512249498703,16366.939321010414,14142.047488307266
forecast_4441,2025-07-05 01:00:00,15145.01245687931,16044.989862005003,13718.879986563858
forecast_4442,2025-07-05 02:00:00,15030.813403421374,16076.165998508604,13790.743108753155
forecast_4443,2025-07-05 03:00:00,15167.46797195032,15498.847640255519,13309.874118190332
forecast_4444,2025-07-05 04:00:00,14811.591841771004,14946.901605450303,12668.48252747837
forecast_4445,2025-07-05 05:00:00,15269.17206413216,15405.586283945291,13076.318210819616
forecast_4446,2025-07-05 06:00:00,14425.779081326236,14996.696178176862,11716.308065226318
forecast_4447,2025-07-05 07:00:00,13594.074754331321,13942.179482745007,11196.293508373903
forecast_4448,2025-07-05 08:00:00,12702.72571705914,13721.691399432553,10599.646277745484
forecast_4449,2025-07-05 09:00:00,11524.336526728484,12661.339300028905,9827.509917275975
forecast_4450,2025-07-05 10:00:00,11036.996943498798,11478.602668867909,9036.512187469567
forecast_4451,2025-07-05 11:00:00,10027.788365863966,10187.129449784523,9014.23497239613
forecast_4452,2025-07-05 12:00:00,8850.062733324556,8795.05714502101,8200.707643433601
forecast_4453,2025-07-05 13:00:00,10420.897487886128,10002.042436582766,9433.627286507268
forecast_4454,2025-07-05 14:00:00,10861.191047016728,9986.802964485038,9335.835961497514
forecast_4455,2025-07-05 15:00:00,10344.416422970298,9923.15173593818,8696.011697217475
forecast_4456,2025-07-05 16:00:00,9307.658490314032,8760.99375155736,8710.284535540031
forecast_4457,2025-07-05 17:00:00,10008.231937867613,9361.875488329906,8599.914769641568
forecast_4458,2025-07-05 18:00:00,11149.321487857205,10162.356249396778,9083.487559205656
forecast_4459,2025-07-05 19:00:00,11856.781241892357,11685.219470993476,10383.21931733469
forecast_4460,2025-07-05 20:00:00,13459.882737203561,13143.3007669609,11425.514433489448
forecast_4461,2025-07-05 21:00:00,14945.229845329523,14675.255697840643,12696.310132366789
forecast_4462,2025-07-05 22:00:00,16343.516223744165,15972.362361208445,13363.236629085355
forecast_4463,2025-07-05 23:00:00,16720.56771037608,16048.893644404074,14542.830494021731
forecast_4464,2025-07-06 00:00:00,16070.372266324906,15938.368890175308,13669.536641818846
forecast_4465,2025-07-06 01:00:00,16673.690856218993,16558.828318064472,13085.06421500615
forecast_4466,2025-07-06 02:00:00,16511.46143396384,16591.591772696767,13278.761113948027
forecast_4467,2025-07-06 03:00:00,16771.763807290525,16529.89545233926,13813.783123658828
forecast_4468,2025-07-06 04:00:00,16848.792556206256,16568.17854958431,14291.94280206124
forecast_4469,2025-07-06 05:00:00,16561.340862229856,16286.668944319428,13704.947531268015
forecast_4470,2025-07-06 06:00:00,16267.576296250516,16189.086217097954,13644.87823975009
forecast_4471,2025-07-06 07:00:00,15288.325528969686,16121.962937828333,13261.433552694149
forecast_4472,2025-07-06 08:00:00,13757.893326604299,14594.24677476755,11841.79221898571
forecast_4473,2025-07-06 09:00:00,11741.804413871125,12828.395970780566,9899.77288517897
forecast_4474,2025-07-06 10:00:00,10134.024043031612,10946.077710411717,7589.797639872983
forecast_4475,2025-07-06 11:00:00,8260.769297448987,9190.04179235277,6413.796626415576
forecast_4476,2025-07-06 12:00:00,6825.456741319515,7491.231356133371,5508.287776980122
forecast_4477,2025-07-06 13:00:00,6124.1441041379085,6153.623415781898,4800.401187531704
forecast_4478,2025-07-06 14:00:00,4745.715252252418,4562.175556937894,3814.0522664694154
forecast_4479,2025-07-06 15:00:00,4533.465138130975,3596.8393771606266,3076.1727331550487
forecast_4480,2025-07-06 16:00:00,3722.7039149839716,3056.3654272035646,2716.722070305331
forecast_4481,2025-07-06 17:00:00,4136.115396337789,3830.0774186840667,3174.681881570259
forecast_4482,2025-07-06 18:00:00,5700.780497833756,4723.904098293668,3599.570848850744
forecast_4483,2025-07-06 19:00:00,6897.278385597425,6089.107725140151,5072.009725959229
forecast_4484,2025-07-06 20:00:00,8932.41137250673,8289.64345920896,6624.174117922585
forecast_4485,2025-07-06 21:00:00,8855.039214711705,8623.284825525949,6381.218125341165
forecast_4486,2025-07-06 22:00:00,9924.932919639039,9483.39217452438,6231.51193938886
forecast_4487,2025-07-06 23:00:00,9233.806871575736,8937.476672804265,6093.878522266248
forecast_4488,2025-07-07 00:00:00,9849.242335627885,9274.478105392289,6425.355360771322
forecast_4489,2025-07-07 01:00:00,8509.098067190605,7550.4270934747765,5153.666790043484
forecast_4490,2025-07-07 02:00:00,8521.956502825276,7615.740987100168,5183.91611351413
forecast_4491,2025-07-07 03:00:00,8465.238571114038,7850.460104853485,4954.4256356683145
forecast_4492,2025-07-07 04:00:00,7278.26149949943,6815.4287818093935,4206.3907449960025
forecast_4493,2025-07-07 05:00:00,4904.612451778998,3602.0642504672314,2122.7621781375283
forecast_4494,2025-07-07 06:00:00,2402.1117786630625,2127.945967977348,1222.5339124115126
forecast_4495,2025-07-07 07:00:00,1484.5140186905778,1430.8181637905834,734.5405060787307
forecast_4496,2025-07-07 08:00:00,1016.2149096779563,669.8247345629936,384.3214757064492
forecast_4497,2025-07-07 09:00:00,315.3374796861935,266.26138718105835,105.58174131510211
forecast_4498,2025-07-07 10:00:00,126.18054685736224,162.7437292427525,105.82857427695168
forecast_4499,2025-07-07 11:00:00,123.03129039108053,169.3333127346075,102.64016362956022
forecast_4500,2025-07-07 12:00:00,187.6015402277768,241.0805535062032,148.15599803716464
forecast_4501,2025-07-07 13:00:00,262.6674112004601,335.8690318342859,253.65816905239888
forecast_4502,2025-07-07 14:00:00,336.04175286532995,428.81055998239594,247.78895558250917
forecast_4503,2025-07-07 15:00:00,295.07596710962787,376.8718059841309,222.02885785579522
forecast_4504,2025-07-07 16:00:00,389.66658632161943,391.4239374887569,285.800890970549
forecast_4505,2025-07-07 17:00:00,325.75033621400434,422.10257024513675,257.07558371341867
forecast_4506,2025-07-07 18:00:00,403.0971407533084,397.1461266203167,213.81392210985152
forecast_4507,2025-07-07 19:00:00,375.15292607559877,461.210900486208,147.65527807871823
forecast_4508,2025-07-07 20:00:00,541.4767412153634,519.4145694391387,137.79449311789872
forecast_4509,2025-07-07 21:00:00,676.2487829620061,778.0984798064515,193.54517157137104
forecast_4510,2025-07-07 22:00:00,834.9240545888472,882.6546882914881,243.06813942047668
forecast_4511,2025-07-07 23:00:00,737.8204087145265,844.5655280113474,234.3209247424408
forecast_4512,2025-07-08 00:00:00,680.0415046099928,641.7796054497996,115.96784539410667
forecast_4513,2025-07-08 01:00:00,666.3207634148639,510.210043720388,159.69955479563293
forecast_4514,2025-07-08 02:00:00,433.4765317613627,346.97659114299813,138.3581038145219
forecast_4515,2025-07-08 03:00:00,461.91080915535247,375.9211083618329,135.90015218584503
forecast_4516,2025-07-08 04:00:00,366.28720231449495,347.98651316841165,135.91016236910616
forecast_4517,2025-07-08 05:00:00,422.88134863797467,375.9781696923053,135.98772611052766
forecast_4518,2025-07-08 06:00:00,426.4345361014149,334.7177887229304,116.33967524153321
forecast_4519,2025-07-08 07:00:00,430.6309821729205,325.6518045943564,147.92957122294553
forecast_4520,2025-07-08 08:00:00,295.86155787860775,270.44804751492313,124.81233926861891
forecast_4521,2025-07-08 09:00:00,214.0549053130177,216.82696367592771,97.47745720355108
forecast_4522,2025-07-08 10:00:00,181.32961734084137,211.84470470186386,108.14603159917499
forecast_4523,2025-07-08 11:00:00,218.00465873464523,284.2103513378921,125.0794122906571
forecast_4524,2025-07-08 12:00:00,236.99329299699008,300.4414636451272,184.59097069005944
forecast_4525,2025-07-08 13:00:00,436.53301958349454,536.749965748518,325.54163178003824
forecast_4526,2025-07-08 14:00:00,441.2964989080097,534.3347221141328,301.49826971265617
forecast_4527,2025-07-08 15:00:00,483.2231247608635,627.1754206460469,359.274714931333
forecast_4528,2025-07-08 16:00:00,450.90720034765934,630.8983631136864,282.3979333254702
forecast_4529,2025-07-08 17:00:00,319.0929720900487,413.97348696030576,206.88519634193344
forecast_4530,2025-07-08 18:00:00,355.51274220913143,414.7828736871121,195.80206965607582
forecast_4531,2025-07-08 19:00:00,416.281367222636,486.84462737549387,145.85775317265106
forecast_4532,2025-07-08 20:00:00,598.6497285040986,640.9160783366731,164.11633318581625
forecast_4533,2025-07-08 21:00:00,771.818210069701,834.7244255876534,209.70564641059892
forecast_4534,2025-07-08 22:00:00,1369.8022461922767,1318.4546299668523,314.31391916257775
forecast_4535,2025-07-08 23:00:00,1437.888432742743,1499.1969908983879,345.88026490165663
forecast_4536,2025-07-09 00:00:00,1492.560220938051,1521.8575950820184,377.61741609492645
forecast_4537,2025-07-09 01:00:00,912.320558996886,976.2699663666391,280.032761614231
forecast_4538,2025-07-09 02:00:00,967.5997588827158,1143.3498853086408,281.6763282993718
forecast_4539,2025-07-09 03:00:00,994.6096568177619,1063.2651522340386,247.51470308572848
forecast_4540,2025-07-09 04:00:00,1024.74646808578,1098.4036048869016,266.2605337101383
forecast_4541,2025-07-09 05:00:00,1409.5182767861124,1412.8827163009742,335.6663789724788
forecast_4542,2025-07-09 06:00:00,1481.124879892442,1698.9509639371406,403.3020009526206
forecast_4543,2025-07-09 07:00:00,1347.1581738533416,1660.1559382301973,418.43262753152754
forecast_4544,2025-07-09 08:00:00,1177.2518876580882,1323.5345186028194,421.6623693698107
forecast_4545,2025-07-09 09:00:00,1020.7627396153914,1165.889531885959,354.6200092775079
forecast_4546,2025-07-09 10:00:00,1087.4917126229004,1165.0285205853852,501.6076078344402
forecast_4547,2025-07-09 11:00:00,1036.8016666879375,1223.2014474993073,644.0533739222662
forecast_4548,2025-07-09 12:00:00,1037.5770800947203,1229.8158101149427,913.7742806824006
forecast_4549,2025-07-09 13:00:00,1126.2496450850729,1272.8638735359941,975.45541453692
forecast_4550,2025-07-09 14:00:00,1173.6549331751824,1368.632049686151,1053.232895731187
forecast_4551,2025-07-09 15:00:00,1079.9420786908606,1337.5051456776052,935.8781489099262
forecast_4552,2025-07-09 16:00:00,1099.8704786267144,1381.832806598399,745.5093315471923
forecast_4553,2025-07-09 17:00:00,1181.5827803159239,1357.399646956859,724.1963563429713
forecast_4554,2025-07-09 18:00:00,1303.0968240395532,1406.3611142383456,488.1480026990166
forecast_4555,2025-07-09 19:00:00,1228.8915014465867,1264.75595286042,472.4204592301457
forecast_4556,2025-07-09 20:00:00,1933.5171736232348,1934.4058060413497,614.8750418781495
forecast_4557,2025-07-09 21:00:00,2281.110978253147,2384.5389851083737,733.4529137303314
forecast_4558,2025-07-09 22:00:00,2445.591699402202,2927.625966182955,860.5912080924277
forecast_4559,2025-07-09 23:00:00,2638.3206227545847,2997.446534973176,936.3400232026158
forecast_4560,2025-07-10 00:00:00,2871.5895980123896,3204.483204729245,893.9742927402741
forecast_4561,2025-07-10 01:00:00,3078.3357009980073,3325.8629171492184,1016.3260991952676
forecast_4562,2025-07-10 02:00:00,2909.7795010478,3157.517818264824,1032.6555504155183
forecast_4563,2025-07-10 03:00:00,2853.9887679997005,3195.149998570326,1032.5786327323176
forecast_4564,2025-07-10 04:00:00,3007.0633892911164,3429.4860663889667,1210.6949301797079
forecast_4565,2025-07-10 05:00:00,3561.994482456344,4096.909553337011,1374.839598923903
forecast_4566,2025-07-10 06:00:00,4003.9671893199825,4014.4079960198023,1553.4635537700926
forecast_4567,2025-07-10 07:00:00,3733.2035129379688,4934.816153425718,1903.124918699852
forecast_4568,2025-07-10 08:00:00,4539.025604395065,5916.733545980669,2952.8920033824083
forecast_4569,2025-07-10 09:00:00,5619.9491122140425,7243.80482201767,4087.716645637805
forecast_4570,2025-07-10 10:00:00,4965.265708922203,6822.447749300147,4563.668816570281
forecast_4571,2025-07-10 11:00:00,4790.794232308704,6585.336248624161,4305.916739644144
forecast_4572,2025-07-10 12:00:00,4617.168843264558,5824.788501368915,4172.430824788764
forecast_4573,2025-07-10 13:00:00,4004.4531942315043,4801.035550183614,3414.568087634807
forecast_4574,2025-07-10 14:00:00,3367.2360752069435,4427.846097976752,3162.02625861878
forecast_4575,2025-07-10 15:00:00,3076.8779772840776,4291.47043933993,2974.8863318935314
forecast_4576,2025-07-10 16:00:00,3303.8134084730914,4277.232181622485,2749.7921777360493
forecast_4577,2025-07-10 17:00:00,3469.1644529465916,3837.704565542368,2158.8269982668708
forecast_4578,2025-07-10 18:00:00,4224.952123376087,5061.765749317471,2626.167486823249
forecast_4579,2025-07-10 19:00:00,4234.008836084843,5139.723509873303,2554.6190299672744
forecast_4580,2025-07-10 20:00:00,4843.915902206942,5794.0444461289135,2986.0296069359474
forecast_4581,2025-07-10 21:00:00,6433.411691044632,6841.509875970765,3879.4711042350814
forecast_4582,2025-07-10 22:00:00,7381.73219851074,7974.798307256105,4381.070989962461
forecast_4583,2025-07-10 23:00:00,7641.955593271933,8556.32658230573,4503.678652645156
forecast_4584,2025-07-11 00:00:00,7910.067731776469,8424.108613024835,4945.588742646031
forecast_4585,2025-07-11 01:00:00,6214.639582961998,7393.103748927021,3970.083853101004
forecast_4586,2025-07-11 02:00:00,6068.370944115985,7419.007372958434,3862.2746949827065
forecast_4587,2025-07-11 03:00:00,5899.03799878637,7448.825168836158,3915.2386717148515
forecast_4588,2025-07-11 04:00:00,5871.1873611631445,7295.489392791322,4205.997762415404
forecast_4589,2025-07-11 05:00:00,6647.528198712705,7920.721500747259,4566.4828779609725
forecast_4590,2025-07-11 06:00:00,6792.090921000898,8034.562649184041,4699.836871684958
forecast_4591,2025-07-11 07:00:00,7070.391365505051,8499.41405147857,5059.701933807849
forecast_4592,2025-07-11 08:00:00,6698.460533950687,9036.528942820634,5877.029225224179
forecast_4593,2025-07-11 09:00:00,7066.021780580601,9074.86268045912,6134.885168102484
forecast_4594,2025-07-11 10:00:00,5454.808242765328,6852.914732562525,4831.803737935966
forecast_4595,2025-07-11 11:00:00,5063.158745258868,6529.360400982068,4483.740709805213
forecast_4596,2025-07-11 12:00:00,5031.341321977268,6860.298507641331,4839.499815591467
forecast_4597,2025-07-11 13:00:00,4858.375327540585,6724.926680534748,4699.287488956449
forecast_4598,2025-07-11 14:00:00,4232.523151743881,5764.552391679063,4407.987072239961
forecast_4599,2025-07-11 15:00:00,3290.863721310296,4315.6756854507485,3633.456556331027
forecast_4600,2025-07-11 16:00:00,2800.3361945597903,3786.6936860411165,2301.332789607019
forecast_4601,2025-07-11 17:00:00,3294.759360306637,4139.991670071519,2388.7356184810546
forecast_4602,2025-07-11 18:00:00,4361.734698148845,5157.280762509033,2690.416454449215
forecast_4603,2025-07-11 19:00:00,4999.745161028201,5618.927304042291,2749.046608077021
forecast_4604,2025-07-11 20:00:00,5318.610742067609,5923.545595856761,2938.1036797364536
forecast_4605,2025-07-11 21:00:00,6568.716259868245,7175.803450695092,3072.497706705247
forecast_4606,2025-07-11 22:00:00,6457.181942491474,6301.474597172845,2563.587072413031
forecast_4607,2025-07-11 23:00:00,6920.339313381577,6893.801820441463,2505.7239280856456
forecast_4608,2025-07-12 00:00:00,6826.390839845048,6868.450651697822,2463.7625696317887
forecast_4609,2025-07-12 01:00:00,5746.578457448137,6053.732159248239,1832.0611313907946
forecast_4610,2025-07-12 02:00:00,4647.6335341283175,4933.488728508114,1711.9596398366953
forecast_4611,2025-07-12 03:00:00,4263.002448555815,4793.649648318989,1566.4956973582373
forecast_4612,2025-07-12 04:00:00,3957.97565293348,4584.207119815625,1486.2083629070207
forecast_4613,2025-07-12 05:00:00,3625.8653032830193,4060.8924724635935,1205.750795807933
forecast_4614,2025-07-12 06:00:00,3369.4680900859066,3172.9791654140336,1016.8782998712433
forecast_4615,2025-07-12 07:00:00,2971.8695090326332,2686.9868127980067,873.3383317499738
forecast_4616,2025-07-12 08:00:00,2627.028819813377,2350.5200598492156,729.9656239942508
forecast_4617,2025-07-12 09:00:00,1993.5341798928591,1715.8033157674463,637.4926973978917
forecast_4618,2025-07-12 10:00:00,1301.0552659820553,1154.2172446872169,560.9876812860282
forecast_4619,2025-07-12 11:00:00,825.9811800454099,875.2566684339805,405.60563098015837
forecast_4620,2025-07-12 12:00:00,544.6869846026118,597.1667326524113,316.8196374658484
forecast_4621,2025-07-12 13:00:00,493.9001144874645,523.8077425353513,276.5129422661587
forecast_4622,2025-07-12 14:00:00,398.6158027142737,500.1269805485946,222.53803573082212
forecast_4623,2025-07-12 15:00:00,409.41628974835083,445.06577129501244,226.1368280780896
forecast_4624,2025-07-12 16:00:00,244.7923630893293,334.24327636421526,196.75466618278915
forecast_4625,2025-07-12 17:00:00,198.9217058201234,231.46560395948688,118.42299462655446
forecast_4626,2025-07-12 18:00:00,205.48713152178718,260.65256834629776,107.15634536442235
forecast_4627,2025-07-12 19:00:00,294.26747153432785,304.35134457874716,161.07634073296273
forecast_4628,2025-07-12 20:00:00,557.4004815743118,445.51708307024046,297.3481400806513
forecast_4629,2025-07-12 21:00:00,804.234204143973,671.6442990078956,340.0859499906339
forecast_4630,2025-07-12 22:00:00,1073.8266623755292,1130.831272356071,341.08752341708094
forecast_4631,2025-07-12 23:00:00,1273.2027344991802,1390.186689199817,622.2387788832126
forecast_4632,2025-07-13 00:00:00,1891.546821832658,1876.312804585611,1390.7968938170868
forecast_4633,2025-07-13 01:00:00,2457.6808094064263,2227.7191391527526,1496.428805989935
forecast_4634,2025-07-13 02:00:00,2937.2637061645128,2644.9731197533038,1674.8939088508341
forecast_4635,2025-07-13 03:00:00,2710.007027001912,2130.798575562067,1650.8281514786768
forecast_4636,2025-07-13 04:00:00,1675.615283605604,1369.5192205324045,879.9625725448366
forecast_4637,2025-07-13 05:00:00,1409.404301305282,1043.3118596819613,619.8075669694497
forecast_4638,2025-07-13 06:00:00,1005.1447934644802,942.7859781090169,587.2703458480406
forecast_4639,2025-07-13 07:00:00,953.8452289674594,846.9328709401702,513.6138493248191
forecast_4640,2025-07-13 08:00:00,708.5386006042113,577.2616454144973,272.5746965379718
forecast_4641,2025-07-13 09:00:00,658.013672970289,535.3317904994333,335.5225173071569
forecast_4642,2025-07-13 10:00:00,416.4882857679357,337.33140987340875,249.24106709268037
forecast_4643,2025-07-13 11:00:00,473.53030174952823,345.0000255263159,299.1437358734105
forecast_4644,2025-07-13 12:00:00,478.1717688236322,351.5968008186137,251.30351086151896
forecast_4645,2025-07-13 13:00:00,569.2226481220883,556.8496074983601,435.44445456141426
forecast_4646,2025-07-13 14:00:00,898.786896583862,873.1723028124741,557.0074574645614
forecast_4647,2025-07-13 15:00:00,1106.9581265554773,848.707970730742,585.6997197565545
forecast_4648,2025-07-13 16:00:00,1058.0247742155475,847.0392634381355,623.6367139389321
forecast_4649,2025-07-13 17:00:00,1661.5660108282534,1355.0278611754322,971.5355545336605
forecast_4650,2025-07-13 18:00:00,3083.9502660950066,2293.865685658954,1653.6384243985483
forecast_4651,2025-07-13 19:00:00,3852.9884292123056,3204.561811455785,2219.5511779475346
forecast_4652,2025-07-13 20:00:00,3665.277673709563,3196.1165626920138,2323.126543724704
forecast_4653,2025-07-13 21:00:00,2860.272175466498,2763.5971978269554,1563.8376802165858
forecast_4654,2025-07-13 22:00:00,2583.5673312187805,2814.2683908086137,1316.8966479326618
forecast_4655,2025-07-13 23:00:00,2982.59359708827,2537.7553668914284,1521.738906726172
forecast_4656,2025-07-14 00:00:00,2672.562331983498,2331.6620608331855,1569.1143996871824
forecast_4657,2025-07-14 01:00:00,3670.3641209747693,3352.154393676074,2226.8694716455007
forecast_4658,2025-07-14 02:00:00,4695.272729345323,3944.2643326948655,2039.6651103153113
forecast_4659,2025-07-14 03:00:00,4560.296946572894,4640.378817809171,3081.0611281751285
forecast_4660,2025-07-14 04:00:00,4893.8497802876755,4923.685343447059,2804.736803214391
forecast_4661,2025-07-14 05:00:00,4661.821580170886,5791.786388769798,2962.147581163061
forecast_4662,2025-07-14 06:00:00,6418.636216591353,7396.970485983002,4250.2172192566895
forecast_4663,2025-07-14 07:00:00,5476.109643786295,6596.151689597387,4215.354441987556
forecast_4664,2025-07-14 08:00:00,4647.983192767892,5265.5049900239,2781.414482049905
forecast_4665,2025-07-14 09:00:00,5091.250736318037,5701.462279071527,4066.390386200918
forecast_4666,2025-07-14 10:00:00,4411.970346179587,4937.0755182235225,3056.302041312011
forecast_4667,2025-07-14 11:00:00,4642.788377836215,6305.521523760716,4196.411713277395
forecast_4668,2025-07-14 12:00:00,3972.463930657825,4872.417853436472,3129.363620829691
forecast_4669,2025-07-14 13:00:00,4449.781271106723,5617.848992188387,3839.030597245843
forecast_4670,2025-07-14 14:00:00,4688.394223347095,5366.003412180663,3421.9438988025104
forecast_4671,2025-07-14 15:00:00,6359.3916952859145,6969.545878079573,4757.793926924679
forecast_4672,2025-07-14 16:00:00,7092.423399354642,8017.720944788954,6401.127254807718
forecast_4673,2025-07-14 17:00:00,7704.037262216817,8016.279381660843,6329.759255618307
forecast_4674,2025-07-14 18:00:00,7709.816913721797,7998.246959830442,6117.5645527623155
forecast_4675,2025-07-14 19:00:00,8185.272874313445,7785.883222490243,4442.625472871855
forecast_4676,2025-07-14 20:00:00,6947.8796585380005,6167.568213088735,3508.128633778681
forecast_4677,2025-07-14 21:00:00,5714.797169158101,5440.781906420549,2986.908633911438
forecast_4678,2025-07-14 22:00:00,5903.484058265278,5430.8537956715645,3244.3135587365937
forecast_4679,2025-07-14 23:00:00,6705.462894921233,6560.88030885562,3455.609641740928
forecast_4680,2025-07-15 00:00:00,7759.166424362926,7279.26683698661,4606.1446652341065
forecast_4681,2025-07-15 01:00:00,13450.398123852754,13183.451455621385,10446.592205791267
forecast_4682,2025-07-15 02:00:00,11745.657917161096,10472.45031991483,9764.483896877795
forecast_4683,2025-07-15 03:00:00,10074.109506357032,9689.924825653858,8989.526995312008
forecast_4684,2025-07-15 04:00:00,9337.77933627613,8818.513516556075,6891.0592291529
forecast_4685,2025-07-15 05:00:00,9521.851436079647,8408.345522904932,6485.4973497321125
forecast_4686,2025-07-15 06:00:00,10788.731070642301,9838.056057132697,7100.522543609449
forecast_4687,2025-07-15 07:00:00,8246.139105788368,7207.404594994387,5161.87289361302
forecast_4688,2025-07-15 08:00:00,6793.683581701501,5785.716277597059,4234.82397752336
forecast_4689,2025-07-15 09:00:00,7730.617549251485,7404.075539647304,4886.353426235438
forecast_4690,2025-07-15 10:00:00,6054.764861980841,5670.076506519147,3736.5167990610266
forecast_4691,2025-07-15 11:00:00,4013.116509071797,3376.709823154451,2374.4547263458076
forecast_4692,2025-07-15 12:00:00,2678.149020160988,2624.0302417492876,1789.494519575692
forecast_4693,2025-07-15 13:00:00,3202.471415342149,2751.329236650814,2153.8246604361048
forecast_4694,2025-07-15 14:00:00,5770.290223229837,4489.101786853594,3027.8032633623907
forecast_4695,2025-07-15 15:00:00,6437.207246985505,5327.892697736643,3829.639468587551
forecast_4696,2025-07-15 16:00:00,6178.9657187597895,4880.253430630572,3435.5456505217344
forecast_4697,2025-07-15 17:00:00,4363.170339362963,4197.3778600654105,2611.650296354199
forecast_4698,2025-07-15 18:00:00,4105.78989455385,3593.4725870566854,2496.986220028939
forecast_4699,2025-07-15 19:00:00,2627.7348129805796,2550.3623031661837,1562.7682563308797
forecast_4700,2025-07-15 20:00:00,3522.178122147429,3315.1835926383987,1794.4770198740312
forecast_4701,2025-07-15 21:00:00,5131.278749907954,5465.47107609829,2957.982338766022
forecast_4702,2025-07-15 22:00:00,5564.647379385013,5728.521489334827,2981.3414539676874
forecast_4703,2025-07-15 23:00:00,4645.103026935533,5468.69513510043,2588.8933270553393
forecast_4704,2025-07-16 00:00:00,6489.374832795562,7835.779023828514,4400.1984162196395
forecast_4705,2025-07-16 01:00:00,11438.979953352557,11723.097458851775,8302.898753375795
forecast_4706,2025-07-16 02:00:00,12278.10911562668,12363.257746127712,10380.295983009915
forecast_4707,2025-07-16 03:00:00,12352.524813714293,13698.249879302459,11886.460950222887
forecast_4708,2025-07-16 04:00:00,12880.151321275293,14159.255182645868,12293.40829080244
forecast_4709,2025-07-16 05:00:00,10864.376485189863,12044.808774565492,10497.268215506003
forecast_4710,2025-07-16 06:00:00,10604.795661002683,11311.908728557491,9819.215465769608
forecast_4711,2025-07-16 07:00:00,9777.7823275468,9720.096697367106,7648.442881086712
forecast_4712,2025-07-16 08:00:00,8848.86177048619,8288.101756901568,6570.041085359141
forecast_4713,2025-07-16 09:00:00,6138.1395959592965,5735.65636976756,4640.503564620898
forecast_4714,2025-07-16 10:00:00,4982.632937717572,5184.233829036686,4695.409954501067
forecast_4715,2025-07-16 11:00:00,4199.4694719944455,4868.525075376422,3798.2275007844764
forecast_4716,2025-07-16 12:00:00,4163.868066664374,4900.316102435525,3725.1251370189207
forecast_4717,2025-07-16 13:00:00,5324.74206072969,6440.861442533271,4656.9901555209635
forecast_4718,2025-07-16 14:00:00,5278.190695754885,5496.106513454062,4044.8464614668883
forecast_4719,2025-07-16 15:00:00,5081.964833338844,5241.195935806424,2784.112918122055
forecast_4720,2025-07-16 16:00:00,4628.220811435904,5727.20436800007,3192.207910835931
forecast_4721,2025-07-16 17:00:00,5912.691721647498,6294.740060093459,4032.505106571321
forecast_4722,2025-07-16 18:00:00,5498.034225774425,6401.950913404472,3796.087463501998
forecast_4723,2025-07-16 19:00:00,4420.58485664294,5897.172616956086,3010.71231757355
forecast_4724,2025-07-16 20:00:00,3789.0229908430283,4775.434832389179,2769.411712741483
forecast_4725,2025-07-16 21:00:00,4337.295094313007,5249.69036444435,2888.1173482987106
forecast_4726,2025-07-16 22:00:00,5811.45997491462,6939.414926773154,4060.3190623080677
forecast_4727,2025-07-16 23:00:00,8147.002875808247,9387.344273286686,5059.392698610108
forecast_4728,2025-07-17 00:00:00,10623.718761530023,12127.124353207755,7719.122705672206
forecast_4729,2025-07-17 01:00:00,13157.215136776262,14171.545095116497,11077.851051856396
forecast_4730,2025-07-17 02:00:00,13288.810516733174,14293.477786597692,11730.218564663915
forecast_4731,2025-07-17 03:00:00,12981.409454735734,13927.377886451617,11175.327539860229
forecast_4732,2025-07-17 04:00:00,10877.230426130875,12563.161225735834,8432.08462190818
forecast_4733,2025-07-17 05:00:00,10107.64747497401,11776.113075511372,8076.5218523164285
forecast_4734,2025-07-17 06:00:00,10340.84181875846,11320.871582742928,7420.488287938077
forecast_4735,2025-07-17 07:00:00,11239.876994822798,13043.196328671671,9485.073546187496
forecast_4736,2025-07-17 08:00:00,10732.024154083114,12492.053443017354,10389.717911270991
forecast_4737,2025-07-17 09:00:00,10004.981785714508,11671.487235692499,9274.630162021454
forecast_4738,2025-07-17 10:00:00,10513.08690840486,12132.838618782174,9458.132347247873
forecast_4739,2025-07-17 11:00:00,9137.78285645435,11100.369061104691,8397.720392639272
forecast_4740,2025-07-17 12:00:00,8746.122442335318,10818.8823585947,7335.877876251473
forecast_4741,2025-07-17 13:00:00,8869.011786166198,11551.315474068679,8097.9319432591665
forecast_4742,2025-07-17 14:00:00,9594.354673451771,11848.87183906587,8643.01458428628
forecast_4743,2025-07-17 15:00:00,9693.471435858288,11369.90582118692,8267.19074734185
forecast_4744,2025-07-17 16:00:00,8932.816318936804,10432.403723319376,6893.0138069499535
forecast_4745,2025-07-17 17:00:00,7612.068604110227,9394.988418752528,6339.622745456528
forecast_4746,2025-07-17 18:00:00,6722.647593922703,8645.21066260497,5084.454243788429
forecast_4747,2025-07-17 19:00:00,7148.284085593404,9069.07682993906,5258.387394200855
forecast_4748,2025-07-17 20:00:00,5995.076471575486,7808.459876114479,4838.6855003370165
forecast_4749,2025-07-17 21:00:00,8137.154961540481,10006.242567839929,6025.266597182219
forecast_4750,2025-07-17 22:00:00,7192.689899614319,9073.51990094129,5230.771076702185
forecast_4751,2025-07-17 23:00:00,8519.506043820853,10476.353571489166,5922.714104728833
forecast_4752,2025-07-18 00:00:00,9052.262104343705,10525.34384806043,5850.861812860859
forecast_4753,2025-07-18 01:00:00,9327.042884874492,11693.588696783778,7301.87846684064
forecast_4754,2025-07-18 02:00:00,8447.501184988307,10351.598656970216,6478.994655152992
forecast_4755,2025-07-18 03:00:00,8734.362721146046,10583.33943733193,7980.518578218942
forecast_4756,2025-07-18 04:00:00,9118.093641469626,11101.764034191603,7044.538797710823
forecast_4757,2025-07-18 05:00:00,9148.584234722755,11108.95704947452,7399.060514076203
forecast_4758,2025-07-18 06:00:00,8923.48877156718,10574.719177521756,6286.219393916334
forecast_4759,2025-07-18 07:00:00,8495.428507043833,10963.604411938053,6039.277525697265
forecast_4760,2025-07-18 08:00:00,7620.313612973849,10038.992741233678,5264.7972377087635
forecast_4761,2025-07-18 09:00:00,8495.10501384228,10217.697492373176,5938.9560703909365
forecast_4762,2025-07-18 10:00:00,7607.690387566736,9968.449485452962,5640.285816114451
forecast_4763,2025-07-18 11:00:00,5865.599772594812,6750.02901731702,4131.553671667575
forecast_4764,2025-07-18 12:00:00,4273.740560501935,4365.560353582947,2492.5933523320136
forecast_4765,2025-07-18 13:00:00,2256.4467357122885,2802.155988063806,1198.0020087567057
forecast_4766,2025-07-18 14:00:00,2679.9808453860005,2837.2033489397963,1402.2731609354814
forecast_4767,2025-07-18 15:00:00,4062.926955220366,4321.132132033037,3115.367024202698
forecast_4768,2025-07-18 16:00:00,2729.564312650962,3053.464441672671,1561.1348766953847
forecast_4769,2025-07-18 17:00:00,6399.441299753328,6977.164535532981,4461.924892343794
forecast_4770,2025-07-18 18:00:00,6736.160586963433,7296.45357667263,4683.115668604182
forecast_4771,2025-07-18 19:00:00,6318.297189954228,7407.065925236467,4655.203332333525
forecast_4772,2025-07-18 20:00:00,7334.974059964529,9006.895132430953,5150.349455145427
forecast_4773,2025-07-18 21:00:00,7101.997526017039,8429.702946555431,5162.4523976920045
forecast_4774,2025-07-18 22:00:00,7621.972617836783,9709.908673276721,6555.972111681625
forecast_4775,2025-07-18 23:00:00,8456.461367108115,10242.330970769892,6256.740300664129
forecast_4776,2025-07-19 00:00:00,9013.282336410624,10456.125007415154,6279.041224979577
forecast_4777,2025-07-19 01:00:00,8254.697909663546,10097.079432788569,6373.452374577894
forecast_4778,2025-07-19 02:00:00,7229.439499933451,8691.45609172699,5708.540918552787
forecast_4779,2025-07-19 03:00:00,6586.113993627462,7823.666721823073,4816.0739048748665
forecast_4780,2025-07-19 04:00:00,5415.410461823173,6881.3472050494975,4124.689416366588
forecast_4781,2025-07-19 05:00:00,4454.772446302935,5298.6867023424875,3604.010866729365
forecast_4782,2025-07-19 06:00:00,4644.190990712881,5658.502317789782,3337.200219718111
forecast_4783,2025-07-19 07:00:00,5479.670389863626,6168.251367654304,3380.2887271512177
forecast_4784,2025-07-19 08:00:00,5845.416241416174,6227.444159102756,3688.9374729247634
forecast_4785,2025-07-19 09:00:00,4475.508674385008,4936.560788041886,3981.9852125002812
forecast_4786,2025-07-19 10:00:00,5205.509618342629,6397.552872792525,4428.046296575101
forecast_4787,2025-07-19 11:00:00,7382.6272365440445,9760.147153953156,5713.31717694251
forecast_4788,2025-07-19 12:00:00,7532.485279429943,9834.57124777974,6405.595300130876
forecast_4789,2025-07-19 13:00:00,7591.425678239859,8834.371301968107,6007.37479105159
forecast_4790,2025-07-19 14:00:00,8876.829430889517,10848.685983660325,7881.167468416523
forecast_4791,2025-07-19 15:00:00,8989.727295338167,11200.578943632874,8794.02295153802
forecast_4792,2025-07-19 16:00:00,9036.971543790836,11830.915260966422,9161.972880287622
forecast_4793,2025-07-19 17:00:00,9403.246405466163,11506.723751727439,8960.055257136157
forecast_4794,2025-07-19 18:00:00,9142.126834527055,10791.970569023184,9202.864541249357
forecast_4795,2025-07-19 19:00:00,9292.250449216885,10391.053027445854,9351.91399778284
forecast_4796,2025-07-19 20:00:00,9502.185366005273,10691.608793901967,8630.926118014835
forecast_4797,2025-07-19 21:00:00,9722.892966710735,11239.159838171163,8687.635892451568
forecast_4798,2025-07-19 22:00:00,10612.372273235678,12388.002842004646,9738.81289053151
forecast_4799,2025-07-19 23:00:00,9307.839322183856,10603.168561261622,7529.137808785108
forecast_4800,2025-07-20 00:00:00,9228.560368095923,10909.60212020607,7387.24328541095
forecast_4801,2025-07-20 01:00:00,9991.248729158588,12342.179335431183,9011.58292794532
forecast_4802,2025-07-20 02:00:00,10798.10641054022,13199.810115825005,10373.512606703325
forecast_4803,2025-07-20 03:00:00,11034.35022412712,13458.257504799523,10208.864736834425
forecast_4804,2025-07-20 04:00:00,11106.777243569071,13342.763739621783,10315.44924314272
forecast_4805,2025-07-20 05:00:00,10003.224499526206,13303.256561015707,10052.777718053676
forecast_4806,2025-07-20 06:00:00,10363.79010989511,12995.349250019275,9097.717532077082
forecast_4807,2025-07-20 07:00:00,9099.948397543838,12113.882950166873,8191.181495424731
forecast_4808,2025-07-20 08:00:00,8325.330153409323,11638.422905374242,7297.583138541217
forecast_4809,2025-07-20 09:00:00,7433.504890701476,10048.031395584345,6456.194197114388
forecast_4810,2025-07-20 10:00:00,7329.3801793833345,9396.22603874779,6747.599762059819
forecast_4811,2025-07-20 11:00:00,6586.990200931843,6235.528689365624,6017.898544521604
forecast_4812,2025-07-20 12:00:00,5155.5713033724,5160.164386569329,4879.5146588672205
forecast_4813,2025-07-20 13:00:00,4430.9920066258655,5461.247640921976,4107.613657906017
forecast_4814,2025-07-20 14:00:00,4661.676793802061,5403.729129909756,3771.6442461344036
forecast_4815,2025-07-20 15:00:00,4385.726063387413,5164.932777925551,3732.393840181987
forecast_4816,2025-07-20 16:00:00,4677.441063496017,4961.075530038546,3824.909991334895
forecast_4817,2025-07-20 17:00:00,4685.007378924258,5104.867487754429,4154.30561153124
forecast_4818,2025-07-20 18:00:00,5682.997325650636,5974.547245426161,3807.44240410798
forecast_4819,2025-07-20 19:00:00,9409.949126685378,9372.970089209879,6291.44903912649
forecast_4820,2025-07-20 20:00:00,9994.404687080545,9821.68732735039,7182.307800021167
forecast_4821,2025-07-20 21:00:00,10127.590571769893,10161.00196342686,7688.8192163527765
forecast_4822,2025-07-20 22:00:00,10825.102668494716,11327.650909424034,9223.340230016418
forecast_4823,2025-07-20 23:00:00,11345.155800898496,10925.127025356343,8706.468616749924
forecast_4824,2025-07-21 00:00:00,10949.898748928,11623.09825709701,8586.949808330319
forecast_4825,2025-07-21 01:00:00,10711.936387115455,11450.195366185286,7968.603286598974
forecast_4826,2025-07-21 02:00:00,11516.642630646362,11973.771238496802,8134.738126011838
forecast_4827,2025-07-21 03:00:00,11012.820826922863,11714.102225114519,7455.025795244905
forecast_4828,2025-07-21 04:00:00,9039.02413190338,10003.927636136448,6548.6878991629665
forecast_4829,2025-07-21 05:00:00,9707.939821078735,9546.629616281187,6753.645267070665
forecast_4830,2025-07-21 06:00:00,9480.009286040047,9581.953962569023,6441.463286010536
forecast_4831,2025-07-21 07:00:00,10510.550793477601,9703.654074993032,7461.2828698529265
forecast_4832,2025-07-21 08:00:00,11006.16884743418,10579.986465533768,7224.675422023594
forecast_4833,2025-07-21 09:00:00,10792.540728331642,11264.234246059346,7598.844246719776
forecast_4834,2025-07-21 10:00:00,7868.365236937541,8689.21955789752,6255.807803468203
forecast_4835,2025-07-21 11:00:00,5851.141544134302,6035.87275368601,5626.298138308025
forecast_4836,2025-07-21 12:00:00,5437.04569342095,5357.665236994591,4657.157414857238
forecast_4837,2025-07-21 13:00:00,5160.61036657845,5346.761950231283,4674.747191738632
forecast_4838,2025-07-21 14:00:00,5307.345468937078,4732.042463782222,4418.329249463682
forecast_4839,2025-07-21 15:00:00,5341.9682668273945,4795.629101812792,4609.4304021452635
forecast_4840,2025-07-21 16:00:00,5220.143475173806,4839.400080222339,3800.174784076595
forecast_4841,2025-07-21 17:00:00,5445.256764933236,6255.155816401805,4468.350819238335
forecast_4842,2025-07-21 18:00:00,6764.840187347741,7546.990963482744,5254.245832302291
forecast_4843,2025-07-21 19:00:00,10229.133473607835,9705.923135959452,7457.339043983075
forecast_4844,2025-07-21 20:00:00,10784.204292808588,9933.473648602589,7545.722138648667
forecast_4845,2025-07-21 21:00:00,13293.452056700728,12121.33563868979,8884.839442556431
forecast_4846,2025-07-21 22:00:00,15287.869609569518,13653.118055415212,10337.129214817951
forecast_4847,2025-07-21 23:00:00,14478.482080881362,13372.794899213459,10408.68767807458
forecast_4848,2025-07-22 00:00:00,14126.661619070559,12687.524361663453,9703.315918848712
forecast_4849,2025-07-22 01:00:00,12401.624333384027,12977.959815572105,8623.691884081807
forecast_4850,2025-07-22 02:00:00,13610.15777974391,13684.952104186556,10487.588296147736
forecast_4851,2025-07-22 03:00:00,14297.715857217965,13975.936718295841,10606.060258145393
forecast_4852,2025-07-22 04:00:00,13757.681429512852,13222.867064206057,10063.45707042868
forecast_4853,2025-07-22 05:00:00,14240.301007926302,13373.000054880185,10362.073548905151
forecast_4854,2025-07-22 06:00:00,13974.945891673553,13507.385352267896,9386.095742780271
forecast_4855,2025-07-22 07:00:00,12216.293560517332,11877.773060595007,9039.53027852468
forecast_4856,2025-07-22 08:00:00,10598.760679263152,11563.386725603385,8695.029627003873
forecast_4857,2025-07-22 09:00:00,8464.749560461876,9349.67486239572,6644.514953491555
forecast_4858,2025-07-22 10:00:00,6756.6943795299785,6966.76776108306,4434.291364580951
forecast_4859,2025-07-22 11:00:00,5146.617601521548,4666.138885921713,3095.42592363146
forecast_4860,2025-07-22 12:00:00,2936.6003583455526,2808.173569303671,1859.7328432968604
forecast_4861,2025-07-22 13:00:00,2916.4811648361365,2609.6154110300968,1901.8265797451322
forecast_4862,2025-07-22 14:00:00,3057.7802111146043,2710.8861367913787,2075.461874918242
forecast_4863,2025-07-22 15:00:00,3007.2771757385412,2947.9698330757815,2142.3791328142042
forecast_4864,2025-07-22 16:00:00,2951.941102429143,2789.4421441530058,2183.6371049426657
forecast_4865,2025-07-22 17:00:00,2901.4460260249116,2928.948428473511,1982.6811051239413
forecast_4866,2025-07-22 18:00:00,2475.2320503499086,2288.6330373850496,1596.1810218664882
forecast_4867,2025-07-22 19:00:00,2873.097401416325,2404.9392429194595,1737.5129188172984
forecast_4868,2025-07-22 20:00:00,4570.177875048814,3756.342464948507,2988.2723054289945
forecast_4869,2025-07-22 21:00:00,6373.944983069052,5387.103898701629,3886.0848424731607
forecast_4870,2025-07-22 22:00:00,7106.07659550917,6134.838498156923,4221.468761805187
forecast_4871,2025-07-22 23:00:00,8587.339216478036,7179.207135058453,4859.331340206021
forecast_4872,2025-07-23 00:00:00,8806.902621768832,6896.406344605158,4969.027830149338
forecast_4873,2025-07-23 01:00:00,9137.848752411319,7431.06755878667,5629.684570253125
forecast_4874,2025-07-23 02:00:00,9787.808142718455,9038.525811526924,6244.655971142724
forecast_4875,2025-07-23 03:00:00,10395.432778228504,9610.91247138234,6404.539548488957
forecast_4876,2025-07-23 04:00:00,10001.94812088322,8677.92172917516,5160.744346872836
forecast_4877,2025-07-23 05:00:00,7985.810138446984,7247.477309831951,4169.4752502851625
forecast_4878,2025-07-23 06:00:00,7295.506545466598,6266.423651202198,3488.364060470328
forecast_4879,2025-07-23 07:00:00,6120.1446343126,4982.226699014195,3072.9500389979
forecast_4880,2025-07-23 08:00:00,5727.876980403482,3918.7916132585497,2465.889908622375
forecast_4881,2025-07-23 09:00:00,3841.972493738231,2928.589665815353,1927.7991946220397
forecast_4882,2025-07-23 10:00:00,1081.7028380839424,839.218908041982,624.4107965840788
forecast_4883,2025-07-23 11:00:00,818.7042240491121,544.4372546242965,475.92670163481495
forecast_4884,2025-07-23 12:00:00,415.7083990980954,311.5251106933429,244.78848573595846
forecast_4885,2025-07-23 13:00:00,300.44821662917775,318.32203070877006,305.94813669599785
forecast_4886,2025-07-23 14:00:00,277.3456907937343,232.4288710789161,280.1149532526722
forecast_4887,2025-07-23 15:00:00,686.6170189819801,550.4594093372853,427.13341288165924
forecast_4888,2025-07-23 16:00:00,675.0975481863671,595.5947572587233,422.55407964274536
forecast_4889,2025-07-23 17:00:00,525.72132773995,678.3065869447599,386.17248012693744
forecast_4890,2025-07-23 18:00:00,627.0297100316515,909.0145887116955,378.7821740720351
forecast_4891,2025-07-23 19:00:00,1243.936247778473,1316.8916552798198,535.725116850752
forecast_4892,2025-07-23 20:00:00,1146.3542289782758,1090.455159256337,598.4763347452378
forecast_4893,2025-07-23 21:00:00,2617.8914898680778,2892.0621512375997,1426.4872851017506
forecast_4894,2025-07-23 22:00:00,3882.8637257341566,4196.492259067122,2557.443319457869
forecast_4895,2025-07-23 23:00:00,4649.60236781086,4322.830122750997,2987.971602873617
forecast_4896,2025-07-24 00:00:00,5222.051694386791,5162.271599571459,3195.8433798149854
forecast_4897,2025-07-24 01:00:00,6475.796772405108,5651.267426699509,3398.4793238770612
forecast_4898,2025-07-24 02:00:00,7601.009895347117,6518.300570865409,4314.716365901212
forecast_4899,2025-07-24 03:00:00,8180.000029467501,7140.931042925592,4673.2642943858245
forecast_4900,2025-07-24 04:00:00,8627.619976022745,7893.079084968494,4934.783012099303
forecast_4901,2025-07-24 05:00:00,7468.386731786275,7164.746600415506,4165.973503324473
forecast_4902,2025-07-24 06:00:00,6732.994677730284,5672.670693460151,3395.505632917647
forecast_4903,2025-07-24 07:00:00,4830.568139972509,3722.925394264099,1971.2416520496442
forecast_4904,2025-07-24 08:00:00,1665.848623546484,1172.3392659510246,497.7039205614101
forecast_4905,2025-07-24 09:00:00,511.1787139581685,347.8667062875368,140.1215882380915
forecast_4906,2025-07-24 10:00:00,201.16941914551015,171.46451942146618,76.68350499366144
forecast_4907,2025-07-24 11:00:00,114.2754455855505,125.42396172446836,72.05749593575608
forecast_4908,2025-07-24 12:00:00,124.009723785156,112.06462465974379,90.28396121748646
forecast_4909,2025-07-24 13:00:00,145.21106495601398,162.0715394284228,113.60480328949325
forecast_4910,2025-07-24 14:00:00,197.74234523564004,248.17814616694494,230.244270794537
forecast_4911,2025-07-24 15:00:00,274.41599311983373,246.2184925286658,153.29761359017502
forecast_4912,2025-07-24 16:00:00,403.22309827282487,272.5388453801238,201.58196803939725
forecast_4913,2025-07-24 17:00:00,277.33182486873125,207.99738566158152,165.1714500765036
forecast_4914,2025-07-24 18:00:00,432.47644199902976,315.67682878268886,160.01640986408768
forecast_4915,2025-07-24 19:00:00,483.56383893670096,432.3790751133225,168.52906916873863
forecast_4916,2025-07-24 20:00:00,882.2213097931091,914.2644073655354,438.80645679418575
forecast_4917,2025-07-24 21:00:00,1043.186831298616,1028.9045981478612,327.8306472899068
forecast_4918,2025-07-24 22:00:00,1479.4809877478299,1348.135025598236,662.7214709761565
forecast_4919,2025-07-24 23:00:00,1844.2950931163814,1600.8387768841524,868.6888371698891
forecast_4920,2025-07-25 00:00:00,1685.6510138832034,1411.3258266923867,824.5703370948205
forecast_4921,2025-07-25 01:00:00,2442.470269594827,2244.1860457466278,1561.41947555438
forecast_4922,2025-07-25 02:00:00,3691.3969497184085,3808.593110433827,2088.6703640510796
forecast_4923,2025-07-25 03:00:00,3935.2119014654413,3522.321090519161,2161.5358604033695
forecast_4924,2025-07-25 04:00:00,3127.600989505894,2750.572551526422,2021.1137133283808
forecast_4925,2025-07-25 05:00:00,3987.9971866988876,3352.338008745978,2449.7456705652394
forecast_4926,2025-07-25 06:00:00,2844.2074515068384,2752.0926232751744,1581.597233341111
forecast_4927,2025-07-25 07:00:00,1776.5578678094025,1714.6084092406386,972.3751041373916
forecast_4928,2025-07-25 08:00:00,753.2525542098422,674.6643229368984,395.33633199262135
forecast_4929,2025-07-25 09:00:00,543.8367478817099,457.3008870542749,276.9620671100628
forecast_4930,2025-07-25 10:00:00,390.88047253714166,346.99914707428235,237.5684265158707
forecast_4931,2025-07-25 11:00:00,219.485022286394,240.87802055160057,151.78721457685324
forecast_4932,2025-07-25 12:00:00,157.9788825032017,201.32879200177746,143.44997996358936
forecast_4933,2025-07-25 13:00:00,135.8320937331714,169.0933509919792,110.38575234341684
forecast_4934,2025-07-25 14:00:00,196.57725997215806,249.588609522076,137.12708629199653
forecast_4935,2025-07-25 15:00:00,234.8822564611023,311.910737647234,185.98412609255453
forecast_4936,2025-07-25 16:00:00,623.8205675632919,499.65485216511365,276.88667874824466
forecast_4937,2025-07-25 17:00:00,506.87763971821494,601.5365334921166,488.28503201720235
forecast_4938,2025-07-25 18:00:00,968.6379210099951,920.6931304125071,504.1144157799927
forecast_4939,2025-07-25 19:00:00,1405.4229910226004,1516.0040669481152,1031.2605561935445
forecast_4940,2025-07-25 20:00:00,1817.9580851326773,1579.0034304803803,1295.61245687151
forecast_4941,2025-07-25 21:00:00,2092.2931889155907,2363.5465681469555,1456.7417769009587
forecast_4942,2025-07-25 22:00:00,2680.8974812781216,2926.174745610444,1981.4933785745543
forecast_4943,2025-07-25 23:00:00,3282.2935788297336,3341.3378848106304,2459.4505256467296
forecast_4944,2025-07-26 00:00:00,5347.186795085829,4520.9986973071545,3408.5401932204254
forecast_4945,2025-07-26 01:00:00,7791.838700906788,7379.458999773357,5920.299304791957
forecast_4946,2025-07-26 02:00:00,7214.827167197182,7091.420451491238,5492.054393369459
forecast_4947,2025-07-26 03:00:00,6784.107190141939,6149.9675171437075,5079.980501545777
forecast_4948,2025-07-26 04:00:00,5904.671142172739,5629.729584704327,4400.842464810059
forecast_4949,2025-07-26 05:00:00,4477.637387342982,3840.3223269942846,2580.2380429962523
forecast_4950,2025-07-26 06:00:00,3092.3760486408223,2461.5643217330053,1629.399411110197
forecast_4951,2025-07-26 07:00:00,1901.3376054920552,1579.842285155973,1278.5855923208878
forecast_4952,2025-07-26 08:00:00,1236.075745959512,1188.816529345525,599.1606120259573
forecast_4953,2025-07-26 09:00:00,658.6544842720807,681.3262033898847,348.0306120232479
forecast_4954,2025-07-26 10:00:00,562.3463460996334,549.2751155514238,413.19485057077
forecast_4955,2025-07-26 11:00:00,414.1712249919672,392.8350175913848,268.1320610703331
forecast_4956,2025-07-26 12:00:00,188.77906563995745,217.09891345569875,163.83726684220755
forecast_4957,2025-07-26 13:00:00,167.14070039189204,196.36410125083057,152.1664456109242
forecast_4958,2025-07-26 14:00:00,243.4560802004408,274.57888613571714,177.27158769691397
forecast_4959,2025-07-26 15:00:00,277.0290994755236,344.3750548450049,191.29349952474732
forecast_4960,2025-07-26 16:00:00,398.8964901413036,405.5231252488944,232.60205578520095
forecast_4961,2025-07-26 17:00:00,265.2976525623216,234.9561540310694,212.42882121119487
forecast_4962,2025-07-26 18:00:00,446.39299501007105,460.1593634624325,286.0034179004814
forecast_4963,2025-07-26 19:00:00,974.8487039618335,916.4000221268313,508.54120458012716
forecast_4964,2025-07-26 20:00:00,1266.2337668776402,1128.8312269033388,501.6420685333614
forecast_4965,2025-07-26 21:00:00,1428.6979259591938,1184.191832739221,681.1691887603187
forecast_4966,2025-07-26 22:00:00,1865.3542510290802,1772.4405545564398,1065.4855362171847
forecast_4967,2025-07-26 23:00:00,3620.911785370878,3704.2230037426243,2558.089446188332
forecast_4968,2025-07-27 00:00:00,7178.786801422148,5704.500133219148,4543.818061707853
forecast_4969,2025-07-27 01:00:00,9495.908912748311,8126.979072115797,5978.543699073392
forecast_4970,2025-07-27 02:00:00,8586.412918944734,7374.917190562238,5109.810793322901
forecast_4971,2025-07-27 03:00:00,7051.893023190283,6255.347847246592,4142.012371426597
forecast_4972,2025-07-27 04:00:00,6781.085682289732,6304.292109226709,4610.579664609787
forecast_4973,2025-07-27 05:00:00,6321.171475180753,5611.035461705697,4480.463390365718
forecast_4974,2025-07-27 06:00:00,7100.973229673773,6308.034134260195,4860.784274916595
forecast_4975,2025-07-27 07:00:00,5837.306261204147,5529.811360240554,3178.148408289597
forecast_4976,2025-07-27 08:00:00,4853.634959453839,4163.691031912606,2460.037725854679
forecast_4977,2025-07-27 09:00:00,2732.4879279867687,2484.2555512073586,1466.9755547621553
forecast_4978,2025-07-27 10:00:00,1763.8994943104951,1631.8024695492354,1126.5381121174157
forecast_4979,2025-07-27 11:00:00,1290.866341141242,1220.8376678200796,952.6390466687145
forecast_4980,2025-07-27 12:00:00,1111.2443789014521,1153.3982406976018,1095.068552731659
forecast_4981,2025-07-27 13:00:00,988.0816616860598,1150.134095633993,1063.1103061618246
forecast_4982,2025-07-27 14:00:00,1069.3963128448734,1205.353911486954,1151.3644489492692
forecast_4983,2025-07-27 15:00:00,1341.3591569211612,1420.2712333004974,1600.4478775753148
forecast_4984,2025-07-27 16:00:00,1981.9215811348909,2315.4848813172066,1962.2206389758787
forecast_4985,2025-07-27 17:00:00,2071.962853151949,2426.998245718272,2113.510507196837
forecast_4986,2025-07-27 18:00:00,1746.8033028968475,2152.95991578952,1929.8594396744702
forecast_4987,2025-07-27 19:00:00,3817.004291492079,3523.4424446854055,2794.341556683072
forecast_4988,2025-07-27 20:00:00,5745.933582476765,4501.039113516245,3616.7097991200812
forecast_4989,2025-07-27 21:00:00,6041.502949339659,5138.732936191413,3937.2164556763382
forecast_4990,2025-07-27 22:00:00,7591.708834284865,6716.963770167449,5096.72099000758
forecast_4991,2025-07-27 23:00:00,8590.596775466916,7425.983746297165,5896.966879113007
forecast_4992,2025-07-28 00:00:00,9242.057267954307,8063.933091932102,6367.239574796667
forecast_4993,2025-07-28 01:00:00,10410.091418868387,8498.028672983633,6543.963720719032
forecast_4994,2025-07-28 02:00:00,11160.184387357107,8542.325118245006,7373.857505542815
forecast_4995,2025-07-28 03:00:00,10776.531462581903,9209.475974573448,7415.438401664205
forecast_4996,2025-07-28 04:00:00,11340.239975289425,9515.138266184844,7035.268096049717
forecast_4997,2025-07-28 05:00:00,10609.549937120382,9172.576236130035,6544.08028963594
forecast_4998,2025-07-28 06:00:00,9098.805879528398,7470.064262512664,5202.681896488447
forecast_4999,2025-07-28 07:00:00,6741.1886113908095,5180.486399312658,3813.400863691663
forecast_5000,2025-07-28 08:00:00,6398.388962276514,4251.29007718529,2606.199657806169
forecast_5001,2025-07-28 09:00:00,3766.3844672918844,3041.4557896129377,1825.2636103485597
forecast_5002,2025-07-28 10:00:00,1146.0821385828444,979.5514354264736,557.5300676584404
forecast_5003,2025-07-28 11:00:00,460.88648573240084,368.2542099794225,249.518691108725
forecast_5004,2025-07-28 12:00:00,200.40901346427262,240.05526537764422,250.58544938019088
forecast_5005,2025-07-28 13:00:00,683.4981618813345,563.2037622015704,449.5142704004208
forecast_5006,2025-07-28 14:00:00,585.4824724228379,481.27117891357426,404.99959689719174
forecast_5007,2025-07-28 15:00:00,260.0689066944397,251.97910613625655,227.38236515773355
forecast_5008,2025-07-28 16:00:00,411.1536848093905,424.0723517437949,348.6283855951058
forecast_5009,2025-07-28 17:00:00,514.1286564053896,309.39467522666047,363.12548295754357
forecast_5010,2025-07-28 18:00:00,574.0937011933396,346.7865938358031,343.59483130923263
forecast_5011,2025-07-28 19:00:00,448.36904520146453,533.3153772355058,314.87967889868906
forecast_5012,2025-07-28 20:00:00,510.0267166970802,570.5195392235943,267.77226016413823
forecast_5013,2025-07-28 21:00:00,829.5641056659948,924.0268351910495,374.08853060699033
forecast_5014,2025-07-28 22:00:00,988.5342635704418,849.3798630830482,436.1852483557496
forecast_5015,2025-07-28 23:00:00,665.7745002648055,632.7730579468695,357.9811484530564
forecast_5016,2025-07-29 00:00:00,740.2757633727457,669.8040358999493,438.0338209525908
forecast_5017,2025-07-29 01:00:00,2028.0858270174597,2024.055718931394,1210.9826660080284
forecast_5018,2025-07-29 02:00:00,2393.634069159577,1937.1262443978442,1391.2579453360927
forecast_5019,2025-07-29 03:00:00,2307.871149943099,2208.2191993613815,1146.1320563263173
forecast_5020,2025-07-29 04:00:00,1899.8832866596313,1739.3940879966183,972.552699616523
forecast_5021,2025-07-29 05:00:00,1574.1364735474997,1617.888333243977,886.3881376478063
forecast_5022,2025-07-29 06:00:00,1005.2067529963788,942.1363022694757,610.4647558030721
forecast_5023,2025-07-29 07:00:00,486.34873436703464,373.24435941669697,245.07645292793828
forecast_5024,2025-07-29 08:00:00,324.67423226969765,305.01589021967055,137.9849089040471
forecast_5025,2025-07-29 09:00:00,272.0604626543938,155.02406584885375,78.07841310894399
forecast_5026,2025-07-29 10:00:00,168.21783751079047,107.79821493255487,62.940060404166765
forecast_5027,2025-07-29 11:00:00,133.4539259197434,133.56130372424647,78.13807467406683
forecast_5028,2025-07-29 12:00:00,145.78675927117985,186.96512812063128,116.53487062023926
forecast_5029,2025-07-29 13:00:00,235.06404897618393,248.44880268190826,192.49275356696643
forecast_5030,2025-07-29 14:00:00,220.88328830595356,211.05394878515528,128.90344420878606
forecast_5031,2025-07-29 15:00:00,209.1783369416282,204.65844700518684,146.31098789000544
forecast_5032,2025-07-29 16:00:00,215.51180025970095,205.8358782943736,182.93782907218707
forecast_5033,2025-07-29 17:00:00,293.79306034009255,217.65097475802494,162.40377099353353
forecast_5034,2025-07-29 18:00:00,321.95662928448564,294.0719433416393,172.094959604681
forecast_5035,2025-07-29 19:00:00,320.71980363854476,287.1172901610534,264.3910123478538
forecast_5036,2025-07-29 20:00:00,566.2462095666187,398.2104277536156,300.1709198325331
forecast_5037,2025-07-29 21:00:00,731.5075084681913,630.5778788763643,314.26259374693325
forecast_5038,2025-07-29 22:00:00,1105.4322873023764,1131.9587329314838,477.04057859876855
forecast_5039,2025-07-29 23:00:00,1482.8266924089364,1706.326554622911,628.3333112985133
forecast_5040,2025-07-30 00:00:00,2231.1274951607625,1949.6552656366675,1424.0599093131018
forecast_5041,2025-07-30 01:00:00,1643.7839251184748,1536.3261697548585,968.5720181065761
forecast_5042,2025-07-30 02:00:00,1994.4840629378189,1693.4913542948048,1044.2634864423069
forecast_5043,2025-07-30 03:00:00,1979.0108653329467,1683.0696869125275,890.7262773013758
forecast_5044,2025-07-30 04:00:00,1708.7901668893485,1321.4711009503662,878.9161495012738
forecast_5045,2025-07-30 05:00:00,720.0474882147221,748.6843004888518,402.02959401581734
forecast_5046,2025-07-30 06:00:00,652.1381034032316,729.6773104737051,302.1265871886638
forecast_5047,2025-07-30 07:00:00,684.3955046235948,649.0825572592945,316.5001773667393
forecast_5048,2025-07-30 08:00:00,357.29561217766934,340.2041815459891,102.77139466870028
forecast_5049,2025-07-30 09:00:00,297.9478331244954,265.55469834491964,85.6278149102254
forecast_5050,2025-07-30 10:00:00,240.63819495845834,143.04170030456555,93.69869101207556
forecast_5051,2025-07-30 11:00:00,277.66296397869405,230.6558522435848,142.46682252009072
forecast_5052,2025-07-30 12:00:00,254.64346417472237,244.52542828362388,159.66740715925303
forecast_5053,2025-07-30 13:00:00,286.0169334935249,240.948540134035,220.29648704737417
forecast_5054,2025-07-30 14:00:00,325.4917576351284,299.55830421278,305.73721955949696
forecast_5055,2025-07-30 15:00:00,296.4889682088964,321.35170749365494,255.51252832910882
forecast_5056,2025-07-30 16:00:00,367.2595809440803,293.4871869602435,270.8922473580242
forecast_5057,2025-07-30 17:00:00,528.8269760942935,435.25645447653903,337.4085555226077
forecast_5058,2025-07-30 18:00:00,632.0486267078636,563.3131226614993,288.3881901253804
forecast_5059,2025-07-30 19:00:00,651.1312941512385,631.250918027419,244.72817638874866
forecast_5060,2025-07-30 20:00:00,1003.9265737645143,779.2471913957501,253.48006337954604
forecast_5061,2025-07-30 21:00:00,1486.4930532890965,1343.74055617736,464.076610391617
forecast_5062,2025-07-30 22:00:00,1813.692384883965,1683.8705047483625,565.3301071964418
forecast_5063,2025-07-30 23:00:00,1823.7787084235667,1857.244618047995,580.7241969944884
forecast_5064,2025-07-31 00:00:00,1739.955917705859,1639.7947664512776,591.6554849713641
forecast_5065,2025-07-31 01:00:00,2357.516948550807,2596.883086822974,1011.0676202442011
forecast_5066,2025-07-31 02:00:00,3091.9863547931727,2865.256116663734,1178.1774146536825
forecast_5067,2025-07-31 03:00:00,3306.1415474963646,3056.0668295241226,1474.5460199194556
forecast_5068,2025-07-31 04:00:00,3279.3306225530446,3456.3670283291726,1454.6768385735518
forecast_5069,2025-07-31 05:00:00,2760.784671801644,2928.1630513174136,1136.276792901627
forecast_5070,2025-07-31 06:00:00,1877.7873039884732,2065.7708566218525,765.6112077592497
forecast_5071,2025-07-31 07:00:00,1429.2885878072866,1551.9699044374943,573.9663434439523
forecast_5072,2025-07-31 08:00:00,1198.1774557776591,1319.3267471747731,419.8952198048501
forecast_5073,2025-07-31 09:00:00,851.4802751549166,773.6118255079814,342.33351534734356
forecast_5074,2025-07-31 10:00:00,696.4830621055057,836.8163615821471,398.6693852496458
forecast_5075,2025-07-31 11:00:00,1036.3913018129817,993.4460532036156,447.2385595789128
forecast_5076,2025-07-31 12:00:00,925.8669274373821,971.6813920010968,450.9716001523805
forecast_5077,2025-07-31 13:00:00,813.3277129500298,957.1673872251944,438.0333490132664
forecast_5078,2025-07-31 14:00:00,716.9324514017816,906.7176486475,387.7970837479317
forecast_5079,2025-07-31 15:00:00,423.3925352665935,753.755205247267,288.17754377963666
forecast_5080,2025-07-31 16:00:00,430.6415516836302,675.6347847004009,267.3441820915275
forecast_5081,2025-07-31 17:00:00,461.5301127004315,547.4384694145808,286.1952100299878
forecast_5082,2025-07-31 18:00:00,462.590549744608,486.345781539787,228.20067802179906
forecast_5083,2025-07-31 19:00:00,361.4801275424017,274.6129588848744,109.12021540934492
forecast_5084,2025-07-31 20:00:00,381.0156534030833,275.8968064023307,89.52106540317891
forecast_5085,2025-07-31 21:00:00,554.8833100113092,434.51103038786715,116.85621293529317
forecast_5086,2025-07-31 22:00:00,909.7598415679994,907.6550996493106,374.5995459384428
forecast_5087,2025-07-31 23:00:00,1375.155348795604,1043.7507965827504,435.29316623809126
forecast_5088,2025-08-01 00:00:00,1318.0599444496877,1155.203381489886,432.13186068087884
forecast_5089,2025-08-01 01:00:00,1099.9766948442525,1006.2671558658056,507.5720514548242
forecast_5090,2025-08-01 02:00:00,761.9123997604887,643.5869881133193,415.12452468140555
forecast_5091,2025-08-01 03:00:00,669.7705576007866,533.453133848647,436.358280908171
forecast_5092,2025-08-01 04:00:00,464.70562714790907,482.73755791278484,309.18164601574915
forecast_5093,2025-08-01 05:00:00,561.7736878686968,378.9391620583905,271.92155868879365
forecast_5094,2025-08-01 06:00:00,395.87217994322185,341.8411472399567,177.4908789843478
forecast_5095,2025-08-01 07:00:00,363.84633852426646,315.17080920923127,80.4399085584935
forecast_5096,2025-08-01 08:00:00,276.2984332594702,259.41816453039525,78.61437391778284
forecast_5097,2025-08-01 09:00:00,211.89883486141062,147.2727155427802,63.43307064404114
forecast_5098,2025-08-01 10:00:00,121.20296239572926,114.9541376289234,59.94432913727326
forecast_5099,2025-08-01 11:00:00,131.72399811408548,130.11325868320836,79.26472900546796
forecast_5100,2025-08-01 12:00:00,197.72939906304686,236.45985476289647,155.34702077589088
forecast_5101,2025-08-01 13:00:00,367.62580259567835,465.31806490510365,327.9857308291326
forecast_5102,2025-08-01 14:00:00,237.09661108928586,257.6375186411652,222.56573280358683
forecast_5103,2025-08-01 15:00:00,217.78403241046982,226.8272834582792,143.6915386584486
forecast_5104,2025-08-01 16:00:00,197.41611910477747,175.4813781457684,113.23496590997765
forecast_5105,2025-08-01 17:00:00,174.67391341821505,149.1571783430863,102.85943805447813
forecast_5106,2025-08-01 18:00:00,197.3457924464274,148.6952076385886,80.60571868302561
forecast_5107,2025-08-01 19:00:00,472.2307723836728,478.9257576987061,173.13203856463673
forecast_5108,2025-08-01 20:00:00,651.4263219998059,690.9346922970362,204.92632983284483
forecast_5109,2025-08-01 21:00:00,754.0268806090216,853.9987802572791,254.13682858402618
forecast_5110,2025-08-01 22:00:00,608.093631212622,645.6148444048961,179.05441906886554
forecast_5111,2025-08-01 23:00:00,433.21205691313594,359.02842357742054,83.21104514768426
forecast_5112,2025-08-02 00:00:00,400.9046253300894,350.09080018891103,139.84423633569807
forecast_5113,2025-08-02 01:00:00,4085.9315120597776,3583.259629074522,2094.9976281416407
forecast_5114,2025-08-02 02:00:00,5640.018872449529,5015.940419725037,2859.7902545101497
forecast_5115,2025-08-02 03:00:00,6523.5467098237705,6075.284009425744,3461.6141027805043
forecast_5116,2025-08-02 04:00:00,6646.0440432976775,6308.891623801617,3272.1342501826934
forecast_5117,2025-08-02 05:00:00,6763.701987840439,5877.709057517449,3411.0769109632456
forecast_5118,2025-08-02 06:00:00,7311.928595201019,7710.032105078704,4462.245455435287
forecast_5119,2025-08-02 07:00:00,6922.521389513463,7455.054255313196,3694.142912349739
forecast_5120,2025-08-02 08:00:00,5990.267093072905,5719.244892744002,2729.284135261117
forecast_5121,2025-08-02 09:00:00,5688.05567895234,4596.108250534047,2521.1407096469216
forecast_5122,2025-08-02 10:00:00,3154.2614593063927,2814.7192307390424,1539.6250568976166
forecast_5123,2025-08-02 11:00:00,1635.366000699106,1371.616260575992,927.369704975813
forecast_5124,2025-08-02 12:00:00,1339.902174433728,901.3628608187063,802.5626739501981
forecast_5125,2025-08-02 13:00:00,1641.0367162179086,1510.285757343295,1059.3196250402582
forecast_5126,2025-08-02 14:00:00,1846.3236817100953,1768.1022633889406,1152.358724837012
forecast_5127,2025-08-02 15:00:00,1091.229576835587,786.1765471487859,594.9641064048301
forecast_5128,2025-08-02 16:00:00,711.038337877342,540.1409177883521,494.4889033230637
forecast_5129,2025-08-02 17:00:00,687.2110433872588,607.592649457757,494.6133230371328
forecast_5130,2025-08-02 18:00:00,763.9045593551539,621.7219999863808,424.23210442489307
forecast_5131,2025-08-02 19:00:00,1003.3659201714487,789.3764470135031,463.65088591327645
forecast_5132,2025-08-02 20:00:00,1159.85501459309,938.6157792909826,554.4095396927008
forecast_5133,2025-08-02 21:00:00,1304.661970976029,1305.9543019477564,719.4803921434287
forecast_5134,2025-08-02 22:00:00,1857.0299492063064,1750.438512041763,1337.5312316843913
forecast_5135,2025-08-02 23:00:00,1868.614041422907,1716.5795762402022,1239.9568644620986
forecast_5136,2025-08-03 00:00:00,2514.139193097746,1971.7704120234469,1193.7866595041194
forecast_5137,2025-08-03 01:00:00,3878.94422899369,3234.769287266337,1987.8063750696801
forecast_5138,2025-08-03 02:00:00,3626.6676713680126,3141.76743256358,1631.871820277711
forecast_5139,2025-08-03 03:00:00,5156.098256279513,4086.018312130179,2250.7423300905016
forecast_5140,2025-08-03 04:00:00,3027.4036785753456,2582.328589297295,1637.0330621605083
forecast_5141,2025-08-03 05:00:00,3210.8320581497032,2456.302777981516,1575.69567869119
forecast_5142,2025-08-03 06:00:00,1367.9625716999928,1219.7184192645184,707.492048129517
forecast_5143,2025-08-03 07:00:00,563.7597235881152,385.50152035336606,213.39143790729952
forecast_5144,2025-08-03 08:00:00,563.6141324115343,538.6833087063392,265.4123116426584
forecast_5145,2025-08-03 09:00:00,367.7372781230583,332.7803212424462,125.80321621217722
forecast_5146,2025-08-03 10:00:00,291.21649524304627,210.45334053266495,185.65896032486657
forecast_5147,2025-08-03 11:00:00,322.7537460577861,222.29522811546687,131.73039199492405
forecast_5148,2025-08-03 12:00:00,373.88746180984094,432.01303640016033,299.3544232786139
forecast_5149,2025-08-03 13:00:00,488.7998601790444,668.725732696619,434.57594236435534
forecast_5150,2025-08-03 14:00:00,762.7924329653331,1043.5304825333683,527.1683246280113
forecast_5151,2025-08-03 15:00:00,1368.0338118910777,1475.3240333468686,759.9592519986029
forecast_5152,2025-08-03 16:00:00,1073.1496626983217,1508.0574242914506,1208.0256452561293
forecast_5153,2025-08-03 17:00:00,1895.4088997934775,2019.8390490863555,1468.5889353687496
forecast_5154,2025-08-03 18:00:00,2812.544500644369,3293.731729772992,1823.856803499683
forecast_5155,2025-08-03 19:00:00,5794.456136439533,5707.405422879894,3829.4818616938655
forecast_5156,2025-08-03 20:00:00,5949.068349734611,6634.406839555678,4126.193786102501
forecast_5157,2025-08-03 21:00:00,5793.829751123748,6455.550324513082,4954.902143413482
forecast_5158,2025-08-03 22:00:00,5075.757624545485,6280.301461041571,4186.295212824109
forecast_5159,2025-08-03 23:00:00,4871.264411046506,5976.964592962524,4407.899629488521
forecast_5160,2025-08-04 00:00:00,6379.10153042639,7151.940222788919,4343.41669924579
forecast_5161,2025-08-04 01:00:00,5264.888635125672,6063.3429968575,3575.778345976733
forecast_5162,2025-08-04 02:00:00,6367.229217387879,7549.648560465138,4531.340239935714
forecast_5163,2025-08-04 03:00:00,6063.086078144516,7471.801563586557,4284.671114766738
forecast_5164,2025-08-04 04:00:00,7218.069902485269,8209.270048427445,5346.900504713223
forecast_5165,2025-08-04 05:00:00,7022.599754405502,8879.141405096487,5423.093104807874
forecast_5166,2025-08-04 06:00:00,8477.607205230008,9584.926283278472,6868.757550809547
forecast_5167,2025-08-04 07:00:00,9064.907176756218,9771.360324206105,6924.472097955966
forecast_5168,2025-08-04 08:00:00,7378.460536490618,8249.895150307953,5634.171010409026
forecast_5169,2025-08-04 09:00:00,6703.311030265205,7721.741091189914,4658.403581310249
forecast_5170,2025-08-04 10:00:00,6563.391037312154,6904.880009453119,4699.199862421778
forecast_5171,2025-08-04 11:00:00,6756.402367610919,7684.4829590592,4651.352618760597
forecast_5172,2025-08-04 12:00:00,7148.475274330018,7809.294821687515,5361.5127092856665
forecast_5173,2025-08-04 13:00:00,5704.1932993425235,5795.321795892925,3347.260904030267
forecast_5174,2025-08-04 14:00:00,3847.570984294066,4110.200254228103,2618.4818558573
forecast_5175,2025-08-04 15:00:00,2715.065001897145,2774.416328750863,2261.2067245025
forecast_5176,2025-08-04 16:00:00,3243.2191063942532,3518.7235743882084,2887.306739794891
forecast_5177,2025-08-04 17:00:00,3443.4061495675096,3569.097488990809,2481.9758326021533
forecast_5178,2025-08-04 18:00:00,3519.2429142364185,4077.6280024312664,2958.452311747956
forecast_5179,2025-08-04 19:00:00,3838.7297827270445,4305.775281940491,3685.397100398136
forecast_5180,2025-08-04 20:00:00,3561.7994657626846,3992.611136173535,3245.2106221651006
forecast_5181,2025-08-04 21:00:00,5234.982271029048,5259.393717492097,4837.811029835916
forecast_5182,2025-08-04 22:00:00,6272.414888977044,6290.621683267582,5558.20381632858
forecast_5183,2025-08-04 23:00:00,6582.021765321542,6921.05937529873,6421.67325215968
forecast_5184,2025-08-05 00:00:00,7332.327025011145,8352.332319673857,7191.834219665158
forecast_5185,2025-08-05 01:00:00,5368.460805317529,5046.935965579792,3805.4213881761907
forecast_5186,2025-08-05 02:00:00,4674.63268993744,4795.985232705565,3413.3902904834113
forecast_5187,2025-08-05 03:00:00,4343.895857887705,4297.7596560326265,2685.746538095324
forecast_5188,2025-08-05 04:00:00,4317.915087523383,4448.871460546458,2814.52455381466
forecast_5189,2025-08-05 05:00:00,3018.3374057781334,3039.133679632523,1580.0909632588164
forecast_5190,2025-08-05 06:00:00,2830.3642279690675,2453.6820848233992,1327.0284537017405
forecast_5191,2025-08-05 07:00:00,2392.496894317097,2109.6426104761435,1142.9394393449784
forecast_5192,2025-08-05 08:00:00,1896.6773398844714,1771.834725502789,945.4563999120647
forecast_5193,2025-08-05 09:00:00,1599.3933024775467,1519.2393998040664,766.0352632755145
forecast_5194,2025-08-05 10:00:00,1437.44388852847,1456.2181468609172,1092.4881362637661
forecast_5195,2025-08-05 11:00:00,1836.8901800562292,1809.2081875445824,1528.3041831754867
forecast_5196,2025-08-05 12:00:00,2696.957713543782,2484.70518016543,1876.0734486952629
forecast_5197,2025-08-05 13:00:00,4107.162441090138,4081.8791716942374,3039.4941125747796
forecast_5198,2025-08-05 14:00:00,5001.681108224073,4920.636185208245,4170.157809895853
forecast_5199,2025-08-05 15:00:00,5981.9701698700665,5863.091417890807,5184.897231805682
forecast_5200,2025-08-05 16:00:00,7870.55401877602,7390.529520808897,8290.464787254286
forecast_5201,2025-08-05 17:00:00,7425.272571308259,7039.480801199294,8105.193661120152
forecast_5202,2025-08-05 18:00:00,6917.216063474496,6436.026928282999,6004.020532887161
forecast_5203,2025-08-05 19:00:00,7749.844987323999,7600.794347570121,5695.602119175966
forecast_5204,2025-08-05 20:00:00,9068.032496131113,9094.268882585679,7109.184350066549
forecast_5205,2025-08-05 21:00:00,9503.344459799855,10017.040258689522,7053.587569185239
forecast_5206,2025-08-05 22:00:00,10456.691163574622,11647.205763924434,7248.097931422104
forecast_5207,2025-08-05 23:00:00,10194.152500106129,10916.782464540622,6590.021808431979
forecast_5208,2025-08-06 00:00:00,10374.6530763353,11407.987086000723,6893.714910726768
forecast_5209,2025-08-06 01:00:00,13477.474336948291,14569.86081928917,12455.849272446048
forecast_5210,2025-08-06 02:00:00,13949.762188415441,14674.99869620441,12327.90417428105
forecast_5211,2025-08-06 03:00:00,13046.327466577377,13676.756828493262,11318.101741346549
forecast_5212,2025-08-06 04:00:00,12482.386984103481,13827.436009498113,10845.741887194195
forecast_5213,2025-08-06 05:00:00,12244.644007113591,13944.398828283425,11352.654723192874
forecast_5214,2025-08-06 06:00:00,12381.742035362096,13527.9354654194,10990.769602348028
forecast_5215,2025-08-06 07:00:00,12091.475013890886,13652.020791075054,11208.468389663281
forecast_5216,2025-08-06 08:00:00,11245.534731376656,13318.494405962789,10864.704398279793
forecast_5217,2025-08-06 09:00:00,12209.409909893155,13937.834231705578,11860.747607216588
forecast_5218,2025-08-06 10:00:00,13074.423560113082,14978.476020181755,12882.57937085108
forecast_5219,2025-08-06 11:00:00,13203.06804069511,14985.252441352335,12822.455107544296
forecast_5220,2025-08-06 12:00:00,12882.298699433984,15126.219255191098,13198.728094166709
forecast_5221,2025-08-06 13:00:00,13110.361637992784,15497.724489697737,13160.700487476272
forecast_5222,2025-08-06 14:00:00,13601.236457244166,15374.040404022599,13064.348657334674
forecast_5223,2025-08-06 15:00:00,13956.873961152547,16210.538152947533,13911.951506106436
forecast_5224,2025-08-06 16:00:00,12809.431498143873,15239.529177500614,12888.634885738447
forecast_5225,2025-08-06 17:00:00,12787.909997892531,15059.578858874742,12877.711511780819
forecast_5226,2025-08-06 18:00:00,12928.926240631075,14910.53550140823,13149.647940788012
forecast_5227,2025-08-06 19:00:00,12953.808971422626,15768.155146586938,13347.041971123243
forecast_5228,2025-08-06 20:00:00,13108.548358677861,14420.143548376478,12371.774898910471
forecast_5229,2025-08-06 21:00:00,14326.587450370005,15599.625402271075,13343.70133708694
forecast_5230,2025-08-06 22:00:00,14272.68329643855,15855.90191897784,14145.255299490613
forecast_5231,2025-08-06 23:00:00,14292.222326085019,16134.055105266207,14106.625649933909
forecast_5232,2025-08-07 00:00:00,14888.463693174363,15788.940268621056,12465.605216710002
forecast_5233,2025-08-07 01:00:00,14961.471110003353,13896.659130730299,11843.301972014015
forecast_5234,2025-08-07 02:00:00,15131.110131467212,14679.966377140228,12216.839498971234
forecast_5235,2025-08-07 03:00:00,15269.818019888266,15160.684599624068,12172.63448296944
forecast_5236,2025-08-07 04:00:00,15432.872830786444,15423.455767302925,12570.66176352537
forecast_5237,2025-08-07 05:00:00,16059.157050431055,15919.797955789734,12417.85785381912
forecast_5238,2025-08-07 06:00:00,16187.2470568446,16392.4008869688,12027.387789526225
forecast_5239,2025-08-07 07:00:00,15773.557329568743,14483.235046366699,10265.867126397663
forecast_5240,2025-08-07 08:00:00,12632.141663528133,11880.47148309923,8915.256899218264
forecast_5241,2025-08-07 09:00:00,8412.768834128023,7974.723279780404,5220.268550783369
forecast_5242,2025-08-07 10:00:00,6152.060812793369,5136.357248513791,3756.075935794847
forecast_5243,2025-08-07 11:00:00,3989.786010200489,3143.3788568652567,2470.367612968054
forecast_5244,2025-08-07 12:00:00,2602.195049521546,2090.261643264027,1417.2571418754096
forecast_5245,2025-08-07 13:00:00,1560.4621523681524,1284.7980424055693,633.6258509273296
forecast_5246,2025-08-07 14:00:00,1038.523417506021,844.2688102627159,571.8450300513634
forecast_5247,2025-08-07 15:00:00,605.757074633927,614.7331967604714,348.51672071084806
forecast_5248,2025-08-07 16:00:00,595.4583519169129,532.6831661473997,326.03763036379706
forecast_5249,2025-08-07 17:00:00,764.0678369416945,632.8002793177784,527.5037671265014
forecast_5250,2025-08-07 18:00:00,964.0838692241967,833.5438170938921,763.1776878890424
forecast_5251,2025-08-07 19:00:00,935.7906793775209,880.8758069301697,653.8392977929498
forecast_5252,2025-08-07 20:00:00,1298.9421065263305,1497.6369267077525,557.8834818286708
forecast_5253,2025-08-07 21:00:00,1932.4468515711853,2041.8281296193245,812.1850224949725
forecast_5254,2025-08-07 22:00:00,4074.5630895708373,3481.0575160991752,2138.4224431314638
forecast_5255,2025-08-07 23:00:00,5339.093487883195,5314.928841205246,3772.2960365478143
forecast_5256,2025-08-08 00:00:00,6980.56119299153,6376.73753899072,5137.597232200289
forecast_5257,2025-08-08 01:00:00,6137.025942148228,5564.2145620025585,3930.3010688629847
forecast_5258,2025-08-08 02:00:00,6050.567977069658,5001.068122341527,3656.5734556636557
forecast_5259,2025-08-08 03:00:00,5150.935951368291,3898.375610833042,3093.586556310998
forecast_5260,2025-08-08 04:00:00,3845.23245108487,3262.034945517109,2197.605806691036
forecast_5261,2025-08-08 05:00:00,3477.164204886398,2488.4198405708125,1609.2854785063273
forecast_5262,2025-08-08 06:00:00,2503.1471998696697,2047.377548534776,1178.3495317102308
forecast_5263,2025-08-08 07:00:00,1399.4019194808357,987.7532100131338,389.8205472062289
forecast_5264,2025-08-08 08:00:00,657.909209976483,517.2499300434278,295.4156916948692
forecast_5265,2025-08-08 09:00:00,218.7391062811492,192.34881668663124,90.19326326405414
forecast_5266,2025-08-08 10:00:00,127.75412033965974,138.33556408505007,67.7888987955211
forecast_5267,2025-08-08 11:00:00,109.32819688256329,111.92440091552925,72.02779172158156
forecast_5268,2025-08-08 12:00:00,144.72576273090974,189.88618431114713,131.64020159604453
forecast_5269,2025-08-08 13:00:00,183.93258147066638,171.62970467771737,131.20476402809857
forecast_5270,2025-08-08 14:00:00,178.88155927034342,165.75537803840965,127.04970481437266
forecast_5271,2025-08-08 15:00:00,194.6911976495984,190.83847710820996,134.3443630126242
forecast_5272,2025-08-08 16:00:00,178.15751971551,178.0417571388126,136.05690359491078
forecast_5273,2025-08-08 17:00:00,202.69112193847155,212.59247252402284,121.50147128692112
forecast_5274,2025-08-08 18:00:00,239.98816138713846,221.3709984124144,123.53162614010276
forecast_5275,2025-08-08 19:00:00,343.6739220026344,283.1201042157972,121.03741391469647
forecast_5276,2025-08-08 20:00:00,434.0109978775259,355.52082855640725,177.36375020878026
forecast_5277,2025-08-08 21:00:00,559.2046181459561,584.664272917378,396.827001485523
forecast_5278,2025-08-08 22:00:00,717.4417282559809,754.8973677585071,335.0823415496197
forecast_5279,2025-08-08 23:00:00,2098.7535973512845,1963.0456131119242,998.2128201117187
forecast_5280,2025-08-09 00:00:00,3409.4125012522513,2909.46123938412,1794.493122427153
forecast_5281,2025-08-09 01:00:00,1456.7516926183894,1533.2728754033997,663.1278291478899
forecast_5282,2025-08-09 02:00:00,2566.6717596445937,2289.3316891007394,1447.2895783959107
forecast_5283,2025-08-09 03:00:00,2274.8422227420397,2150.024915424134,1400.528397179979
forecast_5284,2025-08-09 04:00:00,3227.1548913134948,3362.4125933500864,2047.3327343955734
forecast_5285,2025-08-09 05:00:00,4022.5519714919874,3548.2480294632287,2238.0487593173657
forecast_5286,2025-08-09 06:00:00,3443.9114812160897,2949.8632789568787,1718.1643954284107
forecast_5287,2025-08-09 07:00:00,3542.1598581117764,3117.888799455006,1692.337315060864
forecast_5288,2025-08-09 08:00:00,3297.1878031092024,2738.6457657891137,1671.5566936884984
forecast_5289,2025-08-09 09:00:00,3182.1986580659827,2607.380967291276,1434.0106523251766
forecast_5290,2025-08-09 10:00:00,3212.3186380506622,2593.318449452486,1244.091330085818
forecast_5291,2025-08-09 11:00:00,3177.5283448860273,2824.788605439345,1454.5852569145927
forecast_5292,2025-08-09 12:00:00,2105.5370120415046,2518.6114843567093,1203.5800074749327
forecast_5293,2025-08-09 13:00:00,1371.9362464134006,1828.2540819670164,619.8760971878071
forecast_5294,2025-08-09 14:00:00,1498.856743387631,1686.5550602555486,681.0857995798976
forecast_5295,2025-08-09 15:00:00,1383.1969861939538,1108.1706034331187,741.0470899899746
forecast_5296,2025-08-09 16:00:00,1313.0064810970007,1151.6062844374396,817.4579742137082
forecast_5297,2025-08-09 17:00:00,1112.588608289121,1288.5088614699152,884.030517705976
forecast_5298,2025-08-09 18:00:00,1145.122534728843,898.3186820798882,525.1186110375232
forecast_5299,2025-08-09 19:00:00,1153.9177149804593,1122.3230258374826,786.1763499949823
forecast_5300,2025-08-09 20:00:00,2598.984153215216,2422.835518097627,1338.877821548545
forecast_5301,2025-08-09 21:00:00,2105.8169880679525,2168.5045372312657,1405.443143978199
forecast_5302,2025-08-09 22:00:00,1831.9761688383696,1538.1997372308037,979.9484078884432
forecast_5303,2025-08-09 23:00:00,1124.6464716248151,1091.7594948994774,304.86659681314404
forecast_5304,2025-08-10 00:00:00,1059.7740457998082,1024.5988517767862,203.5846541154553
forecast_5305,2025-08-10 01:00:00,1498.347134882581,1151.4127876861876,614.0094893411302
forecast_5306,2025-08-10 02:00:00,1110.7491435108082,797.9804715970402,386.8793276868319
forecast_5307,2025-08-10 03:00:00,859.8816773522835,836.6036470715268,272.5748233821726
forecast_5308,2025-08-10 04:00:00,960.7148212389089,726.3611569181404,253.9249367353871
forecast_5309,2025-08-10 05:00:00,1052.9002436244027,963.4740017578005,267.4502329073361
forecast_5310,2025-08-10 06:00:00,1693.8186461523544,1664.3272991435929,514.1349292770078
forecast_5311,2025-08-10 07:00:00,1375.4533308236134,1572.4417620325323,390.90696876143414
forecast_5312,2025-08-10 08:00:00,826.508985224911,709.2707817901664,175.18746994261463
forecast_5313,2025-08-10 09:00:00,676.820499684616,755.7425386500678,259.73292740995413
forecast_5314,2025-08-10 10:00:00,899.0290531551275,748.6120668959244,377.5244763661985
forecast_5315,2025-08-10 11:00:00,609.6682155162039,650.5191666338516,406.52727196273565
forecast_5316,2025-08-10 12:00:00,396.2654937734433,461.7639372759367,323.655610789828
forecast_5317,2025-08-10 13:00:00,356.77323784188746,401.02278750958226,284.7838268192729
forecast_5318,2025-08-10 14:00:00,441.85999480571564,420.63862066542845,303.9269200786041
forecast_5319,2025-08-10 15:00:00,359.25501872258246,386.4728485612949,257.17094802034876
forecast_5320,2025-08-10 16:00:00,357.23030846090177,382.3770756543695,269.4725571867313
forecast_5321,2025-08-10 17:00:00,227.17886952225948,268.0854001524686,158.98333528582378
forecast_5322,2025-08-10 18:00:00,202.0567042901946,168.02137497336503,100.96774592078539
forecast_5323,2025-08-10 19:00:00,322.83171028841855,195.65561427768756,82.8203710702721
forecast_5324,2025-08-10 20:00:00,246.33990176035297,197.5912358568278,68.65923278864683
forecast_5325,2025-08-10 21:00:00,282.60674097237694,196.33961366025838,66.1116030854829
forecast_5326,2025-08-10 22:00:00,266.832909707365,223.50145332069118,72.15965716015138
forecast_5327,2025-08-10 23:00:00,271.74717360172934,261.3859390118176,77.66120986454968
forecast_5328,2025-08-11 00:00:00,408.11670846121206,348.6564862570498,87.8904513831089
forecast_5329,2025-08-11 01:00:00,355.5735306849068,279.7986061240348,123.46162151582816
forecast_5330,2025-08-11 02:00:00,439.4827471565996,367.58229541026617,153.1284974506075
forecast_5331,2025-08-11 03:00:00,548.3599600854918,519.1956039785915,164.5601615149984
forecast_5332,2025-08-11 04:00:00,602.3291434824023,591.2353551630232,196.77966720624943
forecast_5333,2025-08-11 05:00:00,599.5345879916854,519.3611057959051,197.67109448055302
forecast_5334,2025-08-11 06:00:00,490.90494343872155,433.07539050825966,139.05846718803372
forecast_5335,2025-08-11 07:00:00,373.0786413134145,345.2695846107523,104.77873138443285
forecast_5336,2025-08-11 08:00:00,295.47958422617876,245.21771030360222,83.01340262644906
forecast_5337,2025-08-11 09:00:00,258.19529114616836,226.77244727489224,77.85464563477234
forecast_5338,2025-08-11 10:00:00,165.49258884936592,141.14057330657303,63.30599351828545
forecast_5339,2025-08-11 11:00:00,153.0786325964116,148.51024744157343,64.4339217394759
forecast_5340,2025-08-11 12:00:00,171.11753369803066,138.10445971809202,84.40609394329681
forecast_5341,2025-08-11 13:00:00,220.349641903958,176.14600598765045,78.42505416573309
forecast_5342,2025-08-11 14:00:00,241.32349341718626,194.23746957144454,88.73509471680173
forecast_5343,2025-08-11 15:00:00,271.1426766971985,208.19791364878236,78.04317709346341
forecast_5344,2025-08-11 16:00:00,354.861763075498,240.09048681115314,142.6499036955932
forecast_5345,2025-08-11 17:00:00,647.1025762934713,422.7038552290836,130.26073064926828
forecast_5346,2025-08-11 18:00:00,324.9726267203535,231.42323169123338,100.45360222324716
forecast_5347,2025-08-11 19:00:00,300.332607896314,236.8443215377529,110.88680483379407
forecast_5348,2025-08-11 20:00:00,331.5118318939709,271.2333907414897,83.99775667919266
forecast_5349,2025-08-11 21:00:00,497.8525982190621,389.4823278183567,147.92479406087813
forecast_5350,2025-08-11 22:00:00,382.50025042296835,291.30342386860804,139.38918891725262
forecast_5351,2025-08-11 23:00:00,394.19168486204626,294.37517589418377,143.96054807039886
forecast_5352,2025-08-12 00:00:00,559.1119832691631,469.3996195028335,243.02166385684188
forecast_5353,2025-08-12 01:00:00,1505.6870732790912,1322.2263541920165,860.4684282519019
forecast_5354,2025-08-12 02:00:00,1838.1418298734802,1491.2956525861407,929.0178420375955
forecast_5355,2025-08-12 03:00:00,2698.5115722040123,2707.68673929432,1404.8339162941536
forecast_5356,2025-08-12 04:00:00,2232.704551164894,2152.9735119784636,976.9231541102291
forecast_5357,2025-08-12 05:00:00,1935.8742381886216,1713.0738592792845,926.5588053053484
forecast_5358,2025-08-12 06:00:00,1225.8490972990478,1004.2074812186154,571.3099998886361
forecast_5359,2025-08-12 07:00:00,694.5488444235749,691.1829851291658,211.33370919535432
forecast_5360,2025-08-12 08:00:00,578.1389851863365,598.1642546008238,154.12731168727342
forecast_5361,2025-08-12 09:00:00,485.0017547481895,434.794314285247,156.0970819639235
forecast_5362,2025-08-12 10:00:00,356.46165292146475,317.1614492620338,155.58370016704183
forecast_5363,2025-08-12 11:00:00,245.14234134524048,285.1582233724125,167.43284871788288
forecast_5364,2025-08-12 12:00:00,210.96319869983705,250.4145020367509,169.83905094785584
forecast_5365,2025-08-12 13:00:00,262.14484734266233,314.52702161008364,287.92399543863576
forecast_5366,2025-08-12 14:00:00,491.7795542604866,535.0181657157461,354.1387208339538
forecast_5367,2025-08-12 15:00:00,375.50269629728257,552.2020768327145,380.8176984702566
forecast_5368,2025-08-12 16:00:00,543.2013655427521,582.2796335991405,482.55872140593465
forecast_5369,2025-08-12 17:00:00,559.1545353658844,554.3554039885878,414.1236317783691
forecast_5370,2025-08-12 18:00:00,989.4437390263777,996.3510285808727,510.4995621793916
forecast_5371,2025-08-12 19:00:00,1385.890898471116,1384.015700666595,618.1470422616067
forecast_5372,2025-08-12 20:00:00,1665.2384701624176,1030.6420454729675,643.242234050819
forecast_5373,2025-08-12 21:00:00,1451.8439897820506,1230.052564322021,637.1050439627725
forecast_5374,2025-08-12 22:00:00,1825.0542671787866,1810.2346814592058,687.3766630942687
forecast_5375,2025-08-12 23:00:00,1673.1279299705577,1872.6643967292703,731.5372714020848
forecast_5376,2025-08-13 00:00:00,1920.6148710422644,2015.8764024245313,950.2267647642159
forecast_5377,2025-08-13 01:00:00,2533.360625999964,2343.6990974981118,1320.4174222647425
forecast_5378,2025-08-13 02:00:00,2987.4173299029535,3123.0698514171704,1601.2610701542092
forecast_5379,2025-08-13 03:00:00,3436.462979603959,3402.8572201605602,1557.78657909581
forecast_5380,2025-08-13 04:00:00,2496.060015350269,2863.8996807047865,1048.3010351802964
forecast_5381,2025-08-13 05:00:00,2226.1814833371714,2830.5893450691165,915.4350073492229
forecast_5382,2025-08-13 06:00:00,3880.4700795601802,4021.0009753044105,2015.1138113047004
forecast_5383,2025-08-13 07:00:00,5130.422171449735,6184.8188590440495,2417.2510988079102
forecast_5384,2025-08-13 08:00:00,5714.95416702367,6959.751713510476,2957.9998832157876
forecast_5385,2025-08-13 09:00:00,4932.724322025764,7098.810035791965,3740.0201344180446
forecast_5386,2025-08-13 10:00:00,7429.987721499139,9808.176713115821,6039.428013582872
forecast_5387,2025-08-13 11:00:00,6301.873140385275,9091.89390696945,5539.202054988525
forecast_5388,2025-08-13 12:00:00,5843.176733783385,8423.56121976472,4916.618514310769
forecast_5389,2025-08-13 13:00:00,6018.688503499865,7620.243481770597,4671.350251637804
forecast_5390,2025-08-13 14:00:00,7396.123995002208,9643.727181815246,5311.787456788818
forecast_5391,2025-08-13 15:00:00,7069.346239473264,9284.019810589674,6392.434624869454
forecast_5392,2025-08-13 16:00:00,7183.021825089962,8983.832460180807,7657.419680524841
forecast_5393,2025-08-13 17:00:00,7079.653074598528,9795.545544868733,7808.950051700094
forecast_5394,2025-08-13 18:00:00,7829.687314385923,10287.510993401178,7420.3335908689805
forecast_5395,2025-08-13 19:00:00,9072.493657323406,12018.149324568347,8938.693463660093
forecast_5396,2025-08-13 20:00:00,11860.77624189611,13887.64417496712,11842.546154680684
forecast_5397,2025-08-13 21:00:00,15870.041281125872,17208.395201334737,14872.461752097564
forecast_5398,2025-08-13 22:00:00,16783.81923984141,17766.36857363253,15311.146519903938
forecast_5399,2025-08-13 23:00:00,16633.683527955774,18023.616958262744,15338.510580932936
forecast_5400,2025-08-14 00:00:00,16237.754002354473,17897.874930224927,15476.8766806509
forecast_5401,2025-08-14 01:00:00,16591.61757138484,18104.63255168565,15491.910516243419
forecast_5402,2025-08-14 02:00:00,16619.777854077034,18116.035457098696,15774.29264506919
forecast_5403,2025-08-14 03:00:00,17223.45604169229,18163.79608439464,15665.361720015148
forecast_5404,2025-08-14 04:00:00,15349.493162467008,16826.184157011423,13475.55908317097
forecast_5405,2025-08-14 05:00:00,13517.749334904054,14831.800595432876,12715.774964122906
forecast_5406,2025-08-14 06:00:00,12891.384905639195,14358.629891589613,12199.862491272675
forecast_5407,2025-08-14 07:00:00,13313.471126437982,14405.387475787085,11990.448273502097
forecast_5408,2025-08-14 08:00:00,13295.188982136526,14643.944267410523,12474.89246447933
forecast_5409,2025-08-14 09:00:00,14740.73091078557,15782.285554591592,13352.987578876351
forecast_5410,2025-08-14 10:00:00,14234.86888446066,14909.66305069442,13157.195892259491
forecast_5411,2025-08-14 11:00:00,12824.076123289726,12324.367108865428,11205.99563430853
forecast_5412,2025-08-14 12:00:00,9296.39851419945,8767.021234468639,8129.827069578925
forecast_5413,2025-08-14 13:00:00,6965.451891388579,8126.34003113052,6588.228733036533
forecast_5414,2025-08-14 14:00:00,9173.491186767247,9620.475020672458,7090.173303026868
forecast_5415,2025-08-14 15:00:00,8847.466553278096,9087.198912230204,7051.440681190056
forecast_5416,2025-08-14 16:00:00,12067.819950730784,11751.046652393776,9636.200114508634
forecast_5417,2025-08-14 17:00:00,12552.654703407823,12969.041613083347,12234.040615129676
forecast_5418,2025-08-14 18:00:00,12926.317378781034,12886.87830615899,10825.62854574177
forecast_5419,2025-08-14 19:00:00,11253.798168880292,11441.08581531956,9608.444678154583
forecast_5420,2025-08-14 20:00:00,12738.480242555486,12902.094437144018,10431.953520337072
forecast_5421,2025-08-14 21:00:00,13715.435110332552,13034.815826186677,10390.901379940504
forecast_5422,2025-08-14 22:00:00,14280.388009615262,12981.45597217208,10151.531341765354
forecast_5423,2025-08-14 23:00:00,13911.775225548748,13565.539230789484,9638.755886256971
forecast_5424,2025-08-15 00:00:00,14107.428025515173,14036.407757198458,9386.588371580548
forecast_5425,2025-08-15 01:00:00,13488.587157745877,11984.61271998842,8453.891369200663
forecast_5426,2025-08-15 02:00:00,12207.813814780266,10860.879086589155,7886.068023128126
forecast_5427,2025-08-15 03:00:00,11119.004040668275,11082.166090806679,7070.557600865719
forecast_5428,2025-08-15 04:00:00,11143.98838189129,10778.988881851194,7025.349554453095
forecast_5429,2025-08-15 05:00:00,10271.123633044002,8857.184979470809,5467.963590294417
forecast_5430,2025-08-15 06:00:00,9026.705074853196,8067.957103523706,4801.6263845115
forecast_5431,2025-08-15 07:00:00,7729.877829526031,6691.157789238144,4264.384402953774
forecast_5432,2025-08-15 08:00:00,5689.450819584313,4896.182309119644,3405.95638858419
forecast_5433,2025-08-15 09:00:00,1996.5404882340101,1724.335146311403,1262.8384651758959
forecast_5434,2025-08-15 10:00:00,884.2660497242894,767.3659418014183,505.5739824751461
forecast_5435,2025-08-15 11:00:00,626.2409608156618,500.62772161349864,428.08128799246015
forecast_5436,2025-08-15 12:00:00,555.8283001414331,496.23991078682303,496.269704033245
forecast_5437,2025-08-15 13:00:00,895.476793934225,878.9963886447975,597.8091464591889
forecast_5438,2025-08-15 14:00:00,1417.1367230148387,1172.2607713705513,870.2053263018338
forecast_5439,2025-08-15 15:00:00,1370.2687173496658,1279.0795069940525,993.8458710821347
forecast_5440,2025-08-15 16:00:00,1064.3374695028872,1190.8924514527746,783.9825204126208
forecast_5441,2025-08-15 17:00:00,1064.559968547313,934.5240405454609,692.593300286707
forecast_5442,2025-08-15 18:00:00,1157.0895640261035,1140.870907900997,862.2690392557585
forecast_5443,2025-08-15 19:00:00,1292.1624363076778,1043.0779452609788,601.4085705036831
forecast_5444,2025-08-15 20:00:00,2361.42227117106,2121.7866331625914,1234.8569570711757
forecast_5445,2025-08-15 21:00:00,2498.4095150686667,2449.189068613118,1919.3834560524228
forecast_5446,2025-08-15 22:00:00,5449.987284695684,5012.201445879549,3178.287185400973
forecast_5447,2025-08-15 23:00:00,6025.053241778868,5737.397648643267,3619.3581222377343
forecast_5448,2025-08-16 00:00:00,7271.414152543667,6967.90774004311,4632.949760008788
forecast_5449,2025-08-16 01:00:00,8657.301868783457,8829.4497964682,5777.451516471245
forecast_5450,2025-08-16 02:00:00,10540.035680172236,11663.33688916451,6858.2058848741335
forecast_5451,2025-08-16 03:00:00,11128.707861108845,11232.951180645687,7466.330723333492
forecast_5452,2025-08-16 04:00:00,10302.449261783851,10464.754272487073,6034.198849989299
forecast_5453,2025-08-16 05:00:00,9913.850596394837,10331.98410790378,6186.072196752544
forecast_5454,2025-08-16 06:00:00,9622.958892260698,9696.435476096287,5996.917305170589
forecast_5455,2025-08-16 07:00:00,8434.380970777645,9044.792644856241,5081.187665606004
forecast_5456,2025-08-16 08:00:00,7127.675385074123,6965.931281990785,3588.4023872674657
forecast_5457,2025-08-16 09:00:00,6254.171254310618,5952.2334319322545,3151.13569532049
forecast_5458,2025-08-16 10:00:00,5429.894139334381,3599.3707633072663,2477.215554760335
forecast_5459,2025-08-16 11:00:00,5232.626885410887,4290.1823100965,3008.6972373816734
forecast_5460,2025-08-16 12:00:00,4670.341124741577,4184.777785246896,3887.9083095597816
forecast_5461,2025-08-16 13:00:00,5180.809387012451,4492.5738843017025,4190.3114148098375
forecast_5462,2025-08-16 14:00:00,6723.162432525725,6026.258066074431,5649.323201455039
forecast_5463,2025-08-16 15:00:00,6933.232516159308,6263.968440779832,6429.174816115707
forecast_5464,2025-08-16 16:00:00,6988.840118688941,6276.820651624628,6447.748090393477
forecast_5465,2025-08-16 17:00:00,7893.174818228612,7467.713118574961,7900.036230894457
forecast_5466,2025-08-16 18:00:00,9112.164191617117,8960.505808955808,8623.138931264748
forecast_5467,2025-08-16 19:00:00,12248.588620604995,10769.451492589877,10053.836420038497
forecast_5468,2025-08-16 20:00:00,13682.366210019534,12630.431701460097,10265.8551084881
forecast_5469,2025-08-16 21:00:00,14787.48638392709,13896.612305677752,11689.522768870162
forecast_5470,2025-08-16 22:00:00,16408.899580662342,15681.091809958089,13574.904198469367
forecast_5471,2025-08-16 23:00:00,16800.52618856718,16608.773686088967,13718.11125389188
forecast_5472,2025-08-17 00:00:00,16486.704334011392,16854.166097972036,13839.38548275959
forecast_5473,2025-08-17 01:00:00,16884.366465285337,17469.084368565727,13598.974697858355
forecast_5474,2025-08-17 02:00:00,16790.294192078574,17203.28053731874,13566.550076566093
forecast_5475,2025-08-17 03:00:00,16495.59326277467,16930.97927320919,13100.428384262163
forecast_5476,2025-08-17 04:00:00,16855.297301621664,17145.11507410211,13690.92035501673
forecast_5477,2025-08-17 05:00:00,16446.368923356644,16616.4617797606,12840.802704411306
forecast_5478,2025-08-17 06:00:00,16222.611417129776,15749.704251128673,11467.928099002209
forecast_5479,2025-08-17 07:00:00,15291.709710212617,14442.336185869073,10607.133885928262
forecast_5480,2025-08-17 08:00:00,13539.940143133237,13924.940337049311,9798.765310847271
forecast_5481,2025-08-17 09:00:00,11471.764285087555,13060.597487568384,8216.602321883664
forecast_5482,2025-08-17 10:00:00,7903.370482319293,9642.263826911607,6353.455254534758
forecast_5483,2025-08-17 11:00:00,6573.24934114938,6534.611486879845,4190.707997303019
forecast_5484,2025-08-17 12:00:00,4465.231400805686,4157.621542255539,2673.895043916776
forecast_5485,2025-08-17 13:00:00,3817.8229413149506,2913.9556869874323,2605.9111071746624
forecast_5486,2025-08-17 14:00:00,4951.895009349232,4875.794781894147,4161.335401061827
forecast_5487,2025-08-17 15:00:00,5920.028055646694,5730.585189712275,4301.193730816813
forecast_5488,2025-08-17 16:00:00,5432.6808960561775,5153.9260918779455,3810.7919819400045
forecast_5489,2025-08-17 17:00:00,5410.561037860037,4864.349529476448,3026.7386386310186
forecast_5490,2025-08-17 18:00:00,4716.4185103175505,4350.529809907173,2640.1133872743526
forecast_5491,2025-08-17 19:00:00,5682.21201460179,4963.320966209154,3111.4172839713065
forecast_5492,2025-08-17 20:00:00,6018.016613592829,4792.844563250797,3279.821505780896
forecast_5493,2025-08-17 21:00:00,6432.643269198788,5794.805161153233,4079.725597810264
forecast_5494,2025-08-17 22:00:00,6471.7718549493975,5648.87293376506,3960.0680870129167
forecast_5495,2025-08-17 23:00:00,6244.2254528186495,5188.8937444444,3673.5613690493083
forecast_5496,2025-08-18 00:00:00,6837.857901194884,6081.881500012068,3790.588929137674
forecast_5497,2025-08-18 01:00:00,8844.594678615002,8039.740332788649,4936.52288934082
forecast_5498,2025-08-18 02:00:00,9101.168417443749,8050.41713599473,4435.310455237669
forecast_5499,2025-08-18 03:00:00,9297.607744937222,8424.888193730627,5052.913749728244
forecast_5500,2025-08-18 04:00:00,7433.376392273695,6936.073977733635,4161.141915200783
forecast_5501,2025-08-18 05:00:00,8504.550254156378,8066.45245230281,4716.452446896567
forecast_5502,2025-08-18 06:00:00,10241.39916504846,9545.46800465629,5545.696656948597
forecast_5503,2025-08-18 07:00:00,8965.376978393515,9875.761957961637,5796.910236347589
forecast_5504,2025-08-18 08:00:00,9002.9863294851,9096.699214884784,5347.976631869229
forecast_5505,2025-08-18 09:00:00,8035.448409744118,9114.545655836277,5505.802024223453
forecast_5506,2025-08-18 10:00:00,7881.134634213254,8775.698732447261,5295.071934325465
forecast_5507,2025-08-18 11:00:00,8524.024411842585,8343.505678313102,5181.068028513204
forecast_5508,2025-08-18 12:00:00,8227.057222160469,7677.407220285757,5128.152601682551
forecast_5509,2025-08-18 13:00:00,6210.055298807203,6716.093203428514,4315.806297890062
forecast_5510,2025-08-18 14:00:00,5290.648370337036,5143.9921342984135,4833.581870752197
forecast_5511,2025-08-18 15:00:00,5543.344570992397,4979.59204732953,4786.307337655211
forecast_5512,2025-08-18 16:00:00,4734.887246930355,4547.839175991412,4589.350602673068
forecast_5513,2025-08-18 17:00:00,4877.676568232808,5012.4848523539595,4999.795696424824
forecast_5514,2025-08-18 18:00:00,6144.639137676241,7156.095378045621,5872.7721581891765
forecast_5515,2025-08-18 19:00:00,7717.896709129692,7798.276672871816,7014.636085221296
forecast_5516,2025-08-18 20:00:00,8407.368672410023,8812.625996127612,7508.935308081668
forecast_5517,2025-08-18 21:00:00,9924.704174480505,10626.334558064971,7423.561342889123
forecast_5518,2025-08-18 22:00:00,12806.072890772693,13147.820552834657,9950.196187650667
forecast_5519,2025-08-18 23:00:00,13652.140123584246,13411.058324293761,10773.17354106946
forecast_5520,2025-08-19 00:00:00,14942.090269873985,14609.946040116432,11931.220886523502
forecast_5521,2025-08-19 01:00:00,14250.650869162448,14492.709073380878,11429.027350603006
forecast_5522,2025-08-19 02:00:00,15066.963437092874,15355.978359893486,12388.258666970278
forecast_5523,2025-08-19 03:00:00,15465.193322912946,16562.790897480198,13619.059471471468
forecast_5524,2025-08-19 04:00:00,14950.22429127001,15881.60971809773,13354.446067434938
forecast_5525,2025-08-19 05:00:00,14766.41511408031,16059.350646894492,13303.843046153552
forecast_5526,2025-08-19 06:00:00,14054.984313508756,14987.237287130665,12352.96343599198
forecast_5527,2025-08-19 07:00:00,13772.706827670634,13616.615749189516,11160.122602059206
forecast_5528,2025-08-19 08:00:00,13389.842761435837,13490.834451135574,11303.094339564741
forecast_5529,2025-08-19 09:00:00,13792.405719522067,15128.445905527966,12802.249991646395
forecast_5530,2025-08-19 10:00:00,12682.429485237803,12449.492132024316,10762.424034258323
forecast_5531,2025-08-19 11:00:00,11173.390703687317,11449.312120102644,9132.449213920698
forecast_5532,2025-08-19 12:00:00,11370.176744976106,11001.335726040932,9556.82284148713
forecast_5533,2025-08-19 13:00:00,9202.428915250623,8747.58879900725,7946.089020274002
forecast_5534,2025-08-19 14:00:00,10177.367387638878,9206.12145911539,7432.981232759915
forecast_5535,2025-08-19 15:00:00,9905.578993506098,9216.538004217702,7916.371690861762
forecast_5536,2025-08-19 16:00:00,10330.053221573595,9289.668852975732,8699.558325621781
forecast_5537,2025-08-19 17:00:00,11129.08884560734,10061.088980209577,8521.95925681882
forecast_5538,2025-08-19 18:00:00,11346.721479419146,11172.200631500024,8122.133263009924
forecast_5539,2025-08-19 19:00:00,11706.865947273569,10856.32316145087,8924.571332984746
forecast_5540,2025-08-19 20:00:00,13349.45461484525,12492.588850207274,9780.401562665367
forecast_5541,2025-08-19 21:00:00,12754.27107033206,12527.793383329685,10848.389229802468
forecast_5542,2025-08-19 22:00:00,15462.34230233214,14669.484419962075,11748.754845571168
forecast_5543,2025-08-19 23:00:00,15961.08240053698,15371.065092300609,12348.001891979384
forecast_5544,2025-08-20 00:00:00,16271.049313649066,15784.284626731902,13824.413655736034
forecast_5545,2025-08-20 01:00:00,16588.541483987552,16852.01238233745,14497.260155242097
forecast_5546,2025-08-20 02:00:00,16050.315978757886,16679.273212582764,14341.559554780339
forecast_5547,2025-08-20 03:00:00,15588.610858674603,16754.81943353349,13585.552886215857
forecast_5548,2025-08-20 04:00:00,15667.320434814172,16349.304996402385,13896.783792713137
forecast_5549,2025-08-20 05:00:00,15459.720905981245,16164.633246787807,13249.813062186022
forecast_5550,2025-08-20 06:00:00,15994.57842457286,16138.744464583408,12672.451515914547
forecast_5551,2025-08-20 07:00:00,15108.32978544226,14768.38384338937,12197.169008395018
forecast_5552,2025-08-20 08:00:00,14174.546426438188,14046.701164059752,11140.323629337978
forecast_5553,2025-08-20 09:00:00,11335.962979533888,12421.25896906554,9270.248766466746
forecast_5554,2025-08-20 10:00:00,10070.87293878915,9987.306622798284,7051.511240225468
forecast_5555,2025-08-20 11:00:00,6815.305171508604,6877.988039872674,4762.218935134386
forecast_5556,2025-08-20 12:00:00,5403.55978343134,5150.663792441812,4832.217379336836
forecast_5557,2025-08-20 13:00:00,4389.072521134165,3836.4399995495414,4049.6131843071084
forecast_5558,2025-08-20 14:00:00,3470.2048180435677,2518.400398133332,2749.1327380127746
forecast_5559,2025-08-20 15:00:00,3980.4591180185175,3682.2175627188644,4102.708190870852
forecast_5560,2025-08-20 16:00:00,5402.662664242492,5077.713703112248,4696.069047518286
forecast_5561,2025-08-20 17:00:00,5031.623106711316,3927.8570456189464,4484.930279394803
forecast_5562,2025-08-20 18:00:00,4608.12324496148,4194.690811006991,3767.309408167902
forecast_5563,2025-08-20 19:00:00,7707.9095245736335,7735.251792889058,5239.406946477394
forecast_5564,2025-08-20 20:00:00,8155.0624169417515,7294.054071464561,4767.676349685691
forecast_5565,2025-08-20 21:00:00,6884.443633787998,6851.18792326472,4623.574573376363
forecast_5566,2025-08-20 22:00:00,7389.466070890211,8263.923766366672,4902.167703689991
forecast_5567,2025-08-20 23:00:00,10418.987529958817,11176.193153716684,7835.470219028756
forecast_5568,2025-08-21 00:00:00,13110.260666940334,12448.17919196098,8864.250255218894
forecast_5569,2025-08-21 01:00:00,11467.720162381387,11577.684886161105,7893.391221052092
forecast_5570,2025-08-21 02:00:00,12498.246410763188,12282.46432305655,8581.083033194864
forecast_5571,2025-08-21 03:00:00,13548.355568119012,12866.455016543105,9481.983909769979
forecast_5572,2025-08-21 04:00:00,15347.591264742992,13887.16048276743,10548.533460100703
forecast_5573,2025-08-21 05:00:00,15034.568619637297,13359.589418976037,9832.497118645575
forecast_5574,2025-08-21 06:00:00,11396.01006933951,10408.090343644835,6675.251672314421
forecast_5575,2025-08-21 07:00:00,7574.142026032142,6957.041353999872,4598.811889415986
forecast_5576,2025-08-21 08:00:00,6445.245595099522,5481.93702489383,3237.5822529799443
forecast_5577,2025-08-21 09:00:00,4424.389591486054,3546.2190612738996,2284.7211172614507
forecast_5578,2025-08-21 10:00:00,1597.4703028266586,1331.9002076343475,879.7071385929888
forecast_5579,2025-08-21 11:00:00,1162.3843663989576,1007.5590430215509,682.4210610096121
forecast_5580,2025-08-21 12:00:00,716.0085055972124,666.4781597336654,450.0029006628429
forecast_5581,2025-08-21 13:00:00,398.7141309139984,366.1884312997719,277.99116157893303
forecast_5582,2025-08-21 14:00:00,317.3092048790593,286.0417368029648,238.39852097921258
forecast_5583,2025-08-21 15:00:00,318.26720579578944,370.69722760355535,202.46875349686403
forecast_5584,2025-08-21 16:00:00,399.76369730688924,475.0127533817616,311.9677328325943
forecast_5585,2025-08-21 17:00:00,412.24203526755485,432.3745204442307,354.5755089613064
forecast_5586,2025-08-21 18:00:00,615.2129460004084,444.9180309016119,287.2273609330159
forecast_5587,2025-08-21 19:00:00,440.529993090793,390.310996026515,172.22244008346868
forecast_5588,2025-08-21 20:00:00,510.7955521659307,526.7294947859858,223.2186434197696
forecast_5589,2025-08-21 21:00:00,1198.0607882272895,1134.3474102768732,438.27391555512975
forecast_5590,2025-08-21 22:00:00,2615.576007154412,2235.2588588845288,1191.1033336437142
forecast_5591,2025-08-21 23:00:00,2901.520078240506,2647.188723137094,1987.3505085688462
forecast_5592,2025-08-22 00:00:00,3550.531083806944,3480.6488408906675,1785.4618245071513
forecast_5593,2025-08-22 01:00:00,2679.2159323088213,2494.423862415752,1371.7833013901025
forecast_5594,2025-08-22 02:00:00,3386.424573576768,2781.835121724387,1524.466567304974
forecast_5595,2025-08-22 03:00:00,3667.1642235606832,3000.2176392828924,1894.9569113263415
forecast_5596,2025-08-22 04:00:00,5027.486032599005,4900.874984818994,3059.567417064588
forecast_5597,2025-08-22 05:00:00,6236.448712495598,6062.639248277749,4398.634372389579
forecast_5598,2025-08-22 06:00:00,9538.510940928645,8270.32336982468,5749.322256816938
forecast_5599,2025-08-22 07:00:00,9253.5485915994,8090.640832257068,5667.91909189896
forecast_5600,2025-08-22 08:00:00,7257.511565547998,7430.600541515043,4147.1403639840955
forecast_5601,2025-08-22 09:00:00,6673.01922312887,6109.622748211945,3124.690024285293
forecast_5602,2025-08-22 10:00:00,4444.411111838294,3753.0692224267104,2036.2201383977706
forecast_5603,2025-08-22 11:00:00,2533.593827439469,2084.1087023915597,1296.7556890954268
forecast_5604,2025-08-22 12:00:00,1867.5605656818534,1597.5537197819897,1269.3232593431958
forecast_5605,2025-08-22 13:00:00,2170.1974661586482,1923.5811663098718,1228.3137469404844
forecast_5606,2025-08-22 14:00:00,2929.6809148611906,2350.9590413605365,2445.4668929181435
forecast_5607,2025-08-22 15:00:00,3742.3934095281666,3396.632206034331,2814.778355745421
forecast_5608,2025-08-22 16:00:00,4396.092125344905,3998.07593445519,3502.838142007162
forecast_5609,2025-08-22 17:00:00,5410.131342709618,5116.50107545802,4007.915929458183
forecast_5610,2025-08-22 18:00:00,5671.756153520127,5394.732125644382,4417.201571405134
forecast_5611,2025-08-22 19:00:00,7641.371070351186,6757.900514961141,4990.781133823518
forecast_5612,2025-08-22 20:00:00,9090.350991556259,8753.23198523634,5687.08628940458
forecast_5613,2025-08-22 21:00:00,11189.71847698289,10378.323389341182,7327.2220521810705
forecast_5614,2025-08-22 22:00:00,13196.691403698793,12012.26890560462,7968.036825780731
forecast_5615,2025-08-22 23:00:00,13785.944365809732,12544.445626738378,9177.346583473185
forecast_5616,2025-08-23 00:00:00,14424.656771140817,13625.003099368627,10232.185440057288
forecast_5617,2025-08-23 01:00:00,15115.629620996975,13263.508651841805,9624.697073792853
forecast_5618,2025-08-23 02:00:00,14457.540558412622,12589.216184150247,9493.320129994472
forecast_5619,2025-08-23 03:00:00,14840.822864388338,13360.883125098591,10096.900243733393
forecast_5620,2025-08-23 04:00:00,13566.606852471594,11742.540887515563,8586.870626672657
forecast_5621,2025-08-23 05:00:00,11073.114054629756,10296.877207671881,6800.291275575899
forecast_5622,2025-08-23 06:00:00,9170.351132543747,8855.6002554154,5767.428170789231
forecast_5623,2025-08-23 07:00:00,8005.199832687703,6379.46508228475,4945.510872330673
forecast_5624,2025-08-23 08:00:00,4625.186724849058,4093.8978278691534,3021.417805555171
forecast_5625,2025-08-23 09:00:00,2881.4837301225225,2155.180187277639,1527.0830978787099
forecast_5626,2025-08-23 10:00:00,638.8874453472285,718.5239400118871,426.09495524349745
forecast_5627,2025-08-23 11:00:00,284.70229364897824,235.46910813927994,172.32078122170557
forecast_5628,2025-08-23 12:00:00,212.3901969257552,247.4538008165334,194.7133448230774
forecast_5629,2025-08-23 13:00:00,164.70007284102198,157.34028179685575,151.1970166725594
forecast_5630,2025-08-23 14:00:00,184.1858372645464,172.18299247222657,157.4924231708952
forecast_5631,2025-08-23 15:00:00,175.6677677161238,182.39611510767048,130.30705554878816
forecast_5632,2025-08-23 16:00:00,250.2333810514678,155.16827572243665,209.3473206306314
forecast_5633,2025-08-23 17:00:00,372.46850968333763,442.65152248058047,356.88391961359235
forecast_5634,2025-08-23 18:00:00,822.4114269236464,965.1786483184713,462.3415901354793
forecast_5635,2025-08-23 19:00:00,1199.4087143270908,1371.0530827254634,563.5493415954784
forecast_5636,2025-08-23 20:00:00,1054.5461138753067,1175.0925029950977,754.8772125568798
forecast_5637,2025-08-23 21:00:00,2044.0058145741557,2108.7078076782464,1169.7201002906436
forecast_5638,2025-08-23 22:00:00,3455.848109410721,2765.910097023254,1963.8485249952305
forecast_5639,2025-08-23 23:00:00,4232.846840792159,3064.5198674586886,2082.0744205772626
forecast_5640,2025-08-24 00:00:00,3835.239515605804,2798.5484205390085,1729.8755636280475
forecast_5641,2025-08-24 01:00:00,2506.1259798339993,2172.523508127558,1098.559241020766
forecast_5642,2025-08-24 02:00:00,2235.5263827967665,1772.899010591632,976.491563652768
forecast_5643,2025-08-24 03:00:00,2139.236119270163,1684.0825187356786,1092.0854787414385
forecast_5644,2025-08-24 04:00:00,1744.4209024464685,1506.439800551398,846.1979115242693
forecast_5645,2025-08-24 05:00:00,1079.8291780849802,869.6055005651333,404.19534767544684
forecast_5646,2025-08-24 06:00:00,815.2024560707263,647.8123022931092,441.5358126612592
forecast_5647,2025-08-24 07:00:00,703.6174908419466,868.2915996212027,301.0725501948542
forecast_5648,2025-08-24 08:00:00,743.330157280751,626.9903129242007,211.56677935857692
forecast_5649,2025-08-24 09:00:00,390.1108764979174,376.1792928908927,146.35947759103783
forecast_5650,2025-08-24 10:00:00,226.95794965919012,228.52857750621266,127.93746104737876
forecast_5651,2025-08-24 11:00:00,257.37618184079315,295.64838559460645,165.68898213458044
forecast_5652,2025-08-24 12:00:00,332.2037837709593,294.074579966437,173.11616426444897
forecast_5653,2025-08-24 13:00:00,467.5109006140495,489.650421610854,405.69605517504687
forecast_5654,2025-08-24 14:00:00,838.7681469239618,711.1519239269785,548.5733121855861
forecast_5655,2025-08-24 15:00:00,583.5426411965751,631.7703355989248,502.0719508646884
forecast_5656,2025-08-24 16:00:00,1657.0774343066475,1527.1960604199644,1022.3085903894423
forecast_5657,2025-08-24 17:00:00,1805.8635793638714,1592.9856576276352,1225.2171545985575
forecast_5658,2025-08-24 18:00:00,1895.5643634872833,1534.3210307980883,1145.2833268286595
forecast_5659,2025-08-24 19:00:00,2035.647723426683,1772.1278978886655,1264.7144137716423
forecast_5660,2025-08-24 20:00:00,2801.617669350704,2271.9367077738884,1263.9600600478188
forecast_5661,2025-08-24 21:00:00,2898.056641568244,2332.3960976463327,1478.0148665286342
forecast_5662,2025-08-24 22:00:00,2679.655565369527,2110.3555886943614,1351.8698466112508
forecast_5663,2025-08-24 23:00:00,2163.6852125086907,2061.4711928392658,1319.7538262027747
forecast_5664,2025-08-25 00:00:00,1914.8602835109612,1828.194840642582,1093.330406385551
forecast_5665,2025-08-25 01:00:00,2338.5172478692757,2022.919595393154,1202.4653069801439
forecast_5666,2025-08-25 02:00:00,2814.34159681772,2121.215467596301,1386.6060308279489
forecast_5667,2025-08-25 03:00:00,3282.0358419682316,2658.673080717747,1489.5796798458734
forecast_5668,2025-08-25 04:00:00,2763.0986816270215,2425.5328125395004,1207.088952070456
forecast_5669,2025-08-25 05:00:00,2834.432821484365,2430.0252247530834,1447.0634545434461
forecast_5670,2025-08-25 06:00:00,3251.152779257873,2542.2183140576913,1689.59207692526
forecast_5671,2025-08-25 07:00:00,4128.542784550861,2915.6593595977806,2211.69409951386
forecast_5672,2025-08-25 08:00:00,3570.651056265663,2466.9572384936473,1270.9948899185372
forecast_5673,2025-08-25 09:00:00,1652.0010522732607,1222.70012601995,860.6590412458921
forecast_5674,2025-08-25 10:00:00,959.7662880060835,1038.4244675046068,803.8129290651979
forecast_5675,2025-08-25 11:00:00,1222.5484150519776,1150.9554918681831,965.8734852543137
forecast_5676,2025-08-25 12:00:00,1772.3965710091684,1518.4431494795558,1147.0747104278375
forecast_5677,2025-08-25 13:00:00,1329.5272675179365,1463.1986883324037,1243.5699808827321
forecast_5678,2025-08-25 14:00:00,1309.7533585821425,1427.9693756258462,1257.6597455646975
forecast_5679,2025-08-25 15:00:00,1871.2907814831485,1796.8431569647958,1599.4203661235647
forecast_5680,2025-08-25 16:00:00,2045.5878669634592,2370.0819913913915,2107.1457873111667
forecast_5681,2025-08-25 17:00:00,2605.4443596422116,2790.3082820473537,2353.8684432480286
forecast_5682,2025-08-25 18:00:00,4361.529646052838,4488.9451678936475,3156.1530790086704
forecast_5683,2025-08-25 19:00:00,6226.211363247983,6447.398587156141,3956.0847991342594
forecast_5684,2025-08-25 20:00:00,9912.538461858534,10140.70595565318,6930.286074296085
forecast_5685,2025-08-25 21:00:00,10923.76485368784,11673.495595658118,7805.433869335019
forecast_5686,2025-08-25 22:00:00,13064.90238561269,13159.597012874892,10118.176804753277
forecast_5687,2025-08-25 23:00:00,13994.99392720595,13973.785341204199,12075.438900542427
forecast_5688,2025-08-26 00:00:00,14036.496749988873,14773.856914459167,12922.359775719455
forecast_5689,2025-08-26 01:00:00,13485.61379009113,14914.161614522422,11503.2896490295
forecast_5690,2025-08-26 02:00:00,12737.76702717331,15051.809057143193,12870.178184961658
forecast_5691,2025-08-26 03:00:00,12409.400080593281,15507.789361845924,12722.14423103875
forecast_5692,2025-08-26 04:00:00,12744.582536356069,15355.219290712352,12953.748108547315
forecast_5693,2025-08-26 05:00:00,12781.25465758848,14934.200086127901,13043.03580443063
forecast_5694,2025-08-26 06:00:00,12677.906812347383,14904.932859127583,13363.575976640757
forecast_5695,2025-08-26 07:00:00,11854.904555697625,14575.178222106117,12755.604539116845
forecast_5696,2025-08-26 08:00:00,12257.6200451921,13677.158906090146,12005.588251118414
forecast_5697,2025-08-26 09:00:00,13532.711178793246,14497.113376395695,12882.100365498034
forecast_5698,2025-08-26 10:00:00,10854.092637029651,12648.2145472735,11068.832376865825
forecast_5699,2025-08-26 11:00:00,10023.357663069408,11678.333934044937,10183.700788792521
forecast_5700,2025-08-26 12:00:00,9938.343809058844,11565.756053700256,9466.199781101363
forecast_5701,2025-08-26 13:00:00,11169.133481732899,13157.69350528315,10784.142313942924
forecast_5702,2025-08-26 14:00:00,13793.417128614814,14934.216267667456,12613.59481000091
forecast_5703,2025-08-26 15:00:00,13244.972342188314,13053.295059634975,12437.478681738767
forecast_5704,2025-08-26 16:00:00,11018.822131828105,11570.519247711974,9604.082827815291
forecast_5705,2025-08-26 17:00:00,11526.138427084801,11693.571369761836,9503.495678193183
forecast_5706,2025-08-26 18:00:00,10908.923712542319,10519.704657941886,8452.175099359412
forecast_5707,2025-08-26 19:00:00,9915.967280536568,10397.308565737392,8295.349265658615
forecast_5708,2025-08-26 20:00:00,10560.977519301112,11047.01812089598,8056.868325819972
forecast_5709,2025-08-26 21:00:00,11340.121015951978,11666.22144806284,8978.732868165846
forecast_5710,2025-08-26 22:00:00,11644.534679900176,12074.538276979343,8783.881747599055
forecast_5711,2025-08-26 23:00:00,11785.021160795271,11339.977353194623,7926.488519939755
forecast_5712,2025-08-27 00:00:00,10425.962175671812,11105.872345509306,7227.889372477366
forecast_5713,2025-08-27 01:00:00,9676.357059356436,10889.058195120104,6093.264909432888
forecast_5714,2025-08-27 02:00:00,8222.536663554,8815.511008985739,5774.929251099174
forecast_5715,2025-08-27 03:00:00,6078.442314825509,5923.941425356506,4033.6635057961507
forecast_5716,2025-08-27 04:00:00,4384.017138773736,3379.325558263207,2670.604124849691
forecast_5717,2025-08-27 05:00:00,2499.037317089086,1856.2432687133921,1333.4920708911466
forecast_5718,2025-08-27 06:00:00,1912.2257392635952,1545.7473693023774,894.2918161613735
forecast_5719,2025-08-27 07:00:00,899.9803675424275,757.8299470429918,346.01859044511855
forecast_5720,2025-08-27 08:00:00,705.9836068394833,698.9346062967264,318.06094657398324
forecast_5721,2025-08-27 09:00:00,185.90736760201509,216.96457790917276,91.09053143255777
forecast_5722,2025-08-27 10:00:00,173.2071916315244,178.66319196542528,115.22590960568964
forecast_5723,2025-08-27 11:00:00,116.94206966289151,163.78071811211535,99.10557982315314
forecast_5724,2025-08-27 12:00:00,228.8532224795309,280.9600852919364,249.39805014869057
forecast_5725,2025-08-27 13:00:00,521.2557322455468,666.303693296766,501.42952134276186
forecast_5726,2025-08-27 14:00:00,477.22921674342217,561.4061847340275,417.6277648949034
forecast_5727,2025-08-27 15:00:00,498.1817607979413,598.1376259659542,399.5793255104527
forecast_5728,2025-08-27 16:00:00,700.095798310495,795.9268630666963,550.0571446048095
forecast_5729,2025-08-27 17:00:00,780.9690722632187,871.0550005680005,516.0459306258289
forecast_5730,2025-08-27 18:00:00,812.5636367294645,751.7951672223757,376.3098289618259
forecast_5731,2025-08-27 19:00:00,1025.3516881028397,834.2433457447842,358.2244841879776
forecast_5732,2025-08-27 20:00:00,1279.3977026638831,898.6096578436292,414.13470321207444
forecast_5733,2025-08-27 21:00:00,1282.073314560086,973.2782281016719,418.74787085238825
forecast_5734,2025-08-27 22:00:00,1219.579298516734,1055.7625407132944,393.0227554439829
forecast_5735,2025-08-27 23:00:00,1023.8813574754515,920.5842887699804,174.5265772602323
forecast_5736,2025-08-28 00:00:00,1101.9029294201382,928.2878051539764,208.93846028033923
forecast_5737,2025-08-28 01:00:00,1332.7030392269653,1333.6966210150056,385.8817259123422
forecast_5738,2025-08-28 02:00:00,1519.6159451482017,1656.274163107691,601.4199733222408
forecast_5739,2025-08-28 03:00:00,1819.3780339754142,2041.1989587090004,747.6996097810771
forecast_5740,2025-08-28 04:00:00,2009.8165362182576,2075.78362549648,720.075865344267
forecast_5741,2025-08-28 05:00:00,2112.373812830569,2114.097855977922,1038.4180998265144
forecast_5742,2025-08-28 06:00:00,2049.8618860152565,2074.0692875612485,986.7882801546054
forecast_5743,2025-08-28 07:00:00,1622.61880040473,1818.5215626287163,660.5818602045608
forecast_5744,2025-08-28 08:00:00,1480.5130094188676,1599.8809288922052,579.5266448079274
forecast_5745,2025-08-28 09:00:00,1297.5665301754711,1510.2023562375707,670.2207420902873
forecast_5746,2025-08-28 10:00:00,1031.6510404198991,1182.647029616449,696.3402914115468
forecast_5747,2025-08-28 11:00:00,965.7543033281689,1091.9296544511435,819.9695479847053
forecast_5748,2025-08-28 12:00:00,1582.177856532892,1895.5917133829093,1479.944824533578
forecast_5749,2025-08-28 13:00:00,1734.8423096787449,2084.938990359084,1523.6566310806272
forecast_5750,2025-08-28 14:00:00,2753.2150616074214,2987.861878500811,1884.6007143387944
forecast_5751,2025-08-28 15:00:00,3042.7497960979726,3426.768674620377,2208.5858238014976
forecast_5752,2025-08-28 16:00:00,3145.746415971405,3986.011145732614,2448.4809354068984
forecast_5753,2025-08-28 17:00:00,3725.6967088699976,4622.65845089743,2676.732197297321
forecast_5754,2025-08-28 18:00:00,3977.310344156842,4845.800760209514,2391.8759891942614
forecast_5755,2025-08-28 19:00:00,5543.335378949199,5992.6566765801845,3139.9958032845684
forecast_5756,2025-08-28 20:00:00,6879.279582667197,7790.5493240046435,4953.029028552754
forecast_5757,2025-08-28 21:00:00,9317.31400619015,9315.709999664856,6167.5084811091565
forecast_5758,2025-08-28 22:00:00,11227.124903491938,12136.721905317068,8046.07671672831
forecast_5759,2025-08-28 23:00:00,12400.95239026384,13579.610090208007,10185.723801072952
forecast_5760,2025-08-29 00:00:00,13775.748925216902,15047.306551229804,12519.839259000157
forecast_5761,2025-08-29 01:00:00,15327.616844715523,16548.969048174164,13672.049211561698
forecast_5762,2025-08-29 02:00:00,15543.12787671975,16711.59546326595,13931.963284611877
forecast_5763,2025-08-29 03:00:00,15078.23576570197,16559.343293986924,13915.236019407768
forecast_5764,2025-08-29 04:00:00,15232.977538399744,16554.73599524224,14186.459337150807
forecast_5765,2025-08-29 05:00:00,15019.295249461222,16577.03233815952,14388.351995280418
forecast_5766,2025-08-29 06:00:00,15017.423557102242,16334.515059941616,14011.49900512519
forecast_5767,2025-08-29 07:00:00,14608.873206188338,16181.60187803709,13850.496489900122
forecast_5768,2025-08-29 08:00:00,14759.958252394357,16241.197889799798,13766.484419017264
forecast_5769,2025-08-29 09:00:00,14882.711786246375,15870.090545107048,13314.940321361784
forecast_5770,2025-08-29 10:00:00,14226.319384467102,13607.265468040012,12255.209090037317
forecast_5771,2025-08-29 11:00:00,12834.38464770677,12077.729275902831,11124.56068616539
forecast_5772,2025-08-29 12:00:00,12068.209976855242,10481.222842315778,9857.293998306572
forecast_5773,2025-08-29 13:00:00,12329.393023445788,10595.52365415051,9869.554902347732
forecast_5774,2025-08-29 14:00:00,11510.132801590278,10936.387984747129,8785.659362266202
forecast_5775,2025-08-29 15:00:00,11747.878192943544,11150.640154058874,9043.49441246358
forecast_5776,2025-08-29 16:00:00,11866.66838441266,11051.6974912085,8354.216385261598
forecast_5777,2025-08-29 17:00:00,11955.862847285958,10937.1979772991,9050.387221820294
forecast_5778,2025-08-29 18:00:00,10890.054669212883,10531.612600183307,7898.524894650989
forecast_5779,2025-08-29 19:00:00,11697.68241226906,10738.654329707542,8787.631264860367
forecast_5780,2025-08-29 20:00:00,13173.00306617249,11829.113553562822,8714.166108875077
forecast_5781,2025-08-29 21:00:00,13237.88755359641,12223.597911589979,9232.361740034925
forecast_5782,2025-08-29 22:00:00,14167.924150258585,13419.50249362734,9306.531859355971
forecast_5783,2025-08-29 23:00:00,14400.024805572994,13516.12698537436,9584.973559173884
forecast_5784,2025-08-30 00:00:00,14005.216258640792,12576.101835774829,9184.106418714347
forecast_5785,2025-08-30 01:00:00,14533.2305854862,13599.533355635303,10935.091415828472
forecast_5786,2025-08-30 02:00:00,13494.989773867264,13350.009785068472,9098.991827593567
forecast_5787,2025-08-30 03:00:00,12586.181650192824,12070.369894838623,8418.889500162333
forecast_5788,2025-08-30 04:00:00,11714.05757111169,11452.095151742178,8136.552249268499
forecast_5789,2025-08-30 05:00:00,10786.743653683854,10576.905514946924,5780.370514271119
forecast_5790,2025-08-30 06:00:00,10086.594774563151,8675.907911846462,4868.441993792258
forecast_5791,2025-08-30 07:00:00,8831.102314364896,7497.528968653334,4453.188270112548
forecast_5792,2025-08-30 08:00:00,7726.632545081337,6722.898951078495,3789.989522452995
forecast_5793,2025-08-30 09:00:00,4630.463738821778,3813.4859459625472,2591.016745889492
forecast_5794,2025-08-30 10:00:00,2385.5221883059876,2127.2656014193185,1391.7591550855366
forecast_5795,2025-08-30 11:00:00,1540.3113920549915,1362.2833745810526,1070.3384362469708
forecast_5796,2025-08-30 12:00:00,1175.9600539625749,936.6505371980468,898.6981760967336
forecast_5797,2025-08-30 13:00:00,1475.711030558767,1293.0221779218773,998.3839638188429
forecast_5798,2025-08-30 14:00:00,1691.6045574238308,1513.20461558022,1115.9370265574069
forecast_5799,2025-08-30 15:00:00,1847.3602193705244,1614.3518347963422,1339.518346533909
forecast_5800,2025-08-30 16:00:00,2164.7997649674016,2154.6277335622967,1417.6806977917338
forecast_5801,2025-08-30 17:00:00,2077.5886006734363,2039.639476882815,1262.5397345729903
forecast_5802,2025-08-30 18:00:00,2220.587394492657,2321.370327886596,1315.6461427921336
forecast_5803,2025-08-30 19:00:00,2357.278004528301,2347.6733083513877,1458.0381718511385
forecast_5804,2025-08-30 20:00:00,4536.419968342832,3768.235896746869,2142.253604305258
forecast_5805,2025-08-30 21:00:00,4781.548023982666,4229.871124652027,2556.6351955309074
forecast_5806,2025-08-30 22:00:00,4147.267299752009,4185.263129554021,2530.8144886193095
forecast_5807,2025-08-30 23:00:00,4458.976109863766,3857.2494216179925,2462.4250095360344
forecast_5808,2025-08-31 00:00:00,4749.059723020927,4377.9313614078255,2385.8447167994195
forecast_5809,2025-08-31 01:00:00,5541.486811240829,6222.458837156384,2754.944174473974
forecast_5810,2025-08-31 02:00:00,6093.863282816021,6907.828904091985,3277.407139227238
forecast_5811,2025-08-31 03:00:00,5453.449393089426,6694.553955549343,2683.8623644644963
forecast_5812,2025-08-31 04:00:00,4984.382309962695,5353.197719841121,2174.068226555306
forecast_5813,2025-08-31 05:00:00,3345.499832756547,3282.461739837837,1415.9560813004932
forecast_5814,2025-08-31 06:00:00,2543.004700236524,2162.3401568077816,925.1926570689511
forecast_5815,2025-08-31 07:00:00,1782.09726839684,1583.1742078518648,627.4606772266303
forecast_5816,2025-08-31 08:00:00,1475.8338609628386,1399.9859419264942,424.13561028670597
forecast_5817,2025-08-31 09:00:00,956.9538478670322,932.6230952859596,365.27695765318305
forecast_5818,2025-08-31 10:00:00,648.2949231717791,860.4524778914721,362.2528303959859
forecast_5819,2025-08-31 11:00:00,715.9001785522373,704.9320921522914,514.3080816027604
forecast_5820,2025-08-31 12:00:00,982.0151984178964,1157.8701542225674,843.2043661620588
forecast_5821,2025-08-31 13:00:00,1253.8869188485387,1560.1463889922575,1147.5124612204206
forecast_5822,2025-08-31 14:00:00,1762.032358257865,2595.836051676107,1402.130013944433
forecast_5823,2025-08-31 15:00:00,2709.5535764419183,3723.9101921094675,2334.0724581759277
forecast_5824,2025-08-31 16:00:00,3492.3386774986575,4493.197447421528,2759.516447613527
forecast_5825,2025-08-31 17:00:00,4328.109760766435,5730.471280243988,3337.290344448653
forecast_5826,2025-08-31 18:00:00,5542.208569394869,6321.924506898289,3879.2890786910157
forecast_5827,2025-08-31 19:00:00,6639.441093467389,8976.287625631048,5148.122665483659
forecast_5828,2025-08-31 20:00:00,7663.866099441859,10183.354151911228,6361.140445753091
forecast_5829,2025-08-31 21:00:00,8208.055343299822,10251.494299240583,6588.822291247433
forecast_5830,2025-08-31 22:00:00,10425.129279775914,11496.592819656858,8465.635647915187
forecast_5831,2025-08-31 23:00:00,10843.257606963447,12032.428476570198,8411.464205950182
forecast_5832,2025-09-01 00:00:00,10415.373247082396,12146.651366051909,7833.963944468303
forecast_5833,2025-09-01 01:00:00,10973.230068719213,12463.025036720333,7920.260083464896
forecast_5834,2025-09-01 02:00:00,9729.808249713635,11699.544637166271,6919.859504578329
forecast_5835,2025-09-01 03:00:00,10656.923456382123,12133.60186097685,8452.098584235646
forecast_5836,2025-09-01 04:00:00,11141.210428363564,12613.974587765384,10339.159935884252
forecast_5837,2025-09-01 05:00:00,10872.71777893438,13426.1294079334,11032.779735761345
forecast_5838,2025-09-01 06:00:00,10546.271720938283,11778.363002783864,9478.080382896891
forecast_5839,2025-09-01 07:00:00,9356.42402910367,11370.706212393443,8854.288941616487
forecast_5840,2025-09-01 08:00:00,8706.682384674106,10344.046274110591,7797.471301585642
forecast_5841,2025-09-01 09:00:00,7461.810943828935,10015.563256078542,7167.958259958034
forecast_5842,2025-09-01 10:00:00,6544.602576210254,7951.463789787312,6452.678596083815
forecast_5843,2025-09-01 11:00:00,5630.181962674309,6189.367072257056,5043.582847108985
forecast_5844,2025-09-01 12:00:00,5591.089329816127,5998.45175720677,4758.6213513609955
forecast_5845,2025-09-01 13:00:00,5706.9855040546045,6039.277587283729,5165.80553594715
forecast_5846,2025-09-01 14:00:00,6111.464053274478,5962.148014843619,5758.2195439762845
forecast_5847,2025-09-01 15:00:00,6635.196217484201,7543.0816234839185,7125.385312582239
forecast_5848,2025-09-01 16:00:00,9418.497200695994,9532.019921007306,7232.058105778903
forecast_5849,2025-09-01 17:00:00,9628.035565201451,9726.757379089942,8393.354977574178
forecast_5850,2025-09-01 18:00:00,9585.036307005317,9825.899741074172,8462.0844275084
forecast_5851,2025-09-01 19:00:00,9283.17060469708,10130.743175002372,7594.505636585362
forecast_5852,2025-09-01 20:00:00,9872.553256474639,9779.826445583843,6307.882291110458
forecast_5853,2025-09-01 21:00:00,8055.853991566573,8849.33687729106,4657.209160679748
forecast_5854,2025-09-01 22:00:00,8377.691670213992,8992.194069914636,4878.375968991233
forecast_5855,2025-09-01 23:00:00,9725.186960700205,10642.961299137734,6147.364189213942
forecast_5856,2025-09-02 00:00:00,9473.282687433823,9874.626914790917,6503.706414715101
forecast_5857,2025-09-02 01:00:00,12190.618125544324,12659.89022577768,9980.091715304312
forecast_5858,2025-09-02 02:00:00,10919.181891860348,11742.588874551573,8582.867528376264
forecast_5859,2025-09-02 03:00:00,11035.504429905224,11182.397028579957,8495.378045159814
forecast_5860,2025-09-02 04:00:00,9356.451368431382,9955.724420819177,7503.182483986303
forecast_5861,2025-09-02 05:00:00,7601.737459522456,8890.439426468994,6770.622641986187
forecast_5862,2025-09-02 06:00:00,7189.221210542949,8323.676572797058,5905.6026336400555
forecast_5863,2025-09-02 07:00:00,6734.692490731606,7419.881247289684,5244.520104579077
forecast_5864,2025-09-02 08:00:00,6265.846745844239,6486.962045740549,4488.951408173257
forecast_5865,2025-09-02 09:00:00,5243.95108577089,5057.2347803806715,3201.880584710448
forecast_5866,2025-09-02 10:00:00,4648.946453662875,4409.430682798725,2497.5479102162562
forecast_5867,2025-09-02 11:00:00,3049.677294467568,2969.72378372376,1741.300302485321
forecast_5868,2025-09-02 12:00:00,1823.9615587708395,2082.4389942895655,1198.9569258367655
forecast_5869,2025-09-02 13:00:00,1287.7790401296484,1522.0451369038267,749.7565270028615
forecast_5870,2025-09-02 14:00:00,442.9386068191785,499.2726910891249,288.6737971245901
forecast_5871,2025-09-02 15:00:00,278.445212605522,300.7780492577432,216.54280588183272
forecast_5872,2025-09-02 16:00:00,544.3742005981339,429.1762978037835,328.4578059750435
forecast_5873,2025-09-02 17:00:00,479.7365880371852,422.61061850328844,219.2826433326281
forecast_5874,2025-09-02 18:00:00,346.89407300583287,252.85112004340027,112.9651081455889
forecast_5875,2025-09-02 19:00:00,376.1898802991712,345.02056232373326,102.25518385683371
forecast_5876,2025-09-02 20:00:00,437.35671820250707,310.6645452561754,73.64765931899078
forecast_5877,2025-09-02 21:00:00,372.82508998344264,318.19505164482734,88.35272576100026
forecast_5878,2025-09-02 22:00:00,549.0156898897332,384.5110477565375,210.53893735116444
forecast_5879,2025-09-02 23:00:00,440.12100727639586,337.1612171438437,170.8912465191114
forecast_5880,2025-09-03 00:00:00,300.5183172989351,229.00414559923297,80.63879506271877
forecast_5881,2025-09-03 01:00:00,453.8514410224214,298.50549903082316,203.3485462470263
forecast_5882,2025-09-03 02:00:00,391.370257065546,313.6642681192695,137.27336565622386
forecast_5883,2025-09-03 03:00:00,312.92622855418955,263.67341853496504,110.31190017607513
forecast_5884,2025-09-03 04:00:00,484.791685288844,455.5769629864758,196.0508578299371
forecast_5885,2025-09-03 05:00:00,320.7935856468543,310.9310309359448,112.40336450244311
forecast_5886,2025-09-03 06:00:00,359.9071350129507,306.78655541858876,82.30378579908175
forecast_5887,2025-09-03 07:00:00,266.36463102071656,258.4596376910409,75.93489275828676
forecast_5888,2025-09-03 08:00:00,222.5841807516864,231.2786207939876,69.17661324686983
forecast_5889,2025-09-03 09:00:00,188.01363713232985,163.38257208878605,62.614886798776595
forecast_5890,2025-09-03 10:00:00,133.82296999893714,119.08883052917439,74.54090130310738
forecast_5891,2025-09-03 11:00:00,178.64290928688402,184.3248814867144,114.18332308702178
forecast_5892,2025-09-03 12:00:00,305.9513171679391,377.82400816479617,217.96128730192453
forecast_5893,2025-09-03 13:00:00,448.75702489761505,447.38122791659123,255.6725627129539
forecast_5894,2025-09-03 14:00:00,456.11519261083566,458.4278605225707,294.34785627919626
forecast_5895,2025-09-03 15:00:00,440.9486530144542,464.16882359730465,300.8111871844567
forecast_5896,2025-09-03 16:00:00,443.0391861930092,425.5996609073876,242.8242854776394
forecast_5897,2025-09-03 17:00:00,439.2205215216126,376.04567604349916,231.38380596430423
forecast_5898,2025-09-03 18:00:00,281.8350892425777,240.43046154301794,135.20925526705742
forecast_5899,2025-09-03 19:00:00,315.21838349914304,235.3166126997728,93.75993306118107
forecast_5900,2025-09-03 20:00:00,394.5192444332536,293.97857924409544,147.13581454524856
forecast_5901,2025-09-03 21:00:00,512.543290050734,385.5664424152731,128.15675065579873
forecast_5902,2025-09-03 22:00:00,779.3235551524759,607.4966040021055,184.80662808382854
forecast_5903,2025-09-03 23:00:00,696.5071070764897,588.0600977732403,188.86224885703854
forecast_5904,2025-09-04 00:00:00,818.2435579214849,779.4779633478521,179.88818938976763
forecast_5905,2025-09-04 01:00:00,1436.186723453274,1117.6994501376455,319.2115084736889
forecast_5906,2025-09-04 02:00:00,1384.7590859678332,1130.2302312835236,279.4555798754792
forecast_5907,2025-09-04 03:00:00,914.7954279825118,704.7168317809525,116.69440928410343
forecast_5908,2025-09-04 04:00:00,745.6551706234251,539.6388103851272,100.29407377715083
forecast_5909,2025-09-04 05:00:00,1083.3436119036007,720.868568943444,181.2627107067545
forecast_5910,2025-09-04 06:00:00,1294.8736377332257,949.1289299393925,310.57180928106345
forecast_5911,2025-09-04 07:00:00,1659.9489702582357,1396.1056337914854,485.0023126157121
forecast_5912,2025-09-04 08:00:00,2018.9746416962519,1640.5072779782406,628.1036328099665
forecast_5913,2025-09-04 09:00:00,1793.3940185732586,1451.2666704559965,568.7787753873127
forecast_5914,2025-09-04 10:00:00,1274.484197590584,1023.4242662396003,447.3339073507757
forecast_5915,2025-09-04 11:00:00,772.1581496291255,816.8930662085263,410.488946762013
forecast_5916,2025-09-04 12:00:00,876.2848793307018,898.0224459823745,612.4603368977589
forecast_5917,2025-09-04 13:00:00,1119.6592030714503,1304.0557653111907,816.1269663279678
forecast_5918,2025-09-04 14:00:00,948.8825209630228,1112.0244574736312,626.3100609075933
forecast_5919,2025-09-04 15:00:00,945.0003488456796,1257.9668872121745,609.3858696462014
forecast_5920,2025-09-04 16:00:00,1211.4427634822857,1658.8172779420788,971.5015537057743
forecast_5921,2025-09-04 17:00:00,1447.6899559642611,1763.2350172925185,1002.3379143048145
forecast_5922,2025-09-04 18:00:00,1813.252533826684,2060.051282902332,1006.7602941127429
forecast_5923,2025-09-04 19:00:00,1934.231078700959,2353.165139353155,945.5977113188259
forecast_5924,2025-09-04 20:00:00,2455.509994570074,2508.917521812197,962.3281323968426
forecast_5925,2025-09-04 21:00:00,2568.3387550966136,2748.4954396812564,1130.3921462855328
forecast_5926,2025-09-04 22:00:00,2313.830890170006,2819.641660524252,1001.1212474433532
forecast_5927,2025-09-04 23:00:00,2171.273166505026,2351.1697399248706,944.9925589388429
forecast_5928,2025-09-05 00:00:00,2086.920021745877,2080.92665031388,816.4634651017531
forecast_5929,2025-09-05 01:00:00,1595.9382320154625,1846.3232884649706,510.8425510200186
forecast_5930,2025-09-05 02:00:00,1892.4109630348687,1550.9398018828228,890.5870798853705
forecast_5931,2025-09-05 03:00:00,2152.0221964663942,1903.6611163770679,929.8538653479179
forecast_5932,2025-09-05 04:00:00,1772.2677842084452,1842.297085024483,929.1744486389747
forecast_5933,2025-09-05 05:00:00,1984.672729718981,2371.21972218863,1064.2798633406
forecast_5934,2025-09-05 06:00:00,1881.721227293985,1758.6654774973472,681.6657588855305
forecast_5935,2025-09-05 07:00:00,1412.5670117086884,1230.22098476729,571.5922281693597
forecast_5936,2025-09-05 08:00:00,1502.2652844061995,1610.238468099532,686.942852036863
forecast_5937,2025-09-05 09:00:00,1258.4950118478034,1102.5453614499563,545.2212272252292
forecast_5938,2025-09-05 10:00:00,749.9177845404878,691.7386913804206,400.7980486244032
forecast_5939,2025-09-05 11:00:00,589.363590479263,546.5486245684909,271.74030551970554
forecast_5940,2025-09-05 12:00:00,141.5427102356284,190.3336051591516,133.33429650639152
forecast_5941,2025-09-05 13:00:00,130.5295527185757,172.4001261119941,100.97228847851869
forecast_5942,2025-09-05 14:00:00,162.84625787743823,192.64268834576822,124.83707096517082
forecast_5943,2025-09-05 15:00:00,163.57449090351136,201.22187539251578,118.35357377753496
forecast_5944,2025-09-05 16:00:00,248.54551071280744,330.61529901542445,162.2853808238259
forecast_5945,2025-09-05 17:00:00,412.25011790587627,485.5879744424248,208.75599729701614
forecast_5946,2025-09-05 18:00:00,687.5036823946391,800.2326033639292,261.65203995637836
forecast_5947,2025-09-05 19:00:00,907.2363532053035,1055.94032256415,313.0346259749327
forecast_5948,2025-09-05 20:00:00,1047.881596212352,1060.566350981066,359.4107242038773
forecast_5949,2025-09-05 21:00:00,1463.1216542541429,1421.5919706813538,475.2168590953572
forecast_5950,2025-09-05 22:00:00,1834.1474729390172,2255.8544929251025,698.6645117581107
forecast_5951,2025-09-05 23:00:00,2158.594826014945,2662.8424387743785,1337.3154767452934
forecast_5952,2025-09-06 00:00:00,2804.899067428446,3261.1554418341075,1630.7498490867831
forecast_5953,2025-09-06 01:00:00,6305.8314024221045,7389.7314059592745,3823.903470635358
forecast_5954,2025-09-06 02:00:00,8080.378704456967,10204.986482397258,6138.668046206327
forecast_5955,2025-09-06 03:00:00,10703.014005252788,11790.724343201338,7006.237874858326
forecast_5956,2025-09-06 04:00:00,11291.3585097572,12547.104031568755,8616.520030679832
forecast_5957,2025-09-06 05:00:00,12594.420785638618,13169.777177225762,10339.771195947664
forecast_5958,2025-09-06 06:00:00,12376.861777170749,13871.082627018035,11122.687175332218
forecast_5959,2025-09-06 07:00:00,12543.462975818935,13595.89635028185,11162.527848098318
forecast_5960,2025-09-06 08:00:00,11116.631243514696,12345.16987446617,9965.34693048105
forecast_5961,2025-09-06 09:00:00,11368.464061815226,12485.414612505618,10762.436421103082
forecast_5962,2025-09-06 10:00:00,10684.212747305282,11343.566700494906,11260.731014850142
forecast_5963,2025-09-06 11:00:00,10426.885246129477,10940.487415693675,11370.832986872309
forecast_5964,2025-09-06 12:00:00,10814.327735671197,10518.730405286084,11369.479556672735
forecast_5965,2025-09-06 13:00:00,10542.25830092376,10435.137399126303,10473.795215806394
forecast_5966,2025-09-06 14:00:00,10651.825543637851,10594.86619458587,10896.320968130156
forecast_5967,2025-09-06 15:00:00,12770.958830929087,13937.529507492427,12750.783394477367
forecast_5968,2025-09-06 16:00:00,15242.285128938474,15738.115770926728,14111.12970049151
forecast_5969,2025-09-06 17:00:00,13824.229390803486,14093.946013248926,12786.7139736106
forecast_5970,2025-09-06 18:00:00,13027.88860777505,14325.281160909726,12280.381630781687
forecast_5971,2025-09-06 19:00:00,13393.164605093698,15440.819930845344,13110.609189768511
forecast_5972,2025-09-06 20:00:00,13462.692936111485,14785.355970685203,12928.033528290318
forecast_5973,2025-09-06 21:00:00,14626.961473712347,15756.864095456325,13265.628287634101
forecast_5974,2025-09-06 22:00:00,14909.94925015172,16538.781299807524,14201.15597467695
forecast_5975,2025-09-06 23:00:00,15011.243897430813,16634.88074217305,14403.75822663472
forecast_5976,2025-09-07 00:00:00,15302.133462026812,16215.889629866026,14616.163201654554
forecast_5977,2025-09-07 01:00:00,15893.220812294236,17335.66669813131,15172.77028971602
forecast_5978,2025-09-07 02:00:00,15744.231997102692,17487.942297251422,15107.063400014042
forecast_5979,2025-09-07 03:00:00,14802.697822865375,16851.483860861077,14311.14122712683
forecast_5980,2025-09-07 04:00:00,13993.053259732878,15913.566805320386,13161.96574243706
forecast_5981,2025-09-07 05:00:00,13575.324649971168,14857.375671195821,12725.796391348942
forecast_5982,2025-09-07 06:00:00,13046.345106765333,13583.957320233221,11703.313621750129
forecast_5983,2025-09-07 07:00:00,12153.764100990662,12909.417681134968,11010.58516280404
forecast_5984,2025-09-07 08:00:00,12529.200639040642,12812.883518694993,10945.059067724318
forecast_5985,2025-09-07 09:00:00,11130.068985060296,10979.627872494277,9126.745093202771
forecast_5986,2025-09-07 10:00:00,10102.14020345478,10335.072968732711,7278.947483356032
forecast_5987,2025-09-07 11:00:00,9062.955719699732,9332.131782054805,6829.118108499161
forecast_5988,2025-09-07 12:00:00,5958.037534753694,6354.752558632966,3620.169953894091
forecast_5989,2025-09-07 13:00:00,4373.83169758925,4325.963865341149,3011.9735951233843
forecast_5990,2025-09-07 14:00:00,3692.275953699009,3541.1986486856017,2933.4837345526703
forecast_5991,2025-09-07 15:00:00,6329.1515244243765,5541.612652764164,3972.7184049751004
forecast_5992,2025-09-07 16:00:00,7536.909230977689,7435.327688744084,4875.170147841529
forecast_5993,2025-09-07 17:00:00,7585.150178581993,7588.2098891800915,4733.416782789996
forecast_5994,2025-09-07 18:00:00,8648.473169204759,9068.159552945757,5649.774505145149
forecast_5995,2025-09-07 19:00:00,10471.139300999826,11261.568228038683,7591.988060952793
forecast_5996,2025-09-07 20:00:00,11374.610163518422,11667.096266470993,7904.268109252253
forecast_5997,2025-09-07 21:00:00,11315.731315216413,11096.599934023321,6927.2096573466315
forecast_5998,2025-09-07 22:00:00,11359.070761784877,11098.447468493165,7246.156889811058
forecast_5999,2025-09-07 23:00:00,10675.344247739607,10983.038638228893,7383.265280654102
forecast_6000,2025-09-08 00:00:00,10831.725260824636,11264.419859790307,7411.354387319436
forecast_6001,2025-09-08 01:00:00,8899.991407093028,8266.862206453476,4923.850743557287
forecast_6002,2025-09-08 02:00:00,8038.340831295826,8574.204580378308,4980.967075300032
forecast_6003,2025-09-08 03:00:00,7096.271528635675,5993.61225864295,3793.492144294689
forecast_6004,2025-09-08 04:00:00,6688.650041843007,4735.121280128174,3422.704904349504
forecast_6005,2025-09-08 05:00:00,4246.257671094152,3264.1654471225056,2323.1332036873523
forecast_6006,2025-09-08 06:00:00,3142.1402818472725,1821.4496389233007,1265.7972992438038
forecast_6007,2025-09-08 07:00:00,1937.2077156599112,1281.3153298010368,920.2724203195111
forecast_6008,2025-09-08 08:00:00,616.702904778135,556.9236881354072,367.4168924459102
forecast_6009,2025-09-08 09:00:00,464.9042429807836,401.8803615467897,162.37631035142593
forecast_6010,2025-09-08 10:00:00,194.99177542008206,195.97508783070006,111.04685398249197
forecast_6011,2025-09-08 11:00:00,148.2757215608666,207.96333217574897,100.13585007863236
forecast_6012,2025-09-08 12:00:00,193.6793833021127,192.85393654106116,124.39622512556086
forecast_6013,2025-09-08 13:00:00,317.84059289002977,340.0705519238356,265.9599675392096
forecast_6014,2025-09-08 14:00:00,431.52745906700216,360.4930636548913,316.51429113115375
forecast_6015,2025-09-08 15:00:00,393.81594394686215,302.0987286022184,237.5291712925968
forecast_6016,2025-09-08 16:00:00,1109.5846694157606,940.7374136665067,669.5912616192039
forecast_6017,2025-09-08 17:00:00,3069.474446297028,2938.066624342983,1433.5997471228202
forecast_6018,2025-09-08 18:00:00,3926.596961109939,3002.9599396805506,1614.6341737546793
forecast_6019,2025-09-08 19:00:00,3370.715502148816,3234.9502904066067,1445.2344378268128
forecast_6020,2025-09-08 20:00:00,3862.512893351472,3246.353607268259,1564.2829664068365
forecast_6021,2025-09-08 21:00:00,2237.84881350879,2358.987437763172,934.3613762458276
forecast_6022,2025-09-08 22:00:00,2040.37107901978,2035.3503962122556,815.5093600128455
forecast_6023,2025-09-08 23:00:00,1949.945974953013,1728.6617913746002,814.5283012581293
forecast_6024,2025-09-09 00:00:00,1666.725835385586,1504.648956722409,734.7999093273849
forecast_6025,2025-09-09 01:00:00,3127.865451516269,2931.6642882009382,1214.5695703481424
forecast_6026,2025-09-09 02:00:00,2256.476748005246,2178.596997654957,1007.9863278032454
forecast_6027,2025-09-09 03:00:00,2068.279035817056,1845.673821592723,1062.5717137977315
forecast_6028,2025-09-09 04:00:00,1892.015506346391,1671.7315716253934,644.9563831496124
forecast_6029,2025-09-09 05:00:00,1954.2954882204335,1724.3706089420182,876.2192376974667
forecast_6030,2025-09-09 06:00:00,1521.7273181105827,1573.093746439356,824.0477550097931
forecast_6031,2025-09-09 07:00:00,1093.516422638026,922.1950003390956,330.6222746929786
forecast_6032,2025-09-09 08:00:00,941.0023145889696,869.0948416277424,383.5645935335
forecast_6033,2025-09-09 09:00:00,1164.6648883699452,1120.7674632485653,454.00715886976906
forecast_6034,2025-09-09 10:00:00,2288.5661330918933,1899.633576977047,1028.0069797079495
forecast_6035,2025-09-09 11:00:00,1974.3086385114962,1783.3717812771056,983.0983310291243
forecast_6036,2025-09-09 12:00:00,1821.9239666104738,2058.539560039236,1064.8460678845872
forecast_6037,2025-09-09 13:00:00,1135.5098865338823,1337.7690333132894,650.9634264743975
forecast_6038,2025-09-09 14:00:00,1011.5033075178764,1023.3339612775058,547.8582655459423
forecast_6039,2025-09-09 15:00:00,1008.9066490722613,1058.3087607288912,548.7724744000016
forecast_6040,2025-09-09 16:00:00,1135.6044364333945,1287.9264632625234,469.506906653465
forecast_6041,2025-09-09 17:00:00,1314.3666235440685,1174.9331557343548,437.2147747996893
forecast_6042,2025-09-09 18:00:00,1310.190130034008,1310.3365882013989,536.777851124191
forecast_6043,2025-09-09 19:00:00,1251.8363240743001,1266.1242625767484,419.263611883066
forecast_6044,2025-09-09 20:00:00,1474.6090855939347,1591.5272116669928,402.23062073240146
forecast_6045,2025-09-09 21:00:00,1373.4002404609207,1410.6121933745887,350.17490054670617
forecast_6046,2025-09-09 22:00:00,1242.6106518968916,1305.5514754563776,410.47305667035357
forecast_6047,2025-09-09 23:00:00,1203.5431978505749,1266.2683374251933,356.2876622488302
forecast_6048,2025-09-10 00:00:00,1040.4427361590556,1045.062543195571,252.3231064147101
forecast_6049,2025-09-10 01:00:00,1508.4788171629202,1600.9222562979153,508.951716703942
forecast_6050,2025-09-10 02:00:00,1647.8021609151865,1684.6804734896934,519.6100053274147
forecast_6051,2025-09-10 03:00:00,1629.1232693417453,1655.7936084872806,500.84005459088894
forecast_6052,2025-09-10 04:00:00,1503.7488592491443,1636.5634156246588,544.6738808606187
forecast_6053,2025-09-10 05:00:00,1500.8072831447578,1553.8472765083914,534.9921378566864
forecast_6054,2025-09-10 06:00:00,1762.486795803113,1800.2353088139862,473.24594390010407
forecast_6055,2025-09-10 07:00:00,1815.2831289906997,1911.8032774914195,547.2110934103719
forecast_6056,2025-09-10 08:00:00,1870.4874694856196,2065.337645066762,638.5348308241886
forecast_6057,2025-09-10 09:00:00,1766.9310781106924,1982.9445701922114,871.6008938265271
forecast_6058,2025-09-10 10:00:00,1288.1055638671514,1308.6007363746464,975.4085530183459
forecast_6059,2025-09-10 11:00:00,1108.741382457482,1088.7478344155118,1396.9922284359156
forecast_6060,2025-09-10 12:00:00,1116.7927313850448,1076.6840403938415,1595.1755250069239
forecast_6061,2025-09-10 13:00:00,921.3934104183662,1049.6220296499464,1303.2929519881266
forecast_6062,2025-09-10 14:00:00,792.2661489047969,838.0955978077131,880.5922944493442
forecast_6063,2025-09-10 15:00:00,722.252184182312,707.9200956800752,661.6008557791957
forecast_6064,2025-09-10 16:00:00,565.024009414598,631.5331454369481,625.6217540216236
forecast_6065,2025-09-10 17:00:00,463.23286842738275,701.6130977907715,324.4823600301101
forecast_6066,2025-09-10 18:00:00,869.7300791191177,972.2333024418548,386.3757541243458
forecast_6067,2025-09-10 19:00:00,1248.0212567465799,1410.664253449211,430.0503907997927
forecast_6068,2025-09-10 20:00:00,1569.9319274159984,1828.7743779174834,554.0312809558608
forecast_6069,2025-09-10 21:00:00,1752.152403536336,2125.35009380456,624.5593149118013
forecast_6070,2025-09-10 22:00:00,1777.668991020559,2308.6316323869223,677.5439205776773
forecast_6071,2025-09-10 23:00:00,1857.3276429299553,2408.087583067731,712.1208512580529
forecast_6072,2025-09-11 00:00:00,2019.9950038778513,2796.0260286049756,906.538320279273
forecast_6073,2025-09-11 01:00:00,1627.0482330299985,1644.0602344758436,453.8400281179968
forecast_6074,2025-09-11 02:00:00,1643.5258082864154,1806.1399948020571,527.9335132128197
forecast_6075,2025-09-11 03:00:00,2085.9888532462746,2088.374440087809,644.0714043046197
forecast_6076,2025-09-11 04:00:00,2319.2788094485313,2295.646885172384,777.2723608422194
forecast_6077,2025-09-11 05:00:00,2610.576968296001,2633.6973671688174,1054.6568195611017
forecast_6078,2025-09-11 06:00:00,3093.574138322624,3086.120310373216,1381.4478112864576
forecast_6079,2025-09-11 07:00:00,4020.7423881566874,4610.724170061734,1757.8987874473678
forecast_6080,2025-09-11 08:00:00,3481.4515269147905,4226.567510650676,1876.3647060791386
forecast_6081,2025-09-11 09:00:00,3069.7676179906352,3811.980141678583,1908.0515245604156
forecast_6082,2025-09-11 10:00:00,2108.3301598796234,3210.436138326204,2037.6121089867356
forecast_6083,2025-09-11 11:00:00,2288.49921472611,2970.1945124823123,2301.6408992518727
forecast_6084,2025-09-11 12:00:00,2533.5367192535405,3445.9664645077037,2428.5019593481197
forecast_6085,2025-09-11 13:00:00,2688.3097535297065,3734.4649443812186,2801.348789031221
forecast_6086,2025-09-11 14:00:00,2671.340202065827,3709.134441070489,2847.758377019905
forecast_6087,2025-09-11 15:00:00,2548.5164951567554,3536.017153125328,2447.5514659532305
forecast_6088,2025-09-11 16:00:00,2096.9669028289486,3202.0832524661314,2230.902309505148
forecast_6089,2025-09-11 17:00:00,2726.790353663682,3582.3697088618214,2293.2976905092683
forecast_6090,2025-09-11 18:00:00,2855.4660353524423,3492.9350243560816,1738.1041062428903
forecast_6091,2025-09-11 19:00:00,3986.0368171859595,4656.978767509797,1798.2201457390624
forecast_6092,2025-09-11 20:00:00,4924.25612664064,5520.406749292934,1891.5996958437381
forecast_6093,2025-09-11 21:00:00,5089.835809716004,5663.75276071923,2088.4870363267933
forecast_6094,2025-09-11 22:00:00,6488.5625775265025,6787.118502670161,2407.5732228716633
forecast_6095,2025-09-11 23:00:00,6870.776030161958,7529.463239751476,2728.71854739867
forecast_6096,2025-09-12 00:00:00,6217.151634117071,6241.491345078672,2699.9452413180975
forecast_6097,2025-09-12 01:00:00,5916.571994376862,5995.260431297414,2208.7160884114787
forecast_6098,2025-09-12 02:00:00,5611.157226191371,5322.187262723948,1788.0578277958061
forecast_6099,2025-09-12 03:00:00,3747.9384176791136,4208.896707507895,1597.8734312292008
forecast_6100,2025-09-12 04:00:00,3482.592052606634,4252.7671666148135,1676.0556824278867
forecast_6101,2025-09-12 05:00:00,3136.9076520352673,3796.5529597190202,1512.459891789457
forecast_6102,2025-09-12 06:00:00,2863.8162825788677,3149.614146474767,1317.7557421908166
forecast_6103,2025-09-12 07:00:00,3292.8775245339584,3883.9567550667425,1343.8549742237624
forecast_6104,2025-09-12 08:00:00,3092.9715241568038,3530.7233641135304,1386.8434525387972
forecast_6105,2025-09-12 09:00:00,3080.2145337097486,3275.5808221355787,1388.195896584499
forecast_6106,2025-09-12 10:00:00,2162.4528822610973,2615.835009999982,1505.0266350896693
forecast_6107,2025-09-12 11:00:00,2635.2829531454336,3348.8439414828345,1840.358510667037
forecast_6108,2025-09-12 12:00:00,2467.617890262786,3081.604600051335,1840.988866548149
forecast_6109,2025-09-12 13:00:00,2207.2337863857556,2668.965903039124,1525.8525903944917
forecast_6110,2025-09-12 14:00:00,2339.824115314468,2373.311221097623,1100.4454388506963
forecast_6111,2025-09-12 15:00:00,2430.8025199421636,2253.0241254476105,990.2107732175472
forecast_6112,2025-09-12 16:00:00,2808.9395865598403,2765.563016933873,979.6373131670422
forecast_6113,2025-09-12 17:00:00,3279.097016611731,3094.2289703277247,1055.5161733670582
forecast_6114,2025-09-12 18:00:00,3665.4724837647277,3372.123445793399,1337.8111769377144
forecast_6115,2025-09-12 19:00:00,3351.66065245011,3218.7587820248987,1234.2111967934075
forecast_6116,2025-09-12 20:00:00,3258.3964129632236,2694.4262912870163,938.0348647435566
forecast_6117,2025-09-12 21:00:00,4791.711356994572,4362.281081638735,1838.8117183610648
forecast_6118,2025-09-12 22:00:00,4824.820492084344,5440.449993240825,3187.0445043281115
forecast_6119,2025-09-12 23:00:00,5467.735775921258,6946.686755393161,3534.0607139907443
forecast_6120,2025-09-13 00:00:00,5576.294548142066,6296.755267205687,3432.4507492224225
forecast_6121,2025-09-13 01:00:00,5998.400479824924,5094.53967883903,3328.8303644094212
forecast_6122,2025-09-13 02:00:00,5527.119617008698,5547.8336118266825,3288.225825994253
forecast_6123,2025-09-13 03:00:00,7321.576264951845,6810.93378752142,3935.2040585714617
forecast_6124,2025-09-13 04:00:00,6356.728487983215,6318.962218022695,3617.4562711823787
forecast_6125,2025-09-13 05:00:00,8670.357290301396,8770.34317929791,4831.536316064541
forecast_6126,2025-09-13 06:00:00,10739.303711714158,11263.142826569012,7120.9273282249505
forecast_6127,2025-09-13 07:00:00,11333.84049437692,12895.824357479723,8083.797816620922
forecast_6128,2025-09-13 08:00:00,13369.845176501727,14909.807625750009,12366.828781369617
forecast_6129,2025-09-13 09:00:00,13133.985255838743,15178.389852046423,12363.413697776308
forecast_6130,2025-09-13 10:00:00,13651.047488242204,15328.807415692398,12940.598796038663
forecast_6131,2025-09-13 11:00:00,10819.003403810328,11099.88702212599,8159.164476523361
forecast_6132,2025-09-13 12:00:00,6310.477324087722,7332.365304782017,4496.333564538641
forecast_6133,2025-09-13 13:00:00,4381.23366116361,4566.575736320167,2360.490516454364
forecast_6134,2025-09-13 14:00:00,3576.1578587452395,3616.535589571362,1754.7523628526044
forecast_6135,2025-09-13 15:00:00,2725.3758231035017,2740.0099370670614,1417.1720151087782
forecast_6136,2025-09-13 16:00:00,3185.7094162611947,3589.5051271027473,1618.3324777302967
forecast_6137,2025-09-13 17:00:00,3116.7162076934824,3623.35083734133,1857.3786471433698
forecast_6138,2025-09-13 18:00:00,3159.0185550070946,3007.6556059924765,1719.1104707630252
forecast_6139,2025-09-13 19:00:00,1908.0021814930972,1914.9608477073373,1123.0072739140305
forecast_6140,2025-09-13 20:00:00,1376.1483520851696,1554.3055344433646,634.4936013623196
forecast_6141,2025-09-13 21:00:00,795.1094865526901,857.4784278408752,455.94742367956223
forecast_6142,2025-09-13 22:00:00,1223.7606719198182,1272.3914229750205,394.7152829180068
forecast_6143,2025-09-13 23:00:00,1226.0279604826246,1104.3297263778818,426.10640551468214
forecast_6144,2025-09-14 00:00:00,1265.9227413291535,1324.0683723139414,412.613669286739
forecast_6145,2025-09-14 01:00:00,1417.6560430743762,1214.5396598951243,438.5221437643206
forecast_6146,2025-09-14 02:00:00,1261.76323535642,1365.0649562648277,423.23914588053486
forecast_6147,2025-09-14 03:00:00,1416.6442347240645,1366.4061229023778,460.92424025707106
forecast_6148,2025-09-14 04:00:00,1322.0988395643017,1261.3682416912807,430.0320736855842
forecast_6149,2025-09-14 05:00:00,1226.724006782594,1263.7958552802763,393.7106869060083
forecast_6150,2025-09-14 06:00:00,1264.0878152547164,1162.777964718974,416.86541212355064
forecast_6151,2025-09-14 07:00:00,1419.9809066995383,1312.1956422652968,438.43803168047566
forecast_6152,2025-09-14 08:00:00,1354.6700197581347,1372.3708169933193,487.93582176740813
forecast_6153,2025-09-14 09:00:00,1232.570229403042,1475.8746053899542,437.20590373762
forecast_6154,2025-09-14 10:00:00,1081.373023811504,1485.067676189345,652.9128130941033
forecast_6155,2025-09-14 11:00:00,1527.0458394326329,1798.275155074666,1103.790932667898
forecast_6156,2025-09-14 12:00:00,2127.068642540521,1972.6352809879222,1619.3392743897625
forecast_6157,2025-09-14 13:00:00,1982.0812854775968,1831.8199517055114,1473.4116839144358
forecast_6158,2025-09-14 14:00:00,2168.9082421434223,1932.7420246080628,1604.484971858908
forecast_6159,2025-09-14 15:00:00,2621.8202248244747,2238.2622826230877,1678.8387719613718
forecast_6160,2025-09-14 16:00:00,2657.610847685686,2318.4704718885605,1833.9225005343199
forecast_6161,2025-09-14 17:00:00,2743.2630670890017,2446.704442475163,2057.4683336841595
forecast_6162,2025-09-14 18:00:00,5228.365280157357,4416.582558562196,3834.1846728570385
forecast_6163,2025-09-14 19:00:00,7108.067038326488,6208.543161154362,4788.267904070382
forecast_6164,2025-09-14 20:00:00,9072.628984433497,8934.308809295695,5729.565665811309
forecast_6165,2025-09-14 21:00:00,10466.44996842217,10604.741724002015,7217.524408489112
forecast_6166,2025-09-14 22:00:00,14640.69013604957,13778.918948060544,9049.59063736015
forecast_6167,2025-09-14 23:00:00,15541.314905709054,14727.876121179073,11116.316784648074
forecast_6168,2025-09-15 00:00:00,15967.580764498378,15066.447913026988,11935.722962391816
forecast_6169,2025-09-15 01:00:00,14431.267763525466,13859.702201481834,8241.62311918489
forecast_6170,2025-09-15 02:00:00,12564.119771213102,12245.798944905782,6872.976560630522
forecast_6171,2025-09-15 03:00:00,11927.728328954427,11777.486286944186,6437.306618426004
forecast_6172,2025-09-15 04:00:00,12752.83808188855,11386.1392784308,6104.005804221744
forecast_6173,2025-09-15 05:00:00,9654.156851857464,8055.362577010267,4912.526625053707
forecast_6174,2025-09-15 06:00:00,6416.000240864845,5949.935012169306,2997.267759008504
forecast_6175,2025-09-15 07:00:00,5512.590157223458,4514.211189617532,2534.738124693497
forecast_6176,2025-09-15 08:00:00,3306.0731346648413,2633.4692584950635,1241.5018488378612
forecast_6177,2025-09-15 09:00:00,1010.9260245419119,700.2201971203021,327.1076784012695
forecast_6178,2025-09-15 10:00:00,315.35344819097725,247.79158710264878,164.5064139868519
forecast_6179,2025-09-15 11:00:00,477.2328736072429,345.39395455206176,200.19499489051773
forecast_6180,2025-09-15 12:00:00,303.295743641262,246.5801723931074,145.91607797745712
forecast_6181,2025-09-15 13:00:00,262.32896753323917,305.5369520168748,145.07158154910584
forecast_6182,2025-09-15 14:00:00,385.5708391192528,364.09766388366876,225.0945630299862
forecast_6183,2025-09-15 15:00:00,583.5083673331889,460.6072066058933,388.58359755713184
forecast_6184,2025-09-15 16:00:00,792.108325293529,846.9153642580741,562.3934339472587
forecast_6185,2025-09-15 17:00:00,1810.416199384248,1739.1195156777744,1353.3297183526806
forecast_6186,2025-09-15 18:00:00,4919.9110864457525,4301.870636665368,2957.169430304196
forecast_6187,2025-09-15 19:00:00,5652.985843660803,4960.524169567754,3265.6392149660464
forecast_6188,2025-09-15 20:00:00,6002.125256874391,5287.312623297031,3649.4263407829653
forecast_6189,2025-09-15 21:00:00,5497.268555476211,4350.508397044668,3609.6750005211734
forecast_6190,2025-09-15 22:00:00,4720.32001026046,3358.8654753869077,3033.0427466639035
forecast_6191,2025-09-15 23:00:00,4018.8717614651946,3178.0810943976658,2814.7587265217308
forecast_6192,2025-09-16 00:00:00,4058.1913149794486,3918.7975581769024,2945.6385075318935
forecast_6193,2025-09-16 01:00:00,7353.861369947558,6276.886017614714,3999.83417411705
forecast_6194,2025-09-16 02:00:00,7784.175620148576,6966.119833562975,4474.2752249029145
forecast_6195,2025-09-16 03:00:00,8004.30979787398,7280.922056652336,3992.979682227379
forecast_6196,2025-09-16 04:00:00,8452.545486456771,7637.371814623135,4721.991659809468
forecast_6197,2025-09-16 05:00:00,10059.173276968777,8424.735627597427,5954.201634512896
forecast_6198,2025-09-16 06:00:00,11723.853747389201,10663.245217449816,6763.442732864975
forecast_6199,2025-09-16 07:00:00,10201.467253778266,9620.278633366592,5768.950269629662
forecast_6200,2025-09-16 08:00:00,8366.378162843748,7958.289359624476,4856.15508743367
forecast_6201,2025-09-16 09:00:00,6880.9612794823,6899.890258652296,4490.8857466607315
forecast_6202,2025-09-16 10:00:00,6629.998299409422,6041.864713000881,4156.698672906871
forecast_6203,2025-09-16 11:00:00,5639.709786243509,6507.015327640035,4767.362738825247
forecast_6204,2025-09-16 12:00:00,5239.0972301114725,5247.281150920378,4050.7298284583107
forecast_6205,2025-09-16 13:00:00,5471.572525590407,5075.16293887625,4317.999987605069
forecast_6206,2025-09-16 14:00:00,5555.148565743635,5114.156605830323,4240.921697172401
forecast_6207,2025-09-16 15:00:00,6933.621752170964,6351.703725405857,5780.181224756417
forecast_6208,2025-09-16 16:00:00,7437.849996938947,7250.798607340398,6878.957320877602
forecast_6209,2025-09-16 17:00:00,6719.134178150959,6607.15543504958,6352.58746600126
forecast_6210,2025-09-16 18:00:00,6869.956342931952,7861.585469417307,6072.837805076348
forecast_6211,2025-09-16 19:00:00,8321.024369508476,9842.761467645158,7092.91018222944
forecast_6212,2025-09-16 20:00:00,8420.342429806735,9341.133197709034,7057.273419952161
forecast_6213,2025-09-16 21:00:00,10127.046580640537,10612.06468593183,7689.990477867899
forecast_6214,2025-09-16 22:00:00,8751.419782728777,9411.545263385937,7059.629480084477
forecast_6215,2025-09-16 23:00:00,9281.887446943398,9780.687537305308,7624.357850997462
forecast_6216,2025-09-17 00:00:00,9585.674049227393,9847.51681581665,7827.954455899298
forecast_6217,2025-09-17 01:00:00,13839.332681470369,14758.140007608987,12141.44852283799
forecast_6218,2025-09-17 02:00:00,15080.746652608928,15979.298495512958,14054.85126880016
forecast_6219,2025-09-17 03:00:00,15840.12998052019,16985.858580866363,14363.625596888114
forecast_6220,2025-09-17 04:00:00,15915.293945437475,17082.89799309365,14862.450793056509
forecast_6221,2025-09-17 05:00:00,16096.838018753208,16877.716809115056,14004.77005311634
forecast_6222,2025-09-17 06:00:00,15679.858117193873,16386.659837752137,13008.2454083002
forecast_6223,2025-09-17 07:00:00,13837.728873294182,13992.745856573998,10387.417830059765
forecast_6224,2025-09-17 08:00:00,9436.285683968901,9453.812192407735,6615.890357313143
forecast_6225,2025-09-17 09:00:00,6768.855828164926,7431.033133659239,5209.3924507348875
forecast_6226,2025-09-17 10:00:00,4941.168631846017,4895.903770857035,2977.640347545697
forecast_6227,2025-09-17 11:00:00,4155.730654766813,4014.053074367303,1972.5784198611411
forecast_6228,2025-09-17 12:00:00,2735.541430521525,2718.733374789343,956.807830039548
forecast_6229,2025-09-17 13:00:00,2915.6914757792547,2887.3623221265025,1089.8389745450104
forecast_6230,2025-09-17 14:00:00,3155.2487827573864,3511.1376413460707,2309.5397722780135
forecast_6231,2025-09-17 15:00:00,5416.13916367322,6310.729593275645,3795.581272978138
forecast_6232,2025-09-17 16:00:00,3841.9286308549827,3607.9065600802915,2129.8701677959266
forecast_6233,2025-09-17 17:00:00,2681.933739289276,2517.5798307748964,784.0667561783067
forecast_6234,2025-09-17 18:00:00,1800.815132680353,1776.0682279589037,722.8471932240367
forecast_6235,2025-09-17 19:00:00,1494.522866093755,1413.5090744232211,545.4947172600283
forecast_6236,2025-09-17 20:00:00,1808.34079920931,2048.4976406827,745.0309167308037
forecast_6237,2025-09-17 21:00:00,1584.8019427174222,1822.902134388605,691.4334960053367
forecast_6238,2025-09-17 22:00:00,1032.1378483757774,1125.2854282985945,532.6158701259553
forecast_6239,2025-09-17 23:00:00,1408.5584906361587,1394.0174701050448,705.7267651855251
forecast_6240,2025-09-18 00:00:00,1183.5507564435911,1167.2664471857097,659.6101948536962
forecast_6241,2025-09-18 01:00:00,1050.0785331528646,897.9504205554816,331.1306165291927
forecast_6242,2025-09-18 02:00:00,1041.3978651889506,953.2289048568315,515.1439780528569
forecast_6243,2025-09-18 03:00:00,890.5439749733126,849.4554284588964,550.8989740372509
forecast_6244,2025-09-18 04:00:00,857.3615740167298,913.1297456978264,511.5152320825265
forecast_6245,2025-09-18 05:00:00,1701.3808018446016,1985.998171722484,1234.9839210965554
forecast_6246,2025-09-18 06:00:00,2246.2736828814614,2813.6853163719966,1757.1141927293902
forecast_6247,2025-09-18 07:00:00,3318.3205628828423,4290.245363345101,2499.782866941549
forecast_6248,2025-09-18 08:00:00,3242.3221648205867,4426.3715771165835,2388.909480412915
forecast_6249,2025-09-18 09:00:00,3343.8136917496204,4339.387431070867,2511.5280115859077
forecast_6250,2025-09-18 10:00:00,3202.8605870574606,4656.955327522632,2729.624364428763
forecast_6251,2025-09-18 11:00:00,3018.763293424109,4019.896493100772,2534.974514648075
forecast_6252,2025-09-18 12:00:00,2135.4171258807933,2831.620418006103,1801.399788363665
forecast_6253,2025-09-18 13:00:00,1887.1812855896324,2641.650677721348,1634.164523304844
forecast_6254,2025-09-18 14:00:00,1413.7988135438384,2065.9821774913107,1569.280293659222
forecast_6255,2025-09-18 15:00:00,1308.6980304519582,1891.017072055423,1486.3378267332282
forecast_6256,2025-09-18 16:00:00,1180.3357838862494,1559.5748091761188,1117.2431077537824
forecast_6257,2025-09-18 17:00:00,1388.4744933199124,1858.5983676984342,1247.6694918175672
forecast_6258,2025-09-18 18:00:00,2165.9405440870655,2558.446373085066,1227.0052831909081
forecast_6259,2025-09-18 19:00:00,2456.1055065187666,2765.055821304005,1157.2179426821242
forecast_6260,2025-09-18 20:00:00,2359.40224896131,2650.454511752258,1079.4613532683402
forecast_6261,2025-09-18 21:00:00,1851.6191978585816,1919.144808889809,777.5604880244815
forecast_6262,2025-09-18 22:00:00,2595.2529877954607,3025.222506908969,1095.1780996802433
forecast_6263,2025-09-18 23:00:00,2431.1947501329532,2837.5535529888184,1090.171004953915
forecast_6264,2025-09-19 00:00:00,2494.6831147418166,2810.0665056763746,890.588294576521
forecast_6265,2025-09-19 01:00:00,2579.6483335683215,2950.560758556492,930.575285917363
forecast_6266,2025-09-19 02:00:00,2271.841939318154,2455.2885615754963,901.905264504948
forecast_6267,2025-09-19 03:00:00,2525.7666532714607,2618.4137644730417,867.4238476043491
forecast_6268,2025-09-19 04:00:00,2410.907089729231,2391.911374106246,768.2336869959466
forecast_6269,2025-09-19 05:00:00,2378.1343189525196,2067.263639855153,629.4588592681747
forecast_6270,2025-09-19 06:00:00,1602.1598450465774,1248.4564610244727,337.3130881998524
forecast_6271,2025-09-19 07:00:00,1473.5024983716144,1214.3526212142904,300.8020388012194
forecast_6272,2025-09-19 08:00:00,1168.6010266666447,1115.4617323048044,302.53947634796566
forecast_6273,2025-09-19 09:00:00,1046.8504672894471,1025.6154159016814,345.9543910146108
forecast_6274,2025-09-19 10:00:00,811.9328559734348,568.5932529460748,257.936575210291
forecast_6275,2025-09-19 11:00:00,484.49715752490266,413.8980461783574,216.45059116781175
forecast_6276,2025-09-19 12:00:00,567.6052886817981,416.61120365247564,201.66870065137783
forecast_6277,2025-09-19 13:00:00,356.5361916821293,323.0128601883133,117.80984464193902
forecast_6278,2025-09-19 14:00:00,335.02322006793787,373.07381355704274,117.8032074330202
forecast_6279,2025-09-19 15:00:00,508.46757904419064,482.28017686531274,118.09932268453333
forecast_6280,2025-09-19 16:00:00,529.2697990310405,479.3933757289426,125.53141628467735
forecast_6281,2025-09-19 17:00:00,640.6795030102894,871.8657444046673,151.54543023087703
forecast_6282,2025-09-19 18:00:00,1154.154511378575,1016.4773182561441,311.75484215978713
forecast_6283,2025-09-19 19:00:00,1705.5890134059298,1538.715588618788,550.3740280802455
forecast_6284,2025-09-19 20:00:00,2015.7716598107202,1757.4074432535642,605.7824019001315
forecast_6285,2025-09-19 21:00:00,2604.842951922108,2247.550528480923,840.3009293220833
forecast_6286,2025-09-19 22:00:00,4234.280180075786,3611.2826709568926,1499.5692087514617
forecast_6287,2025-09-19 23:00:00,4501.350073543904,4359.90044526569,1764.1291993098566
forecast_6288,2025-09-20 00:00:00,5452.823477154743,4607.191451559554,2045.0038140090514
forecast_6289,2025-09-20 01:00:00,7099.559058460563,6946.266221826677,2589.6061165270107
forecast_6290,2025-09-20 02:00:00,8458.967293059768,7479.431043671098,3195.7912349420258
forecast_6291,2025-09-20 03:00:00,5865.043883308733,5115.271192339672,2333.614791929378
forecast_6292,2025-09-20 04:00:00,5751.946673891788,5617.995114327067,2897.0402525401296
forecast_6293,2025-09-20 05:00:00,5955.35662902129,6357.3882879227995,3260.4616457586803
forecast_6294,2025-09-20 06:00:00,5933.770074329457,6231.434521502323,4017.2676054104713
forecast_6295,2025-09-20 07:00:00,5745.216890113624,5542.318182521818,3516.3694798974325
forecast_6296,2025-09-20 08:00:00,4156.726600750128,3917.856845951078,1987.3690331209566
forecast_6297,2025-09-20 09:00:00,2502.4359068415956,1892.897648746124,1071.1671334288087
forecast_6298,2025-09-20 10:00:00,1057.446144302446,900.9552821725622,487.4372991260539
forecast_6299,2025-09-20 11:00:00,2351.884712712191,1706.5784926575923,1058.9759938736331
forecast_6300,2025-09-20 12:00:00,2422.3397505291605,2087.8527656291744,1410.7468934656185
forecast_6301,2025-09-20 13:00:00,4130.10124056196,3492.547175887107,2002.0238831173006
forecast_6302,2025-09-20 14:00:00,3411.8541089372493,3076.9088999294895,1679.8514877785785
forecast_6303,2025-09-20 15:00:00,3054.6512358166824,2517.214967315564,1186.7603958874058
forecast_6304,2025-09-20 16:00:00,2042.522857167864,2022.8567092832366,1104.5552758153317
forecast_6305,2025-09-20 17:00:00,1871.9867333921322,1892.7743268002505,739.7730090127475
forecast_6306,2025-09-20 18:00:00,1615.045255111062,1557.0446620737662,737.9648580803645
forecast_6307,2025-09-20 19:00:00,1474.7301719267161,1573.5767383208172,694.3980699819285
forecast_6308,2025-09-20 20:00:00,2414.3537512807206,2567.293441200875,1257.0207624781335
forecast_6309,2025-09-20 21:00:00,2593.395909423327,2870.0789392120673,1669.0448403051741
forecast_6310,2025-09-20 22:00:00,3107.061299166091,3702.0173620918545,1921.9636017291064
forecast_6311,2025-09-20 23:00:00,3423.6595144760836,3562.28049585294,1732.7880513443906
forecast_6312,2025-09-21 00:00:00,3352.011304960943,3605.9993785292513,1746.7192333352334
forecast_6313,2025-09-21 01:00:00,3266.676484198411,3989.8050231630946,2334.1569225501903
forecast_6314,2025-09-21 02:00:00,3331.369036960963,4521.069066238236,2614.4092193679066
forecast_6315,2025-09-21 03:00:00,3441.6314595169947,4432.182486744767,2300.3599653494166
forecast_6316,2025-09-21 04:00:00,3388.0022059827484,3906.1476623502085,2338.1266236287356
forecast_6317,2025-09-21 05:00:00,3420.0689304018133,3734.217960810572,1996.6229019985892
forecast_6318,2025-09-21 06:00:00,3848.3857244957967,3918.080312235445,2104.916274095527
forecast_6319,2025-09-21 07:00:00,4139.892406459945,4233.177858858761,2412.937212055914
forecast_6320,2025-09-21 08:00:00,3828.1381023444287,4771.395341129334,2449.461618479337
forecast_6321,2025-09-21 09:00:00,2817.9460032255515,3088.679076629516,1892.241025526012
forecast_6322,2025-09-21 10:00:00,1689.288200623974,2247.193947675176,1419.4264877316086
forecast_6323,2025-09-21 11:00:00,902.125489976553,1064.0636654029279,814.1460999686457
forecast_6324,2025-09-21 12:00:00,1016.2488263339055,1336.2243756862586,821.1074920910921
forecast_6325,2025-09-21 13:00:00,1045.7938521556346,1433.9106200063145,981.8931182866671
forecast_6326,2025-09-21 14:00:00,1171.1444123677813,1493.5999147222442,1059.2184013841606
forecast_6327,2025-09-21 15:00:00,1023.5043957118413,1352.0753691483583,930.7516585974646
forecast_6328,2025-09-21 16:00:00,1069.8120582075694,1624.0599854309635,1022.9958225582916
forecast_6329,2025-09-21 17:00:00,1349.5872687633916,1725.1733212863958,1340.4489246279404
forecast_6330,2025-09-21 18:00:00,1703.2287117236388,2167.700484828442,1322.5281000960767
forecast_6331,2025-09-21 19:00:00,2627.3129309710744,2880.8476131618295,1690.7317624254888
forecast_6332,2025-09-21 20:00:00,2818.8409909639086,3220.204066945777,1607.229691969857
forecast_6333,2025-09-21 21:00:00,3446.0511095613574,3649.116337747133,1363.700922141756
forecast_6334,2025-09-21 22:00:00,4121.793729292014,4631.54519228295,1702.3497394749359
forecast_6335,2025-09-21 23:00:00,5335.773896816426,5712.977483459193,2210.6142770254232
forecast_6336,2025-09-22 00:00:00,5832.166337820823,6390.610755307904,2516.3846373408855
forecast_6337,2025-09-22 01:00:00,5562.814396368703,5237.921815037788,1850.564210985593
forecast_6338,2025-09-22 02:00:00,5970.566261202314,5832.829425169151,2002.6958084043902
forecast_6339,2025-09-22 03:00:00,6325.025013989581,6647.057526217098,2463.638382978918
forecast_6340,2025-09-22 04:00:00,6310.026772577405,6499.619812596453,2408.8244052127448
forecast_6341,2025-09-22 05:00:00,6291.444026307326,6776.530869150097,2514.938990978499
forecast_6342,2025-09-22 06:00:00,5528.696355470356,5606.006320694188,1985.350417278992
forecast_6343,2025-09-22 07:00:00,5372.85991725636,5259.4673897045095,1922.4063421407977
forecast_6344,2025-09-22 08:00:00,4659.10871970978,4982.608524690103,2196.9637159200684
forecast_6345,2025-09-22 09:00:00,4589.436633946313,5306.57016455581,2366.62789140825
forecast_6346,2025-09-22 10:00:00,5234.4906602995625,6400.708992557154,3360.0782134292176
forecast_6347,2025-09-22 11:00:00,3859.9872836870845,4760.946907123359,2972.6849010075093
forecast_6348,2025-09-22 12:00:00,3022.1984188377337,3920.2013004618707,2667.6984574254016
forecast_6349,2025-09-22 13:00:00,2481.9314858359717,3288.169399832017,2278.824859348839
forecast_6350,2025-09-22 14:00:00,2460.1622456720843,3228.8402255375036,2180.396293218228
forecast_6351,2025-09-22 15:00:00,2347.463799303791,3105.4262161398124,2101.905763165292
forecast_6352,2025-09-22 16:00:00,2115.0740622951203,2833.0107123644825,1889.2174782887823
forecast_6353,2025-09-22 17:00:00,1926.3631675851932,2638.6694135664093,1604.7269001870964
forecast_6354,2025-09-22 18:00:00,2291.458260761261,2582.7469247933955,1141.1308263791097
forecast_6355,2025-09-22 19:00:00,2969.4187277908013,2932.819678039868,1215.1944513900612
forecast_6356,2025-09-22 20:00:00,3210.541757232432,2980.5882418809156,1295.2110587214506
forecast_6357,2025-09-22 21:00:00,3277.6379390435036,3049.492377458578,1109.972373693311
forecast_6358,2025-09-22 22:00:00,3391.025647480492,3339.6041049573855,1157.9024488560433
forecast_6359,2025-09-22 23:00:00,2876.1043484796387,2668.7855828303514,944.7480481221888
forecast_6360,2025-09-23 00:00:00,3014.68315477006,2616.131177353095,990.5738729085678
forecast_6361,2025-09-23 01:00:00,946.2776924665274,855.560307411817,222.51221310946312
forecast_6362,2025-09-23 02:00:00,1019.2605954403527,947.4273569100612,200.83485459174616
forecast_6363,2025-09-23 03:00:00,935.5200366825551,911.1871646703736,213.84698513083865
forecast_6364,2025-09-23 04:00:00,1121.201257429826,1020.3405074071034,293.34935908825753
forecast_6365,2025-09-23 05:00:00,1456.4999883272071,1456.380862388714,325.70609851264777
forecast_6366,2025-09-23 06:00:00,2071.665399766717,2068.788583466619,556.3621687570763
forecast_6367,2025-09-23 07:00:00,2746.238196963291,2302.6704092117375,885.1278424506977
forecast_6368,2025-09-23 08:00:00,2978.302196799362,2267.648000297614,879.9073548294115
forecast_6369,2025-09-23 09:00:00,2610.775190995968,2312.0254412950717,999.5485039161555
forecast_6370,2025-09-23 10:00:00,1790.902251378853,1729.2043802960843,914.6038700024823
forecast_6371,2025-09-23 11:00:00,1148.278758324476,1258.0761471149906,819.550990766861
forecast_6372,2025-09-23 12:00:00,1011.5437689238171,1036.3733676186037,623.0932187782735
forecast_6373,2025-09-23 13:00:00,1050.586231422684,1074.3077509673822,784.3414194191135
forecast_6374,2025-09-23 14:00:00,906.5764047731091,916.2949600798745,568.9093945695873
forecast_6375,2025-09-23 15:00:00,935.1027321812487,888.4933283527173,572.3843247379226
forecast_6376,2025-09-23 16:00:00,880.7017595542225,959.5450618380655,589.0155527196256
forecast_6377,2025-09-23 17:00:00,970.4888802964433,1003.0672303956313,505.46253168075276
forecast_6378,2025-09-23 18:00:00,1715.2441426477405,1728.207846624688,716.4781300200431
forecast_6379,2025-09-23 19:00:00,2367.8478783105184,2221.5492404131387,716.8873955378012
forecast_6380,2025-09-23 20:00:00,2687.6218695101174,2015.36387767697,682.4754428871044
forecast_6381,2025-09-23 21:00:00,2500.366448780239,1932.9939260424187,607.5775425746858
forecast_6382,2025-09-23 22:00:00,2490.4970132783073,2069.640427717285,738.4043490623105
forecast_6383,2025-09-23 23:00:00,2313.4855284815167,1943.2974583451748,706.942046676203
forecast_6384,2025-09-24 00:00:00,2518.2429025197425,2228.7769934727453,741.6004452625654
forecast_6385,2025-09-24 01:00:00,2705.147128586071,1911.8855779379287,756.1700733074105
forecast_6386,2025-09-24 02:00:00,2967.2918907459834,2482.9094628346625,743.5255418816313
forecast_6387,2025-09-24 03:00:00,3371.435879973474,2945.676289662623,880.9767646848443
forecast_6388,2025-09-24 04:00:00,3548.7901841161215,3248.719270464757,1576.7625169737541
forecast_6389,2025-09-24 05:00:00,4302.743825195694,4566.051064144648,2059.997435414148
forecast_6390,2025-09-24 06:00:00,4807.403692533525,4785.703564673982,2544.0127405988865
forecast_6391,2025-09-24 07:00:00,4201.964319933538,4066.7936598717574,1932.279333427397
forecast_6392,2025-09-24 08:00:00,3480.8417820331365,3660.4097498627425,1679.0944156407777
forecast_6393,2025-09-24 09:00:00,3551.797743172397,3815.808191355067,2063.094696194216
forecast_6394,2025-09-24 10:00:00,4553.894560594907,4981.507352502605,3428.2514700805664
forecast_6395,2025-09-24 11:00:00,7041.971616939534,9045.598744357028,5056.889119787476
forecast_6396,2025-09-24 12:00:00,7427.788270209532,9645.887003628126,6189.271286275526
forecast_6397,2025-09-24 13:00:00,8581.911723018526,10853.939352669291,7364.909948696494
forecast_6398,2025-09-24 14:00:00,9966.731749981833,12114.435262800833,8581.19348591799
forecast_6399,2025-09-24 15:00:00,9091.77519171277,10894.736413328286,8112.572882411929
forecast_6400,2025-09-24 16:00:00,8977.692542236055,10316.628464979181,7719.744569024079
forecast_6401,2025-09-24 17:00:00,7345.416303006451,9034.924292450127,5662.41250312235
forecast_6402,2025-09-24 18:00:00,8582.882428330398,10585.6016139246,5576.284492891005
forecast_6403,2025-09-24 19:00:00,9169.781982757848,10690.13762450519,6957.76066223079
forecast_6404,2025-09-24 20:00:00,10174.138518253452,11589.995349697905,8792.004840008494
forecast_6405,2025-09-24 21:00:00,12329.662118558952,13716.074674559206,10957.323340786852
forecast_6406,2025-09-24 22:00:00,13722.12855578323,15637.653562982723,11823.244122191987
forecast_6407,2025-09-24 23:00:00,15369.356971866742,17003.105202394854,13638.323092490937
forecast_6408,2025-09-25 00:00:00,15614.398925896274,17143.068304126286,13799.860278421382
forecast_6409,2025-09-25 01:00:00,15584.022079341205,16019.791642585998,13392.577839169597
forecast_6410,2025-09-25 02:00:00,16005.312275771903,16339.5365291527,13432.367814279158
forecast_6411,2025-09-25 03:00:00,15266.336936477508,15775.12387982255,12910.02999446569
forecast_6412,2025-09-25 04:00:00,16003.777261073714,16535.112286420972,13556.4488032572
forecast_6413,2025-09-25 05:00:00,16365.359926116373,16914.54929884435,13779.119477195794
forecast_6414,2025-09-25 06:00:00,16135.121866556396,17300.299038049412,13514.262029728017
forecast_6415,2025-09-25 07:00:00,15821.701780457803,15673.049146105268,13286.540394182935
forecast_6416,2025-09-25 08:00:00,14304.062603970964,14116.501504014414,11726.301743095843
forecast_6417,2025-09-25 09:00:00,14168.056924001532,14120.90559537706,11017.881563067675
forecast_6418,2025-09-25 10:00:00,14087.441113929111,14093.91180443562,11186.089532389895
forecast_6419,2025-09-25 11:00:00,13872.205482310412,13811.255227645177,11781.058730803363
forecast_6420,2025-09-25 12:00:00,14059.08940036859,14370.97201511682,10644.588976907511
forecast_6421,2025-09-25 13:00:00,14967.92271588041,14413.795319187173,10348.55602140892
forecast_6422,2025-09-25 14:00:00,13607.965599460056,12923.850289699738,9605.295307909797
forecast_6423,2025-09-25 15:00:00,12442.217697473156,12767.910517551081,10172.802573785539
forecast_6424,2025-09-25 16:00:00,13387.34470975932,12630.083443645106,10530.84303462759
forecast_6425,2025-09-25 17:00:00,12613.691083094986,12623.254981163378,9985.632283402752
forecast_6426,2025-09-25 18:00:00,13837.839447548538,13001.063802335068,10433.972610329352
forecast_6427,2025-09-25 19:00:00,14834.495999161898,14566.289935772853,11881.724567717756
forecast_6428,2025-09-25 20:00:00,16022.901111425208,15600.874468014506,12307.740528350163
forecast_6429,2025-09-25 21:00:00,16850.42920895565,15414.049508986564,11694.66674849414
forecast_6430,2025-09-25 22:00:00,15579.602655635923,14774.43702841373,9994.2278096104
forecast_6431,2025-09-25 23:00:00,14587.6851584277,13862.728242622976,8837.533681658937
forecast_6432,2025-09-26 00:00:00,14886.553214674657,13685.36704847312,9067.875949101925
forecast_6433,2025-09-26 01:00:00,10256.414092445893,8572.047322440236,5710.831221431202
forecast_6434,2025-09-26 02:00:00,8634.38363074639,7747.207328989511,4714.218037176984
forecast_6435,2025-09-26 03:00:00,7999.657833407372,6384.8001263273845,4110.90788879152
forecast_6436,2025-09-26 04:00:00,6535.825057984164,4872.182043490354,2997.1855592485176
forecast_6437,2025-09-26 05:00:00,3848.4177452207964,2718.9738241658365,1747.3570035093744
forecast_6438,2025-09-26 06:00:00,2157.274410467109,1511.7261942721175,1038.782072427624
forecast_6439,2025-09-26 07:00:00,1037.992527754423,813.9834983099291,442.26181390760854
forecast_6440,2025-09-26 08:00:00,441.0754752617799,376.7550126612341,126.24275503106655
forecast_6441,2025-09-26 09:00:00,313.9914111966668,262.12430459965685,106.60551171509461
forecast_6442,2025-09-26 10:00:00,215.6204669308033,142.22509044990326,71.5921540113665
forecast_6443,2025-09-26 11:00:00,114.55066226770843,129.92824354807155,69.77596246536855
forecast_6444,2025-09-26 12:00:00,136.05176549007012,132.06904974720388,69.73309826012621
forecast_6445,2025-09-26 13:00:00,100.46894743482508,124.83126644214954,72.4182016554197
forecast_6446,2025-09-26 14:00:00,111.04618536298331,139.39377352143347,81.83291340793703
forecast_6447,2025-09-26 15:00:00,160.0016343880471,148.79068559842761,96.54722835428355
forecast_6448,2025-09-26 16:00:00,175.39591098408533,154.01332619989728,109.59874654275546
forecast_6449,2025-09-26 17:00:00,307.6614182180068,236.32106111107757,94.49300166052504
forecast_6450,2025-09-26 18:00:00,309.80117672975337,231.5340582452496,114.16923936747905
forecast_6451,2025-09-26 19:00:00,313.51681122115053,240.0481808305526,95.96643863295111
forecast_6452,2025-09-26 20:00:00,284.2240888222784,229.03442796164063,70.99909897672327
forecast_6453,2025-09-26 21:00:00,306.09908148635225,232.49336346222447,68.55099022807751
forecast_6454,2025-09-26 22:00:00,479.3053426169872,336.4724305702927,92.28943934488822
forecast_6455,2025-09-26 23:00:00,510.4527586174245,382.744291740896,109.4112255201548
forecast_6456,2025-09-27 00:00:00,571.9761669196785,460.4292298985181,100.66530287584233
forecast_6457,2025-09-27 01:00:00,401.3064240805566,316.10142863230357,84.67841523939866
forecast_6458,2025-09-27 02:00:00,501.19384198511307,419.9468550895498,74.95400106174075
forecast_6459,2025-09-27 03:00:00,553.3158925541817,467.5391874524105,90.75153900776637
forecast_6460,2025-09-27 04:00:00,676.1804974151594,449.18947488078,99.85721742596654
forecast_6461,2025-09-27 05:00:00,708.7523968193952,552.5725643704508,128.4704905361606
forecast_6462,2025-09-27 06:00:00,1045.7589703499602,733.9512337064211,230.46545480675172
forecast_6463,2025-09-27 07:00:00,1988.2382761054525,1388.7642451707734,502.32616175853104
forecast_6464,2025-09-27 08:00:00,2196.5385177031485,1691.6813497961323,658.8209073486072
forecast_6465,2025-09-27 09:00:00,1609.1769591397945,1187.6710417094785,474.2138768834635
forecast_6466,2025-09-27 10:00:00,859.5442373657576,682.2983108355271,276.27616125769725
forecast_6467,2025-09-27 11:00:00,264.51259240713546,286.9799748654782,133.14827208796675
forecast_6468,2025-09-27 12:00:00,201.86754777254993,201.27736861796845,127.00685191874095
forecast_6469,2025-09-27 13:00:00,187.549708931852,214.68052640464606,127.34210067261348
forecast_6470,2025-09-27 14:00:00,193.89523345718703,207.49295795768438,126.25710211464906
forecast_6471,2025-09-27 15:00:00,528.6709448924388,371.88845035157834,169.86836836711063
forecast_6472,2025-09-27 16:00:00,650.2329114578849,442.1153986672462,223.00034760955828
forecast_6473,2025-09-27 17:00:00,682.141068973597,650.2624016176283,288.97496345904426
forecast_6474,2025-09-27 18:00:00,878.7716005203533,811.65189684432,284.21839787898017
forecast_6475,2025-09-27 19:00:00,1304.6233608560428,1353.8397987192436,487.12878426730003
forecast_6476,2025-09-27 20:00:00,1095.1524064958296,1188.7891905647652,410.86374122643963
forecast_6477,2025-09-27 21:00:00,815.9029530134493,804.8346206327856,309.527049893873
forecast_6478,2025-09-27 22:00:00,1447.1869921197529,1388.0489855498,796.3587829749226
forecast_6479,2025-09-27 23:00:00,1535.5961691463606,1390.4691867702902,835.5344516375668
forecast_6480,2025-09-28 00:00:00,1344.363771245428,1181.9767394784037,582.2199485431895
forecast_6481,2025-09-28 01:00:00,2781.041509742222,4007.6793142159117,1819.2183900520831
forecast_6482,2025-09-28 02:00:00,4306.048665158651,5022.293120880835,2858.3632269988134
forecast_6483,2025-09-28 03:00:00,4594.973650345424,4934.701303809903,2841.088584905338
forecast_6484,2025-09-28 04:00:00,4291.444105976248,4897.7746118708765,2949.051925708732
forecast_6485,2025-09-28 05:00:00,4553.533141279168,4445.138579749069,3066.1886639974473
forecast_6486,2025-09-28 06:00:00,3185.451538970736,4111.572861307963,1774.0854614458704
forecast_6487,2025-09-28 07:00:00,2814.4613818942244,3375.9110462989524,1440.5326562844484
forecast_6488,2025-09-28 08:00:00,2458.0866569168925,3240.072760026126,1694.3252130670517
forecast_6489,2025-09-28 09:00:00,2425.812179854153,2532.446447078055,1443.4931318053766
forecast_6490,2025-09-28 10:00:00,4795.436695585145,5069.653961713635,2933.9362418225187
forecast_6491,2025-09-28 11:00:00,5379.899683863983,5605.586209852948,2884.6629003061826
forecast_6492,2025-09-28 12:00:00,3684.021397385763,3988.827773260022,1903.9220536452146
forecast_6493,2025-09-28 13:00:00,2250.512815077332,2562.0912596066123,989.9143291045989
forecast_6494,2025-09-28 14:00:00,3688.373782541392,3995.755837139048,1521.6547488927915
forecast_6495,2025-09-28 15:00:00,5088.030112906109,5436.5300554090545,2630.7509269904185
forecast_6496,2025-09-28 16:00:00,5055.832413798054,5501.004217163661,2205.3760164020905
forecast_6497,2025-09-28 17:00:00,5118.585126160397,6366.025108469767,2547.9801002875647
forecast_6498,2025-09-28 18:00:00,4299.596201359767,5181.242278430172,2638.955005226198
forecast_6499,2025-09-28 19:00:00,4088.3736209830317,4038.137784911207,2393.592482209073
forecast_6500,2025-09-28 20:00:00,4389.058636235452,4279.231074350469,2545.1665539592773
forecast_6501,2025-09-28 21:00:00,6006.661069869233,4958.103332613295,3590.8825148278324
forecast_6502,2025-09-28 22:00:00,6438.456740400856,5161.4350165916985,3025.2390376612175
forecast_6503,2025-09-28 23:00:00,5740.794635613618,5353.250506000863,2835.546323328433
forecast_6504,2025-09-29 00:00:00,5535.18963820113,5515.301279666356,2671.8608350424847
forecast_6505,2025-09-29 01:00:00,3568.2614390188655,3232.3978315157924,1549.7883275297334
forecast_6506,2025-09-29 02:00:00,3161.989267738521,2667.6646584440696,1197.9434278978638
forecast_6507,2025-09-29 03:00:00,3249.151241225592,2590.3752165868864,1328.4181760966585
forecast_6508,2025-09-29 04:00:00,3592.6006902864415,3107.875726676941,1603.6178996558945
forecast_6509,2025-09-29 05:00:00,3391.2086529793537,2727.669774993864,1473.0062067512838
forecast_6510,2025-09-29 06:00:00,2542.632181208793,1959.2401265450676,1157.6765722364037
forecast_6511,2025-09-29 07:00:00,1719.8670858646583,1340.645880465899,832.8335660768461
forecast_6512,2025-09-29 08:00:00,1023.849895247251,727.109156267691,486.5862124892978
forecast_6513,2025-09-29 09:00:00,640.3610075820166,448.4941067221903,325.2823735803898
forecast_6514,2025-09-29 10:00:00,220.2176877634135,195.66991950837587,127.43842198571984
forecast_6515,2025-09-29 11:00:00,181.43503787018278,146.34105661716697,101.8986255609072
forecast_6516,2025-09-29 12:00:00,172.82783868858434,162.97000009941587,117.23280971924557
forecast_6517,2025-09-29 13:00:00,139.77606639078004,150.51440121129608,118.36420783905004
forecast_6518,2025-09-29 14:00:00,672.5021839943646,684.9074674097931,433.76209825090245
forecast_6519,2025-09-29 15:00:00,826.6694246452944,707.3085202005309,469.47158770876655
forecast_6520,2025-09-29 16:00:00,908.3158976845202,784.9170191962485,527.7245785219575
forecast_6521,2025-09-29 17:00:00,725.618228768623,706.6245512245225,337.30339935399286
forecast_6522,2025-09-29 18:00:00,404.31839895204547,373.81515130046085,135.47466244398308
forecast_6523,2025-09-29 19:00:00,464.39136936583674,366.4651250522602,126.66689885583776
forecast_6524,2025-09-29 20:00:00,426.06351069614425,375.56775273816095,123.64755358054691
forecast_6525,2025-09-29 21:00:00,451.6802090748062,453.615496632207,153.90590473149837
forecast_6526,2025-09-29 22:00:00,985.2721442074889,885.9170280759502,332.8990914478073
forecast_6527,2025-09-29 23:00:00,1395.9665104028832,1674.9615935778356,640.3695272408544
forecast_6528,2025-09-30 00:00:00,1309.4547513629304,998.4382946113736,451.87070082266985
forecast_6529,2025-09-30 01:00:00,1881.4915594254262,2122.420507076765,900.2316826384912
forecast_6530,2025-09-30 02:00:00,2112.300742658869,1807.7098390934193,1207.9118040682022
forecast_6531,2025-09-30 03:00:00,2036.2931705363521,1526.2474171086226,805.7231028679283
forecast_6532,2025-09-30 04:00:00,3596.9184078804133,2629.0913093537447,1728.63977142152
forecast_6533,2025-09-30 05:00:00,2407.560068476732,2051.5657577237603,1235.413855541756
forecast_6534,2025-09-30 06:00:00,1713.3622904925567,1745.786481038052,989.0356331328495
forecast_6535,2025-09-30 07:00:00,1228.1275844019078,1031.2112381867948,572.5638296023191
forecast_6536,2025-09-30 08:00:00,1052.496999042443,801.5704209280442,724.9115550247202
forecast_6537,2025-09-30 09:00:00,480.4923913464525,690.8403054324016,356.14279703993446
forecast_6538,2025-09-30 10:00:00,482.33379111444304,446.6614814816622,405.4545498299405
forecast_6539,2025-09-30 11:00:00,409.1072266669407,394.4762914956606,261.54640795705996
forecast_6540,2025-09-30 12:00:00,1115.3078087006193,1245.376334236248,971.0878191537053
forecast_6541,2025-09-30 13:00:00,614.8415349061717,584.9162327152965,458.43453477264717
forecast_6542,2025-09-30 14:00:00,921.6734846818617,796.0656911125309,591.943307610541
forecast_6543,2025-09-30 15:00:00,1059.7601327618158,1169.292771749737,816.4275239428902
forecast_6544,2025-09-30 16:00:00,1223.3253706168066,1107.9686502281625,786.1539190905555
forecast_6545,2025-09-30 17:00:00,1784.3835580477694,1574.576950193846,1096.3819045380767
forecast_6546,2025-09-30 18:00:00,3550.347159015774,3066.839974024235,2035.8981974733435
forecast_6547,2025-09-30 19:00:00,2750.364148115935,2499.9672535962577,1721.8570621527142
forecast_6548,2025-09-30 20:00:00,4060.4099601054454,4052.726242641142,2571.251388146079
forecast_6549,2025-09-30 21:00:00,4841.309414370581,4632.489899254881,3070.8638687159596
forecast_6550,2025-09-30 22:00:00,5662.48421858364,4821.038584460424,3499.9300970464806
forecast_6551,2025-09-30 23:00:00,6280.122757648383,4999.496583540854,3839.5594450034823
forecast_6552,2025-10-01 00:00:00,8178.185237156578,6609.595067879012,4778.618519577998
forecast_6553,2025-10-01 01:00:00,9223.878922465216,8479.61307248405,5302.913352881376
forecast_6554,2025-10-01 02:00:00,10033.445506685197,9367.042646349752,5473.490139476159
forecast_6555,2025-10-01 03:00:00,8603.511635601377,8340.645842111107,4822.412324737486
forecast_6556,2025-10-01 04:00:00,8716.680798885593,8288.836162513911,4815.938597828175
forecast_6557,2025-10-01 05:00:00,7915.60609201385,7164.385949632707,4132.55312982594
forecast_6558,2025-10-01 06:00:00,8521.739153793198,7427.080272525276,4078.4272578081236
forecast_6559,2025-10-01 07:00:00,7077.987206321012,6346.203352172789,2871.095248772957
forecast_6560,2025-10-01 08:00:00,3835.3485695565496,2818.4630883477084,1203.303778457845
forecast_6561,2025-10-01 09:00:00,3045.8286525978824,1837.873947895216,1192.4469369038013
forecast_6562,2025-10-01 10:00:00,1616.2046078508622,876.4315780336236,557.7447582698668
forecast_6563,2025-10-01 11:00:00,638.5869385268226,524.9471732298963,430.69884142628587
forecast_6564,2025-10-01 12:00:00,749.4953029346293,527.5016054385312,458.50186839660023
forecast_6565,2025-10-01 13:00:00,1445.847223962908,1097.819702561545,717.1208785816361
forecast_6566,2025-10-01 14:00:00,1555.2853460362107,1108.780597339593,654.7479498678728
forecast_6567,2025-10-01 15:00:00,1419.9422135032223,1113.206376878245,738.5697338338368
forecast_6568,2025-10-01 16:00:00,1471.966646519567,1315.961706612909,717.49095652348
forecast_6569,2025-10-01 17:00:00,1613.9549865701697,1585.4788962016494,798.072070143776
forecast_6570,2025-10-01 18:00:00,3679.92489495297,3483.4131744803344,1822.1997576501358
forecast_6571,2025-10-01 19:00:00,6082.247398676493,5382.051870527299,3445.1010177097414
forecast_6572,2025-10-01 20:00:00,6565.743911522326,5962.468550226256,3658.55905750438
forecast_6573,2025-10-01 21:00:00,6197.715971282791,5856.013985212786,3583.4615038621273
forecast_6574,2025-10-01 22:00:00,5557.173341417629,4895.171832610226,3268.5056195013044
forecast_6575,2025-10-01 23:00:00,4446.307836946827,3546.9634424401374,2670.83445063825
forecast_6576,2025-10-02 00:00:00,4927.851708656881,4284.7515681260265,2880.64576474863
forecast_6577,2025-10-02 01:00:00,6507.056539869108,6807.6176575001955,3632.939403102267
forecast_6578,2025-10-02 02:00:00,6536.0896412331,6832.989386527415,3690.385605761793
forecast_6579,2025-10-02 03:00:00,5721.873999983713,5393.722905908056,2539.1682933198085
forecast_6580,2025-10-02 04:00:00,4188.155961579976,3366.4753327619387,2041.2135381143505
forecast_6581,2025-10-02 05:00:00,3003.5486772665777,2137.916946426983,1652.0048458931074
forecast_6582,2025-10-02 06:00:00,2400.476050703039,1680.5167034683902,1277.6359427202765
forecast_6583,2025-10-02 07:00:00,2102.961139865804,1536.1183481654853,951.9046163086244
forecast_6584,2025-10-02 08:00:00,980.8382723018315,769.3466953604334,466.23645138981107
forecast_6585,2025-10-02 09:00:00,540.3218538158242,266.7247752552796,126.98391348890394
forecast_6586,2025-10-02 10:00:00,179.84267789299503,137.7194391798679,69.72206124750348
forecast_6587,2025-10-02 11:00:00,113.55760970204139,127.05586206632105,67.33009248150692
forecast_6588,2025-10-02 12:00:00,111.09308960000587,118.47698063223775,75.95565802992779
forecast_6589,2025-10-02 13:00:00,121.69119410544549,124.09762316210264,74.7250451857938
forecast_6590,2025-10-02 14:00:00,143.16899954089882,160.7156904705225,102.39261111369846
forecast_6591,2025-10-02 15:00:00,128.37389664074405,150.33288484896056,91.44278588110114
forecast_6592,2025-10-02 16:00:00,176.11844708215216,147.5523183936699,86.80552010110672
forecast_6593,2025-10-02 17:00:00,201.57299856323834,176.1771202495837,66.22168525170241
forecast_6594,2025-10-02 18:00:00,294.4855490871727,204.1302694325519,72.33554755227678
forecast_6595,2025-10-02 19:00:00,308.97553162448247,235.21194496403217,70.32141438842788
forecast_6596,2025-10-02 20:00:00,312.155553997873,253.5484954343403,79.28296423240317
forecast_6597,2025-10-02 21:00:00,332.726861230521,294.1869273414271,78.92908223970831
forecast_6598,2025-10-02 22:00:00,387.4035298238011,307.95219527373,81.80243592134805
forecast_6599,2025-10-02 23:00:00,429.3866418122961,401.3281904519939,80.68457681450144
forecast_6600,2025-10-03 00:00:00,596.5112682580964,532.0017841655364,90.70169876632332
forecast_6601,2025-10-03 01:00:00,1761.9994770093986,1655.42415711677,537.2163657230798
forecast_6602,2025-10-03 02:00:00,1945.4125087483737,1942.2243016575528,490.3042395349862
forecast_6603,2025-10-03 03:00:00,1805.865602632352,1694.2925490810542,496.16463990248997
forecast_6604,2025-10-03 04:00:00,1920.346368546838,1850.8317152395232,508.7444085311422
forecast_6605,2025-10-03 05:00:00,1910.9041347252044,1905.5330756578342,600.3437111668161
forecast_6606,2025-10-03 06:00:00,2610.8029294924136,2717.555801798772,894.6358028350339
forecast_6607,2025-10-03 07:00:00,2748.1043266984993,2660.07912704496,845.8355080935575
forecast_6608,2025-10-03 08:00:00,3078.8519744209416,2843.672058394878,893.6291019004124
forecast_6609,2025-10-03 09:00:00,3295.7154483964614,2946.455100487627,1100.1779670474593
forecast_6610,2025-10-03 10:00:00,3455.8397411516253,3266.4572777715903,1931.9533702771432
forecast_6611,2025-10-03 11:00:00,3518.1959140542504,3490.533769316978,2245.2416682049325
forecast_6612,2025-10-03 12:00:00,4003.285132500326,4798.896596619164,3079.9461263549483
forecast_6613,2025-10-03 13:00:00,3350.1610737112533,3524.673041707125,2100.706281735457
forecast_6614,2025-10-03 14:00:00,3533.126078373399,3665.4514213718826,2197.3016928885377
forecast_6615,2025-10-03 15:00:00,2939.6391429022574,2789.9297637996697,1293.1823687058925
forecast_6616,2025-10-03 16:00:00,3419.3088535009915,3516.727488737927,1814.9341291502074
forecast_6617,2025-10-03 17:00:00,4348.898218914655,4015.5822577350405,1794.1236633581543
forecast_6618,2025-10-03 18:00:00,4633.237870955175,3609.277677854288,1563.9079690909523
forecast_6619,2025-10-03 19:00:00,6531.370452561381,5925.451292796491,2902.4451138713566
forecast_6620,2025-10-03 20:00:00,7076.696740127856,5837.821833659968,3139.778599517917
forecast_6621,2025-10-03 21:00:00,5328.673280417478,4845.715962665338,1980.693334833311
forecast_6622,2025-10-03 22:00:00,4844.839595423973,4203.361087554122,1698.0483860316756
forecast_6623,2025-10-03 23:00:00,4079.414940650529,3687.7734219919685,1418.8543226514537
forecast_6624,2025-10-04 00:00:00,3911.9072384591395,3467.9668537403636,1447.336904437522
forecast_6625,2025-10-04 01:00:00,3622.454003426055,3194.1728036032014,1132.8481410500833
forecast_6626,2025-10-04 02:00:00,2678.7057229961474,2669.3273613782526,754.3714530465592
forecast_6627,2025-10-04 03:00:00,2893.668309231173,2636.5105919732764,906.9844605433924
forecast_6628,2025-10-04 04:00:00,2936.019492228638,2732.3508676594365,904.128200453211
forecast_6629,2025-10-04 05:00:00,2804.347595880615,2604.5390168876634,960.4821406563518
forecast_6630,2025-10-04 06:00:00,2637.603126371841,2349.984772133514,725.7975533630304
forecast_6631,2025-10-04 07:00:00,2518.043275110432,2171.2052036624737,885.3262129918394
forecast_6632,2025-10-04 08:00:00,2283.8135781446,2309.484717450413,1077.997039094081
forecast_6633,2025-10-04 09:00:00,2321.6403790023173,2361.5699357249705,895.1568908128362
forecast_6634,2025-10-04 10:00:00,1154.8513725426562,1475.7543753034433,476.2095972230113
forecast_6635,2025-10-04 11:00:00,853.0607077301653,1199.677514677974,468.9771032773807
forecast_6636,2025-10-04 12:00:00,891.4923170427763,1135.1780025065286,481.9028799219495
forecast_6637,2025-10-04 13:00:00,897.6692012246372,1000.58520656438,612.3549640503877
forecast_6638,2025-10-04 14:00:00,739.6918963068275,905.6318277815465,611.5398980846488
forecast_6639,2025-10-04 15:00:00,690.0409110000793,764.1623468372899,476.45734449892973
forecast_6640,2025-10-04 16:00:00,934.0435375567133,882.0194300296125,537.0867419150501
forecast_6641,2025-10-04 17:00:00,1118.116981811303,1053.2040658441824,728.8752179288992
forecast_6642,2025-10-04 18:00:00,1333.1875271065478,1296.8556881616933,744.9608479194729
forecast_6643,2025-10-04 19:00:00,1197.736224374585,997.0983678404424,760.4090940561621
forecast_6644,2025-10-04 20:00:00,1442.74938626484,1041.6118224956292,679.7627584811312
forecast_6645,2025-10-04 21:00:00,1541.92381517969,1258.9763977082769,632.1275867415179
forecast_6646,2025-10-04 22:00:00,1102.1123117266168,750.6175790738811,274.35332154096193
forecast_6647,2025-10-04 23:00:00,773.2824040940517,685.8384878746269,206.45257331508225
forecast_6648,2025-10-05 00:00:00,527.4116228237846,413.2499872682325,130.95651029282197
forecast_6649,2025-10-05 01:00:00,585.070298902861,432.8364594971996,275.3050794936759
forecast_6650,2025-10-05 02:00:00,564.9012625356141,412.9088443706859,218.90171319703438
forecast_6651,2025-10-05 03:00:00,582.3119747404066,385.4894331242645,186.51258095089528
forecast_6652,2025-10-05 04:00:00,342.92123316304145,279.6249237102185,90.78862855702977
forecast_6653,2025-10-05 05:00:00,360.96209567278834,292.6009546164712,99.08653131384938
forecast_6654,2025-10-05 06:00:00,336.10308042225006,237.65837360625792,82.74496527633315
forecast_6655,2025-10-05 07:00:00,431.1856280691179,301.96411880933704,106.26403135244105
forecast_6656,2025-10-05 08:00:00,340.34809466326533,264.9213082653955,79.4437439189953
forecast_6657,2025-10-05 09:00:00,362.5617169880675,267.2213501614089,84.36562528833328
forecast_6658,2025-10-05 10:00:00,276.2043189912786,193.1737082442871,80.55180502288502
forecast_6659,2025-10-05 11:00:00,458.9388785136931,305.3733520115303,119.3096366352761
forecast_6660,2025-10-05 12:00:00,269.5884087443178,212.84241887989216,77.94044360984878
forecast_6661,2025-10-05 13:00:00,291.28216557353096,204.8358588865114,103.48096269052378
forecast_6662,2025-10-05 14:00:00,305.6672367764073,225.91288685380752,87.93023105079037
forecast_6663,2025-10-05 15:00:00,318.1489663417521,380.22392540158023,186.3830521069555
forecast_6664,2025-10-05 16:00:00,417.3433708445883,391.9705529543466,146.30701476744113
forecast_6665,2025-10-05 17:00:00,430.21888751045304,417.3745209494344,187.2361463579724
forecast_6666,2025-10-05 18:00:00,537.0236481641634,498.5525848082511,312.3393127648582
forecast_6667,2025-10-05 19:00:00,703.0047866889479,667.1744617878163,457.8905041936136
forecast_6668,2025-10-05 20:00:00,828.4922101535817,811.1002459775002,375.5225272820112
forecast_6669,2025-10-05 21:00:00,969.1380453079726,957.3444877034873,365.52839565549635
forecast_6670,2025-10-05 22:00:00,852.5450243008696,817.5793653266829,323.7519561528858
forecast_6671,2025-10-05 23:00:00,891.6210911347649,928.683739760318,292.1161856380399
forecast_6672,2025-10-06 00:00:00,847.6500503801788,802.6809792745867,219.6286313952011
forecast_6673,2025-10-06 01:00:00,853.1702279638777,855.248802285755,289.118417456247
forecast_6674,2025-10-06 02:00:00,1378.5258613227027,1326.486016764203,429.26765650133626
forecast_6675,2025-10-06 03:00:00,2980.6546517607976,2750.558073071851,1077.0974810661487
forecast_6676,2025-10-06 04:00:00,3071.2055971290497,3179.4190431167194,1240.9096120605222
forecast_6677,2025-10-06 05:00:00,3231.622084556352,3594.2767056493044,1658.0456550347883
forecast_6678,2025-10-06 06:00:00,3564.6372985580792,4181.3922729517235,2102.782909303051
forecast_6679,2025-10-06 07:00:00,6429.499302066395,7742.213596426685,4772.084121785252
forecast_6680,2025-10-06 08:00:00,8219.17721684731,9784.447015468048,6478.799616532787
forecast_6681,2025-10-06 09:00:00,8622.088035297687,10030.913139162803,6744.81509187929
forecast_6682,2025-10-06 10:00:00,8134.894628846132,9846.394344676948,6541.5587591919575
forecast_6683,2025-10-06 11:00:00,6999.243913642779,8265.874124363942,5248.1323162720755
forecast_6684,2025-10-06 12:00:00,6155.182196097838,7023.248103032616,4769.808235083815
forecast_6685,2025-10-06 13:00:00,4604.654223690221,5283.81963542386,3225.7373401613177
forecast_6686,2025-10-06 14:00:00,3544.342297227918,4320.46995951288,2501.6809234155617
forecast_6687,2025-10-06 15:00:00,3570.7344549875256,4006.9464166800767,1912.303487919308
forecast_6688,2025-10-06 16:00:00,3457.3750798017745,4304.446857438489,2186.228922536746
forecast_6689,2025-10-06 17:00:00,4853.942094435164,5807.500246989862,3597.5183197894767
forecast_6690,2025-10-06 18:00:00,6547.906162667265,6910.038474156373,5251.406857437184
forecast_6691,2025-10-06 19:00:00,6632.104275474047,6812.304306269208,4838.971899096127
forecast_6692,2025-10-06 20:00:00,7464.46159879667,8139.59626252642,5564.951816147047
forecast_6693,2025-10-06 21:00:00,9114.189593584335,9893.13087208113,6767.771399635793
forecast_6694,2025-10-06 22:00:00,10918.152032608668,11394.97962333549,7868.215222208841
forecast_6695,2025-10-06 23:00:00,11517.820546205132,12598.830893916245,8447.637468961497
forecast_6696,2025-10-07 00:00:00,12700.724831124631,15070.288013155743,10654.062714655798
forecast_6697,2025-10-07 01:00:00,10169.937244111765,11230.930308675273,7686.403085608441
forecast_6698,2025-10-07 02:00:00,8932.674687019104,9749.873838625654,6390.449028595057
forecast_6699,2025-10-07 03:00:00,8758.592912158883,9795.15833888823,6099.954014157847
forecast_6700,2025-10-07 04:00:00,8403.060888624008,9252.692959216873,5797.7358565566365
forecast_6701,2025-10-07 05:00:00,8524.318882958569,8962.445742921278,4989.194125084733
forecast_6702,2025-10-07 06:00:00,8703.244348158214,9328.87317825537,5564.765511565976
forecast_6703,2025-10-07 07:00:00,6358.927970509607,7372.12960708163,3971.9027183277344
forecast_6704,2025-10-07 08:00:00,5369.227971320052,6479.134975364114,3655.6481913950774
forecast_6705,2025-10-07 09:00:00,5359.322692387309,5962.76317690169,3572.5400700491305
forecast_6706,2025-10-07 10:00:00,4540.291120016174,4984.8894604522375,2812.109855470492
forecast_6707,2025-10-07 11:00:00,3904.305716311047,4660.27220362392,2465.427135190431
forecast_6708,2025-10-07 12:00:00,3476.0037314937013,3922.544160233429,1759.8914861410592
forecast_6709,2025-10-07 13:00:00,3125.378913542533,3603.747504339211,1483.671945509368
forecast_6710,2025-10-07 14:00:00,2889.3224485742826,2796.1030131026173,1152.3356055242764
forecast_6711,2025-10-07 15:00:00,2642.42867103373,2530.6290077693166,938.9835903311508
forecast_6712,2025-10-07 16:00:00,2323.3580239461135,2125.683691097269,631.2354112190126
forecast_6713,2025-10-07 17:00:00,1889.3579501977204,1683.8732289540299,462.1183555332995
forecast_6714,2025-10-07 18:00:00,1295.2914920868882,1253.5907862603294,431.36803638293577
forecast_6715,2025-10-07 19:00:00,1191.2691279912335,1084.8062910910962,325.461983731672
forecast_6716,2025-10-07 20:00:00,968.139216916449,887.8259683644167,209.01298733739682
forecast_6717,2025-10-07 21:00:00,584.9176190687236,476.8798933418675,219.75791268495158
forecast_6718,2025-10-07 22:00:00,553.8151401498989,511.8610020364732,155.81243560950728
forecast_6719,2025-10-07 23:00:00,560.438681048919,549.7350381698545,250.2470347616536
forecast_6720,2025-10-08 00:00:00,571.92956619607,353.4173315527899,188.28890074466852
forecast_6721,2025-10-08 01:00:00,348.58235873846013,245.52082779406155,118.41508858549093
forecast_6722,2025-10-08 02:00:00,349.00591603029744,262.75830264989645,102.72077935440164
forecast_6723,2025-10-08 03:00:00,388.59766842869055,271.543185883252,122.65633156629477
forecast_6724,2025-10-08 04:00:00,495.0094823741163,340.48583582516034,140.53671719486692
forecast_6725,2025-10-08 05:00:00,655.0101749345932,473.3186827083179,231.01668169197868
forecast_6726,2025-10-08 06:00:00,641.6016565768107,537.3698348264878,198.0511798113143
forecast_6727,2025-10-08 07:00:00,655.9025954824732,540.3738700485851,207.85188397179925
forecast_6728,2025-10-08 08:00:00,706.1814120912123,523.6870920250134,185.69360425664857
forecast_6729,2025-10-08 09:00:00,657.9936554889357,545.1816422311101,204.0475380130277
forecast_6730,2025-10-08 10:00:00,622.0449802064142,605.8609890632358,344.7819318042663
forecast_6731,2025-10-08 11:00:00,510.77613292563086,484.01549074980215,225.54407754988932
forecast_6732,2025-10-08 12:00:00,442.7986493468865,333.0220530556506,190.0022227599056
forecast_6733,2025-10-08 13:00:00,345.48739053522814,308.2833249835945,177.69639610357174
forecast_6734,2025-10-08 14:00:00,311.43591204786384,412.2093271984521,279.9420793907923
forecast_6735,2025-10-08 15:00:00,320.2043030154547,417.9467103254129,237.76153701076882
forecast_6736,2025-10-08 16:00:00,484.7517076899642,577.5622177909557,324.40962409614923
forecast_6737,2025-10-08 17:00:00,819.8810925670823,922.3944749926682,401.9092155925113
forecast_6738,2025-10-08 18:00:00,1345.2497833463235,1245.7566793655046,460.5381352115268
forecast_6739,2025-10-08 19:00:00,2166.6103654902863,2522.5420595352225,1025.2164146014657
forecast_6740,2025-10-08 20:00:00,3115.1330307413614,3314.4083822963044,1309.0051945318269
forecast_6741,2025-10-08 21:00:00,3077.6616073953246,3207.973139629412,1387.9392165681218
forecast_6742,2025-10-08 22:00:00,3587.5659029344492,4144.168026979832,2264.8240880405374
forecast_6743,2025-10-08 23:00:00,3994.2688759424245,4945.717035671492,2453.320613997453
forecast_6744,2025-10-09 00:00:00,4683.004523895464,6192.430408692537,2926.7383786978157
forecast_6745,2025-10-09 01:00:00,4835.830402476655,5884.794836108936,2679.1533002436727
forecast_6746,2025-10-09 02:00:00,5284.26151629246,6290.933698908301,3436.0741877858595
forecast_6747,2025-10-09 03:00:00,5699.143815806923,6741.458635843199,3076.054257316413
forecast_6748,2025-10-09 04:00:00,4783.833510548718,5911.069111066061,2860.651156620502
forecast_6749,2025-10-09 05:00:00,5391.049566677651,6678.433511451214,3114.5774020652516
forecast_6750,2025-10-09 06:00:00,6029.8695621247025,7147.309222547429,3422.261450928743
forecast_6751,2025-10-09 07:00:00,4885.636730778462,6468.111133329252,3246.0663583963656
forecast_6752,2025-10-09 08:00:00,4824.413323396288,5992.173179042411,2926.522180377032
forecast_6753,2025-10-09 09:00:00,4547.495724655961,5892.580961820581,2813.363131608598
forecast_6754,2025-10-09 10:00:00,3530.7242433798983,4873.288133061004,2438.0736224506327
forecast_6755,2025-10-09 11:00:00,2657.1303972281353,3737.4539748863353,1709.9999459665655
forecast_6756,2025-10-09 12:00:00,2571.1873396713727,3053.398837710237,1402.154063672955
forecast_6757,2025-10-09 13:00:00,2068.616430973644,2339.0738667256255,1309.421962250122
forecast_6758,2025-10-09 14:00:00,1659.8468258934622,1739.565907433122,931.8004645832888
forecast_6759,2025-10-09 15:00:00,1573.886397322413,1737.7750755217312,863.87387249071
forecast_6760,2025-10-09 16:00:00,1980.192602370443,2146.034247638042,990.0389502466759
forecast_6761,2025-10-09 17:00:00,2042.8174779006515,1951.420711860411,841.1378412864495
forecast_6762,2025-10-09 18:00:00,2139.557401915029,2004.5086580379711,754.3689344622268
forecast_6763,2025-10-09 19:00:00,2196.302469464187,1864.9910408585517,691.9632419368911
forecast_6764,2025-10-09 20:00:00,1964.8444911988545,1660.8639008587236,667.5126034171785
forecast_6765,2025-10-09 21:00:00,1769.1469866415343,1373.5633570175958,526.5166287796358
forecast_6766,2025-10-09 22:00:00,1734.0436469094473,1170.763144569674,416.0525457053311
forecast_6767,2025-10-09 23:00:00,1756.312913473694,1243.4823433685367,462.0377929997416
forecast_6768,2025-10-10 00:00:00,1628.0923930734946,1131.0270957424846,323.9620219487276
forecast_6769,2025-10-10 01:00:00,1900.229035362536,1675.9817949920002,403.3911135657288
forecast_6770,2025-10-10 02:00:00,1836.6259962613292,1645.140901142328,456.2800101368215
forecast_6771,2025-10-10 03:00:00,2216.96952111345,1927.3798109291217,608.232347833062
forecast_6772,2025-10-10 04:00:00,2164.2629364002837,1816.4549072445245,547.208120131441
forecast_6773,2025-10-10 05:00:00,2223.5899350872005,1855.058550031974,418.94095383461917
forecast_6774,2025-10-10 06:00:00,2188.0337959511808,1688.7660980909727,454.2388562438131
forecast_6775,2025-10-10 07:00:00,2099.4044118011047,1604.7110874164157,449.4724205234652
forecast_6776,2025-10-10 08:00:00,2185.12316704635,1715.5222102643884,498.69190839157335
forecast_6777,2025-10-10 09:00:00,2258.673461180058,1815.07265409154,530.8819206625353
forecast_6778,2025-10-10 10:00:00,1974.7623402487477,1536.8509913882176,431.07188971457265
forecast_6779,2025-10-10 11:00:00,1801.4031764966965,1560.4938818113071,529.7677067140361
forecast_6780,2025-10-10 12:00:00,1651.886757393708,1310.7827729947478,443.4416283381402
forecast_6781,2025-10-10 13:00:00,1179.6212885161742,1002.3070620159184,418.0736709677947
forecast_6782,2025-10-10 14:00:00,1418.394981439112,1546.4923676669691,464.11888446707405
forecast_6783,2025-10-10 15:00:00,1930.7905889092817,1800.5439930025707,649.1832645305832
forecast_6784,2025-10-10 16:00:00,1918.3819627227888,1609.225231492102,540.4501778232338
forecast_6785,2025-10-10 17:00:00,1863.6448546562324,1576.6463562365536,456.0302257609318
forecast_6786,2025-10-10 18:00:00,1780.691449801511,1456.7528952244875,503.9333723993472
forecast_6787,2025-10-10 19:00:00,2148.729864410808,1626.2092243666614,623.5619454429149
forecast_6788,2025-10-10 20:00:00,2226.432092686466,1790.361654254333,713.3069495974343
forecast_6789,2025-10-10 21:00:00,2289.8436081157834,2224.141907600172,844.3040906531749
forecast_6790,2025-10-10 22:00:00,2701.1564047669585,2786.1018341603267,1074.0876351123077
forecast_6791,2025-10-10 23:00:00,2247.6486698538824,2491.299376839117,954.2158230057323
forecast_6792,2025-10-11 00:00:00,2516.0326665854463,2739.566589233137,1056.8213401995408
forecast_6793,2025-10-11 01:00:00,5485.943533758292,5665.862545977639,2180.2095606773373
forecast_6794,2025-10-11 02:00:00,3902.718995035699,4174.576129339078,2053.139847050924
forecast_6795,2025-10-11 03:00:00,4389.230918332861,5340.3641798926965,2736.869937247962
forecast_6796,2025-10-11 04:00:00,5587.796333681264,6758.000080961881,3942.474891265705
forecast_6797,2025-10-11 05:00:00,8215.632653254394,9628.863306939356,4944.733213680262
forecast_6798,2025-10-11 06:00:00,7257.414025190463,9068.74996549457,4938.085277108349
forecast_6799,2025-10-11 07:00:00,7602.382992389547,9121.352629270314,4830.691881395359
forecast_6800,2025-10-11 08:00:00,8396.860414633458,10280.576201188127,5858.212941497728
forecast_6801,2025-10-11 09:00:00,8071.689724475958,10261.772249303363,5820.535837614266
forecast_6802,2025-10-11 10:00:00,8249.105036807507,10003.304838929576,5442.238216339572
forecast_6803,2025-10-11 11:00:00,7685.934614007525,8838.659368465997,5608.650812345337
forecast_6804,2025-10-11 12:00:00,8084.487647158665,9218.104616123263,6018.968025950113
forecast_6805,2025-10-11 13:00:00,8845.688670976882,10243.27682219326,7629.396957685873
forecast_6806,2025-10-11 14:00:00,8700.768011308568,9211.573157492188,7774.0512616917395
forecast_6807,2025-10-11 15:00:00,10016.976599385162,9680.640281548438,8116.585836631437
forecast_6808,2025-10-11 16:00:00,11144.370572821728,11263.142197472738,9743.751407989048
forecast_6809,2025-10-11 17:00:00,10555.803372381863,10655.693635944157,8800.99220233707
forecast_6810,2025-10-11 18:00:00,10560.696699591785,11095.198503088006,8533.520284349184
forecast_6811,2025-10-11 19:00:00,11579.101768588598,12405.282229423572,9507.074806046257
forecast_6812,2025-10-11 20:00:00,12621.584012594814,13097.080920956616,10022.895107450431
forecast_6813,2025-10-11 21:00:00,11942.551090298366,13219.729757252702,9568.607157209031
forecast_6814,2025-10-11 22:00:00,10759.083082226613,11669.419986821595,7551.395926964626
forecast_6815,2025-10-11 23:00:00,10087.81624184614,11527.046304575002,8040.73171941618
forecast_6816,2025-10-12 00:00:00,10542.732137679644,11276.35509048586,8382.271637485645
forecast_6817,2025-10-12 01:00:00,10355.440813774208,11546.563360211205,8500.660257359448
forecast_6818,2025-10-12 02:00:00,9770.511740771944,9976.4841038417,7917.928774010055
forecast_6819,2025-10-12 03:00:00,7116.189621781642,8209.806105721498,5900.148601568693
forecast_6820,2025-10-12 04:00:00,6814.925902854142,6921.977532260758,5329.689507566673
forecast_6821,2025-10-12 05:00:00,3740.1082711037993,4137.481011514287,3352.008335842672
forecast_6822,2025-10-12 06:00:00,2967.8644258854406,3918.8879118248633,2290.6968579345757
forecast_6823,2025-10-12 07:00:00,1823.9261389784783,2072.6398464748254,1415.5621358827316
forecast_6824,2025-10-12 08:00:00,2402.4831101717928,1981.8641373318478,1255.6391870265156
forecast_6825,2025-10-12 09:00:00,2740.057287431642,2892.290376469103,1427.0349429165747
forecast_6826,2025-10-12 10:00:00,4280.306411723268,4123.925539118252,2448.8468024224353
forecast_6827,2025-10-12 11:00:00,4820.798240712599,5653.584408578517,3522.476554619905
forecast_6828,2025-10-12 12:00:00,4436.130096936028,4664.26997673407,2912.945435796069
forecast_6829,2025-10-12 13:00:00,4318.355633548775,4372.3876821548465,2895.5309387699504
forecast_6830,2025-10-12 14:00:00,4785.1577725297,5815.147224798825,3591.745478509711
forecast_6831,2025-10-12 15:00:00,4785.6925037442725,5504.604824483944,3146.2101561954228
forecast_6832,2025-10-12 16:00:00,4043.2646416253433,4451.859198577886,2843.7816028582592
forecast_6833,2025-10-12 17:00:00,3979.2630236891628,5215.394402530796,2576.2074349200616
forecast_6834,2025-10-12 18:00:00,4811.9344039250145,6364.194921259983,3767.29964371987
forecast_6835,2025-10-12 19:00:00,5764.976170572083,7805.400307713068,5437.389705028308
forecast_6836,2025-10-12 20:00:00,5805.413782264922,7608.202484493512,5419.9503611643495
forecast_6837,2025-10-12 21:00:00,5843.914424050707,7029.078643904442,4968.888526108457
forecast_6838,2025-10-12 22:00:00,4452.680866490465,5561.781483709948,3114.142168739441
forecast_6839,2025-10-12 23:00:00,3430.5314797738947,4265.399665017866,2507.707206392342
forecast_6840,2025-10-13 00:00:00,3532.5026941251103,4306.033127940206,2265.6916087427517
forecast_6841,2025-10-13 01:00:00,2567.8163060020715,2524.56418618518,905.0357954506419
forecast_6842,2025-10-13 02:00:00,2246.798111580136,2110.188583260297,828.726423754094
forecast_6843,2025-10-13 03:00:00,1798.370002925803,1581.4593690283248,595.9948430955769
forecast_6844,2025-10-13 04:00:00,1266.5073277453828,1163.7165056849929,462.5679133490349
forecast_6845,2025-10-13 05:00:00,1651.024138489954,1506.283238730877,636.7777732797033
forecast_6846,2025-10-13 06:00:00,2491.0595877812225,3137.3739977831337,1321.4190647238863
forecast_6847,2025-10-13 07:00:00,3367.223313634309,4105.853892799085,2127.2391408303693
forecast_6848,2025-10-13 08:00:00,3744.8558952466237,4623.022090416679,2048.2541714683744
forecast_6849,2025-10-13 09:00:00,3396.2742233904614,3667.668713409544,1639.9892149058885
forecast_6850,2025-10-13 10:00:00,3485.4341557538246,4740.391052913168,2014.344311861567
forecast_6851,2025-10-13 11:00:00,3061.4453097292812,3865.6864216156696,1897.1347344676406
forecast_6852,2025-10-13 12:00:00,3270.6551767198653,4223.598156331226,2187.9001957884825
forecast_6853,2025-10-13 13:00:00,3276.14558893706,4066.3434707254546,2083.5315270815377
forecast_6854,2025-10-13 14:00:00,3257.5668172018704,4028.4627488018277,2256.0388790127045
forecast_6855,2025-10-13 15:00:00,3845.27631380284,4446.111387969715,2448.583238508846
forecast_6856,2025-10-13 16:00:00,4358.813823827975,4890.969465693986,2787.2657080938584
forecast_6857,2025-10-13 17:00:00,4452.41549779058,5286.815960232182,3392.2453496193425
forecast_6858,2025-10-13 18:00:00,4592.364850006448,5136.193060361927,2691.687188948127
forecast_6859,2025-10-13 19:00:00,4744.970131243069,5254.2682395219235,3218.5635165137955
forecast_6860,2025-10-13 20:00:00,4858.261725619115,5028.990974743723,2605.52315253336
forecast_6861,2025-10-13 21:00:00,5020.766976970066,5770.420469015009,3639.8188092421374
forecast_6862,2025-10-13 22:00:00,6077.580537468197,6370.215604448583,4157.08427136398
forecast_6863,2025-10-13 23:00:00,5693.311711631179,6339.153980991892,2809.900119977257
forecast_6864,2025-10-14 00:00:00,5750.724530187204,6019.88551258606,3347.883561244166
forecast_6865,2025-10-14 01:00:00,7377.995574325219,7512.978459815775,3949.603788113285
forecast_6866,2025-10-14 02:00:00,7509.555440890507,7838.749946553263,4303.624514244809
forecast_6867,2025-10-14 03:00:00,7392.260217882285,7172.64603806114,4408.473962759539
forecast_6868,2025-10-14 04:00:00,6288.243312977068,6564.813023141071,3203.518379068378
forecast_6869,2025-10-14 05:00:00,5409.078393723178,6176.04372004797,2691.805807758808
forecast_6870,2025-10-14 06:00:00,5505.866348467208,5584.140719068849,2436.266601341311
forecast_6871,2025-10-14 07:00:00,4672.00948171337,5166.2012305417065,2358.461072677455
forecast_6872,2025-10-14 08:00:00,4287.060699254352,4839.888366968036,2492.1702696523303
forecast_6873,2025-10-14 09:00:00,4457.087820411365,5535.28656615598,3276.960518635108
forecast_6874,2025-10-14 10:00:00,4647.351208380917,5552.74375402564,3171.0136813251866
forecast_6875,2025-10-14 11:00:00,4942.60720705005,5467.772719937034,3193.848872627184
forecast_6876,2025-10-14 12:00:00,4522.594746306137,5521.742677891578,3078.1888589628393
forecast_6877,2025-10-14 13:00:00,4038.2348749518133,4886.441505314068,2949.119643674879
forecast_6878,2025-10-14 14:00:00,4050.376351386597,5182.554917911895,3147.4783899928125
forecast_6879,2025-10-14 15:00:00,4156.10256575657,5271.947912498693,3191.941992589298
forecast_6880,2025-10-14 16:00:00,2914.740918102153,3835.8961519420973,2353.8286065753673
forecast_6881,2025-10-14 17:00:00,3729.2979785802013,4269.961963950476,2818.5986572090023
forecast_6882,2025-10-14 18:00:00,3760.3732800783105,4141.9637501465295,2372.6544049449008
forecast_6883,2025-10-14 19:00:00,3150.624277531734,3697.2307610945504,2037.3627724907178
forecast_6884,2025-10-14 20:00:00,3779.7806092856304,3953.1517774836743,2200.874452724494
forecast_6885,2025-10-14 21:00:00,3285.5503603135603,4057.856989644671,1921.937641285391
forecast_6886,2025-10-14 22:00:00,3452.6562694054146,3905.6447569988977,1919.8855062559035
forecast_6887,2025-10-14 23:00:00,3565.2372529163304,3974.7520585697516,1729.9376909226262
forecast_6888,2025-10-15 00:00:00,3473.076689242071,3767.4723448110058,1712.827765676316
forecast_6889,2025-10-15 01:00:00,3481.6670334294995,3674.9219509893587,1517.9968971524834
forecast_6890,2025-10-15 02:00:00,3823.086378764606,3404.468417153026,1330.5487170721347
forecast_6891,2025-10-15 03:00:00,3450.3733275533555,3231.5754627378174,1266.6451823302593
forecast_6892,2025-10-15 04:00:00,3095.028608538496,3254.8248243381922,1197.8956596657983
forecast_6893,2025-10-15 05:00:00,2825.027144682697,2983.8179731348546,1107.4193310367639
forecast_6894,2025-10-15 06:00:00,3061.2257588757325,2997.012682496322,1103.2117097562236
forecast_6895,2025-10-15 07:00:00,2959.5832049615706,2913.0078874942424,869.1199814237427
forecast_6896,2025-10-15 08:00:00,2752.208436637212,2486.595674041084,888.9252063229279
forecast_6897,2025-10-15 09:00:00,2387.5927688440465,2137.066957476615,838.035095659275
forecast_6898,2025-10-15 10:00:00,1720.936710490786,1505.4763472965408,660.9622565063695
forecast_6899,2025-10-15 11:00:00,1593.367457637317,1274.2588423292516,781.1323428713598
forecast_6900,2025-10-15 12:00:00,1363.417719483303,1131.2595711392703,720.8867560398389
forecast_6901,2025-10-15 13:00:00,1104.0559667313648,1041.2581546794677,623.7974191377062
forecast_6902,2025-10-15 14:00:00,961.7209200681588,897.5505366165345,513.3423754122188
forecast_6903,2025-10-15 15:00:00,1026.568432622799,854.0515077257708,545.2898356774044
forecast_6904,2025-10-15 16:00:00,1160.2824881033887,1057.4041838824514,554.5788661179403
forecast_6905,2025-10-15 17:00:00,1835.8809052942927,1679.4176240497661,573.7285282740062
forecast_6906,2025-10-15 18:00:00,1481.755017948469,1360.0235259588485,452.69069792059224
forecast_6907,2025-10-15 19:00:00,1933.344351582539,1712.1964317140387,493.9951376786728
forecast_6908,2025-10-15 20:00:00,2606.4502471261667,2637.473158991543,883.0961217301881
forecast_6909,2025-10-15 21:00:00,2953.896339845407,2631.5529800915865,1014.3885730937001
forecast_6910,2025-10-15 22:00:00,3961.3406755405795,3603.8045384878733,1310.8121593641704
forecast_6911,2025-10-15 23:00:00,4790.643557101813,4325.889570431281,1920.9296829279162
forecast_6912,2025-10-16 00:00:00,4958.954499644971,4700.723186277875,2098.6659899471024
forecast_6913,2025-10-16 01:00:00,3082.575727152982,2490.7936477410576,961.9331056206569
forecast_6914,2025-10-16 02:00:00,2561.7687007732084,3037.73840689166,1460.396042891972
forecast_6915,2025-10-16 03:00:00,2036.3200788764764,2105.1628221371634,1197.089390962259
forecast_6916,2025-10-16 04:00:00,1308.378372879398,1243.7139676544127,772.5663634998696
forecast_6917,2025-10-16 05:00:00,2854.8218841393355,2752.3267110298566,1469.883348639599
forecast_6918,2025-10-16 06:00:00,2453.69390588225,2457.381822097083,1132.6206637713399
forecast_6919,2025-10-16 07:00:00,3001.956769020493,4110.460547802977,2529.136253523438
forecast_6920,2025-10-16 08:00:00,3943.439687249554,4704.817421641045,3063.188142140049
forecast_6921,2025-10-16 09:00:00,4165.185471649681,4938.938906137228,2899.761812350798
forecast_6922,2025-10-16 10:00:00,4253.873500280255,4716.63705570501,2525.0308899703114
forecast_6923,2025-10-16 11:00:00,4312.829309479222,4506.360027282966,2633.080521638099
forecast_6924,2025-10-16 12:00:00,4134.668037947389,4438.216245536314,2626.7592254579968
forecast_6925,2025-10-16 13:00:00,4432.898162101135,4674.121173106252,2652.905073103585
forecast_6926,2025-10-16 14:00:00,4910.970873013723,5491.328639397487,2946.8085069428203
forecast_6927,2025-10-16 15:00:00,3584.6027633700696,4524.256984860818,2340.995041391441
forecast_6928,2025-10-16 16:00:00,3090.6103704313746,3289.698624845702,1943.8927102021148
forecast_6929,2025-10-16 17:00:00,2912.1331024106744,3201.985178674595,1833.5519694692584
forecast_6930,2025-10-16 18:00:00,2927.6139652570973,3351.8201654721875,2088.4878451768777
forecast_6931,2025-10-16 19:00:00,3211.8098265264616,3781.4155911031653,2121.3805341288275
forecast_6932,2025-10-16 20:00:00,3374.4490165395537,4105.18699208689,2322.918633386208
forecast_6933,2025-10-16 21:00:00,3419.32596193448,4159.725570625326,2174.5297652794443
forecast_6934,2025-10-16 22:00:00,3199.4566273600226,3730.353177170085,1820.7853378914444
forecast_6935,2025-10-16 23:00:00,3579.6317275573288,3884.9443734405054,1715.004455665617
forecast_6936,2025-10-17 00:00:00,3743.280078243547,3982.657472232124,1455.003178267959
forecast_6937,2025-10-17 01:00:00,3447.065720940957,4102.682545863878,1664.2349693856406
forecast_6938,2025-10-17 02:00:00,3554.351110187329,3996.1121797954256,1676.5664318488837
forecast_6939,2025-10-17 03:00:00,3562.7759689034337,3482.2053936133116,1393.5881915266114
forecast_6940,2025-10-17 04:00:00,3625.415466044142,3576.710677809457,1362.3015574768913
forecast_6941,2025-10-17 05:00:00,3411.4805548861655,3159.614325279062,1159.7878693623552
forecast_6942,2025-10-17 06:00:00,3038.994441278203,2451.6753474347024,784.8484128223876
forecast_6943,2025-10-17 07:00:00,2300.260433465549,2049.957827044576,615.943980904055
forecast_6944,2025-10-17 08:00:00,2465.617166275593,2090.318202880106,533.9542858157253
forecast_6945,2025-10-17 09:00:00,2086.5376563929067,1676.4116572803675,630.9738065972163
forecast_6946,2025-10-17 10:00:00,1500.096538551519,1154.826169480576,458.07349244918333
forecast_6947,2025-10-17 11:00:00,1057.327931928619,841.6949159138336,352.48985787275825
forecast_6948,2025-10-17 12:00:00,735.0079621176008,540.8975343370546,250.439993217039
forecast_6949,2025-10-17 13:00:00,689.1330813709857,591.0077247782531,252.4964939784708
forecast_6950,2025-10-17 14:00:00,756.9205820793061,556.8710178098956,305.34255358856217
forecast_6951,2025-10-17 15:00:00,886.2339049362548,720.7866190042868,447.96874310592654
forecast_6952,2025-10-17 16:00:00,1063.6407703281566,786.9189463464767,504.82929060663366
forecast_6953,2025-10-17 17:00:00,1053.9410271603842,1017.4044350083883,547.337631923707
forecast_6954,2025-10-17 18:00:00,1827.8230484232342,1559.782111492621,507.4470753854106
forecast_6955,2025-10-17 19:00:00,2164.168259486697,2389.625496556122,978.5741847406929
forecast_6956,2025-10-17 20:00:00,2662.500572334423,2854.2475090532616,1262.187629703615
forecast_6957,2025-10-17 21:00:00,4166.308328565338,4294.832172957741,1982.3635933875523
forecast_6958,2025-10-17 22:00:00,5587.199220045793,5045.284786322761,2179.7252616861083
forecast_6959,2025-10-17 23:00:00,5286.663474495359,4881.118049832352,2505.6952349386843
forecast_6960,2025-10-18 00:00:00,4673.906093544484,4152.764131188534,1723.6029919328532
forecast_6961,2025-10-18 01:00:00,3417.5300374653025,3172.5543023804757,1270.962989766095
forecast_6962,2025-10-18 02:00:00,4177.000334967457,4785.625009710521,2032.8964457771897
forecast_6963,2025-10-18 03:00:00,4465.644678174247,4619.226803906182,1593.9716421188373
forecast_6964,2025-10-18 04:00:00,4576.7185505216385,4975.3818913607465,1664.533043993357
forecast_6965,2025-10-18 05:00:00,4563.639886184892,3997.9212691280586,2172.163301941803
forecast_6966,2025-10-18 06:00:00,3393.7248150817536,3092.5059124731665,1839.8418434805142
forecast_6967,2025-10-18 07:00:00,2668.381429715158,2497.7386859456856,1475.077755572116
forecast_6968,2025-10-18 08:00:00,2090.1711033595425,2372.814227893999,1208.763205000374
forecast_6969,2025-10-18 09:00:00,1846.9366832225462,1958.6230169497114,968.7625549454106
forecast_6970,2025-10-18 10:00:00,1748.6316079152352,1698.3664215084177,842.2505223394746
forecast_6971,2025-10-18 11:00:00,1906.17063194241,1912.2817953404053,906.3401852123158
forecast_6972,2025-10-18 12:00:00,2026.1420630116027,1925.4625107124536,985.3460397352549
forecast_6973,2025-10-18 13:00:00,2131.537746684497,2123.5819828820095,1127.2379999852044
forecast_6974,2025-10-18 14:00:00,1747.1815588600814,2108.7822006033884,1097.7625427917153
forecast_6975,2025-10-18 15:00:00,2936.515804276296,3647.081201510191,2031.3596989978414
forecast_6976,2025-10-18 16:00:00,3915.7724551638503,4367.439550470985,2005.1141608756973
forecast_6977,2025-10-18 17:00:00,2799.8496492192853,3813.829729528359,1783.2549144003813
forecast_6978,2025-10-18 18:00:00,2511.994373093595,3071.6093534414777,1528.3489376363455
forecast_6979,2025-10-18 19:00:00,2449.7713432399037,2782.5582038108873,1419.097417524272
forecast_6980,2025-10-18 20:00:00,2127.6471694730685,2363.1715875331774,1419.5913738233019
forecast_6981,2025-10-18 21:00:00,2217.0688643614208,2048.8499326104943,1348.4409969106737
forecast_6982,2025-10-18 22:00:00,1848.2054083332166,1726.9530150272951,815.0357455077136
forecast_6983,2025-10-18 23:00:00,1704.8610625695958,1668.1213847191448,696.6895031769815
forecast_6984,2025-10-19 00:00:00,1613.4889109084086,1148.9871400052089,565.8444437766932
forecast_6985,2025-10-19 01:00:00,867.9270714428674,756.1174768313889,243.6589537011124
forecast_6986,2025-10-19 02:00:00,695.7071269808254,655.6770269951746,244.21906391852826
forecast_6987,2025-10-19 03:00:00,829.7904187800681,664.3480537255083,227.36889841967718
forecast_6988,2025-10-19 04:00:00,926.4291349648912,818.1315250561785,305.98819664757684
forecast_6989,2025-10-19 05:00:00,710.999234610404,546.3238170179184,155.93287983020062
forecast_6990,2025-10-19 06:00:00,587.8522235848588,400.5070047679651,151.41508047550792
forecast_6991,2025-10-19 07:00:00,878.9182166024117,567.7994658107024,175.10385639609103
forecast_6992,2025-10-19 08:00:00,996.2222190600396,984.3004972282014,265.2992290098366
forecast_6993,2025-10-19 09:00:00,993.6958395817537,1041.838058701657,436.6297140879787
forecast_6994,2025-10-19 10:00:00,687.6934312609658,908.9559628577035,419.1517281567113
forecast_6995,2025-10-19 11:00:00,703.8082778406197,834.1951971116146,469.2878937339334
forecast_6996,2025-10-19 12:00:00,662.8963095888184,865.1370993168578,532.1748164688995
forecast_6997,2025-10-19 13:00:00,1560.938325166528,2028.2274398772279,1261.1612844732294
forecast_6998,2025-10-19 14:00:00,3579.3813962986883,3646.345362831009,2306.440274230817
forecast_6999,2025-10-19 15:00:00,4838.350965981005,4238.468446797001,3252.444475306896
forecast_7000,2025-10-19 16:00:00,5815.842901570004,5570.282292566041,4403.391513174555
forecast_7001,2025-10-19 17:00:00,6501.598791389304,6876.079353269766,4840.848737113033
forecast_7002,2025-10-19 18:00:00,6610.122589340791,6310.6324536942775,4421.0295022552455
forecast_7003,2025-10-19 19:00:00,8166.552499265881,7831.700822929617,4712.198313801601
forecast_7004,2025-10-19 20:00:00,8866.072202724476,8800.684485681237,5408.816725996119
forecast_7005,2025-10-19 21:00:00,5712.293053309922,5437.261212820217,3265.114714614804
forecast_7006,2025-10-19 22:00:00,3778.533381645637,3235.461203199265,1655.9750372281064
forecast_7007,2025-10-19 23:00:00,3183.282661772366,2868.9244740940508,1287.5808704683357
forecast_7008,2025-10-20 00:00:00,2975.162561225111,3372.043161766293,1544.2192541665781
forecast_7009,2025-10-20 01:00:00,2246.502349032404,2188.8249184999645,952.2820286114425
forecast_7010,2025-10-20 02:00:00,2058.0992806408203,1967.5807490418192,1024.5514795118895
forecast_7011,2025-10-20 03:00:00,1793.5957472977198,1871.2400298209147,1026.4459430141744
forecast_7012,2025-10-20 04:00:00,1573.5149300824949,1905.4861966198428,924.6040658944859
forecast_7013,2025-10-20 05:00:00,1820.213351692303,2109.169296465206,1184.1606233027826
forecast_7014,2025-10-20 06:00:00,1755.1434797742434,2058.9150592791134,1414.3170053235192
forecast_7015,2025-10-20 07:00:00,1638.9321541366994,2114.7180764318896,1141.9534915098163
forecast_7016,2025-10-20 08:00:00,1511.1784981542637,1861.841482959707,793.9650518387796
forecast_7017,2025-10-20 09:00:00,2336.9271826882587,3094.5407479295814,1665.8283361336848
forecast_7018,2025-10-20 10:00:00,2036.6797347490967,2421.9642536820134,1320.1156363527023
forecast_7019,2025-10-20 11:00:00,1852.4406679490314,2260.923838044849,1391.95823278984
forecast_7020,2025-10-20 12:00:00,1984.2326058609187,2740.128971360642,1607.6625676045194
forecast_7021,2025-10-20 13:00:00,1649.5797645625544,2408.235391649781,1342.981016515659
forecast_7022,2025-10-20 14:00:00,1415.8812732537942,1601.8748162496142,1275.8574181722313
forecast_7023,2025-10-20 15:00:00,1191.6100364911158,1365.2641224809443,930.5004570188563
forecast_7024,2025-10-20 16:00:00,1159.5037655378742,1208.377391571009,667.6867835061136
forecast_7025,2025-10-20 17:00:00,1131.6116535365852,1125.2013432739204,440.9521866677384
forecast_7026,2025-10-20 18:00:00,1256.142403635162,1131.5561032078124,494.23275706105494
forecast_7027,2025-10-20 19:00:00,990.5604464022987,871.6841189851101,371.21581268571856
forecast_7028,2025-10-20 20:00:00,572.6268641181074,455.76835662902477,153.81370787172634
forecast_7029,2025-10-20 21:00:00,465.5233185455627,343.34190924965395,148.68099317646826
forecast_7030,2025-10-20 22:00:00,446.7041374893925,311.29827500440814,144.08432751024728
forecast_7031,2025-10-20 23:00:00,450.0189793289532,306.4113365106207,159.15838348852034
forecast_7032,2025-10-21 00:00:00,370.7171247856626,342.0670617858569,131.48079870044833
forecast_7033,2025-10-21 01:00:00,1285.8904874509676,1354.277929419301,433.7208263976623
forecast_7034,2025-10-21 02:00:00,1200.5670500514466,1241.5715489215359,581.770032804665
forecast_7035,2025-10-21 03:00:00,1435.8192753833755,1198.8070621146373,771.6213015316516
forecast_7036,2025-10-21 04:00:00,1382.7718146420057,1217.8045466185904,732.9956231528594
forecast_7037,2025-10-21 05:00:00,1446.3615113514406,1428.023719831932,873.8752450181746
forecast_7038,2025-10-21 06:00:00,1331.6695966092361,1120.737092564722,471.7956920880286
forecast_7039,2025-10-21 07:00:00,670.4364778758566,653.3166732473592,446.9394477901864
forecast_7040,2025-10-21 08:00:00,867.5561708233655,532.9486396025802,278.685757495835
forecast_7041,2025-10-21 09:00:00,788.3914757069207,519.4623543384519,212.97533561902918
forecast_7042,2025-10-21 10:00:00,283.50216487812907,252.5650068077732,205.01351294895923
forecast_7043,2025-10-21 11:00:00,241.5993669227702,256.2554462564452,215.4214254389929
forecast_7044,2025-10-21 12:00:00,227.45553620242194,221.6314988372637,231.01999421038593
forecast_7045,2025-10-21 13:00:00,261.27110201198127,298.32908069392903,216.62234883565907
forecast_7046,2025-10-21 14:00:00,404.37154986360406,381.22295452627435,258.30841076102615
forecast_7047,2025-10-21 15:00:00,508.3456896184051,538.0971324106916,393.90810962757354
forecast_7048,2025-10-21 16:00:00,490.63847893145686,489.21352657232245,410.31838129286933
forecast_7049,2025-10-21 17:00:00,382.6855227410658,331.9577360743811,236.98255419648797
forecast_7050,2025-10-21 18:00:00,394.68712640187096,350.4825615829746,217.83544568291694
forecast_7051,2025-10-21 19:00:00,450.22115443779626,427.1023193768736,263.681943157636
forecast_7052,2025-10-21 20:00:00,653.2511904353577,479.16250859252517,273.4504854414146
forecast_7053,2025-10-21 21:00:00,941.5933655547717,773.9670951938765,408.01929964909954
forecast_7054,2025-10-21 22:00:00,937.2837627195273,621.8366179271612,394.3774949658818
forecast_7055,2025-10-21 23:00:00,903.6301310016066,758.1061751341698,438.4428912419047
forecast_7056,2025-10-22 00:00:00,1569.863944761431,1068.196568889794,571.7299213584254
forecast_7057,2025-10-22 01:00:00,621.8894619687337,545.41409597946,287.64999764771704
forecast_7058,2025-10-22 02:00:00,625.7707261972424,550.7370454169061,341.3580471810994
forecast_7059,2025-10-22 03:00:00,696.7035637817729,620.4390660370966,333.92758652089736
forecast_7060,2025-10-22 04:00:00,644.0229498267774,616.7406710522698,356.3938273696939
forecast_7061,2025-10-22 05:00:00,652.4995793765809,611.3001105851222,365.34816969245696
forecast_7062,2025-10-22 06:00:00,869.9602195200303,837.6765932399906,439.07787597026874
forecast_7063,2025-10-22 07:00:00,786.2443744678297,776.5009342840416,419.0496223218458
forecast_7064,2025-10-22 08:00:00,1293.2402914041077,1594.562284508941,743.8535910256254
forecast_7065,2025-10-22 09:00:00,2468.385641418045,2864.7025697791464,1847.2392913283913
forecast_7066,2025-10-22 10:00:00,1252.8317278307347,1277.730960487652,824.7152226697115
forecast_7067,2025-10-22 11:00:00,2176.4596111355504,2583.844630693619,1258.5773097088527
forecast_7068,2025-10-22 12:00:00,2689.2762378144894,3101.4531554071373,1191.5990499814259
forecast_7069,2025-10-22 13:00:00,2440.7826684092497,2490.3140832705435,1155.350369119652
forecast_7070,2025-10-22 14:00:00,1803.575035517878,1785.4263779923397,808.7749390726054
forecast_7071,2025-10-22 15:00:00,1728.7381567103598,1821.223119766882,864.0339531669215
forecast_7072,2025-10-22 16:00:00,2212.5623086358014,2374.922024863485,860.0257465874774
forecast_7073,2025-10-22 17:00:00,1966.4201058880833,1823.42044087275,612.021551901591
forecast_7074,2025-10-22 18:00:00,1475.9487390820989,1482.8710045912455,540.6184153294561
forecast_7075,2025-10-22 19:00:00,1722.3988832316593,1698.4315605763256,515.6683343149496
forecast_7076,2025-10-22 20:00:00,1677.9786964962282,1452.1779596711526,457.53005043824226
forecast_7077,2025-10-22 21:00:00,1527.0915341118255,1444.8565977072087,471.1816570096116
forecast_7078,2025-10-22 22:00:00,1940.557645912047,1880.6899541216355,518.0204866497065
forecast_7079,2025-10-22 23:00:00,2296.5933177712614,1607.4014791762,552.307218949064
forecast_7080,2025-10-23 00:00:00,2024.427978272752,1381.125568014437,496.10594260774815
forecast_7081,2025-10-23 01:00:00,768.0906287851142,681.8290756197222,196.78414901309776
forecast_7082,2025-10-23 02:00:00,551.6242771875727,424.67403804167526,144.5799341079372
forecast_7083,2025-10-23 03:00:00,407.98945593462014,299.95493488365037,129.20888605819286
forecast_7084,2025-10-23 04:00:00,317.9983235992081,272.66425189628103,102.40922413607548
forecast_7085,2025-10-23 05:00:00,295.97095044965454,263.63289790373,99.66769638743241
forecast_7086,2025-10-23 06:00:00,333.58898388824366,252.10465493610695,104.22419481105524
forecast_7087,2025-10-23 07:00:00,357.12086502971425,259.36397099258045,91.89819773815341
forecast_7088,2025-10-23 08:00:00,361.4187664828298,277.9169498862468,99.51364104538013
forecast_7089,2025-10-23 09:00:00,408.70238557939973,307.9646191958221,112.77088836973171
forecast_7090,2025-10-23 10:00:00,187.6220844726011,142.1052462490847,88.2248379995771
forecast_7091,2025-10-23 11:00:00,161.24903962302156,156.18131777018095,136.97188686975701
forecast_7092,2025-10-23 12:00:00,207.05022800716083,179.20441149915524,151.55458098066848
forecast_7093,2025-10-23 13:00:00,398.716094844836,362.9254135651625,277.03782360368035
forecast_7094,2025-10-23 14:00:00,364.43669631129285,359.84847559156356,194.10932910775546
forecast_7095,2025-10-23 15:00:00,256.3439110279023,247.01577757323102,168.80791157529382
forecast_7096,2025-10-23 16:00:00,322.20576044894943,338.2534999558863,227.13889392982233
forecast_7097,2025-10-23 17:00:00,474.09836556639635,484.8868089510959,236.59820852804023
forecast_7098,2025-10-23 18:00:00,468.79241378580497,445.11235974028517,215.7885460883217
forecast_7099,2025-10-23 19:00:00,530.0808568795495,440.8426913465633,274.4568027802565
forecast_7100,2025-10-23 20:00:00,512.2176768480364,434.4988222710569,278.7684600798732
forecast_7101,2025-10-23 21:00:00,616.3811520850833,518.9939857711324,334.8620176834632
forecast_7102,2025-10-23 22:00:00,696.1724736815944,624.8822361329804,343.9605069514948
forecast_7103,2025-10-23 23:00:00,719.2255737025076,578.0635229570071,368.4560887554779
forecast_7104,2025-10-24 00:00:00,700.2454973426903,509.07276068268067,336.67034756975306
forecast_7105,2025-10-24 01:00:00,855.611667220961,837.109547073354,493.81711431122494
forecast_7106,2025-10-24 02:00:00,1042.5348070566356,854.4162318851811,488.04203290130334
forecast_7107,2025-10-24 03:00:00,1805.5054350744706,2341.145294810622,1181.2092904534184
forecast_7108,2025-10-24 04:00:00,2491.4508348702298,2711.06858637063,1499.7322330354436
forecast_7109,2025-10-24 05:00:00,2064.664784277976,2214.4210810795776,998.5977264681536
forecast_7110,2025-10-24 06:00:00,2688.5376288994075,3004.131978801877,1679.1661692634798
forecast_7111,2025-10-24 07:00:00,2895.888972292177,3241.933340397427,2065.701362148807
forecast_7112,2025-10-24 08:00:00,2867.0967410954354,3390.9631900518384,1443.8178341169544
forecast_7113,2025-10-24 09:00:00,2927.4853892260944,3543.319056264425,1637.056279791575
forecast_7114,2025-10-24 10:00:00,3281.534298166351,3844.6369793259055,1972.797083049524
forecast_7115,2025-10-24 11:00:00,3210.4288221397646,3796.5290388768135,1890.8318376911288
forecast_7116,2025-10-24 12:00:00,2491.966316406803,2875.62506695038,1723.4273824997663
forecast_7117,2025-10-24 13:00:00,2355.7064677619446,2691.1115585373805,1589.4759164677544
forecast_7118,2025-10-24 14:00:00,1688.654658167955,1600.6005071642167,934.1862141390269
forecast_7119,2025-10-24 15:00:00,1700.7651271169202,1722.3802029832216,974.3203143483037
forecast_7120,2025-10-24 16:00:00,2080.0228929010514,2114.413839690499,1001.2228364065869
forecast_7121,2025-10-24 17:00:00,2582.6090826625104,2196.259539133576,788.2137428561388
forecast_7122,2025-10-24 18:00:00,2845.339578978082,2483.7099520696897,837.9455483812187
forecast_7123,2025-10-24 19:00:00,3348.044356763504,2529.595544433548,875.9435147741309
forecast_7124,2025-10-24 20:00:00,3553.888137153696,2714.0704730812004,881.2641213236266
forecast_7125,2025-10-24 21:00:00,3543.8043215351295,3076.229123387586,1103.24838821242
forecast_7126,2025-10-24 22:00:00,4057.5649911999517,3123.8911818368833,1218.9855105919396
forecast_7127,2025-10-24 23:00:00,3176.4064117971798,2536.807189976059,888.6565277171414
forecast_7128,2025-10-25 00:00:00,2543.743153302568,2199.833043129806,557.5146374917075
forecast_7129,2025-10-25 01:00:00,2536.143124367902,2410.865738728348,736.151352832251
forecast_7130,2025-10-25 02:00:00,2328.386488402424,2263.420809504394,643.3475226562305
forecast_7131,2025-10-25 03:00:00,1948.4687690182643,1907.0400193211408,662.805223855928
forecast_7132,2025-10-25 04:00:00,2022.5673708898703,1898.227677251182,764.6161262454336
forecast_7133,2025-10-25 05:00:00,1659.7312055985196,1445.863296917034,558.0916053167041
forecast_7134,2025-10-25 06:00:00,1875.0228929382502,1705.4152323504748,648.3482075908557
forecast_7135,2025-10-25 07:00:00,1917.1577698015412,2004.7464434808785,665.8500637714111
forecast_7136,2025-10-25 08:00:00,1528.2859554272234,1468.0026571068227,487.43297270169325
forecast_7137,2025-10-25 09:00:00,1562.9160803079308,1564.6691092377823,584.8867071504495
forecast_7138,2025-10-25 10:00:00,642.2046558830627,642.6861372872663,365.5843693311024
forecast_7139,2025-10-25 11:00:00,514.9125042090496,623.3278638933468,422.4127124005682
forecast_7140,2025-10-25 12:00:00,746.5282977162501,846.5087920917441,630.747643905366
forecast_7141,2025-10-25 13:00:00,1062.6139807926422,972.2656964274942,741.6308319381585
forecast_7142,2025-10-25 14:00:00,1057.5189581053744,875.5400395414374,512.6129597309299
forecast_7143,2025-10-25 15:00:00,566.8243105234527,553.1905496379583,460.1888223376731
forecast_7144,2025-10-25 16:00:00,769.4781321568389,763.3326677187009,485.76969837395035
forecast_7145,2025-10-25 17:00:00,1016.524214154275,921.3744166068147,534.6393007436446
forecast_7146,2025-10-25 18:00:00,1237.4543388996694,1058.7201305598924,442.2600831810869
forecast_7147,2025-10-25 19:00:00,1182.3975729369452,920.6745733202192,292.56423517237675
forecast_7148,2025-10-25 20:00:00,1250.4617580131771,881.6462076072926,275.90413170158917
forecast_7149,2025-10-25 21:00:00,690.0561438492974,646.4049119835287,314.97492838492155
forecast_7150,2025-10-25 22:00:00,1163.6512695873118,1185.205680222971,658.280512783576
forecast_7151,2025-10-25 23:00:00,1668.4358967946123,1773.095630792589,851.0720726787988
forecast_7152,2025-10-26 00:00:00,2053.544935492349,2172.402262408898,1010.3048746822907
forecast_7153,2025-10-26 01:00:00,901.1212954241718,749.7321541635729,414.0006441483637
forecast_7154,2025-10-26 02:00:00,1714.265958427827,1065.9965400565486,734.1160961123923
forecast_7155,2025-10-26 03:00:00,2179.8820089927985,1892.6941554979392,1102.8406521968873
forecast_7156,2025-10-26 04:00:00,2466.3201613076585,1882.570590652279,1090.7016180209803
forecast_7157,2025-10-26 05:00:00,3206.754942445166,2209.133112218483,1398.2940248196476
forecast_7158,2025-10-26 06:00:00,2905.534611993207,2075.446725165171,1164.658153466516
forecast_7159,2025-10-26 07:00:00,3346.840972606363,2805.9230157797188,1440.7281827665154
forecast_7160,2025-10-26 08:00:00,3935.9477551520085,2624.073460378128,1814.187102955124
forecast_7161,2025-10-26 09:00:00,3407.4601048273616,2838.223130923125,1637.2844234807726
forecast_7162,2025-10-26 10:00:00,3158.828539780214,2251.847097737164,1252.961803103351
forecast_7163,2025-10-26 11:00:00,2361.9178102451715,1844.3238500909556,1072.5244957991365
forecast_7164,2025-10-26 12:00:00,3006.738618925819,2839.1075327511094,2026.965367547712
forecast_7165,2025-10-26 13:00:00,3534.406036601576,2820.6989610980945,1613.938672186558
forecast_7166,2025-10-26 14:00:00,4035.346361015016,3281.5466905856306,1770.3657822087366
forecast_7167,2025-10-26 15:00:00,4817.15475059961,4078.570997639981,1882.701637562551
forecast_7168,2025-10-26 16:00:00,4593.003182176334,3841.8557591133367,1762.2997393824264
forecast_7169,2025-10-26 17:00:00,5717.514075726654,4743.471121300359,3253.1757496312603
forecast_7170,2025-10-26 18:00:00,7992.331191864506,7797.806660701649,5721.1950913108685
forecast_7171,2025-10-26 19:00:00,8579.464499492833,9043.79993832007,6721.68619754618
forecast_7172,2025-10-26 20:00:00,10606.50924801724,11158.230883329365,8482.54324957801
forecast_7173,2025-10-26 21:00:00,11753.544476599322,12306.659508704512,9138.610842418537
forecast_7174,2025-10-26 22:00:00,12734.738881089757,12329.291421775313,9891.220267850455
forecast_7175,2025-10-26 23:00:00,13122.248228443217,11901.899000167035,9614.474939624462
forecast_7176,2025-10-27 00:00:00,14668.729156563191,12579.764073719452,9776.827943118855
forecast_7177,2025-10-27 01:00:00,16752.706770996083,14554.366924952636,11425.038191569147
forecast_7178,2025-10-27 02:00:00,17370.937164650764,15540.97937929197,11549.758082741937
forecast_7179,2025-10-27 03:00:00,18487.9915465293,18057.47101090748,12507.978055815729
forecast_7180,2025-10-27 04:00:00,18005.54087133364,17952.372393644662,12697.262745325288
forecast_7181,2025-10-27 05:00:00,17850.729002084106,17790.685491446908,12425.71604012271
forecast_7182,2025-10-27 06:00:00,16518.68952254163,15563.313345902296,10431.844181977482
forecast_7183,2025-10-27 07:00:00,14451.674331389799,14068.740085523592,8969.51720916593
forecast_7184,2025-10-27 08:00:00,13433.934091137378,14185.781690348347,8070.062535182478
forecast_7185,2025-10-27 09:00:00,12472.334798222879,13576.565490863888,7558.235012470079
forecast_7186,2025-10-27 10:00:00,11763.191361742955,11267.865514794476,7690.054056535521
forecast_7187,2025-10-27 11:00:00,11654.72742100411,11008.402338119393,8305.772442978188
forecast_7188,2025-10-27 12:00:00,12032.254621192189,11364.068909890324,8527.117437143906
forecast_7189,2025-10-27 13:00:00,12845.701372661893,11463.387002997371,8439.73284658234
forecast_7190,2025-10-27 14:00:00,13744.69428617809,11976.80052899814,8840.173203011642
forecast_7191,2025-10-27 15:00:00,14136.325421042522,12351.433034227513,9292.966940529494
forecast_7192,2025-10-27 16:00:00,14846.295842395753,13392.798184369067,9482.399976115268
forecast_7193,2025-10-27 17:00:00,15706.900583441082,14619.888893867866,10031.0803603527
forecast_7194,2025-10-27 18:00:00,15696.282559242267,13696.260366910712,10004.90148069615
forecast_7195,2025-10-27 19:00:00,14903.688127930573,13276.284268459967,9402.096710916088
forecast_7196,2025-10-27 20:00:00,14623.013296486097,12705.241003258123,8612.276655044288
forecast_7197,2025-10-27 21:00:00,14418.56511062334,11470.968296392879,8246.516281503982
forecast_7198,2025-10-27 22:00:00,14400.511894574998,12400.119566400042,8675.307466102717
forecast_7199,2025-10-27 23:00:00,13034.453892510313,13161.436430118762,8121.827271313403
forecast_7200,2025-10-28 00:00:00,12468.474496675444,12546.354295315721,7161.11432941105
forecast_7201,2025-10-28 01:00:00,13396.326333780395,13649.2571774037,8867.06184576757
forecast_7202,2025-10-28 02:00:00,14597.668851202825,14866.154883409,9105.731917679777
forecast_7203,2025-10-28 03:00:00,13804.225362941355,13670.81509940438,8166.26343388443
forecast_7204,2025-10-28 04:00:00,12476.03633698862,14023.8672024551,8281.444576583357
forecast_7205,2025-10-28 05:00:00,10765.103319131114,11740.394778036185,7926.878518076921
forecast_7206,2025-10-28 06:00:00,10596.818765069862,10328.789524880336,7489.9585237487645
forecast_7207,2025-10-28 07:00:00,10026.856892222944,9779.586772914507,6982.373951534301
forecast_7208,2025-10-28 08:00:00,8707.234461296423,9009.283160137584,6006.982612956354
forecast_7209,2025-10-28 09:00:00,6975.127039113374,6718.26287144862,4268.672021340437
forecast_7210,2025-10-28 10:00:00,5442.865841846496,4703.480877984183,3412.2334334174766
forecast_7211,2025-10-28 11:00:00,4190.96047183476,3422.2729381888953,2048.8700050420666
forecast_7212,2025-10-28 12:00:00,4076.6240657633675,3141.7774682097033,1556.9327317060925
forecast_7213,2025-10-28 13:00:00,4811.367135331522,4041.244298016151,2132.2623741510833
forecast_7214,2025-10-28 14:00:00,5344.261590089006,4289.225379543539,2657.9847780041036
forecast_7215,2025-10-28 15:00:00,5516.815761008041,4244.1926385074885,2459.70868610632
forecast_7216,2025-10-28 16:00:00,5326.530243032234,3909.1100702753856,2384.847856929564
forecast_7217,2025-10-28 17:00:00,6729.278203847881,5746.5591596734175,3831.391423774711
forecast_7218,2025-10-28 18:00:00,8441.779592329156,9175.153876880817,6159.351756693228
forecast_7219,2025-10-28 19:00:00,8390.901451056701,8002.468871433403,5768.3886202647445
forecast_7220,2025-10-28 20:00:00,9140.231593779501,8907.436567689245,6065.4230999457895
forecast_7221,2025-10-28 21:00:00,10510.023054123552,10582.99280878973,6877.782314884001
forecast_7222,2025-10-28 22:00:00,10355.064395223175,10119.97316860832,5846.594123283646
forecast_7223,2025-10-28 23:00:00,9869.217695665671,10398.44332670784,5433.6457672310335
forecast_7224,2025-10-29 00:00:00,9682.339281863102,10537.24844432875,5551.27125826352
forecast_7225,2025-10-29 01:00:00,5949.873265622092,5079.380628077281,2819.5757997477044
forecast_7226,2025-10-29 02:00:00,5808.264041078998,4406.239279781845,2296.7047875223298
forecast_7227,2025-10-29 03:00:00,5672.091444013127,4644.9742185025625,2358.015290686505
forecast_7228,2025-10-29 04:00:00,4955.6195754004375,3433.8319707450732,1872.6450301946095
forecast_7229,2025-10-29 05:00:00,4007.798716753839,2546.038479234612,1637.1668996775059
forecast_7230,2025-10-29 06:00:00,2667.247521912916,2041.1881454131521,1309.629293232272
forecast_7231,2025-10-29 07:00:00,2427.8627223129633,1927.775225691136,1096.0530840945892
forecast_7232,2025-10-29 08:00:00,1666.7731711397444,1351.3486258712155,556.1932156676721
forecast_7233,2025-10-29 09:00:00,864.0054395465567,668.4346713056653,282.62087518802343
forecast_7234,2025-10-29 10:00:00,291.5365269115398,254.86312845655274,143.11516643388168
forecast_7235,2025-10-29 11:00:00,168.63723827192064,177.7348653640584,97.97228779498602
forecast_7236,2025-10-29 12:00:00,127.89314711937793,156.19155433262273,95.21139134097962
forecast_7237,2025-10-29 13:00:00,119.75444922995936,127.3637852384407,98.84197965696356
forecast_7238,2025-10-29 14:00:00,133.56797011847246,143.640530685471,111.64725706944981
forecast_7239,2025-10-29 15:00:00,164.62167462097304,173.67847990124176,129.34602432488373
forecast_7240,2025-10-29 16:00:00,212.1183892441827,207.75591546205465,152.27114086269185
forecast_7241,2025-10-29 17:00:00,415.7177826447837,366.48755743894645,260.84205900575733
forecast_7242,2025-10-29 18:00:00,991.6280385202214,764.4846525255441,344.253092834176
forecast_7243,2025-10-29 19:00:00,1521.409366468684,1278.8713740924331,588.1841093623801
forecast_7244,2025-10-29 20:00:00,1838.074657598525,1454.8019611294546,824.384297133603
forecast_7245,2025-10-29 21:00:00,3698.134881306311,2872.458197853279,1913.3175487057524
forecast_7246,2025-10-29 22:00:00,4440.1407362922255,4072.061344551329,2349.4070330612044
forecast_7247,2025-10-29 23:00:00,4323.542976163429,4154.693127070396,2030.6817910190491
forecast_7248,2025-10-30 00:00:00,7741.628653989304,6878.910220990974,4187.884063908067
forecast_7249,2025-10-30 01:00:00,5800.219331596755,5702.174893289365,3201.184294529316
forecast_7250,2025-10-30 02:00:00,8761.713203853158,8181.335758779539,4886.814354787335
forecast_7251,2025-10-30 03:00:00,11561.011452127259,10671.936084772246,6734.171518962702
forecast_7252,2025-10-30 04:00:00,14125.90808680381,12415.086880328912,6846.845467503943
forecast_7253,2025-10-30 05:00:00,13242.079491134902,11886.509594454898,7050.399685185119
forecast_7254,2025-10-30 06:00:00,14394.786899844257,12677.464005698837,7563.528801575184
forecast_7255,2025-10-30 07:00:00,10160.522666135765,9528.528428798332,5532.9875401358895
forecast_7256,2025-10-30 08:00:00,9372.184064422761,7813.064275033155,4327.158621486014
forecast_7257,2025-10-30 09:00:00,7707.098916646827,6049.794956133679,3916.161830994589
forecast_7258,2025-10-30 10:00:00,5493.548257991066,4271.3054350791745,2489.947947830824
forecast_7259,2025-10-30 11:00:00,2885.3671223766455,2717.247540460861,1751.7360696930425
forecast_7260,2025-10-30 12:00:00,2039.5382949603552,1603.451807526728,1474.533627502845
forecast_7261,2025-10-30 13:00:00,2040.2632233433087,1749.2614817312328,1219.6687887452715
forecast_7262,2025-10-30 14:00:00,1557.2506149511241,999.7676789680489,779.8849887096579
forecast_7263,2025-10-30 15:00:00,1132.4681136660224,927.8881030528921,716.7334338719899
forecast_7264,2025-10-30 16:00:00,2080.1931214726255,1597.6497152452937,1302.7304307792256
forecast_7265,2025-10-30 17:00:00,3660.58671655416,3335.7135829060053,1850.1132734201378
forecast_7266,2025-10-30 18:00:00,3739.887582987612,2735.1351584745785,1902.26061408805
forecast_7267,2025-10-30 19:00:00,3481.859611953653,2419.640175213427,1769.8766929655324
forecast_7268,2025-10-30 20:00:00,3818.9862322268846,2771.184190166309,2212.7382941128103
forecast_7269,2025-10-30 21:00:00,3697.5659080632495,2810.6228105805267,2358.806887128167
forecast_7270,2025-10-30 22:00:00,2531.291271684133,1937.0228633876684,1989.6665990304323
forecast_7271,2025-10-30 23:00:00,2445.070552524866,1814.577712663694,1890.1062567865652
forecast_7272,2025-10-31 00:00:00,2286.5866249714877,1402.2110063416983,1597.301475234509
forecast_7273,2025-10-31 01:00:00,733.6425310228957,463.2838843776769,300.74159268288764
forecast_7274,2025-10-31 02:00:00,592.0665911713614,409.7131028168138,405.7608675511009
forecast_7275,2025-10-31 03:00:00,569.7825282055387,428.7369806013067,225.2527948198485
forecast_7276,2025-10-31 04:00:00,597.6210134527765,450.7880729255588,228.49148359767284
forecast_7277,2025-10-31 05:00:00,415.24145594430627,317.27485528117387,97.44652758414594
forecast_7278,2025-10-31 06:00:00,449.10169520730005,380.6199190645548,138.27053447507853
forecast_7279,2025-10-31 07:00:00,467.7666209804598,325.0147256338656,140.93075626549148
forecast_7280,2025-10-31 08:00:00,497.0184120350908,429.1059120726634,163.02800572870322
forecast_7281,2025-10-31 09:00:00,543.0693559634595,525.2487408123897,239.19070090793187
forecast_7282,2025-10-31 10:00:00,384.2708850504772,380.03894571105207,158.5150014818972
forecast_7283,2025-10-31 11:00:00,404.4750895777328,391.82310184964655,174.67243575880508
forecast_7284,2025-10-31 12:00:00,301.5956742361429,243.68439921386144,120.39898180731562
forecast_7285,2025-10-31 13:00:00,211.77662121758559,200.92162634862237,98.9853579186317
forecast_7286,2025-10-31 14:00:00,123.09513937323838,140.41016111094652,94.18437121292119
forecast_7287,2025-10-31 15:00:00,124.68886848640621,116.87470983222084,90.01340314884314
forecast_7288,2025-10-31 16:00:00,187.0128102134455,155.6545644371884,90.66686991361757
forecast_7289,2025-10-31 17:00:00,239.01473556021102,187.47611159169207,84.41951067932382
forecast_7290,2025-10-31 18:00:00,493.26900754845815,567.3119721805701,172.95795174691997
forecast_7291,2025-10-31 19:00:00,1723.6438357098136,1676.060212984532,619.8674692197379
forecast_7292,2025-10-31 20:00:00,3466.2474745904274,2932.5897287294706,1627.209313188915
forecast_7293,2025-10-31 21:00:00,6662.235581364905,5606.505514069019,3553.9412177135846
forecast_7294,2025-10-31 22:00:00,8248.992143898498,7604.393136857443,4452.691056487326
forecast_7295,2025-10-31 23:00:00,8580.167081554857,8224.1720714487,4664.011453507077
forecast_7296,2025-11-01 00:00:00,9624.868689527346,9365.513093074811,4584.87873324673
forecast_7297,2025-11-01 01:00:00,9243.848435339938,10015.169192670382,7372.443185603928
forecast_7298,2025-11-01 02:00:00,8189.9567257131985,8711.73235667005,6057.205892967255
forecast_7299,2025-11-01 03:00:00,8373.947985407647,9023.416517182573,6814.641346788515
forecast_7300,2025-11-01 04:00:00,9857.611747258832,10596.307480669058,7628.480257613862
forecast_7301,2025-11-01 05:00:00,11489.376523995805,11546.329406709387,9154.32372319944
forecast_7302,2025-11-01 06:00:00,13116.655749732452,12306.769446850201,9405.374014758907
forecast_7303,2025-11-01 07:00:00,13622.386116097226,12590.319875457832,9186.290038766843
forecast_7304,2025-11-01 08:00:00,13737.849617965838,13370.195112542651,9581.575968698604
forecast_7305,2025-11-01 09:00:00,14594.063195812168,14255.314610738751,10014.399413926829
forecast_7306,2025-11-01 10:00:00,14686.403945672273,12759.549729322853,9493.884432494973
forecast_7307,2025-11-01 11:00:00,14436.365306906917,11577.67206355533,8939.683698427312
forecast_7308,2025-11-01 12:00:00,14027.619909783782,11335.228670023082,8598.900903059894
forecast_7309,2025-11-01 13:00:00,14170.093021636512,11689.114007763967,8884.00143865524
forecast_7310,2025-11-01 14:00:00,14654.131566763244,11969.558225216735,9100.366901197163
forecast_7311,2025-11-01 15:00:00,14646.85165006164,12268.200437740405,9105.375247822274
forecast_7312,2025-11-01 16:00:00,14548.4273813754,12430.771841167563,9703.874472643769
forecast_7313,2025-11-01 17:00:00,14694.709158887434,12985.809082819937,10004.518709414975
forecast_7314,2025-11-01 18:00:00,15266.939283823442,13498.933677779629,10020.819540776129
forecast_7315,2025-11-01 19:00:00,15185.13331090011,13665.126886032303,11296.382741928746
forecast_7316,2025-11-01 20:00:00,15900.720359023715,15412.522486432117,12169.325072944337
forecast_7317,2025-11-01 21:00:00,16005.840523646237,15669.909141426095,12037.87243324546
forecast_7318,2025-11-01 22:00:00,15628.540952560326,15360.491587874461,11573.505403465082
forecast_7319,2025-11-01 23:00:00,17118.32232961966,16721.658423920766,12818.169957567456
forecast_7320,2025-11-02 00:00:00,17828.302362182778,17603.257305845895,13327.848666776497
forecast_7321,2025-11-02 01:00:00,17475.21480473415,17984.268276162104,13534.314777002468
forecast_7322,2025-11-02 02:00:00,17752.625421271627,17688.97112411362,14091.448149713271
forecast_7323,2025-11-02 03:00:00,17411.069953091304,17210.254195007783,12884.419634817401
forecast_7324,2025-11-02 04:00:00,17501.750374111543,16841.353135913352,12650.8323806539
forecast_7325,2025-11-02 05:00:00,17099.695799417124,17008.702159534972,12315.5607268319
forecast_7326,2025-11-02 06:00:00,16350.411219850615,16954.57860736262,12545.029786862948
forecast_7327,2025-11-02 07:00:00,16739.102998943945,17011.02923310719,12317.91178512078
forecast_7328,2025-11-02 08:00:00,17606.758273336018,17740.969738260777,12168.758106929616
forecast_7329,2025-11-02 09:00:00,17025.783610590694,17594.260259088293,10997.655598290661
forecast_7330,2025-11-02 10:00:00,17061.769842365084,17381.835981014094,11149.799436201973
forecast_7331,2025-11-02 11:00:00,16888.5939672776,17054.42103361263,11803.18914777112
forecast_7332,2025-11-02 12:00:00,16324.841234446203,16063.016654604018,11260.760807880808
forecast_7333,2025-11-02 13:00:00,15943.172516435776,15078.343170217684,10996.204583750527
forecast_7334,2025-11-02 14:00:00,15294.839901958367,14464.726626824113,10103.123833831924
forecast_7335,2025-11-02 15:00:00,15208.298366842444,14165.660273711299,10053.403610206924
forecast_7336,2025-11-02 16:00:00,15110.70749149283,13389.842472055263,9247.16004387059
forecast_7337,2025-11-02 17:00:00,14694.869679795238,12869.418253384225,8677.416654955767
forecast_7338,2025-11-02 18:00:00,13663.922211050678,11225.84578594597,7634.227613028094
forecast_7339,2025-11-02 19:00:00,13808.587944256526,11840.011354524075,7913.911516773788
forecast_7340,2025-11-02 20:00:00,12105.850242661378,10782.37630430407,7968.646553873003
forecast_7341,2025-11-02 21:00:00,10448.38428591083,9553.953612499323,5783.709079479464
forecast_7342,2025-11-02 22:00:00,10885.909281071254,10490.974015278136,6231.032719808889
forecast_7343,2025-11-02 23:00:00,10287.127686359796,8884.804029048153,5412.867991488515
forecast_7344,2025-11-03 00:00:00,6294.9620391837025,5964.506068247962,3480.237707579882
forecast_7345,2025-11-03 01:00:00,5265.410672315389,5219.529734280707,3114.3941089072982
forecast_7346,2025-11-03 02:00:00,5283.730502152778,5469.059753147007,2984.9958291825133
forecast_7347,2025-11-03 03:00:00,4713.896360812962,5388.5550092997455,3111.943845065681
forecast_7348,2025-11-03 04:00:00,5293.5649008242135,5628.004862520622,3009.383671012436
forecast_7349,2025-11-03 05:00:00,4648.914846039939,5130.911602340001,2991.870504128609
forecast_7350,2025-11-03 06:00:00,3683.3466922475673,4031.2509114195755,2448.543765934212
forecast_7351,2025-11-03 07:00:00,3488.8760041345604,3681.848996287625,2084.2620647619096
forecast_7352,2025-11-03 08:00:00,2932.265450327364,3051.0246854238767,1284.6378146710822
forecast_7353,2025-11-03 09:00:00,2595.777657916103,3233.0687016379243,1628.4444593132193
forecast_7354,2025-11-03 10:00:00,1247.4263368497839,1543.8887638494489,1054.717965029629
forecast_7355,2025-11-03 11:00:00,690.097094595556,840.4036242638944,733.2401535943509
forecast_7356,2025-11-03 12:00:00,281.0600066311266,461.0457801250661,388.80172223095695
forecast_7357,2025-11-03 13:00:00,182.0739187577069,254.82140881905272,141.191527475038
forecast_7358,2025-11-03 14:00:00,130.00037226190815,151.8604280073462,100.39860909384409
forecast_7359,2025-11-03 15:00:00,105.48893107774254,115.87392056343471,81.48395081243794
forecast_7360,2025-11-03 16:00:00,149.66297314624674,139.3350359029033,92.40433111400446
forecast_7361,2025-11-03 17:00:00,505.3304585717109,471.42156057079535,205.7355341174621
forecast_7362,2025-11-03 18:00:00,662.1400439420746,662.6143252613793,243.3150781618621
forecast_7363,2025-11-03 19:00:00,1215.9160998642403,1166.8298221067198,433.3577313026014
forecast_7364,2025-11-03 20:00:00,2284.897593693404,2421.462006320548,944.943761280299
forecast_7365,2025-11-03 21:00:00,2558.9290745402122,2866.8900671430474,1241.1784676643283
forecast_7366,2025-11-03 22:00:00,3693.4868426379794,3567.6719057260975,1759.904977850584
forecast_7367,2025-11-03 23:00:00,5890.353105630924,6026.441190564911,3132.484328705005
forecast_7368,2025-11-04 00:00:00,8764.35117337167,9821.667970643091,6020.027992077294
forecast_7369,2025-11-04 01:00:00,7559.184878604857,8451.88351157142,3828.1225991683004
forecast_7370,2025-11-04 02:00:00,7822.682550925253,9140.595767922821,4385.221496666734
forecast_7371,2025-11-04 03:00:00,7174.9470833311625,8760.262624573657,3953.639134350865
forecast_7372,2025-11-04 04:00:00,9077.226489146748,10071.621654595308,4729.895815072722
forecast_7373,2025-11-04 05:00:00,10450.533236632393,10794.570882188653,5622.177654274105
forecast_7374,2025-11-04 06:00:00,10144.434418671575,11792.69068640465,5605.995673000968
forecast_7375,2025-11-04 07:00:00,11045.942319456755,12062.27935920746,6383.301801839102
forecast_7376,2025-11-04 08:00:00,11882.505678730446,13069.035604801511,7698.553509863347
forecast_7377,2025-11-04 09:00:00,12954.957319815361,13975.246663646289,8697.141908680527
forecast_7378,2025-11-04 10:00:00,12327.749759834109,12400.738049881258,9920.786346496538
forecast_7379,2025-11-04 11:00:00,13026.786680650817,12422.660440988933,10349.294823357457
forecast_7380,2025-11-04 12:00:00,12460.231366124412,11862.36015848069,9278.182597642612
forecast_7381,2025-11-04 13:00:00,11829.270754669662,11200.85012473027,9346.973637093372
forecast_7382,2025-11-04 14:00:00,11615.45828815415,10775.732202736164,9048.059275522419
forecast_7383,2025-11-04 15:00:00,11888.115790322396,11325.756943279011,9443.963561923636
forecast_7384,2025-11-04 16:00:00,10271.899873931065,10619.042488553732,8424.26411533595
forecast_7385,2025-11-04 17:00:00,12106.273816858342,11718.630188289835,8961.469240066732
forecast_7386,2025-11-04 18:00:00,10132.480998757348,9659.439332543992,7070.631479391668
forecast_7387,2025-11-04 19:00:00,9928.999529118659,9436.809136170163,5927.076482265186
forecast_7388,2025-11-04 20:00:00,8710.095943552982,8385.972647044928,4972.756484278111
forecast_7389,2025-11-04 21:00:00,8425.852862216061,7591.990614531343,4518.7483786053745
forecast_7390,2025-11-04 22:00:00,7912.444421441419,6560.340191818184,4113.647032513611
forecast_7391,2025-11-04 23:00:00,6891.752738888224,5327.647205586163,4024.804763739934
forecast_7392,2025-11-05 00:00:00,5846.541051378268,5068.051840515428,3492.7961434050835
forecast_7393,2025-11-05 01:00:00,8379.46829565786,6746.738164769392,3557.637166548157
forecast_7394,2025-11-05 02:00:00,5838.0293412457695,4182.067414762422,2446.8388309646725
forecast_7395,2025-11-05 03:00:00,3214.192714242725,2145.9022834690422,1572.6375584608618
forecast_7396,2025-11-05 04:00:00,1993.9797742653357,1244.4598703438496,1352.018237698529
forecast_7397,2025-11-05 05:00:00,776.7304868966536,677.5192143645436,396.1311953292184
forecast_7398,2025-11-05 06:00:00,541.8596557129804,499.1790841179263,181.23472279906636
forecast_7399,2025-11-05 07:00:00,504.2315043016399,484.598883954207,137.6613806668478
forecast_7400,2025-11-05 08:00:00,481.9186136445531,431.5994797247807,97.03390688708221
forecast_7401,2025-11-05 09:00:00,439.0468886988254,322.3977541041764,102.09851505944154
forecast_7402,2025-11-05 10:00:00,230.76692821302981,193.2113930502075,97.261855020399
forecast_7403,2025-11-05 11:00:00,157.63849154194145,158.53288879685684,111.94074240382623
forecast_7404,2025-11-05 12:00:00,129.4389433446011,154.79736400203524,116.10208571975974
forecast_7405,2025-11-05 13:00:00,115.4905513342321,126.58643028864678,111.74185316355472
forecast_7406,2025-11-05 14:00:00,120.55737794839887,138.15753639823862,115.37622165333426
forecast_7407,2025-11-05 15:00:00,150.44224979615106,180.45644875090878,116.31336455078338
forecast_7408,2025-11-05 16:00:00,298.28883114609135,301.77585149576635,170.4674451471632
forecast_7409,2025-11-05 17:00:00,301.60116008576574,260.3141708072874,125.62184104379762
forecast_7410,2025-11-05 18:00:00,348.63150267655067,251.88113162769366,89.66919998707404
forecast_7411,2025-11-05 19:00:00,390.3018606285699,322.5655645253673,108.19242849490212
forecast_7412,2025-11-05 20:00:00,343.9125173793412,341.9398624532431,91.39915325406683
forecast_7413,2025-11-05 21:00:00,374.5844457192768,292.2842481763327,91.63443814610918
forecast_7414,2025-11-05 22:00:00,508.3918581128674,400.8823125711356,114.60226736170488
forecast_7415,2025-11-05 23:00:00,506.11974390719365,339.526349031352,124.64415358142467
forecast_7416,2025-11-06 00:00:00,685.5531222182125,472.90929247020154,252.5969253365367
forecast_7417,2025-11-06 01:00:00,987.242990546831,1080.7954358408583,474.2512402042338
forecast_7418,2025-11-06 02:00:00,2383.676016124442,2067.873058659239,1254.9716167164565
forecast_7419,2025-11-06 03:00:00,3842.8608985669007,3114.7439590482336,1778.8139309676017
forecast_7420,2025-11-06 04:00:00,4717.666237102336,3288.3252799252346,2315.7214556453014
forecast_7421,2025-11-06 05:00:00,5548.925099748606,4562.76922802269,2732.216383036885
forecast_7422,2025-11-06 06:00:00,6099.17417339953,4975.698842960043,2450.9026624191383
forecast_7423,2025-11-06 07:00:00,5470.285180612347,3888.1544865316027,2358.815268663898
forecast_7424,2025-11-06 08:00:00,3967.4415505003913,2341.901592199366,1663.5418970618437
forecast_7425,2025-11-06 09:00:00,1666.4177015168686,1631.2870492761067,540.2160961717744
forecast_7426,2025-11-06 10:00:00,758.3790557188262,961.0021400957478,321.8772895720697
forecast_7427,2025-11-06 11:00:00,593.3805997423744,841.3940910490717,243.0149260185814
forecast_7428,2025-11-06 12:00:00,242.09041866226386,318.82483828663254,189.57829905573132
forecast_7429,2025-11-06 13:00:00,196.75941423598792,204.69559971425926,145.9220771945453
forecast_7430,2025-11-06 14:00:00,232.89390003058443,252.0934424361493,137.8320166537484
forecast_7431,2025-11-06 15:00:00,296.910822592526,333.5128243472956,202.60306720683008
forecast_7432,2025-11-06 16:00:00,425.42367891550487,428.9028247015351,197.0925311813119
forecast_7433,2025-11-06 17:00:00,523.0628972017136,597.3148096088088,197.71498399786753
forecast_7434,2025-11-06 18:00:00,829.332890191958,750.0477628079694,235.39864166616792
forecast_7435,2025-11-06 19:00:00,716.821140443212,703.2078804924203,207.38463779134517
forecast_7436,2025-11-06 20:00:00,502.921422974257,504.07820580239684,152.72682032287435
forecast_7437,2025-11-06 21:00:00,473.7215823921817,412.25441647297,110.7693262899926
forecast_7438,2025-11-06 22:00:00,434.2316432885813,364.7008086956728,95.44995813338498
forecast_7439,2025-11-06 23:00:00,483.36594686618616,408.6683884330123,101.27002704752064
forecast_7440,2025-11-07 00:00:00,422.0874883240047,360.5071127964017,99.99214004277087
forecast_7441,2025-11-07 01:00:00,423.62870556609937,334.0252052079608,166.81165325503162
forecast_7442,2025-11-07 02:00:00,1526.86777666464,1539.4958616698013,1093.3337305739453
forecast_7443,2025-11-07 03:00:00,1367.7751415175424,1171.651622016794,972.9512075788294
forecast_7444,2025-11-07 04:00:00,2436.490787690192,1963.50750590769,1348.6225135234858
forecast_7445,2025-11-07 05:00:00,3487.6814073477535,2364.2922814654794,1840.0962737167297
forecast_7446,2025-11-07 06:00:00,4408.542915645631,3463.3301600090363,2211.9216721913176
forecast_7447,2025-11-07 07:00:00,2538.761231664226,2166.4149783572884,1209.107102046165
forecast_7448,2025-11-07 08:00:00,995.0055648654593,637.7313026240536,328.8314899390262
forecast_7449,2025-11-07 09:00:00,325.2542391722511,329.9569593519494,141.61771208933396
forecast_7450,2025-11-07 10:00:00,157.9145783454248,140.0006565287042,87.14097167753621
forecast_7451,2025-11-07 11:00:00,122.03685095589104,135.31781313796057,109.7398306214904
forecast_7452,2025-11-07 12:00:00,114.44737984914414,123.22880851472046,86.0076785594639
forecast_7453,2025-11-07 13:00:00,167.9800168795321,205.54924644737144,138.2206462910796
forecast_7454,2025-11-07 14:00:00,275.49066515767447,373.92442918846837,276.11557559089243
forecast_7455,2025-11-07 15:00:00,581.2531446386233,594.2838692121079,531.0385729625162
forecast_7456,2025-11-07 16:00:00,847.3015852320426,950.6916195940589,479.16964374171613
forecast_7457,2025-11-07 17:00:00,1488.742402525127,1452.0230115781887,653.8110491138644
forecast_7458,2025-11-07 18:00:00,2175.6992655245867,2165.181218810996,826.0556191703796
forecast_7459,2025-11-07 19:00:00,2557.8658734006235,2395.818963544406,914.9239321527305
forecast_7460,2025-11-07 20:00:00,2547.8641413219666,2329.6069327024334,972.7423707478612
forecast_7461,2025-11-07 21:00:00,3054.8341154775608,3181.701221082419,1190.0794897207193
forecast_7462,2025-11-07 22:00:00,2915.65836466997,2819.34960144843,1181.3308660060047
forecast_7463,2025-11-07 23:00:00,3047.023908506232,3252.0107373318333,932.9786279283475
forecast_7464,2025-11-08 00:00:00,3025.503321227747,2813.9005348883625,983.8640581250461
forecast_7465,2025-11-08 01:00:00,2135.2347686508047,1947.9962831932783,575.3415184893312
forecast_7466,2025-11-08 02:00:00,2106.078181514942,1733.3472291825956,484.8495073459358
forecast_7467,2025-11-08 03:00:00,1951.4037628482206,1869.8628020341457,553.7440236104072
forecast_7468,2025-11-08 04:00:00,2173.4602927200417,2108.4109793683533,596.8299047332646
forecast_7469,2025-11-08 05:00:00,2771.5414079888296,2651.0428098910324,962.3169174274976
forecast_7470,2025-11-08 06:00:00,2969.575552342871,2951.224515920714,1206.506604349735
forecast_7471,2025-11-08 07:00:00,3140.011442446057,3002.1806680499476,1394.3326423377785
forecast_7472,2025-11-08 08:00:00,2874.4159825722622,2840.4349001877745,1271.4360531771094
forecast_7473,2025-11-08 09:00:00,2618.025144151232,2693.248759148042,1077.989570319459
forecast_7474,2025-11-08 10:00:00,1685.8505083541847,1859.5074218636396,831.9156296896759
forecast_7475,2025-11-08 11:00:00,1620.1418632860325,1898.4861478289167,683.4674685521574
forecast_7476,2025-11-08 12:00:00,1342.301829291243,1573.696676474748,714.7106371512187
forecast_7477,2025-11-08 13:00:00,1899.7061091404441,1976.6858348036628,1049.304001227086
forecast_7478,2025-11-08 14:00:00,1799.9054089374126,1828.6306989764528,996.1992363412462
forecast_7479,2025-11-08 15:00:00,1978.678505758593,1810.260520247549,1062.4906490233614
forecast_7480,2025-11-08 16:00:00,2001.34046726114,1882.4566099297733,1048.7454433878647
forecast_7481,2025-11-08 17:00:00,2223.9098134101987,2488.983220580879,979.2504018902971
forecast_7482,2025-11-08 18:00:00,3004.110778734015,3237.8307721812916,1473.5913105646273
forecast_7483,2025-11-08 19:00:00,3275.5580475001416,3831.147377694632,1775.5358196692807
forecast_7484,2025-11-08 20:00:00,3535.046967280154,3945.871500131259,2001.3204837311125
forecast_7485,2025-11-08 21:00:00,4064.4987377554426,4851.901059888479,2344.5636978252205
forecast_7486,2025-11-08 22:00:00,5282.969464365768,6015.74392370726,2949.2847645597703
forecast_7487,2025-11-08 23:00:00,8813.627916098465,9557.0299788842,5771.590024965083
forecast_7488,2025-11-09 00:00:00,7951.251469633506,8979.628942275269,4087.829351879411
forecast_7489,2025-11-09 01:00:00,7257.085949678423,7517.207970658946,3781.8722079509885
forecast_7490,2025-11-09 02:00:00,9154.30116340658,8483.977259263556,4893.800683314458
forecast_7491,2025-11-09 03:00:00,9774.018943899555,8827.33892834905,5782.1563252368305
forecast_7492,2025-11-09 04:00:00,10634.205233889641,10342.490170709176,5619.3882916463335
forecast_7493,2025-11-09 05:00:00,11937.202379819937,11670.816805890317,7160.821838955566
forecast_7494,2025-11-09 06:00:00,12931.68917499264,11388.35760638693,8441.949895669706
forecast_7495,2025-11-09 07:00:00,13951.166591080793,12972.460917579903,9248.585846505219
forecast_7496,2025-11-09 08:00:00,13561.460159989829,12460.147309988739,9299.784956020269
forecast_7497,2025-11-09 09:00:00,11860.46271797664,11203.310996443965,8222.9713277438
forecast_7498,2025-11-09 10:00:00,11758.26858603521,11309.424240757662,8763.709734678401
forecast_7499,2025-11-09 11:00:00,10387.23909600186,9910.714784213531,7180.522430227147
forecast_7500,2025-11-09 12:00:00,9375.916988833562,8558.732834007691,6510.357690088131
forecast_7501,2025-11-09 13:00:00,10449.088858042593,9525.420517774042,7633.433435024596
forecast_7502,2025-11-09 14:00:00,11756.512276079371,11361.665170169985,8574.157965290373
forecast_7503,2025-11-09 15:00:00,13286.601496371255,11849.698470205058,8554.398575928435
forecast_7504,2025-11-09 16:00:00,14135.994287175805,12581.654376098668,9518.73408464159
forecast_7505,2025-11-09 17:00:00,14127.789915746289,13220.516189122856,9813.587932235683
forecast_7506,2025-11-09 18:00:00,14618.520799749691,13231.680294418418,9739.968836051237
forecast_7507,2025-11-09 19:00:00,16779.64658216189,14806.625489632686,11350.54700860824
forecast_7508,2025-11-09 20:00:00,17827.521264459923,15597.696882408789,12680.950039189851
forecast_7509,2025-11-09 21:00:00,17676.750153050314,16687.921238407278,13419.13034782605
forecast_7510,2025-11-09 22:00:00,17000.005751819564,15643.26288042453,12549.35470358967
forecast_7511,2025-11-09 23:00:00,16097.710683158874,14262.875125795164,10576.74973595023
forecast_7512,2025-11-10 00:00:00,15606.51148696464,13291.44316559012,9715.081454149786
forecast_7513,2025-11-10 01:00:00,15870.073230625048,13302.02974742865,9356.788735550845
forecast_7514,2025-11-10 02:00:00,14287.569085404142,12608.236051289376,8221.97462017979
forecast_7515,2025-11-10 03:00:00,13887.99987579588,11763.340694311653,7962.216033238404
forecast_7516,2025-11-10 04:00:00,12888.448694894287,11868.327182541847,7393.856183834111
forecast_7517,2025-11-10 05:00:00,13369.460570013594,12273.082458183168,7594.636776871564
forecast_7518,2025-11-10 06:00:00,13956.479888257252,12889.898961672941,7822.687619857276
forecast_7519,2025-11-10 07:00:00,15374.798171141001,14586.632877045107,9345.054021308502
forecast_7520,2025-11-10 08:00:00,15318.419686690448,14033.843603403806,9325.152903449974
forecast_7521,2025-11-10 09:00:00,14121.583220139604,13017.157974722733,8729.691191827033
forecast_7522,2025-11-10 10:00:00,12559.090917940714,12485.257192286335,8499.908777777293
forecast_7523,2025-11-10 11:00:00,11950.372106925737,11473.596006954529,7516.246250767602
forecast_7524,2025-11-10 12:00:00,10252.771642075739,10277.49013789596,5890.184257305943
forecast_7525,2025-11-10 13:00:00,6845.643376529531,5666.692133457226,3890.596289673503
forecast_7526,2025-11-10 14:00:00,6339.07501617,5368.6041147335145,3716.4584217750044
forecast_7527,2025-11-10 15:00:00,4850.8077551598235,4795.91199241286,3825.8318307287072
forecast_7528,2025-11-10 16:00:00,4382.537465133464,4150.318025221519,3497.5108226552047
forecast_7529,2025-11-10 17:00:00,9520.836139316461,7929.309081794329,6524.75541490455
forecast_7530,2025-11-10 18:00:00,12030.810748563701,11399.61221514572,9379.659749733832
forecast_7531,2025-11-10 19:00:00,15520.721445413026,13742.010025179146,12081.751489231652
forecast_7532,2025-11-10 20:00:00,16791.965650657676,14580.528009641674,12382.674655897712
forecast_7533,2025-11-10 21:00:00,17396.42747099345,15558.26414062791,12437.615819024275
forecast_7534,2025-11-10 22:00:00,17878.77890674247,15951.790540011114,11893.55672230805
forecast_7535,2025-11-10 23:00:00,14454.244743255755,14745.950218707829,9367.900830359658
forecast_7536,2025-11-11 00:00:00,15297.457754418676,15193.51519507196,9994.535611079382
forecast_7537,2025-11-11 01:00:00,19322.79399365912,17270.35389312388,13374.098546180188
forecast_7538,2025-11-11 02:00:00,15712.546377602708,16224.053535491055,10529.866104750887
forecast_7539,2025-11-11 03:00:00,14977.520119284343,15252.807994161507,9729.511466765534
forecast_7540,2025-11-11 04:00:00,13735.113643741748,13915.194010505855,7761.170338973478
forecast_7541,2025-11-11 05:00:00,11580.620904876298,10647.530072815727,5996.023822403929
forecast_7542,2025-11-11 06:00:00,6115.4146524168655,5160.275948001554,2864.9438485695646
forecast_7543,2025-11-11 07:00:00,6159.072472032932,5032.951310638417,2986.933962959978
forecast_7544,2025-11-11 08:00:00,4402.037745090876,3376.587634851354,2194.269361081408
forecast_7545,2025-11-11 09:00:00,4085.0520408973575,3017.738589882748,2466.8414040363105
forecast_7546,2025-11-11 10:00:00,3598.6446166071005,2469.126066160036,1759.0668524396494
forecast_7547,2025-11-11 11:00:00,2356.7167125559604,1747.6909593113128,1199.9789287061265
forecast_7548,2025-11-11 12:00:00,1923.5237012494258,1402.3742090337914,1145.4188237620579
forecast_7549,2025-11-11 13:00:00,1614.7139913919964,1409.7410492138736,970.9168322572161
forecast_7550,2025-11-11 14:00:00,1295.0892823648303,1052.7574052021694,809.2745819875645
forecast_7551,2025-11-11 15:00:00,974.3488948267529,1044.3588405434,615.6912979645542
forecast_7552,2025-11-11 16:00:00,1005.727418437286,850.7162954277029,645.9192480374286
forecast_7553,2025-11-11 17:00:00,1027.0772696536371,885.9877817012158,355.6735422113785
forecast_7554,2025-11-11 18:00:00,855.9700145794685,782.3698052841315,227.38758414672253
forecast_7555,2025-11-11 19:00:00,393.0552650562433,398.2217504535067,143.5893028629648
forecast_7556,2025-11-11 20:00:00,345.92395208353895,322.8763913710854,99.33289440842857
forecast_7557,2025-11-11 21:00:00,521.0177069175027,495.29120718177563,95.85819332334404
forecast_7558,2025-11-11 22:00:00,603.1111413336548,592.8539822843634,113.93312742704947
forecast_7559,2025-11-11 23:00:00,702.9474782218542,637.3665055052412,131.23874129657113
forecast_7560,2025-11-12 00:00:00,811.0430627110183,698.0451813071769,218.1072377798812
forecast_7561,2025-11-12 01:00:00,672.810190944855,581.2950893704535,224.04006055889212
forecast_7562,2025-11-12 02:00:00,863.6764885255047,835.9288155508121,382.1776393377954
forecast_7563,2025-11-12 03:00:00,929.1084747076337,842.1960555528308,352.3262414064582
forecast_7564,2025-11-12 04:00:00,1067.2690023179034,906.9733923978001,378.63641484586924
forecast_7565,2025-11-12 05:00:00,1102.1975969315583,1046.9000122365055,412.6046940098213
forecast_7566,2025-11-12 06:00:00,2012.4426685129934,1744.6719936234133,925.5608125874357
forecast_7567,2025-11-12 07:00:00,2627.8367705511614,2739.4068198947716,1740.2127903655346
forecast_7568,2025-11-12 08:00:00,3441.610598553314,3145.0516451317926,1754.1043923305442
forecast_7569,2025-11-12 09:00:00,3774.1913241399657,3745.289355985282,1721.6004321082203
forecast_7570,2025-11-12 10:00:00,3870.9742529940922,2866.773515880155,1703.9611284872774
forecast_7571,2025-11-12 11:00:00,4871.250840547177,3374.537066414497,2530.7095176523853
forecast_7572,2025-11-12 12:00:00,5822.768154610516,5478.076777458597,4018.9247784737036
forecast_7573,2025-11-12 13:00:00,6972.006307815136,7662.510230111593,5539.182615157795
forecast_7574,2025-11-12 14:00:00,6343.2849307919805,6302.0013809242655,4098.131638696396
forecast_7575,2025-11-12 15:00:00,6391.974356893577,6273.276601323492,5060.556627399143
forecast_7576,2025-11-12 16:00:00,8464.647144998624,8574.425693456544,5831.014033500397
forecast_7577,2025-11-12 17:00:00,10434.81352438341,10987.968488907853,8880.001652108873
forecast_7578,2025-11-12 18:00:00,11968.424659205646,12416.06989437331,9170.066304346563
forecast_7579,2025-11-12 19:00:00,14768.017937576527,14062.857353904816,10780.864038621863
forecast_7580,2025-11-12 20:00:00,15153.995282367225,14394.090252569224,10781.977513012527
forecast_7581,2025-11-12 21:00:00,15757.980014023718,15670.330496899871,10788.443419018444
forecast_7582,2025-11-12 22:00:00,15910.523114042766,16581.965189251634,11460.150598686025
forecast_7583,2025-11-12 23:00:00,17337.826226106663,17351.651033763024,12787.494097749666
forecast_7584,2025-11-13 00:00:00,19747.372487032444,18255.42558329757,14187.147011689713
forecast_7585,2025-11-13 01:00:00,18738.8654402404,17669.295006890454,12200.672632556229
forecast_7586,2025-11-13 02:00:00,18138.332423600008,17881.93511134438,12171.18297109882
forecast_7587,2025-11-13 03:00:00,19121.80771350304,17333.464787120494,12979.211630048165
forecast_7588,2025-11-13 04:00:00,17372.416685625623,16581.11830228146,11763.90929100182
forecast_7589,2025-11-13 05:00:00,15821.52499720554,15042.106355682245,10596.487782787432
forecast_7590,2025-11-13 06:00:00,15418.25577256477,15160.258258252543,10510.961129568466
forecast_7591,2025-11-13 07:00:00,14134.043302029535,14695.321056647614,10258.308054634035
forecast_7592,2025-11-13 08:00:00,13477.178685835272,14499.323893003982,9640.39007600015
forecast_7593,2025-11-13 09:00:00,11760.440652691439,13168.77824120927,8058.616961726868
forecast_7594,2025-11-13 10:00:00,10950.864522658834,11424.902510944428,7624.56906112327
forecast_7595,2025-11-13 11:00:00,10746.421872496134,10246.761582015446,7974.6132116866565
forecast_7596,2025-11-13 12:00:00,7947.210631881596,6368.508342503035,5196.106381098202
forecast_7597,2025-11-13 13:00:00,3953.1019782462117,3770.310524878829,2060.004450142725
forecast_7598,2025-11-13 14:00:00,3808.6930258240204,3504.434067231596,1995.485380013829
forecast_7599,2025-11-13 15:00:00,3036.141126449457,2336.3208958354844,1355.119668007396
forecast_7600,2025-11-13 16:00:00,3346.614984424371,2815.2672277816114,1492.4328636872135
forecast_7601,2025-11-13 17:00:00,5566.435561621968,4883.733216986716,2937.094858067706
forecast_7602,2025-11-13 18:00:00,5241.855495880993,4622.879447500983,2658.586049160439
forecast_7603,2025-11-13 19:00:00,5741.513586059583,4348.859728501187,3123.9728029087505
forecast_7604,2025-11-13 20:00:00,4556.6282012278125,3604.882228313036,2672.897703981425
forecast_7605,2025-11-13 21:00:00,6614.104857396252,4993.94805826241,3501.3692672934785
forecast_7606,2025-11-13 22:00:00,6838.215909268951,4628.223123564761,3320.575595607207
forecast_7607,2025-11-13 23:00:00,6423.621975729961,5119.251136788338,3549.092479914825
forecast_7608,2025-11-14 00:00:00,5873.319165714633,4906.563017772068,2943.3866719344383
forecast_7609,2025-11-14 01:00:00,2826.3781338811464,2309.147764657968,1763.3290002511328
forecast_7610,2025-11-14 02:00:00,2881.1376699704274,2250.535567397092,1541.876820946735
forecast_7611,2025-11-14 03:00:00,3184.601035114206,2348.98534438295,1658.8080233185672
forecast_7612,2025-11-14 04:00:00,3443.3930846660014,2520.564778889007,1888.9524652495052
forecast_7613,2025-11-14 05:00:00,3568.8446885593594,2633.767864180798,2131.394048622898
forecast_7614,2025-11-14 06:00:00,3930.4668185845335,2988.5058997907,2179.050970549834
forecast_7615,2025-11-14 07:00:00,3934.1235374216362,2870.5806790444194,2660.8280356875334
forecast_7616,2025-11-14 08:00:00,4874.3729584399325,3244.550646840299,2897.87714213443
forecast_7617,2025-11-14 09:00:00,4023.4046323487214,3416.8307494750425,2639.2744796663515
forecast_7618,2025-11-14 10:00:00,5058.395926813105,3489.806258532785,2805.7441847129226
forecast_7619,2025-11-14 11:00:00,4843.094360955485,3801.7169670681615,2521.3254443156516
forecast_7620,2025-11-14 12:00:00,4375.917282960819,2995.5257941495115,2403.0810001078203
forecast_7621,2025-11-14 13:00:00,3675.3078985757347,2741.089799696053,1949.9024265329022
forecast_7622,2025-11-14 14:00:00,4608.103609822135,3622.7853007323515,2630.6571523787507
forecast_7623,2025-11-14 15:00:00,4612.214865097443,3232.5184225273983,2513.5403432567505
forecast_7624,2025-11-14 16:00:00,4026.6020676229573,3684.624019658818,2650.3413293635963
forecast_7625,2025-11-14 17:00:00,6130.389816638462,5366.945793712307,3624.1579262760106
forecast_7626,2025-11-14 18:00:00,6933.187531738642,6102.854826080593,4121.420096681952
forecast_7627,2025-11-14 19:00:00,8645.982615041547,7583.559800113859,4926.857900858842
forecast_7628,2025-11-14 20:00:00,10156.057652184103,9157.691599568823,5707.708432956336
forecast_7629,2025-11-14 21:00:00,9525.490210484446,8118.761374977042,4488.395578085457
forecast_7630,2025-11-14 22:00:00,9156.069865039079,7073.731606099614,4638.412032932388
forecast_7631,2025-11-14 23:00:00,9542.855014006498,7650.489367596966,4493.329349799928
forecast_7632,2025-11-15 00:00:00,8450.153645305612,6985.683968757586,3961.285234204592
forecast_7633,2025-11-15 01:00:00,6300.301577299477,4495.972863295144,2799.010229609703
forecast_7634,2025-11-15 02:00:00,5087.176847804487,4006.39520051434,2596.137314172757
forecast_7635,2025-11-15 03:00:00,4991.011156157077,3979.192161088326,2392.090967063243
forecast_7636,2025-11-15 04:00:00,5612.589088133885,4176.966050581352,2806.1316579224394
forecast_7637,2025-11-15 05:00:00,4553.315272800901,3157.401273021227,1903.399545001345
forecast_7638,2025-11-15 06:00:00,3919.428536563526,2948.5130176917132,1590.141107903578
forecast_7639,2025-11-15 07:00:00,4169.289536840927,3134.9383048778705,1755.253635621425
forecast_7640,2025-11-15 08:00:00,3020.561288281189,2445.0783812681325,1200.167800752615
forecast_7641,2025-11-15 09:00:00,2563.1650267328105,2065.2208587661007,842.7024541215617
forecast_7642,2025-11-15 10:00:00,1435.906343689519,1210.793909023574,705.131367792699
forecast_7643,2025-11-15 11:00:00,503.8029030608635,413.23066966230095,311.35667469522633
forecast_7644,2025-11-15 12:00:00,675.6313630520725,633.8684907311077,445.43056304642136
forecast_7645,2025-11-15 13:00:00,606.4278639117201,567.9552097729094,341.1802759837406
forecast_7646,2025-11-15 14:00:00,712.0090697110302,770.1757908162313,528.7662608811839
forecast_7647,2025-11-15 15:00:00,1337.3234800841253,1247.6915343022094,1186.638341925668
forecast_7648,2025-11-15 16:00:00,2451.062684765656,2311.0374030273106,1468.969382115403
forecast_7649,2025-11-15 17:00:00,3932.0788187027647,3394.608611618435,2285.081191511375
forecast_7650,2025-11-15 18:00:00,5662.4857873456795,4998.530234172632,3037.729627661097
forecast_7651,2025-11-15 19:00:00,6961.435604118977,6556.574807817035,4453.795175978519
forecast_7652,2025-11-15 20:00:00,7763.279694521722,7883.922130459952,5252.956227281705
forecast_7653,2025-11-15 21:00:00,8861.605202425155,9216.391409912092,5365.1514594802275
forecast_7654,2025-11-15 22:00:00,8357.996548527673,8148.614792861421,5205.323202864453
forecast_7655,2025-11-15 23:00:00,7698.259335278565,7369.714717897974,4512.944785193123
forecast_7656,2025-11-16 00:00:00,7580.136536692461,6955.692593131462,4496.458283092862
forecast_7657,2025-11-16 01:00:00,10417.777594903919,8107.522662817227,4957.429576674892
forecast_7658,2025-11-16 02:00:00,7395.076649379235,6193.7683048828885,4059.4138572771594
forecast_7659,2025-11-16 03:00:00,8125.706538635025,6375.699894222054,4145.041212470293
forecast_7660,2025-11-16 04:00:00,8333.284142882065,6853.42805574619,4093.94729538696
forecast_7661,2025-11-16 05:00:00,9947.405732566787,7616.077428963544,4937.193119401719
forecast_7662,2025-11-16 06:00:00,9491.32695238993,8613.329273430307,5365.606122814288
forecast_7663,2025-11-16 07:00:00,10917.843655842076,9569.403383459825,6378.695269030326
forecast_7664,2025-11-16 08:00:00,11360.756899254542,10038.14307148351,6669.135154450932
forecast_7665,2025-11-16 09:00:00,10939.613149349403,11600.556729444885,7483.103360076263
forecast_7666,2025-11-16 10:00:00,10217.964906260298,10907.637331681553,6625.337576560464
forecast_7667,2025-11-16 11:00:00,9618.811279988684,10692.239673592923,6795.550070004712
forecast_7668,2025-11-16 12:00:00,12096.989460529623,12577.961263074476,9873.568249272379
forecast_7669,2025-11-16 13:00:00,13465.8709475044,13647.790918924473,10634.907918309249
forecast_7670,2025-11-16 14:00:00,12423.317627057342,13349.812294364618,10505.80813315663
forecast_7671,2025-11-16 15:00:00,14663.262581251502,14247.177150274858,11623.667344409061
forecast_7672,2025-11-16 16:00:00,15469.982003654626,15467.627349634422,13137.346858764398
forecast_7673,2025-11-16 17:00:00,18721.965690545905,17694.743665583275,14251.746678548016
forecast_7674,2025-11-16 18:00:00,20144.819946827993,19536.53372134846,15564.604131499864
forecast_7675,2025-11-16 19:00:00,20649.95774235854,19855.572139698666,16115.723177973648
forecast_7676,2025-11-16 20:00:00,20748.291749987886,19763.323192561067,16394.626973011986
forecast_7677,2025-11-16 21:00:00,20775.096257729303,19782.311658713388,16740.392918106194
forecast_7678,2025-11-16 22:00:00,20454.256790875945,19650.49023425133,16562.82628121566
forecast_7679,2025-11-16 23:00:00,20090.01295461193,19618.042562320334,16055.290031067212
forecast_7680,2025-11-17 00:00:00,20290.963511463353,19550.793548846774,15617.48988350593
forecast_7681,2025-11-17 01:00:00,20040.711419874857,19412.738890703877,15706.334234530981
forecast_7682,2025-11-17 02:00:00,19999.583618236495,19254.64981061415,14229.280878632593
forecast_7683,2025-11-17 03:00:00,19331.216969335703,19030.623275977687,11947.9511798903
forecast_7684,2025-11-17 04:00:00,18755.141718485622,18460.050711377015,11766.914631740923
forecast_7685,2025-11-17 05:00:00,18272.511768564946,18539.111905256286,13224.088387386422
forecast_7686,2025-11-17 06:00:00,17941.088750033672,18121.27889321521,13308.718875505972
forecast_7687,2025-11-17 07:00:00,17517.770184015324,17658.83708445009,12754.855706801392
forecast_7688,2025-11-17 08:00:00,17832.181291192323,17692.406663941256,12745.28058080398
forecast_7689,2025-11-17 09:00:00,17066.10023843249,16593.65755741182,12475.815246969521
forecast_7690,2025-11-17 10:00:00,16296.51221323382,15188.147675173113,11781.633241932901
forecast_7691,2025-11-17 11:00:00,15271.620411990758,14122.601693923049,11404.421412537691
forecast_7692,2025-11-17 12:00:00,14801.89005494174,14043.796715559698,10900.3427600855
forecast_7693,2025-11-17 13:00:00,14299.163411007854,14155.326512540163,9778.72012451845
forecast_7694,2025-11-17 14:00:00,13442.412862532967,13439.57713328724,9683.252082711411
forecast_7695,2025-11-17 15:00:00,13433.795866206421,12842.120136693262,8989.184075480212
forecast_7696,2025-11-17 16:00:00,13749.406290372284,13399.595198890986,9672.65901918816
forecast_7697,2025-11-17 17:00:00,14261.966502300382,13685.255547030067,10649.470161075616
forecast_7698,2025-11-17 18:00:00,13780.320465556366,13651.632440093812,10262.765794851588
forecast_7699,2025-11-17 19:00:00,13056.419709057616,12706.788728083446,9580.84812868498
forecast_7700,2025-11-17 20:00:00,13636.071488343785,14216.282809427948,9452.281155429753
forecast_7701,2025-11-17 21:00:00,14187.902543306625,15134.885125390327,10317.015131133623
forecast_7702,2025-11-17 22:00:00,14787.580651917251,15440.742768652985,11121.469450668856
forecast_7703,2025-11-17 23:00:00,15872.473478094924,16060.644147039708,12119.790013802409
forecast_7704,2025-11-18 00:00:00,15417.964031060503,16319.04838417312,12383.359309024067
forecast_7705,2025-11-18 01:00:00,15200.092886446597,15972.574479668543,10425.206613187322
forecast_7706,2025-11-18 02:00:00,14986.924616666547,15760.39644563726,10527.403674114577
forecast_7707,2025-11-18 03:00:00,15102.838295404295,15871.700903568368,10135.544449420351
forecast_7708,2025-11-18 04:00:00,15329.495107219249,16224.098996427814,11114.860187110591
forecast_7709,2025-11-18 05:00:00,15520.600011658064,16424.418848013567,11356.740646623923
forecast_7710,2025-11-18 06:00:00,16456.01098418649,16688.2265206594,11785.147103860865
forecast_7711,2025-11-18 07:00:00,16909.337537503703,17158.499762716336,12431.655102490055
forecast_7712,2025-11-18 08:00:00,15386.206364601416,16493.035531566384,12104.207869921653
forecast_7713,2025-11-18 09:00:00,14634.438182654614,15426.231149155892,11178.967265458175
forecast_7714,2025-11-18 10:00:00,14064.128773734552,14044.32829385137,10392.360282464191
forecast_7715,2025-11-18 11:00:00,14057.722931397053,12252.686909365597,9437.798332703233
forecast_7716,2025-11-18 12:00:00,13571.647192454564,11330.143746483942,8738.55069745968
forecast_7717,2025-11-18 13:00:00,13028.174282521491,10325.626692706532,7526.09677268435
forecast_7718,2025-11-18 14:00:00,12887.136157275392,10204.279517787912,7318.502562433879
forecast_7719,2025-11-18 15:00:00,12825.475377582667,9623.119986227824,6791.250280956577
forecast_7720,2025-11-18 16:00:00,10991.644686067611,8498.621762378605,5101.973355685454
forecast_7721,2025-11-18 17:00:00,9343.153236270504,7432.6199786071775,4684.227424001869
forecast_7722,2025-11-18 18:00:00,6564.906333720057,5951.9037528265235,4498.279363847972
forecast_7723,2025-11-18 19:00:00,6983.878598087751,6079.716356547638,4228.384845316212
forecast_7724,2025-11-18 20:00:00,8942.83314775153,7904.042268260043,5321.889542148346
forecast_7725,2025-11-18 21:00:00,8177.872854695195,8049.772584542915,5002.324555481568
forecast_7726,2025-11-18 22:00:00,8487.919381096734,8571.12119340394,5251.099251600954
forecast_7727,2025-11-18 23:00:00,8181.722489145799,7960.760589486659,5202.979179814429
forecast_7728,2025-11-19 00:00:00,8654.39000082831,7077.617458874068,5159.526873528443
forecast_7729,2025-11-19 01:00:00,11245.519001856555,11221.73076718228,7372.271509928982
forecast_7730,2025-11-19 02:00:00,10640.133233137649,11144.918095744175,7212.374557168058
forecast_7731,2025-11-19 03:00:00,10299.29079697835,9766.576498132541,6101.490973278216
forecast_7732,2025-11-19 04:00:00,9333.530571078172,7251.632294794684,5125.903592911345
forecast_7733,2025-11-19 05:00:00,7223.572548007541,5695.031182210363,3882.035518652642
forecast_7734,2025-11-19 06:00:00,5427.652692784831,4468.44777993541,3353.6655260338403
forecast_7735,2025-11-19 07:00:00,4591.6438327766,4083.581382998356,2952.5557751482634
forecast_7736,2025-11-19 08:00:00,3563.914123056824,3253.254671884246,2632.770725318227
forecast_7737,2025-11-19 09:00:00,2963.51585536236,2425.645629717234,1766.392136678636
forecast_7738,2025-11-19 10:00:00,1753.269029885133,1507.6734806463685,1060.8420517491513
forecast_7739,2025-11-19 11:00:00,459.45353689316073,595.5614329779517,489.54650231919464
forecast_7740,2025-11-19 12:00:00,358.9978403671682,419.1089887294141,384.8243897268329
forecast_7741,2025-11-19 13:00:00,536.8879442087366,557.8776267800245,457.34384517133446
forecast_7742,2025-11-19 14:00:00,1204.6257170644228,951.0683215950761,739.9811370914772
forecast_7743,2025-11-19 15:00:00,2272.2518152511275,1797.0688262165727,1364.3508614445566
forecast_7744,2025-11-19 16:00:00,2980.3182429864955,2494.4309625101937,1659.9760948699268
forecast_7745,2025-11-19 17:00:00,7084.082238353259,6048.100847121243,4257.6066212538635
forecast_7746,2025-11-19 18:00:00,10078.962530108203,8842.495878127374,6504.892551387199
forecast_7747,2025-11-19 19:00:00,12133.646739719834,10242.194590235997,8663.658577829287
forecast_7748,2025-11-19 20:00:00,12859.779874589083,11162.629294292392,8920.73985829428
forecast_7749,2025-11-19 21:00:00,14915.262299462942,12966.099677728771,9812.301224377088
forecast_7750,2025-11-19 22:00:00,17457.744886895336,16292.813193707198,12593.894657235996
forecast_7751,2025-11-19 23:00:00,19143.804017253817,17394.74153024103,13467.479670705152
forecast_7752,2025-11-20 00:00:00,19997.46595642606,18205.68362282483,13743.049941449743
forecast_7753,2025-11-20 01:00:00,20009.422760533926,18351.018583103225,14291.175552538622
forecast_7754,2025-11-20 02:00:00,19902.567959598447,18992.554218485868,14758.86605157392
forecast_7755,2025-11-20 03:00:00,19380.74791793236,19049.207636901512,14354.369431550074
forecast_7756,2025-11-20 04:00:00,20143.38238276003,19193.527664833302,13884.842874903125
forecast_7757,2025-11-20 05:00:00,19459.261518137653,18441.252541571455,13114.047852393542
forecast_7758,2025-11-20 06:00:00,18806.956552981483,18161.695580672487,12507.409160940084
forecast_7759,2025-11-20 07:00:00,18970.30987292773,18572.1199146799,12922.545559980408
forecast_7760,2025-11-20 08:00:00,16294.214671044256,16972.487235563432,11683.566266356582
forecast_7761,2025-11-20 09:00:00,16117.704551343926,16966.541740579316,12481.73682175039
forecast_7762,2025-11-20 10:00:00,16417.269760247807,16598.325597093477,13102.301083050543
forecast_7763,2025-11-20 11:00:00,17085.359599284973,16921.86142973811,12605.234600732096
forecast_7764,2025-11-20 12:00:00,17755.691751809434,16684.647642187738,12888.431658455373
forecast_7765,2025-11-20 13:00:00,18587.9530814339,16939.33286179771,13664.210904489342
forecast_7766,2025-11-20 14:00:00,19576.13090350934,18209.446099734047,15023.303254839979
forecast_7767,2025-11-20 15:00:00,20418.849877978024,19071.62240826389,14926.095402710302
forecast_7768,2025-11-20 16:00:00,20856.753342268777,19212.074837186472,15399.533853166193
forecast_7769,2025-11-20 17:00:00,20621.86467996338,19243.70800306483,15050.02304143479
forecast_7770,2025-11-20 18:00:00,20752.567150847222,19261.352469180987,15488.908808011238
forecast_7771,2025-11-20 19:00:00,20734.25699360654,19206.801528553988,14414.896742727045
forecast_7772,2025-11-20 20:00:00,20259.326414424544,19066.956282251707,13812.668687385185
forecast_7773,2025-11-20 21:00:00,20077.312061342418,19253.764498280714,14144.589564229918
forecast_7774,2025-11-20 22:00:00,19711.542123254872,19063.57674382108,14594.959026612074
forecast_7775,2025-11-20 23:00:00,19492.03114505214,18865.135326457967,14181.13911861629
forecast_7776,2025-11-21 00:00:00,19286.9462340102,19051.949048070295,14082.084688091349
forecast_7777,2025-11-21 01:00:00,18465.37166992656,18841.6671913856,12834.530222583775
forecast_7778,2025-11-21 02:00:00,16103.490328663633,17088.95100682989,11879.607070608143
forecast_7779,2025-11-21 03:00:00,15575.282289875546,15929.560712366369,10539.155474116444
forecast_7780,2025-11-21 04:00:00,15524.148987282084,15498.511908023718,10206.297996576523
forecast_7781,2025-11-21 05:00:00,16646.78681578904,16625.568225465868,11044.631968706333
forecast_7782,2025-11-21 06:00:00,18120.530221805304,17639.66831248682,12100.320437527802
forecast_7783,2025-11-21 07:00:00,18239.60450137421,17431.45589420504,12519.919352094188
forecast_7784,2025-11-21 08:00:00,17820.857596360598,17472.318429034516,12400.654212985324
forecast_7785,2025-11-21 09:00:00,16640.165522613872,17238.457087195504,11737.37735421076
forecast_7786,2025-11-21 10:00:00,16050.080807436763,16323.601953673175,11558.089848414575
forecast_7787,2025-11-21 11:00:00,15938.17365995041,15674.9626660124,10858.998312256213
forecast_7788,2025-11-21 12:00:00,15758.02948576166,15279.10298407436,10679.669926303195
forecast_7789,2025-11-21 13:00:00,15837.828412609493,14782.213254546656,10897.391881896405
forecast_7790,2025-11-21 14:00:00,16555.78432074136,15238.66461089196,11189.252304168669
forecast_7791,2025-11-21 15:00:00,16539.18716856363,15480.016072881213,12034.382752728055
forecast_7792,2025-11-21 16:00:00,16108.86169070193,15711.671267052687,11727.638587207812
forecast_7793,2025-11-21 17:00:00,16330.403945780252,15863.7638540431,12170.3907100954
forecast_7794,2025-11-21 18:00:00,16573.85673687222,16497.61553992479,13350.58836675372
forecast_7795,2025-11-21 19:00:00,15680.442877880909,15974.584312860725,12831.149282173677
forecast_7796,2025-11-21 20:00:00,15571.098272366258,15405.99534245143,11996.31045324574
forecast_7797,2025-11-21 21:00:00,15891.72810573157,15968.308247827888,12853.955035134288
forecast_7798,2025-11-21 22:00:00,15885.931533847719,16362.900032982874,12641.34727981619
forecast_7799,2025-11-21 23:00:00,16790.303638009893,16975.957422945605,11995.773556302669
forecast_7800,2025-11-22 00:00:00,17145.377726239523,17614.927305288085,12468.86994862696
forecast_7801,2025-11-22 01:00:00,17094.22285868786,17693.17857539228,12139.719991734451
forecast_7802,2025-11-22 02:00:00,17860.886559174305,17778.91925728921,12789.742856802442
forecast_7803,2025-11-22 03:00:00,16487.84874271417,17394.33906960663,11728.703436962103
forecast_7804,2025-11-22 04:00:00,16913.241716687393,17384.081029381985,11864.456282190149
forecast_7805,2025-11-22 05:00:00,17666.645423479546,17824.003216590136,11795.674583938873
forecast_7806,2025-11-22 06:00:00,18957.79916918932,18189.923413415352,12421.211451132809
forecast_7807,2025-11-22 07:00:00,19423.18492047621,17978.813296304026,12784.093719093355
forecast_7808,2025-11-22 08:00:00,18633.989705752527,17135.231855408958,11956.916812358222
forecast_7809,2025-11-22 09:00:00,16754.91551691962,15026.547617302082,9888.56232233037
forecast_7810,2025-11-22 10:00:00,12936.493684442157,13481.045499304824,9281.239575507507
forecast_7811,2025-11-22 11:00:00,11597.946326896505,12937.892009332942,9524.861968338391
forecast_7812,2025-11-22 12:00:00,10916.373220973994,10795.140497105096,8506.462449922004
forecast_7813,2025-11-22 13:00:00,10243.89937359768,9753.462914086584,8242.627677817023
forecast_7814,2025-11-22 14:00:00,9743.24400385137,10000.451992006268,8210.481447279175
forecast_7815,2025-11-22 15:00:00,12234.529888508006,10579.599537893517,9472.752077734345
forecast_7816,2025-11-22 16:00:00,13662.27905483416,13485.564636972966,10609.94747043375
forecast_7817,2025-11-22 17:00:00,16820.227253754205,15836.657026424313,12042.74490773951
forecast_7818,2025-11-22 18:00:00,18232.91864870777,17662.0849894324,13613.173049811838
forecast_7819,2025-11-22 19:00:00,18934.910662665025,17428.611835835054,14479.912464940719
forecast_7820,2025-11-22 20:00:00,19143.52723474113,17823.01399788533,13962.321451854325
forecast_7821,2025-11-22 21:00:00,19699.42593579945,17650.216593363002,13107.196880201505
forecast_7822,2025-11-22 22:00:00,19647.026470611298,17860.367828585026,13963.262457898878
forecast_7823,2025-11-22 23:00:00,19809.52866191487,18455.216901586966,14212.539095165565
forecast_7824,2025-11-23 00:00:00,19925.213098489283,18761.000107017357,14030.278863669155
forecast_7825,2025-11-23 01:00:00,20414.905932097172,19207.35883282891,14291.602644393708
forecast_7826,2025-11-23 02:00:00,20389.741070100514,19040.301464348464,14243.332173578694
forecast_7827,2025-11-23 03:00:00,20292.186236273126,19182.611387872046,13450.4625926511
forecast_7828,2025-11-23 04:00:00,20491.190888877656,19262.08536914219,13324.148508104014
forecast_7829,2025-11-23 05:00:00,19550.43532959704,18646.225944312624,12817.852392498793
forecast_7830,2025-11-23 06:00:00,19732.289229088256,18943.05222303396,12639.038984617637
forecast_7831,2025-11-23 07:00:00,19882.33671281774,18805.069587634964,13699.961306848993
forecast_7832,2025-11-23 08:00:00,19144.82977888668,17769.613492429053,13064.532203460552
forecast_7833,2025-11-23 09:00:00,17450.26160789294,15983.925217373584,11942.741809401272
forecast_7834,2025-11-23 10:00:00,16064.1448843321,15771.360086545266,11738.91902163688
forecast_7835,2025-11-23 11:00:00,14841.892768283004,15028.022768808332,10723.645640833689
forecast_7836,2025-11-23 12:00:00,14546.020195233918,15139.059311021389,10830.361158412808
forecast_7837,2025-11-23 13:00:00,13842.524750158167,13214.55610959083,10447.665103038295
forecast_7838,2025-11-23 14:00:00,13413.428496406443,13251.150850380258,10732.304904980247
forecast_7839,2025-11-23 15:00:00,13651.974403796365,13931.292644808893,10555.557235871935
forecast_7840,2025-11-23 16:00:00,14167.55185379534,13949.05519336422,9710.9363279686
forecast_7841,2025-11-23 17:00:00,15653.748229335766,14541.221453561555,11069.937461752299
forecast_7842,2025-11-23 18:00:00,17963.819293444045,17279.977564003108,13328.784834405367
forecast_7843,2025-11-23 19:00:00,18761.366429070385,18223.828536344718,13671.934278239634
forecast_7844,2025-11-23 20:00:00,18848.762092081164,18306.447726795624,13352.580013296616
forecast_7845,2025-11-23 21:00:00,18049.602778426317,18193.30010951597,13526.465472906275
forecast_7846,2025-11-23 22:00:00,18256.86310682756,17956.14392860878,13425.47213122676
forecast_7847,2025-11-23 23:00:00,17622.416952105414,17362.21486902095,13662.108861215007
forecast_7848,2025-11-24 00:00:00,17449.052170685085,16996.4313658676,12718.533945156587
forecast_7849,2025-11-24 01:00:00,12286.492611982036,12768.940346867872,8246.380688876498
forecast_7850,2025-11-24 02:00:00,12947.499259158345,13580.9593541521,8324.594048767423
forecast_7851,2025-11-24 03:00:00,10027.650143741006,11936.45753575163,6579.434625497308
forecast_7852,2025-11-24 04:00:00,11049.335824157435,12059.14783247031,6675.3515216012465
forecast_7853,2025-11-24 05:00:00,10620.521446819923,11324.76834934808,6716.602246532594
forecast_7854,2025-11-24 06:00:00,11008.783530764993,11569.350025763231,6502.92372596696
forecast_7855,2025-11-24 07:00:00,10979.982721127444,11718.454203411391,7046.783952754961
forecast_7856,2025-11-24 08:00:00,12057.451608042304,12144.579706399969,6988.133736413951
forecast_7857,2025-11-24 09:00:00,11458.147645246096,12173.015418614941,7167.42516499303
forecast_7858,2025-11-24 10:00:00,10536.898115655067,11189.506174394413,8326.624239488252
forecast_7859,2025-11-24 11:00:00,11425.796128132522,11062.67498100427,8962.97650430008
forecast_7860,2025-11-24 12:00:00,11067.103625485699,10577.980349072866,8737.354269991793
forecast_7861,2025-11-24 13:00:00,10681.599683424967,10428.175282639395,9018.07910334949
forecast_7862,2025-11-24 14:00:00,12066.000792289677,11191.507988766576,9247.298036048333
forecast_7863,2025-11-24 15:00:00,12783.285876310776,13369.060365011637,10884.82514362652
forecast_7864,2025-11-24 16:00:00,12972.165253714049,12440.052870441838,10562.53124384925
forecast_7865,2025-11-24 17:00:00,13307.827876102318,12699.249577973178,10865.199816261767
forecast_7866,2025-11-24 18:00:00,13084.480946791393,13673.033371610794,10628.681264772955
forecast_7867,2025-11-24 19:00:00,12168.10412010555,12658.388937299209,9182.4387606461
forecast_7868,2025-11-24 20:00:00,12924.33854519277,14046.812322614403,10723.852272873773
forecast_7869,2025-11-24 21:00:00,13617.127695869152,14199.531129678171,10083.261314121237
forecast_7870,2025-11-24 22:00:00,13259.535847837597,13560.883472712641,9767.172865393215
forecast_7871,2025-11-24 23:00:00,12130.371279240086,13310.346563820212,8935.33946393731
forecast_7872,2025-11-25 00:00:00,13497.8702174954,13477.989556665849,9405.61251181853
forecast_7873,2025-11-25 01:00:00,13255.28914935336,13400.983591244447,9805.829818411687
forecast_7874,2025-11-25 02:00:00,14416.149926447686,14287.8494451327,11352.187775871227
forecast_7875,2025-11-25 03:00:00,15257.761335994821,15255.739066818707,12643.875565584796
forecast_7876,2025-11-25 04:00:00,13883.62177616399,13417.106259062613,11317.663606048325
forecast_7877,2025-11-25 05:00:00,14170.081138322787,14349.482017214272,11597.49097859734
forecast_7878,2025-11-25 06:00:00,14448.389951766683,15265.233430039276,10051.298421780866
forecast_7879,2025-11-25 07:00:00,14501.762366110728,14805.592008185933,10133.787935811477
forecast_7880,2025-11-25 08:00:00,13097.977956939005,13260.368347766434,9130.063883929352
forecast_7881,2025-11-25 09:00:00,11015.932337292143,11456.240548139249,7565.748013240697
forecast_7882,2025-11-25 10:00:00,8960.53566023716,9673.946902757809,6876.280435414342
forecast_7883,2025-11-25 11:00:00,7639.753880132109,8855.164097939587,5646.6886608923
forecast_7884,2025-11-25 12:00:00,7761.966513528773,9443.673993728453,6040.591433323052
forecast_7885,2025-11-25 13:00:00,10133.319783893023,10219.629666626251,7918.173203628168
forecast_7886,2025-11-25 14:00:00,11512.809799026212,10707.020968002182,8846.848603910395
forecast_7887,2025-11-25 15:00:00,12630.702334754733,12202.234503078753,9101.327913623334
forecast_7888,2025-11-25 16:00:00,12272.108345514716,11729.271802190877,8580.950801572622
forecast_7889,2025-11-25 17:00:00,12458.428037928335,12030.84738505721,9150.16050099175
forecast_7890,2025-11-25 18:00:00,13124.861660501565,11554.860476373124,8308.050272516111
forecast_7891,2025-11-25 19:00:00,12680.409576882905,10426.270582363999,6478.582936434209
forecast_7892,2025-11-25 20:00:00,12165.688940538794,9742.650171214684,5070.191644606859
forecast_7893,2025-11-25 21:00:00,10161.352060846655,8721.119714312556,4571.986636236652
forecast_7894,2025-11-25 22:00:00,8127.581063737281,7270.172835703388,3776.0022256384523
forecast_7895,2025-11-25 23:00:00,6055.752727768033,5730.225292911928,2953.0943700122175
forecast_7896,2025-11-26 00:00:00,4751.577139996856,4290.457365178823,2578.4523376238403
forecast_7897,2025-11-26 01:00:00,5116.68087232054,4735.094817282915,2094.087806568401
forecast_7898,2025-11-26 02:00:00,4312.17732688575,3451.6666295422983,1927.4732149620215
forecast_7899,2025-11-26 03:00:00,3584.9411822267753,3095.7611169918164,1606.509143510323
forecast_7900,2025-11-26 04:00:00,2569.739581819276,2020.581826702646,1322.3280283144934
forecast_7901,2025-11-26 05:00:00,2108.4082063137394,1847.4420764657718,1214.5873522143818
forecast_7902,2025-11-26 06:00:00,2334.8569469535523,2185.1030716898736,1721.9445661848922
forecast_7903,2025-11-26 07:00:00,3271.7830537868103,2698.467592338535,2131.599227938821
forecast_7904,2025-11-26 08:00:00,3579.075542683614,3348.477385566208,2893.792176266205
forecast_7905,2025-11-26 09:00:00,4722.374723194677,3994.2215463948764,2947.9959937277818
forecast_7906,2025-11-26 10:00:00,5644.669406497071,4963.809330524588,3224.4015304162112
forecast_7907,2025-11-26 11:00:00,4839.042751846877,3877.721371082798,2356.8586526602207
forecast_7908,2025-11-26 12:00:00,4194.3850058265025,3107.7969706203944,2068.9023221998323
forecast_7909,2025-11-26 13:00:00,3223.0049157558724,2463.4489859404994,1902.7929496266324
forecast_7910,2025-11-26 14:00:00,3689.257267455204,3821.7765103019956,2468.379961840835
forecast_7911,2025-11-26 15:00:00,5377.571853667155,5356.5446327660475,3563.4054485088027
forecast_7912,2025-11-26 16:00:00,6457.352075813558,6309.763142900109,4500.2805623296335
forecast_7913,2025-11-26 17:00:00,10406.918647750343,9536.024258266045,7165.2924269139885
forecast_7914,2025-11-26 18:00:00,13786.921285400571,12526.701060248854,9384.325231440522
forecast_7915,2025-11-26 19:00:00,16181.50681402358,15521.782740012679,11553.049199843494
forecast_7916,2025-11-26 20:00:00,15441.327691344299,14604.873249350165,10473.430983632486
forecast_7917,2025-11-26 21:00:00,14711.594291759338,13502.490678298947,8370.723358856703
forecast_7918,2025-11-26 22:00:00,14411.432740004268,14057.941575590992,8950.538052150088
forecast_7919,2025-11-26 23:00:00,14920.49594855342,14302.35757161702,10353.831318131603
forecast_7920,2025-11-27 00:00:00,15450.127515548762,16228.78599958494,12436.156358631191
forecast_7921,2025-11-27 01:00:00,15411.646676129707,16624.201326779956,11866.324189992143
forecast_7922,2025-11-27 02:00:00,16099.029337951233,16913.76838904092,12813.062704410773
forecast_7923,2025-11-27 03:00:00,16521.611854208786,16124.290121893606,12430.657120365311
forecast_7924,2025-11-27 04:00:00,15535.645677330427,15603.577640140005,11871.861710724022
forecast_7925,2025-11-27 05:00:00,12754.704005898413,13687.455917743004,10755.714232352822
forecast_7926,2025-11-27 06:00:00,15384.09331882365,15124.647405730193,11531.062866235156
forecast_7927,2025-11-27 07:00:00,10629.469196811831,12062.27377145157,7856.577904370236
forecast_7928,2025-11-27 08:00:00,12802.623857200553,14795.373119800675,10818.544594529552
forecast_7929,2025-11-27 09:00:00,11986.442835867465,15406.356298598159,11206.971834139857
forecast_7930,2025-11-27 10:00:00,11262.112294667635,14337.708239278338,11016.634046594978
forecast_7931,2025-11-27 11:00:00,13079.304256304486,16363.825354488688,12995.059632372873
forecast_7932,2025-11-27 12:00:00,15536.093097064106,17140.568709483545,14198.317620004524
forecast_7933,2025-11-27 13:00:00,15878.197007594572,17749.04167668611,13878.61255750622
forecast_7934,2025-11-27 14:00:00,17971.963780399812,18465.628261501395,15029.040319689033
forecast_7935,2025-11-27 15:00:00,17935.409710869026,18331.70323064022,15570.634714508431
forecast_7936,2025-11-27 16:00:00,18383.939395861686,18555.348154526855,15607.509213868147
forecast_7937,2025-11-27 17:00:00,18536.783788467015,18545.715371758786,14952.771611493103
forecast_7938,2025-11-27 18:00:00,19256.850035710213,19001.903957075792,14074.21863654779
forecast_7939,2025-11-27 19:00:00,18503.18114632349,18273.598921107336,13157.58238114251
forecast_7940,2025-11-27 20:00:00,18720.041517275713,18401.067894513228,13299.505625373286
forecast_7941,2025-11-27 21:00:00,18158.698478719187,18027.59813646342,13394.371548038938
forecast_7942,2025-11-27 22:00:00,18133.312585817028,17491.948392390674,13361.472093745948
forecast_7943,2025-11-27 23:00:00,18355.572375479627,17843.692898989462,13797.786873295554
forecast_7944,2025-11-28 00:00:00,18411.942091966783,18052.12039664024,14457.136167738332
forecast_7945,2025-11-28 01:00:00,18268.636936720748,17934.82584404422,14097.813696415797
forecast_7946,2025-11-28 02:00:00,17958.37308604918,17246.97295249005,14035.887331786966
forecast_7947,2025-11-28 03:00:00,17844.710951735757,16778.203677869205,13282.511416375903
forecast_7948,2025-11-28 04:00:00,17101.52075180427,16790.51272252235,13512.290613929932
forecast_7949,2025-11-28 05:00:00,17048.51061279602,16713.508184738017,12616.536519558986
forecast_7950,2025-11-28 06:00:00,16756.268416095467,16387.832961775945,12490.397303899996
forecast_7951,2025-11-28 07:00:00,15951.221004238609,15254.170983555257,11188.99371575356
forecast_7952,2025-11-28 08:00:00,14829.613625441309,14257.321038718963,9097.77117856559
forecast_7953,2025-11-28 09:00:00,12706.399737689639,11819.167261351024,8071.298515084177
forecast_7954,2025-11-28 10:00:00,9467.2564944262,9599.111789947683,6681.397227989736
forecast_7955,2025-11-28 11:00:00,8040.249188753236,9193.28289978657,5735.423754789749
forecast_7956,2025-11-28 12:00:00,8328.425208265513,8219.173684485751,5866.733923754297
forecast_7957,2025-11-28 13:00:00,7413.855723552773,6951.277681411598,4690.964127272034
forecast_7958,2025-11-28 14:00:00,6678.328038023147,6274.682371636597,4210.61847059742
forecast_7959,2025-11-28 15:00:00,6041.55444810781,5146.15331413073,3451.9879374436505
forecast_7960,2025-11-28 16:00:00,6663.116072201815,5842.55842899898,3367.6491887331094
forecast_7961,2025-11-28 17:00:00,8159.28511542342,8422.74045744792,5254.809514525934
forecast_7962,2025-11-28 18:00:00,8813.770629777442,8611.297235859745,5140.914292646381
forecast_7963,2025-11-28 19:00:00,7509.229327862519,7862.159408298339,4805.5245902964025
forecast_7964,2025-11-28 20:00:00,6080.620185571132,5426.953099799861,3871.7065767829936
forecast_7965,2025-11-28 21:00:00,5873.745652001372,4212.025871477508,3424.2633161071285
forecast_7966,2025-11-28 22:00:00,5700.142640897392,4111.508379676352,3439.8269246625105
forecast_7967,2025-11-28 23:00:00,6261.481293228907,3944.389005565746,4131.981328538699
forecast_7968,2025-11-29 00:00:00,6728.271604542582,4207.812690024788,3740.523439472737
forecast_7969,2025-11-29 01:00:00,5092.85216426257,3321.165419167535,2751.8074968054007
forecast_7970,2025-11-29 02:00:00,5939.0147886951,4257.521996302955,3127.8076904955374
forecast_7971,2025-11-29 03:00:00,7517.455809069267,5671.64222705406,3952.149241187204
forecast_7972,2025-11-29 04:00:00,10212.466829484774,8689.572203086955,6275.3556990897005
forecast_7973,2025-11-29 05:00:00,12168.261180986932,11727.88329966293,7562.80709299838
forecast_7974,2025-11-29 06:00:00,12448.868552009328,12178.14370998358,7894.959397996327
forecast_7975,2025-11-29 07:00:00,12046.460943069045,12094.174200147168,6974.212185620261
forecast_7976,2025-11-29 08:00:00,10631.418128117191,12150.001541743159,6652.2461832289355
forecast_7977,2025-11-29 09:00:00,9356.840783834949,10773.49314942069,6686.721921667015
forecast_7978,2025-11-29 10:00:00,8672.828996969092,9253.790536825112,6465.87169596724
forecast_7979,2025-11-29 11:00:00,8487.98737869785,10131.290625951056,6893.58819606513
forecast_7980,2025-11-29 12:00:00,11662.658572232009,11881.439213891812,9949.802270114778
forecast_7981,2025-11-29 13:00:00,12806.082119197314,13359.003000720819,10952.970000935069
forecast_7982,2025-11-29 14:00:00,13563.689889204878,13221.01821629991,11527.408065516995
forecast_7983,2025-11-29 15:00:00,16832.755943148677,15409.92834153618,12214.107620357432
forecast_7984,2025-11-29 16:00:00,17973.784972553512,16888.364563488187,13755.251442347662
forecast_7985,2025-11-29 17:00:00,19433.534320264484,18536.645858044812,14695.714847937617
forecast_7986,2025-11-29 18:00:00,20353.64188644598,19394.020867215848,15809.596314352439
forecast_7987,2025-11-29 19:00:00,20344.12154657524,19660.851314373907,16497.140059437825
forecast_7988,2025-11-29 20:00:00,20485.60557112004,19578.09589215714,16519.33682092304
forecast_7989,2025-11-29 21:00:00,20615.37141346721,19638.170629241828,16667.20665632991
forecast_7990,2025-11-29 22:00:00,20514.277997503643,19620.808825532844,16399.378800548442
forecast_7991,2025-11-29 23:00:00,20516.27420261582,19569.618034219173,16323.90284158082
forecast_7992,2025-11-30 00:00:00,20449.825536489054,19488.259542488868,15862.56377858475
forecast_7993,2025-11-30 01:00:00,20529.050213198723,19342.549869337527,15595.162579333793
forecast_7994,2025-11-30 02:00:00,20574.221080502233,19260.95444979843,15522.733939881526
forecast_7995,2025-11-30 03:00:00,20087.44629195841,19015.223336094125,15189.27302260499
forecast_7996,2025-11-30 04:00:00,19285.22459070694,17413.74287679653,14758.841263106737
forecast_7997,2025-11-30 05:00:00,18545.646849013934,16911.343710546622,13652.0581649507
forecast_7998,2025-11-30 06:00:00,16965.143832755723,15873.121834544927,11725.924745908316
forecast_7999,2025-11-30 07:00:00,14136.040532348035,14665.387667636931,11394.40501386843
forecast_8000,2025-11-30 08:00:00,14494.276063133291,14173.803555403741,11205.901393244407
forecast_8001,2025-11-30 09:00:00,13663.512631707968,13870.879473765379,10641.63009732943
forecast_8002,2025-11-30 10:00:00,13293.808835028838,13202.054347754613,10973.044541958485
forecast_8003,2025-11-30 11:00:00,13737.569454379673,12610.018811220114,10822.345479935106
forecast_8004,2025-11-30 12:00:00,12559.973991869363,11375.311451547846,10086.88356558429
forecast_8005,2025-11-30 13:00:00,10021.362379648406,9559.82044105464,8803.512146961208
forecast_8006,2025-11-30 14:00:00,9972.786404014554,9784.957047038699,8904.50282877451
forecast_8007,2025-11-30 15:00:00,9902.519951903772,9951.633292290302,8375.647426323087
forecast_8008,2025-11-30 16:00:00,11100.141892907835,11238.823476259688,9122.388304900025
forecast_8009,2025-11-30 17:00:00,12169.538796302522,12937.520756965254,10663.924544303554
forecast_8010,2025-11-30 18:00:00,16773.334896040946,17290.740162330814,12830.268961033533
forecast_8011,2025-11-30 19:00:00,18887.221892046484,18926.70994946398,14853.662202491381
forecast_8012,2025-11-30 20:00:00,19581.721824675784,19547.767060915012,16326.13338031719
forecast_8013,2025-11-30 21:00:00,20001.290105063254,19707.45313373681,16324.362251297862
forecast_8014,2025-11-30 22:00:00,20255.935803561573,19754.88786708217,16306.846607986245
forecast_8015,2025-11-30 23:00:00,20353.605820640965,19744.25154235275,16276.706175099058
forecast_8016,2025-12-01 00:00:00,20486.724893121223,19729.26832472971,15765.391640206804
forecast_8017,2025-12-01 01:00:00,20468.588277471106,19772.85960192839,15784.31979862632
forecast_8018,2025-12-01 02:00:00,20305.74850244118,19728.404171484413,15593.090169224144
forecast_8019,2025-12-01 03:00:00,20215.64053343335,19610.01209702125,15428.630712991018
forecast_8020,2025-12-01 04:00:00,20146.421046271662,19551.561033654518,15059.32909615045
forecast_8021,2025-12-01 05:00:00,20084.25950418405,19603.51779607548,15100.685869134266
forecast_8022,2025-12-01 06:00:00,20528.976963265697,19495.244304433276,13826.237966065588
forecast_8023,2025-12-01 07:00:00,19768.602747118748,19254.83147166909,12005.826170059421
forecast_8024,2025-12-01 08:00:00,19109.49195123307,18727.636632282825,12094.017397881442
forecast_8025,2025-12-01 09:00:00,16718.056436303155,16543.151127893987,11227.098871764374
forecast_8026,2025-12-01 10:00:00,13615.409130470427,13862.030659160544,9699.783204249896
forecast_8027,2025-12-01 11:00:00,11038.957923631766,10817.049779037503,7610.849851990079
forecast_8028,2025-12-01 12:00:00,8273.994047591957,7707.53013348795,5030.759794761695
forecast_8029,2025-12-01 13:00:00,7752.8482234279545,6612.742531843437,4587.591906258553
forecast_8030,2025-12-01 14:00:00,5842.276285821368,5416.918671386376,4016.7022122753824
forecast_8031,2025-12-01 15:00:00,5034.437084882503,4554.149801995148,2932.337214696243
forecast_8032,2025-12-01 16:00:00,5199.554709499792,3943.9235513864774,2790.743847759844
forecast_8033,2025-12-01 17:00:00,6264.5797980082525,5480.264223089846,3505.362608458639
forecast_8034,2025-12-01 18:00:00,7509.756842286623,6529.947287181402,4219.414680320534
forecast_8035,2025-12-01 19:00:00,8736.328910257986,7452.535739861707,5322.806099228457
forecast_8036,2025-12-01 20:00:00,9907.922223246824,8922.130487341989,6286.63227187821
forecast_8037,2025-12-01 21:00:00,10287.39420524951,9353.5813427993,6819.265156453304
forecast_8038,2025-12-01 22:00:00,11192.426927207123,10605.856266435412,7513.391690924871
forecast_8039,2025-12-01 23:00:00,11753.025076035488,12770.395997468671,8082.946083639695
forecast_8040,2025-12-02 00:00:00,12653.798363012587,13732.788197450922,9314.161781932256
forecast_8041,2025-12-02 01:00:00,15289.135633061082,15295.088155709442,11105.340687753107
forecast_8042,2025-12-02 02:00:00,14433.924725939636,15593.871542457488,9471.840330991688
forecast_8043,2025-12-02 03:00:00,16374.209291771222,16605.141329007598,11557.515757664014
forecast_8044,2025-12-02 04:00:00,14968.489284229408,16092.69641019609,10135.339506691087
forecast_8045,2025-12-02 05:00:00,14448.309780619042,15804.122539614218,9243.866623403428
forecast_8046,2025-12-02 06:00:00,14422.173949667636,15200.762936944231,9658.312519814011
forecast_8047,2025-12-02 07:00:00,13775.656438685814,14021.283542003588,8487.803979999786
forecast_8048,2025-12-02 08:00:00,11904.961312494552,12872.646076442712,7139.337956985523
forecast_8049,2025-12-02 09:00:00,11119.97384414863,11804.131288402119,5974.480892442531
forecast_8050,2025-12-02 10:00:00,7447.86241280104,8067.8440108502145,5439.1135243285635
forecast_8051,2025-12-02 11:00:00,8190.580406953302,7822.9746282058895,5452.727513991639
forecast_8052,2025-12-02 12:00:00,9506.096061798571,8940.32523164923,5821.256463461784
forecast_8053,2025-12-02 13:00:00,10301.627471884354,9571.066271319105,6754.365304991212
forecast_8054,2025-12-02 14:00:00,11059.575218058519,11775.268332178714,7783.523497583164
forecast_8055,2025-12-02 15:00:00,12355.281131766247,13031.011467637893,8140.38192020281
forecast_8056,2025-12-02 16:00:00,13536.434815803888,14108.31858060311,9278.162079624664
forecast_8057,2025-12-02 17:00:00,14125.559098154188,14421.744935928109,10644.40956622756
forecast_8058,2025-12-02 18:00:00,15063.690499114624,15042.6763680193,11097.404705926472
forecast_8059,2025-12-02 19:00:00,14896.073322294724,15238.548647922004,11639.488605266672
forecast_8060,2025-12-02 20:00:00,15022.26340100574,15700.16838958393,11262.218480757987
forecast_8061,2025-12-02 21:00:00,15288.258594142937,15536.534541230401,11118.839462290849
forecast_8062,2025-12-02 22:00:00,15798.507865755451,15664.271111475524,11381.899543318934
forecast_8063,2025-12-02 23:00:00,15609.890463306772,15425.435908451414,11400.340185055331
forecast_8064,2025-12-03 00:00:00,15208.259485442137,15312.849395624484,11434.789064911967
forecast_8065,2025-12-03 01:00:00,15166.671752023423,15946.48273704681,12630.840054794176
forecast_8066,2025-12-03 02:00:00,15085.076753221056,15956.468083101863,12569.10177665699
forecast_8067,2025-12-03 03:00:00,14702.82422272466,16102.178190974057,12565.606994816853
forecast_8068,2025-12-03 04:00:00,14430.005615300532,16112.650671002457,12285.578056840357
forecast_8069,2025-12-03 05:00:00,14420.606882747372,14073.836785701975,11277.575220174485
forecast_8070,2025-12-03 06:00:00,14279.848523938663,14122.43631012873,9935.00001133102
forecast_8071,2025-12-03 07:00:00,14503.934256150442,15091.612025201524,9845.504263745297
forecast_8072,2025-12-03 08:00:00,14393.225471799376,15027.94573033393,9718.30411688702
forecast_8073,2025-12-03 09:00:00,14753.014607097697,15689.154186820391,10586.921163819974
forecast_8074,2025-12-03 10:00:00,15494.421941529785,16358.932079660906,11278.906931250318
forecast_8075,2025-12-03 11:00:00,15662.24025282857,16515.36901837438,11362.82877229734
forecast_8076,2025-12-03 12:00:00,15516.989533395357,16622.431606747625,11611.705299677944
forecast_8077,2025-12-03 13:00:00,15704.809528198455,16352.694026388388,11642.87334814446
forecast_8078,2025-12-03 14:00:00,16168.400809997083,16609.157779525412,11545.137309086767
forecast_8079,2025-12-03 15:00:00,16107.72936264461,16509.784549831966,11844.595020619057
forecast_8080,2025-12-03 16:00:00,15578.804122048237,16349.246762697516,12143.858747441831
forecast_8081,2025-12-03 17:00:00,15436.682521374045,16461.677195054435,12410.185135715597
forecast_8082,2025-12-03 18:00:00,14814.66179531792,15685.46139212694,11805.758229997711
forecast_8083,2025-12-03 19:00:00,14555.376624216822,14639.005423315299,11096.517160305692
forecast_8084,2025-12-03 20:00:00,14466.17518742902,13653.136081889535,10215.839167763323
forecast_8085,2025-12-03 21:00:00,14473.78661123615,13399.200858711476,10208.401706918077
forecast_8086,2025-12-03 22:00:00,14465.583913289067,14679.788961957582,10374.211841787544
forecast_8087,2025-12-03 23:00:00,14503.377851230249,15513.736168064399,10893.866936897819
forecast_8088,2025-12-04 00:00:00,14644.441511122517,15694.109409931332,10079.970893528867
forecast_8089,2025-12-04 01:00:00,14446.655081187582,15967.471802107546,8826.948177463415
forecast_8090,2025-12-04 02:00:00,15360.184400818061,16796.643166082285,9744.185986027102
forecast_8091,2025-12-04 03:00:00,15268.068426005608,17811.049491113186,11681.649176537021
forecast_8092,2025-12-04 04:00:00,15019.896429861003,17248.783494372718,11489.080703951808
forecast_8093,2025-12-04 05:00:00,15393.480678299617,17111.16966722289,13273.46100840817
forecast_8094,2025-12-04 06:00:00,16264.990930080277,17441.824681394188,13972.920107037415
forecast_8095,2025-12-04 07:00:00,16759.33591400728,17794.613347577957,13887.73428930359
forecast_8096,2025-12-04 08:00:00,16606.32773886713,18074.54012144095,13390.921467013315
forecast_8097,2025-12-04 09:00:00,15807.473832045755,17691.777756318523,12249.927222465532
forecast_8098,2025-12-04 10:00:00,14069.49256735582,15929.827704599531,11661.629080044782
forecast_8099,2025-12-04 11:00:00,13678.338301308786,15059.018962109834,10789.149790692412
forecast_8100,2025-12-04 12:00:00,13793.88136597134,13354.475333952596,9703.26384507458
forecast_8101,2025-12-04 13:00:00,13548.187205753222,12469.435698601847,9977.676866747026
forecast_8102,2025-12-04 14:00:00,13230.690683114823,12554.89420501507,10145.822867209516
forecast_8103,2025-12-04 15:00:00,13695.222211050052,13127.834234318527,10454.203861116335
forecast_8104,2025-12-04 16:00:00,13384.62105455069,13699.117598373761,10963.607583908186
forecast_8105,2025-12-04 17:00:00,14180.946109134931,14323.369251055474,12351.477229388147
forecast_8106,2025-12-04 18:00:00,15485.278797646044,16579.325073034186,14096.255888734982
forecast_8107,2025-12-04 19:00:00,16231.044751307396,16908.178694875915,14749.718017416242
forecast_8108,2025-12-04 20:00:00,16832.916136728814,16738.132129249472,15041.643178557511
forecast_8109,2025-12-04 21:00:00,16499.251711273027,16603.98310955634,14943.13466047225
forecast_8110,2025-12-04 22:00:00,16959.770266788426,16739.680511491566,13219.510096254216
forecast_8111,2025-12-04 23:00:00,16668.821939956564,17102.77224422349,12615.781530260449
forecast_8112,2025-12-05 00:00:00,16167.081022206165,16370.251718933001,12649.664757556713
forecast_8113,2025-12-05 01:00:00,16295.878884931852,17271.85775815377,12520.59144069701
forecast_8114,2025-12-05 02:00:00,16401.72871508431,15777.417968892665,12628.218612724542
forecast_8115,2025-12-05 03:00:00,15922.953399585962,14823.437384120563,12667.015621660834
forecast_8116,2025-12-05 04:00:00,15580.33376348724,14550.751950451326,12135.525546487992
forecast_8117,2025-12-05 05:00:00,15395.214933752419,15737.717753657995,11033.368877737284
forecast_8118,2025-12-05 06:00:00,15492.565161790397,16723.170506408638,11638.498231246731
forecast_8119,2025-12-05 07:00:00,16608.98248709632,17021.298861135463,10876.679761809779
forecast_8120,2025-12-05 08:00:00,17960.98077610966,17951.069827316318,11528.373480032911
forecast_8121,2025-12-05 09:00:00,16907.8786508368,17268.43640905539,11200.3359482144
forecast_8122,2025-12-05 10:00:00,14423.891420198515,15403.348246101335,9972.855548499014
forecast_8123,2025-12-05 11:00:00,12742.081798223255,14549.358743911092,9496.492281443541
forecast_8124,2025-12-05 12:00:00,12322.633271130526,13944.037078346639,8890.246694263402
forecast_8125,2025-12-05 13:00:00,12615.599030762805,14254.761895588688,9385.677421623843
forecast_8126,2025-12-05 14:00:00,13593.359076050247,14678.012646871088,10620.625369021336
forecast_8127,2025-12-05 15:00:00,15146.101424730838,16569.92661204577,11010.191550552498
forecast_8128,2025-12-05 16:00:00,16146.727122509017,17113.817355606217,12342.811076273736
forecast_8129,2025-12-05 17:00:00,17868.1472961865,17213.427869098334,13443.782559933406
forecast_8130,2025-12-05 18:00:00,18608.289954124597,17509.983812543447,13206.286815763311
forecast_8131,2025-12-05 19:00:00,18256.859376085587,17110.594753704514,11650.89105036372
forecast_8132,2025-12-05 20:00:00,18564.70182182255,16988.147084598626,10939.515796539486
forecast_8133,2025-12-05 21:00:00,18695.58126645576,17214.13639050637,11263.079922662551
forecast_8134,2025-12-05 22:00:00,18336.916779917046,17610.631118639485,11724.072601291815
forecast_8135,2025-12-05 23:00:00,19202.23126207568,17935.166832016093,13223.26673552985
forecast_8136,2025-12-06 00:00:00,20712.89028266349,18908.660445169327,14389.863628126472
forecast_8137,2025-12-06 01:00:00,18688.44149517087,17449.204650633987,12437.358339617898
forecast_8138,2025-12-06 02:00:00,20982.254872622172,19286.69504785282,15006.458317842866
forecast_8139,2025-12-06 03:00:00,20857.958852558422,19197.943265266535,14610.54524860055
forecast_8140,2025-12-06 04:00:00,20437.61301955227,18916.348935670212,14312.513606602919
forecast_8141,2025-12-06 05:00:00,20512.361661624993,19040.23621175024,14295.796904497844
forecast_8142,2025-12-06 06:00:00,20465.787509716756,18753.22354855987,13943.60405890326
forecast_8143,2025-12-06 07:00:00,20175.62059179963,18379.265863343266,13234.511582594756
forecast_8144,2025-12-06 08:00:00,18290.569263706835,17813.31612428289,11917.64335449021
forecast_8145,2025-12-06 09:00:00,17183.085883613014,17156.967014128055,11263.237218586346
forecast_8146,2025-12-06 10:00:00,15555.319911849008,16111.398437741414,10652.700294847866
forecast_8147,2025-12-06 11:00:00,15027.74499001096,15270.46995191605,10529.507227232662
forecast_8148,2025-12-06 12:00:00,15943.077992880853,15570.00420003504,12396.184151701353
forecast_8149,2025-12-06 13:00:00,15819.457622788228,15658.9215388765,12639.380529153237
forecast_8150,2025-12-06 14:00:00,17391.396035860555,16475.932791366395,13229.821547382777
forecast_8151,2025-12-06 15:00:00,18875.64325835979,17693.184547859088,15311.4627637909
forecast_8152,2025-12-06 16:00:00,18639.561957483795,17984.947141694563,14394.291563317642
forecast_8153,2025-12-06 17:00:00,18354.201886130682,18150.215571370176,14569.279232019602
forecast_8154,2025-12-06 18:00:00,18307.084126050107,18134.584904970718,14312.926149951129
forecast_8155,2025-12-06 19:00:00,18900.357564876806,18572.418411961182,14699.168216908574
forecast_8156,2025-12-06 20:00:00,19163.214989177028,18714.87463700774,15000.28656842413
forecast_8157,2025-12-06 21:00:00,19427.394359750637,19099.834910155285,15707.646092076644
forecast_8158,2025-12-06 22:00:00,20129.330851966995,19261.28041425226,15926.127641753272
forecast_8159,2025-12-06 23:00:00,20403.714837109786,19259.747387869076,15873.30943919832
forecast_8160,2025-12-07 00:00:00,20367.729657429914,19361.110559322322,15915.906825636535
forecast_8161,2025-12-07 01:00:00,20142.63585137534,19017.964492393785,15237.262697143999
forecast_8162,2025-12-07 02:00:00,19961.87753663241,19139.274116877365,15045.001641145695
forecast_8163,2025-12-07 03:00:00,20071.728045579173,19215.158849919717,14940.66747716077
forecast_8164,2025-12-07 04:00:00,20262.261392700308,19014.69912048263,14916.283098937236
forecast_8165,2025-12-07 05:00:00,20412.51836270402,19202.786039840652,14763.755426858865
forecast_8166,2025-12-07 06:00:00,20387.783091183155,19219.686741044105,15096.37149766453
forecast_8167,2025-12-07 07:00:00,20398.28082679286,19089.796479654695,14407.612811254143
forecast_8168,2025-12-07 08:00:00,20136.525190019187,18930.869398837636,13703.110172764238
forecast_8169,2025-12-07 09:00:00,19592.257083420263,18503.2676903659,14091.362039187783
forecast_8170,2025-12-07 10:00:00,18535.397351481253,18133.92173397335,14253.028877475153
forecast_8171,2025-12-07 11:00:00,18518.018837842938,17551.159925928016,14932.656175007003
forecast_8172,2025-12-07 12:00:00,17901.386229185428,17115.48213649969,13858.23847392178
forecast_8173,2025-12-07 13:00:00,18098.08846548953,17288.930345917895,13852.649229237175
forecast_8174,2025-12-07 14:00:00,19060.30619433401,17752.888908944813,14220.505074247081
forecast_8175,2025-12-07 15:00:00,19299.762950953456,18018.673227419687,14583.350741313316
forecast_8176,2025-12-07 16:00:00,18887.067542037406,18269.753751258533,14963.123959817596
forecast_8177,2025-12-07 17:00:00,19010.625405840394,18367.750156080718,14806.080548961585
forecast_8178,2025-12-07 18:00:00,19019.78636219809,18666.355202836086,15209.26595628294
forecast_8179,2025-12-07 19:00:00,18924.0264651729,18922.57943696453,15064.832056782785
forecast_8180,2025-12-07 20:00:00,19504.87445036161,19276.87547678279,14974.673930867499
forecast_8181,2025-12-07 21:00:00,19450.464486088487,19174.853981497796,14795.83465596773
forecast_8182,2025-12-07 22:00:00,19212.406545358546,19026.755155769755,13639.583125112602
forecast_8183,2025-12-07 23:00:00,19495.243547228147,18735.375595888447,12584.959813301408
forecast_8184,2025-12-08 00:00:00,18583.94087217085,18012.473560523325,11648.556972513348
forecast_8185,2025-12-08 01:00:00,18439.79414254214,18480.968499521026,13102.794427943169
forecast_8186,2025-12-08 02:00:00,17874.64227131423,17460.93681658537,12908.303640251544
forecast_8187,2025-12-08 03:00:00,17083.461452246036,16058.448041541982,11242.215534272518
forecast_8188,2025-12-08 04:00:00,17020.167735698302,15695.440706225017,11054.891946591679
forecast_8189,2025-12-08 05:00:00,16223.170293635296,15198.351300758743,10527.611159016851
forecast_8190,2025-12-08 06:00:00,14914.983552823347,13881.352938765225,9457.818699680547
forecast_8191,2025-12-08 07:00:00,13860.669190515004,14233.201496839974,9266.051680191526
forecast_8192,2025-12-08 08:00:00,13177.698943475269,13436.097170398882,8829.65663041958
forecast_8193,2025-12-08 09:00:00,12412.750111354788,11899.92906882426,6727.930962126692
forecast_8194,2025-12-08 10:00:00,10661.021327608845,10714.094116255714,6376.710202587145
forecast_8195,2025-12-08 11:00:00,8108.024740672829,7034.514072083967,4329.764916687369
forecast_8196,2025-12-08 12:00:00,6796.781920526474,5487.6609470678095,3608.1480952482943
forecast_8197,2025-12-08 13:00:00,5353.484608569486,4016.6182929754195,2963.3227727300305
forecast_8198,2025-12-08 14:00:00,5398.491620208595,3796.470353221183,2871.9472441080834
forecast_8199,2025-12-08 15:00:00,5368.8350091140155,4123.365125550701,3028.5237598387343
forecast_8200,2025-12-08 16:00:00,6201.729967833206,6205.908682699068,4196.37076128423
forecast_8201,2025-12-08 17:00:00,9411.794948476945,8892.483393517035,6182.077586993693
forecast_8202,2025-12-08 18:00:00,12119.213091303061,11775.83615203022,8631.66893289995
forecast_8203,2025-12-08 19:00:00,14227.685215044674,14221.093456862845,9129.398073981145
forecast_8204,2025-12-08 20:00:00,15485.003856634281,15652.47440563565,10545.990303063294
forecast_8205,2025-12-08 21:00:00,16931.067478180288,16448.088675296527,11579.342684027522
forecast_8206,2025-12-08 22:00:00,17289.869462518713,16706.774500651743,12210.91619318836
forecast_8207,2025-12-08 23:00:00,17166.249772250918,16001.532892949483,11370.692825862265
forecast_8208,2025-12-09 00:00:00,16550.73600407161,16110.432835875417,10822.559372734619
forecast_8209,2025-12-09 01:00:00,13870.399515699344,14357.848201164676,9364.949682308403
forecast_8210,2025-12-09 02:00:00,16357.183915659763,15620.950021992216,11196.07624391305
forecast_8211,2025-12-09 03:00:00,17181.646693456056,16985.905304169904,11619.201628182514
forecast_8212,2025-12-09 04:00:00,17298.06116712312,17471.114461404235,11707.65168406418
forecast_8213,2025-12-09 05:00:00,16980.25030576326,16973.43949980778,11710.134440353686
forecast_8214,2025-12-09 06:00:00,16717.930740711832,16834.436959167484,11567.183605309616
forecast_8215,2025-12-09 07:00:00,17554.162336305355,17590.031719132876,12174.52975946827
forecast_8216,2025-12-09 08:00:00,19017.75433073112,18420.945051467337,12877.94878053732
forecast_8217,2025-12-09 09:00:00,18637.563171292015,18384.44259226817,13516.743278393282
forecast_8218,2025-12-09 10:00:00,15756.138097591851,16695.99357701434,11989.793832802337
forecast_8219,2025-12-09 11:00:00,15125.695387389374,15865.215721231474,12003.079912218818
forecast_8220,2025-12-09 12:00:00,14019.663018715448,15043.08301018,10729.279820631216
forecast_8221,2025-12-09 13:00:00,13723.859258221182,14313.757180352673,10402.011006424518
forecast_8222,2025-12-09 14:00:00,13658.39935354872,13483.524775006643,9933.755539996284
forecast_8223,2025-12-09 15:00:00,13703.338311225718,13894.338006240672,9677.138651919999
forecast_8224,2025-12-09 16:00:00,12723.729040412123,13101.256619400718,8597.370260625521
forecast_8225,2025-12-09 17:00:00,12711.439259500125,12712.76858520963,8583.400944465217
forecast_8226,2025-12-09 18:00:00,13762.092840882164,13688.252639975513,9434.991235632462
forecast_8227,2025-12-09 19:00:00,13540.387385435708,14328.142895620818,9347.919647503877
forecast_8228,2025-12-09 20:00:00,14009.677349205695,14180.068507318898,9433.529959681677
forecast_8229,2025-12-09 21:00:00,14009.648775154701,13744.657512564718,8933.256409887086
forecast_8230,2025-12-09 22:00:00,13929.233500119117,13406.13729324319,8636.756878126544
forecast_8231,2025-12-09 23:00:00,12050.423924106623,12428.068685136484,8111.388866100413
forecast_8232,2025-12-10 00:00:00,11355.649267671834,11250.16919489531,7568.905993801898
forecast_8233,2025-12-10 01:00:00,9656.973254919549,9238.3413123726,7018.4094195467815
forecast_8234,2025-12-10 02:00:00,9923.647044728217,10588.216991677533,7849.680965940105
forecast_8235,2025-12-10 03:00:00,13260.326614366368,13825.181736878509,8898.738090080347
forecast_8236,2025-12-10 04:00:00,13801.142944646008,13654.87837941936,8693.981458584127
forecast_8237,2025-12-10 05:00:00,13388.130002681444,13823.710207706776,8767.473547316804
forecast_8238,2025-12-10 06:00:00,12963.109663529855,13967.261597394941,8826.71814576644
forecast_8239,2025-12-10 07:00:00,13368.779610509435,14309.242839568024,8949.044491068698
forecast_8240,2025-12-10 08:00:00,13583.358867583816,14137.94883219299,8981.771055560614
forecast_8241,2025-12-10 09:00:00,13080.072062176312,14225.014485079766,9099.45551361397
forecast_8242,2025-12-10 10:00:00,12571.482566671466,13198.794025762645,9384.905376229364
forecast_8243,2025-12-10 11:00:00,11668.7821180911,13323.689969919975,9151.00367037583
forecast_8244,2025-12-10 12:00:00,12717.624136659586,12736.073944242104,9778.878799712851
forecast_8245,2025-12-10 13:00:00,11789.067713056962,12622.663513635764,9136.286079852505
forecast_8246,2025-12-10 14:00:00,10960.792467621264,11653.985699289877,8188.388350849371
forecast_8247,2025-12-10 15:00:00,8746.577844203648,8763.644976891159,6420.476683009022
forecast_8248,2025-12-10 16:00:00,7032.234534146458,6691.572683501901,4822.310061198141
forecast_8249,2025-12-10 17:00:00,7255.88885144041,7229.831247430179,4808.158179833206
forecast_8250,2025-12-10 18:00:00,7197.93556684095,7516.254993662957,4223.2200384141615
forecast_8251,2025-12-10 19:00:00,7929.240673287289,8548.860525001817,4485.558006853629
forecast_8252,2025-12-10 20:00:00,8355.81475267551,10203.865802068045,5320.974093893161
forecast_8253,2025-12-10 21:00:00,10405.068913499383,12103.264557058155,6187.798264853155
forecast_8254,2025-12-10 22:00:00,12249.715780839522,14828.015908482073,9587.917172039277
forecast_8255,2025-12-10 23:00:00,13724.689867077816,15007.489544729973,10596.20597813076
forecast_8256,2025-12-11 00:00:00,13364.628766449992,13828.332676385593,9460.081960433914
forecast_8257,2025-12-11 01:00:00,17877.993638726817,17531.64233398544,13150.588501801421
forecast_8258,2025-12-11 02:00:00,17546.400710435428,17886.08022212754,12217.100063353157
forecast_8259,2025-12-11 03:00:00,18552.62173219834,18998.916474503327,13833.870688543386
forecast_8260,2025-12-11 04:00:00,20052.01132389698,19460.58330534488,15914.838470080276
forecast_8261,2025-12-11 05:00:00,20113.21956353671,19619.638813321202,16638.563335891566
forecast_8262,2025-12-11 06:00:00,19071.255338782314,19467.942421344476,16134.343003641283
forecast_8263,2025-12-11 07:00:00,18424.17271270961,18991.62609946495,14771.503850954226
forecast_8264,2025-12-11 08:00:00,17580.344991240716,17561.213166728376,13373.789237106672
forecast_8265,2025-12-11 09:00:00,16335.214332751739,16709.35693534066,12468.830487780167
forecast_8266,2025-12-11 10:00:00,16845.641224344807,17201.256134392836,13129.601808266752
forecast_8267,2025-12-11 11:00:00,18222.154781053494,17750.611003521997,13466.609880979873
forecast_8268,2025-12-11 12:00:00,17541.626490267743,15643.567278683466,12637.383369720968
forecast_8269,2025-12-11 13:00:00,13637.867642480205,12770.721973671965,8821.321638999263
forecast_8270,2025-12-11 14:00:00,12860.855178809223,11149.373197776049,7716.94764183521
forecast_8271,2025-12-11 15:00:00,12669.127688992974,11554.629906971324,7807.350088452326
forecast_8272,2025-12-11 16:00:00,13475.896246690292,11976.120136163994,7987.335874884734
forecast_8273,2025-12-11 17:00:00,14062.177610997107,12514.141240437319,9462.333884084255
forecast_8274,2025-12-11 18:00:00,14502.608442280121,13310.254418074039,10351.560108634028
forecast_8275,2025-12-11 19:00:00,12826.152365314174,11647.766602759484,7135.180428462871
forecast_8276,2025-12-11 20:00:00,12023.179749186773,9397.350131516392,4974.508801895549
forecast_8277,2025-12-11 21:00:00,5659.912411136705,5152.161872415882,3481.5533713100967
forecast_8278,2025-12-11 22:00:00,3240.324138877095,3529.814288748447,1630.1185381192895
forecast_8279,2025-12-11 23:00:00,2874.1664493579756,3315.468279343566,1658.9393573710418
forecast_8280,2025-12-12 00:00:00,2308.37831809175,2439.820818205003,1246.576580258795
forecast_8281,2025-12-12 01:00:00,730.6167355441092,873.200364642624,727.1543398993745
forecast_8282,2025-12-12 02:00:00,692.6386386691061,1025.9902799495942,581.5182525923254
forecast_8283,2025-12-12 03:00:00,694.9183347815041,975.7684363252068,519.5347954522485
forecast_8284,2025-12-12 04:00:00,663.1246036292266,1010.146922706075,540.9153487973442
forecast_8285,2025-12-12 05:00:00,649.9324000396858,896.3908197015554,574.2505056701159
forecast_8286,2025-12-12 06:00:00,585.7560467991773,928.0152445044922,530.1224637370028
forecast_8287,2025-12-12 07:00:00,795.4113983993933,1149.4265661798624,567.4085424230874
forecast_8288,2025-12-12 08:00:00,739.5106857295086,1080.7795367997285,641.8325330957468
forecast_8289,2025-12-12 09:00:00,817.7835514245347,1128.9238433572978,566.318863053875
forecast_8290,2025-12-12 10:00:00,930.2631053049661,707.9055432050627,378.9495467053078
forecast_8291,2025-12-12 11:00:00,767.655978589218,625.9468537733048,428.37966011245095
forecast_8292,2025-12-12 12:00:00,466.5358357076667,435.5390260610279,268.63169299511577
forecast_8293,2025-12-12 13:00:00,277.7945724129287,318.88158323584815,203.26242537845005
forecast_8294,2025-12-12 14:00:00,217.3023635114192,226.75577903269644,143.95430267517781
forecast_8295,2025-12-12 15:00:00,267.5432297220926,231.37264477432245,133.82298939437476
forecast_8296,2025-12-12 16:00:00,469.9347356096334,499.74868544305446,247.76279901733287
forecast_8297,2025-12-12 17:00:00,851.2567416289638,762.0220242330541,340.4357156717728
forecast_8298,2025-12-12 18:00:00,1226.5755889134796,1027.1445993584105,361.4374999956513
forecast_8299,2025-12-12 19:00:00,1385.0589820875693,1033.5168498351518,391.91933510779853
forecast_8300,2025-12-12 20:00:00,1473.5199592097276,1159.8545507457789,434.4791858511469
forecast_8301,2025-12-12 21:00:00,1871.093466359894,1760.3940950792605,682.9901510904942
forecast_8302,2025-12-12 22:00:00,2111.7813766138215,2022.7981972559821,602.7219625919897
forecast_8303,2025-12-12 23:00:00,2214.885157160599,2297.277408203473,853.3341235639886
forecast_8304,2025-12-13 00:00:00,2871.4573623544434,2785.1992280957948,1110.8560267417465
forecast_8305,2025-12-13 01:00:00,2271.3223549034874,2285.7135441464807,861.629492976118
forecast_8306,2025-12-13 02:00:00,2740.6326380735613,3074.758813551069,1955.1263941440204
forecast_8307,2025-12-13 03:00:00,2635.688877302444,2500.752698895042,1394.0952704504916
forecast_8308,2025-12-13 04:00:00,4110.035607999131,4113.864020840716,2788.6378571611053
forecast_8309,2025-12-13 05:00:00,4002.193801018951,3899.2555114786724,2161.588584654025
forecast_8310,2025-12-13 06:00:00,4369.849767177302,4459.050867773374,2735.4032798777107
forecast_8311,2025-12-13 07:00:00,4916.507615108251,4778.0802110447385,2961.7196753500552
forecast_8312,2025-12-13 08:00:00,5569.037372980109,6279.434621248019,2827.905583328959
forecast_8313,2025-12-13 09:00:00,3561.6835812916133,3883.334878516447,2109.329478940101
forecast_8314,2025-12-13 10:00:00,2276.5155089495465,2130.742622176466,1132.7602567594338
forecast_8315,2025-12-13 11:00:00,2040.3544868603096,1683.2165714931457,1146.9313663290882
forecast_8316,2025-12-13 12:00:00,1946.249865400529,1758.8443172260565,1236.7939211851642
forecast_8317,2025-12-13 13:00:00,1255.1873806566944,1470.5881254222998,789.3840386492741
forecast_8318,2025-12-13 14:00:00,1326.757430690502,1396.300514190222,757.651953079633
forecast_8319,2025-12-13 15:00:00,1261.3611491424147,1146.9477383419196,542.1066411500506
forecast_8320,2025-12-13 16:00:00,1649.474250794549,1443.7458297501953,586.0707457413339
forecast_8321,2025-12-13 17:00:00,2134.3774508957695,1746.1616449284124,871.8913570521665
forecast_8322,2025-12-13 18:00:00,2965.121223032519,3089.0734490743594,896.5371927792688
forecast_8323,2025-12-13 19:00:00,3404.329064905981,3846.337735302238,911.3828507163716
forecast_8324,2025-12-13 20:00:00,4055.284442905656,4959.554607913781,1247.5659616664022
forecast_8325,2025-12-13 21:00:00,4946.955008335856,5749.006079387125,2987.1083968845896
forecast_8326,2025-12-13 22:00:00,7612.71723138319,7696.10815510386,5132.58391580616
forecast_8327,2025-12-13 23:00:00,7932.17272821839,9156.412210173572,5497.711213323607
forecast_8328,2025-12-14 00:00:00,10279.091662510591,10107.999013649653,7686.11770360985
forecast_8329,2025-12-14 01:00:00,14537.678694728718,13475.1209162726,9870.414592369585
forecast_8330,2025-12-14 02:00:00,14965.165626380181,14128.271259840156,10243.984925553526
forecast_8331,2025-12-14 03:00:00,14625.808144135568,13795.413094352698,10256.590437732344
forecast_8332,2025-12-14 04:00:00,14616.806341496866,13223.600598861714,10655.665318720028
forecast_8333,2025-12-14 05:00:00,15708.275892769567,15423.04095767679,12113.696248157958
forecast_8334,2025-12-14 06:00:00,15838.590565765468,15868.333003949963,10768.739706933386
forecast_8335,2025-12-14 07:00:00,15956.925899164262,15565.59059673466,10716.24491973039
forecast_8336,2025-12-14 08:00:00,16154.972752483909,15039.565065757062,11971.286660742766
forecast_8337,2025-12-14 09:00:00,15610.883671742271,15959.669245050478,11881.219247089473
forecast_8338,2025-12-14 10:00:00,14546.030686235896,14660.648700687414,11171.191719689215
forecast_8339,2025-12-14 11:00:00,14508.429893448118,14329.571287380295,11016.982048785645
forecast_8340,2025-12-14 12:00:00,13703.541749614895,14051.179695450775,11000.97695788519
forecast_8341,2025-12-14 13:00:00,12644.620494216151,12853.879303299838,9623.751102413104
forecast_8342,2025-12-14 14:00:00,11814.58246656137,11360.73154878796,8374.691424013545
forecast_8343,2025-12-14 15:00:00,11417.746602106568,11258.957117600768,8478.607583492425
forecast_8344,2025-12-14 16:00:00,11756.353677488576,11776.588331990224,8894.577637414932
forecast_8345,2025-12-14 17:00:00,12817.91405906404,13083.652427920313,9666.586948528
forecast_8346,2025-12-14 18:00:00,13966.47284936292,14073.780415680441,10821.9135510148
forecast_8347,2025-12-14 19:00:00,14811.92154848326,14700.932896898361,10784.238313970909
forecast_8348,2025-12-14 20:00:00,15003.005992576285,14480.283097054084,11309.716370192868
forecast_8349,2025-12-14 21:00:00,14797.853993038536,14827.420600092033,10186.09458278264
forecast_8350,2025-12-14 22:00:00,14333.0602631261,14028.425720659734,10259.97932237863
forecast_8351,2025-12-14 23:00:00,14443.727547841,15292.08031049092,9884.671372705026
forecast_8352,2025-12-15 00:00:00,16279.031417306089,16619.506874453986,11834.534270724997
forecast_8353,2025-12-15 01:00:00,17124.58236370373,16930.41617357604,12627.95446205151
forecast_8354,2025-12-15 02:00:00,18070.00697711024,17667.674113471952,13069.962659871744
forecast_8355,2025-12-15 03:00:00,18068.748963019836,18131.54701222291,12874.518634575756
forecast_8356,2025-12-15 04:00:00,18442.58546020392,18166.536989765358,13175.926936088135
forecast_8357,2025-12-15 05:00:00,18536.38449902911,18308.211659772773,13386.658805910798
forecast_8358,2025-12-15 06:00:00,19002.391902639232,18254.119449109552,13284.003397297998
forecast_8359,2025-12-15 07:00:00,18577.199423273196,17779.51413625335,12781.065010139377
forecast_8360,2025-12-15 08:00:00,17401.673965612474,17316.10249723889,11399.798275393507
forecast_8361,2025-12-15 09:00:00,16997.01487339923,16658.2258858838,10639.322887878445
forecast_8362,2025-12-15 10:00:00,15203.176350954058,15397.721412144461,10666.509802383158
forecast_8363,2025-12-15 11:00:00,13959.067118215906,14277.071470259692,10093.638919196557
forecast_8364,2025-12-15 12:00:00,11429.678232520708,12202.359988918779,8354.037990363124
forecast_8365,2025-12-15 13:00:00,9650.607176047397,10411.241620432818,7646.524159138117
forecast_8366,2025-12-15 14:00:00,11178.389530574137,10941.559931241982,9225.571938956607
forecast_8367,2025-12-15 15:00:00,13496.019412044481,13574.697488947992,10224.963031707668
forecast_8368,2025-12-15 16:00:00,14874.44819985932,14467.777355674194,10590.867344887727
forecast_8369,2025-12-15 17:00:00,16781.96018365695,15650.702335857619,11951.648194939642
forecast_8370,2025-12-15 18:00:00,17987.215829692326,17426.433413297982,12889.506864093084
forecast_8371,2025-12-15 19:00:00,19179.165426384232,18675.649949570732,14303.354561150332
forecast_8372,2025-12-15 20:00:00,19470.937742852493,18436.863398862406,14378.778709064716
forecast_8373,2025-12-15 21:00:00,18835.965631839248,17865.41449872502,14215.561401195597
forecast_8374,2025-12-15 22:00:00,18331.33928049367,17412.767128213683,13460.68906480248
forecast_8375,2025-12-15 23:00:00,16797.00757404947,15966.650044522681,11818.447070498076
forecast_8376,2025-12-16 00:00:00,14130.08453640044,14603.60436878851,9811.181844759807
forecast_8377,2025-12-16 01:00:00,17233.745891637136,16230.183742006184,12139.817543542236
forecast_8378,2025-12-16 02:00:00,15167.01626699469,15277.223641697907,11231.173402247881
forecast_8379,2025-12-16 03:00:00,13104.696185953224,14007.930610952484,9658.490263787271
forecast_8380,2025-12-16 04:00:00,12008.500734132716,13324.782850872598,8255.347211720362
forecast_8381,2025-12-16 05:00:00,12214.826148443299,13089.283872594246,8582.660722141583
forecast_8382,2025-12-16 06:00:00,10855.731935982074,12655.934065589865,7923.061618444259
forecast_8383,2025-12-16 07:00:00,11280.925352433322,12518.212686685578,8525.26705724118
forecast_8384,2025-12-16 08:00:00,10816.600320211068,11470.975022601255,7776.745985760869
forecast_8385,2025-12-16 09:00:00,11096.593823964911,12011.095324881144,8472.703867668673
forecast_8386,2025-12-16 10:00:00,10625.656028034895,10479.199998444725,7957.538844018164
forecast_8387,2025-12-16 11:00:00,10672.474404502389,11736.223155642474,8039.466385821865
forecast_8388,2025-12-16 12:00:00,10968.349665750406,11445.201323065769,8709.63894501174
forecast_8389,2025-12-16 13:00:00,11683.00520950622,12615.914752878023,8899.440314283716
forecast_8390,2025-12-16 14:00:00,12199.89519830332,12969.910176804413,9020.446780845921
forecast_8391,2025-12-16 15:00:00,11377.434130873378,11554.751539549841,8293.882423324427
forecast_8392,2025-12-16 16:00:00,10928.448281326659,11929.333734631671,7888.1012910560485
forecast_8393,2025-12-16 17:00:00,9137.766527538612,9801.439153756448,6943.300823871853
forecast_8394,2025-12-16 18:00:00,8843.501972756269,8845.013230724724,6536.243946432953
forecast_8395,2025-12-16 19:00:00,8109.190963672073,8550.627957447814,6676.3478125225465
forecast_8396,2025-12-16 20:00:00,7753.434832633998,8365.473153247,6548.239146882159
forecast_8397,2025-12-16 21:00:00,7907.691832608079,9510.288602351624,6223.6243522288
forecast_8398,2025-12-16 22:00:00,6713.693301140819,7432.714247942649,4994.132788554018
forecast_8399,2025-12-16 23:00:00,6233.163635834358,7287.239696471137,5535.905581227424
forecast_8400,2025-12-17 00:00:00,7361.8816789480015,8124.186435512257,4881.860346387494
forecast_8401,2025-12-17 01:00:00,8255.429498757952,9723.2153632384,6515.115517368687
forecast_8402,2025-12-17 02:00:00,8851.850664173211,9859.720078929467,6461.013808894763
forecast_8403,2025-12-17 03:00:00,8520.140612052164,9220.924836175993,6032.028790940761
forecast_8404,2025-12-17 04:00:00,8020.434248856954,8373.615690551062,5558.679458243977
forecast_8405,2025-12-17 05:00:00,7856.69706635151,8069.9859714208,5010.658510938378
forecast_8406,2025-12-17 06:00:00,7358.0081248231245,7838.538406060376,4806.730354216743
forecast_8407,2025-12-17 07:00:00,7999.529034386235,7827.269507095522,5070.298631547583
forecast_8408,2025-12-17 08:00:00,7921.87151346662,7404.466004647941,4563.501434484204
forecast_8409,2025-12-17 09:00:00,7172.689360894548,6132.201520728948,3865.6306940361706
forecast_8410,2025-12-17 10:00:00,6046.278396289849,5110.743221234445,3131.3876606143767
forecast_8411,2025-12-17 11:00:00,7052.262238176925,5529.31464517448,3724.174018241641
forecast_8412,2025-12-17 12:00:00,6053.246263367809,4918.837727962372,3368.5920522105052
forecast_8413,2025-12-17 13:00:00,5589.952681623451,4347.645054193771,3345.4537542881985
forecast_8414,2025-12-17 14:00:00,5391.173542557384,3594.957074192869,2737.6977071914002
forecast_8415,2025-12-17 15:00:00,3803.2200676143984,2917.2160019988105,1840.292588029755
forecast_8416,2025-12-17 16:00:00,3123.2759765328456,2095.8531352058985,1337.9659384758072
forecast_8417,2025-12-17 17:00:00,3402.540134194352,3193.956090334392,2142.011697289581
forecast_8418,2025-12-17 18:00:00,5401.357078244114,4596.229866280666,2982.645527561704
forecast_8419,2025-12-17 19:00:00,6052.9509710047305,4646.639139078097,2997.54361931551
forecast_8420,2025-12-17 20:00:00,6057.8067481661865,4469.174884405395,3326.438083726908
forecast_8421,2025-12-17 21:00:00,6143.3686648384755,5156.76798481978,3342.331063882032
forecast_8422,2025-12-17 22:00:00,6921.858857513398,6209.80722522071,4006.578090546098
forecast_8423,2025-12-17 23:00:00,6529.821617299241,6231.022576597278,4490.58890664607
forecast_8424,2025-12-18 00:00:00,7652.159981154794,6524.96337413176,4686.4937282714545
forecast_8425,2025-12-18 01:00:00,12643.81111245406,12325.336601780418,8976.397069582074
forecast_8426,2025-12-18 02:00:00,13695.336703156097,14266.47069210178,9595.818057814175
forecast_8427,2025-12-18 03:00:00,14323.649707026085,14709.177577511484,9647.24387997278
forecast_8428,2025-12-18 04:00:00,14798.41950324746,14041.554316573076,9305.177431330101
forecast_8429,2025-12-18 05:00:00,14472.921264120385,14077.339164959498,9671.723900887819
forecast_8430,2025-12-18 06:00:00,13948.056781748672,13778.13451585837,9414.434030172484
forecast_8431,2025-12-18 07:00:00,12244.905056828035,12740.863698701874,8767.874341091712
forecast_8432,2025-12-18 08:00:00,10652.87855636922,10020.046455671061,7553.742740894317
forecast_8433,2025-12-18 09:00:00,8230.491132061381,7843.2123152748845,4901.353963952115
forecast_8434,2025-12-18 10:00:00,6197.172102461873,5712.216469418486,3830.503132885535
forecast_8435,2025-12-18 11:00:00,5890.521475993823,5596.298636485298,3268.576614243637
forecast_8436,2025-12-18 12:00:00,4682.06764660001,4291.199104308682,2523.7839088724972
forecast_8437,2025-12-18 13:00:00,4005.0497021958963,4131.838177130515,2537.9495123647794
forecast_8438,2025-12-18 14:00:00,3968.0609637866987,3631.490989463384,2702.3689141240407
forecast_8439,2025-12-18 15:00:00,4069.557040926984,4180.8523077491445,2688.2150620539596
forecast_8440,2025-12-18 16:00:00,4364.455637495937,4686.969400742684,2339.6202856393056
forecast_8441,2025-12-18 17:00:00,4863.056867110609,4398.8380513529755,2484.2360541561034
forecast_8442,2025-12-18 18:00:00,4812.068955758132,4637.4979816228015,3281.7503035114655
forecast_8443,2025-12-18 19:00:00,4879.198394870982,5230.766238191143,3409.919991563071
forecast_8444,2025-12-18 20:00:00,5024.548430330717,5463.615040531952,3183.0091969368023
forecast_8445,2025-12-18 21:00:00,6347.875436668209,6344.930735221479,3556.206998843624
forecast_8446,2025-12-18 22:00:00,8047.105368640646,8517.149851596823,4877.003160506796
forecast_8447,2025-12-18 23:00:00,10784.986531079536,10654.038373614727,6487.304308528478
forecast_8448,2025-12-19 00:00:00,12029.743955768263,12532.436471224635,7557.92741325111
forecast_8449,2025-12-19 01:00:00,15428.690111061416,15665.740944789595,11562.241043298536
forecast_8450,2025-12-19 02:00:00,16598.880012881727,15929.193300796594,12070.478254311753
forecast_8451,2025-12-19 03:00:00,16343.698938999869,16051.93502556046,11079.347679816803
forecast_8452,2025-12-19 04:00:00,14990.834906605854,15138.45189021577,10007.737053514078
forecast_8453,2025-12-19 05:00:00,14856.565190438672,14469.220089172126,10229.592680513646
forecast_8454,2025-12-19 06:00:00,15045.141560532405,15341.290537591432,11370.351786585281
forecast_8455,2025-12-19 07:00:00,17230.709385127502,16567.59506639054,11920.540501240068
forecast_8456,2025-12-19 08:00:00,16285.084828077564,16774.95212624683,11574.384436293432
forecast_8457,2025-12-19 09:00:00,16195.149253312404,16642.83324183103,12309.163515343633
forecast_8458,2025-12-19 10:00:00,15704.386866180916,15991.011342683569,11555.685487619576
forecast_8459,2025-12-19 11:00:00,17999.4662524228,16366.948784906357,12269.067081626377
forecast_8460,2025-12-19 12:00:00,18242.493051183268,17122.062916841944,13891.649852261766
forecast_8461,2025-12-19 13:00:00,18537.720260866754,17470.69882215545,14399.507293652601
forecast_8462,2025-12-19 14:00:00,18580.50233950792,17086.96870342349,14657.343244765596
forecast_8463,2025-12-19 15:00:00,19134.236895206617,17131.31230300655,14786.903884731119
forecast_8464,2025-12-19 16:00:00,18863.777449097204,17924.65285181542,15016.526875405114
forecast_8465,2025-12-19 17:00:00,17862.193853922607,17349.828902336656,14184.825824697793
forecast_8466,2025-12-19 18:00:00,16419.174738856604,16752.10257274724,14120.49952507185
forecast_8467,2025-12-19 19:00:00,16082.273973685955,16904.116454722345,13965.259231786391
forecast_8468,2025-12-19 20:00:00,16266.001528461991,16302.49855600977,13804.416409661477
forecast_8469,2025-12-19 21:00:00,16287.335192114115,16531.139994781344,13743.164569070617
forecast_8470,2025-12-19 22:00:00,15959.389218255801,17111.364658976854,13182.201666362853
forecast_8471,2025-12-19 23:00:00,15797.152654802145,16955.38491073049,13218.289130879377
forecast_8472,2025-12-20 00:00:00,14693.716066447421,16667.973487171566,13005.002836298234
forecast_8473,2025-12-20 01:00:00,14089.421154414107,15660.252258361044,10985.933501515228
forecast_8474,2025-12-20 02:00:00,12528.840027295622,14059.222625121394,9311.220720334324
forecast_8475,2025-12-20 03:00:00,11620.851860952675,13692.12681781613,7844.608492009992
forecast_8476,2025-12-20 04:00:00,12724.876204773303,14201.977681612874,8631.765826800245
forecast_8477,2025-12-20 05:00:00,12444.055489194994,14273.02980432074,9914.970960184964
forecast_8478,2025-12-20 06:00:00,12849.546664606587,14410.285016860074,9788.562637004023
forecast_8479,2025-12-20 07:00:00,12549.18075677297,14883.95728773526,10705.166607511273
forecast_8480,2025-12-20 08:00:00,12778.07911631494,14194.741913739936,10707.225443953215
forecast_8481,2025-12-20 09:00:00,12113.950560820917,13524.465025005948,10352.629471200717
forecast_8482,2025-12-20 10:00:00,12177.755580002171,14020.863579818699,10314.6578713726
forecast_8483,2025-12-20 11:00:00,11905.961800192315,13990.368104408864,11002.904680852225
forecast_8484,2025-12-20 12:00:00,12020.453037068886,14221.6108564643,11820.879473898856
forecast_8485,2025-12-20 13:00:00,12777.39075127691,14932.865835097176,12326.710070783662
forecast_8486,2025-12-20 14:00:00,13501.206590757314,14457.957428488508,12061.685981445955
forecast_8487,2025-12-20 15:00:00,11921.585262360188,12617.645281807998,9751.55178859509
forecast_8488,2025-12-20 16:00:00,11947.075727514972,11868.910768474845,8911.061405767608
forecast_8489,2025-12-20 17:00:00,12343.698336990738,12020.325130061312,9123.664847716245
forecast_8490,2025-12-20 18:00:00,11693.63762467521,11655.96742502266,9818.64301441935
forecast_8491,2025-12-20 19:00:00,10856.32526376362,11664.920679210441,9095.632242760496
forecast_8492,2025-12-20 20:00:00,10682.427498424875,11324.357242928001,8281.071768901642
forecast_8493,2025-12-20 21:00:00,9281.37121267933,9572.734735879098,6931.498026747382
forecast_8494,2025-12-20 22:00:00,10203.086871167892,10268.81018246754,7569.054201782316
forecast_8495,2025-12-20 23:00:00,13900.733515806874,12973.512078379956,9964.481130903912
forecast_8496,2025-12-21 00:00:00,15193.66002472688,15710.573622163172,10345.800478670642
forecast_8497,2025-12-21 01:00:00,18864.271033155444,18384.807204263594,12570.266688029102
forecast_8498,2025-12-21 02:00:00,19315.36242326809,18453.80515006741,12013.812159286357
forecast_8499,2025-12-21 03:00:00,18577.83729347208,18698.923337313892,12587.57518977512
forecast_8500,2025-12-21 04:00:00,17604.25731840452,18281.05110178394,12502.325927438853
forecast_8501,2025-12-21 05:00:00,17016.31477472645,17452.778359398933,12039.740934694924
forecast_8502,2025-12-21 06:00:00,17290.45391240348,17403.46153380336,11763.181777353315
forecast_8503,2025-12-21 07:00:00,17434.63197930978,17375.82541711917,11362.17547417313
forecast_8504,2025-12-21 08:00:00,17026.02555140361,17337.116463360115,11218.168019671732
forecast_8505,2025-12-21 09:00:00,15640.876030385429,15454.658119435036,10431.846281609352
forecast_8506,2025-12-21 10:00:00,14569.416779581203,15456.249004144376,9638.760732876726
forecast_8507,2025-12-21 11:00:00,13834.703418668094,14195.246162404119,7656.904609988384
forecast_8508,2025-12-21 12:00:00,13502.574150973194,12657.911920250566,7344.790264104357
forecast_8509,2025-12-21 13:00:00,12033.146526613664,11306.676104033291,5892.613265761027
forecast_8510,2025-12-21 14:00:00,10182.681562471864,10466.364785619246,5327.22504043412
forecast_8511,2025-12-21 15:00:00,8855.589946417907,8143.68349353702,4721.64985643166
forecast_8512,2025-12-21 16:00:00,7044.477586659161,6443.290920769038,3980.4874949904347
forecast_8513,2025-12-21 17:00:00,6765.426677405175,5688.496587628487,3202.7754729996486
forecast_8514,2025-12-21 18:00:00,6199.1259790012,4874.92358700284,3369.7885747725895
forecast_8515,2025-12-21 19:00:00,5460.282149348283,3699.308444624204,3017.7740637564348
forecast_8516,2025-12-21 20:00:00,5399.98982592099,3680.225022945525,2941.17624210581
forecast_8517,2025-12-21 21:00:00,3807.3923993736603,2493.157839211637,2442.19936647204
forecast_8518,2025-12-21 22:00:00,2403.250148286498,1673.061113165457,2086.263771782538
forecast_8519,2025-12-21 23:00:00,1944.6098383921758,1455.875555778653,1932.5184815792197
forecast_8520,2025-12-22 00:00:00,1530.0895659264286,1221.025061228216,1064.7749278571214
forecast_8521,2025-12-22 01:00:00,2387.2423327460947,1679.001409046155,1431.1474859792359
forecast_8522,2025-12-22 02:00:00,1642.3012829228842,1132.469845616374,910.3085826409119
forecast_8523,2025-12-22 03:00:00,962.8974975840227,880.1344862931333,500.21798126309153
forecast_8524,2025-12-22 04:00:00,741.6552788695769,680.9658329145933,296.2608576819218
forecast_8525,2025-12-22 05:00:00,774.0887755803448,600.4728846782368,149.60438160638273
forecast_8526,2025-12-22 06:00:00,861.7915176238241,769.2199875661147,288.7664094468447
forecast_8527,2025-12-22 07:00:00,824.6700568520408,787.4730377869433,134.5470798891864
forecast_8528,2025-12-22 08:00:00,866.1699586744717,636.6300941445633,126.02424504332865
forecast_8529,2025-12-22 09:00:00,689.5375587069273,508.31556105963983,110.9165841981146
forecast_8530,2025-12-22 10:00:00,372.3556477751597,354.7081164122392,134.70340402894024
forecast_8531,2025-12-22 11:00:00,244.6291670796246,297.4755907405111,138.2660272851266
forecast_8532,2025-12-22 12:00:00,370.7678163277113,343.02055853173204,170.5954645359535
forecast_8533,2025-12-22 13:00:00,227.52902241738022,250.99141115858123,139.948021055369
forecast_8534,2025-12-22 14:00:00,181.42859282130513,215.3637998441828,126.02260204519193
forecast_8535,2025-12-22 15:00:00,233.49687660200033,292.02311847864024,139.3404476228336
forecast_8536,2025-12-22 16:00:00,439.4454961620869,416.63647109560094,162.01538754238538
forecast_8537,2025-12-22 17:00:00,679.4645175205889,714.6902310083975,228.0573825554945
forecast_8538,2025-12-22 18:00:00,927.2366152584592,841.6597896568185,278.17339653354605
forecast_8539,2025-12-22 19:00:00,997.4869665119542,850.1716431518763,298.32018624421363
forecast_8540,2025-12-22 20:00:00,1287.4423864788223,867.0193957733908,336.65637092402505
forecast_8541,2025-12-22 21:00:00,1458.3416911166069,1154.0986834077437,507.7013837121717
forecast_8542,2025-12-22 22:00:00,2187.954577932889,2049.613127675279,883.6412091441753
forecast_8543,2025-12-22 23:00:00,1892.2111152160553,1640.060246571391,702.189975545144
forecast_8544,2025-12-23 00:00:00,1967.7260297989144,2269.071064223913,899.0139572886312
forecast_8545,2025-12-23 01:00:00,3536.7572010271524,3613.907786652388,1524.530633389979
forecast_8546,2025-12-23 02:00:00,4376.857155620205,4161.12011646521,1648.8335876363585
forecast_8547,2025-12-23 03:00:00,4718.468610734232,4742.594987702059,2060.2734413109843
forecast_8548,2025-12-23 04:00:00,3677.067408885859,3162.7939815362056,1380.5892860459537
forecast_8549,2025-12-23 05:00:00,4682.068979783494,4391.5936740504185,2107.0733714474895
forecast_8550,2025-12-23 06:00:00,3817.307511659851,4158.86291976956,1873.0556703027983
forecast_8551,2025-12-23 07:00:00,3464.6711645792802,3695.0876123705593,1759.8258502620633
forecast_8552,2025-12-23 08:00:00,3005.6684831152866,3620.004320086201,1348.8521926563842
forecast_8553,2025-12-23 09:00:00,3363.1920243422423,3642.9326734787733,1830.8830605128048
forecast_8554,2025-12-23 10:00:00,5215.63279361292,5738.846374528935,3421.5003984136515
forecast_8555,2025-12-23 11:00:00,4547.727110874081,5404.690543952569,3459.1620713265743
forecast_8556,2025-12-23 12:00:00,5992.971433914851,7271.093842338863,4066.684040290674
forecast_8557,2025-12-23 13:00:00,6078.465026644327,7538.872233607347,4149.490147430461
forecast_8558,2025-12-23 14:00:00,6460.391684506368,8006.161916531769,3873.812867477277
forecast_8559,2025-12-23 15:00:00,6478.0184744828175,7444.43665785938,3695.841005326475
forecast_8560,2025-12-23 16:00:00,5816.885419578523,6264.178071782417,3593.8068875896647
forecast_8561,2025-12-23 17:00:00,5486.473225911897,5975.310169708729,3360.7425189808996
forecast_8562,2025-12-23 18:00:00,6536.726250021321,8127.9979580913105,4136.146868775056
forecast_8563,2025-12-23 19:00:00,6921.577460612615,9066.18117357571,4716.609282633002
forecast_8564,2025-12-23 20:00:00,7853.145813435627,10108.209392648401,5130.382473522185
forecast_8565,2025-12-23 21:00:00,7810.015426130762,9685.218825161459,5095.208132319944
forecast_8566,2025-12-23 22:00:00,9879.067546642025,11016.065219132332,5936.547118401743
forecast_8567,2025-12-23 23:00:00,9023.501532252358,10525.614623478956,5586.314467749438
forecast_8568,2025-12-24 00:00:00,8250.646271025184,9648.083235590644,5895.988556333077
forecast_8569,2025-12-24 01:00:00,7514.174126267443,8496.08696127513,5605.603926827081
forecast_8570,2025-12-24 02:00:00,7156.099912931127,8179.526535497849,5041.014380403156
forecast_8571,2025-12-24 03:00:00,5987.120901485854,5554.181289921111,3590.522960999931
forecast_8572,2025-12-24 04:00:00,5270.5849610219975,5090.211352906745,2290.2273536214893
forecast_8573,2025-12-24 05:00:00,3787.676368735734,3990.6020306782957,1531.7720376388402
forecast_8574,2025-12-24 06:00:00,2331.3478436553055,2488.4417674712317,870.9925602539279
forecast_8575,2025-12-24 07:00:00,1940.2832428468698,1850.00393598388,839.5781667543155
forecast_8576,2025-12-24 08:00:00,1413.9135470830377,1385.4777502146137,873.0595185876118
forecast_8577,2025-12-24 09:00:00,1226.3372667485514,934.6505946281817,674.1690673781158
forecast_8578,2025-12-24 10:00:00,684.0356591837152,625.3232634601561,346.5266992911643
forecast_8579,2025-12-24 11:00:00,468.50830175750224,488.22619414941124,275.7897505349928
forecast_8580,2025-12-24 12:00:00,422.8385548003861,371.6610650536764,279.1805450560985
forecast_8581,2025-12-24 13:00:00,414.5813841348884,413.9257021291555,314.6783602866173
forecast_8582,2025-12-24 14:00:00,369.9244982300919,359.24919694912893,257.8065838791403
forecast_8583,2025-12-24 15:00:00,393.3914081170338,379.7803671355679,280.25336999243444
forecast_8584,2025-12-24 16:00:00,619.5591314751547,583.1597548058622,291.8918653559634
forecast_8585,2025-12-24 17:00:00,613.0127192326203,513.0947535380463,282.6671538106152
forecast_8586,2025-12-24 18:00:00,644.4455216616179,521.0231532206215,245.71095639180817
forecast_8587,2025-12-24 19:00:00,668.8722871875174,561.2518411089146,247.57435658075704
forecast_8588,2025-12-24 20:00:00,659.2151772661668,576.5255532276316,230.56117998530644
forecast_8589,2025-12-24 21:00:00,1374.1098233732605,1005.4339809382192,656.3721614671337
forecast_8590,2025-12-24 22:00:00,1374.7020081032501,1246.033898964808,1083.2373971190286
forecast_8591,2025-12-24 23:00:00,1632.5593762033027,1409.7320971506679,1346.6048614584608
forecast_8592,2025-12-25 00:00:00,1978.503603224303,1579.0996851719422,1272.3385995071708
forecast_8593,2025-12-25 01:00:00,2546.551417214444,2029.6245344608465,1083.6346916036377
forecast_8594,2025-12-25 02:00:00,4634.208495226634,3637.650202652656,2733.6821866658374
forecast_8595,2025-12-25 03:00:00,6153.834806181336,5813.512982421457,3343.1725731396555
forecast_8596,2025-12-25 04:00:00,7357.200456627576,6779.22699122026,5078.664885935577
forecast_8597,2025-12-25 05:00:00,8729.539349961859,9055.970217811117,6322.5288876368095
forecast_8598,2025-12-25 06:00:00,10133.865905992641,10271.250296214579,6131.511545148185
forecast_8599,2025-12-25 07:00:00,10493.774898290452,10835.625141262206,6721.286992348958
forecast_8600,2025-12-25 08:00:00,11365.858108451968,11408.029527405854,7666.313259321455
forecast_8601,2025-12-25 09:00:00,12440.419727662107,12301.561982967922,9641.45561167211
forecast_8602,2025-12-25 10:00:00,13786.404476753449,13986.718920776648,11148.158590519608
forecast_8603,2025-12-25 11:00:00,14524.627578955231,14251.59010405183,10496.053989608152
forecast_8604,2025-12-25 12:00:00,15091.88620423022,13527.008110887591,10381.523130730333
forecast_8605,2025-12-25 13:00:00,15316.99495804756,13884.734819106941,9866.115877473776
forecast_8606,2025-12-25 14:00:00,15560.409907834555,13829.519116269603,9758.451638899884
forecast_8607,2025-12-25 15:00:00,15620.080164597106,14259.656096417857,9854.236465334867
forecast_8608,2025-12-25 16:00:00,15940.058786788386,14797.330894056477,9813.852116383627
forecast_8609,2025-12-25 17:00:00,16103.831159134086,15527.238183004765,10034.556876111803
forecast_8610,2025-12-25 18:00:00,15884.480713352412,15460.110891738834,10066.468750775572
forecast_8611,2025-12-25 19:00:00,16007.054973119599,15174.42130204642,10458.49719759937
forecast_8612,2025-12-25 20:00:00,14056.4860340155,14928.39632756667,11070.883529441535
forecast_8613,2025-12-25 21:00:00,14217.707092135724,15458.437397779571,11703.805386892733
forecast_8614,2025-12-25 22:00:00,14298.576745160964,15190.312778359284,11620.879317424742
forecast_8615,2025-12-25 23:00:00,14378.814222668925,15575.421093418918,11926.327048389488
forecast_8616,2025-12-26 00:00:00,15172.590949921801,16052.340999391408,12432.36910166555
forecast_8617,2025-12-26 01:00:00,15163.312203743568,15887.625611761629,12211.666780174208
forecast_8618,2025-12-26 02:00:00,13678.315066793302,14837.606113611104,11106.643622195137
forecast_8619,2025-12-26 03:00:00,14151.241886615344,16058.881448572407,9181.801639622465
forecast_8620,2025-12-26 04:00:00,14639.600953605912,15646.544461578149,7805.430043800285
forecast_8621,2025-12-26 05:00:00,14345.438109477584,15673.856085033767,7775.725942270914
forecast_8622,2025-12-26 06:00:00,14482.927539891567,15154.76182490209,8101.818127576573
forecast_8623,2025-12-26 07:00:00,13919.831687583497,15717.796959273765,7770.997821623403
forecast_8624,2025-12-26 08:00:00,13311.380521984764,15287.241092411567,7167.6643284777365
forecast_8625,2025-12-26 09:00:00,13377.125089569467,15045.238167228912,7641.721527826628
forecast_8626,2025-12-26 10:00:00,12541.746820945446,13642.55333403121,8688.96494236014
forecast_8627,2025-12-26 11:00:00,11014.014106313773,12381.286860729208,8309.133664476682
forecast_8628,2025-12-26 12:00:00,10447.803881062324,11309.944499138068,7368.688255882688
forecast_8629,2025-12-26 13:00:00,10855.609360617476,11336.480923204483,7703.485691906517
forecast_8630,2025-12-26 14:00:00,10872.420183142422,10954.967724190301,7872.7433976394805
forecast_8631,2025-12-26 15:00:00,11049.45733284151,10914.360515522962,7696.3181670207505
forecast_8632,2025-12-26 16:00:00,11500.6840735698,11248.304816573165,7973.6880294216235
forecast_8633,2025-12-26 17:00:00,13225.551574275549,13243.501126782852,8918.998551560386
forecast_8634,2025-12-26 18:00:00,13667.036816115087,14104.187066366016,11021.010290933864
forecast_8635,2025-12-26 19:00:00,15018.432918868635,15178.404295600765,10281.933086379147
forecast_8636,2025-12-26 20:00:00,15612.397483836005,15337.144486601564,9692.205331735011
forecast_8637,2025-12-26 21:00:00,16499.53900430167,16649.13866908639,11685.393720455335
forecast_8638,2025-12-26 22:00:00,18159.822724348425,17561.81461807695,12719.301425517486
forecast_8639,2025-12-26 23:00:00,17986.119769453107,17682.37792233877,12148.224657663459
forecast_8640,2025-12-27 00:00:00,18132.737390770926,17696.81636131412,11711.911883937519
forecast_8641,2025-12-27 01:00:00,17655.675120862652,18029.61460156757,11486.445181085983
forecast_8642,2025-12-27 02:00:00,16825.26963619066,17510.371023792282,10862.67760907759
forecast_8643,2025-12-27 03:00:00,16748.40640013491,17592.968581232613,10947.676804395178
forecast_8644,2025-12-27 04:00:00,15508.975106385758,16913.639463057145,10793.24603377083
forecast_8645,2025-12-27 05:00:00,14680.07792871143,15687.89587371848,10948.836592990123
forecast_8646,2025-12-27 06:00:00,14609.226405730955,16252.45565652298,10658.568129234236
forecast_8647,2025-12-27 07:00:00,15836.708333166367,17065.76335589615,11505.808451428986
forecast_8648,2025-12-27 08:00:00,15918.472524091201,16732.167903340734,11376.792603631013
forecast_8649,2025-12-27 09:00:00,15292.13462061396,16610.15715276615,10916.988444527613
forecast_8650,2025-12-27 10:00:00,13912.30148302458,14162.80342217233,9539.844334986454
forecast_8651,2025-12-27 11:00:00,13594.106124554397,13942.118238165918,10934.94366058267
forecast_8652,2025-12-27 12:00:00,13937.847208901525,15010.035299090989,11109.701434778355
forecast_8653,2025-12-27 13:00:00,15387.967456027814,16418.153765319814,11545.439835607616
forecast_8654,2025-12-27 14:00:00,16198.50039375882,17324.331873070252,12048.127524487072
forecast_8655,2025-12-27 15:00:00,16302.233906953452,17274.87939627013,12443.010523434978
forecast_8656,2025-12-27 16:00:00,16644.97936466487,16610.393580271015,12028.13357114186
forecast_8657,2025-12-27 17:00:00,16210.440803615087,16325.550672711568,12569.486614081812
forecast_8658,2025-12-27 18:00:00,16574.66878826809,17285.91988714698,12900.440044538378
forecast_8659,2025-12-27 19:00:00,16755.075896082533,17402.026823318858,13297.198495196291
forecast_8660,2025-12-27 20:00:00,16934.292238294143,16843.78480139688,12878.764596846664
forecast_8661,2025-12-27 21:00:00,16611.914115713862,16621.462508673772,12641.983582835055
forecast_8662,2025-12-27 22:00:00,16607.195455084566,17174.3843531019,12705.268322098853
forecast_8663,2025-12-27 23:00:00,16568.72220066074,17232.30682593643,12762.731511059348
forecast_8664,2025-12-28 00:00:00,15393.599052498492,16347.94125773064,12324.843229697475
forecast_8665,2025-12-28 01:00:00,18267.31454196374,17772.745334343643,13717.59142565502
forecast_8666,2025-12-28 02:00:00,18761.98343218985,18342.279069673103,13845.117417891279
forecast_8667,2025-12-28 03:00:00,18389.643768638212,18171.829574935502,13772.73433437279
forecast_8668,2025-12-28 04:00:00,19020.399170341338,18490.59122003703,13687.916790515179
forecast_8669,2025-12-28 05:00:00,19446.804465205787,18653.829741422862,14022.58438095162
forecast_8670,2025-12-28 06:00:00,19468.231008894894,18525.232731640146,14277.434243122103
forecast_8671,2025-12-28 07:00:00,19079.18729219558,18577.992986040208,13996.763405580657
forecast_8672,2025-12-28 08:00:00,18860.347486639723,18420.533224021026,13951.685345203703
forecast_8673,2025-12-28 09:00:00,18238.023341856413,17580.799397993087,12944.724962584778
forecast_8674,2025-12-28 10:00:00,16208.610470333535,16572.317179299444,12357.282430812105
forecast_8675,2025-12-28 11:00:00,16020.68599596634,16175.768401957444,12109.070149537927
forecast_8676,2025-12-28 12:00:00,15229.779728675636,15785.077952324942,11817.857894249286
forecast_8677,2025-12-28 13:00:00,13828.145585001741,14401.447933998996,10813.24187363208
forecast_8678,2025-12-28 14:00:00,13269.74974092392,13261.98252207668,10163.112987391693
forecast_8679,2025-12-28 15:00:00,14273.456922006493,14154.94531845368,11037.184026881374
forecast_8680,2025-12-28 16:00:00,15528.843734661506,14641.926494799964,11488.641698738977
forecast_8681,2025-12-28 17:00:00,15428.196269394397,14982.698674938714,11829.12124370896
forecast_8682,2025-12-28 18:00:00,15188.07150050687,14126.36115168726,11134.73984491332
forecast_8683,2025-12-28 19:00:00,13594.245508931412,13362.073360464765,10953.771834891764
forecast_8684,2025-12-28 20:00:00,13263.382138974162,13918.51806820194,10876.239379510364
forecast_8685,2025-12-28 21:00:00,15917.35811997199,15644.159875797981,12329.89651115621
forecast_8686,2025-12-28 22:00:00,17256.072459219107,16298.85645664584,13172.338806388627
forecast_8687,2025-12-28 23:00:00,16699.02069717669,16566.170850914674,13176.157214115925
forecast_8688,2025-12-29 00:00:00,17553.311424546922,17912.220015819777,13339.349094968988
forecast_8689,2025-12-29 01:00:00,17470.33559323631,18020.838732611075,13697.373949630179
forecast_8690,2025-12-29 02:00:00,18172.403379671847,18522.365454294035,13643.20138021524
forecast_8691,2025-12-29 03:00:00,19671.44323233351,19003.938576467237,15206.715041946469
forecast_8692,2025-12-29 04:00:00,20146.55823490193,18973.239592433074,15465.303064020498
forecast_8693,2025-12-29 05:00:00,20000.098215146223,19053.443971904242,14847.26965239559
forecast_8694,2025-12-29 06:00:00,19910.639861332795,18991.301086958785,14846.956003389185
forecast_8695,2025-12-29 07:00:00,19926.176320534516,18994.346035040082,15284.022480565764
forecast_8696,2025-12-29 08:00:00,20170.279421611882,18958.238772140605,15314.222768309963
forecast_8697,2025-12-29 09:00:00,20158.062008464294,18858.543846411918,15349.318547570778
forecast_8698,2025-12-29 10:00:00,20060.786928166726,18792.499982714784,15126.515527841077
forecast_8699,2025-12-29 11:00:00,19960.06355843335,18810.663588765183,15301.974834425691
forecast_8700,2025-12-29 12:00:00,19495.16861032344,18739.21936670071,15089.421649556525
forecast_8701,2025-12-29 13:00:00,18744.1715219384,18619.406624742252,14644.72836254112
forecast_8702,2025-12-29 14:00:00,18464.85643692294,18379.96536008507,14950.80550883737
forecast_8703,2025-12-29 15:00:00,17354.105978310105,17449.881561103783,13920.005516351943
forecast_8704,2025-12-29 16:00:00,18400.80820322876,18172.561551926534,14039.179779841099
forecast_8705,2025-12-29 17:00:00,18843.564254194273,18377.223323772443,14296.465638849215
forecast_8706,2025-12-29 18:00:00,18810.579163378963,18247.099227084178,13331.05816594798
forecast_8707,2025-12-29 19:00:00,17026.738129082583,16276.262018850788,12296.307364294757
forecast_8708,2025-12-29 20:00:00,16297.342536699058,15641.414905057418,12148.064451300377
forecast_8709,2025-12-29 21:00:00,15777.91292359599,15552.576870472238,11537.63905163861
forecast_8710,2025-12-29 22:00:00,15565.28948778253,15004.32162803365,10973.277483071182
forecast_8711,2025-12-29 23:00:00,15201.02654592998,14203.06663567591,10575.4481027994
forecast_8712,2025-12-30 00:00:00,14280.814608649644,13556.655939334827,10378.19692287779
forecast_8713,2025-12-30 01:00:00,12780.854040883047,12055.166067514188,8529.086806533125
forecast_8714,2025-12-30 02:00:00,12143.064555510155,13155.627833180646,8669.073177127848
forecast_8715,2025-12-30 03:00:00,14066.30582740572,13799.872710760697,9164.420627283138
forecast_8716,2025-12-30 04:00:00,14136.303448006078,14280.258037571883,9847.014176270655
forecast_8717,2025-12-30 05:00:00,13270.088039298067,14075.367157123424,9164.537722903422
forecast_8718,2025-12-30 06:00:00,13291.229019391474,14267.676134133271,8184.980025014698
forecast_8719,2025-12-30 07:00:00,11987.476451387536,13944.45566510137,7964.459817108513
forecast_8720,2025-12-30 08:00:00,11864.090451210412,12945.787410720743,7541.902366233015
forecast_8721,2025-12-30 09:00:00,11476.7650119576,12614.8747511447,7276.339319915703
forecast_8722,2025-12-30 10:00:00,10946.631663499717,11647.93896182164,7491.724435192597
forecast_8723,2025-12-30 11:00:00,11219.188833819026,10820.3439725733,7317.486182929395
forecast_8724,2025-12-30 12:00:00,11439.597734077739,10780.51966119231,7591.388846495028
forecast_8725,2025-12-30 13:00:00,11574.133346116665,10283.925222033395,7066.643796216027
forecast_8726,2025-12-30 14:00:00,11622.519367618139,10501.878977730332,7387.6665123567445
forecast_8727,2025-12-30 15:00:00,12187.311626265811,11162.963182549454,8201.626939069542
forecast_8728,2025-12-30 16:00:00,13120.53164307812,12526.526749714785,9300.534311187108
forecast_8729,2025-12-30 17:00:00,13173.489864937876,12461.732487165717,9208.979650633753
forecast_8730,2025-12-30 18:00:00,13135.739082027028,11747.595147112994,9305.645503504105
forecast_8731,2025-12-30 19:00:00,13425.353501577065,11482.05698658243,8972.903622500537
forecast_8732,2025-12-30 20:00:00,13648.805735680093,11849.486609380838,9154.139972715968
forecast_8733,2025-12-30 21:00:00,14515.83333710525,12723.15310677745,10130.55256629449
forecast_8734,2025-12-30 22:00:00,14562.871508833776,13397.08871344481,11128.201329240348
forecast_8735,2025-12-30 23:00:00,14560.565465346155,13805.893258323084,11193.959777020138
forecast_8736,2025-12-31 00:00:00,14668.733118047467,14035.322407446009,11101.07977700607
forecast_8737,2025-12-31 01:00:00,15740.829526038367,15769.850961357695,12497.264524837108
forecast_8738,2025-12-31 02:00:00,16147.065533490375,16271.480930404907,13323.590687352173
forecast_8739,2025-12-31 03:00:00,16107.030471841985,16307.411766059879,12704.419698438427
forecast_8740,2025-12-31 04:00:00,16150.211641922484,15966.410584169924,12598.883809966812
forecast_8741,2025-12-31 05:00:00,15601.289005174343,15690.627076548215,11894.945355212307
forecast_8742,2025-12-31 06:00:00,15339.65861928241,16159.531148517448,12085.478909074985
forecast_8743,2025-12-31 07:00:00,14307.442569324789,15409.673747272569,11045.9940781295
forecast_8744,2025-12-31 08:00:00,14137.55478654334,15613.188882204811,9787.294879869234
forecast_8745,2025-12-31 09:00:00,14014.459167778998,14325.252811608807,9357.400937265056
forecast_8746,2025-12-31 10:00:00,13218.68438349794,13562.781079866958,8973.952597131845
forecast_8747,2025-12-31 11:00:00,11878.63852831726,12231.963218276867,8092.031267621544
forecast_8748,2025-12-31 12:00:00,10693.386901484173,10555.676126979146,7507.842744220931
forecast_8749,2025-12-31 13:00:00,10154.768943438183,9119.619126810147,6838.297434159763
forecast_8750,2025-12-31 14:00:00,10060.245317159277,8802.286369420352,6530.626633995621
forecast_8751,2025-12-31 15:00:00,10518.223518038356,9288.87356644287,6964.393286213737
forecast_8752,2025-12-31 16:00:00,11105.903775242732,10050.606335736557,7875.781077976227
forecast_8753,2025-12-31 17:00:00,12018.671703032054,11170.842322645103,6861.69135171963
forecast_8754,2025-12-31 18:00:00,11893.932704219891,12010.791165153285,7979.706853276533
forecast_8755,2025-12-31 19:00:00,11908.750729342475,12523.251560965153,8451.624027131038
forecast_8756,2025-12-31 20:00:00,12697.96015860265,13084.031117219403,8348.070067404964
forecast_8757,2025-12-31 21:00:00,12725.535630988436,13845.118830826474,8437.839295065716
forecast_8758,2025-12-31 22:00:00,14606.22397869569,15102.014985575399,9366.87777797917
forecast_8759,2025-12-31 23:00:00,14176.223073744895,15073.393751762409,9044.51959770164
forecast_8760,2026-01-01 00:00:00,14516.378910184489,15316.137662273246,8790.43793944069
