forecast_id,forecast_kst_dtm,kpx_group_1,kpx_group_2,kpx_group_3
forecast_0001,2025-01-01 01:00:00,18956.33677613592,18168.324122562608,15726.56000481942
forecast_0002,2025-01-01 02:00:00,18250.791478552055,18105.34913027834,15087.410199698546
forecast_0003,2025-01-01 03:00:00,17353.266315391305,17383.98430920544,14904.690707398451
forecast_0004,2025-01-01 04:00:00,16481.71916081663,16693.371255092887,13496.997325008853
forecast_0005,2025-01-01 05:00:00,16721.196663489234,17188.004801175302,14065.634621293993
forecast_0006,2025-01-01 06:00:00,16436.810222118373,16624.2788054342,13901.601689814583
forecast_0007,2025-01-01 07:00:00,14602.972951791586,13827.027761341524,10431.25594943388
forecast_0008,2025-01-01 08:00:00,13793.750418468506,13762.907315392311,11086.90081528902
forecast_0009,2025-01-01 09:00:00,13953.00390540489,13432.274361081882,11272.117447208333
forecast_0010,2025-01-01 10:00:00,13843.93986605859,13438.95825887691,11531.400016754735
forecast_0011,2025-01-01 11:00:00,13715.881785698246,13626.76657551822,11943.3703856485
forecast_0012,2025-01-01 12:00:00,14794.499164577739,13903.293467242254,11430.13298344768
forecast_0013,2025-01-01 13:00:00,15184.632234677058,14426.442851512817,11489.94460531338
forecast_0014,2025-01-01 14:00:00,15623.634616521718,14229.222692047038,11318.168251245357
forecast_0015,2025-01-01 15:00:00,14749.040625720963,13456.681443534135,10393.815104732546
forecast_0016,2025-01-01 16:00:00,13009.815933262906,13225.69455887654,10198.84802473825
forecast_0017,2025-01-01 17:00:00,12810.605101172772,12899.10469009698,10350.281941426138
forecast_0018,2025-01-01 18:00:00,13823.388315052574,13079.907401622218,10940.29916564853
forecast_0019,2025-01-01 19:00:00,13446.72947805678,13995.934840032556,11587.233713333071
forecast_0020,2025-01-01 20:00:00,15116.978781196483,15985.594414915491,13249.933464502867
forecast_0021,2025-01-01 21:00:00,16796.066928528217,16752.418720796446,13822.922577775036
forecast_0022,2025-01-01 22:00:00,15736.393932798665,16781.919116070912,13533.489703713476
forecast_0023,2025-01-01 23:00:00,16027.295763404194,16726.7538551332,13147.88433321497
forecast_0024,2025-01-02 00:00:00,15841.395368916126,16183.867737055964,12143.581616972488
forecast_0025,2025-01-02 01:00:00,12932.259423500767,13801.958501277457,9850.510489162263
forecast_0026,2025-01-02 02:00:00,13228.760621847572,13647.512949610287,9692.13252359366
forecast_0027,2025-01-02 03:00:00,11904.34447009216,12629.644724472671,9211.423048871831
forecast_0028,2025-01-02 04:00:00,11399.924499611769,11371.13568428887,8873.129771164888
forecast_0029,2025-01-02 05:00:00,9856.334864130651,9744.173824394687,7816.450393176423
forecast_0030,2025-01-02 06:00:00,8199.691434205048,8814.508229253297,5793.87459274225
forecast_0031,2025-01-02 07:00:00,7902.627392188846,7995.340808150264,6188.920853250459
forecast_0032,2025-01-02 08:00:00,7539.497061036071,7573.360210513246,5729.586713681956
forecast_0033,2025-01-02 09:00:00,6511.338317235963,6637.045658015186,5160.9721419373145
forecast_0034,2025-01-02 10:00:00,6101.280609447815,5308.103634197755,4366.700109290655
forecast_0035,2025-01-02 11:00:00,5213.660605227672,5430.049261780255,3281.8260528552382
forecast_0036,2025-01-02 12:00:00,5984.995213137761,6175.315954185038,4530.122061718813
forecast_0037,2025-01-02 13:00:00,6568.297017697831,6194.46482819989,3993.1715939774467
forecast_0038,2025-01-02 14:00:00,7560.831612733755,6320.677185574395,4345.132201111019
forecast_0039,2025-01-02 15:00:00,7800.783549698702,6506.703865960055,5504.344548603337
forecast_0040,2025-01-02 16:00:00,9104.500720719483,8096.3985406171205,6461.78766103232
forecast_0041,2025-01-02 17:00:00,9681.805619167737,9944.902121432558,6925.230794357632
forecast_0042,2025-01-02 18:00:00,10942.56228061024,11172.710707930291,7731.020294426758
forecast_0043,2025-01-02 19:00:00,12739.192088442016,13641.90610010652,10039.201749646716
forecast_0044,2025-01-02 20:00:00,13013.235305756498,13676.83730569501,9150.94854022939
forecast_0045,2025-01-02 21:00:00,12755.49587747445,13547.3240055146,9222.741579634849
forecast_0046,2025-01-02 22:00:00,12392.303946701111,13391.49434905158,9193.573982245152
forecast_0047,2025-01-02 23:00:00,13442.614564127856,14868.733818664878,9945.49725072344
forecast_0048,2025-01-03 00:00:00,13409.376495939166,14791.403080820937,9829.192866744983
forecast_0049,2025-01-03 01:00:00,12965.62503070365,14412.091896469967,10487.888831783483
forecast_0050,2025-01-03 02:00:00,12710.910602803484,13905.08960302059,10356.355929974005
forecast_0051,2025-01-03 03:00:00,11987.515212390419,12734.07317117631,9076.328889120781
forecast_0052,2025-01-03 04:00:00,12465.487865158724,13112.878225583996,10179.770307696394
forecast_0053,2025-01-03 05:00:00,12983.323618762384,13394.116245694428,10041.893553070124
forecast_0054,2025-01-03 06:00:00,12636.860391405347,12957.13893488362,9335.764299053066
forecast_0055,2025-01-03 07:00:00,13076.104505308103,12118.418620188242,8945.228763803547
forecast_0056,2025-01-03 08:00:00,13774.654526822123,12322.972480724278,8771.531100673468
forecast_0057,2025-01-03 09:00:00,12960.592396596192,10850.784005333486,6992.519426525948
forecast_0058,2025-01-03 10:00:00,11975.261068723059,8948.171168907644,6084.955464167643
forecast_0059,2025-01-03 11:00:00,11895.6205749827,9754.634776761046,6496.357219363393
forecast_0060,2025-01-03 12:00:00,12299.137313091696,9236.217335016843,6950.893351296391
forecast_0061,2025-01-03 13:00:00,12443.157013219005,9784.163929506945,7680.692129341506
forecast_0062,2025-01-03 14:00:00,13373.377484529143,10629.487098245443,7843.209365247594
forecast_0063,2025-01-03 15:00:00,14142.81509200783,11735.91913499681,9426.71274632063
forecast_0064,2025-01-03 16:00:00,14598.791002371065,12871.143274489503,10865.259515865871
forecast_0065,2025-01-03 17:00:00,14250.805114068937,12690.156583265096,10036.817269964673
forecast_0066,2025-01-03 18:00:00,11790.972959332496,11717.68465074641,9463.196063139841
forecast_0067,2025-01-03 19:00:00,12277.079646018816,11778.80368561114,9599.783496393846
forecast_0068,2025-01-03 20:00:00,12948.424484541332,12282.699379394566,10558.078007834843
forecast_0069,2025-01-03 21:00:00,13935.367171568023,12723.762222750729,11315.019017751338
forecast_0070,2025-01-03 22:00:00,14417.523959545686,14225.342033742465,11261.050024960916
forecast_0071,2025-01-03 23:00:00,14795.81695645966,14510.89218029022,11674.429594871324
forecast_0072,2025-01-04 00:00:00,14110.265208393303,14211.187147797424,11198.018464786057
forecast_0073,2025-01-04 01:00:00,15291.938838752163,15752.835098875017,12856.240824717723
forecast_0074,2025-01-04 02:00:00,15355.344536145722,15732.910233588602,12098.831971810148
forecast_0075,2025-01-04 03:00:00,14950.249163693976,14868.012289657185,11653.08246142368
forecast_0076,2025-01-04 04:00:00,15518.780860957644,14835.523220272633,11561.038548803524
forecast_0077,2025-01-04 05:00:00,15989.334445811555,15633.070755297525,11867.32137983201
forecast_0078,2025-01-04 06:00:00,16008.179537553027,15768.749146468675,11859.48027996552
forecast_0079,2025-01-04 07:00:00,15527.289705562704,15134.51734584433,11648.282965158765
forecast_0080,2025-01-04 08:00:00,14046.9399361471,14794.3655015282,10997.377426723893
forecast_0081,2025-01-04 09:00:00,12876.056508193227,13237.24763134334,10166.372400050832
forecast_0082,2025-01-04 10:00:00,12041.025388873182,12457.734735876867,8985.123731385265
forecast_0083,2025-01-04 11:00:00,11370.53416973082,12066.237988909956,9351.06900189608
forecast_0084,2025-01-04 12:00:00,11248.791235073193,12270.660283355373,10414.93975069486
forecast_0085,2025-01-04 13:00:00,11975.31494869708,11150.564579586528,9095.628788903425
forecast_0086,2025-01-04 14:00:00,12641.886923901562,11536.410084378658,9560.890969328178
forecast_0087,2025-01-04 15:00:00,12485.415633281922,10912.11305524344,9352.843265012752
forecast_0088,2025-01-04 16:00:00,13658.2881246234,11963.708646747202,10391.023281528922
forecast_0089,2025-01-04 17:00:00,13383.571133318246,12649.776619357874,11061.131904009211
forecast_0090,2025-01-04 18:00:00,15078.11026010538,13624.61785286411,12802.719327634102
forecast_0091,2025-01-04 19:00:00,15157.682213427373,14878.959970568827,11274.008927382032
forecast_0092,2025-01-04 20:00:00,15134.286396677566,15602.554390342428,12441.770583079084
forecast_0093,2025-01-04 21:00:00,15049.13626995541,15337.056201284864,12053.336100328932
forecast_0094,2025-01-04 22:00:00,16556.616155062427,16427.993384283793,13636.27603698895
forecast_0095,2025-01-04 23:00:00,17967.455538670874,17404.895789050606,14741.038743463148
forecast_0096,2025-01-05 00:00:00,18497.038049255658,17365.323672259277,14505.918068535528
forecast_0097,2025-01-05 01:00:00,16698.178686226624,15929.664658180218,11780.425518729679
forecast_0098,2025-01-05 02:00:00,15958.761009654187,15414.04019202246,10266.980627736733
forecast_0099,2025-01-05 03:00:00,16245.345758633264,15288.465587095447,11742.619304148795
forecast_0100,2025-01-05 04:00:00,14407.269418889682,14360.125396798183,10927.808420341304
forecast_0101,2025-01-05 05:00:00,11869.301236588184,12528.729876867023,8455.259154233283
forecast_0102,2025-01-05 06:00:00,10140.563586719367,12314.523340503889,7944.425688630486
forecast_0103,2025-01-05 07:00:00,9963.278013162055,12468.286121099532,8758.249532527187
forecast_0104,2025-01-05 08:00:00,11148.280530633347,13198.800651073627,8494.269518683574
forecast_0105,2025-01-05 09:00:00,10922.85250885251,13249.918208463034,8639.71350429976
forecast_0106,2025-01-05 10:00:00,12167.043781071228,13765.61805728909,11438.237407238852
forecast_0107,2025-01-05 11:00:00,14539.291044152731,16145.05246118745,14433.94123799552
forecast_0108,2025-01-05 12:00:00,14896.109072212183,15716.16292854957,14390.89755289337
forecast_0109,2025-01-05 13:00:00,13103.503642324156,14191.725591938146,12883.693047393255
forecast_0110,2025-01-05 14:00:00,10810.134274304468,12875.549776156051,10985.297286198933
forecast_0111,2025-01-05 15:00:00,10681.622693932959,12856.00871364811,11052.361380012511
forecast_0112,2025-01-05 16:00:00,10876.319537227371,13407.487000042993,9950.950884529871
forecast_0113,2025-01-05 17:00:00,9890.08953206535,11452.554495472254,8200.551805055768
forecast_0114,2025-01-05 18:00:00,9389.744042605309,11355.495011336634,8041.061672663018
forecast_0115,2025-01-05 19:00:00,11211.881793468849,12895.65935333087,9992.250500190741
forecast_0116,2025-01-05 20:00:00,13070.998879145258,13765.595617892592,12418.647897159643
forecast_0117,2025-01-05 21:00:00,13683.085351760585,13496.052795404516,12395.960191196604
forecast_0118,2025-01-05 22:00:00,13400.094507870192,13689.638483236704,12442.82726623438
forecast_0119,2025-01-05 23:00:00,12328.42872445434,12508.868568382108,10816.549223061122
forecast_0120,2025-01-06 00:00:00,10950.521115726899,12206.0727216268,9994.739854420633
forecast_0121,2025-01-06 01:00:00,10351.684102756588,10708.34846118681,7756.079087563743
forecast_0122,2025-01-06 02:00:00,10364.51332303132,10550.269156698116,7543.84040956768
forecast_0123,2025-01-06 03:00:00,10529.615073750454,10218.748158902103,7535.552982031907
forecast_0124,2025-01-06 04:00:00,9889.721642486855,10051.385747980823,6360.112731256928
forecast_0125,2025-01-06 05:00:00,7990.243217218946,7809.756448824585,5225.281309275088
forecast_0126,2025-01-06 06:00:00,6075.314080875392,5675.666178783846,3569.6639384446325
forecast_0127,2025-01-06 07:00:00,3832.6419185974055,3385.8570177388347,1979.8521972357964
forecast_0128,2025-01-06 08:00:00,2497.294730980875,3087.31012527695,1774.6392678722398
forecast_0129,2025-01-06 09:00:00,3715.846793536633,3603.3145508089888,3105.9878379897787
forecast_0130,2025-01-06 10:00:00,5065.375884745327,4998.73794007758,3528.113008931388
forecast_0131,2025-01-06 11:00:00,5445.681568520734,5638.151558494761,5546.567158698053
forecast_0132,2025-01-06 12:00:00,6614.909710670163,7387.918332600682,6123.159551568888
forecast_0133,2025-01-06 13:00:00,7207.325758200253,7386.668124636286,6040.9821482458965
forecast_0134,2025-01-06 14:00:00,7464.698094739021,7380.783875397517,5718.890916897308
forecast_0135,2025-01-06 15:00:00,8201.735976701124,7878.2236157349935,5846.955929629788
forecast_0136,2025-01-06 16:00:00,8505.713987953763,8660.550759432257,7273.404485644263
forecast_0137,2025-01-06 17:00:00,10091.624535953728,8488.304037964539,7851.339115653362
forecast_0138,2025-01-06 18:00:00,11423.332135562438,10709.665642787859,9630.480625425396
forecast_0139,2025-01-06 19:00:00,13002.838428883846,12126.88234917919,11414.884525461764
forecast_0140,2025-01-06 20:00:00,14378.49184953327,13289.0606291381,12708.12826161441
forecast_0141,2025-01-06 21:00:00,14126.398936495767,13224.871780747932,12274.339774324882
forecast_0142,2025-01-06 22:00:00,14305.385522915574,13557.819192400266,12463.377539944177
forecast_0143,2025-01-06 23:00:00,14886.183064141347,14377.330544063061,12620.956778787804
forecast_0144,2025-01-07 00:00:00,15383.382371336858,14685.600426130268,13678.407078907498
forecast_0145,2025-01-07 01:00:00,17323.639478315432,16896.695326579735,14627.246317685229
forecast_0146,2025-01-07 02:00:00,17830.6439178692,17907.95728589369,15076.389387783734
forecast_0147,2025-01-07 03:00:00,17935.959510531145,18110.07986907703,15242.578516051037
forecast_0148,2025-01-07 04:00:00,16749.47636052133,17236.28977260332,14637.815034107676
forecast_0149,2025-01-07 05:00:00,15951.364985907308,16633.175249228752,14132.476992822216
forecast_0150,2025-01-07 06:00:00,15879.989632267312,16417.342608948624,13719.021490890487
forecast_0151,2025-01-07 07:00:00,15526.280158027697,16085.318945265977,13529.70620093852
forecast_0152,2025-01-07 08:00:00,15460.274193172754,16360.150844578506,13261.615320996627
forecast_0153,2025-01-07 09:00:00,15559.711409113548,16302.084514918057,13555.834580610464
forecast_0154,2025-01-07 10:00:00,15962.135131690156,16103.468566915872,13387.235999827635
forecast_0155,2025-01-07 11:00:00,15974.189217507026,16353.775837284093,13615.59186990003
forecast_0156,2025-01-07 12:00:00,15961.308032826653,16507.644730475324,13375.180691899648
forecast_0157,2025-01-07 13:00:00,15762.99932838951,16385.520560099292,13165.686599141121
forecast_0158,2025-01-07 14:00:00,16012.40334054735,15962.132655355605,13117.734989549004
forecast_0159,2025-01-07 15:00:00,16110.886911151127,16174.781645097599,13032.517027407535
forecast_0160,2025-01-07 16:00:00,15850.2852636984,15984.659945157558,12818.914497928368
forecast_0161,2025-01-07 17:00:00,15997.424814035321,15698.389993616987,12855.286811308071
forecast_0162,2025-01-07 18:00:00,16608.318377313582,16430.31113238837,13534.119704138586
forecast_0163,2025-01-07 19:00:00,16589.036280902677,16540.276451478,13848.269238491803
forecast_0164,2025-01-07 20:00:00,17227.660511601433,17497.177410318767,14579.186498980362
forecast_0165,2025-01-07 21:00:00,17060.314106879276,17923.62455328908,14766.082853835675
forecast_0166,2025-01-07 22:00:00,17171.867777326475,18028.339175367986,14627.106530783298
forecast_0167,2025-01-07 23:00:00,17270.244550120497,18479.01705710149,14709.384245575378
forecast_0168,2025-01-08 00:00:00,16537.162424600992,17559.206017302993,14462.466871207947
forecast_0169,2025-01-08 01:00:00,14676.829745920986,17276.996603669824,13909.284529086484
forecast_0170,2025-01-08 02:00:00,14372.696895748057,16859.683853679293,13427.369147930855
forecast_0171,2025-01-08 03:00:00,14246.775409308419,16560.30101102084,12781.983251146947
forecast_0172,2025-01-08 04:00:00,14279.507060357935,15904.212597297885,13510.051881020654
forecast_0173,2025-01-08 05:00:00,14256.135392537817,15415.134126330546,13028.518366087732
forecast_0174,2025-01-08 06:00:00,14373.650991668306,15401.710563304578,12943.718926543605
forecast_0175,2025-01-08 07:00:00,14451.149079563535,15901.281102484721,13028.956074248694
forecast_0176,2025-01-08 08:00:00,14781.585469468282,16088.322082531995,13111.778700847057
forecast_0177,2025-01-08 09:00:00,14871.864461335384,15981.60541535947,13295.939618667198
forecast_0178,2025-01-08 10:00:00,15408.73113278974,16226.25763894496,13263.233600487021
forecast_0179,2025-01-08 11:00:00,16358.56706648573,16456.132351718763,13275.728347559423
forecast_0180,2025-01-08 12:00:00,16440.948244270243,16632.630198240247,13305.68205116653
forecast_0181,2025-01-08 13:00:00,16493.32486867943,17142.137658429136,13552.421578216212
forecast_0182,2025-01-08 14:00:00,16360.317142865128,17072.868192690108,13126.722187567459
forecast_0183,2025-01-08 15:00:00,16086.453137250775,17010.828253756943,13391.396479181149
forecast_0184,2025-01-08 16:00:00,15267.864909061693,16398.392910623767,13153.22820630743
forecast_0185,2025-01-08 17:00:00,15157.341881679778,16194.082752125652,13209.612138925775
forecast_0186,2025-01-08 18:00:00,15467.692703843612,15728.257355251002,13758.707987567306
forecast_0187,2025-01-08 19:00:00,15245.768062407118,16770.08875291924,14065.40493531365
forecast_0188,2025-01-08 20:00:00,14969.826292172176,16807.258868685036,14004.550917049544
forecast_0189,2025-01-08 21:00:00,14977.877732418088,16646.350751004935,14209.7561113497
forecast_0190,2025-01-08 22:00:00,15056.314716172745,16399.619540132047,14826.889671277835
forecast_0191,2025-01-08 23:00:00,14874.331211088976,16853.6396002657,14099.256358538574
forecast_0192,2025-01-09 00:00:00,13955.703203084982,16101.85910840356,13910.132506670403
forecast_0193,2025-01-09 01:00:00,12551.781491092312,15588.190484381792,13584.544493904783
forecast_0194,2025-01-09 02:00:00,12666.95845956249,15114.536279568543,13334.401781472992
forecast_0195,2025-01-09 03:00:00,13230.269763637592,14751.707144109156,13211.168352497656
forecast_0196,2025-01-09 04:00:00,13138.159324772838,14675.995675101693,12399.149445411902
forecast_0197,2025-01-09 05:00:00,12543.201700435333,15147.47368286339,11527.614016315929
forecast_0198,2025-01-09 06:00:00,12665.26119639714,15490.687581483588,12180.333022048359
forecast_0199,2025-01-09 07:00:00,12620.904660555698,15311.236412183272,12477.768808357074
forecast_0200,2025-01-09 08:00:00,12531.10402504146,14683.808805311091,12500.62837435863
forecast_0201,2025-01-09 09:00:00,13239.897226143397,14837.0646883702,12512.69005343953
forecast_0202,2025-01-09 10:00:00,13557.309924719531,14902.66717653948,12793.435527738098
forecast_0203,2025-01-09 11:00:00,13545.092412010708,15664.035416606825,12523.963507163126
forecast_0204,2025-01-09 12:00:00,13574.589172740001,15768.784364118588,12076.571343867052
forecast_0205,2025-01-09 13:00:00,13739.589207563564,16032.57460988434,12078.690439564527
forecast_0206,2025-01-09 14:00:00,14420.337926632796,15311.665298558572,11847.439861053283
forecast_0207,2025-01-09 15:00:00,13744.297763660586,12779.40535139357,11027.863049282438
forecast_0208,2025-01-09 16:00:00,14299.703730193001,12443.57347575853,9337.98925916866
forecast_0209,2025-01-09 17:00:00,13778.205335405775,12871.545490632616,9152.928384680148
forecast_0210,2025-01-09 18:00:00,12972.14602671387,12088.57084123483,8742.336376138832
forecast_0211,2025-01-09 19:00:00,12597.920584805204,13662.906781364292,8183.087493678464
forecast_0212,2025-01-09 20:00:00,13669.015967884507,12885.554085033533,7749.721686759879
forecast_0213,2025-01-09 21:00:00,14953.81526222145,14875.698162968532,8938.154657411747
forecast_0214,2025-01-09 22:00:00,17459.43587151566,17691.91596180958,9940.232961719426
forecast_0215,2025-01-09 23:00:00,18956.11473052748,18549.264463463765,13710.984018691219
forecast_0216,2025-01-10 00:00:00,19062.452719389403,18760.20019672863,13933.308056247
forecast_0217,2025-01-10 01:00:00,11856.768358462436,11444.338592638247,9305.64952228499
forecast_0218,2025-01-10 02:00:00,14411.691913061155,12078.156368465943,10123.890148875304
forecast_0219,2025-01-10 03:00:00,16683.855117250976,15485.68851135077,11240.951548828813
forecast_0220,2025-01-10 04:00:00,17753.388169461366,16964.296068705607,12971.255023393785
forecast_0221,2025-01-10 05:00:00,17744.820993875033,16559.20238047218,12676.154497348429
forecast_0222,2025-01-10 06:00:00,17140.40271205618,16552.47443762237,11475.081712341964
forecast_0223,2025-01-10 07:00:00,15987.51672110167,14924.740044324928,10617.9958387501
forecast_0224,2025-01-10 08:00:00,13861.055989271328,11072.433405382892,9898.858099024426
forecast_0225,2025-01-10 09:00:00,11260.374477358902,7896.315371498431,8152.065074045204
forecast_0226,2025-01-10 10:00:00,9360.620635792415,6032.469691887696,5601.203684727166
forecast_0227,2025-01-10 11:00:00,5409.3877634850805,3476.534949287302,3366.442348246899
forecast_0228,2025-01-10 12:00:00,3616.7792685367067,2235.215485455951,1824.8595740558
forecast_0229,2025-01-10 13:00:00,3014.8357751948765,2275.8458641717107,1946.1591044474528
forecast_0230,2025-01-10 14:00:00,2662.107441535462,2438.7184292212874,2477.9995475713354
forecast_0231,2025-01-10 15:00:00,3551.015360410406,2565.764145946069,3463.956986817193
forecast_0232,2025-01-10 16:00:00,5181.450922919278,3726.4670414779653,3414.6822503603867
forecast_0233,2025-01-10 17:00:00,6879.347229585862,5523.1589660647305,5225.315018662567
forecast_0234,2025-01-10 18:00:00,9620.217631219126,7626.784298380997,6402.2626282618285
forecast_0235,2025-01-10 19:00:00,9979.755875420515,7737.350771002506,6746.113298118022
forecast_0236,2025-01-10 20:00:00,10370.076303560721,8183.849714586075,7355.66039045055
forecast_0237,2025-01-10 21:00:00,9778.075543527058,7239.4205359246525,6227.474459074067
forecast_0238,2025-01-10 22:00:00,10487.055275863913,7807.266189017688,6512.919038877204
forecast_0239,2025-01-10 23:00:00,10570.797246809037,8112.515187367415,6519.167573210413
forecast_0240,2025-01-11 00:00:00,10582.840425577615,8187.092853419935,6567.116994334154
forecast_0241,2025-01-11 01:00:00,9189.171606765352,7811.9125485403065,7829.5508998230625
forecast_0242,2025-01-11 02:00:00,8530.939598673536,7713.274756438839,7319.183337124794
forecast_0243,2025-01-11 03:00:00,8472.060521387499,8023.155192960567,7349.210566272521
forecast_0244,2025-01-11 04:00:00,10985.650733856759,8504.143330833866,8373.680980983294
forecast_0245,2025-01-11 05:00:00,10933.84244046978,8317.813243952462,8166.680325995449
forecast_0246,2025-01-11 06:00:00,8262.104628957328,7091.549378990462,6062.827715602585
forecast_0247,2025-01-11 07:00:00,7314.64712223527,6362.42389226502,4818.247167725065
forecast_0248,2025-01-11 08:00:00,7671.621937734977,6587.017111500386,4946.539428081066
forecast_0249,2025-01-11 09:00:00,7440.2213490566155,6420.227835475885,4475.023958825993
forecast_0250,2025-01-11 10:00:00,5494.711837688549,5094.9186723074845,3313.637926349163
forecast_0251,2025-01-11 11:00:00,4125.637984604469,3376.4306463726775,2040.4206428278528
forecast_0252,2025-01-11 12:00:00,3112.0452919518925,2393.1698012497886,1478.6600728023514
forecast_0253,2025-01-11 13:00:00,3149.7328539424084,2379.3626927467894,1817.1285306730933
forecast_0254,2025-01-11 14:00:00,3032.0962998158657,2596.0219761297426,1989.7247378582292
forecast_0255,2025-01-11 15:00:00,2274.6627496075685,1900.1514903651835,1284.7651433773738
forecast_0256,2025-01-11 16:00:00,2497.102463610217,2198.7054596870767,1522.4950221149459
forecast_0257,2025-01-11 17:00:00,6047.7029695482515,4756.597859397238,3807.550615992181
forecast_0258,2025-01-11 18:00:00,9347.278350157498,7575.668376358857,5885.667721346259
forecast_0259,2025-01-11 19:00:00,10157.766048764499,8368.64826233693,7000.956748541457
forecast_0260,2025-01-11 20:00:00,11867.332544067507,9876.474900539242,7830.738872185854
forecast_0261,2025-01-11 21:00:00,11735.54391376774,9315.963185612125,8095.374274807879
forecast_0262,2025-01-11 22:00:00,11947.145144524155,9240.246906995235,8605.55583462472
forecast_0263,2025-01-11 23:00:00,13117.842649487375,10455.360254747311,8545.173679047077
forecast_0264,2025-01-12 00:00:00,13812.441773553364,11394.188775317192,9713.569230165473
forecast_0265,2025-01-12 01:00:00,9957.945413622141,8845.145959833952,8476.238408763731
forecast_0266,2025-01-12 02:00:00,10109.561101330739,8819.485486238897,8242.961686227034
forecast_0267,2025-01-12 03:00:00,11788.595081191039,10368.633064615527,8079.063564542051
forecast_0268,2025-01-12 04:00:00,13391.025060601616,11816.852612228615,9407.520125394662
forecast_0269,2025-01-12 05:00:00,14059.472283142806,12895.394348586236,9519.072831774727
forecast_0270,2025-01-12 06:00:00,14605.584107125684,14393.449990346606,9894.567074101162
forecast_0271,2025-01-12 07:00:00,15408.410809098248,14990.940286672909,10733.88667533991
forecast_0272,2025-01-12 08:00:00,15163.85692656079,14553.024787188606,10046.896874452235
forecast_0273,2025-01-12 09:00:00,15219.555617662625,14473.265789478744,9465.842324289311
forecast_0274,2025-01-12 10:00:00,12160.636579736607,11500.232325950301,8756.820559734391
forecast_0275,2025-01-12 11:00:00,10324.91415787617,11439.639806823307,7962.966979998333
forecast_0276,2025-01-12 12:00:00,8856.010846531002,9404.516366102942,6893.749955862617
forecast_0277,2025-01-12 13:00:00,8463.317069199158,8608.194778005733,5868.153288099953
forecast_0278,2025-01-12 14:00:00,10209.380555302258,10391.887025255226,8148.332836353738
forecast_0279,2025-01-12 15:00:00,11621.246790492234,10953.728591264125,9493.53355668038
forecast_0280,2025-01-12 16:00:00,12356.803565847878,12017.325282555126,9915.488382180445
forecast_0281,2025-01-12 17:00:00,13572.970254377942,13945.960982520086,10577.089914731234
forecast_0282,2025-01-12 18:00:00,15695.553613265687,15151.600483214708,11174.627452876193
forecast_0283,2025-01-12 19:00:00,14954.739538177872,14886.188232053493,9220.779037939265
forecast_0284,2025-01-12 20:00:00,15543.580982977383,15373.788105592172,9694.430249034043
forecast_0285,2025-01-12 21:00:00,15691.521471286349,16334.820168546628,9873.119548738967
forecast_0286,2025-01-12 22:00:00,16055.223649097194,16369.896939415552,10174.025100050372
forecast_0287,2025-01-12 23:00:00,15909.93918344171,14969.134961677766,10141.245004401764
forecast_0288,2025-01-13 00:00:00,17020.150485701255,15994.813510770678,11611.14270248682
forecast_0289,2025-01-13 01:00:00,19333.26911156065,17515.34211191911,13161.492402343258
forecast_0290,2025-01-13 02:00:00,19959.571119156753,18743.33678136433,14754.530715059745
forecast_0291,2025-01-13 03:00:00,20412.917443944876,19077.423361346646,15705.016983497233
forecast_0292,2025-01-13 04:00:00,21005.38332996414,19725.871832029705,16969.467278342232
forecast_0293,2025-01-13 05:00:00,20789.765719981697,19658.83704482733,17185.311463217513
forecast_0294,2025-01-13 06:00:00,20759.679640999653,19894.2816334508,16942.66299350347
forecast_0295,2025-01-13 07:00:00,20396.243245629572,18898.78855943059,15768.44067052893
forecast_0296,2025-01-13 08:00:00,19375.898550884373,18196.936192468736,13685.7132036411
forecast_0297,2025-01-13 09:00:00,18307.48898931918,18212.862654687127,15041.492909932353
forecast_0298,2025-01-13 10:00:00,17020.739621669632,18723.722217985214,14754.879307055151
forecast_0299,2025-01-13 11:00:00,16863.609652213938,17656.203043838035,14392.229404444266
forecast_0300,2025-01-13 12:00:00,16031.467100984908,16919.645134502476,13814.355193554416
forecast_0301,2025-01-13 13:00:00,15132.427749817758,15629.342368161513,12870.825080165112
forecast_0302,2025-01-13 14:00:00,13986.782506167801,13273.759529764462,11874.677689921169
forecast_0303,2025-01-13 15:00:00,14361.69873222094,13522.42144115658,12614.921226463812
forecast_0304,2025-01-13 16:00:00,14041.207967372482,14493.33292370172,11510.149956632684
forecast_0305,2025-01-13 17:00:00,14259.868208219645,13859.996727447186,11802.077717904775
forecast_0306,2025-01-13 18:00:00,13767.931845334095,12848.139001963282,11404.148547224022
forecast_0307,2025-01-13 19:00:00,14194.33907108382,14469.711840562986,12434.838376717911
forecast_0308,2025-01-13 20:00:00,16517.417175256152,16258.795691455474,13334.767543195041
forecast_0309,2025-01-13 21:00:00,17060.792461354074,16518.779171750073,13392.939759424411
forecast_0310,2025-01-13 22:00:00,17520.055805840773,16888.76558485199,14384.236602837625
forecast_0311,2025-01-13 23:00:00,18550.438426068788,17780.26399023275,14952.865766466195
forecast_0312,2025-01-14 00:00:00,20045.17552073991,19027.147889178003,16279.910504084266
forecast_0313,2025-01-14 01:00:00,18475.220065699694,18641.40616163707,15540.844966031491
forecast_0314,2025-01-14 02:00:00,18369.247239068387,18811.18419835376,15426.153428562326
forecast_0315,2025-01-14 03:00:00,19014.634809970812,19018.243173411705,15498.569044111304
forecast_0316,2025-01-14 04:00:00,18562.0248672557,18767.54792024925,15557.177198935438
forecast_0317,2025-01-14 05:00:00,18745.574901816395,19013.862594216534,15653.940195405281
forecast_0318,2025-01-14 06:00:00,18805.095331565797,19078.544491257173,16303.436177316851
forecast_0319,2025-01-14 07:00:00,18638.672920616158,19051.123969589702,16232.676842812465
forecast_0320,2025-01-14 08:00:00,18373.781926771946,18186.593025648737,15231.01589501455
forecast_0321,2025-01-14 09:00:00,18401.616272181574,17407.976534841167,14020.190738056433
forecast_0322,2025-01-14 10:00:00,17611.026439932954,16320.928002935158,13913.87214815023
forecast_0323,2025-01-14 11:00:00,17018.030293584095,15058.256416641756,14186.784919224583
forecast_0324,2025-01-14 12:00:00,16650.882668790637,14032.132749532087,13299.178939205654
forecast_0325,2025-01-14 13:00:00,16572.63918770251,14104.175508152937,13296.538746895123
forecast_0326,2025-01-14 14:00:00,15005.535152643255,13310.954526090853,12616.258073754338
forecast_0327,2025-01-14 15:00:00,14575.28138564696,12918.642071306243,13162.80790148102
forecast_0328,2025-01-14 16:00:00,14357.644383050741,12210.924582719006,12070.158532308473
forecast_0329,2025-01-14 17:00:00,13955.798784835557,12441.046096432516,11470.011091309296
forecast_0330,2025-01-14 18:00:00,13961.72657373154,12860.970267249388,11052.29949741077
forecast_0331,2025-01-14 19:00:00,14072.018351017587,13450.507886760282,11478.969887888627
forecast_0332,2025-01-14 20:00:00,14194.802921352057,13672.245818374844,11683.813492745356
forecast_0333,2025-01-14 21:00:00,14223.964025563193,13624.362704700914,11861.955562146019
forecast_0334,2025-01-14 22:00:00,15093.83910997078,15169.814807863646,12748.244367281222
forecast_0335,2025-01-14 23:00:00,14209.007684841341,14186.05423249036,11159.296668713496
forecast_0336,2025-01-15 00:00:00,15022.45736345762,13777.226766450958,11322.82067805929
forecast_0337,2025-01-15 01:00:00,15078.224338136997,14223.188792272655,11778.78193631324
forecast_0338,2025-01-15 02:00:00,14434.958788799637,12831.810921959466,10020.624114771745
forecast_0339,2025-01-15 03:00:00,12014.09730710154,10563.501328186165,8334.670306805228
forecast_0340,2025-01-15 04:00:00,11718.678886802652,10457.720214312634,7909.692677877799
forecast_0341,2025-01-15 05:00:00,12765.687417645286,10944.353267292205,8356.150297510587
forecast_0342,2025-01-15 06:00:00,13907.29892555774,11639.426792206888,8847.486240169945
forecast_0343,2025-01-15 07:00:00,14674.613597575293,13344.664802743006,8981.359386121596
forecast_0344,2025-01-15 08:00:00,14625.677414775866,12927.602031796454,9102.723904210836
forecast_0345,2025-01-15 09:00:00,14659.246031259818,13174.990788420337,10818.893050576899
forecast_0346,2025-01-15 10:00:00,13362.534026190873,11849.410979557353,9650.299111893813
forecast_0347,2025-01-15 11:00:00,13431.618301913179,11726.47843461896,10675.44838951868
forecast_0348,2025-01-15 12:00:00,12853.758261527108,11708.940057302878,10392.049456895484
forecast_0349,2025-01-15 13:00:00,12799.561010797339,11625.661248671295,9874.888838803077
forecast_0350,2025-01-15 14:00:00,11857.152010135258,10824.75188577804,9052.777441429587
forecast_0351,2025-01-15 15:00:00,11769.094022640633,11078.173776103316,8804.998245149383
forecast_0352,2025-01-15 16:00:00,12071.428403955362,11654.038498430435,9095.204699122443
forecast_0353,2025-01-15 17:00:00,13137.180874846177,13148.85778953564,10777.656176693992
forecast_0354,2025-01-15 18:00:00,14995.675671321846,16116.577236398918,12313.963598602384
forecast_0355,2025-01-15 19:00:00,15884.90388414499,17057.195893196596,13201.193646922713
forecast_0356,2025-01-15 20:00:00,16473.926667714863,17284.318066671338,12573.81961916998
forecast_0357,2025-01-15 21:00:00,17278.97784786918,17593.012218666343,13256.139696989665
forecast_0358,2025-01-15 22:00:00,19072.95657972901,18826.01603855806,15416.784973922895
forecast_0359,2025-01-15 23:00:00,19832.529525254155,19262.672574605633,16340.254986630003
forecast_0360,2025-01-16 00:00:00,19328.477176638593,19170.548027434037,16438.077812318934
forecast_0361,2025-01-16 01:00:00,17944.812542075713,17559.47074593582,13380.105869136638
forecast_0362,2025-01-16 02:00:00,18175.460512816964,17442.20549900655,14900.415916814525
forecast_0363,2025-01-16 03:00:00,18746.488510371855,18501.59408853475,15854.596689007934
forecast_0364,2025-01-16 04:00:00,18253.818788219563,18908.601054527935,15901.208869319042
forecast_0365,2025-01-16 05:00:00,18417.505329624746,19241.992541340293,15629.47579251256
forecast_0366,2025-01-16 06:00:00,18847.828653911107,19222.596129072394,16081.142788323536
forecast_0367,2025-01-16 07:00:00,19789.68281874534,19302.25674594317,16131.934358124674
forecast_0368,2025-01-16 08:00:00,19121.049833160912,19023.371895119708,15544.378858458836
forecast_0369,2025-01-16 09:00:00,18677.72361048455,19073.916041051663,15649.725650991622
forecast_0370,2025-01-16 10:00:00,19055.367087748462,18913.430656256856,16408.116575137166
forecast_0371,2025-01-16 11:00:00,19171.344573320428,18760.63213527657,16117.602841830167
forecast_0372,2025-01-16 12:00:00,17900.2342033969,17197.615480507287,15151.440334129991
forecast_0373,2025-01-16 13:00:00,16930.380238597518,15773.528426917926,14644.562921687615
forecast_0374,2025-01-16 14:00:00,16738.345332870562,15630.464163250104,14339.058103117197
forecast_0375,2025-01-16 15:00:00,16968.663260737063,15517.61206382285,14381.869687973453
forecast_0376,2025-01-16 16:00:00,17283.071972477268,16409.16373991458,14298.086173979538
forecast_0377,2025-01-16 17:00:00,17519.061791943033,16594.139306460253,15914.329237688547
forecast_0378,2025-01-16 18:00:00,17682.614199863237,17235.952828840615,15641.70058643035
forecast_0379,2025-01-16 19:00:00,16504.747106878494,16132.903507191133,14425.001121081837
forecast_0380,2025-01-16 20:00:00,12841.82603885556,12673.62574895554,10143.029804098405
forecast_0381,2025-01-16 21:00:00,11781.859257996688,11034.00446242299,9050.907906003538
forecast_0382,2025-01-16 22:00:00,10973.103924773226,10622.122861598293,6730.099515991751
forecast_0383,2025-01-16 23:00:00,8042.621035572914,8487.559720093504,4990.180876473855
forecast_0384,2025-01-17 00:00:00,4733.3958902851,4082.0514456470382,3032.7885606749965
forecast_0385,2025-01-17 01:00:00,2962.25240130878,2139.2648065659837,1743.6616005731266
forecast_0386,2025-01-17 02:00:00,1166.9362056970822,1134.3707127180035,1097.5767517348004
forecast_0387,2025-01-17 03:00:00,675.7153279639361,733.1521421270842,647.9392176121737
forecast_0388,2025-01-17 04:00:00,740.9064322911578,789.754522589609,581.201512663425
forecast_0389,2025-01-17 05:00:00,798.687938402187,817.9700313206678,465.29336512244646
forecast_0390,2025-01-17 06:00:00,932.523002615632,863.756433160511,527.742310325172
forecast_0391,2025-01-17 07:00:00,1142.5168305248171,1371.0743767472661,637.4791147423831
forecast_0392,2025-01-17 08:00:00,1484.8084639384476,1747.667938137812,943.5675246898012
forecast_0393,2025-01-17 09:00:00,1489.3558627669556,1464.497420867304,699.5276873215146
forecast_0394,2025-01-17 10:00:00,821.4010703502767,802.5042820551964,442.40622687937395
forecast_0395,2025-01-17 11:00:00,603.3641524138109,604.421611234791,460.4311340412336
forecast_0396,2025-01-17 12:00:00,626.5211848000303,510.65475790329344,586.5117488763966
forecast_0397,2025-01-17 13:00:00,1259.6785633242823,921.403406480483,887.8093971817271
forecast_0398,2025-01-17 14:00:00,1649.3532868157763,1362.559403966029,1311.369333884713
forecast_0399,2025-01-17 15:00:00,1794.837768374711,1893.852719661492,1730.2946850039982
forecast_0400,2025-01-17 16:00:00,3179.6512160143716,2959.247117198004,2224.7677708205565
forecast_0401,2025-01-17 17:00:00,7237.375371653687,6510.10728342502,4799.522699375652
forecast_0402,2025-01-17 18:00:00,9058.069547183939,8181.577880534879,6147.244054584063
forecast_0403,2025-01-17 19:00:00,11030.108803488927,10710.850404872543,8064.281326038217
forecast_0404,2025-01-17 20:00:00,12834.56022494998,12394.086671650814,9971.137371158211
forecast_0405,2025-01-17 21:00:00,14755.20242266655,13658.375749141971,10230.004653171
forecast_0406,2025-01-17 22:00:00,15133.877259303197,12938.769348279138,9736.564297550054
forecast_0407,2025-01-17 23:00:00,15263.107067442763,13113.653043090908,10211.42824728868
forecast_0408,2025-01-18 00:00:00,14785.043995168708,12420.56226048624,10205.81133312315
forecast_0409,2025-01-18 01:00:00,12202.639001473482,9883.54869885116,8161.313413842051
forecast_0410,2025-01-18 02:00:00,12186.410733755096,10200.041157340742,7679.525490495518
forecast_0411,2025-01-18 03:00:00,14272.95654185445,11393.554801327704,9816.935394641077
forecast_0412,2025-01-18 04:00:00,15925.810162298443,13177.878673321173,10608.800990127289
forecast_0413,2025-01-18 05:00:00,17249.504853603958,14467.411196810595,11273.550025528777
forecast_0414,2025-01-18 06:00:00,15187.324716960255,12177.075107309343,9526.5395112242
forecast_0415,2025-01-18 07:00:00,13317.847272818151,10395.376109661673,8286.419778048481
forecast_0416,2025-01-18 08:00:00,10757.205073676982,9274.270387560322,5450.200188356491
forecast_0417,2025-01-18 09:00:00,6551.770901921991,4184.545384911023,3152.5432541132545
forecast_0418,2025-01-18 10:00:00,4859.710515816675,3446.8651394307694,2329.920995236666
forecast_0419,2025-01-18 11:00:00,4007.6608958936768,3312.169556996104,2396.7671873048876
forecast_0420,2025-01-18 12:00:00,4771.964379210223,4411.817291793009,3094.409078346424
forecast_0421,2025-01-18 13:00:00,3455.7072885380726,3173.401404437311,2221.60902057276
forecast_0422,2025-01-18 14:00:00,3339.6476615426914,2812.2144892746323,2393.578003382644
forecast_0423,2025-01-18 15:00:00,3425.2264185015947,3336.1016256113053,2666.618924112756
forecast_0424,2025-01-18 16:00:00,6686.957220431049,5620.474697397057,3501.987037062097
forecast_0425,2025-01-18 17:00:00,9903.597748133292,9960.695599973085,7460.4206965628155
forecast_0426,2025-01-18 18:00:00,16022.015058434228,13992.136025944941,11420.232406432593
forecast_0427,2025-01-18 19:00:00,16924.695161053867,15676.450194124627,12406.84451422696
forecast_0428,2025-01-18 20:00:00,18832.699848695072,17572.67914289674,14690.428351214045
forecast_0429,2025-01-18 21:00:00,19183.70339001457,17953.12863603786,15142.479490544049
forecast_0430,2025-01-18 22:00:00,19539.058859741166,17993.021650961517,14932.178482773217
forecast_0431,2025-01-18 23:00:00,18599.155951761782,17539.33551986818,13105.747348127585
forecast_0432,2025-01-19 00:00:00,17977.317645305826,17009.378610949858,12815.63359539803
forecast_0433,2025-01-19 01:00:00,17495.00628273756,16374.72494084416,12004.373857365863
forecast_0434,2025-01-19 02:00:00,17594.128103644412,16197.512266460759,11928.893887829408
forecast_0435,2025-01-19 03:00:00,18637.72218982539,17072.357286805996,13100.168865718155
forecast_0436,2025-01-19 04:00:00,19584.043576884796,18056.239931142813,14014.572672674152
forecast_0437,2025-01-19 05:00:00,19653.48488814534,17956.19464346327,14432.56888095727
forecast_0438,2025-01-19 06:00:00,19512.52255299044,18122.56766691801,14665.168616101011
forecast_0439,2025-01-19 07:00:00,19982.902210563356,18211.97587326048,14914.451181454213
forecast_0440,2025-01-19 08:00:00,19460.526564220476,17675.157782990278,14157.241858780857
forecast_0441,2025-01-19 09:00:00,17944.64933550793,15897.939640960569,12653.606124408718
forecast_0442,2025-01-19 10:00:00,14857.802576652319,13219.004128645482,10754.248896520196
forecast_0443,2025-01-19 11:00:00,13087.998923771645,12716.835331946022,8998.608946225646
forecast_0444,2025-01-19 12:00:00,10794.809133563786,12726.80533973496,8531.732039501674
forecast_0445,2025-01-19 13:00:00,10268.937537150769,10752.892623704893,7833.581982424848
forecast_0446,2025-01-19 14:00:00,9017.806837418359,9493.706797280374,6971.975077065899
forecast_0447,2025-01-19 15:00:00,7189.719657772228,7181.117568854463,4858.901039026975
forecast_0448,2025-01-19 16:00:00,7363.19500488086,7562.3293657587565,5485.619098948642
forecast_0449,2025-01-19 17:00:00,10580.96861224223,10696.893742883067,7143.847191625347
forecast_0450,2025-01-19 18:00:00,12756.640588332217,11533.662557839136,9489.43863208009
forecast_0451,2025-01-19 19:00:00,13669.984901108963,12756.865546601995,9161.397689014622
forecast_0452,2025-01-19 20:00:00,12730.727092269732,12595.747622931303,9321.70805283993
forecast_0453,2025-01-19 21:00:00,13091.484428318196,13684.709142068328,10120.424173550084
forecast_0454,2025-01-19 22:00:00,12131.048748808604,12308.903160595512,9205.67793417082
forecast_0455,2025-01-19 23:00:00,10807.241904947496,11701.478316656856,8177.6093645395495
forecast_0456,2025-01-20 00:00:00,10017.153140545908,10814.263178416413,7365.055687987075
forecast_0457,2025-01-20 01:00:00,9887.753099448646,8354.098786610299,6337.148809272784
forecast_0458,2025-01-20 02:00:00,8786.9964677841,7238.265208536285,5040.690832157975
forecast_0459,2025-01-20 03:00:00,7091.725690950778,5693.596811609236,4273.444700823186
forecast_0460,2025-01-20 04:00:00,6136.847543882866,4623.008649831877,3371.2889511589838
forecast_0461,2025-01-20 05:00:00,5131.759327819785,4175.8784789631445,2786.093450635933
forecast_0462,2025-01-20 06:00:00,2351.01888373035,1794.0686868236146,1203.4005073918895
forecast_0463,2025-01-20 07:00:00,2019.0215806877898,1412.9613375091023,892.9556801549786
forecast_0464,2025-01-20 08:00:00,1515.6061546596086,987.1310814806643,811.6924496335444
forecast_0465,2025-01-20 09:00:00,1308.568783179565,829.0065319624991,446.00705557003806
forecast_0466,2025-01-20 10:00:00,705.743911393795,508.08503087470615,304.95281666610265
forecast_0467,2025-01-20 11:00:00,221.16153316233775,197.8385662933684,114.0773424144137
forecast_0468,2025-01-20 12:00:00,191.03093992887747,153.32380408391856,126.44740220297616
forecast_0469,2025-01-20 13:00:00,173.84586832005112,129.89639594280422,129.71512999360542
forecast_0470,2025-01-20 14:00:00,152.59536218165732,127.09227782469637,139.95941833574076
forecast_0471,2025-01-20 15:00:00,137.61719089071693,123.6552895340315,133.70360749393734
forecast_0472,2025-01-20 16:00:00,187.0729113364789,261.6825002296585,225.452462276777
forecast_0473,2025-01-20 17:00:00,257.21064602429846,248.7027751953546,130.9670205489559
forecast_0474,2025-01-20 18:00:00,318.2506580481549,234.66002044767112,96.15702356560259
forecast_0475,2025-01-20 19:00:00,337.48355500320685,213.66932780706802,94.25411281534922
forecast_0476,2025-01-20 20:00:00,317.85207544237693,233.92945965584272,100.73857986899404
forecast_0477,2025-01-20 21:00:00,443.3812439804016,487.67233431574493,167.42445697373316
forecast_0478,2025-01-20 22:00:00,1085.2373458679715,1162.8464810236926,503.81797061371475
forecast_0479,2025-01-20 23:00:00,1290.843500245902,1264.5305304678209,641.4628948028745
forecast_0480,2025-01-21 00:00:00,1498.766235045585,1282.1431167031715,704.7384602209063
forecast_0481,2025-01-21 01:00:00,2275.6259534517967,2311.3341170686476,1308.6886159121455
forecast_0482,2025-01-21 02:00:00,2418.6644349207186,2241.569117057106,1450.127141422968
forecast_0483,2025-01-21 03:00:00,2900.248419761565,2293.1171243796484,1397.3347215524325
forecast_0484,2025-01-21 04:00:00,3759.301884251538,2476.607467452081,1899.558480936229
forecast_0485,2025-01-21 05:00:00,3953.252615059598,2601.8970057856473,2073.3738306610885
forecast_0486,2025-01-21 06:00:00,4053.1674615232682,2189.8945885757485,1949.4508950473285
forecast_0487,2025-01-21 07:00:00,2649.066828260052,2201.3615659903303,2044.6147053634747
forecast_0488,2025-01-21 08:00:00,2177.0967680494914,1717.0525694922096,1789.918444663893
forecast_0489,2025-01-21 09:00:00,1795.3733558621102,1290.3809744280911,1023.9991028435401
forecast_0490,2025-01-21 10:00:00,1714.8586433099906,1082.9705482892398,1106.8889459354748
forecast_0491,2025-01-21 11:00:00,1321.3004591597016,1202.6820171129616,952.2693088890721
forecast_0492,2025-01-21 12:00:00,1812.8529825128776,1476.0298271589745,1228.8365243940998
forecast_0493,2025-01-21 13:00:00,1287.3324160538916,1508.747300436218,1231.6370764101664
forecast_0494,2025-01-21 14:00:00,2108.513215519989,1741.7545973744982,1691.319771791768
forecast_0495,2025-01-21 15:00:00,3153.583152065999,2812.3795269484403,2628.865832401339
forecast_0496,2025-01-21 16:00:00,4248.386337792781,3681.067435594474,2879.779938783285
forecast_0497,2025-01-21 17:00:00,5521.096778668392,5430.3766970502265,3573.4207089890797
forecast_0498,2025-01-21 18:00:00,7679.7837317453905,7809.165861226717,5954.557066053116
forecast_0499,2025-01-21 19:00:00,9764.190243399322,10898.551807894051,7373.697161120431
forecast_0500,2025-01-21 20:00:00,11605.065774940927,11672.14274785986,8643.457570394945
forecast_0501,2025-01-21 21:00:00,12642.836256563858,12917.512483079994,8946.766032662073
forecast_0502,2025-01-21 22:00:00,11660.991712481931,13094.390027675081,9093.617297194878
forecast_0503,2025-01-21 23:00:00,11940.48300095706,12755.666469540529,9651.889343775938
forecast_0504,2025-01-22 00:00:00,11132.694729444638,12402.270877592584,8651.982252940317
forecast_0505,2025-01-22 01:00:00,8793.475977655584,9120.525262410147,6492.023234337577
forecast_0506,2025-01-22 02:00:00,9736.081883056851,10021.504201402277,7874.173792165127
forecast_0507,2025-01-22 03:00:00,10914.199703930908,12721.140190763563,8642.912329893552
forecast_0508,2025-01-22 04:00:00,12091.456544345214,13516.639719467557,9956.444232594586
forecast_0509,2025-01-22 05:00:00,12891.033516908192,13155.594535302496,10326.179178015884
forecast_0510,2025-01-22 06:00:00,14450.915499360392,13444.795306649143,11311.210486870392
forecast_0511,2025-01-22 07:00:00,14017.491332932026,13517.591260996975,10712.439466825177
forecast_0512,2025-01-22 08:00:00,13569.968269193685,12998.726535678717,9823.592366204884
forecast_0513,2025-01-22 09:00:00,12518.213598166718,11349.160153073675,9278.618699786575
forecast_0514,2025-01-22 10:00:00,13241.447096483136,12574.780840634738,10831.707571678393
forecast_0515,2025-01-22 11:00:00,11392.837848168223,11246.222903485019,9416.63371174427
forecast_0516,2025-01-22 12:00:00,8967.869361061454,9279.650781124295,6898.14851389746
forecast_0517,2025-01-22 13:00:00,7105.815643354438,6095.4783167720525,4935.939875017359
forecast_0518,2025-01-22 14:00:00,5462.833061233835,4556.296977108011,3290.992760423538
forecast_0519,2025-01-22 15:00:00,4275.993375385767,3390.8886564715167,2812.2639257526926
forecast_0520,2025-01-22 16:00:00,5588.538847931104,4552.097289339196,4776.00393739128
forecast_0521,2025-01-22 17:00:00,5967.1877986828695,5686.200430435545,4797.223234389498
forecast_0522,2025-01-22 18:00:00,9100.561782311453,9154.727012512303,5968.964725085523
forecast_0523,2025-01-22 19:00:00,9089.865221019218,9712.454202107574,5329.852077809482
forecast_0524,2025-01-22 20:00:00,8447.8408112596,9611.990256596251,5210.731805526305
forecast_0525,2025-01-22 21:00:00,8740.168603923426,9679.686856669114,5190.992194401214
forecast_0526,2025-01-22 22:00:00,8785.41023752913,10164.984397383112,5190.230622918364
forecast_0527,2025-01-22 23:00:00,9313.999719769738,10023.133516526486,5332.111703939871
forecast_0528,2025-01-23 00:00:00,9822.867227780262,10601.481665003976,5587.45164721065
forecast_0529,2025-01-23 01:00:00,12411.835184460359,13381.839935404045,8884.072529431527
forecast_0530,2025-01-23 02:00:00,12129.824733953657,13756.205268963886,8995.629241204158
forecast_0531,2025-01-23 03:00:00,12522.037832047807,13711.06841436551,9313.00717329759
forecast_0532,2025-01-23 04:00:00,12359.496202185077,13393.490166548483,8306.068623593508
forecast_0533,2025-01-23 05:00:00,11266.43639166779,12960.227595037471,8052.639343675258
forecast_0534,2025-01-23 06:00:00,10292.20405278962,11458.922392396025,6773.602372709188
forecast_0535,2025-01-23 07:00:00,10321.7438345484,11203.19474385979,6205.013831606072
forecast_0536,2025-01-23 08:00:00,9043.600081490584,9838.254385669967,6039.35562668499
forecast_0537,2025-01-23 09:00:00,6902.268782578009,7661.699584458807,4257.8187671936685
forecast_0538,2025-01-23 10:00:00,5041.736613784418,5145.608367561235,3056.6950321632517
forecast_0539,2025-01-23 11:00:00,3916.630943495382,3707.056558677347,2089.3693361435066
forecast_0540,2025-01-23 12:00:00,3123.182814488034,2777.722067665209,2187.314818310501
forecast_0541,2025-01-23 13:00:00,2781.5011245111514,2316.4075099672677,1929.3795592059307
forecast_0542,2025-01-23 14:00:00,2250.6968872065327,2237.8739710584855,1643.3999795955992
forecast_0543,2025-01-23 15:00:00,2252.508314545829,1641.8246991865021,1339.063240976774
forecast_0544,2025-01-23 16:00:00,1619.4067988178547,1415.2044249694902,1170.6204680237602
forecast_0545,2025-01-23 17:00:00,1802.5475313767543,1458.6287748304544,815.7764012040774
forecast_0546,2025-01-23 18:00:00,2374.6840306629833,2162.044033305909,1419.6207739034537
forecast_0547,2025-01-23 19:00:00,2408.8904899970476,2362.0919787792523,1469.871725287568
forecast_0548,2025-01-23 20:00:00,2249.810264521147,1776.3607885811034,1180.4570871156359
forecast_0549,2025-01-23 21:00:00,1561.7912472628516,1307.0331582251124,1039.430963162279
forecast_0550,2025-01-23 22:00:00,2689.175019370555,2026.1624172874442,1005.4805091756685
forecast_0551,2025-01-23 23:00:00,3195.1278698883916,2561.843000905299,1450.3683081132697
forecast_0552,2025-01-24 00:00:00,3127.1380336181164,2200.6477790183085,1447.5973306183118
forecast_0553,2025-01-24 01:00:00,1063.8192371265227,859.6162917055914,462.0191009363162
forecast_0554,2025-01-24 02:00:00,1197.906224544928,1021.1721508886741,666.6317942644491
forecast_0555,2025-01-24 03:00:00,1525.224281849743,1167.2428117789136,694.608008716042
forecast_0556,2025-01-24 04:00:00,1175.7248888565564,888.1114107287317,498.7635045030262
forecast_0557,2025-01-24 05:00:00,744.3434036502063,619.9332636560328,250.32487807060227
forecast_0558,2025-01-24 06:00:00,643.3057167638353,602.177147353086,223.61820685338319
forecast_0559,2025-01-24 07:00:00,909.5084395054078,759.9191002746317,223.69725460303258
forecast_0560,2025-01-24 08:00:00,695.5752589992886,658.3852558496146,120.44934928989969
forecast_0561,2025-01-24 09:00:00,450.7356706212901,432.2449698401092,115.38544504099222
forecast_0562,2025-01-24 10:00:00,208.99263024173206,177.59874096686534,105.92156651128627
forecast_0563,2025-01-24 11:00:00,150.3388378408855,123.57975521546462,101.33212600977103
forecast_0564,2025-01-24 12:00:00,150.947176837244,134.97244993859516,115.87832627007337
forecast_0565,2025-01-24 13:00:00,247.4277026156246,354.8338009697421,289.0049652454226
forecast_0566,2025-01-24 14:00:00,294.97860199995773,399.855103005235,402.1613635182972
forecast_0567,2025-01-24 15:00:00,348.1207229224086,419.3108458218515,471.8197111861177
forecast_0568,2025-01-24 16:00:00,306.4817699130436,457.00981349608935,362.21024086188993
forecast_0569,2025-01-24 17:00:00,558.1404454811114,667.4054500955796,419.5381637680174
forecast_0570,2025-01-24 18:00:00,547.8787117278898,736.3214648765371,493.90033997661885
forecast_0571,2025-01-24 19:00:00,1206.959980812754,1385.8321434227696,735.417748378184
forecast_0572,2025-01-24 20:00:00,2433.515307479912,2064.8196032571764,948.8328363979816
forecast_0573,2025-01-24 21:00:00,2266.0226501361153,1920.9669934915007,1036.531689746242
forecast_0574,2025-01-24 22:00:00,2466.2621327765833,2056.3705640969633,1104.4469972089619
forecast_0575,2025-01-24 23:00:00,2112.0095334030834,2687.556727126109,1727.6415212635109
forecast_0576,2025-01-25 00:00:00,2964.640654227068,2901.0808988101007,2257.3813428288377
forecast_0577,2025-01-25 01:00:00,858.8928038680332,844.0770634786657,659.364359984034
forecast_0578,2025-01-25 02:00:00,559.4080624028704,501.1197951938133,427.36991678914876
forecast_0579,2025-01-25 03:00:00,1271.6090541070753,2043.5586820304059,1209.360314669811
forecast_0580,2025-01-25 04:00:00,1384.991103389843,2301.7870002002082,1465.9827523183894
forecast_0581,2025-01-25 05:00:00,1365.4740624038884,2029.4848910791798,1717.4762593640276
forecast_0582,2025-01-25 06:00:00,1613.6188791454647,2316.7526825070836,2034.3100696920633
forecast_0583,2025-01-25 07:00:00,1426.8836048716514,1943.500082435874,1841.38319069937
forecast_0584,2025-01-25 08:00:00,1311.5532675762902,2016.4155973801976,1796.692527332539
forecast_0585,2025-01-25 09:00:00,1413.9688220695857,2113.9172095728286,1624.0945917580748
forecast_0586,2025-01-25 10:00:00,1286.4206939325975,1870.3292178023898,1713.1650388351613
forecast_0587,2025-01-25 11:00:00,1466.6335110877703,2197.3197920856724,1817.5348729752563
forecast_0588,2025-01-25 12:00:00,1411.9206820760128,1965.8739645269623,1692.8555562416707
forecast_0589,2025-01-25 13:00:00,991.9746079151895,1309.6116627681743,1066.9252728859055
forecast_0590,2025-01-25 14:00:00,792.2277043007014,1119.0533202016916,955.5079609019585
forecast_0591,2025-01-25 15:00:00,608.8121128351195,709.0130735713209,592.2478852805473
forecast_0592,2025-01-25 16:00:00,761.9191315456932,904.6772362263691,805.316638458405
forecast_0593,2025-01-25 17:00:00,1057.4753774217763,1654.3246822326325,913.9639532121614
forecast_0594,2025-01-25 18:00:00,1257.2510357382755,1966.659059702528,929.3490844371956
forecast_0595,2025-01-25 19:00:00,1586.8890901513641,2367.507465451082,1184.6436702528122
forecast_0596,2025-01-25 20:00:00,1808.4386629723742,2632.1614508030166,1643.4546486216125
forecast_0597,2025-01-25 21:00:00,2785.0962127920648,3556.0713781179015,2007.1409440090401
forecast_0598,2025-01-25 22:00:00,3696.1080839045685,4711.915088096412,2246.2532580475313
forecast_0599,2025-01-25 23:00:00,3794.517489539072,4871.242775409727,2010.18872251207
forecast_0600,2025-01-26 00:00:00,3695.15365519993,3921.284136527075,2171.1712964139783
forecast_0601,2025-01-26 01:00:00,4596.537751713024,4357.4298823005865,2488.518802288703
forecast_0602,2025-01-26 02:00:00,3504.757347734995,4416.564888963401,2586.5922559445503
forecast_0603,2025-01-26 03:00:00,3290.928483651036,3797.686893892181,2246.803491597242
forecast_0604,2025-01-26 04:00:00,2363.2073698506088,3268.962288992241,1687.324916701968
forecast_0605,2025-01-26 05:00:00,2551.5182685425784,3171.8225942676904,1792.6614620671824
forecast_0606,2025-01-26 06:00:00,1990.4647616471009,2970.334904571001,1635.6930046065972
forecast_0607,2025-01-26 07:00:00,2382.6511531795168,2603.414401253698,1491.8049500484653
forecast_0608,2025-01-26 08:00:00,2724.633813707438,2186.0616700237215,1206.7300614629041
forecast_0609,2025-01-26 09:00:00,1307.281041292796,1656.8159534751815,882.6110741357338
forecast_0610,2025-01-26 10:00:00,1129.5528006938573,895.0139672863634,601.192704635003
forecast_0611,2025-01-26 11:00:00,1448.6962282719446,1448.5696741446266,1043.8805083192588
forecast_0612,2025-01-26 12:00:00,874.3853190807257,989.5236872654237,637.7259860549705
forecast_0613,2025-01-26 13:00:00,554.9658328732909,747.5354475779692,461.26421882770063
forecast_0614,2025-01-26 14:00:00,409.819524537918,474.76337915082314,277.2216363776254
forecast_0615,2025-01-26 15:00:00,260.3303875615759,305.3574130667003,195.9277168166261
forecast_0616,2025-01-26 16:00:00,341.1466971003512,291.6549298464554,148.88083169010253
forecast_0617,2025-01-26 17:00:00,388.9187069551054,297.0757828657019,129.88534632632735
forecast_0618,2025-01-26 18:00:00,310.6558925331733,232.19266143938185,107.64084188502177
forecast_0619,2025-01-26 19:00:00,619.5298946841395,413.67055072227777,105.77753321004403
forecast_0620,2025-01-26 20:00:00,595.2019732168775,665.7952370839903,143.86390822202742
forecast_0621,2025-01-26 21:00:00,880.1590531256951,765.7850705519468,453.7891919681444
forecast_0622,2025-01-26 22:00:00,883.9615622802751,623.0133023655737,390.1167421706178
forecast_0623,2025-01-26 23:00:00,1019.7450402310868,620.9919615952251,423.6867658241067
forecast_0624,2025-01-27 00:00:00,869.9876713061199,737.5861997012374,413.2952478413161
forecast_0625,2025-01-27 01:00:00,801.867860051159,863.6198442666357,457.20136151936936
forecast_0626,2025-01-27 02:00:00,871.4309334582713,805.4760692812066,447.63589816331483
forecast_0627,2025-01-27 03:00:00,1037.9173048527744,1000.9947172410043,493.0584718925404
forecast_0628,2025-01-27 04:00:00,1703.2079402758989,1340.7181026108735,695.2664110212899
forecast_0629,2025-01-27 05:00:00,1903.871317432179,1675.2041984905236,899.6293172737098
forecast_0630,2025-01-27 06:00:00,1687.0911289249357,1117.8296364079988,709.4949034847897
forecast_0631,2025-01-27 07:00:00,2242.6998347410877,1754.4168437323194,771.7179088476853
forecast_0632,2025-01-27 08:00:00,3441.959767614163,2518.2609637276432,822.4816490610315
forecast_0633,2025-01-27 09:00:00,3274.4300927198447,2669.3467502043477,1180.6829632402425
forecast_0634,2025-01-27 10:00:00,2744.7314041832697,2310.466525812719,1028.6411869778149
forecast_0635,2025-01-27 11:00:00,3648.344801196694,3757.346678389615,2353.026896425914
forecast_0636,2025-01-27 12:00:00,7166.248892738408,6789.801676320465,4735.303979593242
forecast_0637,2025-01-27 13:00:00,10747.220911368482,10971.303759620858,10110.730988878158
forecast_0638,2025-01-27 14:00:00,15360.006344572335,14353.756254300823,13049.499207976856
forecast_0639,2025-01-27 15:00:00,17087.287461226275,16934.94985478165,13215.7270640837
forecast_0640,2025-01-27 16:00:00,17666.82334521865,17483.13112073783,14957.594453694397
forecast_0641,2025-01-27 17:00:00,17881.675177135643,17633.933740726014,14677.52388182159
forecast_0642,2025-01-27 18:00:00,17287.01435117384,17459.756257761335,13257.58248295815
forecast_0643,2025-01-27 19:00:00,17014.462151168293,17409.69988748933,12160.375510173932
forecast_0644,2025-01-27 20:00:00,16905.692624397998,17186.679163482928,13019.580632200563
forecast_0645,2025-01-27 21:00:00,16858.31441143228,17246.12540453139,13256.651629001673
forecast_0646,2025-01-27 22:00:00,16848.35059492869,17289.535701070196,13232.53714927088
forecast_0647,2025-01-27 23:00:00,16532.080443100782,17505.447391131995,13269.409647858382
forecast_0648,2025-01-28 00:00:00,17007.597806313814,17376.874965952113,13556.907351220321
forecast_0649,2025-01-28 01:00:00,16935.79158295675,17158.181654802556,13886.18387342349
forecast_0650,2025-01-28 02:00:00,16558.865901686924,17410.145442728986,14188.869587589634
forecast_0651,2025-01-28 03:00:00,16666.44699204756,17245.466191095806,14006.1346211756
forecast_0652,2025-01-28 04:00:00,16163.243670924881,17125.80405112174,12968.445654425144
forecast_0653,2025-01-28 05:00:00,16169.032244326589,17247.268887968003,14642.462277547353
forecast_0654,2025-01-28 06:00:00,16569.30002711142,17344.693494897205,15083.752028712499
forecast_0655,2025-01-28 07:00:00,16423.70789098192,17062.097261187562,15887.04127633038
forecast_0656,2025-01-28 08:00:00,16721.537143915848,17075.584144809967,15815.360633232613
forecast_0657,2025-01-28 09:00:00,16982.057751770382,17084.75466874291,15278.901923969875
forecast_0658,2025-01-28 10:00:00,16996.844910426364,16533.383954769113,15973.776648422738
forecast_0659,2025-01-28 11:00:00,16583.12787694267,16626.30778684641,15773.049002665995
forecast_0660,2025-01-28 12:00:00,16727.83216087734,16449.88486025144,15718.506400843702
forecast_0661,2025-01-28 13:00:00,15839.044661024505,16159.690489520712,14130.218886232218
forecast_0662,2025-01-28 14:00:00,15475.473347658868,16122.648451052022,13773.352925876145
forecast_0663,2025-01-28 15:00:00,15401.780794387287,16126.281647146792,13165.676921102726
forecast_0664,2025-01-28 16:00:00,15353.292939037252,16223.754406744767,13001.193262833911
forecast_0665,2025-01-28 17:00:00,14674.975039946728,16047.086074398056,13237.499850884866
forecast_0666,2025-01-28 18:00:00,15050.652529398541,16079.077401929499,13061.970786203312
forecast_0667,2025-01-28 19:00:00,14929.203525306444,16545.542413902534,13411.64088120264
forecast_0668,2025-01-28 20:00:00,15432.07145076107,17209.960268365987,13793.336048162106
forecast_0669,2025-01-28 21:00:00,15355.152007034603,17489.726968362073,13714.786317045384
forecast_0670,2025-01-28 22:00:00,16105.620504052988,17538.259617055148,14716.74166169656
forecast_0671,2025-01-28 23:00:00,16824.36875571759,17764.36867272926,15224.94411323738
forecast_0672,2025-01-29 00:00:00,16673.61628284752,17929.034783669045,14994.226575601677
forecast_0673,2025-01-29 01:00:00,17266.421008016216,17633.313251755466,15099.524788505007
forecast_0674,2025-01-29 02:00:00,17641.25245528553,17797.16711019543,15354.631507489226
forecast_0675,2025-01-29 03:00:00,17464.151453138165,17826.783314957298,15366.953180188655
forecast_0676,2025-01-29 04:00:00,17606.04807136545,18151.88680226706,14836.570687171146
forecast_0677,2025-01-29 05:00:00,17356.53837836322,18047.803159406365,14833.094860602221
forecast_0678,2025-01-29 06:00:00,17564.34280857362,18268.45370658261,14949.350963132894
forecast_0679,2025-01-29 07:00:00,17526.883968522317,18068.030599650952,15084.497589626295
forecast_0680,2025-01-29 08:00:00,17732.01784678963,18002.41029700635,14726.252089223246
forecast_0681,2025-01-29 09:00:00,18073.269110619196,18063.651459358724,14867.033876152893
forecast_0682,2025-01-29 10:00:00,17382.7635500873,17867.205121467323,15100.584435467224
forecast_0683,2025-01-29 11:00:00,16709.333726650064,17489.113684341428,14395.757949221173
forecast_0684,2025-01-29 12:00:00,17139.29578061461,17585.217074488024,14386.121164428738
forecast_0685,2025-01-29 13:00:00,17182.935576199692,17239.954055742703,14568.462106168043
forecast_0686,2025-01-29 14:00:00,17097.72606120394,16913.863126777982,14890.030379180376
forecast_0687,2025-01-29 15:00:00,16973.05619008288,16584.007661902062,14771.588200433007
forecast_0688,2025-01-29 16:00:00,15293.701405636457,15302.952467836583,14395.783233630144
forecast_0689,2025-01-29 17:00:00,15601.755011278558,15588.898423360928,14061.228017128153
forecast_0690,2025-01-29 18:00:00,15078.464751079578,15815.803636795112,13881.020431713392
forecast_0691,2025-01-29 19:00:00,14690.72905907223,16268.825202194072,13908.56689631856
forecast_0692,2025-01-29 20:00:00,14081.487302164898,15697.803903478913,13536.482638855286
forecast_0693,2025-01-29 21:00:00,14166.766215641583,15739.182162873863,13569.235907214632
forecast_0694,2025-01-29 22:00:00,13985.496628247072,15650.208598560372,13267.412498935306
forecast_0695,2025-01-29 23:00:00,14083.412820958252,15740.721702006114,12945.543995287182
forecast_0696,2025-01-30 00:00:00,13858.128233555513,16114.050973417807,13053.381187609435
forecast_0697,2025-01-30 01:00:00,14609.335691052256,17216.627934293432,13178.939186387115
forecast_0698,2025-01-30 02:00:00,15229.852483112034,17543.82354677193,12783.82249594744
forecast_0699,2025-01-30 03:00:00,15278.812773898408,17426.037586941657,12713.549655516888
forecast_0700,2025-01-30 04:00:00,14562.265399060185,17224.496408579515,12346.097477436773
forecast_0701,2025-01-30 05:00:00,14453.204700318985,17334.790670671715,12104.042431844773
forecast_0702,2025-01-30 06:00:00,14484.39532307528,17174.34385048717,11845.560936947564
forecast_0703,2025-01-30 07:00:00,14616.425981397535,16911.812553018917,11603.157887354258
forecast_0704,2025-01-30 08:00:00,15374.344656003672,16477.475124725785,11623.475817861103
forecast_0705,2025-01-30 09:00:00,15796.84168973818,16325.231314426124,11684.35944709031
forecast_0706,2025-01-30 10:00:00,15940.176959792425,16083.952911881754,11761.793881194782
forecast_0707,2025-01-30 11:00:00,15803.026677913216,15268.322126344498,11380.62124293269
forecast_0708,2025-01-30 12:00:00,15742.068458739635,15131.752856520476,11276.701831160128
forecast_0709,2025-01-30 13:00:00,15753.04919170311,14298.657972892222,10669.39040298407
forecast_0710,2025-01-30 14:00:00,15392.171786531946,13621.127192603868,10601.680754333713
forecast_0711,2025-01-30 15:00:00,15572.9692738932,14029.29075904331,11399.386671864015
forecast_0712,2025-01-30 16:00:00,15632.981160523814,14849.450742829842,11616.257022514495
forecast_0713,2025-01-30 17:00:00,15263.737363675198,15181.305597022705,12163.038342350446
forecast_0714,2025-01-30 18:00:00,16511.465851550554,16235.274622983728,13990.89994363306
forecast_0715,2025-01-30 19:00:00,16579.971393826076,16234.788664671969,14326.562463210596
forecast_0716,2025-01-30 20:00:00,17387.40391590405,16472.873393487513,14802.04342462883
forecast_0717,2025-01-30 21:00:00,17792.569932957354,16746.656525857994,14849.716684077242
forecast_0718,2025-01-30 22:00:00,17965.931760176154,17180.604563064575,14619.32862173317
forecast_0719,2025-01-30 23:00:00,17193.94528371573,16418.505886974857,13828.85122983044
forecast_0720,2025-01-31 00:00:00,16394.826042450855,16158.1430949918,13119.474383135084
forecast_0721,2025-01-31 01:00:00,16446.137499219603,16089.568323705214,13053.363932395423
forecast_0722,2025-01-31 02:00:00,15947.6737665303,15636.269672772896,13152.618369278342
forecast_0723,2025-01-31 03:00:00,15413.003119916315,15037.6526141355,12329.280986025055
forecast_0724,2025-01-31 04:00:00,15368.443755629864,15130.571397994257,12465.528431146453
forecast_0725,2025-01-31 05:00:00,14302.66316883916,14338.457741166054,10875.741167768318
forecast_0726,2025-01-31 06:00:00,14386.722576380078,14045.92058311292,11136.497013243623
forecast_0727,2025-01-31 07:00:00,13732.212547325162,14172.358940676091,11259.584260495003
forecast_0728,2025-01-31 08:00:00,14452.632972061421,14527.312503359772,12475.197987306281
forecast_0729,2025-01-31 09:00:00,13283.21962108868,13765.15557328093,10105.133203491672
forecast_0730,2025-01-31 10:00:00,11722.687148701532,11655.209123349525,9451.43747464985
forecast_0731,2025-01-31 11:00:00,11342.104706918806,11673.674980082136,9826.390737423106
forecast_0732,2025-01-31 12:00:00,10349.141968810864,9846.75880094056,9446.784060359292
forecast_0733,2025-01-31 13:00:00,8525.596012143395,9159.111850575566,7709.798573383805
forecast_0734,2025-01-31 14:00:00,7134.893958314372,7851.240560749868,5882.221430253252
forecast_0735,2025-01-31 15:00:00,6104.39646916369,6230.317140038589,4626.022455992684
forecast_0736,2025-01-31 16:00:00,4431.702673583044,4158.861396399356,3587.7918735953863
forecast_0737,2025-01-31 17:00:00,3414.6016757332486,3410.8404010639106,2696.9953945388943
forecast_0738,2025-01-31 18:00:00,4342.171181222576,3654.9391944573294,2510.033842473958
forecast_0739,2025-01-31 19:00:00,4302.113010235664,3523.546318118507,2460.618789119629
forecast_0740,2025-01-31 20:00:00,3888.364932097737,3484.088422769522,2359.918622783073
forecast_0741,2025-01-31 21:00:00,5428.957556598089,5331.357128042598,3382.5864994947683
forecast_0742,2025-01-31 22:00:00,4204.269158189163,3799.7583861793496,1978.395222665088
forecast_0743,2025-01-31 23:00:00,4726.045347465143,5408.740026103426,2511.2551022649186
forecast_0744,2025-02-01 00:00:00,3969.892372500027,2971.0389332075574,2068.5220085944206
forecast_0745,2025-02-01 01:00:00,6012.14982289615,6603.0964152595225,3542.068390856016
forecast_0746,2025-02-01 02:00:00,4934.989992476472,4782.847924915239,3402.7920843394004
forecast_0747,2025-02-01 03:00:00,3725.8681268039345,3459.126842511863,2114.2854754310247
forecast_0748,2025-02-01 04:00:00,3022.7864976699584,2481.281821874143,1549.3668291139304
forecast_0749,2025-02-01 05:00:00,1928.3691424083734,1524.6327420761716,1287.2425226917849
forecast_0750,2025-02-01 06:00:00,977.6967160070342,881.2329723520528,615.2939242063956
forecast_0751,2025-02-01 07:00:00,611.4838138879778,694.2573448362995,316.01783099181574
forecast_0752,2025-02-01 08:00:00,562.3789026643011,443.41817388344583,159.80678691020591
forecast_0753,2025-02-01 09:00:00,400.418136280997,294.7741079672145,190.04529482761717
forecast_0754,2025-02-01 10:00:00,248.68932958378628,233.82290291476914,148.19950130389222
forecast_0755,2025-02-01 11:00:00,184.865022261668,158.78398355909607,115.49069100454226
forecast_0756,2025-02-01 12:00:00,168.01830420058454,138.11116400156808,107.86687613597115
forecast_0757,2025-02-01 13:00:00,155.41835979602257,130.65539575037045,112.20800398558019
forecast_0758,2025-02-01 14:00:00,179.32267742027497,161.1792308224043,131.54957246200027
forecast_0759,2025-02-01 15:00:00,215.02950953491458,192.29828822510862,152.0511288333901
forecast_0760,2025-02-01 16:00:00,513.2411717245596,615.7971689735987,272.4677615522246
forecast_0761,2025-02-01 17:00:00,514.4791553481525,654.0718788564488,252.32522254642862
forecast_0762,2025-02-01 18:00:00,554.6815228961647,559.415231135925,194.6312369705933
forecast_0763,2025-02-01 19:00:00,455.69125616235516,394.09879564582565,164.15653672689552
forecast_0764,2025-02-01 20:00:00,447.37766077665475,379.871038330835,177.5101864322062
forecast_0765,2025-02-01 21:00:00,409.62789601255304,323.5837271329935,131.18980634199102
forecast_0766,2025-02-01 22:00:00,494.92067217530683,415.98969861788595,150.77023996782188
forecast_0767,2025-02-01 23:00:00,412.94843644916205,281.7514660218268,108.03043306496573
forecast_0768,2025-02-02 00:00:00,532.122370476394,468.19626349373345,151.7964047142578
forecast_0769,2025-02-02 01:00:00,868.3902357820464,802.040601964205,448.2014161986669
forecast_0770,2025-02-02 02:00:00,783.655539984803,720.92048000075,448.45184766877634
forecast_0771,2025-02-02 03:00:00,539.5282050001235,541.420148712111,253.48617515825978
forecast_0772,2025-02-02 04:00:00,541.8766913680677,473.0870019607025,265.47586537531333
forecast_0773,2025-02-02 05:00:00,508.01019067055825,582.2420579507998,197.51051471231833
forecast_0774,2025-02-02 06:00:00,618.3171003143666,632.2741767963738,196.54891649016898
forecast_0775,2025-02-02 07:00:00,580.1343260283478,652.718383925595,209.46585991940407
forecast_0776,2025-02-02 08:00:00,715.4282127706788,647.008184046113,335.8419207108523
forecast_0777,2025-02-02 09:00:00,431.6958688530738,392.515381284918,114.54463928259575
forecast_0778,2025-02-02 10:00:00,473.35851442589825,424.47002441400394,203.20015349919484
forecast_0779,2025-02-02 11:00:00,484.04312338428105,454.7313046694009,256.09682608768753
forecast_0780,2025-02-02 12:00:00,512.4361310501052,470.67956095689874,291.7305667440831
forecast_0781,2025-02-02 13:00:00,358.92369611898323,279.77528165427225,215.84533380911668
forecast_0782,2025-02-02 14:00:00,406.3868384984069,361.4137482839057,316.2493338264314
forecast_0783,2025-02-02 15:00:00,451.54301264495206,403.1157388178179,308.0068612824959
forecast_0784,2025-02-02 16:00:00,675.2039006022324,583.0792768891043,589.7474459166538
forecast_0785,2025-02-02 17:00:00,1878.0325867637634,1468.1916421398898,1165.7599964956394
forecast_0786,2025-02-02 18:00:00,3696.7191878045423,3003.851964870411,2407.695904264279
forecast_0787,2025-02-02 19:00:00,7522.353151286684,7448.341186746612,4772.562494192253
forecast_0788,2025-02-02 20:00:00,10067.239996084487,10640.767236133466,7211.188945319651
forecast_0789,2025-02-02 21:00:00,11440.216232859695,10868.238221213975,8257.186537282409
forecast_0790,2025-02-02 22:00:00,12169.539719683218,11425.031066310461,9091.605568193116
forecast_0791,2025-02-02 23:00:00,14423.271055056397,13604.86361733836,10482.365496338163
forecast_0792,2025-02-03 00:00:00,15091.390876814508,14347.200086557828,10566.031876538927
forecast_0793,2025-02-03 01:00:00,17388.093284764393,16834.833733119198,12539.44564531477
forecast_0794,2025-02-03 02:00:00,17233.260232813296,17543.47629715687,12724.30678067842
forecast_0795,2025-02-03 03:00:00,16680.950255788808,16449.26873475718,12593.151605211733
forecast_0796,2025-02-03 04:00:00,16113.052493418345,15743.483934755202,13402.753405768619
forecast_0797,2025-02-03 05:00:00,14830.33563305293,14479.922456524951,13086.504582984804
forecast_0798,2025-02-03 06:00:00,14829.294338823609,14553.1641353266,13034.329929056801
forecast_0799,2025-02-03 07:00:00,15447.746730634686,14426.604845840315,13439.158872614258
forecast_0800,2025-02-03 08:00:00,15788.721589376346,14992.006142999566,14076.138711542379
forecast_0801,2025-02-03 09:00:00,15796.545501184555,16066.581320835756,13833.48880381297
forecast_0802,2025-02-03 10:00:00,16167.805740929758,15983.391312787586,12605.587996582271
forecast_0803,2025-02-03 11:00:00,16031.637374744445,15838.837838113328,11797.933981530505
forecast_0804,2025-02-03 12:00:00,15839.289993181017,14751.77661438675,11451.73414184374
forecast_0805,2025-02-03 13:00:00,16000.178522689377,13946.815570700854,11313.314955514092
forecast_0806,2025-02-03 14:00:00,15732.05038705371,13639.076105903845,11458.575946005021
forecast_0807,2025-02-03 15:00:00,15429.498665931178,13559.351233014118,11208.58021191111
forecast_0808,2025-02-03 16:00:00,15334.759602845872,14358.512923678732,11449.974097198137
forecast_0809,2025-02-03 17:00:00,15729.22631413519,14763.187368093653,12669.90417424689
forecast_0810,2025-02-03 18:00:00,15763.496928888042,14790.629341081085,13246.659831998311
forecast_0811,2025-02-03 19:00:00,16646.959404620473,15891.204449152689,13961.362862393054
forecast_0812,2025-02-03 20:00:00,16461.37905095319,16137.799393336436,14238.504946739231
forecast_0813,2025-02-03 21:00:00,16713.63708764115,16051.743828899562,13870.234731343646
forecast_0814,2025-02-03 22:00:00,16455.14438645123,15774.665484685669,14467.096106222663
forecast_0815,2025-02-03 23:00:00,16118.704171492926,16016.436424194662,14787.455998368745
forecast_0816,2025-02-04 00:00:00,16250.695675509789,17019.694033165822,14865.532788238137
forecast_0817,2025-02-04 01:00:00,16249.577624024056,16748.904957444338,14494.118803413854
forecast_0818,2025-02-04 02:00:00,16146.25737395743,16423.62209854213,14667.608785694085
forecast_0819,2025-02-04 03:00:00,15204.145313195155,15818.420695955294,14424.36177435677
forecast_0820,2025-02-04 04:00:00,15069.009881711667,15256.545516030686,13780.353220925072
forecast_0821,2025-02-04 05:00:00,14894.592512472185,14665.925926256585,13090.659994697522
forecast_0822,2025-02-04 06:00:00,15042.913438825577,15676.614272115472,13254.758795223941
forecast_0823,2025-02-04 07:00:00,14667.848819294544,14605.766729794605,12536.156216897705
forecast_0824,2025-02-04 08:00:00,11983.955126863633,13386.617975970814,11722.462861320979
forecast_0825,2025-02-04 09:00:00,12744.838547584464,13225.769024687923,11748.005657380394
forecast_0826,2025-02-04 10:00:00,13516.799361703741,13907.090412654235,11971.086609401684
forecast_0827,2025-02-04 11:00:00,13806.12959956966,14407.724800123427,12560.20567418852
forecast_0828,2025-02-04 12:00:00,14101.598481721601,14567.090349016631,12925.780432081865
forecast_0829,2025-02-04 13:00:00,13551.665198463475,13227.15122997121,12651.663995659559
forecast_0830,2025-02-04 14:00:00,13227.029727926934,12762.412543312428,11731.656570665582
forecast_0831,2025-02-04 15:00:00,13476.863497916152,12239.254790041694,12269.907849661038
forecast_0832,2025-02-04 16:00:00,13479.2839342259,14417.034016236801,13078.026778190622
forecast_0833,2025-02-04 17:00:00,13976.379774264637,14920.69497645167,13213.385959263012
forecast_0834,2025-02-04 18:00:00,13977.872138687633,15425.696891921234,13145.779217727862
forecast_0835,2025-02-04 19:00:00,13520.31283740514,14090.860025419188,12909.495648803419
forecast_0836,2025-02-04 20:00:00,14713.45142152641,15164.478385600121,14450.102609063057
forecast_0837,2025-02-04 21:00:00,16228.793537093536,15853.97562724476,14299.31513539946
forecast_0838,2025-02-04 22:00:00,15766.538000582974,15630.46380207434,13601.753947074236
forecast_0839,2025-02-04 23:00:00,15692.32878890708,14987.920641104385,12895.131792143773
forecast_0840,2025-02-05 00:00:00,16420.49454960086,16744.42722441025,13957.940344888531
forecast_0841,2025-02-05 01:00:00,16090.337572723385,17150.431931649728,14532.717140180705
forecast_0842,2025-02-05 02:00:00,15920.182433960483,18185.6642209638,14211.625878599974
forecast_0843,2025-02-05 03:00:00,16954.221567564284,18316.59228867942,13914.386488129003
forecast_0844,2025-02-05 04:00:00,15938.187466566042,17513.51110467498,13563.754060270567
forecast_0845,2025-02-05 05:00:00,14644.517268877515,16716.832663355322,13256.765747489486
forecast_0846,2025-02-05 06:00:00,14651.252286727202,16694.22614372071,12622.221599269764
forecast_0847,2025-02-05 07:00:00,14926.633354556574,16969.578959063067,12328.132149596871
forecast_0848,2025-02-05 08:00:00,14944.34910724375,16649.41532814929,11963.124226315154
forecast_0849,2025-02-05 09:00:00,14432.814249147601,15719.69176681814,12617.302464115364
forecast_0850,2025-02-05 10:00:00,14679.524719092511,15458.08817573785,11441.077632000084
forecast_0851,2025-02-05 11:00:00,14921.198347171827,15416.310938596975,11713.251507444049
forecast_0852,2025-02-05 12:00:00,15441.931562779837,16101.564941879584,12830.219943675096
forecast_0853,2025-02-05 13:00:00,15955.920953512068,16380.150080204949,13028.047636291578
forecast_0854,2025-02-05 14:00:00,16057.100323309529,16179.717818928031,12473.016588963115
forecast_0855,2025-02-05 15:00:00,16100.354605420092,16261.770678404187,12647.135883544366
forecast_0856,2025-02-05 16:00:00,15712.16841866217,16347.517372039905,12904.067484776668
forecast_0857,2025-02-05 17:00:00,15315.654722315447,15667.729546851011,13003.658435876869
forecast_0858,2025-02-05 18:00:00,15102.031731274892,15315.309188269723,13767.351398266896
forecast_0859,2025-02-05 19:00:00,14319.127959827461,14988.08112780601,13401.458833301655
forecast_0860,2025-02-05 20:00:00,14019.461746850413,15019.051356288443,13477.768060392542
forecast_0861,2025-02-05 21:00:00,14256.393184639624,15550.197052625945,13968.798167945813
forecast_0862,2025-02-05 22:00:00,15511.531408229734,16292.978662214968,14247.391798637784
forecast_0863,2025-02-05 23:00:00,15767.072749920017,16640.79960539381,14194.71197265382
forecast_0864,2025-02-06 00:00:00,15285.255119546755,16695.63733628041,13853.714840372626
forecast_0865,2025-02-06 01:00:00,15589.148265426262,15838.940285517869,14319.630441657007
forecast_0866,2025-02-06 02:00:00,15659.022998368258,16242.528247266848,14064.295329867891
forecast_0867,2025-02-06 03:00:00,16237.058191792932,17390.476737312165,13965.709719697985
forecast_0868,2025-02-06 04:00:00,16757.723701632807,17784.4150774848,13521.946333814481
forecast_0869,2025-02-06 05:00:00,16157.716433045716,17631.6742239278,13229.369766143811
forecast_0870,2025-02-06 06:00:00,15992.829439387426,17726.84466766149,12780.380776024329
forecast_0871,2025-02-06 07:00:00,15296.766342611572,16836.108514604446,11161.23969285964
forecast_0872,2025-02-06 08:00:00,15272.057825588323,16893.57002769728,10472.510476629886
forecast_0873,2025-02-06 09:00:00,14509.44976391284,15653.864431423077,11072.601932255733
forecast_0874,2025-02-06 10:00:00,13989.976776916648,14240.455798364115,11002.952274383413
forecast_0875,2025-02-06 11:00:00,14271.312941264134,12992.329109431204,9702.770625943966
forecast_0876,2025-02-06 12:00:00,14226.716805835125,12640.416958500799,9793.097894667346
forecast_0877,2025-02-06 13:00:00,14225.68528456636,13216.762658157244,11199.21075174184
forecast_0878,2025-02-06 14:00:00,14504.239866716563,13148.050137787533,12774.252253928335
forecast_0879,2025-02-06 15:00:00,14087.091163048484,13246.974703738673,12784.079500773885
forecast_0880,2025-02-06 16:00:00,13989.417613329946,13131.947258236656,13257.536411982797
forecast_0881,2025-02-06 17:00:00,13776.381827565536,13562.896067671281,12583.241986079964
forecast_0882,2025-02-06 18:00:00,13638.374823471953,13370.717196918871,13432.502740505432
forecast_0883,2025-02-06 19:00:00,14034.12101224866,14562.932700753165,13746.225535805084
forecast_0884,2025-02-06 20:00:00,15164.29687624611,15178.824828498828,13761.011249109328
forecast_0885,2025-02-06 21:00:00,15051.50828885465,15313.590990518454,13100.424822510759
forecast_0886,2025-02-06 22:00:00,12189.998555342941,11797.289842546992,10243.606775663726
forecast_0887,2025-02-06 23:00:00,13584.278892728978,13473.533659112527,10521.613076746897
forecast_0888,2025-02-07 00:00:00,13719.083665831467,12817.314636843084,9939.578069447676
forecast_0889,2025-02-07 01:00:00,9942.106515100775,11637.678474052296,8277.82236417992
forecast_0890,2025-02-07 02:00:00,8754.268547694232,11244.466065297896,7724.408109389547
forecast_0891,2025-02-07 03:00:00,8995.693677572985,8833.51534611893,6872.436276814606
forecast_0892,2025-02-07 04:00:00,8802.626522314837,9647.808596207626,6511.7398872384265
forecast_0893,2025-02-07 05:00:00,8339.429584450721,10624.693174749802,6271.150477619067
forecast_0894,2025-02-07 06:00:00,6960.756187185723,8284.37925752536,4152.6570863677925
forecast_0895,2025-02-07 07:00:00,5917.085871674899,5727.232520164213,3532.8004308024974
forecast_0896,2025-02-07 08:00:00,5050.600679146769,4199.431264886311,2896.878594990682
forecast_0897,2025-02-07 09:00:00,6259.0184497229075,6039.577010451309,4046.5476302810184
forecast_0898,2025-02-07 10:00:00,7966.341732821592,8544.763767960703,5962.255218628848
forecast_0899,2025-02-07 11:00:00,10895.67633373798,11114.236102899158,9411.345126646022
forecast_0900,2025-02-07 12:00:00,12423.708591909273,13250.732706378512,12019.853611686189
forecast_0901,2025-02-07 13:00:00,13531.65812799848,14424.009165974927,11618.021587347377
forecast_0902,2025-02-07 14:00:00,13825.894142941317,15670.174030393317,10572.468724218159
forecast_0903,2025-02-07 15:00:00,13498.253097506478,15399.465830584657,10565.58284998823
forecast_0904,2025-02-07 16:00:00,13753.512772515853,14848.84917650956,10623.094723983502
forecast_0905,2025-02-07 17:00:00,13280.480283700153,12733.836451146013,9372.962866476219
forecast_0906,2025-02-07 18:00:00,12377.417421297198,11955.544122823156,9104.701652011663
forecast_0907,2025-02-07 19:00:00,12155.94082770209,12321.66346754454,10330.455800231139
forecast_0908,2025-02-07 20:00:00,11393.731673566606,12424.123841505432,10744.371919349656
forecast_0909,2025-02-07 21:00:00,12072.188756262529,13294.36802421006,11343.179508498903
forecast_0910,2025-02-07 22:00:00,11517.35215996858,14183.58634607876,11374.47410148458
forecast_0911,2025-02-07 23:00:00,12633.182754909156,14284.927106443629,10967.073113226257
forecast_0912,2025-02-08 00:00:00,12640.748041805185,14057.013902225432,9820.965806578726
forecast_0913,2025-02-08 01:00:00,10965.150989407255,12846.98461740078,9857.620320659373
forecast_0914,2025-02-08 02:00:00,12844.01034071809,13795.444296268966,10503.546160154447
forecast_0915,2025-02-08 03:00:00,13619.261342787977,14240.808405042864,12520.101614886029
forecast_0916,2025-02-08 04:00:00,13764.281235092663,14629.920422231231,11729.490604413058
forecast_0917,2025-02-08 05:00:00,15169.035690055345,15600.801314936052,11376.151721386426
forecast_0918,2025-02-08 06:00:00,14139.537113020462,14314.62240264413,11663.143344154732
forecast_0919,2025-02-08 07:00:00,12837.101643701393,13696.334312331037,10916.145381731925
forecast_0920,2025-02-08 08:00:00,13612.530650661616,14160.263605347713,11079.193931544167
forecast_0921,2025-02-08 09:00:00,14719.536541832162,14688.991022107099,8850.328471600527
forecast_0922,2025-02-08 10:00:00,9706.63322728012,10179.044009959398,8399.147510507784
forecast_0923,2025-02-08 11:00:00,9189.010858973961,8676.61131412997,7605.394686154826
forecast_0924,2025-02-08 12:00:00,7808.915533294473,8435.672181503413,6875.30871657181
forecast_0925,2025-02-08 13:00:00,5610.527334664336,5626.023878336939,4336.430696295981
forecast_0926,2025-02-08 14:00:00,3316.386177204622,3088.5767234895875,3385.1914352194985
forecast_0927,2025-02-08 15:00:00,3438.904091595996,2908.8651622100892,3285.2782155066266
forecast_0928,2025-02-08 16:00:00,4847.337022559054,3718.99251751039,3774.8458802322884
forecast_0929,2025-02-08 17:00:00,6256.510462462367,5389.274440217072,4803.39551543924
forecast_0930,2025-02-08 18:00:00,7798.563980427826,6297.257361377522,5717.106094510242
forecast_0931,2025-02-08 19:00:00,9362.340960249125,7323.764854411129,7736.761069154029
forecast_0932,2025-02-08 20:00:00,9823.970111826702,7331.293329839491,7673.948791378424
forecast_0933,2025-02-08 21:00:00,11306.030432779637,7968.7385865365395,9893.720212384014
forecast_0934,2025-02-08 22:00:00,15380.1698591159,13884.715075908616,11778.199786447145
forecast_0935,2025-02-08 23:00:00,18650.108264073577,16406.40106526743,13844.319648502615
forecast_0936,2025-02-09 00:00:00,20134.537852869205,18275.901399032336,15090.187603312226
forecast_0937,2025-02-09 01:00:00,17947.90779759131,15527.725094034591,13445.45604220728
forecast_0938,2025-02-09 02:00:00,19677.606884057896,17173.503758604897,14163.85716550638
forecast_0939,2025-02-09 03:00:00,19904.711104974165,17693.737607919666,14897.49575031128
forecast_0940,2025-02-09 04:00:00,20291.39536570607,17905.113097622234,14827.814051545833
forecast_0941,2025-02-09 05:00:00,20310.0173723574,18550.745153907304,15813.416546917895
forecast_0942,2025-02-09 06:00:00,19670.743184007762,17254.528214277616,16039.782798072129
forecast_0943,2025-02-09 07:00:00,18948.946883220506,16775.14169994279,15033.27865703696
forecast_0944,2025-02-09 08:00:00,18822.943730591913,16434.088420682285,13013.337975663018
forecast_0945,2025-02-09 09:00:00,16900.887844503923,16137.315323743478,10385.022453616433
forecast_0946,2025-02-09 10:00:00,13627.039405681657,13558.724348093918,9298.304986262403
forecast_0947,2025-02-09 11:00:00,11569.246009793851,12265.606724601153,8557.78262027372
forecast_0948,2025-02-09 12:00:00,9152.261080193597,10485.061608898917,7585.9756503101435
forecast_0949,2025-02-09 13:00:00,8597.955074955833,9160.182200117,6849.980121689142
forecast_0950,2025-02-09 14:00:00,9918.76761264385,10263.140785342282,7844.022945210269
forecast_0951,2025-02-09 15:00:00,9899.19539365127,9166.039948133532,8152.702245829811
forecast_0952,2025-02-09 16:00:00,13248.451227387643,11595.439693945571,10378.718862613174
forecast_0953,2025-02-09 17:00:00,13891.345291699905,12948.737082433068,11340.988460428207
forecast_0954,2025-02-09 18:00:00,15840.643598601577,14190.278935974251,12435.436195968781
forecast_0955,2025-02-09 19:00:00,15715.864948407561,14587.399947044125,13601.12424191531
forecast_0956,2025-02-09 20:00:00,14960.09848848627,15333.267340142842,13707.767711906292
forecast_0957,2025-02-09 21:00:00,15588.145950688328,15709.703045013617,12832.093756775887
forecast_0958,2025-02-09 22:00:00,16141.11035328589,17244.50309545815,13352.867160804246
forecast_0959,2025-02-09 23:00:00,17680.12028460687,17550.374370683785,14051.504913078625
forecast_0960,2025-02-10 00:00:00,18650.044357356866,18272.213720832275,14744.80715415338
forecast_0961,2025-02-10 01:00:00,18260.30192712644,17853.19872198608,13629.571884050392
forecast_0962,2025-02-10 02:00:00,18479.546660184424,18147.509487051895,14014.457739310985
forecast_0963,2025-02-10 03:00:00,19448.388245852388,18941.653957560873,15365.318309953778
forecast_0964,2025-02-10 04:00:00,20446.87414265942,19125.786767378726,16396.983211033395
forecast_0965,2025-02-10 05:00:00,20486.175370349356,19301.911898705996,16900.111878269832
forecast_0966,2025-02-10 06:00:00,19101.617379527983,19191.17686968245,15796.817034951553
forecast_0967,2025-02-10 07:00:00,19407.627753639066,19265.106365759908,15820.060937783655
forecast_0968,2025-02-10 08:00:00,18210.57991890411,18792.37114449262,14916.557614176972
forecast_0969,2025-02-10 09:00:00,16518.93781248194,17562.92950582343,13647.392081962354
forecast_0970,2025-02-10 10:00:00,15532.31259243433,16501.65134480985,12799.965627260384
forecast_0971,2025-02-10 11:00:00,14947.786081508582,14819.35160573384,12533.845636824222
forecast_0972,2025-02-10 12:00:00,14399.091482958787,13625.63413561746,12654.345599704413
forecast_0973,2025-02-10 13:00:00,14037.046146683751,12784.714731881631,10740.03997492535
forecast_0974,2025-02-10 14:00:00,13930.327917525972,12052.39715670732,10368.62979368655
forecast_0975,2025-02-10 15:00:00,13769.939188185925,11062.832877353045,10654.490540340208
forecast_0976,2025-02-10 16:00:00,13710.747864590094,12395.896317065726,11452.580827305206
forecast_0977,2025-02-10 17:00:00,13678.795886485776,11918.165104901302,10306.957081510249
forecast_0978,2025-02-10 18:00:00,14692.764130689407,13823.007643883218,11659.274274053108
forecast_0979,2025-02-10 19:00:00,14847.34871471374,13806.563806532313,12058.424394422576
forecast_0980,2025-02-10 20:00:00,14524.393708331105,13842.632978720752,11233.863313835049
forecast_0981,2025-02-10 21:00:00,12391.89819721943,11966.355020975168,9484.834580435305
forecast_0982,2025-02-10 22:00:00,12207.819419262505,12071.77982696256,9551.727640658302
forecast_0983,2025-02-10 23:00:00,10466.223872078719,9852.477170149354,8347.31066271169
forecast_0984,2025-02-11 00:00:00,9157.395165517237,9034.829625810627,7220.460051355806
forecast_0985,2025-02-11 01:00:00,10168.940441929992,9750.975179666788,8326.327678452988
forecast_0986,2025-02-11 02:00:00,11089.22782082765,10152.4444360633,8561.535748322278
forecast_0987,2025-02-11 03:00:00,12634.493556603185,11527.342852973152,9982.436113652691
forecast_0988,2025-02-11 04:00:00,11730.16338826546,11041.042012537591,9293.667725872934
forecast_0989,2025-02-11 05:00:00,9508.729359431234,8923.399819129108,6209.836022024581
forecast_0990,2025-02-11 06:00:00,7406.98846829527,7489.655574100834,4381.200741329719
forecast_0991,2025-02-11 07:00:00,6714.09515356944,7146.706872835827,4378.696955100361
forecast_0992,2025-02-11 08:00:00,6534.147591739833,5815.0508933333695,4225.707406280276
forecast_0993,2025-02-11 09:00:00,6863.34664786111,6152.109456994119,4378.919984902377
forecast_0994,2025-02-11 10:00:00,6122.659070060162,4460.658368394485,3245.621514920012
forecast_0995,2025-02-11 11:00:00,4118.533333055665,3291.744703853025,2506.921894644131
forecast_0996,2025-02-11 12:00:00,3361.751847114413,2477.1117082972883,2101.211749236152
forecast_0997,2025-02-11 13:00:00,2733.963580308067,2522.393877723082,2195.10190013798
forecast_0998,2025-02-11 14:00:00,2813.0649898576607,2668.1019898228296,2136.034895641749
forecast_0999,2025-02-11 15:00:00,2032.4959362293544,1732.547500796335,1549.931042119452
forecast_1000,2025-02-11 16:00:00,1402.345104787131,1152.9712623661173,1028.8551046842972
forecast_1001,2025-02-11 17:00:00,1888.0046887678295,1793.3150840609044,1256.515656742475
forecast_1002,2025-02-11 18:00:00,4719.996921178292,4200.661778034941,3402.6918126809674
forecast_1003,2025-02-11 19:00:00,8308.591185931098,7293.258739892792,5515.730877227386
forecast_1004,2025-02-11 20:00:00,9133.498946986101,8828.148330393675,6700.639950630432
forecast_1005,2025-02-11 21:00:00,9849.374234233153,9810.307459217673,7101.101274989489
forecast_1006,2025-02-11 22:00:00,11207.484534967993,11444.985287820575,6978.589932648768
forecast_1007,2025-02-11 23:00:00,17278.23226767894,15580.597696796242,13725.121301588113
forecast_1008,2025-02-12 00:00:00,18959.696813695333,17463.18263094156,13452.925274545489
forecast_1009,2025-02-12 01:00:00,16561.50805160842,15130.86192811294,10947.33345506545
forecast_1010,2025-02-12 02:00:00,17097.51063255485,16911.007386990517,12677.390457295347
forecast_1011,2025-02-12 03:00:00,15795.61977005749,16792.008336241386,12584.821085228361
forecast_1012,2025-02-12 04:00:00,16081.194873065902,16435.03006218691,12628.52345903166
forecast_1013,2025-02-12 05:00:00,15582.196898315171,15974.22974619176,11400.500776677603
forecast_1014,2025-02-12 06:00:00,12732.682231712568,12926.976236863904,9136.453237980468
forecast_1015,2025-02-12 07:00:00,8296.421429130336,9280.15160348735,6535.6826321765475
forecast_1016,2025-02-12 08:00:00,6087.5465690246265,6400.276642601328,3949.7493814645186
forecast_1017,2025-02-12 09:00:00,4845.164152840096,5547.653243108858,4025.9711776703116
forecast_1018,2025-02-12 10:00:00,6140.9138687927025,6974.863409906882,5396.7526294804575
forecast_1019,2025-02-12 11:00:00,7837.534655309849,9330.684600700022,5244.263530423191
forecast_1020,2025-02-12 12:00:00,10572.07998013824,11290.925635312711,8373.59252045473
forecast_1021,2025-02-12 13:00:00,12260.509798668407,12523.893379636802,10334.21326800156
forecast_1022,2025-02-12 14:00:00,14475.18635668249,13187.551949965655,10677.382165343794
forecast_1023,2025-02-12 15:00:00,16427.774807395752,14091.7239191616,13386.81029056043
forecast_1024,2025-02-12 16:00:00,15691.966257047598,14498.792660109804,14409.896801173145
forecast_1025,2025-02-12 17:00:00,16146.90161796694,15049.156933870108,15225.066683954827
forecast_1026,2025-02-12 18:00:00,16257.520299605505,14783.150919826636,15415.752771445923
forecast_1027,2025-02-12 19:00:00,16418.88519710341,15219.961661097333,14912.064066250157
forecast_1028,2025-02-12 20:00:00,16869.802400864784,15150.897432500016,12947.918287644918
forecast_1029,2025-02-12 21:00:00,15703.83682842868,15075.916630508133,12828.570858354824
forecast_1030,2025-02-12 22:00:00,16258.243083974548,15204.02195650391,12637.907867674518
forecast_1031,2025-02-12 23:00:00,16074.50474380208,14978.459340772039,11378.479159097365
forecast_1032,2025-02-13 00:00:00,15402.313342775242,14149.721466093364,10266.314344255798
forecast_1033,2025-02-13 01:00:00,14841.911124537512,13267.794555267978,7505.586502152944
forecast_1034,2025-02-13 02:00:00,14874.728286682497,13147.018448289298,7590.0607787703875
forecast_1035,2025-02-13 03:00:00,15589.704093567876,13877.60948687559,8088.886228367105
forecast_1036,2025-02-13 04:00:00,13523.98007885595,12428.892303404442,8434.312833111853
forecast_1037,2025-02-13 05:00:00,13611.934283544862,12364.584678962541,9969.141988346277
forecast_1038,2025-02-13 06:00:00,14833.844154306036,14426.756563023742,11702.590989871016
forecast_1039,2025-02-13 07:00:00,15911.426135280268,15367.635813743285,12811.02299923488
forecast_1040,2025-02-13 08:00:00,16069.646294603739,15271.771168568617,12102.676138362613
forecast_1041,2025-02-13 09:00:00,15035.857841121117,15344.930901488222,10792.628167129453
forecast_1042,2025-02-13 10:00:00,14788.31722801117,14440.202346595186,12047.203945885443
forecast_1043,2025-02-13 11:00:00,14908.928716656854,15208.051907709787,11791.3275720941
forecast_1044,2025-02-13 12:00:00,15113.245307998364,15189.209735281871,11507.113906010203
forecast_1045,2025-02-13 13:00:00,15210.181430813089,15184.819994684647,11938.278197846204
forecast_1046,2025-02-13 14:00:00,15852.854544969052,14992.104510073308,12174.359435805927
forecast_1047,2025-02-13 15:00:00,15926.926700568652,14481.230997842706,13541.172853145374
forecast_1048,2025-02-13 16:00:00,16620.77183042113,15314.5696969784,13849.647109370322
forecast_1049,2025-02-13 17:00:00,17778.64120696336,16996.46761485024,15616.305657993618
forecast_1050,2025-02-13 18:00:00,18613.676005344176,18222.79544391447,16009.531994967872
forecast_1051,2025-02-13 19:00:00,18584.619697633505,18546.294060794888,15910.490533648137
forecast_1052,2025-02-13 20:00:00,18791.817509771085,18629.506485149188,16211.716626369156
forecast_1053,2025-02-13 21:00:00,19034.64208420751,18677.776924227674,16377.510109448785
forecast_1054,2025-02-13 22:00:00,18847.43451576239,18730.512809153006,16585.67582170336
forecast_1055,2025-02-13 23:00:00,18902.29473497076,18709.46890140363,16839.538568132524
forecast_1056,2025-02-14 00:00:00,18931.5798965234,18948.29833791194,16366.89608847355
forecast_1057,2025-02-14 01:00:00,19134.895363601925,19277.814963796118,15849.210769606916
forecast_1058,2025-02-14 02:00:00,19015.781843933226,19073.041371075997,15205.986502932285
forecast_1059,2025-02-14 03:00:00,19047.096448972068,19146.801467143912,15340.052505268033
forecast_1060,2025-02-14 04:00:00,18577.07615774906,19118.87147906353,15040.740513882109
forecast_1061,2025-02-14 05:00:00,19301.381606016894,19246.39902083291,16073.38221443813
forecast_1062,2025-02-14 06:00:00,19732.99860234231,19327.94687265529,16078.082061232339
forecast_1063,2025-02-14 07:00:00,20328.15006030095,19303.441154687447,16502.01764479549
forecast_1064,2025-02-14 08:00:00,20228.38463831437,19582.91727320945,16992.988183774363
forecast_1065,2025-02-14 09:00:00,18054.179923457614,19115.566257319617,14912.155654637318
forecast_1066,2025-02-14 10:00:00,14423.470592805763,15423.916749178734,11770.468528872956
forecast_1067,2025-02-14 11:00:00,11674.566584955535,13297.033851922553,9616.698290194327
forecast_1068,2025-02-14 12:00:00,10994.780427695869,12147.119641507572,9361.382598331309
forecast_1069,2025-02-14 13:00:00,10270.721979446407,11276.963049608175,8364.813610177123
forecast_1070,2025-02-14 14:00:00,10775.066364620865,10356.129272855875,8101.362132796411
forecast_1071,2025-02-14 15:00:00,10384.886199663712,10437.562468487893,8362.508984602728
forecast_1072,2025-02-14 16:00:00,11533.980913007817,11950.233057156047,9617.679905037854
forecast_1073,2025-02-14 17:00:00,12925.364371766893,13662.578939584966,11522.882740542953
forecast_1074,2025-02-14 18:00:00,15831.34093413337,15473.223868287207,13216.92873513365
forecast_1075,2025-02-14 19:00:00,16423.981024978428,15718.97785018625,12655.213504204889
forecast_1076,2025-02-14 20:00:00,16347.431514817126,15382.940262936632,11664.486598570207
forecast_1077,2025-02-14 21:00:00,15943.318913052042,15561.367305268755,12162.663224567836
forecast_1078,2025-02-14 22:00:00,16049.749198818461,15498.422597642768,12144.807206462341
forecast_1079,2025-02-14 23:00:00,16529.44089135863,15354.354706866485,11822.446339028042
forecast_1080,2025-02-15 00:00:00,18257.703484672053,16185.127251201644,13347.983709362004
forecast_1081,2025-02-15 01:00:00,18471.74858610964,15839.54860120491,13107.116461387237
forecast_1082,2025-02-15 02:00:00,18324.898595175328,16376.038827099024,11922.997358163899
forecast_1083,2025-02-15 03:00:00,17792.78979211894,16039.497738354,11482.491844970182
forecast_1084,2025-02-15 04:00:00,17399.83536874594,14108.448935000157,11382.32040118935
forecast_1085,2025-02-15 05:00:00,17068.90383461253,14906.610540579994,10686.258371812844
forecast_1086,2025-02-15 06:00:00,17598.292960998413,14999.844572202655,10676.829605115277
forecast_1087,2025-02-15 07:00:00,15002.924363806616,13829.399738194119,8645.345280770449
forecast_1088,2025-02-15 08:00:00,13608.487663913282,13017.219930170306,8281.221013125434
forecast_1089,2025-02-15 09:00:00,11416.914007220383,11616.57392616666,6442.560246020033
forecast_1090,2025-02-15 10:00:00,9407.092315045495,9185.277506008042,5794.110037809879
forecast_1091,2025-02-15 11:00:00,9191.476500941564,10295.34822505196,6246.98505314268
forecast_1092,2025-02-15 12:00:00,10812.215294439777,11261.40451504664,8128.585048147844
forecast_1093,2025-02-15 13:00:00,12136.916379665807,12294.725011825763,9638.008018146744
forecast_1094,2025-02-15 14:00:00,13651.423788080161,13736.028693949265,11278.998499389181
forecast_1095,2025-02-15 15:00:00,14242.089529438294,14011.212731715088,11209.457280456458
forecast_1096,2025-02-15 16:00:00,14826.997204201367,14933.626241758873,10453.986623545245
forecast_1097,2025-02-15 17:00:00,15725.81857633956,16089.438712290517,13004.695477735359
forecast_1098,2025-02-15 18:00:00,18015.220452996764,16202.469188219773,14102.550777441942
forecast_1099,2025-02-15 19:00:00,18635.31101549402,17373.24656309841,15544.216883630657
forecast_1100,2025-02-15 20:00:00,19413.121589413382,18264.986691388192,15949.302028310536
forecast_1101,2025-02-15 21:00:00,19096.736294432525,18159.772995456762,15542.750191755333
forecast_1102,2025-02-15 22:00:00,18864.71319389474,17943.438612104797,15777.461104954067
forecast_1103,2025-02-15 23:00:00,18603.14204422118,18090.301772435632,15049.541710331756
forecast_1104,2025-02-16 00:00:00,19594.01479719554,18268.38093159259,14902.39317527249
forecast_1105,2025-02-16 01:00:00,18796.164782356947,18271.130002830178,15231.981966737174
forecast_1106,2025-02-16 02:00:00,17933.260940410513,17554.83961805567,14323.540591818371
forecast_1107,2025-02-16 03:00:00,16895.365676471687,16927.367145091688,13707.617019851092
forecast_1108,2025-02-16 04:00:00,16910.747226821404,15951.53182309108,12950.941471207512
forecast_1109,2025-02-16 05:00:00,14042.604727429118,14438.564431233352,10856.422961662005
forecast_1110,2025-02-16 06:00:00,13099.547642852625,13874.78621140158,10132.163802252695
forecast_1111,2025-02-16 07:00:00,13035.253274866182,13337.832810742806,10027.667144982885
forecast_1112,2025-02-16 08:00:00,13711.771892316967,14020.553556123577,9985.40451793356
forecast_1113,2025-02-16 09:00:00,13694.066285415609,13656.839806881746,9384.670437031946
forecast_1114,2025-02-16 10:00:00,8639.894439301534,9951.15716617799,8369.985504413282
forecast_1115,2025-02-16 11:00:00,8069.958629571422,9920.574868975595,8192.986718493403
forecast_1116,2025-02-16 12:00:00,8460.233174610246,9331.282424906021,8703.205120193275
forecast_1117,2025-02-16 13:00:00,11375.58178870584,10803.081753565391,10242.568126130971
forecast_1118,2025-02-16 14:00:00,14616.000428392805,12107.495532284203,11978.138595939827
forecast_1119,2025-02-16 15:00:00,16614.24707453701,15082.29352203171,14154.70100280468
forecast_1120,2025-02-16 16:00:00,18825.102009594,18552.364386412104,15083.143386716414
forecast_1121,2025-02-16 17:00:00,19402.274927367405,19040.58260136337,15611.675807251557
forecast_1122,2025-02-16 18:00:00,18760.46470855526,18653.143587955554,15806.512744610962
forecast_1123,2025-02-16 19:00:00,18642.71352542362,18945.914713742546,15927.706811046395
forecast_1124,2025-02-16 20:00:00,19097.596122709318,18802.260514448568,13466.990117570649
forecast_1125,2025-02-16 21:00:00,18825.966269028395,17342.845158947257,14278.274803620374
forecast_1126,2025-02-16 22:00:00,18858.547752494385,18739.783992319364,14140.692184688436
forecast_1127,2025-02-16 23:00:00,18126.25628431209,17629.31798965066,14629.03752333511
forecast_1128,2025-02-17 00:00:00,17376.542253705564,16597.811607737767,13084.859803579431
forecast_1129,2025-02-17 01:00:00,15455.047048284687,13660.405281909003,10187.352192972146
forecast_1130,2025-02-17 02:00:00,16001.639921069118,14363.427616051415,10560.979841016999
forecast_1131,2025-02-17 03:00:00,15593.017722307988,14563.141751815287,10462.643107902948
forecast_1132,2025-02-17 04:00:00,14544.530769373989,13164.800805715315,9368.998401676969
forecast_1133,2025-02-17 05:00:00,13777.657732712705,11539.460915071326,9004.594147318805
forecast_1134,2025-02-17 06:00:00,13544.704569480333,11480.006908328594,8108.1544554872835
forecast_1135,2025-02-17 07:00:00,14048.332553420667,12648.636307764038,8510.424047970759
forecast_1136,2025-02-17 08:00:00,14304.394162224211,12562.636428692676,8110.0537951434635
forecast_1137,2025-02-17 09:00:00,14020.267333781178,12519.890383784976,8239.368660174781
forecast_1138,2025-02-17 10:00:00,14638.417196155411,12865.021195298867,8810.390171231345
forecast_1139,2025-02-17 11:00:00,14145.335993991479,12862.266492200453,9634.845299419034
forecast_1140,2025-02-17 12:00:00,13867.863191165581,12604.638590462699,9336.29997167184
forecast_1141,2025-02-17 13:00:00,14026.169475992981,12243.988924942632,9110.058871641144
forecast_1142,2025-02-17 14:00:00,13608.735029736765,11869.855220949916,8644.510763807619
forecast_1143,2025-02-17 15:00:00,13107.784332846904,11326.382296272854,8032.674089161052
forecast_1144,2025-02-17 16:00:00,11930.874195782952,8999.858810080108,6127.108456540388
forecast_1145,2025-02-17 17:00:00,10284.972408377726,8251.585001554437,5538.355409487176
forecast_1146,2025-02-17 18:00:00,9803.508249145045,8034.656568811264,5390.07526351591
forecast_1147,2025-02-17 19:00:00,10043.0627667516,8991.675527538277,6451.758576755778
forecast_1148,2025-02-17 20:00:00,10070.405755001351,10033.536831718857,6877.123934814377
forecast_1149,2025-02-17 21:00:00,9938.771724536218,10011.121634956286,7582.964197655264
forecast_1150,2025-02-17 22:00:00,9186.393627040145,9039.04379545316,7173.184350152926
forecast_1151,2025-02-17 23:00:00,8107.58660215909,8391.448229035877,6913.631617392565
forecast_1152,2025-02-18 00:00:00,8597.2252469396,8262.265541829935,6959.596091001845
forecast_1153,2025-02-18 01:00:00,9293.669970235076,10263.016905812403,7969.788066811997
forecast_1154,2025-02-18 02:00:00,11882.920327033064,11703.639821154255,9234.281707249545
forecast_1155,2025-02-18 03:00:00,13674.414856155508,11453.530997833983,10231.638093234671
forecast_1156,2025-02-18 04:00:00,14542.357141434317,12688.64856825944,9967.32433650384
forecast_1157,2025-02-18 05:00:00,14070.83938109296,13093.26802250537,10000.34988858546
forecast_1158,2025-02-18 06:00:00,13903.524303057267,13221.285843458883,10090.460436019972
forecast_1159,2025-02-18 07:00:00,14133.338716176338,13284.141741451727,10117.720614212221
forecast_1160,2025-02-18 08:00:00,13428.747129423986,12697.729580888288,9785.764168285781
forecast_1161,2025-02-18 09:00:00,12898.519495557157,12109.997251207484,10200.750183508166
forecast_1162,2025-02-18 10:00:00,13670.147097993833,11994.707560894447,9890.169190411849
forecast_1163,2025-02-18 11:00:00,13410.540459728983,11429.548320917444,10371.606183432663
forecast_1164,2025-02-18 12:00:00,13495.282306313116,11168.57557420168,9156.97729921301
forecast_1165,2025-02-18 13:00:00,13838.798865154346,11354.093439242015,8748.06754967501
forecast_1166,2025-02-18 14:00:00,13621.271008913496,11581.649692936708,8921.85355987516
forecast_1167,2025-02-18 15:00:00,13620.700588256192,11962.23631186734,9011.71119711778
forecast_1168,2025-02-18 16:00:00,13629.696501232222,11784.213376683321,8536.369966039747
forecast_1169,2025-02-18 17:00:00,14024.757354778576,11935.622502542037,8180.045477015671
forecast_1170,2025-02-18 18:00:00,13430.010818726274,11221.780487597764,8385.328934164658
forecast_1171,2025-02-18 19:00:00,12410.923609376123,10749.054273729822,8332.950983956627
forecast_1172,2025-02-18 20:00:00,11382.880479921512,9808.659851045217,7771.906980835265
forecast_1173,2025-02-18 21:00:00,11159.749285761116,11240.557864577664,8686.51903701311
forecast_1174,2025-02-18 22:00:00,12275.893777118597,13054.346481479924,8605.107717951425
forecast_1175,2025-02-18 23:00:00,12309.222136322047,13797.388528213507,8731.117147812016
forecast_1176,2025-02-19 00:00:00,13188.567765790818,13541.076493613058,8411.343131852887
forecast_1177,2025-02-19 01:00:00,8307.50298748183,8529.963746937134,7769.0278941051365
forecast_1178,2025-02-19 02:00:00,13262.17014374321,13051.076655597974,9235.293488003417
forecast_1179,2025-02-19 03:00:00,12448.233892127972,12731.312892572736,8430.648253098805
forecast_1180,2025-02-19 04:00:00,12661.722424034453,13875.465198691729,8892.98532255794
forecast_1181,2025-02-19 05:00:00,14031.136998121663,14453.283456263523,8890.78529945612
forecast_1182,2025-02-19 06:00:00,13484.404909205314,13984.089017495586,8768.435573767165
forecast_1183,2025-02-19 07:00:00,13252.536969806673,14528.707074132348,9158.085179694384
forecast_1184,2025-02-19 08:00:00,13168.23604064664,14022.58712325565,8700.66333826998
forecast_1185,2025-02-19 09:00:00,10810.526861169325,12355.524837510116,7591.8304984048145
forecast_1186,2025-02-19 10:00:00,8608.366215480177,9060.779774592242,7534.438482789601
forecast_1187,2025-02-19 11:00:00,6930.071349065917,7396.874862636837,6590.521246949107
forecast_1188,2025-02-19 12:00:00,6110.34876429034,6885.605875766964,5541.297425240399
forecast_1189,2025-02-19 13:00:00,6153.361326322711,5344.683172366751,4281.602898035768
forecast_1190,2025-02-19 14:00:00,6231.956552347707,5478.307815928708,3954.6747635137667
forecast_1191,2025-02-19 15:00:00,6642.149000511341,6001.21642178203,4145.410486782933
forecast_1192,2025-02-19 16:00:00,6325.275550662657,6113.402767020048,4301.900128377933
forecast_1193,2025-02-19 17:00:00,6900.037846548744,6481.47462303394,4697.214594695683
forecast_1194,2025-02-19 18:00:00,7922.295946110001,7153.2002393703115,6910.787277160859
forecast_1195,2025-02-19 19:00:00,8771.667065698724,8511.474804222275,7528.070154988322
forecast_1196,2025-02-19 20:00:00,8340.15265812408,8258.351521332732,6586.04309325408
forecast_1197,2025-02-19 21:00:00,8462.852033097204,7896.842876765971,5878.55718893708
forecast_1198,2025-02-19 22:00:00,10238.442956745626,9352.75871970163,7122.12220393749
forecast_1199,2025-02-19 23:00:00,9512.22713802863,9464.023429524628,7867.100084616205
forecast_1200,2025-02-20 00:00:00,9743.863512264452,9527.59984111802,7931.250834278224
forecast_1201,2025-02-20 01:00:00,9126.417528886246,7828.254671925308,6760.893830237576
forecast_1202,2025-02-20 02:00:00,8811.476326521159,8449.023938397713,7444.8130911099715
forecast_1203,2025-02-20 03:00:00,9548.336905233888,8553.380927620212,7220.55611936371
forecast_1204,2025-02-20 04:00:00,9680.483033145336,8473.51755879849,7211.331309039799
forecast_1205,2025-02-20 05:00:00,9403.97318880429,8068.765970208366,7459.312540947851
forecast_1206,2025-02-20 06:00:00,9994.898511099522,10464.873696331771,8263.773588148004
forecast_1207,2025-02-20 07:00:00,11361.026331062556,12763.896953630878,9759.70053135816
forecast_1208,2025-02-20 08:00:00,12471.703738497547,14561.262634138588,9035.90394730875
forecast_1209,2025-02-20 09:00:00,12989.955879541083,14036.64866470624,9298.987560180381
forecast_1210,2025-02-20 10:00:00,11764.673320871016,12169.970799154618,9257.337595844849
forecast_1211,2025-02-20 11:00:00,11236.651590427122,10666.039563095863,9646.315434566091
forecast_1212,2025-02-20 12:00:00,11198.061037100159,10071.820405248327,9084.602765863438
forecast_1213,2025-02-20 13:00:00,10024.456145475444,8916.332764629096,7551.909427642107
forecast_1214,2025-02-20 14:00:00,10864.925758527477,9842.820762814397,9238.362680098218
forecast_1215,2025-02-20 15:00:00,11631.726411848036,9371.736735952112,8854.199674197851
forecast_1216,2025-02-20 16:00:00,10167.12019833347,8801.694845868735,7514.47366829975
forecast_1217,2025-02-20 17:00:00,10151.677966451225,8921.235739479187,7479.597883062925
forecast_1218,2025-02-20 18:00:00,12068.424121193013,12006.615438219853,10422.707949566655
forecast_1219,2025-02-20 19:00:00,11987.52570426556,11633.33845352565,10881.39205588155
forecast_1220,2025-02-20 20:00:00,11300.203773819616,11609.462521506168,9688.09674837701
forecast_1221,2025-02-20 21:00:00,11254.899757214082,11159.330816876973,8232.573784024758
forecast_1222,2025-02-20 22:00:00,11875.443544906551,12801.614761165041,8014.306318585978
forecast_1223,2025-02-20 23:00:00,10966.17612066453,12766.236526723076,6844.784322796047
forecast_1224,2025-02-21 00:00:00,10888.959839255274,11604.463044258748,7804.079124698689
forecast_1225,2025-02-21 01:00:00,10253.648676093177,10170.106974169694,7211.266475629014
forecast_1226,2025-02-21 02:00:00,10791.915169768507,11175.924495969646,8794.86865258437
forecast_1227,2025-02-21 03:00:00,10029.236819388676,10346.91394598755,7232.138324889421
forecast_1228,2025-02-21 04:00:00,9573.973285315544,9401.020556398378,7035.862395727574
forecast_1229,2025-02-21 05:00:00,9863.619893914027,10433.044905061191,7298.511304358553
forecast_1230,2025-02-21 06:00:00,10622.640926245613,11371.361053044355,8222.74726657884
forecast_1231,2025-02-21 07:00:00,10798.874701228691,11315.906493877672,8302.400823341415
forecast_1232,2025-02-21 08:00:00,11071.129696694941,12157.491709013064,8895.109301355562
forecast_1233,2025-02-21 09:00:00,10572.107801858583,10579.543328229918,7619.157465073956
forecast_1234,2025-02-21 10:00:00,6576.926383417305,5965.442852173255,4985.897920167082
forecast_1235,2025-02-21 11:00:00,4970.106981788425,5358.958516765318,4234.768145256293
forecast_1236,2025-02-21 12:00:00,5609.26933249134,5422.551752865969,4673.017645096833
forecast_1237,2025-02-21 13:00:00,7264.1993461062475,7320.2575253720825,5083.826459500951
forecast_1238,2025-02-21 14:00:00,7669.274764626321,7343.131911499306,5400.377108713193
forecast_1239,2025-02-21 15:00:00,7860.429870585991,6719.665619227576,5323.222274132022
forecast_1240,2025-02-21 16:00:00,8158.349008894992,6897.779819700929,5374.545315839827
forecast_1241,2025-02-21 17:00:00,8892.135452108932,7207.477390345685,5848.261504812787
forecast_1242,2025-02-21 18:00:00,11188.058395860831,10350.872862571354,8717.724052851376
forecast_1243,2025-02-21 19:00:00,12530.208675542954,11860.699300955526,10172.89718649059
forecast_1244,2025-02-21 20:00:00,12798.296980920799,11191.589804333893,10312.206524337076
forecast_1245,2025-02-21 21:00:00,13022.39602917696,11488.089596678456,11203.304808478953
forecast_1246,2025-02-21 22:00:00,12963.75253828261,11581.955984102038,10982.501988888669
forecast_1247,2025-02-21 23:00:00,13029.703836897577,12362.725091821207,10526.621383418455
forecast_1248,2025-02-22 00:00:00,13389.007390102019,13259.645470931295,10481.565266339132
forecast_1249,2025-02-22 01:00:00,14751.28881272643,13893.396237448733,10338.881631681215
forecast_1250,2025-02-22 02:00:00,15027.967515162132,14431.184901373,11614.166903589794
forecast_1251,2025-02-22 03:00:00,15445.496010620745,14237.901534310784,12500.349179395147
forecast_1252,2025-02-22 04:00:00,15086.486527041568,12684.005908856441,11323.558334477842
forecast_1253,2025-02-22 05:00:00,14736.260145777107,12621.852865883779,10073.724355429695
forecast_1254,2025-02-22 06:00:00,11247.175321414974,11130.89443029196,6974.070266490868
forecast_1255,2025-02-22 07:00:00,11323.221741423586,11252.925219349354,7557.991744720785
forecast_1256,2025-02-22 08:00:00,9564.22909539455,8504.072624582974,6272.214799712508
forecast_1257,2025-02-22 09:00:00,8735.996563722882,7099.50789576939,6120.665543543693
forecast_1258,2025-02-22 10:00:00,6666.166222933934,4942.283933277035,4124.356141010237
forecast_1259,2025-02-22 11:00:00,4561.585152631449,3089.587079948726,3252.168231292927
forecast_1260,2025-02-22 12:00:00,4240.1245663248255,3481.336327781276,2898.084757991739
forecast_1261,2025-02-22 13:00:00,6822.334487781711,6191.771366177415,4891.578215770868
forecast_1262,2025-02-22 14:00:00,8049.664534359421,7118.986398457521,6409.877601842362
forecast_1263,2025-02-22 15:00:00,7834.627631656213,7129.738424467314,5105.864902727497
forecast_1264,2025-02-22 16:00:00,8496.073047747643,7072.845234889104,5972.369453305482
forecast_1265,2025-02-22 17:00:00,9447.809781310354,8665.114705559516,6852.301988303593
forecast_1266,2025-02-22 18:00:00,10309.73008851748,10204.765052432756,9157.142326202966
forecast_1267,2025-02-22 19:00:00,11508.380157850588,11597.581310473046,10553.311960019855
forecast_1268,2025-02-22 20:00:00,12811.116677230217,12805.404640164592,12204.4146553198
forecast_1269,2025-02-22 21:00:00,14759.72381864559,14931.048060528121,13939.898241124447
forecast_1270,2025-02-22 22:00:00,16146.68546120524,15917.893925227838,15368.232951871676
forecast_1271,2025-02-22 23:00:00,15545.048892481129,15921.16280971094,15713.185452679185
forecast_1272,2025-02-23 00:00:00,15264.21265283612,16581.29814428498,15469.254810959288
forecast_1273,2025-02-23 01:00:00,14806.746463099254,16405.112231540676,14739.313732124348
forecast_1274,2025-02-23 02:00:00,15714.480293455412,16125.993345975534,15554.122806422121
forecast_1275,2025-02-23 03:00:00,16156.401849591623,16986.728330768474,15295.453333255027
forecast_1276,2025-02-23 04:00:00,17046.02402443813,17279.374270657023,15027.80494865071
forecast_1277,2025-02-23 05:00:00,17075.154067539555,17107.285166488564,15334.723320421544
forecast_1278,2025-02-23 06:00:00,17304.782929783607,18008.010934923106,15343.064753448158
forecast_1279,2025-02-23 07:00:00,17712.355058767243,17782.77414279306,15483.847304868585
forecast_1280,2025-02-23 08:00:00,17523.71792685466,16922.01866549227,14693.681028499373
forecast_1281,2025-02-23 09:00:00,16819.92445293812,16790.672386794973,14998.240960818088
forecast_1282,2025-02-23 10:00:00,16066.210773895355,16070.135816083735,13767.527643158714
forecast_1283,2025-02-23 11:00:00,15845.092641225274,14949.08675402211,12798.139951774856
forecast_1284,2025-02-23 12:00:00,15624.53718292171,14361.85407171905,11996.607930239234
forecast_1285,2025-02-23 13:00:00,15346.470709757941,13820.566487716815,11323.694333998492
forecast_1286,2025-02-23 14:00:00,14750.114092932576,13223.052888093516,10077.599449818765
forecast_1287,2025-02-23 15:00:00,14965.08345017175,13355.105137560986,9249.531630183814
forecast_1288,2025-02-23 16:00:00,14809.707785447697,12668.233111615242,8814.133660373875
forecast_1289,2025-02-23 17:00:00,13658.679795521835,10889.232527594515,7791.82638879023
forecast_1290,2025-02-23 18:00:00,13307.724368126866,10978.813717366467,7286.8686741419515
forecast_1291,2025-02-23 19:00:00,11849.234269160448,9496.49983408922,6457.337689075613
forecast_1292,2025-02-23 20:00:00,10529.354483041316,9962.296793080677,7000.229332529592
forecast_1293,2025-02-23 21:00:00,11412.319018370223,11418.602415250807,8457.403829069408
forecast_1294,2025-02-23 22:00:00,12302.073653635587,12738.507329876593,8613.969982728195
forecast_1295,2025-02-23 23:00:00,12564.100423542064,12836.176408427162,8300.834351959718
forecast_1296,2025-02-24 00:00:00,13417.60268509627,14174.037566914212,9394.362255334665
forecast_1297,2025-02-24 01:00:00,15109.020442307261,15070.163036021933,10644.179489017595
forecast_1298,2025-02-24 02:00:00,15582.140753678408,16067.319542857747,12099.384128037465
forecast_1299,2025-02-24 03:00:00,15943.101591200613,17147.470661764582,12374.249215005986
forecast_1300,2025-02-24 04:00:00,17435.49618480735,17088.932568588476,12592.660712783363
forecast_1301,2025-02-24 05:00:00,16989.184400692382,16509.154851058887,11793.17139316116
forecast_1302,2025-02-24 06:00:00,16580.981935506883,16223.703056121056,11338.928924515372
forecast_1303,2025-02-24 07:00:00,16604.1955558622,16119.042074011042,11353.753983152736
forecast_1304,2025-02-24 08:00:00,16579.763319764064,14923.735964397396,10779.345169478413
forecast_1305,2025-02-24 09:00:00,14529.9322576405,13502.118433136813,9967.6908385389
forecast_1306,2025-02-24 10:00:00,11239.955635145752,11057.957709980124,9426.165908022542
forecast_1307,2025-02-24 11:00:00,10616.724294120788,10423.835147749813,9084.33838508851
forecast_1308,2025-02-24 12:00:00,8633.85956760323,7917.972752799547,6637.664458645406
forecast_1309,2025-02-24 13:00:00,7678.569197445337,6850.579067110555,5927.735562209622
forecast_1310,2025-02-24 14:00:00,8465.390223652352,7582.581428298875,6151.60737750764
forecast_1311,2025-02-24 15:00:00,9805.035975990038,8484.222452620563,7103.992122568996
forecast_1312,2025-02-24 16:00:00,11569.563112874108,11366.010309005556,8691.25268849806
forecast_1313,2025-02-24 17:00:00,11901.949233081084,11919.64561427092,9578.91531685954
forecast_1314,2025-02-24 18:00:00,14148.441172014667,14121.778892710241,11983.311091183878
forecast_1315,2025-02-24 19:00:00,16044.040116047374,15817.399097740734,13643.703162391006
forecast_1316,2025-02-24 20:00:00,16988.734225247168,17052.69369501153,14539.842637484831
forecast_1317,2025-02-24 21:00:00,18057.571542014754,17345.79410211199,15176.717359633232
forecast_1318,2025-02-24 22:00:00,20542.110320455922,19433.232453167537,16332.544126037761
forecast_1319,2025-02-24 23:00:00,20872.620102229914,19425.34398479216,16210.141326777408
forecast_1320,2025-02-25 00:00:00,21051.981030684674,19678.782664787046,16578.97141488031
forecast_1321,2025-02-25 01:00:00,20460.341385095624,19392.889793221755,16744.644382565457
forecast_1322,2025-02-25 02:00:00,19956.46827538836,19308.704235456433,16891.817257666164
forecast_1323,2025-02-25 03:00:00,20535.938621727935,19700.52374527214,17278.630639623938
forecast_1324,2025-02-25 04:00:00,20064.93209142157,19630.421226200142,17196.96012951296
forecast_1325,2025-02-25 05:00:00,19937.482384738087,19834.01660054582,17197.39778382048
forecast_1326,2025-02-25 06:00:00,20507.940078144595,20157.391575627087,16725.820579173058
forecast_1327,2025-02-25 07:00:00,20654.542523847234,20131.530700410636,16785.815433188294
forecast_1328,2025-02-25 08:00:00,20415.357354429878,20086.983262009864,16076.902834756513
forecast_1329,2025-02-25 09:00:00,19620.01459674625,19885.781726863213,16063.185166149025
forecast_1330,2025-02-25 10:00:00,19038.771626554062,18898.852759842146,15677.366760946203
forecast_1331,2025-02-25 11:00:00,18678.68344878854,18232.68579517593,15764.038397680266
forecast_1332,2025-02-25 12:00:00,18004.851362939433,17293.18341791616,15052.422982410431
forecast_1333,2025-02-25 13:00:00,16445.580430176087,15599.527481273546,12972.599645157161
forecast_1334,2025-02-25 14:00:00,16634.075799322705,15874.107532864486,14164.581699247541
forecast_1335,2025-02-25 15:00:00,16823.22831374466,15706.08294458963,14361.129371266372
forecast_1336,2025-02-25 16:00:00,17820.501566077757,16517.54649873542,15232.723797480234
forecast_1337,2025-02-25 17:00:00,20052.50485308264,18812.713791208782,16599.65915405012
forecast_1338,2025-02-25 18:00:00,20490.735792259067,19479.569780377635,17367.838422114717
forecast_1339,2025-02-25 19:00:00,20641.319937739223,19586.21900680422,18082.331108249316
forecast_1340,2025-02-25 20:00:00,20612.291337154307,19651.177785366817,18005.058352705655
forecast_1341,2025-02-25 21:00:00,20590.327935464546,19572.465274627764,18043.054751554457
forecast_1342,2025-02-25 22:00:00,20767.230951622332,19692.076221429026,18405.341240908496
forecast_1343,2025-02-25 23:00:00,20772.063812653687,19520.42413530648,18107.9868527565
forecast_1344,2025-02-26 00:00:00,20782.528152007955,19513.624967806045,17794.814950759635
forecast_1345,2025-02-26 01:00:00,20589.105690050732,19171.319275221398,17756.742610148405
forecast_1346,2025-02-26 02:00:00,20100.32227492421,19104.402705717228,17261.291841326554
forecast_1347,2025-02-26 03:00:00,19803.501818020402,18838.178346794095,16399.727721091986
forecast_1348,2025-02-26 04:00:00,19512.850303564468,18791.392212251423,16345.85211229623
forecast_1349,2025-02-26 05:00:00,19185.630119460136,18292.034997666964,16595.626392722526
forecast_1350,2025-02-26 06:00:00,18933.508172492755,18319.99763607683,15478.54070393937
forecast_1351,2025-02-26 07:00:00,18912.17670649589,18366.105743763866,15091.206756034684
forecast_1352,2025-02-26 08:00:00,17932.91003316542,17583.958028470122,14242.882891886355
forecast_1353,2025-02-26 09:00:00,15730.038578815924,16280.201607761423,12567.234221318135
forecast_1354,2025-02-26 10:00:00,14424.583612945149,14448.365366826396,11065.090178368053
forecast_1355,2025-02-26 11:00:00,12651.113950800971,13053.119764947827,10276.523374510602
forecast_1356,2025-02-26 12:00:00,13462.944560924478,14296.521878758025,10380.56158971542
forecast_1357,2025-02-26 13:00:00,14192.76942313843,14193.898626955684,10150.959169784594
forecast_1358,2025-02-26 14:00:00,14320.648722172084,14019.570837478075,10039.199571025738
forecast_1359,2025-02-26 15:00:00,14408.201122994325,13638.529280826766,10308.198821930575
forecast_1360,2025-02-26 16:00:00,15380.467691276346,15032.349016308865,10592.39338185369
forecast_1361,2025-02-26 17:00:00,15535.91268122087,15329.58943235238,11065.975695639669
forecast_1362,2025-02-26 18:00:00,15824.894520124424,15940.700514065049,12800.133851375627
forecast_1363,2025-02-26 19:00:00,16644.426915468386,17207.204191977162,14207.897589165983
forecast_1364,2025-02-26 20:00:00,18314.143400628614,18405.413235136206,15330.60755016957
forecast_1365,2025-02-26 21:00:00,19290.026015109866,19061.030454437092,15917.972726887148
forecast_1366,2025-02-26 22:00:00,19029.343523855314,19218.0571897387,15786.134168411458
forecast_1367,2025-02-26 23:00:00,17735.398922307133,18457.26667930375,14321.929722596225
forecast_1368,2025-02-27 00:00:00,18361.764283060213,18972.052472881933,15595.102131654912
forecast_1369,2025-02-27 01:00:00,19523.474933334917,19467.48729668864,15906.750975775265
forecast_1370,2025-02-27 02:00:00,19902.35586401471,19509.867663709745,15730.229138506482
forecast_1371,2025-02-27 03:00:00,20216.583820924163,19694.573741838052,15914.496219976982
forecast_1372,2025-02-27 04:00:00,20264.07305209798,19539.346128311205,15876.396534043006
forecast_1373,2025-02-27 05:00:00,20305.81564796925,19470.75432615405,16228.373737437762
forecast_1374,2025-02-27 06:00:00,20901.19456629247,19390.990560645507,15546.730576143716
forecast_1375,2025-02-27 07:00:00,20820.502071511346,19369.457793764446,16775.268895489015
forecast_1376,2025-02-27 08:00:00,19552.358731487508,18030.227175578206,15453.223170815565
forecast_1377,2025-02-27 09:00:00,17209.084441943465,16196.438487525464,12726.385032308479
forecast_1378,2025-02-27 10:00:00,14304.07281284243,15368.032259207128,12103.181645814731
forecast_1379,2025-02-27 11:00:00,13125.187302306329,13204.890298015614,12086.704306969265
forecast_1380,2025-02-27 12:00:00,13452.157403758834,12672.92325277487,11162.513054401667
forecast_1381,2025-02-27 13:00:00,11459.992975315448,10726.513257021294,10125.244029040025
forecast_1382,2025-02-27 14:00:00,8787.670807033363,7837.761582544334,8013.669368170782
forecast_1383,2025-02-27 15:00:00,8034.656799624355,6936.471065335399,7289.4574493951
forecast_1384,2025-02-27 16:00:00,8349.779743951594,7861.930187323433,7567.106267352366
forecast_1385,2025-02-27 17:00:00,8737.388139040126,8495.362140796005,5911.684364669176
forecast_1386,2025-02-27 18:00:00,9244.900605509672,10381.320864374735,5917.296222728977
forecast_1387,2025-02-27 19:00:00,10923.982711829314,11939.708429095435,7853.2973591963155
forecast_1388,2025-02-27 20:00:00,11384.086397851834,12101.994954220014,8774.678743024037
forecast_1389,2025-02-27 21:00:00,13394.684784369745,14863.579203739326,11641.409288446514
forecast_1390,2025-02-27 22:00:00,13104.513796695435,15885.265274305135,11164.288545729318
forecast_1391,2025-02-27 23:00:00,13668.954573850271,15221.580730341144,11017.884931049068
forecast_1392,2025-02-28 00:00:00,12268.360546438562,14273.737693599795,9249.562225123393
forecast_1393,2025-02-28 01:00:00,14562.610419747385,15248.32930779564,12015.5455769542
forecast_1394,2025-02-28 02:00:00,15442.204265084854,13822.090903594462,11367.733459332883
forecast_1395,2025-02-28 03:00:00,15837.621665395553,14043.896403517709,12495.396578833603
forecast_1396,2025-02-28 04:00:00,17042.435660052895,15259.14764996137,13597.10218512954
forecast_1397,2025-02-28 05:00:00,17883.511060012053,16213.080658028353,14216.907388182806
forecast_1398,2025-02-28 06:00:00,17403.82574542281,16271.583580536528,14481.12245865095
forecast_1399,2025-02-28 07:00:00,17868.62908109683,16409.140149638137,14685.842836628917
forecast_1400,2025-02-28 08:00:00,16458.56984106429,16073.55905138343,13122.332986006968
forecast_1401,2025-02-28 09:00:00,17101.030104613023,17133.132419056194,13943.086141396127
forecast_1402,2025-02-28 10:00:00,15974.413272901795,16422.593108719535,12640.86232848918
forecast_1403,2025-02-28 11:00:00,15199.398665609315,16057.859480270994,12332.474363077125
forecast_1404,2025-02-28 12:00:00,12298.386820784224,12047.734089206268,10639.888977070317
forecast_1405,2025-02-28 13:00:00,11176.840934622518,11285.150998156585,9939.08514883811
forecast_1406,2025-02-28 14:00:00,12435.919874952018,11940.047998462953,10669.615221852726
forecast_1407,2025-02-28 15:00:00,12596.13760921179,12354.343037151271,10782.69115403651
forecast_1408,2025-02-28 16:00:00,13064.387767540446,12875.244993856615,11032.2573814348
forecast_1409,2025-02-28 17:00:00,15031.80176949754,15414.272714028219,11680.64161802159
forecast_1410,2025-02-28 18:00:00,15298.990088657341,13828.795276665891,11945.444849729847
forecast_1411,2025-02-28 19:00:00,16036.11716859098,14912.478386554389,12376.123534158503
forecast_1412,2025-02-28 20:00:00,14940.377944562935,13443.99735572042,9601.665782113818
forecast_1413,2025-02-28 21:00:00,14054.844379748783,10984.345240193334,8870.202176461467
forecast_1414,2025-02-28 22:00:00,13576.222728358305,9709.639838795418,8744.804378297718
forecast_1415,2025-02-28 23:00:00,12066.579373325281,9426.326745355547,8392.641205663429
forecast_1416,2025-03-01 00:00:00,8856.914537316632,6642.941274964415,5535.180795972462
forecast_1417,2025-03-01 01:00:00,13638.874332046445,10544.50003689732,7521.981550633579
forecast_1418,2025-03-01 02:00:00,8892.430207958158,5886.617000885807,4146.475217637555
forecast_1419,2025-03-01 03:00:00,7195.219239551907,5722.504950358755,3984.3998076482094
forecast_1420,2025-03-01 04:00:00,4093.0743862194286,3710.114682714686,2795.8177098223427
forecast_1421,2025-03-01 05:00:00,3243.2097683869297,2258.1434184701693,1545.4353592592172
forecast_1422,2025-03-01 06:00:00,2169.040460607149,2058.0301452659705,1292.5371420401427
forecast_1423,2025-03-01 07:00:00,3051.465526004463,2789.831851818632,1467.591339083151
forecast_1424,2025-03-01 08:00:00,1475.2601935295424,1335.0123272562196,828.561735000065
forecast_1425,2025-03-01 09:00:00,1422.1739880202786,871.292529870762,568.0776681671016
forecast_1426,2025-03-01 10:00:00,1296.8239784020075,1044.8850848464356,668.3717434936493
forecast_1427,2025-03-01 11:00:00,1366.83737471334,1239.0420623918023,599.0437062463109
forecast_1428,2025-03-01 12:00:00,1759.8264270075538,1603.651271346115,919.6975319919603
forecast_1429,2025-03-01 13:00:00,2409.710660599262,2301.9564356085607,1553.2642058299332
forecast_1430,2025-03-01 14:00:00,3998.030546815545,3453.5036812217745,2237.842472206886
forecast_1431,2025-03-01 15:00:00,4488.959924173382,3580.323355521633,2808.6155399336235
forecast_1432,2025-03-01 16:00:00,4585.7341163173505,4265.211750272857,2885.703347602306
forecast_1433,2025-03-01 17:00:00,5130.147168263514,5138.282780979267,2920.496137060964
forecast_1434,2025-03-01 18:00:00,4074.907813368664,4955.104798110597,3233.0189281030734
forecast_1435,2025-03-01 19:00:00,3684.938998783903,4885.633101935648,2691.3699439217694
forecast_1436,2025-03-01 20:00:00,2922.618046053156,2714.954900003769,1858.990357254587
forecast_1437,2025-03-01 21:00:00,2577.3449653700345,2371.535197963265,749.6915838890532
forecast_1438,2025-03-01 22:00:00,2452.331491256086,2271.1933433916356,947.326130942042
forecast_1439,2025-03-01 23:00:00,1529.599460770998,1811.9695985798219,805.6454667646467
forecast_1440,2025-03-02 00:00:00,1556.0627914388776,1914.2163743528013,756.4735511410964
forecast_1441,2025-03-02 01:00:00,4994.196015955498,4727.943543087165,3390.9264445579674
forecast_1442,2025-03-02 02:00:00,5361.05283304616,4329.622329199334,2775.4193938694793
forecast_1443,2025-03-02 03:00:00,5252.29704821908,4051.27595133294,2900.994851690276
forecast_1444,2025-03-02 04:00:00,5302.275418188855,4088.497766809318,2569.6369598104725
forecast_1445,2025-03-02 05:00:00,4703.006797309018,3556.9646369273814,2120.78032668227
forecast_1446,2025-03-02 06:00:00,1988.7213001534274,1520.0758723689955,772.2646757151127
forecast_1447,2025-03-02 07:00:00,827.9102402757591,638.8880635527338,337.0776623080789
forecast_1448,2025-03-02 08:00:00,742.2087073351325,762.7674323367644,263.4823432530154
forecast_1449,2025-03-02 09:00:00,1387.2848361592478,1221.313507558858,609.0606086189861
forecast_1450,2025-03-02 10:00:00,1837.6427798468487,1963.6849055344485,1536.5784176523778
forecast_1451,2025-03-02 11:00:00,2350.021182390241,2629.9734287548004,2372.52139689997
forecast_1452,2025-03-02 12:00:00,3062.336017564856,3686.1754006316037,3332.066799845795
forecast_1453,2025-03-02 13:00:00,3685.2464568291466,4028.574474916909,3934.446959898623
forecast_1454,2025-03-02 14:00:00,3693.369248959534,3811.2013524287886,3701.944090757965
forecast_1455,2025-03-02 15:00:00,4101.776429325853,4758.058046268115,4824.829831367217
forecast_1456,2025-03-02 16:00:00,4423.535862250055,5038.518286775657,5361.719579741707
forecast_1457,2025-03-02 17:00:00,4126.22952533021,5309.5217076234985,4837.859603394184
forecast_1458,2025-03-02 18:00:00,5543.264936881989,5904.513839045931,5361.244502618614
forecast_1459,2025-03-02 19:00:00,8673.165450104541,8522.995368422338,8757.448660101565
forecast_1460,2025-03-02 20:00:00,7467.497320906259,6434.607275011388,7306.201909414995
forecast_1461,2025-03-02 21:00:00,7190.031217437026,6036.180133503295,6135.285356894725
forecast_1462,2025-03-02 22:00:00,9088.987008068127,8781.071060135884,7865.106663449711
forecast_1463,2025-03-02 23:00:00,8440.224491534997,7426.807335172756,6728.317702402237
forecast_1464,2025-03-03 00:00:00,6944.843605428839,5828.197278014448,5888.985600095881
forecast_1465,2025-03-03 01:00:00,13706.015797589143,16369.757903849399,11735.960195866304
forecast_1466,2025-03-03 02:00:00,13049.513272352113,15895.199613263549,11917.48426036911
forecast_1467,2025-03-03 03:00:00,12824.041897705945,14416.740189291146,11825.649866609685
forecast_1468,2025-03-03 04:00:00,11471.904536236376,13398.321296703878,11311.124869939664
forecast_1469,2025-03-03 05:00:00,12823.143598236371,15253.723574405887,11890.516261555602
forecast_1470,2025-03-03 06:00:00,14631.618958859997,17056.09318669023,12822.096706593005
forecast_1471,2025-03-03 07:00:00,15035.039946983738,17272.620800143344,12682.759406917352
forecast_1472,2025-03-03 08:00:00,15302.692951975678,17087.067883163534,13041.555866470197
forecast_1473,2025-03-03 09:00:00,15151.176234448523,17073.48267055407,13090.853527008037
forecast_1474,2025-03-03 10:00:00,14894.262232852401,16967.695519501583,12806.187580071619
forecast_1475,2025-03-03 11:00:00,14806.78735047373,16644.143981185633,12336.217831306238
forecast_1476,2025-03-03 12:00:00,13663.090279058557,16003.038497930287,12595.778905740866
forecast_1477,2025-03-03 13:00:00,13166.33107833553,15415.884602360882,12540.853174726895
forecast_1478,2025-03-03 14:00:00,13099.011612830542,15527.849548802113,12442.794537384421
forecast_1479,2025-03-03 15:00:00,12287.331957335242,15115.127166354423,12492.514596380051
forecast_1480,2025-03-03 16:00:00,12249.86301475299,14916.056223094989,12500.973991955001
forecast_1481,2025-03-03 17:00:00,12363.396267290595,14982.893198279924,12384.493436751649
forecast_1482,2025-03-03 18:00:00,11555.447614247701,14656.26036650918,11674.574795366898
forecast_1483,2025-03-03 19:00:00,10040.257180984483,11814.69883192008,8892.310816042358
forecast_1484,2025-03-03 20:00:00,7862.347806684577,10029.606246741481,6375.413084535346
forecast_1485,2025-03-03 21:00:00,8528.626145033542,11152.869238886342,6857.689877680161
forecast_1486,2025-03-03 22:00:00,11153.179882268649,12361.244279933093,8707.387486578593
forecast_1487,2025-03-03 23:00:00,11916.506920261096,13188.807905790987,8773.939359676157
forecast_1488,2025-03-04 00:00:00,12423.936981987406,14583.27461520426,10165.39080882693
forecast_1489,2025-03-04 01:00:00,14230.872182853227,16894.135898457112,11308.077934426714
forecast_1490,2025-03-04 02:00:00,14037.450905687068,16771.26632225741,10937.240675445564
forecast_1491,2025-03-04 03:00:00,13839.623434575517,16491.238284685896,11044.276866358738
forecast_1492,2025-03-04 04:00:00,13851.897615173335,16020.838093846774,11028.23909431538
forecast_1493,2025-03-04 05:00:00,13707.802577810357,15934.972979319997,10814.551621380047
forecast_1494,2025-03-04 06:00:00,14066.88803626917,16566.899094676548,11133.207167518221
forecast_1495,2025-03-04 07:00:00,14014.857021827138,16757.70575369755,11133.253159094136
forecast_1496,2025-03-04 08:00:00,13920.148662488178,16524.984244692856,10779.864507993123
forecast_1497,2025-03-04 09:00:00,14254.585125261807,16525.590601725587,11038.30143652432
forecast_1498,2025-03-04 10:00:00,14062.568292334767,16208.260892349816,11217.122446707403
forecast_1499,2025-03-04 11:00:00,14120.161809779693,16261.734013703839,11285.404103199235
forecast_1500,2025-03-04 12:00:00,14070.16795250219,16091.464105507173,11358.6275699389
forecast_1501,2025-03-04 13:00:00,14105.187542903524,16442.16792827119,11341.346913311718
forecast_1502,2025-03-04 14:00:00,13987.743995400395,16647.437403873148,11368.208708526752
forecast_1503,2025-03-04 15:00:00,14229.5529500854,16518.277380051877,11835.831693199561
forecast_1504,2025-03-04 16:00:00,14175.259828013608,17177.832989411767,11833.315498893737
forecast_1505,2025-03-04 17:00:00,14103.034825226658,16955.523291364156,12479.219208606402
forecast_1506,2025-03-04 18:00:00,14087.42907699851,16646.126566831328,12236.231419473079
forecast_1507,2025-03-04 19:00:00,13368.026092122464,16908.98739220354,12519.17625882588
forecast_1508,2025-03-04 20:00:00,13167.946597298249,16546.205629800515,12213.104183462856
forecast_1509,2025-03-04 21:00:00,13149.68644031819,16944.93106586561,12298.238617658488
forecast_1510,2025-03-04 22:00:00,12501.109337749473,16289.765054820087,11430.124565960128
forecast_1511,2025-03-04 23:00:00,12503.116917858999,16060.535722352504,11621.05773556048
forecast_1512,2025-03-05 00:00:00,8586.360853670318,9808.883454659479,8816.515134296606
forecast_1513,2025-03-05 01:00:00,1836.841077895046,1981.7282414892775,2382.7514461923834
forecast_1514,2025-03-05 02:00:00,1607.7344968635866,1653.4689734546296,2312.971420988458
forecast_1515,2025-03-05 03:00:00,1685.6575722730656,1506.6765963117005,2188.724202759475
forecast_1516,2025-03-05 04:00:00,1624.4755919857425,1689.0601073947125,2156.883796555206
forecast_1517,2025-03-05 05:00:00,1521.89834139163,1510.1946710705142,1547.3354260570195
forecast_1518,2025-03-05 06:00:00,1666.9194890511428,1489.6453719631602,2088.288862591765
forecast_1519,2025-03-05 07:00:00,1358.766948532303,1520.2521368629177,1265.2650429348005
forecast_1520,2025-03-05 08:00:00,1369.4840096719993,1680.0825415697109,2120.0895390536393
forecast_1521,2025-03-05 09:00:00,1509.7541315707585,1634.7388357820205,1122.2704307464212
forecast_1522,2025-03-05 10:00:00,873.3096323258372,1223.7113969638508,846.0983174686226
forecast_1523,2025-03-05 11:00:00,720.4456782972699,972.6642950014744,828.6891197852772
forecast_1524,2025-03-05 12:00:00,606.6479751785171,761.6686668321609,582.0691635892161
forecast_1525,2025-03-05 13:00:00,560.7953901267522,784.7148192181685,552.2002667889732
forecast_1526,2025-03-05 14:00:00,426.9987790296262,589.6951166054454,437.34302636181326
forecast_1527,2025-03-05 15:00:00,477.2500602145047,576.2739875332936,512.202523672397
forecast_1528,2025-03-05 16:00:00,393.47652948242853,544.3540838195493,407.2392055186957
forecast_1529,2025-03-05 17:00:00,445.37460249163627,568.9289903575357,448.94906975320055
forecast_1530,2025-03-05 18:00:00,558.372984887721,671.2397582214361,550.3426493539474
forecast_1531,2025-03-05 19:00:00,739.4851226051787,995.5362940465899,725.0121735658306
forecast_1532,2025-03-05 20:00:00,1104.9281121951901,1361.6245910293012,808.5981913467531
forecast_1533,2025-03-05 21:00:00,1325.2595659500375,1462.118031674704,888.0516728113257
forecast_1534,2025-03-05 22:00:00,1214.2599647741486,1393.9125940735237,987.0927508208387
forecast_1535,2025-03-05 23:00:00,1242.0561057461596,1572.2006669481955,872.8001893984404
forecast_1536,2025-03-06 00:00:00,1593.1759007215926,1574.553160454913,807.521905553733
forecast_1537,2025-03-06 01:00:00,995.8337987709887,1343.8546182613652,904.8908815188795
forecast_1538,2025-03-06 02:00:00,1124.2172375163104,1338.8826202348955,770.6507501300287
forecast_1539,2025-03-06 03:00:00,1165.01501057894,1136.0302651186516,719.2304285346611
forecast_1540,2025-03-06 04:00:00,938.8962698468533,1093.5483737954776,698.623975649837
forecast_1541,2025-03-06 05:00:00,1138.310033402851,1341.4718443372185,878.7022748162307
forecast_1542,2025-03-06 06:00:00,1033.5685448033457,1230.3557594111126,760.7465294080166
forecast_1543,2025-03-06 07:00:00,857.4797782840579,766.6776355761339,503.10328514712995
forecast_1544,2025-03-06 08:00:00,533.2845314394411,505.48002883601475,231.87807482892828
forecast_1545,2025-03-06 09:00:00,332.2140018899434,295.89925053018527,164.91746363947573
forecast_1546,2025-03-06 10:00:00,148.47182033054446,137.99154763797668,142.76262786591332
forecast_1547,2025-03-06 11:00:00,133.60155994940715,135.2241127137453,116.1346547421854
forecast_1548,2025-03-06 12:00:00,143.958957015999,156.59781846057712,142.89862014328435
forecast_1549,2025-03-06 13:00:00,188.00507613283688,212.04829421930128,196.50646876664715
forecast_1550,2025-03-06 14:00:00,214.60363815035421,252.50146111313174,210.68857141513385
forecast_1551,2025-03-06 15:00:00,234.16877597386275,276.39957209748445,206.4919851297217
forecast_1552,2025-03-06 16:00:00,284.6415894408977,322.641953348366,266.41847505929394
forecast_1553,2025-03-06 17:00:00,463.1844793276322,452.55981750946336,296.4064479307415
forecast_1554,2025-03-06 18:00:00,533.8710704595443,529.9207744745669,336.40378151658575
forecast_1555,2025-03-06 19:00:00,523.509601253636,556.2585404994344,381.6924226909119
forecast_1556,2025-03-06 20:00:00,724.7206217260314,599.5929516604585,456.7840183403113
forecast_1557,2025-03-06 21:00:00,1018.1773882041746,998.2886875027067,539.1833418033182
forecast_1558,2025-03-06 22:00:00,1139.1190987700445,869.7418207582118,653.8358754062325
forecast_1559,2025-03-06 23:00:00,1196.183595861627,995.6454358420053,711.9215693897337
forecast_1560,2025-03-07 00:00:00,1165.1083124450158,1045.5732866073733,620.3152270989594
forecast_1561,2025-03-07 01:00:00,836.8430160842934,876.9222786471361,536.1082343451593
forecast_1562,2025-03-07 02:00:00,1287.6543946409972,1008.1036058568411,663.7979075902368
forecast_1563,2025-03-07 03:00:00,673.0705443429041,462.97747621295105,290.4836036430158
forecast_1564,2025-03-07 04:00:00,547.4436066848075,438.73655105778073,341.393382305371
forecast_1565,2025-03-07 05:00:00,602.3167287240234,577.1551976634587,418.6296013159471
forecast_1566,2025-03-07 06:00:00,576.8943828544608,521.651821519993,405.25751662852554
forecast_1567,2025-03-07 07:00:00,508.27776401355635,375.9008325142384,236.31351301865175
forecast_1568,2025-03-07 08:00:00,399.6368311524652,312.9959592106401,142.71595343086335
forecast_1569,2025-03-07 09:00:00,400.77631770573504,403.59395702322064,137.02683887045077
forecast_1570,2025-03-07 10:00:00,199.1415765184774,251.57205174610297,108.98044871198506
forecast_1571,2025-03-07 11:00:00,126.03398130632358,110.25359720462706,90.3235861973953
forecast_1572,2025-03-07 12:00:00,167.45576597305973,133.1532822561755,133.6015184408335
forecast_1573,2025-03-07 13:00:00,140.59428676161485,151.23344688503457,114.93258792568176
forecast_1574,2025-03-07 14:00:00,174.5501231516745,163.76515535402453,155.05091005940656
forecast_1575,2025-03-07 15:00:00,244.35868513719538,269.3058449128076,193.78158133564287
forecast_1576,2025-03-07 16:00:00,333.6692967664921,338.41555631648396,236.79275114516008
forecast_1577,2025-03-07 17:00:00,551.9870456083645,374.6246708801407,361.7507159987791
forecast_1578,2025-03-07 18:00:00,772.7237895133759,568.1603848556468,351.2210155837033
forecast_1579,2025-03-07 19:00:00,892.6051336402479,866.9670241675642,359.63878692859834
forecast_1580,2025-03-07 20:00:00,1184.2809153782027,953.3245315659235,404.26571769846447
forecast_1581,2025-03-07 21:00:00,1175.1386790351048,894.6802115357251,398.90183858549864
forecast_1582,2025-03-07 22:00:00,1620.7599325760327,1536.3173876577334,690.4810102693358
forecast_1583,2025-03-07 23:00:00,2484.7373096793185,1999.8059383644488,956.1348638390332
forecast_1584,2025-03-08 00:00:00,2371.860004067215,2529.0402504867484,1116.6699385866866
forecast_1585,2025-03-08 01:00:00,2051.3205481262244,2284.5730536974506,1137.9603033849626
forecast_1586,2025-03-08 02:00:00,2508.3791743752413,3227.4222142993453,993.1225999265048
forecast_1587,2025-03-08 03:00:00,3591.2522588301636,4154.274952158022,1907.4887565533886
forecast_1588,2025-03-08 04:00:00,4497.191681310571,5008.897967372302,3009.7203374338415
forecast_1589,2025-03-08 05:00:00,4288.4992768804295,4774.441928899411,2260.27822054465
forecast_1590,2025-03-08 06:00:00,4159.687653187844,5354.63071706576,2575.2533829154236
forecast_1591,2025-03-08 07:00:00,4590.08126123687,5127.051633280013,2841.3569253299293
forecast_1592,2025-03-08 08:00:00,4497.977898749256,5700.633217019344,3051.248852645678
forecast_1593,2025-03-08 09:00:00,5087.023656444278,5636.079772161864,3033.0212392563094
forecast_1594,2025-03-08 10:00:00,5305.089701232978,5547.256326940933,4088.9609015491433
forecast_1595,2025-03-08 11:00:00,5908.913199423209,5949.591972770331,4793.365005478164
forecast_1596,2025-03-08 12:00:00,5367.073066527071,5108.057857319741,4389.577256108541
forecast_1597,2025-03-08 13:00:00,5115.010838951043,4591.324547504815,4353.201458320256
forecast_1598,2025-03-08 14:00:00,5810.066370802864,6067.703530194064,5378.233253313555
forecast_1599,2025-03-08 15:00:00,8458.208247361426,8312.522613276067,6623.722801449684
forecast_1600,2025-03-08 16:00:00,7635.138550175816,7589.185679492306,6938.252082835269
forecast_1601,2025-03-08 17:00:00,8298.197020084026,8421.728833529352,6928.633997924738
forecast_1602,2025-03-08 18:00:00,10343.290375132772,9685.773905413465,7820.8835072149095
forecast_1603,2025-03-08 19:00:00,11937.42872494296,10388.116306885238,9533.984361824603
forecast_1604,2025-03-08 20:00:00,10701.792077000713,10203.86196756032,7811.9616720642425
forecast_1605,2025-03-08 21:00:00,9127.255232832877,9240.317404560314,6805.8123776428165
forecast_1606,2025-03-08 22:00:00,10049.750333589529,10049.514516355666,8154.035337783584
forecast_1607,2025-03-08 23:00:00,10224.58261411383,9864.530711947024,7403.1526226076985
forecast_1608,2025-03-09 00:00:00,9880.560894596843,8534.747406748285,6435.795827315191
forecast_1609,2025-03-09 01:00:00,6537.02529167358,5617.60938112383,4057.6816439788286
forecast_1610,2025-03-09 02:00:00,6897.912419935264,5421.591734450559,3853.5518885730676
forecast_1611,2025-03-09 03:00:00,6782.3457286540415,5503.146853353203,3779.5035770326062
forecast_1612,2025-03-09 04:00:00,5819.9610167521005,5206.948908740637,3293.3283811804677
forecast_1613,2025-03-09 05:00:00,4880.859101712356,3898.0742380731394,2563.093790072903
forecast_1614,2025-03-09 06:00:00,4341.222230686398,3268.3269197601658,2878.120096062211
forecast_1615,2025-03-09 07:00:00,5536.0133190004235,4018.603141331152,3714.036922146677
forecast_1616,2025-03-09 08:00:00,2907.2898801947526,1871.7475073334585,1040.369393889425
forecast_1617,2025-03-09 09:00:00,599.2375332113746,504.01967551275135,411.8025559983783
forecast_1618,2025-03-09 10:00:00,186.45345893707346,163.7361283297891,111.62000787071042
forecast_1619,2025-03-09 11:00:00,155.84156011216186,131.60305086656047,95.12173184945006
forecast_1620,2025-03-09 12:00:00,123.71772170388898,119.5768225485776,95.52249683442449
forecast_1621,2025-03-09 13:00:00,118.05261913318031,114.79193138961821,100.72172936142935
forecast_1622,2025-03-09 14:00:00,151.1812571673635,172.88609818308439,137.66287568901402
forecast_1623,2025-03-09 15:00:00,224.34000090911138,208.59547237292122,165.5014696686957
forecast_1624,2025-03-09 16:00:00,175.38198385331975,143.43091512212592,109.606467680821
forecast_1625,2025-03-09 17:00:00,184.6139329261236,178.57330219246094,111.30264885995311
forecast_1626,2025-03-09 18:00:00,220.488319842697,237.17941575357884,115.63669025129965
forecast_1627,2025-03-09 19:00:00,510.07205844848994,469.61205400798514,233.0738572134994
forecast_1628,2025-03-09 20:00:00,649.5382280241043,541.8720860687338,281.80429893905256
forecast_1629,2025-03-09 21:00:00,707.627460484588,546.841985574872,359.3344378077361
forecast_1630,2025-03-09 22:00:00,1235.1273441613891,968.8227373381861,518.5123438935908
forecast_1631,2025-03-09 23:00:00,2131.8781798867017,1967.0675817239294,1194.8918938293327
forecast_1632,2025-03-10 00:00:00,3135.3934029273573,2948.217143956111,2015.4438777553366
forecast_1633,2025-03-10 01:00:00,4484.6779508428635,4990.552574672889,2865.288330858581
forecast_1634,2025-03-10 02:00:00,6873.09731736803,6776.260888176256,4260.779344069987
forecast_1635,2025-03-10 03:00:00,6718.835482067664,6586.939187899534,4336.614646752183
forecast_1636,2025-03-10 04:00:00,6486.084315750958,6635.535417904378,4181.256415696375
forecast_1637,2025-03-10 05:00:00,4888.87154597763,5710.058975464506,3265.3750885324876
forecast_1638,2025-03-10 06:00:00,5672.324407506427,5978.804305147925,3329.924308922204
forecast_1639,2025-03-10 07:00:00,6713.381512472065,7433.488657479496,4586.7574104683745
forecast_1640,2025-03-10 08:00:00,5899.853959256614,6163.7401674590665,3515.8208807184856
forecast_1641,2025-03-10 09:00:00,4377.52286588468,3782.209552208136,2431.7646001371045
forecast_1642,2025-03-10 10:00:00,3121.9896225340044,2787.044383922647,2007.2573508903986
forecast_1643,2025-03-10 11:00:00,2351.729103950406,2606.7427033562367,1969.1471136299808
forecast_1644,2025-03-10 12:00:00,1885.5824012674482,2104.0873050869263,1960.487301406746
forecast_1645,2025-03-10 13:00:00,2344.225138534256,2611.933810473184,2562.568982713423
forecast_1646,2025-03-10 14:00:00,3234.73372321875,3170.5872712796954,2774.187560668745
forecast_1647,2025-03-10 15:00:00,4748.762261810553,5314.209899403278,3094.2037261298483
forecast_1648,2025-03-10 16:00:00,6211.998126061618,6671.276908767401,3895.051120662361
forecast_1649,2025-03-10 17:00:00,6629.883305986211,7497.569079363222,4367.87325103652
forecast_1650,2025-03-10 18:00:00,7577.512594572142,7041.841260775847,4496.141542808611
forecast_1651,2025-03-10 19:00:00,7577.562137068252,8441.930786014445,4863.04787536537
forecast_1652,2025-03-10 20:00:00,8761.460419618974,9725.801401849718,6145.030037443677
forecast_1653,2025-03-10 21:00:00,10038.469337454397,11455.434379469387,7298.418365888009
forecast_1654,2025-03-10 22:00:00,13898.061489267628,14405.86386828259,10001.020752599748
forecast_1655,2025-03-10 23:00:00,14591.092977708331,14623.958711262623,12068.137943879548
forecast_1656,2025-03-11 00:00:00,17398.840250423236,16430.822754205725,13249.0956222413
forecast_1657,2025-03-11 01:00:00,16024.49709853827,15759.825800003002,12666.062158783745
forecast_1658,2025-03-11 02:00:00,16533.38057186936,16121.747897994484,12573.347114506285
forecast_1659,2025-03-11 03:00:00,17321.808011661433,16888.683160175573,13594.221927248536
forecast_1660,2025-03-11 04:00:00,18887.36623878095,18079.880603857695,14434.788757058694
forecast_1661,2025-03-11 05:00:00,19168.090583921523,18013.57093235988,14244.92391028971
forecast_1662,2025-03-11 06:00:00,17468.60755965711,15410.919344608206,12128.412493603466
forecast_1663,2025-03-11 07:00:00,14660.408513122537,11428.445358941637,9037.339859516509
forecast_1664,2025-03-11 08:00:00,10020.108902118283,8374.829665862815,5605.559172482525
forecast_1665,2025-03-11 09:00:00,5097.244933272725,3888.8867717982907,2947.8757212812184
forecast_1666,2025-03-11 10:00:00,3126.664900327934,2083.711279452872,1476.2552972592773
forecast_1667,2025-03-11 11:00:00,1977.8995001707879,1404.1594814956122,1239.9050379523358
forecast_1668,2025-03-11 12:00:00,1736.8305952135258,1226.057122690524,1194.5606733827435
forecast_1669,2025-03-11 13:00:00,1326.9100552486443,962.1299005352072,872.3700967455798
forecast_1670,2025-03-11 14:00:00,1209.7241613220795,909.2329127528013,1000.4298253595667
forecast_1671,2025-03-11 15:00:00,1458.087764242967,970.4405824141841,1219.689079721357
forecast_1672,2025-03-11 16:00:00,1572.5562235936836,1088.9916357079683,978.970872671857
forecast_1673,2025-03-11 17:00:00,1555.3758240061459,1351.022837669693,1116.5050279381505
forecast_1674,2025-03-11 18:00:00,5569.263576650169,5244.935242468792,3836.4736765586917
forecast_1675,2025-03-11 19:00:00,5524.274176306558,5320.519914420899,4167.899311114181
forecast_1676,2025-03-11 20:00:00,5918.851298980247,5648.305604434917,4126.104659019082
forecast_1677,2025-03-11 21:00:00,8418.660546350662,8333.835022868745,5789.070119027072
forecast_1678,2025-03-11 22:00:00,7960.283663464141,7973.086428796219,4432.645856841972
forecast_1679,2025-03-11 23:00:00,16423.564963902023,14707.826494928448,12181.149097801557
forecast_1680,2025-03-12 00:00:00,17503.4348738783,17030.829314354334,14280.33039029582
forecast_1681,2025-03-12 01:00:00,14662.031749003378,13423.837106698487,10291.931962048044
forecast_1682,2025-03-12 02:00:00,13942.714798089017,13933.035814366234,9938.762986906184
forecast_1683,2025-03-12 03:00:00,10565.211822198902,11614.211410794185,7056.3693174466625
forecast_1684,2025-03-12 04:00:00,14912.419543688035,14419.280339248635,10504.19092320358
forecast_1685,2025-03-12 05:00:00,15426.908942191349,14983.21403624157,12318.820695525945
forecast_1686,2025-03-12 06:00:00,16710.87802782963,16447.8423057515,14506.765565190231
forecast_1687,2025-03-12 07:00:00,18242.709640889596,17008.17797371769,14891.50514236985
forecast_1688,2025-03-12 08:00:00,18289.123580628177,17210.148162734542,14696.846631522669
forecast_1689,2025-03-12 09:00:00,18790.236350001167,18282.701428691875,16062.975768288996
forecast_1690,2025-03-12 10:00:00,17513.452770481363,17211.139770640842,14737.430310999394
forecast_1691,2025-03-12 11:00:00,16846.049621442635,16483.390860313706,14601.54808319189
forecast_1692,2025-03-12 12:00:00,16485.27453083308,15591.628417825254,14139.150114766402
forecast_1693,2025-03-12 13:00:00,16671.952870050867,15790.067285577941,14203.011814325715
forecast_1694,2025-03-12 14:00:00,17232.86306791624,16354.893689950464,14704.179011128661
forecast_1695,2025-03-12 15:00:00,18618.09370469141,17541.69107099002,15330.405767914941
forecast_1696,2025-03-12 16:00:00,20023.330094272234,19465.166833586372,16597.53356776826
forecast_1697,2025-03-12 17:00:00,20370.63579061089,19238.238443773647,16413.52692867909
forecast_1698,2025-03-12 18:00:00,19880.494944699574,18726.962320736497,15167.897846169704
forecast_1699,2025-03-12 19:00:00,19228.843625627276,17047.519000361957,15143.070254060794
forecast_1700,2025-03-12 20:00:00,16136.806011008946,14975.674984517193,10887.190825650396
forecast_1701,2025-03-12 21:00:00,16553.859911170646,15338.66722742657,12611.4475696004
forecast_1702,2025-03-12 22:00:00,14467.87150891949,14170.924861129517,10557.80279582615
forecast_1703,2025-03-12 23:00:00,13002.456932668527,11963.410403676218,8874.55644399723
forecast_1704,2025-03-13 00:00:00,13011.555923189726,12400.317241150371,8261.862635376428
forecast_1705,2025-03-13 01:00:00,12581.22649018196,11235.063236967844,7288.358656450323
forecast_1706,2025-03-13 02:00:00,12871.176967371306,12227.308788540007,8524.172978201834
forecast_1707,2025-03-13 03:00:00,13450.601657718564,12882.19287901263,8833.569654734865
forecast_1708,2025-03-13 04:00:00,13691.89471406284,11941.13732425472,8415.146827965285
forecast_1709,2025-03-13 05:00:00,13732.69804033868,13018.099785867389,9561.942532659024
forecast_1710,2025-03-13 06:00:00,11192.110479179315,12114.03876195026,8628.304213782263
forecast_1711,2025-03-13 07:00:00,9590.070016949514,10858.449737691657,7364.256114048803
forecast_1712,2025-03-13 08:00:00,9541.559093472913,10554.275658103534,5814.763053391809
forecast_1713,2025-03-13 09:00:00,10429.046407421394,9239.520373417912,6105.629268585753
forecast_1714,2025-03-13 10:00:00,7935.680751485704,8076.387840343789,5498.089102268764
forecast_1715,2025-03-13 11:00:00,4799.743241712067,4750.240498017475,3056.451878301496
forecast_1716,2025-03-13 12:00:00,3652.0497067638416,3003.396418166011,2530.9966296395655
forecast_1717,2025-03-13 13:00:00,3493.834599559869,2777.5649863315093,2486.593270813278
forecast_1718,2025-03-13 14:00:00,2489.7659748565916,1880.3004432651444,1661.6372884966531
forecast_1719,2025-03-13 15:00:00,1821.9457160455609,1550.0839286214803,1353.5517083686625
forecast_1720,2025-03-13 16:00:00,1176.47853357732,1061.6010866271743,783.9337984008482
forecast_1721,2025-03-13 17:00:00,602.7937568266796,626.1418014682733,387.3126442751006
forecast_1722,2025-03-13 18:00:00,1297.271247347328,1099.2665132378131,523.1337652356714
forecast_1723,2025-03-13 19:00:00,2341.053073491341,1388.0421695179668,1136.9713663805796
forecast_1724,2025-03-13 20:00:00,3576.3290366080973,2497.103863651206,1745.2803519050467
forecast_1725,2025-03-13 21:00:00,3525.533666024062,2656.7056676561474,1750.5206544476944
forecast_1726,2025-03-13 22:00:00,4619.6961021524585,4102.525809177242,2755.5941594667056
forecast_1727,2025-03-13 23:00:00,4891.308182261246,3698.8699803658274,3030.681048626077
forecast_1728,2025-03-14 00:00:00,3893.268806583554,2937.9533393631655,2315.67026763098
forecast_1729,2025-03-14 01:00:00,3757.1723311519854,2782.9739947355365,1995.971633277397
forecast_1730,2025-03-14 02:00:00,2597.9139737418936,1886.00155214096,1269.3695459242717
forecast_1731,2025-03-14 03:00:00,2487.7159395577673,1922.9815627675264,1227.667048726351
forecast_1732,2025-03-14 04:00:00,1870.668160662583,1701.758292421792,846.0301853363466
forecast_1733,2025-03-14 05:00:00,1175.3204778892073,966.004282494505,367.9438314421261
forecast_1734,2025-03-14 06:00:00,1322.0699660627995,1172.0930022466814,425.74755259382744
forecast_1735,2025-03-14 07:00:00,906.7831338391237,728.7930100898856,170.60204505389476
forecast_1736,2025-03-14 08:00:00,767.8603469515444,532.7768631259145,233.69588063621606
forecast_1737,2025-03-14 09:00:00,634.958613339824,721.6212344977737,290.1901943640127
forecast_1738,2025-03-14 10:00:00,512.0715684715353,664.1688118719509,521.4429484965804
forecast_1739,2025-03-14 11:00:00,678.8553072504226,790.7018453761023,605.1230629476416
forecast_1740,2025-03-14 12:00:00,721.9182733307189,946.7789282603836,831.922937096224
forecast_1741,2025-03-14 13:00:00,783.9171508373786,1063.1609496105352,1044.8300803228085
forecast_1742,2025-03-14 14:00:00,815.5239298359336,1020.9707626194344,1278.4256505827318
forecast_1743,2025-03-14 15:00:00,1086.1335635544622,1054.7684867410048,1381.169151308016
forecast_1744,2025-03-14 16:00:00,1106.403718252527,1008.285419748935,1158.3676852904416
forecast_1745,2025-03-14 17:00:00,1015.6367237667142,987.672762661112,872.8323037741048
forecast_1746,2025-03-14 18:00:00,892.2671381243699,770.7484919308091,522.2394866002742
forecast_1747,2025-03-14 19:00:00,945.6056458046913,887.6685989021316,461.0765124581553
forecast_1748,2025-03-14 20:00:00,1579.8094925638109,1204.8050063150347,548.0625823740294
forecast_1749,2025-03-14 21:00:00,1503.840192713518,1197.0397483636996,461.7515671786781
forecast_1750,2025-03-14 22:00:00,2080.036962952691,1581.2734663877188,610.8160193297998
forecast_1751,2025-03-14 23:00:00,2124.227161720159,1767.4833648290733,851.2970812976054
forecast_1752,2025-03-15 00:00:00,2235.4494942111355,1998.8369260125073,968.1569043228792
forecast_1753,2025-03-15 01:00:00,3189.632621035522,2926.527115294674,1544.593293327222
forecast_1754,2025-03-15 02:00:00,3105.5743514296823,3117.889335804674,1383.598163092115
forecast_1755,2025-03-15 03:00:00,3235.362687626714,2807.6520723433637,1230.9506586078296
forecast_1756,2025-03-15 04:00:00,3248.59633730586,3123.1602026726187,1331.1765738588203
forecast_1757,2025-03-15 05:00:00,3089.2490174772324,3454.715391244517,1499.7953426299182
forecast_1758,2025-03-15 06:00:00,2990.3654302087,3215.1105689752562,1262.5351024323004
forecast_1759,2025-03-15 07:00:00,3496.516285735617,3794.379553825494,1737.122911980521
forecast_1760,2025-03-15 08:00:00,3525.0259035618606,3665.8244231592244,2141.60717533059
forecast_1761,2025-03-15 09:00:00,4019.8675160763137,2857.7462807897846,2279.161322623232
forecast_1762,2025-03-15 10:00:00,3323.091782747376,4084.8204655638933,2744.537429535176
forecast_1763,2025-03-15 11:00:00,3125.3340339626357,4063.301166297989,3156.441564554662
forecast_1764,2025-03-15 12:00:00,2634.7421391645257,3089.8220074238284,2762.1431779322083
forecast_1765,2025-03-15 13:00:00,2070.1379576827117,2959.8247174415824,2545.1318113539537
forecast_1766,2025-03-15 14:00:00,1398.0726129323584,1979.8370148157353,1635.4186554847545
forecast_1767,2025-03-15 15:00:00,959.7544113315809,1192.1105757120888,1047.9154621633693
forecast_1768,2025-03-15 16:00:00,878.493788369105,1060.6286093479064,887.2039730188441
forecast_1769,2025-03-15 17:00:00,817.4758683979101,1071.6716841363955,765.8777458640758
forecast_1770,2025-03-15 18:00:00,929.7267592743034,1130.0901138016775,917.2358174356701
forecast_1771,2025-03-15 19:00:00,1314.2515694668127,1100.722436253756,913.3669807289742
forecast_1772,2025-03-15 20:00:00,1404.4128819615992,1332.448210291269,1027.125857382967
forecast_1773,2025-03-15 21:00:00,1710.86725652965,1843.0007429479822,1073.8234120842162
forecast_1774,2025-03-15 22:00:00,1946.7959021648098,2456.5604886489136,1193.7846105951985
forecast_1775,2025-03-15 23:00:00,1495.5326744063755,1603.549405350682,1023.9444446771314
forecast_1776,2025-03-16 00:00:00,1184.9369686404293,1405.9847375744835,939.7804153028449
forecast_1777,2025-03-16 01:00:00,1459.380729520765,1364.4130558307693,600.3701209067182
forecast_1778,2025-03-16 02:00:00,1184.5664710373203,1148.8346769373102,733.9510576876559
forecast_1779,2025-03-16 03:00:00,1087.366517032528,1204.8487559900834,764.3268400224658
forecast_1780,2025-03-16 04:00:00,1214.1900781518068,1274.368030594905,587.2230290675365
forecast_1781,2025-03-16 05:00:00,790.8180282298812,924.5670517770225,291.90997565031836
forecast_1782,2025-03-16 06:00:00,580.3506395158162,653.7516057580469,167.0339733619007
forecast_1783,2025-03-16 07:00:00,569.1402902938393,674.6395007713182,195.56506646820765
forecast_1784,2025-03-16 08:00:00,807.8420917703954,650.776642196971,306.74280134138854
forecast_1785,2025-03-16 09:00:00,810.6013966104136,716.4407075783475,287.76768970787873
forecast_1786,2025-03-16 10:00:00,599.0515924933944,670.1910568442879,304.75523482055365
forecast_1787,2025-03-16 11:00:00,600.0217632964232,723.2578296319107,327.678802486665
forecast_1788,2025-03-16 12:00:00,941.3963773833415,840.8139546050355,540.1341193740839
forecast_1789,2025-03-16 13:00:00,1370.9643353128863,1171.5520078956486,777.3625138613478
forecast_1790,2025-03-16 14:00:00,2658.7970234829313,2531.922881393854,1347.5141516040526
forecast_1791,2025-03-16 15:00:00,3466.398928976043,4271.759151194517,3704.174327920553
forecast_1792,2025-03-16 16:00:00,7530.5385663524985,8116.746124100011,6690.146696147342
forecast_1793,2025-03-16 17:00:00,9238.576368061467,8978.59562663761,8007.307919473216
forecast_1794,2025-03-16 18:00:00,9055.44167242567,8925.337950597841,7225.596686109487
forecast_1795,2025-03-16 19:00:00,9201.84553693434,9419.975265009376,7517.843062133841
forecast_1796,2025-03-16 20:00:00,12557.47839550801,11575.112393865782,9608.618872423007
forecast_1797,2025-03-16 21:00:00,13562.665036425205,13015.699914720868,12498.14997821152
forecast_1798,2025-03-16 22:00:00,12235.668484335001,11926.113513264896,9781.847899309627
forecast_1799,2025-03-16 23:00:00,9325.373654734616,8264.83117619759,5508.570484179188
forecast_1800,2025-03-17 00:00:00,6381.834012788092,6484.517461336034,4767.45634484465
forecast_1801,2025-03-17 01:00:00,14241.37356281579,13982.165413280583,9414.759577983992
forecast_1802,2025-03-17 02:00:00,11282.831836298994,9838.809468398036,6370.108587510341
forecast_1803,2025-03-17 03:00:00,8087.407119031047,8926.16950355555,5625.6975901719525
forecast_1804,2025-03-17 04:00:00,7971.481003407736,8363.760038194656,6104.926757258623
forecast_1805,2025-03-17 05:00:00,7620.798484035881,7527.674609843563,5417.700954236486
forecast_1806,2025-03-17 06:00:00,7147.0223431557815,7049.666705540909,4585.2647538096
forecast_1807,2025-03-17 07:00:00,4164.930847686291,4481.330655566204,2888.888445401477
forecast_1808,2025-03-17 08:00:00,3313.897060175467,3388.1169967776436,1843.7711855235593
forecast_1809,2025-03-17 09:00:00,2596.3406917677303,2011.192994045661,1217.110700602531
forecast_1810,2025-03-17 10:00:00,2574.108457600427,1524.5702962374721,1065.5760540273213
forecast_1811,2025-03-17 11:00:00,2602.4271113059667,2103.057979869125,1971.2043034384972
forecast_1812,2025-03-17 12:00:00,3516.2840934757605,2983.658806185726,2750.7356139313238
forecast_1813,2025-03-17 13:00:00,6313.469638072627,6094.2566714414215,5590.576579147329
forecast_1814,2025-03-17 14:00:00,8199.539188175322,7937.441212503941,7288.130534282401
forecast_1815,2025-03-17 15:00:00,10724.793291793105,10188.106460865414,9515.371918118182
forecast_1816,2025-03-17 16:00:00,11378.309444701814,10768.09614512506,9116.208765140289
forecast_1817,2025-03-17 17:00:00,11528.663597697203,10065.345699313242,7918.004084259839
forecast_1818,2025-03-17 18:00:00,9780.128822125,8919.352080928327,7218.721020571441
forecast_1819,2025-03-17 19:00:00,9759.114260283339,10188.821666426806,9595.984381502292
forecast_1820,2025-03-17 20:00:00,10211.781999493958,9983.38914239191,10195.313379327645
forecast_1821,2025-03-17 21:00:00,12095.538463455874,12308.627857047932,11104.818272494442
forecast_1822,2025-03-17 22:00:00,13815.476968887933,13940.443357567463,11926.106540219578
forecast_1823,2025-03-17 23:00:00,10316.46805149711,11322.723097966964,6638.815203795022
forecast_1824,2025-03-18 00:00:00,7965.924179288446,9095.136762507243,4551.925738061162
forecast_1825,2025-03-18 01:00:00,6037.859993572802,6852.233128313362,3470.7216390843046
forecast_1826,2025-03-18 02:00:00,4652.398068045959,5263.230159440856,2848.62238027068
forecast_1827,2025-03-18 03:00:00,3794.1782219937195,4467.364482124699,2007.645801097186
forecast_1828,2025-03-18 04:00:00,3928.9472397272584,4252.180939921563,2341.4487178123522
forecast_1829,2025-03-18 05:00:00,3736.9239553534076,3686.7846060073584,2132.271822492429
forecast_1830,2025-03-18 06:00:00,2886.578013717754,2354.1272902411706,1294.4398628104555
forecast_1831,2025-03-18 07:00:00,1390.5632070835725,1305.723772715825,723.5533010448962
forecast_1832,2025-03-18 08:00:00,1096.8849846149226,1088.2267498444128,559.8511710477926
forecast_1833,2025-03-18 09:00:00,2311.2422810530393,2343.5196269353573,922.0278677494905
forecast_1834,2025-03-18 10:00:00,1755.8749892002973,1494.1716753331725,982.8078647017675
forecast_1835,2025-03-18 11:00:00,652.4771484866483,695.5694807231102,688.9376831279214
forecast_1836,2025-03-18 12:00:00,945.6961980855468,1188.4752330920646,789.7636206963726
forecast_1837,2025-03-18 13:00:00,1985.0911813144035,1755.126651878446,1030.1701345825973
forecast_1838,2025-03-18 14:00:00,2888.0369186204716,2621.477853131911,1569.7682918755731
forecast_1839,2025-03-18 15:00:00,6283.38239586341,5140.832452174379,3462.32030052837
forecast_1840,2025-03-18 16:00:00,10853.098981382414,10176.072071106637,7372.212307818584
forecast_1841,2025-03-18 17:00:00,14728.714670016172,15431.83567493997,10879.821229567162
forecast_1842,2025-03-18 18:00:00,14297.37073405408,15535.218215075018,10618.3443513073
forecast_1843,2025-03-18 19:00:00,12828.564758136976,13122.943686624729,9167.058463845768
forecast_1844,2025-03-18 20:00:00,10164.547053387896,10841.718704913295,8294.89485532056
forecast_1845,2025-03-18 21:00:00,10044.444151756854,9364.831976902808,6617.338635301972
forecast_1846,2025-03-18 22:00:00,6091.284664495206,6300.3986169535065,3675.905587946667
forecast_1847,2025-03-18 23:00:00,4862.51741135137,5369.621883331865,3017.404150469817
forecast_1848,2025-03-19 00:00:00,4181.980292811119,4852.506416948809,2848.9774899091058
forecast_1849,2025-03-19 01:00:00,3466.406077771705,2810.41060373937,1578.3155460549267
forecast_1850,2025-03-19 02:00:00,3232.689252191044,2532.068561085821,1561.192223413161
forecast_1851,2025-03-19 03:00:00,2717.1092147157174,2076.9321425635467,1415.244068491516
forecast_1852,2025-03-19 04:00:00,2660.404334637299,2176.316293966678,1473.5532505173385
forecast_1853,2025-03-19 05:00:00,2560.4936768313983,1900.9663435544194,1748.213839190662
forecast_1854,2025-03-19 06:00:00,2114.1093683255904,1780.0411098610775,1776.8337640215714
forecast_1855,2025-03-19 07:00:00,2976.1899708450233,2582.1020157991925,2340.571635803657
forecast_1856,2025-03-19 08:00:00,3458.543086337481,3735.9326274890177,2106.516951236861
forecast_1857,2025-03-19 09:00:00,4366.010048814748,4617.000908359729,2878.5765287951144
forecast_1858,2025-03-19 10:00:00,5476.003043511835,5503.189968920166,4622.843155787547
forecast_1859,2025-03-19 11:00:00,6204.5858059102575,6307.203748507467,5856.631589466634
forecast_1860,2025-03-19 12:00:00,6748.6565759498335,6960.85286526921,6061.527130174637
forecast_1861,2025-03-19 13:00:00,8135.201367089977,8310.627777306949,6942.684494316865
forecast_1862,2025-03-19 14:00:00,8200.044876879627,7584.857687830614,6966.457620328874
forecast_1863,2025-03-19 15:00:00,10443.688411782958,9575.512179696621,7988.102524722547
forecast_1864,2025-03-19 16:00:00,11564.871954126062,10538.063196396559,8531.911411408368
forecast_1865,2025-03-19 17:00:00,9740.940927029258,10430.69970628604,7515.413188784336
forecast_1866,2025-03-19 18:00:00,11598.206567159077,12326.08403995792,8477.19400496345
forecast_1867,2025-03-19 19:00:00,14441.449122346059,13677.010586447335,10582.781247146873
forecast_1868,2025-03-19 20:00:00,14268.484173331542,13913.246221512964,11926.613053329675
forecast_1869,2025-03-19 21:00:00,14293.719417182758,14002.705610488429,12315.039461037093
forecast_1870,2025-03-19 22:00:00,14120.55487224136,14811.735607648841,12119.99795901897
forecast_1871,2025-03-19 23:00:00,13146.751240325242,14367.953788206203,11243.560661031584
forecast_1872,2025-03-20 00:00:00,15841.98290955655,16510.329443190738,13375.719108042487
forecast_1873,2025-03-20 01:00:00,15306.189683299152,16106.140124259395,11908.944509808363
forecast_1874,2025-03-20 02:00:00,16408.459504896364,16794.0993311659,12557.168670482142
forecast_1875,2025-03-20 03:00:00,17534.00488873448,17515.79738238185,13170.825430024845
forecast_1876,2025-03-20 04:00:00,17680.906812331606,17355.894776865825,14215.459813232057
forecast_1877,2025-03-20 05:00:00,17735.788085630604,17581.9796375457,14977.312913696956
forecast_1878,2025-03-20 06:00:00,18519.8923494837,18267.295072205783,16261.82101120206
forecast_1879,2025-03-20 07:00:00,19224.0246356477,18659.75084355809,16865.238363945286
forecast_1880,2025-03-20 08:00:00,18296.401031515958,17830.91933188946,15835.593716565752
forecast_1881,2025-03-20 09:00:00,17731.55351977826,17715.743265439014,14991.144063179732
forecast_1882,2025-03-20 10:00:00,16314.07079977785,16393.699702465965,14792.929746654792
forecast_1883,2025-03-20 11:00:00,16503.432330799973,16347.8368042455,14581.270616850104
forecast_1884,2025-03-20 12:00:00,16202.799989545227,16201.996569287683,14167.744679361458
forecast_1885,2025-03-20 13:00:00,16686.411296250175,16322.836775851065,14559.150090795452
forecast_1886,2025-03-20 14:00:00,19151.311826843244,18508.87545432065,15740.042864746774
forecast_1887,2025-03-20 15:00:00,19378.297119527568,18530.96359041875,16482.006695873202
forecast_1888,2025-03-20 16:00:00,19461.71889775859,18471.930028546867,16815.414405166666
forecast_1889,2025-03-20 17:00:00,19581.63837659529,18550.944898641752,16989.6861335314
forecast_1890,2025-03-20 18:00:00,19721.71477616133,18702.81794667635,17163.099438115583
forecast_1891,2025-03-20 19:00:00,19706.026998153517,19057.13095177615,16714.578358060684
forecast_1892,2025-03-20 20:00:00,19489.768108196728,19050.33426094733,16399.091253401904
forecast_1893,2025-03-20 21:00:00,19654.228599953756,19274.159963599166,16591.814148468715
forecast_1894,2025-03-20 22:00:00,20102.49625668354,19519.0658278022,16805.209334916344
forecast_1895,2025-03-20 23:00:00,20164.084540229025,19492.017450091353,16591.424088297706
forecast_1896,2025-03-21 00:00:00,20076.648536381843,19484.08743279264,16674.027845696215
forecast_1897,2025-03-21 01:00:00,19121.45288217194,18282.21385625675,16754.13607852661
forecast_1898,2025-03-21 02:00:00,20120.025848801957,19214.440755625972,16790.43336233611
forecast_1899,2025-03-21 03:00:00,20339.37011113859,19419.1405777112,17045.16717496696
forecast_1900,2025-03-21 04:00:00,20284.220505212244,19296.001236493317,16769.334648097396
forecast_1901,2025-03-21 05:00:00,20046.264041718554,19135.30794107091,16745.306412943813
forecast_1902,2025-03-21 06:00:00,20161.001796906945,19258.950200440835,16994.47822701613
forecast_1903,2025-03-21 07:00:00,20317.198591097003,19261.095640994157,16403.604405683254
forecast_1904,2025-03-21 08:00:00,20186.281268228864,19288.092080853054,16841.868634246155
forecast_1905,2025-03-21 09:00:00,19898.743313971245,19304.43272988947,17097.053676457745
forecast_1906,2025-03-21 10:00:00,19599.07642451508,19398.89675960206,16832.523285044386
forecast_1907,2025-03-21 11:00:00,19106.934875118422,19486.094751182995,16046.42165847737
forecast_1908,2025-03-21 12:00:00,19090.733453832898,19322.806010762448,15632.631528084052
forecast_1909,2025-03-21 13:00:00,18976.290481150136,19131.56077046772,15772.707242427352
forecast_1910,2025-03-21 14:00:00,18726.612083915647,18870.39257153756,14897.305229687265
forecast_1911,2025-03-21 15:00:00,18373.66899374786,18699.033193040243,14472.328555177319
forecast_1912,2025-03-21 16:00:00,18317.149139323843,18505.206328914155,13804.52163945103
forecast_1913,2025-03-21 17:00:00,18310.00151904349,18555.139937508542,13692.25991719837
forecast_1914,2025-03-21 18:00:00,19091.306814361615,18921.601935290226,15162.658224266312
forecast_1915,2025-03-21 19:00:00,19407.043743875325,19063.72878974175,15375.96795063707
forecast_1916,2025-03-21 20:00:00,19406.652498451287,19050.378765317186,16131.684945536846
forecast_1917,2025-03-21 21:00:00,19175.865135062737,18904.639782756705,16465.934380796763
forecast_1918,2025-03-21 22:00:00,18777.826003113572,18204.379744719514,15931.643527976094
forecast_1919,2025-03-21 23:00:00,19524.315997748392,18733.082046933607,16389.615512865523
forecast_1920,2025-03-22 00:00:00,19776.908700741194,18719.49016576445,16304.997461979923
forecast_1921,2025-03-22 01:00:00,19708.55608472922,19323.899966032677,16187.413329120694
forecast_1922,2025-03-22 02:00:00,19603.905934781615,19371.869856715053,16021.019295998005
forecast_1923,2025-03-22 03:00:00,19500.999488227524,19283.961788599096,15751.07847664171
forecast_1924,2025-03-22 04:00:00,19699.646929465784,19243.31488036424,15582.734985700707
forecast_1925,2025-03-22 05:00:00,19951.065761685055,19379.867393807453,16046.446457974062
forecast_1926,2025-03-22 06:00:00,19936.943896082037,19453.598904723094,16067.299767099395
forecast_1927,2025-03-22 07:00:00,20189.142665569583,19451.13748267302,16456.303133323356
forecast_1928,2025-03-22 08:00:00,20065.86039145559,19421.34852790909,16674.754171793677
forecast_1929,2025-03-22 09:00:00,18961.628959138623,19420.219951377585,16155.160835933453
forecast_1930,2025-03-22 10:00:00,18780.593005301947,19143.243305138407,15839.468577295822
forecast_1931,2025-03-22 11:00:00,18782.130115252436,19029.01363472193,15241.492982733434
forecast_1932,2025-03-22 12:00:00,18838.302174937653,18935.71327877543,15010.242585279075
forecast_1933,2025-03-22 13:00:00,18400.389672879108,18804.299936081683,14908.717977821745
forecast_1934,2025-03-22 14:00:00,18495.48058035859,18608.649286310105,15124.700417205711
forecast_1935,2025-03-22 15:00:00,18216.189658104628,18478.971026396262,15087.938660798063
forecast_1936,2025-03-22 16:00:00,17588.321972361453,18253.873170559258,14721.0390009045
forecast_1937,2025-03-22 17:00:00,17267.01740088008,17929.027038628814,14432.225340893845
forecast_1938,2025-03-22 18:00:00,17650.62777002829,17705.419752055117,14087.391192686902
forecast_1939,2025-03-22 19:00:00,17901.865620250515,18285.585679420954,14117.392251257823
forecast_1940,2025-03-22 20:00:00,18183.506572457412,18401.531186317632,14501.74836258626
forecast_1941,2025-03-22 21:00:00,19334.22327573016,18449.26165778329,15875.388781354053
forecast_1942,2025-03-22 22:00:00,19157.770287314157,18817.35546870466,15895.683026895424
forecast_1943,2025-03-22 23:00:00,19295.317364949573,18369.72998464731,14883.068351512147
forecast_1944,2025-03-23 00:00:00,19305.094199676885,18480.664784844408,15126.92071416113
forecast_1945,2025-03-23 01:00:00,17867.552415913487,17882.420998162754,13255.504624805586
forecast_1946,2025-03-23 02:00:00,17445.7579321405,16825.308934024884,13141.119252390448
forecast_1947,2025-03-23 03:00:00,18450.10758378227,16930.873246773695,14443.549624531088
forecast_1948,2025-03-23 04:00:00,18415.74036550614,16666.915042319844,14811.714809913494
forecast_1949,2025-03-23 05:00:00,17648.44681810191,15769.841147745541,12909.763513183681
forecast_1950,2025-03-23 06:00:00,16408.391001649314,15168.268972663127,11545.676928883255
forecast_1951,2025-03-23 07:00:00,11414.974033859631,11487.97282727151,8092.338602439727
forecast_1952,2025-03-23 08:00:00,6998.443902392096,7211.492262231878,4094.598015596899
forecast_1953,2025-03-23 09:00:00,3606.980763567453,2883.519257722708,1694.817919461983
forecast_1954,2025-03-23 10:00:00,1762.1700142951909,1661.165523077154,774.074381582304
forecast_1955,2025-03-23 11:00:00,908.3563926466352,803.4207751842011,385.05788344873946
forecast_1956,2025-03-23 12:00:00,754.6949026784788,819.3200887206685,361.35299381567415
forecast_1957,2025-03-23 13:00:00,818.6333088744531,1002.8370343946552,336.60913058652744
forecast_1958,2025-03-23 14:00:00,1477.0355687375634,1510.4192584467303,577.8403792815697
forecast_1959,2025-03-23 15:00:00,2762.529871115573,3030.41394732923,1138.8926673784667
forecast_1960,2025-03-23 16:00:00,3424.8892548470735,4608.2685826784655,2312.2251255207434
forecast_1961,2025-03-23 17:00:00,3904.136396758278,4514.494005946863,2447.622104857808
forecast_1962,2025-03-23 18:00:00,3033.889191412309,3852.237275635778,1874.7565834752959
forecast_1963,2025-03-23 19:00:00,4203.684434349928,4708.849799287362,2837.7586288392563
forecast_1964,2025-03-23 20:00:00,5833.045477443368,6859.353569756001,4204.702849836155
forecast_1965,2025-03-23 21:00:00,8626.615290777896,11028.829427006765,6443.4440284747225
forecast_1966,2025-03-23 22:00:00,11008.801300629799,13656.107877212939,7232.255922631884
forecast_1967,2025-03-23 23:00:00,12707.884968889,13670.101492084712,9863.84878850844
forecast_1968,2025-03-24 00:00:00,13171.092609196046,13955.13498427919,11082.188086108872
forecast_1969,2025-03-24 01:00:00,13654.589447514969,15007.525151768727,12046.744173626774
forecast_1970,2025-03-24 02:00:00,10643.330357540788,12804.178407859861,8804.20085949871
forecast_1971,2025-03-24 03:00:00,12000.93953723272,13764.743279426584,10360.417009657127
forecast_1972,2025-03-24 04:00:00,10744.920809417014,12593.789160878341,8765.22215474962
forecast_1973,2025-03-24 05:00:00,9435.452703020672,11457.255827228253,7758.386196878789
forecast_1974,2025-03-24 06:00:00,13311.667475684231,14213.597072605677,11925.57268861937
forecast_1975,2025-03-24 07:00:00,14852.338255599188,15181.036797091783,12334.201755655711
forecast_1976,2025-03-24 08:00:00,14547.118080664159,13956.626474238768,11496.78403656119
forecast_1977,2025-03-24 09:00:00,13055.768927256948,13171.294888873652,12168.811212074605
forecast_1978,2025-03-24 10:00:00,16313.634091048782,15928.773068144861,14207.697410211977
forecast_1979,2025-03-24 11:00:00,16850.48785347988,16309.246998706854,14739.350878225201
forecast_1980,2025-03-24 12:00:00,18055.172575493296,17910.828506810663,15630.202655230043
forecast_1981,2025-03-24 13:00:00,17665.006533094464,17273.346980608978,15275.553555713206
forecast_1982,2025-03-24 14:00:00,17324.49591425909,16449.91615358016,15378.004446912852
forecast_1983,2025-03-24 15:00:00,15112.893608545432,14187.863571967397,13764.876190629777
forecast_1984,2025-03-24 16:00:00,15008.8762229245,14809.006943690876,13399.5820062587
forecast_1985,2025-03-24 17:00:00,13783.888553017812,12787.888443512466,12031.550321514356
forecast_1986,2025-03-24 18:00:00,12246.112782204871,11568.152921349185,10388.347364065437
forecast_1987,2025-03-24 19:00:00,12916.484996107945,13255.998604700328,11853.40546286467
forecast_1988,2025-03-24 20:00:00,12824.607300183841,12944.579605993293,11731.454813066315
forecast_1989,2025-03-24 21:00:00,13957.816729411968,13690.636702834683,12659.289297088217
forecast_1990,2025-03-24 22:00:00,15329.818971012377,15676.877923150136,14382.965812858689
forecast_1991,2025-03-24 23:00:00,17594.9788546271,16851.042298681936,15644.698005980277
forecast_1992,2025-03-25 00:00:00,17452.64369772905,16703.060944681907,14979.304990655111
forecast_1993,2025-03-25 01:00:00,19587.99305730827,17766.86242527534,16508.54116163625
forecast_1994,2025-03-25 02:00:00,18857.943466256693,17534.80522964344,15577.423321274102
forecast_1995,2025-03-25 03:00:00,17830.864169829474,15598.09005059207,13900.347819374176
forecast_1996,2025-03-25 04:00:00,14547.632874713461,13787.436054166306,11785.88465404602
forecast_1997,2025-03-25 05:00:00,9754.105915356797,10107.999022774326,7684.6990791623175
forecast_1998,2025-03-25 06:00:00,6408.752884210562,6940.957290369981,4470.061421803006
forecast_1999,2025-03-25 07:00:00,6388.106110535519,7207.907852891141,4456.43074641872
forecast_2000,2025-03-25 08:00:00,7110.507168740836,7230.212720782144,4815.928298241637
forecast_2001,2025-03-25 09:00:00,6287.700110052008,6688.269632941653,4259.776917782808
forecast_2002,2025-03-25 10:00:00,7110.283224017158,7898.05522434321,6657.741119979532
forecast_2003,2025-03-25 11:00:00,8112.39532243844,9011.142740325677,7921.6494770749705
forecast_2004,2025-03-25 12:00:00,8634.796714660311,9118.69861059908,9332.563430303415
forecast_2005,2025-03-25 13:00:00,11336.09479002677,13592.866859029185,11261.267968206794
forecast_2006,2025-03-25 14:00:00,15054.966293679416,17003.640507455028,14773.371316380762
forecast_2007,2025-03-25 15:00:00,16163.769961657941,18141.92121164028,15749.999765299312
forecast_2008,2025-03-25 16:00:00,16645.80885639224,17267.663657689624,15126.555706720552
forecast_2009,2025-03-25 17:00:00,17767.23470827976,17171.039327804207,15748.793768644975
forecast_2010,2025-03-25 18:00:00,18642.031083053073,17887.27873934447,16936.5760670308
forecast_2011,2025-03-25 19:00:00,18884.006498565515,17746.39459490503,15908.292581589307
forecast_2012,2025-03-25 20:00:00,18472.674726520178,17230.573760010997,15123.601151855637
forecast_2013,2025-03-25 21:00:00,18351.154274208282,18190.806346855792,10815.577116763316
forecast_2014,2025-03-25 22:00:00,18836.384620178196,18417.56807741985,15051.228923759563
forecast_2015,2025-03-25 23:00:00,19056.576000788787,18606.133605207397,14999.190485089413
forecast_2016,2025-03-26 00:00:00,19121.4288763155,18198.390281220254,15038.254792594624
forecast_2017,2025-03-26 01:00:00,18797.852158856684,17779.418358916548,14635.867398107597
forecast_2018,2025-03-26 02:00:00,18673.462243813166,18735.133739234534,15206.366752161945
forecast_2019,2025-03-26 03:00:00,18529.475670455973,18070.71976865219,14972.391243987926
forecast_2020,2025-03-26 04:00:00,16658.692927275635,15472.811345563787,14341.508629106362
forecast_2021,2025-03-26 05:00:00,14523.531606617824,13456.446020039575,10559.494042901206
forecast_2022,2025-03-26 06:00:00,10742.991573891775,10724.267321796193,7595.408734647814
forecast_2023,2025-03-26 07:00:00,5587.737234541088,5236.077159473188,4162.781084482237
forecast_2024,2025-03-26 08:00:00,2904.0900418734423,2300.455490335937,1571.5231725457468
forecast_2025,2025-03-26 09:00:00,2415.5222267478225,2272.712223497726,1273.130206427231
forecast_2026,2025-03-26 10:00:00,1131.4368686080898,1092.3163980642648,940.7868451932544
forecast_2027,2025-03-26 11:00:00,994.0302097939839,971.9918097194865,511.3749105097075
forecast_2028,2025-03-26 12:00:00,1223.8527340637493,1452.7143430220349,648.7290360575828
forecast_2029,2025-03-26 13:00:00,2249.6149377718984,2043.1890673198102,755.2236800539541
forecast_2030,2025-03-26 14:00:00,3031.738318601801,2638.264895337824,1543.7246250425003
forecast_2031,2025-03-26 15:00:00,3817.535879486941,3250.8391333269556,2171.772701882288
forecast_2032,2025-03-26 16:00:00,3145.2955520400847,3226.129160021517,1767.4179574692507
forecast_2033,2025-03-26 17:00:00,3363.487258991176,3503.830528462765,2329.5236094210672
forecast_2034,2025-03-26 18:00:00,6541.624166739642,6599.163269122929,4032.898014109317
forecast_2035,2025-03-26 19:00:00,8942.115047577066,9555.719769493417,5495.9223998259995
forecast_2036,2025-03-26 20:00:00,9681.728690368707,10531.453076991625,5990.979427173135
forecast_2037,2025-03-26 21:00:00,10413.888938038994,11302.479520076487,6453.1679183339875
forecast_2038,2025-03-26 22:00:00,11093.24729689672,12841.081836405618,7485.669164955393
forecast_2039,2025-03-26 23:00:00,12937.231445627302,14204.02751396875,9934.663791119114
forecast_2040,2025-03-27 00:00:00,15192.3149366744,17309.305578838368,13831.353662505448
forecast_2041,2025-03-27 01:00:00,16819.66600787677,18153.427690827903,14793.705174777597
forecast_2042,2025-03-27 02:00:00,17116.22709090966,18013.852343078655,15094.56671909884
forecast_2043,2025-03-27 03:00:00,17279.35657420779,18146.65657395168,15493.403403500619
forecast_2044,2025-03-27 04:00:00,17332.45880819172,18142.771021075037,15507.410555407663
forecast_2045,2025-03-27 05:00:00,13977.676470295244,16082.49024532486,12603.898534361477
forecast_2046,2025-03-27 06:00:00,11101.236265226564,12687.209909161886,9652.953127598641
forecast_2047,2025-03-27 07:00:00,11927.704259437642,14002.485886581633,11458.511891864753
forecast_2048,2025-03-27 08:00:00,13840.89554083807,14798.138557724651,13103.01889545356
forecast_2049,2025-03-27 09:00:00,11685.547409777553,12927.98225171752,11035.158015335697
forecast_2050,2025-03-27 10:00:00,10568.677651260294,11629.59905235743,9230.414461504946
forecast_2051,2025-03-27 11:00:00,10036.054066079789,11226.381918846304,9073.064720545735
forecast_2052,2025-03-27 12:00:00,10302.582378949197,9997.65947453403,8760.836506183297
forecast_2053,2025-03-27 13:00:00,8419.28075840971,8796.280130358862,7429.2937000006405
forecast_2054,2025-03-27 14:00:00,8699.014639058163,9427.768100939647,7205.853775857094
forecast_2055,2025-03-27 15:00:00,8692.028696386387,8991.038527157583,7177.635775335472
forecast_2056,2025-03-27 16:00:00,8253.769124657041,7379.71306678244,4831.881987305973
forecast_2057,2025-03-27 17:00:00,7397.460801750191,7203.742558929099,4509.1116949567595
forecast_2058,2025-03-27 18:00:00,8647.493523030269,8329.383443031058,6791.568450251052
forecast_2059,2025-03-27 19:00:00,8851.390732371276,9024.438854570064,6267.783540170236
forecast_2060,2025-03-27 20:00:00,9484.95823922296,8966.171659527341,7667.623046959314
forecast_2061,2025-03-27 21:00:00,10542.655212750069,9940.588681602781,8386.429279392647
forecast_2062,2025-03-27 22:00:00,12272.784897344864,12087.416058218983,9131.017983503709
forecast_2063,2025-03-27 23:00:00,12103.537074436632,11800.44203793519,9125.488066754966
forecast_2064,2025-03-28 00:00:00,10985.663028355375,10769.637138703962,7321.1789858009115
forecast_2065,2025-03-28 01:00:00,3403.9808869597014,3345.4439382183677,1932.4042421396427
forecast_2066,2025-03-28 02:00:00,3464.4289622779816,3552.1616043609292,2082.0953867478906
forecast_2067,2025-03-28 03:00:00,2640.8920383579803,2709.7763472893093,1249.293808895889
forecast_2068,2025-03-28 04:00:00,3404.680791549482,2949.4637849428545,1597.2089081540105
forecast_2069,2025-03-28 05:00:00,2151.543732329481,2614.559986898395,1290.7852720548913
forecast_2070,2025-03-28 06:00:00,1551.910226606405,1591.3485602776423,533.9491376338185
forecast_2071,2025-03-28 07:00:00,1481.99259582233,1516.661846228477,557.2772282820556
forecast_2072,2025-03-28 08:00:00,1031.5121921242337,884.5801306985134,475.41230501402526
forecast_2073,2025-03-28 09:00:00,1170.2866826367274,1333.877790751619,670.3797134784751
forecast_2074,2025-03-28 10:00:00,924.3829866444901,1136.5364331847115,717.3812317766534
forecast_2075,2025-03-28 11:00:00,904.004270880211,1289.1799839787911,750.1959879087424
forecast_2076,2025-03-28 12:00:00,953.9160851102473,1102.7637550744523,810.9769684274299
forecast_2077,2025-03-28 13:00:00,1598.0977512847564,1581.1560389017616,1362.0659693402756
forecast_2078,2025-03-28 14:00:00,2013.1610078818144,1919.655855981678,1543.7328426195922
forecast_2079,2025-03-28 15:00:00,2167.7699809841492,2232.0143211446216,2059.1203812288145
forecast_2080,2025-03-28 16:00:00,2402.374758630464,2284.203959457127,1879.9454911305845
forecast_2081,2025-03-28 17:00:00,1339.0120078060595,1684.7772059118104,965.6839045056685
forecast_2082,2025-03-28 18:00:00,2636.536496962501,2274.428128507103,1443.2380498973082
forecast_2083,2025-03-28 19:00:00,4215.578729417487,4174.15553478321,3021.285480669456
forecast_2084,2025-03-28 20:00:00,7455.682937628328,8093.371152184035,5946.751632829541
forecast_2085,2025-03-28 21:00:00,9063.585543999548,8850.921423033265,6244.567516742794
forecast_2086,2025-03-28 22:00:00,8659.617624890583,8805.44116002245,6043.805692836628
forecast_2087,2025-03-28 23:00:00,7214.892506341793,7604.052746296595,4718.565071533479
forecast_2088,2025-03-29 00:00:00,7850.138064972271,8264.589452883785,4785.057831396351
forecast_2089,2025-03-29 01:00:00,877.4605227716161,873.4385661677017,638.4109246648236
forecast_2090,2025-03-29 02:00:00,526.3591134117216,511.5897003519472,187.48623673232166
forecast_2091,2025-03-29 03:00:00,706.1755197252736,795.6751204034671,261.70609156571237
forecast_2092,2025-03-29 04:00:00,1190.3896447557117,1081.5748410430433,676.3518615144828
forecast_2093,2025-03-29 05:00:00,3827.5662134431664,4262.684128665484,2670.1581821900368
forecast_2094,2025-03-29 06:00:00,6249.44209187394,7250.917349900778,4603.116808768333
forecast_2095,2025-03-29 07:00:00,6500.7307423103075,8365.744565737667,5266.192215674663
forecast_2096,2025-03-29 08:00:00,7452.1795978609525,8712.598590036672,5947.318972544686
forecast_2097,2025-03-29 09:00:00,6748.163767028103,6837.086825411348,5970.150670654189
forecast_2098,2025-03-29 10:00:00,7383.016410684842,8221.714538411294,7997.429932174275
forecast_2099,2025-03-29 11:00:00,10195.77109332265,9991.604617938256,9247.344776116772
forecast_2100,2025-03-29 12:00:00,12825.7022359758,11595.993970015956,11388.110225189781
forecast_2101,2025-03-29 13:00:00,13881.228646328422,12252.88152350613,12263.36092719786
forecast_2102,2025-03-29 14:00:00,14194.308231885487,13172.787050328567,12835.459452285082
forecast_2103,2025-03-29 15:00:00,15068.367015200822,14095.58725603541,11396.718042523895
forecast_2104,2025-03-29 16:00:00,15441.009811806525,15095.385863740388,13153.753940511815
forecast_2105,2025-03-29 17:00:00,14885.28156514213,13652.7591582599,10499.604008656448
forecast_2106,2025-03-29 18:00:00,14354.598136672425,12692.43366197254,9757.2933393566
forecast_2107,2025-03-29 19:00:00,14074.609399635006,12024.343797095604,8392.547674877436
forecast_2108,2025-03-29 20:00:00,14546.575551204725,12140.402867387445,8241.101407198192
forecast_2109,2025-03-29 21:00:00,14495.665295483503,12184.621304803917,8738.02726171593
forecast_2110,2025-03-29 22:00:00,13932.890445798499,11701.961760548438,8302.498387453561
forecast_2111,2025-03-29 23:00:00,13266.216964232684,11399.858545388719,7818.176905745321
forecast_2112,2025-03-30 00:00:00,13000.225425497705,10783.192800895673,7640.241438808182
forecast_2113,2025-03-30 01:00:00,13315.09654748045,11280.280606142662,7724.95603134652
forecast_2114,2025-03-30 02:00:00,13652.791420178612,10976.823328740582,7822.884074709764
forecast_2115,2025-03-30 03:00:00,13416.646556744377,10337.186504835228,7876.689887197498
forecast_2116,2025-03-30 04:00:00,13599.931616707141,10362.334533738605,8223.155927199514
forecast_2117,2025-03-30 05:00:00,12569.923299430013,10394.176685062092,8075.269064581824
forecast_2118,2025-03-30 06:00:00,12424.101047281316,10986.222797408878,9503.551615309643
forecast_2119,2025-03-30 07:00:00,11863.371727677653,10316.479874629895,8506.926477819701
forecast_2120,2025-03-30 08:00:00,9121.144233562582,7804.604007990791,6075.918914373635
forecast_2121,2025-03-30 09:00:00,7885.072069237,7281.559706224626,6143.58165009917
forecast_2122,2025-03-30 10:00:00,7968.753311527499,6974.201883495811,5733.596160578829
forecast_2123,2025-03-30 11:00:00,8424.55262028533,6923.640828141794,5863.16132819061
forecast_2124,2025-03-30 12:00:00,9608.192175659278,8517.548637989645,6835.821362027773
forecast_2125,2025-03-30 13:00:00,11002.468250772163,10336.991676967511,7705.7242729068175
forecast_2126,2025-03-30 14:00:00,11299.805382677201,9742.880224397479,7246.466488838364
forecast_2127,2025-03-30 15:00:00,9157.339147452643,7628.548455272277,5723.347002638579
forecast_2128,2025-03-30 16:00:00,7503.368867027825,6143.464850165973,4726.065349603319
forecast_2129,2025-03-30 17:00:00,7167.72202473808,6040.869111503359,4569.693387291544
forecast_2130,2025-03-30 18:00:00,7181.558512323235,6275.5403682243505,4762.865067001418
forecast_2131,2025-03-30 19:00:00,7634.564662958125,7382.2262108816085,4708.7666015270515
forecast_2132,2025-03-30 20:00:00,8213.394998293828,7913.71172222634,5335.710796218984
forecast_2133,2025-03-30 21:00:00,8048.489934217893,8122.046926655031,5281.519420526657
forecast_2134,2025-03-30 22:00:00,10202.799191656959,9970.79542772669,7232.525691777121
forecast_2135,2025-03-30 23:00:00,11704.816327666784,11669.749841438961,8465.502306956523
forecast_2136,2025-03-31 00:00:00,11298.154584686401,11439.527004344438,8061.177550528593
forecast_2137,2025-03-31 01:00:00,16516.77396774337,15981.440627076308,14288.028949391528
forecast_2138,2025-03-31 02:00:00,16107.521401250931,16103.698484517045,13602.315115718711
forecast_2139,2025-03-31 03:00:00,15781.612115928789,15788.054098103456,13578.921199927376
forecast_2140,2025-03-31 04:00:00,15341.76181044718,15337.353551436247,13289.195166155361
forecast_2141,2025-03-31 05:00:00,14998.019952206905,15367.618124943732,12822.427990722348
forecast_2142,2025-03-31 06:00:00,15507.49443223161,15643.286386134167,11961.077177074558
forecast_2143,2025-03-31 07:00:00,10308.972804579687,10767.638014055148,7121.9345039736745
forecast_2144,2025-03-31 08:00:00,8702.921286989142,7434.0810799273895,5395.547594150811
forecast_2145,2025-03-31 09:00:00,6158.395248629018,5737.601033557843,3852.7187596653134
forecast_2146,2025-03-31 10:00:00,3393.8477109572705,2771.039146542175,2360.8079764375543
forecast_2147,2025-03-31 11:00:00,2694.3598336259543,2208.821895953783,1612.9410258121618
forecast_2148,2025-03-31 12:00:00,3312.742216184142,2764.3812000941157,2010.1027564104072
forecast_2149,2025-03-31 13:00:00,4960.991266405347,3899.8596805161274,3411.408412679963
forecast_2150,2025-03-31 14:00:00,4992.3012750868675,4415.884134880424,3737.766442776059
forecast_2151,2025-03-31 15:00:00,5115.537204972378,5367.572194591269,3617.3391012170387
forecast_2152,2025-03-31 16:00:00,5006.784544700301,4473.222419902566,3047.601359748254
forecast_2153,2025-03-31 17:00:00,5373.85301753294,5239.816414840998,3627.461743609134
forecast_2154,2025-03-31 18:00:00,6301.366529180076,5888.046315453247,5392.282672529059
forecast_2155,2025-03-31 19:00:00,8354.627048008235,7729.633572719384,7522.195815899758
forecast_2156,2025-03-31 20:00:00,10134.713224522942,9940.035498221603,9237.214008987086
forecast_2157,2025-03-31 21:00:00,11106.813199104292,10608.316981890395,7840.650476543035
forecast_2158,2025-03-31 22:00:00,12750.872630425447,12292.532920613852,8283.28928770956
forecast_2159,2025-03-31 23:00:00,13606.399311923662,12993.174704847215,10164.54809493327
forecast_2160,2025-04-01 00:00:00,14173.111382922372,12501.201416026233,9176.805830484063
forecast_2161,2025-04-01 01:00:00,6815.323653661348,7090.799988130176,4752.54176140216
forecast_2162,2025-04-01 02:00:00,7580.59326514897,6980.223310238966,5030.327678628858
forecast_2163,2025-04-01 03:00:00,8239.008479857683,7248.170091423476,5221.534135884358
forecast_2164,2025-04-01 04:00:00,8432.645953340785,7058.589121339175,5498.3495863879525
forecast_2165,2025-04-01 05:00:00,6400.735132231158,5688.151951210243,4507.412908711116
forecast_2166,2025-04-01 06:00:00,6236.760005896176,5286.985323911239,4668.533521932726
forecast_2167,2025-04-01 07:00:00,5309.318444332023,3929.286019671241,3189.9596678317816
forecast_2168,2025-04-01 08:00:00,3553.0909983103957,2875.163834077742,1628.6538977975222
forecast_2169,2025-04-01 09:00:00,1630.3129504847636,1431.2172380975592,1004.6837116165801
forecast_2170,2025-04-01 10:00:00,259.4904197902142,264.2089513463888,229.0402118947264
forecast_2171,2025-04-01 11:00:00,145.914006330621,158.28792735397653,122.68648182971063
forecast_2172,2025-04-01 12:00:00,153.78362078936027,173.61343626247196,133.10929285395991
forecast_2173,2025-04-01 13:00:00,180.20430565475033,201.61109717915963,203.59474408089375
forecast_2174,2025-04-01 14:00:00,533.7409723125073,410.8493941283247,486.7068122985104
forecast_2175,2025-04-01 15:00:00,530.2700812414107,562.1814162364142,575.5905364781192
forecast_2176,2025-04-01 16:00:00,451.9623681463782,618.0045998289174,575.451747079487
forecast_2177,2025-04-01 17:00:00,685.5660254282222,673.551634362894,666.0559027534592
forecast_2178,2025-04-01 18:00:00,774.989373118416,699.0456443015362,484.2390449447781
forecast_2179,2025-04-01 19:00:00,1273.9118747805637,1286.354794323264,553.5026576944482
forecast_2180,2025-04-01 20:00:00,1833.603688779507,1591.503930428597,572.5291174524066
forecast_2181,2025-04-01 21:00:00,1644.0180628083692,1329.9387930064738,548.50033407469
forecast_2182,2025-04-01 22:00:00,2176.845390938873,1666.1160457594308,573.7571329952519
forecast_2183,2025-04-01 23:00:00,2398.6267868151886,1887.239915594655,725.3112893122199
forecast_2184,2025-04-02 00:00:00,2292.8771356958136,1709.461768921495,668.2351432672931
forecast_2185,2025-04-02 01:00:00,1286.4811522384762,1027.7409292808775,416.302705691172
forecast_2186,2025-04-02 02:00:00,1193.058019859769,1006.3984779510452,385.0510429794729
forecast_2187,2025-04-02 03:00:00,1121.9132733827903,907.6534672354651,452.9510890564662
forecast_2188,2025-04-02 04:00:00,844.3155513078698,853.8190350055368,266.8989848292163
forecast_2189,2025-04-02 05:00:00,710.6195890412308,622.6875690687447,144.40551703800185
forecast_2190,2025-04-02 06:00:00,550.2219506088217,544.1539933332195,111.6817911494813
forecast_2191,2025-04-02 07:00:00,611.6060825355859,591.1275150334261,149.40008466473185
forecast_2192,2025-04-02 08:00:00,508.9304751268207,441.1695711623254,178.02521281072381
forecast_2193,2025-04-02 09:00:00,480.0977413738736,508.8599575694852,157.2731812441931
forecast_2194,2025-04-02 10:00:00,467.6025084880757,455.1718930053135,186.3936229383262
forecast_2195,2025-04-02 11:00:00,756.5323158273374,945.6683366047464,585.0891615212331
forecast_2196,2025-04-02 12:00:00,414.66348783935143,576.6441422330071,298.51630351648197
forecast_2197,2025-04-02 13:00:00,426.0122640266304,713.0996848466889,503.323265573902
forecast_2198,2025-04-02 14:00:00,786.534166215485,966.6633448392682,963.3274186712893
forecast_2199,2025-04-02 15:00:00,1251.967032803975,1477.7468363430419,1274.0869882580114
forecast_2200,2025-04-02 16:00:00,1336.2135499356975,1500.1234242890678,1117.8856574790018
forecast_2201,2025-04-02 17:00:00,1134.4741640155696,1429.6234062976755,962.6321068214064
forecast_2202,2025-04-02 18:00:00,1027.8289863112716,1263.8798981659552,894.2628850133075
forecast_2203,2025-04-02 19:00:00,487.71591662205986,572.4538151574422,341.267941526966
forecast_2204,2025-04-02 20:00:00,539.8861131711644,482.42917753728517,178.5861534438127
forecast_2205,2025-04-02 21:00:00,854.2947116368908,624.7491957595678,359.886474872887
forecast_2206,2025-04-02 22:00:00,2036.1945194879158,1697.7692602420664,857.2466861625121
forecast_2207,2025-04-02 23:00:00,2313.676315605545,2162.180504730549,1151.9712534195207
forecast_2208,2025-04-03 00:00:00,1566.8284637975464,1773.9020233598899,817.9237489072326
forecast_2209,2025-04-03 01:00:00,1245.911410362415,1275.3993754971532,479.6756519567735
forecast_2210,2025-04-03 02:00:00,1406.1652842080978,1519.2892316544535,667.4911494657548
forecast_2211,2025-04-03 03:00:00,1600.4966930958321,1681.0608525501684,817.0388202627125
forecast_2212,2025-04-03 04:00:00,1867.1477928750096,2082.408373862768,921.6870685321317
forecast_2213,2025-04-03 05:00:00,1858.8458451380811,2130.556650397572,1225.4691473774728
forecast_2214,2025-04-03 06:00:00,1870.7493049299019,2401.922472956898,1164.2379910903478
forecast_2215,2025-04-03 07:00:00,1763.056136942124,2227.388028452464,1107.3336520249693
forecast_2216,2025-04-03 08:00:00,1343.6084542663507,1637.477928085439,994.6932027840064
forecast_2217,2025-04-03 09:00:00,917.3801296094067,1146.3758067020535,697.7917185644334
forecast_2218,2025-04-03 10:00:00,508.4818856805122,661.1512630784018,526.0449888746058
forecast_2219,2025-04-03 11:00:00,367.00460244391394,470.1123099003039,428.2708181900266
forecast_2220,2025-04-03 12:00:00,257.27745951629106,451.6303316480109,380.89346113515256
forecast_2221,2025-04-03 13:00:00,249.4898043159874,456.7506294697113,397.6703560906419
forecast_2222,2025-04-03 14:00:00,351.2668139558249,550.8156845790922,385.8443925587219
forecast_2223,2025-04-03 15:00:00,404.55079247084836,495.24452996778956,402.69539397880106
forecast_2224,2025-04-03 16:00:00,281.94929961468165,381.1033726746974,265.2660362083216
forecast_2225,2025-04-03 17:00:00,173.16612816910768,189.1301562369411,134.92558025658002
forecast_2226,2025-04-03 18:00:00,243.11907400861668,314.9480432344945,148.7696751335743
forecast_2227,2025-04-03 19:00:00,446.137482996016,461.76029123360274,257.0612337598152
forecast_2228,2025-04-03 20:00:00,1029.9390683920603,1039.7765126279126,473.94112411295635
forecast_2229,2025-04-03 21:00:00,1421.446733876152,1550.6100928355415,528.1874016463203
forecast_2230,2025-04-03 22:00:00,2162.061710803178,2502.832136725145,918.1219441571018
forecast_2231,2025-04-03 23:00:00,2448.328362531679,3165.745099494806,1272.323351760753
forecast_2232,2025-04-04 00:00:00,3598.6546794943692,3946.9517530190133,2311.3994611625953
forecast_2233,2025-04-04 01:00:00,4610.393676258863,5038.2929568605605,3058.5809771312265
forecast_2234,2025-04-04 02:00:00,5859.60934526523,5872.884273809038,4049.131005842975
forecast_2235,2025-04-04 03:00:00,7233.831333458512,5964.353026863666,4373.838518015474
forecast_2236,2025-04-04 04:00:00,10025.4763636419,8417.154287277861,6552.700657322361
forecast_2237,2025-04-04 05:00:00,11064.401942464207,10120.127829455476,8408.804718021209
forecast_2238,2025-04-04 06:00:00,10408.774782099741,9786.319062856057,7023.76095655232
forecast_2239,2025-04-04 07:00:00,9533.00274247232,8536.524812596192,5977.0590144342295
forecast_2240,2025-04-04 08:00:00,7776.487544043012,7336.081209041336,4587.246265730367
forecast_2241,2025-04-04 09:00:00,5802.122695422713,5697.607580895292,3432.243873753723
forecast_2242,2025-04-04 10:00:00,1939.0987692284707,1938.165791934748,980.9135605484202
forecast_2243,2025-04-04 11:00:00,1481.6263460274215,1103.3748798509541,1052.3224924063525
forecast_2244,2025-04-04 12:00:00,1272.26680617153,1096.5450293645908,1012.8319468994551
forecast_2245,2025-04-04 13:00:00,980.2127141122111,868.9442450735874,788.0459227851713
forecast_2246,2025-04-04 14:00:00,1025.183449433631,779.279024970768,849.2935519458143
forecast_2247,2025-04-04 15:00:00,1029.9889145345676,1147.2866970249668,1069.519060623496
forecast_2248,2025-04-04 16:00:00,2357.930810502478,1875.774415441513,1565.6700838685833
forecast_2249,2025-04-04 17:00:00,2600.784600952281,2146.6004264816306,1749.733498418461
forecast_2250,2025-04-04 18:00:00,2985.036121052403,2724.0283223160727,2001.5534262387446
forecast_2251,2025-04-04 19:00:00,2203.7594855043117,2262.0516214742133,1659.8007183699785
forecast_2252,2025-04-04 20:00:00,3162.8830634890846,3256.9613117346544,2178.8617707919625
forecast_2253,2025-04-04 21:00:00,3005.559482274338,3457.3920800256806,1362.5589076115784
forecast_2254,2025-04-04 22:00:00,2343.3238398622707,2723.584908746514,1225.2254323802733
forecast_2255,2025-04-04 23:00:00,4108.404594780869,3961.52340304807,2470.23625546473
forecast_2256,2025-04-05 00:00:00,4211.865937428108,5084.930432968894,2720.208402201621
forecast_2257,2025-04-05 01:00:00,6773.534884396569,8406.514779487206,4681.964439147549
forecast_2258,2025-04-05 02:00:00,7890.230566264736,9885.241669905554,5026.786198036888
forecast_2259,2025-04-05 03:00:00,8073.6827396406925,8488.681001141213,5215.547722168854
forecast_2260,2025-04-05 04:00:00,8361.07046764393,9181.150162361555,5738.359172470766
forecast_2261,2025-04-05 05:00:00,7171.5381192831,8543.608667447137,5333.850275397659
forecast_2262,2025-04-05 06:00:00,8164.410156678377,9757.229881595937,6280.672692255081
forecast_2263,2025-04-05 07:00:00,6244.929533356732,7402.606079539815,4378.232804603805
forecast_2264,2025-04-05 08:00:00,5176.499806174921,5517.393100034203,3291.5666240196024
forecast_2265,2025-04-05 09:00:00,4744.8393398041135,5687.565970818157,3352.8726607366275
forecast_2266,2025-04-05 10:00:00,3491.2137645728403,4207.729736214151,2249.9450880119575
forecast_2267,2025-04-05 11:00:00,3897.480749353527,5362.12334684156,3876.6064454745206
forecast_2268,2025-04-05 12:00:00,7384.818434710181,8742.49237522147,6640.483406724523
forecast_2269,2025-04-05 13:00:00,9927.726040759399,12106.79137743407,10133.29002059093
forecast_2270,2025-04-05 14:00:00,10489.566227417807,12697.696154279218,10845.978665423889
forecast_2271,2025-04-05 15:00:00,11312.585080489838,13716.494401329306,11243.466892034787
forecast_2272,2025-04-05 16:00:00,12919.54762511129,14928.496655952895,12962.180484327306
forecast_2273,2025-04-05 17:00:00,14112.487670291319,15314.35023859652,13224.306464025052
forecast_2274,2025-04-05 18:00:00,16091.029107552262,16147.286738513552,14090.5992865572
forecast_2275,2025-04-05 19:00:00,14546.098300060801,14601.329006846423,13007.83917345423
forecast_2276,2025-04-05 20:00:00,15546.045767804879,14999.372899474396,13356.593556151562
forecast_2277,2025-04-05 21:00:00,13626.013657207028,12593.066263382478,11343.50047279498
forecast_2278,2025-04-05 22:00:00,12475.2591343871,11940.760879385405,10951.338782508832
forecast_2279,2025-04-05 23:00:00,13606.423092161478,13579.757471680812,12103.491291343402
forecast_2280,2025-04-06 00:00:00,15149.796671513484,15205.421298342486,12953.957528317453
forecast_2281,2025-04-06 01:00:00,13121.998051745526,13456.94508564645,11846.965059126198
forecast_2282,2025-04-06 02:00:00,13234.43469278651,13214.625988010717,11694.144368804742
forecast_2283,2025-04-06 03:00:00,13549.205789055455,13102.930088457791,11444.85931884626
forecast_2284,2025-04-06 04:00:00,13420.004333638479,12863.491490388938,11699.257848700285
forecast_2285,2025-04-06 05:00:00,15014.136640817565,14064.890006126236,12792.690100540623
forecast_2286,2025-04-06 06:00:00,14798.828259089141,13700.809721894275,12556.787285260085
forecast_2287,2025-04-06 07:00:00,15520.80411365921,14569.47078669545,13278.591500728355
forecast_2288,2025-04-06 08:00:00,16425.51504884041,15415.957810949993,13886.11695013132
forecast_2289,2025-04-06 09:00:00,15280.243493841675,13988.592306781595,11253.019779014383
forecast_2290,2025-04-06 10:00:00,14276.207103570008,11881.471427728855,9979.47369842196
forecast_2291,2025-04-06 11:00:00,13391.682373551697,11340.8519053911,9346.5402685327
forecast_2292,2025-04-06 12:00:00,13063.400687438922,11380.594332592615,9781.927590365107
forecast_2293,2025-04-06 13:00:00,14142.751915247554,13193.968179985568,10831.219351300864
forecast_2294,2025-04-06 14:00:00,14917.084887460496,13526.38958026643,11204.436146236243
forecast_2295,2025-04-06 15:00:00,14960.415617110553,13557.652994065913,11875.245278434619
forecast_2296,2025-04-06 16:00:00,14560.533564263276,12961.452809904245,11516.29987535063
forecast_2297,2025-04-06 17:00:00,14848.663759657518,12961.621931792719,11729.567380803104
forecast_2298,2025-04-06 18:00:00,14407.71048954265,12170.991781672774,10644.440090523154
forecast_2299,2025-04-06 19:00:00,13938.726958082789,11774.586336482835,10601.737839045098
forecast_2300,2025-04-06 20:00:00,13850.640523818789,12028.593705354013,11192.282894244927
forecast_2301,2025-04-06 21:00:00,14266.241308246144,12944.748248686263,11207.407565089015
forecast_2302,2025-04-06 22:00:00,15118.735720561028,14390.654458829962,12452.130998734365
forecast_2303,2025-04-06 23:00:00,14937.86393210551,13913.389930917489,11826.406761721442
forecast_2304,2025-04-07 00:00:00,14152.130294945046,12821.123024049095,10926.560547788506
forecast_2305,2025-04-07 01:00:00,16561.027069100834,16352.981337964302,13473.317069855437
forecast_2306,2025-04-07 02:00:00,15886.199288947566,16310.446580060894,12785.263940505383
forecast_2307,2025-04-07 03:00:00,14015.122778129566,13699.402047762509,11246.094512836975
forecast_2308,2025-04-07 04:00:00,12513.638314371437,11850.261111851534,9915.698881500874
forecast_2309,2025-04-07 05:00:00,12465.90284634884,12195.235427029611,9748.925150307807
forecast_2310,2025-04-07 06:00:00,12322.510583860534,12062.773474121475,9725.025127001052
forecast_2311,2025-04-07 07:00:00,12223.34610156361,12972.162770376632,9859.587207339202
forecast_2312,2025-04-07 08:00:00,12466.229353465864,13364.794009892732,8979.249502470897
forecast_2313,2025-04-07 09:00:00,12354.786811150881,12935.914566545476,9445.761598221528
forecast_2314,2025-04-07 10:00:00,11042.356466686466,11381.026211018218,8935.847663538148
forecast_2315,2025-04-07 11:00:00,9844.686510175618,9501.029404212975,8686.092792222411
forecast_2316,2025-04-07 12:00:00,9927.40979843767,8992.564323516786,8166.327838069912
forecast_2317,2025-04-07 13:00:00,9814.875433919911,9047.608436783652,7953.318666710847
forecast_2318,2025-04-07 14:00:00,10911.807251990627,10312.12432250108,10215.584253488305
forecast_2319,2025-04-07 15:00:00,12920.88200916656,12688.992358882846,11593.008894121951
forecast_2320,2025-04-07 16:00:00,14587.249683763153,14427.028404720153,13592.731846447818
forecast_2321,2025-04-07 17:00:00,15337.205372510614,15362.282558196608,14029.919398643875
forecast_2322,2025-04-07 18:00:00,15554.23568931461,15974.227800885905,14511.610793639458
forecast_2323,2025-04-07 19:00:00,17699.275644308673,17255.130901660435,15830.27777914167
forecast_2324,2025-04-07 20:00:00,19287.117344975944,19252.67864567412,17006.788357173416
forecast_2325,2025-04-07 21:00:00,19215.784335027616,19636.95227765793,16856.746431426538
forecast_2326,2025-04-07 22:00:00,19504.75838823336,19780.45316180982,16413.723941579792
forecast_2327,2025-04-07 23:00:00,19067.65369434053,19520.474669663323,11091.852363847505
forecast_2328,2025-04-08 00:00:00,17678.753862282905,18622.735096658307,9415.780293580421
forecast_2329,2025-04-08 01:00:00,17798.30079774801,18921.067456967754,9505.259786989873
forecast_2330,2025-04-08 02:00:00,17945.660433248602,18688.575767264974,9766.525557956313
forecast_2331,2025-04-08 03:00:00,18102.195548429227,18655.932932197036,9872.943416913049
forecast_2332,2025-04-08 04:00:00,20302.582481260488,19438.43778023834,16789.63601839231
forecast_2333,2025-04-08 05:00:00,20029.769329248655,19203.52461499813,15960.352069110191
forecast_2334,2025-04-08 06:00:00,19331.781592664276,18890.844288601184,14905.60338417354
forecast_2335,2025-04-08 07:00:00,18427.87201345961,17671.45731938643,13867.236434161818
forecast_2336,2025-04-08 08:00:00,17433.07788480999,17082.252194159246,13223.331662558794
forecast_2337,2025-04-08 09:00:00,16251.483324321885,15215.922432522051,12389.956400240548
forecast_2338,2025-04-08 10:00:00,15446.705755279416,13443.125965098707,11657.24604485343
forecast_2339,2025-04-08 11:00:00,14405.355510270349,13021.513982346574,10551.988971398458
forecast_2340,2025-04-08 12:00:00,14638.686837937072,12550.028223438361,10172.804956093425
forecast_2341,2025-04-08 13:00:00,14405.827187167213,12573.707272306447,9969.972137654799
forecast_2342,2025-04-08 14:00:00,13498.154916615464,11410.257424968662,9416.096126940274
forecast_2343,2025-04-08 15:00:00,11569.065218956628,9514.23829965784,6851.049504700464
forecast_2344,2025-04-08 16:00:00,8151.334486659619,6110.842181680689,4292.9497646780055
forecast_2345,2025-04-08 17:00:00,3945.2330565503717,3598.139118284928,1969.9566545109826
forecast_2346,2025-04-08 18:00:00,1525.4665468914118,1431.988726584429,973.9379338618762
forecast_2347,2025-04-08 19:00:00,1271.9346914157363,1202.1716013105731,615.9359223557053
forecast_2348,2025-04-08 20:00:00,885.171932080188,788.6560313069893,268.36029301120044
forecast_2349,2025-04-08 21:00:00,767.5428329001415,610.7126972668344,183.07855435495762
forecast_2350,2025-04-08 22:00:00,627.5851888801345,542.7299444209972,121.93291478783162
forecast_2351,2025-04-08 23:00:00,756.5451005020639,693.950777124063,191.51753036713234
forecast_2352,2025-04-09 00:00:00,959.1294417309749,846.5940001603382,360.7403234632291
forecast_2353,2025-04-09 01:00:00,998.4559410562589,918.2563630146669,418.72026461447257
forecast_2354,2025-04-09 02:00:00,926.3815895731169,753.3665711185201,369.75202631075217
forecast_2355,2025-04-09 03:00:00,836.5514722019079,765.0493521518237,249.13739817099116
forecast_2356,2025-04-09 04:00:00,821.5648373933839,896.2163466702906,271.5283782881293
forecast_2357,2025-04-09 05:00:00,890.3257023136288,902.6070568134763,359.4617959776842
forecast_2358,2025-04-09 06:00:00,1186.342775306726,1150.1312170257793,422.71145424362055
forecast_2359,2025-04-09 07:00:00,1486.5478274434297,1408.1453613398091,645.9982229496121
forecast_2360,2025-04-09 08:00:00,1311.0897024357319,1370.522384883305,511.37339621182576
forecast_2361,2025-04-09 09:00:00,895.55257643432,1132.1579681024132,657.8398758071773
forecast_2362,2025-04-09 10:00:00,1047.7364316731494,1452.1977726785042,779.6161992475292
forecast_2363,2025-04-09 11:00:00,1177.8129381079596,1586.5578568980598,993.0509110222604
forecast_2364,2025-04-09 12:00:00,2484.5277152434787,2795.8528684391586,2437.10337671409
forecast_2365,2025-04-09 13:00:00,2975.639311990143,3131.336890187841,2657.777167332387
forecast_2366,2025-04-09 14:00:00,3658.5210305712603,3879.5849541555885,3447.6723590192228
forecast_2367,2025-04-09 15:00:00,5659.891202193042,5773.20374279051,4516.747086831586
forecast_2368,2025-04-09 16:00:00,7318.184365500804,6665.751080960461,6874.162542828565
forecast_2369,2025-04-09 17:00:00,8145.471159537504,7784.16186005094,8350.686241672553
forecast_2370,2025-04-09 18:00:00,8270.67236909263,8452.484143263722,6581.494115126025
forecast_2371,2025-04-09 19:00:00,6284.257915578417,6648.0605151391665,4773.687195229888
forecast_2372,2025-04-09 20:00:00,7277.882916228186,7176.190878677089,4910.831461464157
forecast_2373,2025-04-09 21:00:00,4122.472233556652,4353.18240685613,2542.3039215094796
forecast_2374,2025-04-09 22:00:00,6346.899484509535,6644.482652392284,3945.4764414209226
forecast_2375,2025-04-09 23:00:00,6116.283370530606,7447.809054554111,4454.9565902751
forecast_2376,2025-04-10 00:00:00,8592.32239528515,8897.62435874109,5172.797852645315
forecast_2377,2025-04-10 01:00:00,7058.358225064939,7556.5413674067595,4528.122488659405
forecast_2378,2025-04-10 02:00:00,8067.472845153108,9376.529343156357,5941.092749536
forecast_2379,2025-04-10 03:00:00,8696.706341515794,8704.633792459776,6409.958608794216
forecast_2380,2025-04-10 04:00:00,7431.520303867728,7705.30298195892,5157.644389760929
forecast_2381,2025-04-10 05:00:00,7626.429434959901,7429.42927882398,5534.382505363387
forecast_2382,2025-04-10 06:00:00,6898.794270915702,6712.760890860525,4761.481021572397
forecast_2383,2025-04-10 07:00:00,4851.418401687691,4602.32064504711,3070.492544702957
forecast_2384,2025-04-10 08:00:00,5649.860227319851,5207.149028652916,3154.782415515082
forecast_2385,2025-04-10 09:00:00,5027.9162921071065,5559.030129457169,2977.8159572444083
forecast_2386,2025-04-10 10:00:00,5267.059690694439,3963.744975097158,2981.0468431409563
forecast_2387,2025-04-10 11:00:00,4468.074883798929,3546.9707835895465,2729.5687360971842
forecast_2388,2025-04-10 12:00:00,3804.7061855188276,3031.948780150648,2187.4798617239326
forecast_2389,2025-04-10 13:00:00,3279.379728512676,2391.168281165349,1627.02908560609
forecast_2390,2025-04-10 14:00:00,2900.351227579266,2332.978204345191,1426.8314967704302
forecast_2391,2025-04-10 15:00:00,3145.1635404937224,2844.2290581203074,1521.3320461945725
forecast_2392,2025-04-10 16:00:00,3659.678284265763,2980.082708947219,1658.2751992190101
forecast_2393,2025-04-10 17:00:00,3325.2087032058153,2985.270281248275,1566.3745737667532
forecast_2394,2025-04-10 18:00:00,3126.4424551627053,2526.0335992229952,1244.2272904053864
forecast_2395,2025-04-10 19:00:00,2781.4811369595554,2898.084235502578,1140.807857211267
forecast_2396,2025-04-10 20:00:00,3689.3315631445353,3318.2758483560797,927.9663959578613
forecast_2397,2025-04-10 21:00:00,3680.1410934014707,3329.909449814433,982.8118031714488
forecast_2398,2025-04-10 22:00:00,4101.485508764546,3622.834721642834,1156.5409991616955
forecast_2399,2025-04-10 23:00:00,3362.482533773645,3087.425638415307,1480.7122390567492
forecast_2400,2025-04-11 00:00:00,3143.8300095260356,3014.023635009936,1224.097050475154
forecast_2401,2025-04-11 01:00:00,2048.87221297588,2216.359912581713,855.5928447731116
forecast_2402,2025-04-11 02:00:00,1894.7302705850761,2246.599591530017,1040.2462326325915
forecast_2403,2025-04-11 03:00:00,2255.0930793430007,2274.9868672048287,1115.2309685977054
forecast_2404,2025-04-11 04:00:00,1919.8471740549317,1841.5921565961553,1006.3885689607621
forecast_2405,2025-04-11 05:00:00,1871.6731504885186,1272.7452827805314,957.4591836569961
forecast_2406,2025-04-11 06:00:00,1249.5493711455429,1278.3240496202275,850.1604508894343
forecast_2407,2025-04-11 07:00:00,1123.516781864545,1071.0974019005298,750.7170956438072
forecast_2408,2025-04-11 08:00:00,1167.2792696603822,906.2220800728918,452.609452153166
forecast_2409,2025-04-11 09:00:00,389.69860191776513,267.2264236236996,148.13746747746995
forecast_2410,2025-04-11 10:00:00,132.5381214450019,145.8411217621799,101.689062686446
forecast_2411,2025-04-11 11:00:00,160.88115504774782,197.23929876491167,132.44538935413172
forecast_2412,2025-04-11 12:00:00,224.84305586512102,248.10577410256306,194.13820176147473
forecast_2413,2025-04-11 13:00:00,367.3940123672595,493.0440600483551,317.601828326195
forecast_2414,2025-04-11 14:00:00,527.2371719308619,676.0910835273654,545.0600978552493
forecast_2415,2025-04-11 15:00:00,384.22823182654616,565.8428351511923,547.2197166416631
forecast_2416,2025-04-11 16:00:00,484.08056335115094,599.7900356683615,488.5844162453886
forecast_2417,2025-04-11 17:00:00,425.1030611728702,612.3504862662191,408.71655079059923
forecast_2418,2025-04-11 18:00:00,725.8904108998282,818.1217722567587,443.5542172815828
forecast_2419,2025-04-11 19:00:00,2004.7656679141587,2053.4690364287094,814.6062335752508
forecast_2420,2025-04-11 20:00:00,2862.7303829116686,3107.065433189491,1931.3373697700351
forecast_2421,2025-04-11 21:00:00,2767.5307681473464,2787.986449997454,1637.496429484802
forecast_2422,2025-04-11 22:00:00,3189.286886047415,3571.206289560353,1554.150991966808
forecast_2423,2025-04-11 23:00:00,3152.9702097492564,3467.575598583951,1489.647100530145
forecast_2424,2025-04-12 00:00:00,2973.757194489328,3323.5465035510038,1263.136921440593
forecast_2425,2025-04-12 01:00:00,2206.5819906196252,1871.9454572692425,665.8828939111686
forecast_2426,2025-04-12 02:00:00,2463.456386312225,2199.7957206308092,836.1067575643532
forecast_2427,2025-04-12 03:00:00,2384.125572225752,2439.9018075509143,1083.572740550869
forecast_2428,2025-04-12 04:00:00,2425.890106444036,3176.0294108830008,1106.5311936838798
forecast_2429,2025-04-12 05:00:00,2945.159829308282,3358.5279339937565,1328.5840104925646
forecast_2430,2025-04-12 06:00:00,3393.9837686409433,3437.8709483565663,1444.675174646954
forecast_2431,2025-04-12 07:00:00,3890.8616434369933,4158.429914259093,2757.186478024912
forecast_2432,2025-04-12 08:00:00,3733.0148362302593,4544.260934007131,2975.7167831689794
forecast_2433,2025-04-12 09:00:00,6453.142587216252,8321.427798302311,4685.999753021365
forecast_2434,2025-04-12 10:00:00,8084.613453813432,8791.300662823762,7092.616613547319
forecast_2435,2025-04-12 11:00:00,9490.976174404059,9652.372849739966,9054.305340055605
forecast_2436,2025-04-12 12:00:00,9905.581963385162,11215.190411415555,10456.35209347293
forecast_2437,2025-04-12 13:00:00,12313.550520562254,12685.733617985363,11246.88128704155
forecast_2438,2025-04-12 14:00:00,12624.453627675028,12852.355961250765,11639.53138870052
forecast_2439,2025-04-12 15:00:00,10132.878231853561,9686.165463409647,8945.822033511211
forecast_2440,2025-04-12 16:00:00,9528.135792369283,10025.641985054213,8268.962765963583
forecast_2441,2025-04-12 17:00:00,8979.65099527862,9628.452407682276,7804.872811384329
forecast_2442,2025-04-12 18:00:00,12266.978315150982,12798.889691274535,10523.560195892862
forecast_2443,2025-04-12 19:00:00,13045.781661958063,13274.072903711125,11792.378661027216
forecast_2444,2025-04-12 20:00:00,14808.779767507009,14639.71186873812,13170.40095748883
forecast_2445,2025-04-12 21:00:00,15045.154807802988,15293.32365346867,13311.071288295214
forecast_2446,2025-04-12 22:00:00,16025.314543725106,15716.965876824259,13656.753081235689
forecast_2447,2025-04-12 23:00:00,15672.515645591298,15669.524722500999,12618.357090167001
forecast_2448,2025-04-13 00:00:00,16017.976933133787,15796.353435134439,12911.808926491363
forecast_2449,2025-04-13 01:00:00,15531.427245729254,15722.88470100446,13259.714045068593
forecast_2450,2025-04-13 02:00:00,10044.835294358469,10136.407404097796,7654.522301825192
forecast_2451,2025-04-13 03:00:00,12793.778633570984,12829.124824211234,10814.044896840698
forecast_2452,2025-04-13 04:00:00,16513.93069480863,15432.598433815465,13513.331238440198
forecast_2453,2025-04-13 05:00:00,17597.283145298687,15929.423069388828,13691.983663914067
forecast_2454,2025-04-13 06:00:00,17339.098142184183,16094.619484179375,14013.761878709058
forecast_2455,2025-04-13 07:00:00,19138.38230722649,18085.61056265655,12746.180994475852
forecast_2456,2025-04-13 08:00:00,19695.25195664403,18841.47695031937,15262.488339507394
forecast_2457,2025-04-13 09:00:00,19006.92034638908,18865.881355167156,16480.22027882834
forecast_2458,2025-04-13 10:00:00,17942.7651819812,18197.105837543648,16520.254686071956
forecast_2459,2025-04-13 11:00:00,17057.339287008064,18389.332708825255,16445.620511868183
forecast_2460,2025-04-13 12:00:00,16542.44195593488,18207.96114034691,16185.582969895731
forecast_2461,2025-04-13 13:00:00,16109.744238107256,18190.013857235997,16186.548514926119
forecast_2462,2025-04-13 14:00:00,15867.905839705194,18073.897628665916,15949.028206385015
forecast_2463,2025-04-13 15:00:00,16504.665760271317,18304.544111206964,15793.26336565952
forecast_2464,2025-04-13 16:00:00,17596.51094686817,18529.204424004252,16538.338815637533
forecast_2465,2025-04-13 17:00:00,18072.62685226004,18856.134372572647,16822.134818029037
forecast_2466,2025-04-13 18:00:00,18264.53263938472,18962.693782013495,16248.453888783246
forecast_2467,2025-04-13 19:00:00,17452.488273318475,18097.993089768814,15297.499342502973
forecast_2468,2025-04-13 20:00:00,18057.10759038265,18209.54239458857,15463.048166889006
forecast_2469,2025-04-13 21:00:00,17822.361099199086,17949.886242729845,15438.196596236745
forecast_2470,2025-04-13 22:00:00,16789.03725183493,17057.206098103314,15114.518780524002
forecast_2471,2025-04-13 23:00:00,15146.509563308415,16596.009315297877,14125.11196185923
forecast_2472,2025-04-14 00:00:00,15634.551683256688,16846.052555112656,13630.057029226915
forecast_2473,2025-04-14 01:00:00,13061.906539032632,14889.844271486663,12106.91110862258
forecast_2474,2025-04-14 02:00:00,11202.114409074964,12775.943039487458,9397.41907180726
forecast_2475,2025-04-14 03:00:00,9902.183803159107,11476.243422301766,7181.34628916323
forecast_2476,2025-04-14 04:00:00,8390.914718330321,8440.68136603175,4745.895888930767
forecast_2477,2025-04-14 05:00:00,6304.238277409424,7128.286480949441,4717.415951172767
forecast_2478,2025-04-14 06:00:00,5313.5887537011395,5571.68280314613,3127.2633712672464
forecast_2479,2025-04-14 07:00:00,4200.869525242689,4919.694916053369,2595.580755567083
forecast_2480,2025-04-14 08:00:00,2718.918809187977,2280.5520761560942,1419.1508196568634
forecast_2481,2025-04-14 09:00:00,1935.7600893436156,1679.85399758192,835.1040804129651
forecast_2482,2025-04-14 10:00:00,1595.8970028951567,1714.2480175639964,1003.1540029951948
forecast_2483,2025-04-14 11:00:00,2833.5671757859645,2806.152485554664,1569.650035548164
forecast_2484,2025-04-14 12:00:00,3381.73198691548,3337.8120595641817,1878.6425008356769
forecast_2485,2025-04-14 13:00:00,3085.310088495994,3264.145061177667,1973.7340075534198
forecast_2486,2025-04-14 14:00:00,1984.0902486280143,2102.9923295238996,1210.7452188548048
forecast_2487,2025-04-14 15:00:00,939.8066585549157,799.7455689846178,551.4413337650523
forecast_2488,2025-04-14 16:00:00,858.4062388511626,856.6994810839927,519.3380183233222
forecast_2489,2025-04-14 17:00:00,651.1053445162112,923.4374064387829,614.4512470878752
forecast_2490,2025-04-14 18:00:00,1486.9952306874127,1647.9487158265879,1250.5289418092266
forecast_2491,2025-04-14 19:00:00,2108.9095460244193,2538.7133359374902,1329.438024920162
forecast_2492,2025-04-14 20:00:00,3004.2843968812494,3033.6627684380737,1735.798368503503
forecast_2493,2025-04-14 21:00:00,2983.626275236479,3362.3533571968737,1899.3703111975894
forecast_2494,2025-04-14 22:00:00,3331.0714421792795,3838.268193962633,2576.6702488007313
forecast_2495,2025-04-14 23:00:00,4064.8526196765993,4033.0180634187755,2559.7518750976633
forecast_2496,2025-04-15 00:00:00,5230.659364222879,5106.66440937834,3300.683945651217
forecast_2497,2025-04-15 01:00:00,7278.102416961294,6186.489349980002,3769.7661664253014
forecast_2498,2025-04-15 02:00:00,8145.944490730188,6728.399737857592,4118.698388209436
forecast_2499,2025-04-15 03:00:00,7632.848587478957,6000.7301264680755,3775.828453354622
forecast_2500,2025-04-15 04:00:00,5842.901634966681,5263.5962605862105,3507.234893511515
forecast_2501,2025-04-15 05:00:00,5660.133975704503,5964.421837476316,3459.556445679388
forecast_2502,2025-04-15 06:00:00,5837.871669955944,6013.513364938066,3721.883776016036
forecast_2503,2025-04-15 07:00:00,7100.148651717387,7137.421096505694,5823.36346201307
forecast_2504,2025-04-15 08:00:00,7120.459261188733,6030.534723169371,4409.408634122971
forecast_2505,2025-04-15 09:00:00,6182.318225651931,6248.4674032186695,4755.234221427856
forecast_2506,2025-04-15 10:00:00,8072.969785052743,8628.164674816844,5428.50349179818
forecast_2507,2025-04-15 11:00:00,8767.936179153488,7691.239347405936,5698.087435019445
forecast_2508,2025-04-15 12:00:00,8776.445718536532,7215.022728568855,5423.658249180172
forecast_2509,2025-04-15 13:00:00,9152.716066520596,7350.460450690263,5490.496005835618
forecast_2510,2025-04-15 14:00:00,10157.017842057832,8334.480343736739,6215.300348061382
forecast_2511,2025-04-15 15:00:00,11739.006776566406,9359.679632770994,7829.603963638153
forecast_2512,2025-04-15 16:00:00,12815.049981001452,10538.553951717311,8401.208968097279
forecast_2513,2025-04-15 17:00:00,13304.828348112385,11472.358344544618,8911.334269105459
forecast_2514,2025-04-15 18:00:00,13376.293393395259,12339.295286323622,10224.209270985722
forecast_2515,2025-04-15 19:00:00,14360.316252497896,12564.357153143132,12266.680040265412
forecast_2516,2025-04-15 20:00:00,15708.635640177265,14373.24246959416,14239.834823420426
forecast_2517,2025-04-15 21:00:00,15307.117709632452,14782.874037761005,14373.985872578334
forecast_2518,2025-04-15 22:00:00,16251.030311741748,16122.939704551545,15344.130853225814
forecast_2519,2025-04-15 23:00:00,16988.63946829919,16839.88856260558,15034.472589110399
forecast_2520,2025-04-16 00:00:00,16742.31324081749,16717.47706677627,15178.792807285226
forecast_2521,2025-04-16 01:00:00,16411.941566131685,15426.877302750783,12419.06612732995
forecast_2522,2025-04-16 02:00:00,14640.079001416112,15192.005145599318,11814.030360892633
forecast_2523,2025-04-16 03:00:00,15156.728859198498,14841.142163409173,11544.50935065597
forecast_2524,2025-04-16 04:00:00,12839.534238570292,13198.377940735953,10398.526123069929
forecast_2525,2025-04-16 05:00:00,14285.451181175471,14768.063142882347,12254.592590456807
forecast_2526,2025-04-16 06:00:00,16062.66741184506,15955.680331469293,14373.889422493645
forecast_2527,2025-04-16 07:00:00,12879.605982050603,13954.12513684396,10307.342158682639
forecast_2528,2025-04-16 08:00:00,11203.725813345936,12074.454691652232,9300.151701712695
forecast_2529,2025-04-16 09:00:00,9521.280110431122,10457.747748026146,8329.20182630982
forecast_2530,2025-04-16 10:00:00,9207.70079755549,9435.304169696568,8030.203851274706
forecast_2531,2025-04-16 11:00:00,11301.924552722632,10134.318741145802,8936.57257783502
forecast_2532,2025-04-16 12:00:00,13208.612794259763,11669.605804771365,11649.128525107435
forecast_2533,2025-04-16 13:00:00,14669.822969547693,13257.782203667115,11997.8229804262
forecast_2534,2025-04-16 14:00:00,16407.563517275703,15729.21095747501,14309.741534239674
forecast_2535,2025-04-16 15:00:00,17651.162404881205,17704.548203399158,14332.058308686399
forecast_2536,2025-04-16 16:00:00,18699.964116956864,18440.025059332893,15557.349015015041
forecast_2537,2025-04-16 17:00:00,19163.77233756184,18837.9052552078,16178.601158193842
forecast_2538,2025-04-16 18:00:00,19628.289141692807,19209.13254160391,16791.557265291838
forecast_2539,2025-04-16 19:00:00,19713.905332729457,19391.55037750293,17366.348753658116
forecast_2540,2025-04-16 20:00:00,19375.520469511343,19352.90926327118,17301.708163516
forecast_2541,2025-04-16 21:00:00,19221.966291431967,19409.068590879957,17346.64607188516
forecast_2542,2025-04-16 22:00:00,18570.32819343932,19232.678677026517,16195.711513775686
forecast_2543,2025-04-16 23:00:00,18127.69781869734,19172.162242436094,15622.332674595475
forecast_2544,2025-04-17 00:00:00,18864.127057578065,19160.805194033575,15386.833904685349
forecast_2545,2025-04-17 01:00:00,16650.097721310172,17678.477044308333,14360.53870861088
forecast_2546,2025-04-17 02:00:00,16213.915087740956,17976.139526728595,14254.789437189585
forecast_2547,2025-04-17 03:00:00,17237.162182287833,18168.935453861406,14950.79225903319
forecast_2548,2025-04-17 04:00:00,16304.938797344157,16780.282025192275,13076.483430487868
forecast_2549,2025-04-17 05:00:00,14966.445545325474,15903.954389506152,12227.635932008014
forecast_2550,2025-04-17 06:00:00,14913.914559438908,15818.615632044428,13847.721167892085
forecast_2551,2025-04-17 07:00:00,15731.766837132996,16063.158464943777,14617.195787268316
forecast_2552,2025-04-17 08:00:00,13854.572862097375,14784.681371453686,13049.972747467253
forecast_2553,2025-04-17 09:00:00,11847.71837045012,12751.184629056143,10851.204826063218
forecast_2554,2025-04-17 10:00:00,9301.655176945258,11111.397330484322,8997.233355863182
forecast_2555,2025-04-17 11:00:00,9404.549755762348,11404.754990611018,9395.579963978309
forecast_2556,2025-04-17 12:00:00,8922.896927099977,10630.278611441887,9216.706828246271
forecast_2557,2025-04-17 13:00:00,8127.480853491352,9359.47911229891,9185.080806126969
forecast_2558,2025-04-17 14:00:00,9099.164260646088,9289.778524274498,9846.939748661533
forecast_2559,2025-04-17 15:00:00,8736.62988412985,9763.15273902083,9952.818665637467
forecast_2560,2025-04-17 16:00:00,10098.766549228183,12660.369741422672,11523.620603958778
forecast_2561,2025-04-17 17:00:00,11918.925500125706,13803.142018653316,12551.010732800682
forecast_2562,2025-04-17 18:00:00,11347.752772769103,13029.857025060845,11379.961888315896
forecast_2563,2025-04-17 19:00:00,14018.164826712207,14948.528103363498,13300.204071821878
forecast_2564,2025-04-17 20:00:00,15905.389133528814,16386.613618799904,14257.999054026912
forecast_2565,2025-04-17 21:00:00,12460.846989750535,13537.883170866862,12147.844578374032
forecast_2566,2025-04-17 22:00:00,13206.924973841054,13804.316919879804,11591.938703012042
forecast_2567,2025-04-17 23:00:00,12079.213628429703,13242.224866241295,10759.190160142842
forecast_2568,2025-04-18 00:00:00,17376.289573768474,17138.037629779294,15516.958853163369
forecast_2569,2025-04-18 01:00:00,17414.946232327038,18275.5874754262,16100.77795173625
forecast_2570,2025-04-18 02:00:00,18606.770474060464,18760.1628607974,16430.840214134892
forecast_2571,2025-04-18 03:00:00,18694.014886388304,19193.98036502474,16925.06487956678
forecast_2572,2025-04-18 04:00:00,19100.685696266435,19210.09365127461,16956.3079384726
forecast_2573,2025-04-18 05:00:00,19040.363799143834,18924.675622385355,16171.878565372857
forecast_2574,2025-04-18 06:00:00,17149.85515417701,16684.88531620945,14220.08606054793
forecast_2575,2025-04-18 07:00:00,15093.307554336467,14095.90942336183,12907.848858206135
forecast_2576,2025-04-18 08:00:00,12829.753688916739,12454.398132043232,10555.007693400421
forecast_2577,2025-04-18 09:00:00,10588.240389976358,10010.806001486013,9413.49409560503
forecast_2578,2025-04-18 10:00:00,10974.54056527815,10704.181036619686,9838.076426300304
forecast_2579,2025-04-18 11:00:00,10327.780607743596,9879.606358270452,9300.135970320533
forecast_2580,2025-04-18 12:00:00,11016.485198928016,9734.287877267061,10356.743646354247
forecast_2581,2025-04-18 13:00:00,8817.887012240746,8675.598128211383,8973.480869157116
forecast_2582,2025-04-18 14:00:00,9214.095799781742,8760.637437526619,8409.195035897452
forecast_2583,2025-04-18 15:00:00,8385.972401639476,7554.778425784426,6771.941453754159
forecast_2584,2025-04-18 16:00:00,8060.234396920097,7422.038394111815,6518.520900632919
forecast_2585,2025-04-18 17:00:00,7484.171193993065,6194.550457626234,5554.220194844992
forecast_2586,2025-04-18 18:00:00,9333.30238263282,9161.510067984342,7303.461169672297
forecast_2587,2025-04-18 19:00:00,9107.064773059816,9676.387283233027,7260.8554691138825
forecast_2588,2025-04-18 20:00:00,10212.498474606431,10800.171051252122,8946.858243182582
forecast_2589,2025-04-18 21:00:00,10836.003096092796,11676.778472871514,8253.646668664236
forecast_2590,2025-04-18 22:00:00,11549.64992854032,12705.599705523848,8761.509788386951
forecast_2591,2025-04-18 23:00:00,8601.297599508207,10906.07370328534,7134.804099928455
forecast_2592,2025-04-19 00:00:00,8995.800909566715,11032.289413028942,7873.958784621586
forecast_2593,2025-04-19 01:00:00,9885.601281746754,11989.4436965077,8077.17398739286
forecast_2594,2025-04-19 02:00:00,11361.94243014409,12205.183897055042,9349.81596075198
forecast_2595,2025-04-19 03:00:00,13772.46139135466,14679.932798500364,11664.071823471673
forecast_2596,2025-04-19 04:00:00,12224.612314668073,13296.177748167967,11105.691938260457
forecast_2597,2025-04-19 05:00:00,12390.827889925467,12451.534491069757,10764.235733119265
forecast_2598,2025-04-19 06:00:00,11605.128329349533,12426.44087567578,10174.39182563238
forecast_2599,2025-04-19 07:00:00,10207.008504448957,11738.508592142975,8539.971865182097
forecast_2600,2025-04-19 08:00:00,10471.723744260406,11895.86244949175,9397.095228659015
forecast_2601,2025-04-19 09:00:00,9722.705473532773,11379.051777628893,10142.189588944568
forecast_2602,2025-04-19 10:00:00,9948.627853410102,11095.438008124147,10650.097283562243
forecast_2603,2025-04-19 11:00:00,10654.872093470969,12418.077826211267,11068.234642316851
forecast_2604,2025-04-19 12:00:00,14421.763138290953,15614.526189690983,14195.650861147633
forecast_2605,2025-04-19 13:00:00,16400.49459843294,17092.549765761625,16456.12790299983
forecast_2606,2025-04-19 14:00:00,16612.673215868672,18160.572219338024,16290.753096798146
forecast_2607,2025-04-19 15:00:00,16891.741614546696,17762.82393390277,16020.311298044675
forecast_2608,2025-04-19 16:00:00,18166.77940004218,18256.96447399778,16153.18424739258
forecast_2609,2025-04-19 17:00:00,18586.33574782406,18821.441131279225,16433.723958738577
forecast_2610,2025-04-19 18:00:00,18918.75975779364,19007.797985474543,16759.741372184024
forecast_2611,2025-04-19 19:00:00,18183.868486000025,17967.811323749756,13941.903551787578
forecast_2612,2025-04-19 20:00:00,18595.727090368477,17584.4962174005,14321.190163490544
forecast_2613,2025-04-19 21:00:00,17064.128341564276,16903.252193354896,14640.397596718074
forecast_2614,2025-04-19 22:00:00,14652.848108899974,14612.200849147886,12447.818086097663
forecast_2615,2025-04-19 23:00:00,11735.84391091776,12128.445503799168,10517.341430559118
forecast_2616,2025-04-20 00:00:00,10148.00940458027,10825.766406008932,9064.835717778082
forecast_2617,2025-04-20 01:00:00,9083.716362113666,9893.826571734715,7228.572217740677
forecast_2618,2025-04-20 02:00:00,8474.445610256496,8884.8730703529,5787.936741813182
forecast_2619,2025-04-20 03:00:00,5253.619971516591,5391.015101195498,3216.5026310550525
forecast_2620,2025-04-20 04:00:00,2446.618241165632,2940.92676073363,1495.3379083972425
forecast_2621,2025-04-20 05:00:00,2142.9185686357305,2109.1185736527336,965.0457723318966
forecast_2622,2025-04-20 06:00:00,1694.917259564265,1716.3231879405043,703.9193528540319
forecast_2623,2025-04-20 07:00:00,927.1811293207361,829.4003955314145,190.65681470456732
forecast_2624,2025-04-20 08:00:00,565.0679013150643,504.43212732083276,116.70155252146577
forecast_2625,2025-04-20 09:00:00,400.0170534328896,404.9030828359506,101.13628012655998
forecast_2626,2025-04-20 10:00:00,137.01212755942623,127.59834035161813,93.37351965997352
forecast_2627,2025-04-20 11:00:00,126.6332787606088,116.15749470162211,114.4096293697805
forecast_2628,2025-04-20 12:00:00,156.96130263806222,159.73278408958438,109.51267780117345
forecast_2629,2025-04-20 13:00:00,235.81477902958017,299.15583975571883,219.53342955961875
forecast_2630,2025-04-20 14:00:00,228.42411420575752,306.82655348111535,244.04115230064653
forecast_2631,2025-04-20 15:00:00,254.4496270891159,335.7274386344668,266.5589615715926
forecast_2632,2025-04-20 16:00:00,263.5845113123739,349.95235079488856,228.89639145427458
forecast_2633,2025-04-20 17:00:00,275.4436773640617,296.93426445041723,186.1736751870405
forecast_2634,2025-04-20 18:00:00,293.26618727197877,232.63136969585344,119.76000826235378
forecast_2635,2025-04-20 19:00:00,267.1632786268183,317.5324265642765,152.96342625494475
forecast_2636,2025-04-20 20:00:00,476.5412253834227,319.24529029031316,167.98209403758327
forecast_2637,2025-04-20 21:00:00,597.0207941945056,426.1176243979281,193.23453800665823
forecast_2638,2025-04-20 22:00:00,876.806342337011,767.9936051967421,329.6404466194085
forecast_2639,2025-04-20 23:00:00,701.154659651068,590.2358674042238,241.90751176495232
forecast_2640,2025-04-21 00:00:00,635.7757496658077,605.7346894982553,248.78961728015085
forecast_2641,2025-04-21 01:00:00,514.9895754564403,476.1756109501086,187.40361735856646
forecast_2642,2025-04-21 02:00:00,859.6567023861054,824.7617549223315,280.05678184964364
forecast_2643,2025-04-21 03:00:00,771.1205243071357,593.8284591862006,220.91957056350915
forecast_2644,2025-04-21 04:00:00,863.1287815053737,795.5367612188952,237.7792182342229
forecast_2645,2025-04-21 05:00:00,889.643893481139,958.6142067776789,274.62064474266396
forecast_2646,2025-04-21 06:00:00,1337.3511960789024,1233.4631157183553,321.3987572012573
forecast_2647,2025-04-21 07:00:00,1562.7047077812406,1394.7180022910018,489.0470807533558
forecast_2648,2025-04-21 08:00:00,1627.7506095515696,1532.234201411294,726.1680710109863
forecast_2649,2025-04-21 09:00:00,1904.6326465394452,1806.1271789829273,823.8392465804473
forecast_2650,2025-04-21 10:00:00,1453.158559451869,1291.9969621483785,701.4654027962848
forecast_2651,2025-04-21 11:00:00,1258.7304259426892,1780.3797488627752,979.2355155519425
forecast_2652,2025-04-21 12:00:00,1252.4913438771914,1747.087328515864,890.0240795402254
forecast_2653,2025-04-21 13:00:00,1422.564933652472,2031.6952287678741,1185.8228377028333
forecast_2654,2025-04-21 14:00:00,1380.3837314983782,1867.6587557643977,1026.153922903785
forecast_2655,2025-04-21 15:00:00,1240.9905048425915,1678.7046974812454,948.9301435677202
forecast_2656,2025-04-21 16:00:00,1402.1470530986992,1765.773583633119,1000.507472854726
forecast_2657,2025-04-21 17:00:00,1312.6202446040518,1614.4342913035682,969.609382092859
forecast_2658,2025-04-21 18:00:00,1873.9047797869223,2314.2548655764017,1092.1081051048025
forecast_2659,2025-04-21 19:00:00,2817.5139378064296,3393.9751264683823,2114.880872759121
forecast_2660,2025-04-21 20:00:00,4883.5059766985605,5692.151911877099,3768.1688599020977
forecast_2661,2025-04-21 21:00:00,5274.235029428026,6245.071071123722,3376.86884695075
forecast_2662,2025-04-21 22:00:00,6406.640004825412,6921.063599479449,4067.8389977956717
forecast_2663,2025-04-21 23:00:00,7278.925544443646,8058.79242825381,4528.7454123647685
forecast_2664,2025-04-22 00:00:00,6563.289941091785,7936.50200891795,4330.720360820935
forecast_2665,2025-04-22 01:00:00,8117.637422546213,9064.94139856431,5594.392290022574
forecast_2666,2025-04-22 02:00:00,8774.58631510025,10323.708449443004,6766.81794312455
forecast_2667,2025-04-22 03:00:00,6148.099180783918,7126.985547931902,4735.656160023231
forecast_2668,2025-04-22 04:00:00,6287.626580969187,7033.652804182805,4595.223707996041
forecast_2669,2025-04-22 05:00:00,4273.383007939965,4931.584695359181,3119.591329902881
forecast_2670,2025-04-22 06:00:00,3291.733112457529,3403.3623136425854,1954.5156733558872
forecast_2671,2025-04-22 07:00:00,2501.6058989163944,2547.471408112708,1147.4882035662247
forecast_2672,2025-04-22 08:00:00,2809.858504272993,3100.0843503826013,1401.6038681850328
forecast_2673,2025-04-22 09:00:00,5313.214291057651,6344.422053165496,4115.412022290136
forecast_2674,2025-04-22 10:00:00,6267.52563638186,7169.756279545847,5608.978275564901
forecast_2675,2025-04-22 11:00:00,8902.939312351478,8782.814740185313,7263.708077369594
forecast_2676,2025-04-22 12:00:00,9831.72288107013,10613.22201167797,8930.864576662572
forecast_2677,2025-04-22 13:00:00,10726.694852102255,11838.014451257683,9564.072197420715
forecast_2678,2025-04-22 14:00:00,10132.470937623095,10435.012449602918,7459.590894946334
forecast_2679,2025-04-22 15:00:00,6760.188658675915,7631.951927555383,4003.935015628697
forecast_2680,2025-04-22 16:00:00,5241.13648828866,5011.312419405404,3174.3192895668594
forecast_2681,2025-04-22 17:00:00,2028.428728054681,2109.3166215395067,1313.3834118536436
forecast_2682,2025-04-22 18:00:00,1736.162756799674,1772.2756628528205,856.5310744963473
forecast_2683,2025-04-22 19:00:00,2609.693996880257,2808.7538636130225,1502.0277923140666
forecast_2684,2025-04-22 20:00:00,4978.563298289103,5016.089394048042,2563.542254650402
forecast_2685,2025-04-22 21:00:00,4781.306847666502,4625.264722652002,2367.628194208276
forecast_2686,2025-04-22 22:00:00,4327.413134147618,4096.713527751431,2508.7397774615342
forecast_2687,2025-04-22 23:00:00,3948.3200552328685,4132.01025459902,2478.861450509147
forecast_2688,2025-04-23 00:00:00,3764.327055801442,4085.6706084646194,2263.0934872991916
forecast_2689,2025-04-23 01:00:00,5422.73438428866,5979.242039433086,4677.869926775367
forecast_2690,2025-04-23 02:00:00,4483.070210759778,5331.8181022911995,2881.558988785782
forecast_2691,2025-04-23 03:00:00,4298.009050322909,4928.627564951961,2937.420379473236
forecast_2692,2025-04-23 04:00:00,5042.611904440877,5111.383091585769,3095.4255368983013
forecast_2693,2025-04-23 05:00:00,5170.094490075771,4793.580692561117,2965.748110366797
forecast_2694,2025-04-23 06:00:00,4419.576448808727,4231.277599243605,2404.8419947974203
forecast_2695,2025-04-23 07:00:00,3248.16502773314,3085.83077474513,1726.5557327192855
forecast_2696,2025-04-23 08:00:00,1780.4826383221875,1964.6267129733706,1145.9004884518588
forecast_2697,2025-04-23 09:00:00,1300.8499447451632,1332.2091979713314,793.4274526178261
forecast_2698,2025-04-23 10:00:00,719.6736107356136,748.5996831246741,563.9090369420957
forecast_2699,2025-04-23 11:00:00,416.07817058641155,486.1373632550983,364.1615321024669
forecast_2700,2025-04-23 12:00:00,370.364156957985,527.061180333385,335.6319250935361
forecast_2701,2025-04-23 13:00:00,334.09239618442786,403.2900702246859,417.54715834252346
forecast_2702,2025-04-23 14:00:00,496.9898605663916,443.71808056559826,412.1133757586543
forecast_2703,2025-04-23 15:00:00,843.158703532166,778.3114022278786,437.99654093676276
forecast_2704,2025-04-23 16:00:00,1376.5863329955419,1277.6498490597662,483.3643916108426
forecast_2705,2025-04-23 17:00:00,2109.9546535469285,2144.1566900687712,698.4997922034272
forecast_2706,2025-04-23 18:00:00,2618.821242146122,2665.4147824321753,1034.4337204873013
forecast_2707,2025-04-23 19:00:00,3099.6277700677706,2707.1836817019475,1471.9687828257754
forecast_2708,2025-04-23 20:00:00,4822.989779285041,4574.366383852781,3208.823984375145
forecast_2709,2025-04-23 21:00:00,6087.102437187293,5895.661535441952,4240.003008583728
forecast_2710,2025-04-23 22:00:00,9068.081740261448,10587.460380324388,7355.27313214176
forecast_2711,2025-04-23 23:00:00,11082.129197711103,12333.993385583095,10089.860845935282
forecast_2712,2025-04-24 00:00:00,14180.360780996805,14939.446865818916,12556.765007149088
forecast_2713,2025-04-24 01:00:00,14375.29688170942,14608.429525549845,12822.945403609632
forecast_2714,2025-04-24 02:00:00,14646.605740658106,14624.903856852206,13029.473934063086
forecast_2715,2025-04-24 03:00:00,15851.726007828765,14841.032453286674,13506.808802428932
forecast_2716,2025-04-24 04:00:00,15450.154986761014,15447.112946078623,14156.327553527753
forecast_2717,2025-04-24 05:00:00,15528.961749540962,15538.517790468386,12763.89100936266
forecast_2718,2025-04-24 06:00:00,15844.65937253109,15010.373325346332,12643.242820429348
forecast_2719,2025-04-24 07:00:00,15399.925421316946,14605.199174216817,12150.021430958433
forecast_2720,2025-04-24 08:00:00,14100.539712386773,13493.970122109095,10544.855204800722
forecast_2721,2025-04-24 09:00:00,9655.187312044234,10865.80444385937,7385.207889027235
forecast_2722,2025-04-24 10:00:00,8472.451102623028,8772.726954163174,7286.438968763559
forecast_2723,2025-04-24 11:00:00,9140.044480475448,9356.309069258152,8540.237274372366
forecast_2724,2025-04-24 12:00:00,11620.90420027573,10624.009054495202,11251.013579615894
forecast_2725,2025-04-24 13:00:00,13764.053304985526,13160.996772740697,12256.467737925996
forecast_2726,2025-04-24 14:00:00,16047.949216262316,15038.338503578902,14036.933166648478
forecast_2727,2025-04-24 15:00:00,17841.970343338173,17807.653751578535,14994.981588504927
forecast_2728,2025-04-24 16:00:00,18398.463578280876,18796.13428756052,14871.981072847326
forecast_2729,2025-04-24 17:00:00,18417.8984164191,18680.069680401728,14728.585973384013
forecast_2730,2025-04-24 18:00:00,18920.66703045408,18759.839021869597,14637.246121583044
forecast_2731,2025-04-24 19:00:00,19173.17850791693,19197.58828249746,14797.527845392755
forecast_2732,2025-04-24 20:00:00,19239.03655413333,19066.64882205475,13431.336563106926
forecast_2733,2025-04-24 21:00:00,18799.298888446625,18638.866424103486,13871.530730894794
forecast_2734,2025-04-24 22:00:00,17166.636727535406,16904.196278147112,12219.731271142819
forecast_2735,2025-04-24 23:00:00,16089.599053290143,15689.360219759224,10962.775757859217
forecast_2736,2025-04-25 00:00:00,15342.59987643896,14500.518631149811,10216.50286611638
forecast_2737,2025-04-25 01:00:00,14115.604251126599,12946.031703119766,9282.177247871947
forecast_2738,2025-04-25 02:00:00,13790.812323435712,11802.234668329007,8218.736534962272
forecast_2739,2025-04-25 03:00:00,13757.298600339414,12295.20689336938,7732.632619786668
forecast_2740,2025-04-25 04:00:00,13091.010543032902,12068.080402572334,7205.628889787943
forecast_2741,2025-04-25 05:00:00,13651.637516434277,12176.8765571235,7723.26885973056
forecast_2742,2025-04-25 06:00:00,14238.225821160227,12681.393588458126,8014.605239496415
forecast_2743,2025-04-25 07:00:00,13704.728946385118,12353.334257646526,8083.820627619842
forecast_2744,2025-04-25 08:00:00,14023.61416500913,11298.06838066554,7710.819616886585
forecast_2745,2025-04-25 09:00:00,12743.605934642046,10400.520113801282,7531.9717806177005
forecast_2746,2025-04-25 10:00:00,12689.998669373963,10280.141833324516,7796.055332221739
forecast_2747,2025-04-25 11:00:00,12598.619215473123,10223.587191900198,8062.37406147319
forecast_2748,2025-04-25 12:00:00,12418.174900569626,10256.369393355832,8363.167862046763
forecast_2749,2025-04-25 13:00:00,11871.687620373983,9969.746944199083,8075.456526114289
forecast_2750,2025-04-25 14:00:00,11811.09723947343,9769.399911885279,7763.537744645544
forecast_2751,2025-04-25 15:00:00,11816.920907942782,9985.254388327185,7873.4117665847
forecast_2752,2025-04-25 16:00:00,12113.554745806618,10548.192759903355,7966.70451455895
forecast_2753,2025-04-25 17:00:00,12499.880770273807,10533.074440100176,7785.1484128256
forecast_2754,2025-04-25 18:00:00,12720.200962849905,11014.421672633263,8350.788144076721
forecast_2755,2025-04-25 19:00:00,12339.936674615938,10252.230591021262,8271.144371082553
forecast_2756,2025-04-25 20:00:00,13581.158453053697,11495.81828819521,9675.183552905919
forecast_2757,2025-04-25 21:00:00,15207.173380975313,13843.226991613654,11147.076021365949
forecast_2758,2025-04-25 22:00:00,15653.685003819748,14065.258353748279,10182.964507999073
forecast_2759,2025-04-25 23:00:00,12846.191303353187,11218.369182705275,10053.260907401707
forecast_2760,2025-04-26 00:00:00,11332.427165575376,10742.281484045028,8552.489684707827
forecast_2761,2025-04-26 01:00:00,11096.930443301644,10590.270161893965,8306.219799108967
forecast_2762,2025-04-26 02:00:00,11039.809627250865,11227.13576773323,8519.67503283948
forecast_2763,2025-04-26 03:00:00,14859.065211523617,13704.240225322517,11063.995431039473
forecast_2764,2025-04-26 04:00:00,16395.132016645708,13746.897503305456,11108.650209539466
forecast_2765,2025-04-26 05:00:00,15445.185054193389,14119.775584348234,10051.804973326725
forecast_2766,2025-04-26 06:00:00,16621.430310561977,15271.792077871587,11246.554200000146
forecast_2767,2025-04-26 07:00:00,15393.870069681321,14468.622290710391,11413.64512670676
forecast_2768,2025-04-26 08:00:00,16273.831135312506,15105.512265790887,13605.960603141137
forecast_2769,2025-04-26 09:00:00,13517.876944716869,12946.80812905637,11272.457895092526
forecast_2770,2025-04-26 10:00:00,14030.541352245555,12792.228665755976,11937.687843907906
forecast_2771,2025-04-26 11:00:00,14248.91306332294,13570.335518391767,11500.168117346984
forecast_2772,2025-04-26 12:00:00,14756.927436172135,13377.82964801624,12227.225447591965
forecast_2773,2025-04-26 13:00:00,14137.62434648937,13312.825716842539,12505.061994583151
forecast_2774,2025-04-26 14:00:00,14781.76059902593,14208.13261257211,13446.853865995765
forecast_2775,2025-04-26 15:00:00,16776.406099939933,16416.44974013033,14645.328649455347
forecast_2776,2025-04-26 16:00:00,16551.92691068337,16001.877083978883,14328.95192974838
forecast_2777,2025-04-26 17:00:00,17630.064233739682,16858.295209380227,14797.998856322181
forecast_2778,2025-04-26 18:00:00,18226.199359766913,18409.503387745008,16009.105739304816
forecast_2779,2025-04-26 19:00:00,18989.055362267154,18775.52854712292,16057.987218887722
forecast_2780,2025-04-26 20:00:00,19306.98553610879,18905.724345913502,16612.6580626456
forecast_2781,2025-04-26 21:00:00,19442.11018977196,18879.11722564766,16859.699293134956
forecast_2782,2025-04-26 22:00:00,19501.582281209372,18871.079847569916,17042.929272112553
forecast_2783,2025-04-26 23:00:00,19863.647994966774,19251.937546261754,16843.334402014043
forecast_2784,2025-04-27 00:00:00,20350.82596594202,19359.14397357021,16791.64820486054
forecast_2785,2025-04-27 01:00:00,20074.508276694054,19289.414635564437,16580.591351273684
forecast_2786,2025-04-27 02:00:00,19997.879478379265,19307.52464651899,16523.367307164455
forecast_2787,2025-04-27 03:00:00,20019.209340987614,19380.098864774038,15957.791319204161
forecast_2788,2025-04-27 04:00:00,20116.977516424202,19437.184787934868,15845.027959326677
forecast_2789,2025-04-27 05:00:00,19900.787273742346,19289.55742258124,15840.358256979993
forecast_2790,2025-04-27 06:00:00,19469.78015620253,19385.165426880176,15420.369307121537
forecast_2791,2025-04-27 07:00:00,19147.39886486175,19077.9826617281,15016.426762346011
forecast_2792,2025-04-27 08:00:00,18515.977710421008,18687.471856970835,14898.8760840982
forecast_2793,2025-04-27 09:00:00,18383.916951764557,18306.121315699656,14235.565183220713
forecast_2794,2025-04-27 10:00:00,17746.609987429256,18225.025624568698,14109.6441534128
forecast_2795,2025-04-27 11:00:00,18464.116369224757,17808.078855985565,14904.793616952202
forecast_2796,2025-04-27 12:00:00,18547.394119940538,17764.99327465129,15023.508740500512
forecast_2797,2025-04-27 13:00:00,18759.58729956088,18718.31604546969,15167.54410274479
forecast_2798,2025-04-27 14:00:00,18110.22497666673,17947.45305700231,14834.152934837279
forecast_2799,2025-04-27 15:00:00,17841.683124565214,17599.612279082165,14516.885614445815
forecast_2800,2025-04-27 16:00:00,18043.549419709263,18294.92263708171,14721.050416294458
forecast_2801,2025-04-27 17:00:00,18079.01141840341,17948.894341906678,15431.598004794047
forecast_2802,2025-04-27 18:00:00,17714.995884018008,17234.690056188418,15356.138276473977
forecast_2803,2025-04-27 19:00:00,17406.672334097137,17013.55833241944,15021.572745729669
forecast_2804,2025-04-27 20:00:00,17877.30218860404,18064.161041194075,15390.83486465296
forecast_2805,2025-04-27 21:00:00,16956.38458078625,17166.70363144904,14204.350246124759
forecast_2806,2025-04-27 22:00:00,18295.460322702103,18071.78961058581,14795.207478577833
forecast_2807,2025-04-27 23:00:00,18955.321379859273,18988.76251964266,15968.833681974573
forecast_2808,2025-04-28 00:00:00,16772.40891885689,16570.649476741062,13319.963563875066
forecast_2809,2025-04-28 01:00:00,16047.027050902738,16379.27296658737,13452.60247259341
forecast_2810,2025-04-28 02:00:00,16228.55254447387,16139.677361127324,12963.63722633353
forecast_2811,2025-04-28 03:00:00,16368.37436160427,16608.68426464407,12936.832346173669
forecast_2812,2025-04-28 04:00:00,13061.26160555294,13928.848030313191,10396.540437510661
forecast_2813,2025-04-28 05:00:00,11046.972192109433,11915.489741055715,8513.024729773999
forecast_2814,2025-04-28 06:00:00,10896.606912145147,10839.825385552742,8708.595689674976
forecast_2815,2025-04-28 07:00:00,10632.05188572248,10773.774370239016,7852.725489103847
forecast_2816,2025-04-28 08:00:00,7065.416397413756,7437.028607313694,5623.761944602991
forecast_2817,2025-04-28 09:00:00,4520.535776690292,3970.523962386825,2385.3335589985177
forecast_2818,2025-04-28 10:00:00,5798.788634085152,4964.035377824191,3083.912721374144
forecast_2819,2025-04-28 11:00:00,8513.08822934425,7409.723650360686,5640.198379852222
forecast_2820,2025-04-28 12:00:00,11821.545611263113,10989.500198302912,9395.505862328644
forecast_2821,2025-04-28 13:00:00,14032.792405237824,12626.0471700772,9670.44340148942
forecast_2822,2025-04-28 14:00:00,14330.552269896983,12441.37569313759,9150.807054625406
forecast_2823,2025-04-28 15:00:00,12824.46483094527,10670.12087055932,7828.268594086155
forecast_2824,2025-04-28 16:00:00,9077.81136397779,6931.215747033717,5230.2244704740915
forecast_2825,2025-04-28 17:00:00,7125.424300542486,4754.519241885877,3398.4504505198815
forecast_2826,2025-04-28 18:00:00,4746.584699530653,3648.6118720386303,2773.159980486072
forecast_2827,2025-04-28 19:00:00,3846.881411013674,3950.0885706008,2654.7279023187643
forecast_2828,2025-04-28 20:00:00,5795.490822636745,5283.923397349597,3286.7995615380537
forecast_2829,2025-04-28 21:00:00,5669.351572614631,5256.630051037492,3286.6802660072976
forecast_2830,2025-04-28 22:00:00,6448.1254749497475,5931.170345418945,3754.919011384613
forecast_2831,2025-04-28 23:00:00,5742.557532913246,5173.726989838374,3229.996355090943
forecast_2832,2025-04-29 00:00:00,5304.933773761099,4982.777244703475,3228.702316502579
forecast_2833,2025-04-29 01:00:00,3543.61011063774,3544.042823430882,1772.6046678904052
forecast_2834,2025-04-29 02:00:00,3273.5452619298776,2842.9993982567353,1210.2717908033865
forecast_2835,2025-04-29 03:00:00,2531.8767511121923,2354.5301420003047,1196.8724225645822
forecast_2836,2025-04-29 04:00:00,2212.4652670060877,2104.2658723608597,1111.9548323603651
forecast_2837,2025-04-29 05:00:00,3379.107831172433,3124.7350523851737,1816.9728918236096
forecast_2838,2025-04-29 06:00:00,3761.1157969002556,4290.716011978961,2363.962958017145
forecast_2839,2025-04-29 07:00:00,5706.360164531927,5853.572047313155,3484.532334852375
forecast_2840,2025-04-29 08:00:00,6365.556888207803,6193.928791931503,3900.772787805543
forecast_2841,2025-04-29 09:00:00,6004.757784703098,6606.977887613733,4208.8134876844015
forecast_2842,2025-04-29 10:00:00,6510.911893424557,6085.260261901107,4409.63002748596
forecast_2843,2025-04-29 11:00:00,7135.235659351614,6016.713087279198,4765.17960705852
forecast_2844,2025-04-29 12:00:00,6960.258325583148,6058.986045306161,4865.766190398171
forecast_2845,2025-04-29 13:00:00,7388.897621934135,5822.868191997873,5194.1002682833005
forecast_2846,2025-04-29 14:00:00,7043.026540420112,6261.478627324066,6011.477066657451
forecast_2847,2025-04-29 15:00:00,8053.0163998393355,6778.76759914586,7072.311179787331
forecast_2848,2025-04-29 16:00:00,8473.10337260611,7139.8571346951585,7372.811968413723
forecast_2849,2025-04-29 17:00:00,8179.332852210207,6751.127053573008,6693.884404937178
forecast_2850,2025-04-29 18:00:00,7371.050754552015,7078.640264630892,6798.549720153232
forecast_2851,2025-04-29 19:00:00,9862.438159675337,10415.343402600289,10297.943585486366
forecast_2852,2025-04-29 20:00:00,14107.435837326215,13935.410124476788,12265.722608463155
forecast_2853,2025-04-29 21:00:00,15200.162620663306,14692.178536030706,13905.669223252042
forecast_2854,2025-04-29 22:00:00,18123.813722466155,17329.782008306353,15832.170473682572
forecast_2855,2025-04-29 23:00:00,19119.265995709924,18240.549568453476,15912.266735532787
forecast_2856,2025-04-30 00:00:00,19291.527659338193,18916.40008328647,15723.474445413442
forecast_2857,2025-04-30 01:00:00,16974.549906088494,16650.172123119508,14659.396121184767
forecast_2858,2025-04-30 02:00:00,18167.84856823653,17167.821314804376,15776.596283560322
forecast_2859,2025-04-30 03:00:00,19052.845176922896,17997.439087152216,16025.386020085543
forecast_2860,2025-04-30 04:00:00,19404.360159961856,18322.386179779984,16436.308551061902
forecast_2861,2025-04-30 05:00:00,19410.86681662533,18291.13871796414,16270.31464878979
forecast_2862,2025-04-30 06:00:00,18426.157352404876,18027.48958929259,15540.92648896503
forecast_2863,2025-04-30 07:00:00,17062.143792772073,16766.268830988156,14855.479528569087
forecast_2864,2025-04-30 08:00:00,16557.71191667686,17530.253128790737,14346.041747019151
forecast_2865,2025-04-30 09:00:00,15898.165365801704,16521.2013698808,13324.07509375971
forecast_2866,2025-04-30 10:00:00,13818.497063495644,14649.573183228555,13254.776279016327
forecast_2867,2025-04-30 11:00:00,13490.500768920612,14020.150261767038,12657.27066125263
forecast_2868,2025-04-30 12:00:00,12927.27572346628,13953.707803306854,12300.326558938721
forecast_2869,2025-04-30 13:00:00,12120.758377840122,12710.298543737676,11791.589291284263
forecast_2870,2025-04-30 14:00:00,9760.456524995467,11534.718765993714,11124.741430071716
forecast_2871,2025-04-30 15:00:00,9642.327657080697,11452.73324888759,10687.145822459808
forecast_2872,2025-04-30 16:00:00,8768.251799374126,10729.319227576087,9440.984175784031
forecast_2873,2025-04-30 17:00:00,7669.964143268303,8950.241754978837,7732.455395492806
forecast_2874,2025-04-30 18:00:00,7620.442428159271,8605.028545219193,6565.804021813981
forecast_2875,2025-04-30 19:00:00,6459.186416444562,6345.37238917659,4772.2168719639785
forecast_2876,2025-04-30 20:00:00,6566.67347234013,6870.193324689223,4796.001969880868
forecast_2877,2025-04-30 21:00:00,8349.53726963422,8996.806611333921,5846.172346984959
forecast_2878,2025-04-30 22:00:00,10239.214000659671,11359.269860092925,6351.207973734892
forecast_2879,2025-04-30 23:00:00,10553.400859251913,12307.51453988977,7467.218309892815
forecast_2880,2025-05-01 00:00:00,10381.064477526526,11588.910861248753,6836.944529481076
forecast_2881,2025-05-01 01:00:00,11982.453811711675,13255.498502751574,8391.201716944784
forecast_2882,2025-05-01 02:00:00,12907.151793424802,14071.086053471654,9891.796116960466
forecast_2883,2025-05-01 03:00:00,13737.917232501102,15070.704392196581,11276.678630033215
forecast_2884,2025-05-01 04:00:00,14594.557506796928,16298.287672733179,13204.284598539656
forecast_2885,2025-05-01 05:00:00,14927.380253578116,16561.833238396986,13929.199086592724
forecast_2886,2025-05-01 06:00:00,15413.644279411137,16665.539145525276,13974.310516563031
forecast_2887,2025-05-01 07:00:00,15040.595763444366,17349.2356436779,14108.070381418724
forecast_2888,2025-05-01 08:00:00,14791.233451241762,17088.079349404114,13887.86706737571
forecast_2889,2025-05-01 09:00:00,15493.7277289085,16413.732926956553,14283.238932289383
forecast_2890,2025-05-01 10:00:00,15603.340206070168,16313.011264515015,14824.556195419522
forecast_2891,2025-05-01 11:00:00,16559.51952417252,16741.009010716447,15433.161913064296
forecast_2892,2025-05-01 12:00:00,16375.757324162278,16793.096693711857,15239.467351790647
forecast_2893,2025-05-01 13:00:00,16214.813961465969,17146.581559749615,15535.208603012934
forecast_2894,2025-05-01 14:00:00,15086.029334289628,15922.526401560952,14836.479721660502
forecast_2895,2025-05-01 15:00:00,15697.79901315686,16159.699537923034,15417.492039220506
forecast_2896,2025-05-01 16:00:00,16312.808905525351,16883.50639147359,16199.799938999753
forecast_2897,2025-05-01 17:00:00,12902.262677566823,14766.404873275571,13151.879886397921
forecast_2898,2025-05-01 18:00:00,11414.478822992862,12585.330905285024,10854.133760001103
forecast_2899,2025-05-01 19:00:00,12255.062489066348,13575.4008588215,11261.185930230493
forecast_2900,2025-05-01 20:00:00,12530.919399948185,15188.65086764123,12227.286823567923
forecast_2901,2025-05-01 21:00:00,9188.701788150862,10697.346846655963,7622.386812142028
forecast_2902,2025-05-01 22:00:00,12221.01148255153,12241.515816897534,10689.534986818107
forecast_2903,2025-05-01 23:00:00,14796.32964945867,15092.561078556635,12823.804943238933
forecast_2904,2025-05-02 00:00:00,17635.00779764693,16177.180245637217,13608.08482238538
forecast_2905,2025-05-02 01:00:00,16809.928294269088,16480.170899594916,14257.110423372354
forecast_2906,2025-05-02 02:00:00,16918.489033423743,16782.131836289882,13108.8016233838
forecast_2907,2025-05-02 03:00:00,17017.537144173013,16559.44538019895,12238.724088456169
forecast_2908,2025-05-02 04:00:00,16495.8011978753,15554.945271629573,13316.61149711605
forecast_2909,2025-05-02 05:00:00,17666.952191749057,17085.053542577243,15040.133645813536
forecast_2910,2025-05-02 06:00:00,17647.6303607823,16623.863900298053,15141.35163009365
forecast_2911,2025-05-02 07:00:00,16700.563540681556,16013.250146589191,13362.356566179025
forecast_2912,2025-05-02 08:00:00,15760.994942454954,14259.611905337328,10687.941799961354
forecast_2913,2025-05-02 09:00:00,14161.603310693623,11993.60729268275,8510.64745231361
forecast_2914,2025-05-02 10:00:00,11598.998370191775,10425.842423087648,7839.216244862279
forecast_2915,2025-05-02 11:00:00,9807.566170099279,7974.2114874912495,6443.4622372953545
forecast_2916,2025-05-02 12:00:00,8391.871487494227,6564.718266174619,5443.824967597739
forecast_2917,2025-05-02 13:00:00,8296.238874122424,6122.038760964476,5115.582012249781
forecast_2918,2025-05-02 14:00:00,8565.225003225456,6770.817398304277,5226.569251062632
forecast_2919,2025-05-02 15:00:00,7698.2503340771,6176.229012232048,4936.765918863084
forecast_2920,2025-05-02 16:00:00,7392.101081209523,5392.962796734674,4743.298988740774
forecast_2921,2025-05-02 17:00:00,6106.968803493394,4971.515684508423,4320.311866320249
forecast_2922,2025-05-02 18:00:00,8747.424841788554,7418.117213647212,6655.710670153451
forecast_2923,2025-05-02 19:00:00,9805.347848229963,8696.635074993439,7769.48314118376
forecast_2924,2025-05-02 20:00:00,11898.439277826556,10820.593151766692,10242.291523462643
forecast_2925,2025-05-02 21:00:00,12047.406292840657,11645.942825135464,10726.376184697156
forecast_2926,2025-05-02 22:00:00,11623.727628720557,11999.90060086982,10315.286080275997
forecast_2927,2025-05-02 23:00:00,11583.193402575202,12191.533485940068,9742.3486332863
forecast_2928,2025-05-03 00:00:00,11932.858073507372,12494.320931050115,9383.717665514767
forecast_2929,2025-05-03 01:00:00,11197.64855327446,11241.962590139661,8856.767932943623
forecast_2930,2025-05-03 02:00:00,11892.95003584804,12237.392534774666,10522.326743370973
forecast_2931,2025-05-03 03:00:00,10152.095512125597,10201.641059421401,8403.031736033277
forecast_2932,2025-05-03 04:00:00,7976.575147805898,8441.031929883746,5896.949271321513
forecast_2933,2025-05-03 05:00:00,7708.399497042905,7875.687514159703,5780.729369456604
forecast_2934,2025-05-03 06:00:00,5826.536113801003,5205.7781157476165,3894.1511802520054
forecast_2935,2025-05-03 07:00:00,3572.183288652709,3405.6777578784267,1954.8560292018997
forecast_2936,2025-05-03 08:00:00,2722.6717472833693,2527.5187002244943,1674.4727408900733
forecast_2937,2025-05-03 09:00:00,4290.102980332304,4720.236321413349,2885.782457057011
forecast_2938,2025-05-03 10:00:00,7306.902634679144,7571.7126828918845,5275.47749931531
forecast_2939,2025-05-03 11:00:00,10131.75753601288,10810.319084666822,9560.14156434953
forecast_2940,2025-05-03 12:00:00,11175.19128806217,12716.747754692959,9988.945638180003
forecast_2941,2025-05-03 13:00:00,11431.653270640147,12275.570259584534,10957.819477234472
forecast_2942,2025-05-03 14:00:00,11442.911184261835,11368.031008216998,10348.848442845261
forecast_2943,2025-05-03 15:00:00,13948.714767498624,13131.022273991719,12262.876880847622
forecast_2944,2025-05-03 16:00:00,14058.586788289196,13529.098267980153,12879.318497877844
forecast_2945,2025-05-03 17:00:00,11675.946118430958,10604.144756515649,9806.888934203856
forecast_2946,2025-05-03 18:00:00,11996.940347171252,11374.034491671182,10060.449818872074
forecast_2947,2025-05-03 19:00:00,13006.398966575414,12587.588260384462,11201.843307888144
forecast_2948,2025-05-03 20:00:00,15397.722486504512,14703.281467932151,12445.712000208987
forecast_2949,2025-05-03 21:00:00,14771.114709905993,13634.982857004105,10895.596012085236
forecast_2950,2025-05-03 22:00:00,14969.93970375949,13995.028824329089,10941.361367471081
forecast_2951,2025-05-03 23:00:00,14976.259597230935,14008.743329936076,11558.826362890482
forecast_2952,2025-05-04 00:00:00,15740.854079530529,14825.843797246464,13123.027258035741
forecast_2953,2025-05-04 01:00:00,16426.822571466615,15408.52225382046,13913.644274126045
forecast_2954,2025-05-04 02:00:00,16366.027290352822,15007.628157312553,13548.595043919251
forecast_2955,2025-05-04 03:00:00,14997.710763697572,13034.870334691423,10680.656747133733
forecast_2956,2025-05-04 04:00:00,15500.951468593374,13775.724747959943,10397.291709448082
forecast_2957,2025-05-04 05:00:00,15927.141222188327,14141.465716902294,9850.923894608719
forecast_2958,2025-05-04 06:00:00,16516.282297728954,14916.706269802622,10553.768385993697
forecast_2959,2025-05-04 07:00:00,16308.418085323252,14707.264840735212,9590.112319307975
forecast_2960,2025-05-04 08:00:00,15985.807765472387,13269.870996928896,8571.7081560438
forecast_2961,2025-05-04 09:00:00,15169.043305324049,12717.580061770035,8792.841103002225
forecast_2962,2025-05-04 10:00:00,14389.439904976312,12045.837644966072,8729.553492843519
forecast_2963,2025-05-04 11:00:00,14247.185252107916,12350.688210642855,9129.426653973402
forecast_2964,2025-05-04 12:00:00,14720.078861898464,13077.823440505063,10338.08894394884
forecast_2965,2025-05-04 13:00:00,15312.631723036307,14049.34816033843,12744.284933257559
forecast_2966,2025-05-04 14:00:00,16980.648233382388,16952.81951121956,13729.487056260912
forecast_2967,2025-05-04 15:00:00,17318.396152703746,17392.513434135017,13096.641580588637
forecast_2968,2025-05-04 16:00:00,16905.6961896318,17160.546900981033,12848.874957448015
forecast_2969,2025-05-04 17:00:00,16069.980937789187,15558.756921783628,11937.110730185343
forecast_2970,2025-05-04 18:00:00,16225.924889287624,14847.347985164957,11558.387203610391
forecast_2971,2025-05-04 19:00:00,16096.913715351337,14347.967184967507,11238.74173938997
forecast_2972,2025-05-04 20:00:00,15788.141167022237,12855.658618040992,9049.610547599197
forecast_2973,2025-05-04 21:00:00,14091.134088380468,11924.665055229805,7311.994036990816
forecast_2974,2025-05-04 22:00:00,10542.431547155624,9751.873447873582,5934.866597356719
forecast_2975,2025-05-04 23:00:00,7112.701291062839,6203.222097552336,4676.513017898786
forecast_2976,2025-05-05 00:00:00,5774.504737447276,4745.439138827171,2470.546560027256
forecast_2977,2025-05-05 01:00:00,4691.620631180223,4136.364417016438,2408.5196263046355
forecast_2978,2025-05-05 02:00:00,3992.8528131549406,3290.3851654266673,2505.235297368095
forecast_2979,2025-05-05 03:00:00,3595.1833528936318,3437.7991256745386,2528.2559088644493
forecast_2980,2025-05-05 04:00:00,3927.6523430149464,3340.208003367182,2159.678743785376
forecast_2981,2025-05-05 05:00:00,2935.2669810645157,2023.139883862438,1638.02314806542
forecast_2982,2025-05-05 06:00:00,1270.4995548411407,1024.881091196238,423.71087197388397
forecast_2983,2025-05-05 07:00:00,906.6719039912463,863.6712143629622,231.63150630657643
forecast_2984,2025-05-05 08:00:00,983.171194260014,883.2554104799038,223.88691680183138
forecast_2985,2025-05-05 09:00:00,675.6078338793138,433.90563314908445,159.3740871472487
forecast_2986,2025-05-05 10:00:00,306.2660836652612,255.86630495199515,192.34473803800336
forecast_2987,2025-05-05 11:00:00,177.74114078931817,221.13452929463466,201.64821224356015
forecast_2988,2025-05-05 12:00:00,229.9717285252029,366.5505453903757,210.79610597280063
forecast_2989,2025-05-05 13:00:00,272.82400553518477,286.3514073794002,318.66695998515934
forecast_2990,2025-05-05 14:00:00,295.23408988338025,384.8496396774084,356.70651676743796
forecast_2991,2025-05-05 15:00:00,393.8021554764308,408.0922163553948,339.1953260902953
forecast_2992,2025-05-05 16:00:00,317.74439135688266,354.668787128783,226.83912505730632
forecast_2993,2025-05-05 17:00:00,587.6764905178522,560.5078793052445,384.93857248835633
forecast_2994,2025-05-05 18:00:00,1054.0617433866757,1081.5955243242793,433.94039185928807
forecast_2995,2025-05-05 19:00:00,4458.565807305052,4997.881097460149,2723.5862861144997
forecast_2996,2025-05-05 20:00:00,4335.146339071939,4844.859569580868,2895.034248770013
forecast_2997,2025-05-05 21:00:00,3182.2860609021905,3363.5536646539445,1700.050833629209
forecast_2998,2025-05-05 22:00:00,3594.4692200412833,4131.228661113646,2749.833263820509
forecast_2999,2025-05-05 23:00:00,2100.7790914955185,2197.619421135575,977.5799875791399
forecast_3000,2025-05-06 00:00:00,3473.7148981196965,3394.8843457758157,1898.4128679970586
forecast_3001,2025-05-06 01:00:00,2086.5377395668934,1539.2826436506784,445.2083187482169
forecast_3002,2025-05-06 02:00:00,699.1846099073923,649.3722041723594,205.10126831965894
forecast_3003,2025-05-06 03:00:00,511.64854274457053,503.63996837638393,245.12058621663488
forecast_3004,2025-05-06 04:00:00,446.1174319657678,424.795037579592,148.59493258621566
forecast_3005,2025-05-06 05:00:00,970.8302328835787,842.8217543143293,308.2001016839744
forecast_3006,2025-05-06 06:00:00,1138.4714850712794,1130.7731348545078,440.0135098285438
forecast_3007,2025-05-06 07:00:00,1307.859110872035,1222.1403396045607,445.8105137608663
forecast_3008,2025-05-06 08:00:00,1082.2155870382137,1138.8073014073225,490.1926507979848
forecast_3009,2025-05-06 09:00:00,931.5541130898933,884.5629985248245,616.4738825174582
forecast_3010,2025-05-06 10:00:00,568.5848095114762,667.8060979089761,434.1158565389037
forecast_3011,2025-05-06 11:00:00,390.52001736013955,479.67529835141744,307.05296400113474
forecast_3012,2025-05-06 12:00:00,381.1468486768981,479.5475455468148,403.1443791450548
forecast_3013,2025-05-06 13:00:00,524.8234613861766,560.0795278605312,401.9835725148274
forecast_3014,2025-05-06 14:00:00,553.1439062662944,538.8109492754637,415.46257095910426
forecast_3015,2025-05-06 15:00:00,470.93268332423406,572.5890126188066,409.3497385927964
forecast_3016,2025-05-06 16:00:00,552.0756667356184,544.9529528738736,287.021661073674
forecast_3017,2025-05-06 17:00:00,597.0497548035781,637.1913270659718,297.52457566139117
forecast_3018,2025-05-06 18:00:00,457.9245247756189,426.85297685622794,201.1062561599781
forecast_3019,2025-05-06 19:00:00,362.99484438351243,267.5686784611091,127.81252585817282
forecast_3020,2025-05-06 20:00:00,555.9324008751854,422.38833817389116,235.24189034053367
forecast_3021,2025-05-06 21:00:00,885.8746405249678,778.5614608672566,354.48665040845503
forecast_3022,2025-05-06 22:00:00,1449.377486960605,1652.047190802413,886.3078044465908
forecast_3023,2025-05-06 23:00:00,1720.7013141234834,1387.4527898952254,729.5570637928114
forecast_3024,2025-05-07 00:00:00,2106.129833913775,2033.2874287247228,1214.9578125531923
forecast_3025,2025-05-07 01:00:00,2696.8709804617415,2246.7399373820936,1549.0598686094525
forecast_3026,2025-05-07 02:00:00,2365.2280643919676,2074.345234699662,900.8114896315211
forecast_3027,2025-05-07 03:00:00,2155.085201260438,2085.3572579280553,782.3234960051501
forecast_3028,2025-05-07 04:00:00,2603.559039331851,2268.5848751449125,1717.137138876175
forecast_3029,2025-05-07 05:00:00,2876.0287222879665,2308.3351589891968,1664.9873504020973
forecast_3030,2025-05-07 06:00:00,2803.007114824264,2735.134392270738,1895.2516979166983
forecast_3031,2025-05-07 07:00:00,3160.2591536501186,2442.297122928292,1654.5282751229047
forecast_3032,2025-05-07 08:00:00,2591.4871269308765,2252.0747227265865,1178.6671552805583
forecast_3033,2025-05-07 09:00:00,2172.858484353685,1499.2929848791807,1155.1025308768585
forecast_3034,2025-05-07 10:00:00,1909.6317572695068,1809.5917603146584,980.4087617336055
forecast_3035,2025-05-07 11:00:00,1576.0802228139735,1328.8423166448001,1000.5991040881804
forecast_3036,2025-05-07 12:00:00,1752.9979911081837,1540.6686172352665,1043.8223471931144
forecast_3037,2025-05-07 13:00:00,1697.7669618596517,1445.1270940135153,948.3509212089849
forecast_3038,2025-05-07 14:00:00,1554.6997361748852,1376.0902803312451,1019.5929773520974
forecast_3039,2025-05-07 15:00:00,1165.8250454981198,1042.186351784951,745.6351385294172
forecast_3040,2025-05-07 16:00:00,886.3076531809354,797.828514551493,706.1362785964061
forecast_3041,2025-05-07 17:00:00,650.0665927549737,622.9747344214067,392.04044457983605
forecast_3042,2025-05-07 18:00:00,781.6711310830824,750.6556470988194,505.5467966473903
forecast_3043,2025-05-07 19:00:00,1156.5276336019683,1087.56827705285,702.4076589991822
forecast_3044,2025-05-07 20:00:00,1682.308885578734,1497.0501553009503,973.1956637642785
forecast_3045,2025-05-07 21:00:00,4144.4090138804695,3588.963029185847,3221.109870954885
forecast_3046,2025-05-07 22:00:00,5520.452855715935,5353.751179901563,3850.730817174086
forecast_3047,2025-05-07 23:00:00,6701.48972744035,6985.36875637581,4644.998390779333
forecast_3048,2025-05-08 00:00:00,6423.854934524478,5440.033707639693,3967.0050037690703
forecast_3049,2025-05-08 01:00:00,4568.190429405672,4950.200058084647,2503.290660127947
forecast_3050,2025-05-08 02:00:00,6391.037036687399,6063.808968613122,4018.913937533715
forecast_3051,2025-05-08 03:00:00,8401.244190515186,8049.188449350692,5240.432004749085
forecast_3052,2025-05-08 04:00:00,10997.829699817416,9337.04303668736,6729.7757614884395
forecast_3053,2025-05-08 05:00:00,10395.185063308825,8973.6793084564,5397.376955553672
forecast_3054,2025-05-08 06:00:00,8518.5548036008,7294.395855586871,4783.781116217334
forecast_3055,2025-05-08 07:00:00,4421.538894871491,4654.4415454057125,2459.298275417037
forecast_3056,2025-05-08 08:00:00,2980.5796873347217,2470.770139933842,1777.2951023898909
forecast_3057,2025-05-08 09:00:00,1068.7056488766477,928.3829428104164,623.6866568037179
forecast_3058,2025-05-08 10:00:00,700.862449958715,736.8319685482596,486.97889468049834
forecast_3059,2025-05-08 11:00:00,319.59167225095064,469.78526739200163,377.4269750365358
forecast_3060,2025-05-08 12:00:00,433.8865975964877,614.5337675613026,370.14183727763253
forecast_3061,2025-05-08 13:00:00,602.8341716451622,723.5959410232153,661.3902879214749
forecast_3062,2025-05-08 14:00:00,2668.7952530288817,3181.1494280051456,2410.0687660663734
forecast_3063,2025-05-08 15:00:00,2098.3965604977957,2002.152307727939,2113.1399755134726
forecast_3064,2025-05-08 16:00:00,2524.189329450017,3049.235644334035,2318.6962703466324
forecast_3065,2025-05-08 17:00:00,2697.3795497707433,3079.308182115466,2328.19484961067
forecast_3066,2025-05-08 18:00:00,3831.5677396905257,4947.017215683933,2917.50817962969
forecast_3067,2025-05-08 19:00:00,4827.607143332666,5917.625321672187,3298.6558149731254
forecast_3068,2025-05-08 20:00:00,2369.781891564899,2710.796245365063,1751.559505439113
forecast_3069,2025-05-08 21:00:00,2620.9762565914166,2678.6669733458657,1342.0142071615423
forecast_3070,2025-05-08 22:00:00,2582.4789169388637,2671.1848607582397,1154.7879327408534
forecast_3071,2025-05-08 23:00:00,1888.7405615408466,1938.2482997594732,858.8845609114693
forecast_3072,2025-05-09 00:00:00,3540.8455548955144,3394.7239331187407,1537.3873381586343
forecast_3073,2025-05-09 01:00:00,5335.290216298953,6090.049426133375,3972.329445054626
forecast_3074,2025-05-09 02:00:00,5468.059919265697,6256.577485823343,3418.7123880847103
forecast_3075,2025-05-09 03:00:00,4593.499063142237,4567.876332433366,2869.8245336709324
forecast_3076,2025-05-09 04:00:00,4573.032280887706,4608.58048163276,2960.302901115655
forecast_3077,2025-05-09 05:00:00,3613.808021831067,3015.5421408487814,1545.835462082348
forecast_3078,2025-05-09 06:00:00,3354.608651203609,3158.165843305767,1697.7053709627637
forecast_3079,2025-05-09 07:00:00,2512.7819557798703,2818.238644971285,1009.1608168735926
forecast_3080,2025-05-09 08:00:00,2338.3803274553943,2169.628661680629,854.8725877791286
forecast_3081,2025-05-09 09:00:00,2355.7035007939535,2057.8810421013563,815.1317604808204
forecast_3082,2025-05-09 10:00:00,3794.8344579979803,3323.7110315058903,1862.5702857389438
forecast_3083,2025-05-09 11:00:00,4186.691153177381,2972.0925271505826,1818.0089701322354
forecast_3084,2025-05-09 12:00:00,5963.722200461943,7251.468934216164,3673.3181363070225
forecast_3085,2025-05-09 13:00:00,7924.873818615024,9132.285261998082,5032.645291532273
forecast_3086,2025-05-09 14:00:00,10643.751139402937,11957.506614905396,10326.625214368094
forecast_3087,2025-05-09 15:00:00,11947.036371953358,13393.060495616177,10371.975084189839
forecast_3088,2025-05-09 16:00:00,12677.947363906313,14120.103733473134,10761.555696641477
forecast_3089,2025-05-09 17:00:00,13529.276654606658,14999.788048898117,11395.287514905844
forecast_3090,2025-05-09 18:00:00,11766.08582931972,12767.61141853628,9569.269275400356
forecast_3091,2025-05-09 19:00:00,9078.64430312277,9142.860974258963,7297.533829497451
forecast_3092,2025-05-09 20:00:00,6314.372649728516,6288.784171064583,3652.874003047154
forecast_3093,2025-05-09 21:00:00,4204.417080155161,3262.7164251212625,1280.4550563249195
forecast_3094,2025-05-09 22:00:00,2035.1704656009865,1713.5457853423627,856.9901307427116
forecast_3095,2025-05-09 23:00:00,2495.449126172975,2713.9464875100584,1546.7935219583985
forecast_3096,2025-05-10 00:00:00,7276.054279908056,6806.018647022176,5458.622926781428
forecast_3097,2025-05-10 01:00:00,12184.874198977643,11077.180089448828,9518.401205360691
forecast_3098,2025-05-10 02:00:00,12869.220755559028,13071.620107994891,10903.812900095187
forecast_3099,2025-05-10 03:00:00,13869.317845620493,14407.216935312443,12772.600819459254
forecast_3100,2025-05-10 04:00:00,14580.8004030382,14742.043594696039,12607.995523515623
forecast_3101,2025-05-10 05:00:00,14515.82200970114,14856.285418126465,12800.287981313522
forecast_3102,2025-05-10 06:00:00,16740.262791582794,16933.104741569787,13687.512006808121
forecast_3103,2025-05-10 07:00:00,19454.937976190136,18939.430830076213,15583.501043114014
forecast_3104,2025-05-10 08:00:00,19933.608916288547,19112.691928439643,16679.404966001923
forecast_3105,2025-05-10 09:00:00,20000.872501536156,19080.517438817824,16893.12398384348
forecast_3106,2025-05-10 10:00:00,19958.04531129314,19048.09539007535,17311.84166417781
forecast_3107,2025-05-10 11:00:00,19984.64454849548,18698.23344959996,16919.844559090052
forecast_3108,2025-05-10 12:00:00,19881.606206787255,18133.98424267671,17012.425698917887
forecast_3109,2025-05-10 13:00:00,19780.910052825348,18591.49527883262,16775.873294040364
forecast_3110,2025-05-10 14:00:00,19403.153382376462,18873.48515015934,16066.386949532236
forecast_3111,2025-05-10 15:00:00,19300.28197946123,18718.76018229663,14614.997893286029
forecast_3112,2025-05-10 16:00:00,18908.33719351618,18356.704312960952,14182.412275817906
forecast_3113,2025-05-10 17:00:00,18207.634481717207,17275.913189755483,13910.03129582339
forecast_3114,2025-05-10 18:00:00,16359.396075903149,15694.166406193812,13027.03746718474
forecast_3115,2025-05-10 19:00:00,12311.020047405897,11951.548545410611,11119.887607993698
forecast_3116,2025-05-10 20:00:00,11370.43972804316,11517.912872199824,10316.163387463761
forecast_3117,2025-05-10 21:00:00,10281.255088382517,9612.530809818643,7657.423682113951
forecast_3118,2025-05-10 22:00:00,10576.462572698345,9932.902225394379,6767.098103944124
forecast_3119,2025-05-10 23:00:00,10543.014252208592,10363.735564147808,7709.203837654549
forecast_3120,2025-05-11 00:00:00,8447.03852437297,7518.625896985528,5835.476131378647
forecast_3121,2025-05-11 01:00:00,9502.735209384067,8825.646289476204,6362.064887853192
forecast_3122,2025-05-11 02:00:00,9712.780855056177,8825.55375404463,6587.867287738957
forecast_3123,2025-05-11 03:00:00,8675.481290044278,9413.239854049096,6709.425960731076
forecast_3124,2025-05-11 04:00:00,8135.862108640717,8949.739939992616,6997.007885411242
forecast_3125,2025-05-11 05:00:00,8764.668316165718,10040.488403018235,7048.024275881686
forecast_3126,2025-05-11 06:00:00,6968.8144798178255,5898.592423967598,4698.989887802827
forecast_3127,2025-05-11 07:00:00,5571.21785482357,5432.333553135702,3917.518401410196
forecast_3128,2025-05-11 08:00:00,4268.091290519715,3410.785956270285,2888.0151264075894
forecast_3129,2025-05-11 09:00:00,2279.40871523371,1832.0317086974571,1209.3138433314389
forecast_3130,2025-05-11 10:00:00,822.0706393992784,776.7402524159413,739.1905853134989
forecast_3131,2025-05-11 11:00:00,820.3664669268858,784.7771980503911,627.1166273878034
forecast_3132,2025-05-11 12:00:00,873.8420963929627,781.2508432050915,937.6517948143235
forecast_3133,2025-05-11 13:00:00,1069.8052163825657,1130.0471241388288,849.4458566492427
forecast_3134,2025-05-11 14:00:00,2859.0734917379837,2350.002309364452,1615.2056856110178
forecast_3135,2025-05-11 15:00:00,3247.36990323972,3245.0791606741045,2614.758995279909
forecast_3136,2025-05-11 16:00:00,3653.178877945869,3156.609112400921,3136.4439753588326
forecast_3137,2025-05-11 17:00:00,5489.887950987115,4520.812709899891,3186.3116127351186
forecast_3138,2025-05-11 18:00:00,4966.225688930333,4124.49743692708,3000.187166015818
forecast_3139,2025-05-11 19:00:00,5336.5993031394,5275.106437806613,3840.295029398535
forecast_3140,2025-05-11 20:00:00,6456.6222119000295,7017.6542090538915,6407.552765676371
forecast_3141,2025-05-11 21:00:00,10150.862162564092,9844.613049502326,8729.076413648498
forecast_3142,2025-05-11 22:00:00,12178.663140210778,12652.410312429764,10636.983794599746
forecast_3143,2025-05-11 23:00:00,14390.342135770967,13410.425504538478,11649.066638560605
forecast_3144,2025-05-12 00:00:00,15085.466141817442,15395.953460426412,13367.165597942858
forecast_3145,2025-05-12 01:00:00,12837.589760277298,13936.609982809729,10950.509568195008
forecast_3146,2025-05-12 02:00:00,13526.605449228713,14524.767833304833,11406.75456256001
forecast_3147,2025-05-12 03:00:00,14337.17907059214,15156.648390103228,12048.398630105767
forecast_3148,2025-05-12 04:00:00,15193.51206055267,14721.45899975205,12991.671496213567
forecast_3149,2025-05-12 05:00:00,15707.612075212659,15218.942055400285,14013.195861155844
forecast_3150,2025-05-12 06:00:00,14048.412076230597,13545.73972755069,11471.542028770567
forecast_3151,2025-05-12 07:00:00,12879.51394022316,11837.28671762161,10701.684821325245
forecast_3152,2025-05-12 08:00:00,10687.810721505102,10409.842022680243,9091.193052962912
forecast_3153,2025-05-12 09:00:00,11399.979019742168,11009.023946415753,8669.487026416664
forecast_3154,2025-05-12 10:00:00,11126.729911751594,9994.498049382342,7252.852163100165
forecast_3155,2025-05-12 11:00:00,10052.38232180819,8899.748718985207,6063.123445516678
forecast_3156,2025-05-12 12:00:00,10158.19841976824,8764.077832770703,7585.975946682359
forecast_3157,2025-05-12 13:00:00,9671.723428301639,9123.634038854212,8076.3502499806045
forecast_3158,2025-05-12 14:00:00,9223.532414578443,8718.575308448964,6970.561672593961
forecast_3159,2025-05-12 15:00:00,8981.09022581292,7892.933087376339,6637.80015348206
forecast_3160,2025-05-12 16:00:00,9055.208768160088,8175.540491612435,6973.6331824431145
forecast_3161,2025-05-12 17:00:00,9776.193071960794,9111.949658578122,7242.261967770029
forecast_3162,2025-05-12 18:00:00,9882.069255501272,9898.6915417954,7715.7235274522545
forecast_3163,2025-05-12 19:00:00,12092.880991731567,11126.72761553002,9918.950005330073
forecast_3164,2025-05-12 20:00:00,14888.11580596466,13890.34293500427,12599.286818963405
forecast_3165,2025-05-12 21:00:00,15434.944737569076,15275.850979164295,13575.068406997205
forecast_3166,2025-05-12 22:00:00,16742.19331919129,16811.56497006383,14199.126802812585
forecast_3167,2025-05-12 23:00:00,16782.642247911648,16336.703937633838,14448.7030141191
forecast_3168,2025-05-13 00:00:00,16683.24867752785,16800.028618832795,14764.156896988656
forecast_3169,2025-05-13 01:00:00,20076.381267734992,18349.082637348776,16702.360966190114
forecast_3170,2025-05-13 02:00:00,20168.644926349374,18470.280678746134,17060.688897927328
forecast_3171,2025-05-13 03:00:00,20055.113177806503,18323.24810352131,16500.178820450943
forecast_3172,2025-05-13 04:00:00,19338.29133721704,18143.98681392992,15577.917436634405
forecast_3173,2025-05-13 05:00:00,19144.35595543942,18288.813854951033,15859.346594640776
forecast_3174,2025-05-13 06:00:00,18664.3900039178,18016.01054954595,15292.911381197782
forecast_3175,2025-05-13 07:00:00,18069.015049919577,17202.622497570377,14682.95435737613
forecast_3176,2025-05-13 08:00:00,15899.726153389794,16433.70138565443,14145.50867703805
forecast_3177,2025-05-13 09:00:00,15107.255633873197,15512.650601819307,13467.41342191565
forecast_3178,2025-05-13 10:00:00,14334.619290375354,15086.79855023351,13293.762385914064
forecast_3179,2025-05-13 11:00:00,14361.816369302971,14944.669246753427,13565.96291249478
forecast_3180,2025-05-13 12:00:00,13985.686414091751,14474.877954780748,13505.4649370736
forecast_3181,2025-05-13 13:00:00,13657.7985803398,14625.789005875478,13502.55724414356
forecast_3182,2025-05-13 14:00:00,13358.855805956755,14528.153778398868,12823.82270751435
forecast_3183,2025-05-13 15:00:00,13300.719309561213,14318.796131205987,12451.91599511656
forecast_3184,2025-05-13 16:00:00,13569.63109048384,14394.888486641958,12317.189559238483
forecast_3185,2025-05-13 17:00:00,13763.017421611983,14793.010583264082,12507.554063892303
forecast_3186,2025-05-13 18:00:00,13518.211015554374,14578.990108556418,12498.904561247891
forecast_3187,2025-05-13 19:00:00,14520.697070348557,15362.43610767976,14261.27775503321
forecast_3188,2025-05-13 20:00:00,17459.16689411381,17018.22722415125,15623.956813237162
forecast_3189,2025-05-13 21:00:00,17473.26531965612,16653.49631889154,15746.618512644407
forecast_3190,2025-05-13 22:00:00,19235.627966623397,18223.795890617363,16353.408496731645
forecast_3191,2025-05-13 23:00:00,18903.052485937875,18349.27120647211,15837.948273576525
forecast_3192,2025-05-14 00:00:00,19044.337139659903,18182.93048580335,15989.549934345676
forecast_3193,2025-05-14 01:00:00,19473.716583419362,18860.793846756667,16171.47637608567
forecast_3194,2025-05-14 02:00:00,20009.46321330412,18729.116864762567,16364.849475130355
forecast_3195,2025-05-14 03:00:00,19925.50989312152,18775.213537808486,16311.622541295665
forecast_3196,2025-05-14 04:00:00,19242.846873368373,18837.7816459406,15747.92013569004
forecast_3197,2025-05-14 05:00:00,19569.40539884055,18757.59011288299,15206.919868411143
forecast_3198,2025-05-14 06:00:00,19019.75126589914,17513.610389043577,14642.51623947767
forecast_3199,2025-05-14 07:00:00,16153.877401564092,14990.572688903994,10165.129152706233
forecast_3200,2025-05-14 08:00:00,13070.463809634664,11536.551333547332,7670.852332282599
forecast_3201,2025-05-14 09:00:00,9256.115038165608,8972.359478081715,6531.688702856327
forecast_3202,2025-05-14 10:00:00,6731.922793622556,6791.972597337704,6524.7570928699
forecast_3203,2025-05-14 11:00:00,5567.681132828454,5363.623402733085,5344.7319925632
forecast_3204,2025-05-14 12:00:00,5742.409169956108,5036.802676307574,4691.348831767978
forecast_3205,2025-05-14 13:00:00,5150.731389251731,4336.348442938734,4565.626822697189
forecast_3206,2025-05-14 14:00:00,4813.460528634341,4673.0453355926675,4398.918833174727
forecast_3207,2025-05-14 15:00:00,5077.920700224941,4869.188614192619,4233.523244983669
forecast_3208,2025-05-14 16:00:00,5103.327506212459,5244.543597490967,3636.128805537192
forecast_3209,2025-05-14 17:00:00,5373.824321045756,5867.923676848957,4109.303478579994
forecast_3210,2025-05-14 18:00:00,6883.342329366414,7245.388435332453,4906.28048676018
forecast_3211,2025-05-14 19:00:00,7968.432324268564,9043.476890398646,5645.765723895594
forecast_3212,2025-05-14 20:00:00,8279.910123816806,9124.358861205385,5650.234732211906
forecast_3213,2025-05-14 21:00:00,7917.824498656573,8607.639525182742,5890.197449174185
forecast_3214,2025-05-14 22:00:00,10026.869414812789,10778.670639486743,6478.9829252213685
forecast_3215,2025-05-14 23:00:00,8993.256827435236,9562.952615337545,5869.136237992227
forecast_3216,2025-05-15 00:00:00,9349.673206210151,10359.983911578149,6679.269324240553
forecast_3217,2025-05-15 01:00:00,10733.834932306696,12073.304071379931,8788.537139185242
forecast_3218,2025-05-15 02:00:00,10835.666016156172,12283.460445922983,9153.518639993472
forecast_3219,2025-05-15 03:00:00,10095.52721042611,11976.821248857092,8357.812220472408
forecast_3220,2025-05-15 04:00:00,11671.04648871372,14283.411853482015,10557.146424259141
forecast_3221,2025-05-15 05:00:00,12387.714613982529,13968.566808334152,11348.294868159039
forecast_3222,2025-05-15 06:00:00,13542.486877655077,15440.882314054912,11790.1646548903
forecast_3223,2025-05-15 07:00:00,16381.141442367227,17287.05186429757,14061.273705750873
forecast_3224,2025-05-15 08:00:00,17586.606767584595,18106.05341722763,15813.47209817028
forecast_3225,2025-05-15 09:00:00,17005.75364165746,17959.754787788846,14772.188838334001
forecast_3226,2025-05-15 10:00:00,17221.75508785107,17286.20775701455,14833.915570785644
forecast_3227,2025-05-15 11:00:00,15240.826760102642,15439.332806919418,13430.619451860564
forecast_3228,2025-05-15 12:00:00,15047.037106119471,15157.504626714863,13796.57537825993
forecast_3229,2025-05-15 13:00:00,17231.072737964656,17020.052397002564,15527.748375335186
forecast_3230,2025-05-15 14:00:00,18100.81086658367,17970.335182330557,16766.59289930388
forecast_3231,2025-05-15 15:00:00,17167.16646599171,17139.311602690643,16459.52228683678
forecast_3232,2025-05-15 16:00:00,15617.504671182678,15969.624357618144,14298.666089663016
forecast_3233,2025-05-15 17:00:00,15268.942232906807,15011.468778447825,14244.006948322867
forecast_3234,2025-05-15 18:00:00,16356.821931363715,15979.733766766894,14934.67079520935
forecast_3235,2025-05-15 19:00:00,16546.173645669594,16364.144992083415,15043.334585883358
forecast_3236,2025-05-15 20:00:00,16555.73128874557,16522.728188410045,14278.372185578304
forecast_3237,2025-05-15 21:00:00,16397.957839355444,16319.154479801173,14041.083694506557
forecast_3238,2025-05-15 22:00:00,16630.18622421023,16685.681855805356,15180.681689662651
forecast_3239,2025-05-15 23:00:00,16332.279691213784,16454.932887025596,15056.419642981322
forecast_3240,2025-05-16 00:00:00,16046.947588567158,15931.673226249415,14860.025197840658
forecast_3241,2025-05-16 01:00:00,16588.30853856475,16298.112473123174,14567.021583683352
forecast_3242,2025-05-16 02:00:00,17011.00046379949,16592.064428770456,14018.027018838024
forecast_3243,2025-05-16 03:00:00,17294.87707255624,16699.24244009271,14015.742422750109
forecast_3244,2025-05-16 04:00:00,17128.940299316357,16059.755904329359,14206.7761349544
forecast_3245,2025-05-16 05:00:00,16572.511969515417,15691.241595755027,13982.425678311414
forecast_3246,2025-05-16 06:00:00,15716.432698558383,15461.929613070193,14143.713684148579
forecast_3247,2025-05-16 07:00:00,14610.689379945594,14377.17810735568,13962.970424150653
forecast_3248,2025-05-16 08:00:00,14757.324726109324,14327.677014404442,13524.934726894257
forecast_3249,2025-05-16 09:00:00,13700.861506833535,14191.809392571775,13178.09162345288
forecast_3250,2025-05-16 10:00:00,11366.282409537827,13071.600168732042,12221.903283819744
forecast_3251,2025-05-16 11:00:00,10042.622997730341,9801.994837095015,9535.414810158423
forecast_3252,2025-05-16 12:00:00,9393.429970946638,9576.80405303204,9561.912343148862
forecast_3253,2025-05-16 13:00:00,8126.621592888234,7247.246833383795,6834.503161871839
forecast_3254,2025-05-16 14:00:00,7632.239027409181,6725.003211379777,6901.605905576913
forecast_3255,2025-05-16 15:00:00,6873.5458800942315,6740.831505942028,5641.422354444671
forecast_3256,2025-05-16 16:00:00,6823.4525878685,7512.244967957142,6067.99924868437
forecast_3257,2025-05-16 17:00:00,6141.03262195778,7546.013077628693,4964.356524296841
forecast_3258,2025-05-16 18:00:00,4827.266142237506,5725.238698823234,3647.445024808722
forecast_3259,2025-05-16 19:00:00,5224.910031593406,5389.201545676565,3461.614232983714
forecast_3260,2025-05-16 20:00:00,4724.076091882664,4914.511360003117,2831.5487845432785
forecast_3261,2025-05-16 21:00:00,4034.009872040471,3948.314129962941,2526.6548773211125
forecast_3262,2025-05-16 22:00:00,3319.2016227457207,2736.7327872173973,1498.04450350037
forecast_3263,2025-05-16 23:00:00,4369.511878290476,4366.817815966817,2259.0903927361337
forecast_3264,2025-05-17 00:00:00,3208.1933122603996,2971.270970369099,1359.6707936436671
forecast_3265,2025-05-17 01:00:00,5124.764523204214,4269.817520538245,1635.6260649609835
forecast_3266,2025-05-17 02:00:00,4040.545188855576,3927.4230827652996,2030.4466006925368
forecast_3267,2025-05-17 03:00:00,4914.533330718844,4514.353005161128,2683.799313403815
forecast_3268,2025-05-17 04:00:00,3987.586359208272,3719.3759920370894,2491.155808291689
forecast_3269,2025-05-17 05:00:00,2419.566391501651,2781.567838069482,1213.0012964428586
forecast_3270,2025-05-17 06:00:00,2213.6015581124075,2453.969122685752,1116.615772316521
forecast_3271,2025-05-17 07:00:00,1503.8609187068805,1492.2290322435824,830.2860936620827
forecast_3272,2025-05-17 08:00:00,2451.022804148452,2500.4400935200074,1113.453275922228
forecast_3273,2025-05-17 09:00:00,3906.6666938202125,3648.729438171604,2684.856631428217
forecast_3274,2025-05-17 10:00:00,4418.516641090221,4653.733382644201,2302.738766671971
forecast_3275,2025-05-17 11:00:00,4545.611029984947,4740.956813236578,3273.665853283322
forecast_3276,2025-05-17 12:00:00,4640.86403222636,4488.614753858477,4498.405572737796
forecast_3277,2025-05-17 13:00:00,7126.943437177439,7090.420981080598,7185.7088790442485
forecast_3278,2025-05-17 14:00:00,9876.804217633608,9248.100782860021,10330.924440435809
forecast_3279,2025-05-17 15:00:00,11047.800691087223,11767.2356870108,10757.253466642474
forecast_3280,2025-05-17 16:00:00,13585.10828332222,12746.442392716033,12032.726886199875
forecast_3281,2025-05-17 17:00:00,17641.255862751725,17803.781146838483,14749.600538749743
forecast_3282,2025-05-17 18:00:00,18963.86657411586,18885.65838309349,16584.751826481708
forecast_3283,2025-05-17 19:00:00,18870.832022639017,18837.667073029643,16677.477759217294
forecast_3284,2025-05-17 20:00:00,19340.525351557357,18800.724205795217,16124.483893442817
forecast_3285,2025-05-17 21:00:00,19442.001052560438,18825.911710669752,16382.247327433937
forecast_3286,2025-05-17 22:00:00,19780.930991423073,19159.011090979257,17003.0918013567
forecast_3287,2025-05-17 23:00:00,20039.175112143344,19097.109895285164,16348.799821109156
forecast_3288,2025-05-18 00:00:00,19856.311857297846,18315.72930939598,14088.733131135341
forecast_3289,2025-05-18 01:00:00,18914.225337593947,18055.896495076002,14362.047787788606
forecast_3290,2025-05-18 02:00:00,17650.461554443304,17275.711150325074,13067.482288476336
forecast_3291,2025-05-18 03:00:00,15137.721213239445,14459.641043462618,10148.178935920187
forecast_3292,2025-05-18 04:00:00,13496.67394467563,13531.494057572012,9239.960955492188
forecast_3293,2025-05-18 05:00:00,12869.79315666302,12705.836652206332,8891.015512271606
forecast_3294,2025-05-18 06:00:00,9341.891450204655,8854.306772111837,5178.244560003789
forecast_3295,2025-05-18 07:00:00,4210.486002054387,3290.717924183726,1781.3490555498845
forecast_3296,2025-05-18 08:00:00,1494.5669151970767,1276.5808439512293,778.2533441978314
forecast_3297,2025-05-18 09:00:00,977.8840375126348,729.0706188823257,419.1677149602176
forecast_3298,2025-05-18 10:00:00,506.6758384523349,347.0644150494747,297.0029149201346
forecast_3299,2025-05-18 11:00:00,1236.3354984461616,800.0762910804518,601.957276547691
forecast_3300,2025-05-18 12:00:00,2226.2035246571927,1941.0514615800332,1142.3991624011678
forecast_3301,2025-05-18 13:00:00,4048.7778520964484,2971.524006416175,1911.2124304052427
forecast_3302,2025-05-18 14:00:00,4320.707252917104,3363.4483739498264,2849.147446896939
forecast_3303,2025-05-18 15:00:00,6098.262942070253,4934.596766964824,3492.8069206640457
forecast_3304,2025-05-18 16:00:00,5565.424449908332,4481.131037055572,4016.7355156898147
forecast_3305,2025-05-18 17:00:00,7080.817788057947,5714.4912792819405,6066.085690185601
forecast_3306,2025-05-18 18:00:00,8043.02043276951,6940.762748443511,7098.1108297218025
forecast_3307,2025-05-18 19:00:00,9716.536839022188,8316.44347700599,8615.485629689345
forecast_3308,2025-05-18 20:00:00,12461.482368993746,11548.990857483544,12057.371806960986
forecast_3309,2025-05-18 21:00:00,12832.877220583718,12515.61520465656,12503.922047003278
forecast_3310,2025-05-18 22:00:00,13646.54873960249,13203.766255751627,11516.572783223024
forecast_3311,2025-05-18 23:00:00,13994.833617810222,13012.268382726697,10617.967262145736
forecast_3312,2025-05-19 00:00:00,13892.061012288306,12776.28061660978,10161.109703835731
forecast_3313,2025-05-19 01:00:00,10359.515988604344,12147.58242615222,7520.796820595505
forecast_3314,2025-05-19 02:00:00,9734.518867327963,10126.718053093413,6354.310089956477
forecast_3315,2025-05-19 03:00:00,8689.945299749832,8919.953189038293,5378.9191818631
forecast_3316,2025-05-19 04:00:00,7971.77469914719,8055.643569744685,4767.229609558524
forecast_3317,2025-05-19 05:00:00,8051.908320222453,7676.140412792998,4868.785006526186
forecast_3318,2025-05-19 06:00:00,9004.386325811653,10189.16940222757,5972.7662207341655
forecast_3319,2025-05-19 07:00:00,9174.924891523398,10977.862758186635,6348.799518428243
forecast_3320,2025-05-19 08:00:00,10507.603568855753,11451.874174272192,8766.014184624815
forecast_3321,2025-05-19 09:00:00,11251.941127106275,13044.710418717035,11367.994689205987
forecast_3322,2025-05-19 10:00:00,11981.55468848722,13778.148730246943,12115.967304828027
forecast_3323,2025-05-19 11:00:00,14331.655929355122,15025.98701370803,13754.52518089699
forecast_3324,2025-05-19 12:00:00,16070.316885531312,16606.077556072018,15009.660490934608
forecast_3325,2025-05-19 13:00:00,17261.989395738277,17754.912816458214,15476.674081272293
forecast_3326,2025-05-19 14:00:00,17437.141164662833,18217.114270596783,15793.857421722343
forecast_3327,2025-05-19 15:00:00,17766.646316594448,18115.933632278575,16158.62880240713
forecast_3328,2025-05-19 16:00:00,17816.013639001983,18252.830211003038,16649.666866742165
forecast_3329,2025-05-19 17:00:00,17238.924956194474,17950.30887384647,16324.630929606767
forecast_3330,2025-05-19 18:00:00,18408.671372530698,17946.536630227627,16863.95198105822
forecast_3331,2025-05-19 19:00:00,18989.14124465239,18472.71908994879,16891.89178851956
forecast_3332,2025-05-19 20:00:00,19149.14922312363,18555.987982168408,15856.720940437615
forecast_3333,2025-05-19 21:00:00,19142.986550286827,18579.106078922236,15662.181439199348
forecast_3334,2025-05-19 22:00:00,18595.88573475432,18472.532053274037,14977.883936563572
forecast_3335,2025-05-19 23:00:00,18407.377344014592,17981.616892851598,14576.077385836841
forecast_3336,2025-05-20 00:00:00,18311.428663575083,17847.490610138277,15110.8503719037
forecast_3337,2025-05-20 01:00:00,19166.344191379263,18473.330387163427,16861.624767967016
forecast_3338,2025-05-20 02:00:00,19085.153721000155,18496.383413154796,17042.87366259899
forecast_3339,2025-05-20 03:00:00,18733.07432277118,18451.838387992026,16620.401491640412
forecast_3340,2025-05-20 04:00:00,19052.916718465938,18661.0325337078,16923.23529876935
forecast_3341,2025-05-20 05:00:00,19025.58751930844,18602.148340604082,17066.378109010588
forecast_3342,2025-05-20 06:00:00,19149.45120979709,18221.21469263704,16537.294184326674
forecast_3343,2025-05-20 07:00:00,18664.55543498114,17965.68250931231,16395.295873522853
forecast_3344,2025-05-20 08:00:00,18256.71608244698,17834.068373920243,16191.407892681327
forecast_3345,2025-05-20 09:00:00,18098.529802532106,17397.445124479396,15954.30103721724
forecast_3346,2025-05-20 10:00:00,16049.588493577463,15246.611438927037,14284.661478265276
forecast_3347,2025-05-20 11:00:00,13408.125284157954,12942.415365158531,12046.831492067211
forecast_3348,2025-05-20 12:00:00,12209.4992053832,12503.575741247554,12152.97703358477
forecast_3349,2025-05-20 13:00:00,12485.655226341765,12568.214591264728,12558.420454376048
forecast_3350,2025-05-20 14:00:00,13456.070817852873,13954.390483291738,13523.079622149464
forecast_3351,2025-05-20 15:00:00,15047.849545448778,14859.661684205232,14065.01025550771
forecast_3352,2025-05-20 16:00:00,16374.277474836721,15784.558300013972,15665.196945181551
forecast_3353,2025-05-20 17:00:00,16645.34579145914,16381.168331245584,16381.757968953254
forecast_3354,2025-05-20 18:00:00,15479.902722288594,15265.237516804333,15997.642946795744
forecast_3355,2025-05-20 19:00:00,15539.596287040891,15083.780378266507,15961.586284088473
forecast_3356,2025-05-20 20:00:00,15559.612376984316,15874.646356320498,16583.697858239386
forecast_3357,2025-05-20 21:00:00,15681.579711732385,16407.75594695742,16308.177059273856
forecast_3358,2025-05-20 22:00:00,15484.850260095456,16417.159730913267,15848.235560536135
forecast_3359,2025-05-20 23:00:00,15405.719015945471,16416.198017523166,15523.29311881696
forecast_3360,2025-05-21 00:00:00,15665.535265653692,16768.05560971229,15722.27381083124
forecast_3361,2025-05-21 01:00:00,16684.632695823624,16543.272942998203,14999.361312592162
forecast_3362,2025-05-21 02:00:00,16536.23632706319,16218.976463436506,14902.948018907133
forecast_3363,2025-05-21 03:00:00,16629.790664726333,15585.962891943082,14308.852208263199
forecast_3364,2025-05-21 04:00:00,15670.94614302106,13694.369907710608,11830.123369755796
forecast_3365,2025-05-21 05:00:00,12868.971383150762,12712.317184941996,11835.688182725506
forecast_3366,2025-05-21 06:00:00,9961.530759003805,9955.44641967572,8453.30132973998
forecast_3367,2025-05-21 07:00:00,4300.521182979872,4460.1826987043605,3284.879310799992
forecast_3368,2025-05-21 08:00:00,3278.026815595743,3796.088989312342,2998.9946850774227
forecast_3369,2025-05-21 09:00:00,2688.289680307895,2171.772316508892,1827.5191140542245
forecast_3370,2025-05-21 10:00:00,1642.2324670829416,1639.7213714824984,1206.192415937932
forecast_3371,2025-05-21 11:00:00,1150.11599805212,1277.7451170110025,655.9701063636525
forecast_3372,2025-05-21 12:00:00,1209.3000218922377,1516.2567535060673,918.3916319128449
forecast_3373,2025-05-21 13:00:00,1555.5892261093509,1604.9388093767138,1148.1117988637463
forecast_3374,2025-05-21 14:00:00,1931.0230707750281,1717.6376271800889,1783.5040454626921
forecast_3375,2025-05-21 15:00:00,1656.8295736603138,1552.9160504831307,1355.0638491288473
forecast_3376,2025-05-21 16:00:00,1069.2288371651825,1110.2986827584648,717.9631071608176
forecast_3377,2025-05-21 17:00:00,608.3545020607409,692.30241647178,508.22647006632013
forecast_3378,2025-05-21 18:00:00,503.48125745493127,753.3049171329379,565.3154427989604
forecast_3379,2025-05-21 19:00:00,875.6445248744117,1099.8986703219223,422.8236773751885
forecast_3380,2025-05-21 20:00:00,1321.1618560271768,1334.8902443768186,512.1605062935987
forecast_3381,2025-05-21 21:00:00,1257.1327916321713,1270.4375735212727,699.4790882028732
forecast_3382,2025-05-21 22:00:00,1438.6634659265583,1461.2874338999463,766.632943551913
forecast_3383,2025-05-21 23:00:00,1402.930032097475,1392.4394307330406,528.6163607798309
forecast_3384,2025-05-22 00:00:00,1350.0582342179487,1281.5062054141456,605.7666163343637
forecast_3385,2025-05-22 01:00:00,1232.4595568015952,1279.4908238458695,538.583540712543
forecast_3386,2025-05-22 02:00:00,1477.07949829401,1219.5477580058616,520.1005785600055
forecast_3387,2025-05-22 03:00:00,1565.4117256969146,1521.510271978429,858.3121611052856
forecast_3388,2025-05-22 04:00:00,1867.1823997040751,1819.3693126046055,827.4949998666475
forecast_3389,2025-05-22 05:00:00,1621.216220970412,1607.228129311846,681.4612347837951
forecast_3390,2025-05-22 06:00:00,1580.3888695369121,1430.3244486548997,657.7728163091735
forecast_3391,2025-05-22 07:00:00,1210.295567811697,1185.9095091405622,473.7343792488236
forecast_3392,2025-05-22 08:00:00,1301.5416524799316,1414.8501401797887,855.1683414688707
forecast_3393,2025-05-22 09:00:00,1622.19780135029,1829.380706965477,892.6230354790125
forecast_3394,2025-05-22 10:00:00,2413.4510085499946,2489.9117170399745,1534.180232544337
forecast_3395,2025-05-22 11:00:00,2539.457747632424,2910.0423951803573,1663.93108219172
forecast_3396,2025-05-22 12:00:00,2201.5481648539444,2966.1443191992225,1669.7732211137454
forecast_3397,2025-05-22 13:00:00,2216.699796535526,3128.9034947310265,1725.3341785595019
forecast_3398,2025-05-22 14:00:00,1856.8857026401295,2471.7119175520547,1347.4571684367306
forecast_3399,2025-05-22 15:00:00,1430.8806228610533,1799.5468517414188,1075.8266704912367
forecast_3400,2025-05-22 16:00:00,900.648493823224,1121.484742344291,744.4476126814094
forecast_3401,2025-05-22 17:00:00,495.27773109384725,688.1668198130299,291.5743748267053
forecast_3402,2025-05-22 18:00:00,441.2347577491528,650.714474783426,206.07868780874904
forecast_3403,2025-05-22 19:00:00,438.29659231481935,485.6477143096111,150.5813869655188
forecast_3404,2025-05-22 20:00:00,766.2359895190754,814.6302867667462,201.06268324642124
forecast_3405,2025-05-22 21:00:00,1353.2274273824873,1012.1906093343407,299.38364121179006
forecast_3406,2025-05-22 22:00:00,1980.605422263756,1761.9102431854615,470.92760317188896
forecast_3407,2025-05-22 23:00:00,2363.5139076029304,2089.706117554273,611.05249592714
forecast_3408,2025-05-23 00:00:00,1903.988389871672,1712.1986421864608,598.017877923761
forecast_3409,2025-05-23 01:00:00,3114.756641499359,2595.1024296525234,858.5360645300061
forecast_3410,2025-05-23 02:00:00,3324.299774132935,2488.7723217855646,841.9992031069972
forecast_3411,2025-05-23 03:00:00,2730.736583465333,2114.4825504350874,791.2972958118459
forecast_3412,2025-05-23 04:00:00,2980.4567469088915,2764.228094121462,1007.4538545562914
forecast_3413,2025-05-23 05:00:00,2819.2913331091777,2619.7411032519035,878.1082562629102
forecast_3414,2025-05-23 06:00:00,3081.251067698065,2433.0289590170155,880.1217596373095
forecast_3415,2025-05-23 07:00:00,2925.1323025429915,2416.5774951341305,859.8231242539289
forecast_3416,2025-05-23 08:00:00,2565.222537179937,2488.1551432669266,874.4379740742488
forecast_3417,2025-05-23 09:00:00,2326.6890681306277,2342.55351139023,919.3899625067642
forecast_3418,2025-05-23 10:00:00,2067.5622075179126,2044.707690340932,1069.124853591055
forecast_3419,2025-05-23 11:00:00,2041.8848085185202,1993.3889989723339,981.4132575887364
forecast_3420,2025-05-23 12:00:00,1873.9774141341966,1876.2218727982872,1027.0794933407087
forecast_3421,2025-05-23 13:00:00,1939.7594424562312,1864.02668317207,984.8656506553192
forecast_3422,2025-05-23 14:00:00,1879.0298751575413,1748.3027597719251,888.4287952764063
forecast_3423,2025-05-23 15:00:00,1596.6381374414661,1473.0863131253607,817.3334576439195
forecast_3424,2025-05-23 16:00:00,1386.0489286901743,1198.4634710338767,763.0144884801458
forecast_3425,2025-05-23 17:00:00,1602.091602803725,1513.7542878551724,917.0929050211466
forecast_3426,2025-05-23 18:00:00,2846.0099251842544,2528.2969890609324,1231.8862023280742
forecast_3427,2025-05-23 19:00:00,2846.969751305818,2686.158605110601,891.2225598160031
forecast_3428,2025-05-23 20:00:00,3156.8739099413224,2752.58316113642,907.1578317279183
forecast_3429,2025-05-23 21:00:00,4186.627940876458,4009.177809060167,1147.2824347433734
forecast_3430,2025-05-23 22:00:00,4398.700099331256,4151.5604652909715,1427.1815294619635
forecast_3431,2025-05-23 23:00:00,3978.7728711971463,3061.546299974491,1205.3729932940744
forecast_3432,2025-05-24 00:00:00,3255.2860125520765,2271.442533532957,801.5486745258103
forecast_3433,2025-05-24 01:00:00,5834.667353485456,5378.98862017897,1831.130270256009
forecast_3434,2025-05-24 02:00:00,5113.764984982601,4620.986825931838,1499.3944720721365
forecast_3435,2025-05-24 03:00:00,4820.278669467508,4726.203058021636,1581.184998043837
forecast_3436,2025-05-24 04:00:00,3924.648828277965,4023.7945895286284,1754.9480021856166
forecast_3437,2025-05-24 05:00:00,4324.790821431518,4356.118286966017,1600.5134763457017
forecast_3438,2025-05-24 06:00:00,4741.767698805117,4832.363042307283,2285.8336605393056
forecast_3439,2025-05-24 07:00:00,4738.582943740949,5198.270591287039,2313.5165881622506
forecast_3440,2025-05-24 08:00:00,4530.5005104477,5316.492355563937,2825.376591791339
forecast_3441,2025-05-24 09:00:00,3983.058396810511,4791.163355709027,2827.943398719966
forecast_3442,2025-05-24 10:00:00,3241.0525069692508,3618.927326008627,2657.582216506121
forecast_3443,2025-05-24 11:00:00,3001.3144490420746,3726.9645447972352,2432.8375597216013
forecast_3444,2025-05-24 12:00:00,2942.8681574724706,3725.447438678669,2570.133647801697
forecast_3445,2025-05-24 13:00:00,3057.941696886004,4288.20845239467,2922.8331463616864
forecast_3446,2025-05-24 14:00:00,2941.5430925953888,4255.282844425519,2636.8695356085827
forecast_3447,2025-05-24 15:00:00,3543.203401125309,4320.18309205375,3020.673058068988
forecast_3448,2025-05-24 16:00:00,4250.152562738721,4522.365420426584,3366.5721257656087
forecast_3449,2025-05-24 17:00:00,5343.190858835093,6544.958568329721,4192.914323002197
forecast_3450,2025-05-24 18:00:00,6276.4552852940205,7393.009812966072,5023.567159553964
forecast_3451,2025-05-24 19:00:00,5168.09082712694,6169.331414571335,4196.17993295557
forecast_3452,2025-05-24 20:00:00,4855.643462398147,5364.368201873685,3831.5681364124953
forecast_3453,2025-05-24 21:00:00,4815.635821666329,5387.850207260329,3281.678505766738
forecast_3454,2025-05-24 22:00:00,5110.803741457457,5614.071342898044,3397.5439545803165
forecast_3455,2025-05-24 23:00:00,5119.554214655473,5539.299203551047,3416.7743297605753
forecast_3456,2025-05-25 00:00:00,4732.595018801426,5307.355496334462,3205.3499510409747
forecast_3457,2025-05-25 01:00:00,4616.877959772056,4682.229607986067,2848.738371023928
forecast_3458,2025-05-25 02:00:00,3421.4992809372825,3470.7464184475907,2225.224190985707
forecast_3459,2025-05-25 03:00:00,2825.874663527994,3016.4507255383596,1508.557732757341
forecast_3460,2025-05-25 04:00:00,2391.447786919849,2362.810668966697,1147.957667167313
forecast_3461,2025-05-25 05:00:00,3207.9546241012804,2733.2243070013287,1238.1021319470274
forecast_3462,2025-05-25 06:00:00,3947.1168177825825,3741.9082349658092,1504.8021926084753
forecast_3463,2025-05-25 07:00:00,3726.5532996201964,3270.4786388183197,1491.5091499638838
forecast_3464,2025-05-25 08:00:00,2876.6798859846517,2662.8355114863984,1365.4800697378907
forecast_3465,2025-05-25 09:00:00,1043.8965937184712,1129.0215114743316,720.5305971586741
forecast_3466,2025-05-25 10:00:00,412.5165000696322,401.0330814428332,261.5420336313126
forecast_3467,2025-05-25 11:00:00,558.1766055465946,494.5548216666034,449.07939092696927
forecast_3468,2025-05-25 12:00:00,1433.6594237137597,1411.3122576190538,689.7348712530564
forecast_3469,2025-05-25 13:00:00,2497.8027396825382,1789.4907665171368,1199.815708560445
forecast_3470,2025-05-25 14:00:00,1721.8751825794213,1623.9687901685663,1092.0744996575534
forecast_3471,2025-05-25 15:00:00,1422.1118364734757,1441.3489637631185,941.595722718368
forecast_3472,2025-05-25 16:00:00,1556.5162496913554,1499.5392517351215,1091.6332134288216
forecast_3473,2025-05-25 17:00:00,1992.7982002355916,2017.5174965127055,941.4004890317186
forecast_3474,2025-05-25 18:00:00,2217.581930701952,2159.065504961171,1083.996032246455
forecast_3475,2025-05-25 19:00:00,3817.4887421708218,4194.677786808615,3120.989803700607
forecast_3476,2025-05-25 20:00:00,4952.5716870859815,5248.675675182205,3944.015054865743
forecast_3477,2025-05-25 21:00:00,4906.763793647794,4588.815758287103,3056.25640786372
forecast_3478,2025-05-25 22:00:00,7247.265121042224,7318.202816502114,5528.100618008528
forecast_3479,2025-05-25 23:00:00,7348.473445359321,7630.904913878295,5991.688342579477
forecast_3480,2025-05-26 00:00:00,7979.322604515807,7766.050268260515,5519.382584985404
forecast_3481,2025-05-26 01:00:00,8931.962889759601,9024.977927881697,7117.372327375062
forecast_3482,2025-05-26 02:00:00,8872.587049016647,8782.943027306424,5979.739832105695
forecast_3483,2025-05-26 03:00:00,7776.605334196072,7586.590371651598,4937.36588729589
forecast_3484,2025-05-26 04:00:00,6491.500454793686,6361.533232851219,4274.901722124713
forecast_3485,2025-05-26 05:00:00,5032.277319502159,3995.4260291419964,2393.994198683851
forecast_3486,2025-05-26 06:00:00,3313.057282837284,2556.785461138967,2031.814374681919
forecast_3487,2025-05-26 07:00:00,1360.0361686338333,879.2297514910069,726.9280815478761
forecast_3488,2025-05-26 08:00:00,477.17926416156666,303.324449272945,256.4933653447176
forecast_3489,2025-05-26 09:00:00,271.5871876464352,207.01191309489,107.3369269774218
forecast_3490,2025-05-26 10:00:00,175.47805806836138,196.65164919647881,137.4637622240285
forecast_3491,2025-05-26 11:00:00,116.60046313291178,141.39177696327334,113.14524654742452
forecast_3492,2025-05-26 12:00:00,128.04759907794093,196.20953911602084,151.8371249408979
forecast_3493,2025-05-26 13:00:00,350.9822316331471,407.1958315978946,382.7057570278812
forecast_3494,2025-05-26 14:00:00,777.3377050478553,936.8863427169549,545.3969013149832
forecast_3495,2025-05-26 15:00:00,590.3347540956543,663.8462311370491,437.80269350281117
forecast_3496,2025-05-26 16:00:00,484.677272440271,542.3563316641144,340.7776402625798
forecast_3497,2025-05-26 17:00:00,527.7259332203022,503.4884834351785,332.0016141338513
forecast_3498,2025-05-26 18:00:00,600.4773654630594,537.5574479874408,307.0659963827946
forecast_3499,2025-05-26 19:00:00,865.7871676014086,895.6517554057747,441.8549964304236
forecast_3500,2025-05-26 20:00:00,1371.9135703392,1418.9342939383146,566.1079484681536
forecast_3501,2025-05-26 21:00:00,1952.1589536912738,2466.1529249069977,1181.3894984334054
forecast_3502,2025-05-26 22:00:00,2920.897759587991,2809.5917984367816,1453.953920167259
forecast_3503,2025-05-26 23:00:00,3759.7079310083,3550.4206083268496,1938.8279573945256
forecast_3504,2025-05-27 00:00:00,4840.065758339328,5197.551697115695,2501.757366654455
forecast_3505,2025-05-27 01:00:00,4997.790489493332,5554.351000198594,2847.158573382484
forecast_3506,2025-05-27 02:00:00,6691.075264842524,6556.865100967877,3765.6399233370503
forecast_3507,2025-05-27 03:00:00,6553.633263971892,5927.303407502053,3514.5094523775024
forecast_3508,2025-05-27 04:00:00,4642.472791905187,5086.151969988263,2861.2843778142624
forecast_3509,2025-05-27 05:00:00,4033.573046953063,3823.6090140218616,3213.8531098557255
forecast_3510,2025-05-27 06:00:00,2857.9304906860675,1854.3956745775542,1826.6118485843324
forecast_3511,2025-05-27 07:00:00,1565.256750005473,1560.660119558729,937.1847526169392
forecast_3512,2025-05-27 08:00:00,777.6168323446901,896.7467354766228,486.06893702920564
forecast_3513,2025-05-27 09:00:00,351.0265926361042,286.2097334200581,198.49472438038399
forecast_3514,2025-05-27 10:00:00,585.8213251602324,340.2829199708363,215.14762506783154
forecast_3515,2025-05-27 11:00:00,220.01266601055556,220.8480653942159,132.47025597341357
forecast_3516,2025-05-27 12:00:00,191.26204034177925,318.72692373932693,233.39861936605885
forecast_3517,2025-05-27 13:00:00,220.8858133090989,293.906440331637,222.75385682978535
forecast_3518,2025-05-27 14:00:00,298.99935303260156,304.1827287585254,155.2510045208634
forecast_3519,2025-05-27 15:00:00,240.5224015349448,253.66773017432226,135.3667958466511
forecast_3520,2025-05-27 16:00:00,233.94316811317654,215.29560894183936,139.30998880222074
forecast_3521,2025-05-27 17:00:00,193.6594868434981,153.3658083673745,111.64747433041637
forecast_3522,2025-05-27 18:00:00,181.17259148069718,170.6771950760957,137.15994641953193
forecast_3523,2025-05-27 19:00:00,256.2230699114393,229.47573563611434,90.16406205339248
forecast_3524,2025-05-27 20:00:00,430.145298339279,441.8332038461244,152.0058745819596
forecast_3525,2025-05-27 21:00:00,864.9098157921721,759.3440594920288,433.25494936113984
forecast_3526,2025-05-27 22:00:00,1289.9047575121551,1030.9655848261007,671.6014272964406
forecast_3527,2025-05-27 23:00:00,2026.4127046915805,1746.8743375136887,1089.2737932788657
forecast_3528,2025-05-28 00:00:00,2188.0833810541008,1870.0084912430264,1038.3694171467862
forecast_3529,2025-05-28 01:00:00,4362.893824870256,4220.460035224934,2448.6210608904726
forecast_3530,2025-05-28 02:00:00,4660.90262993938,4715.577281861449,2893.5603501060373
forecast_3531,2025-05-28 03:00:00,5321.942203592329,5091.969041551754,3073.022628309405
forecast_3532,2025-05-28 04:00:00,5413.466286180868,4931.207145818273,3242.6142354289696
forecast_3533,2025-05-28 05:00:00,5713.685579633219,5275.082908385067,3185.1840632171097
forecast_3534,2025-05-28 06:00:00,3056.733709487837,2269.894600522955,1272.2051837854624
forecast_3535,2025-05-28 07:00:00,1132.3490768412119,1184.0021235043596,534.1427451237157
forecast_3536,2025-05-28 08:00:00,348.2974985232282,254.03815636112836,135.22477993517134
forecast_3537,2025-05-28 09:00:00,159.21221697657913,160.53364306600577,83.09020876722501
forecast_3538,2025-05-28 10:00:00,107.30016011231692,160.55226735012087,98.71698958732757
forecast_3539,2025-05-28 11:00:00,153.05665787644253,173.74107485958643,164.3202186703662
forecast_3540,2025-05-28 12:00:00,567.1823351786074,411.7924259166328,276.8015533344221
forecast_3541,2025-05-28 13:00:00,177.21416579589217,182.4804487389693,120.8070379041823
forecast_3542,2025-05-28 14:00:00,327.77200019406274,426.9086362357501,339.46178356210703
forecast_3543,2025-05-28 15:00:00,667.2971940598013,572.3179647443727,446.6288046532816
forecast_3544,2025-05-28 16:00:00,983.0988243501321,1203.0398506667595,682.5471049753344
forecast_3545,2025-05-28 17:00:00,738.2587937390558,489.588286997004,273.1889956247133
forecast_3546,2025-05-28 18:00:00,410.09716722695384,499.7611353442663,286.9427788676973
forecast_3547,2025-05-28 19:00:00,973.6047019590764,919.8234030063978,425.4755467310173
forecast_3548,2025-05-28 20:00:00,580.2971957470994,666.9279034660764,262.90743667504876
forecast_3549,2025-05-28 21:00:00,1586.979971191123,1109.8409046967597,602.0869819758854
forecast_3550,2025-05-28 22:00:00,1735.980795186476,1632.0092387802174,832.2882314380693
forecast_3551,2025-05-28 23:00:00,1959.8374755972734,1463.7406590676221,1317.8256922542373
forecast_3552,2025-05-29 00:00:00,1601.0912293441745,1340.8091575453936,892.6839056067113
forecast_3553,2025-05-29 01:00:00,760.6490113217058,830.3810174509355,670.287436014688
forecast_3554,2025-05-29 02:00:00,1438.8401109375316,1011.5227117050171,594.091659565252
forecast_3555,2025-05-29 03:00:00,1676.2720427771287,1296.97569484171,715.9072525975338
forecast_3556,2025-05-29 04:00:00,1529.8084795451878,1287.0691523553996,513.59885724587
forecast_3557,2025-05-29 05:00:00,1222.032673631414,998.6211570947969,361.37055472424544
forecast_3558,2025-05-29 06:00:00,738.688022081945,783.9716482635388,177.40865038441825
forecast_3559,2025-05-29 07:00:00,557.5461991267257,384.6439677516893,134.99886313019465
forecast_3560,2025-05-29 08:00:00,334.0761182623558,295.4971669345147,161.51185704671013
forecast_3561,2025-05-29 09:00:00,191.38420769141476,214.6198582576217,111.64244536167564
forecast_3562,2025-05-29 10:00:00,160.73923253664086,211.33645862509127,120.38485896075919
forecast_3563,2025-05-29 11:00:00,224.90021975487053,336.85415054669346,292.3144285555748
forecast_3564,2025-05-29 12:00:00,250.8576556611552,375.6830399278634,340.56937182535944
forecast_3565,2025-05-29 13:00:00,365.1656573376945,457.05665837295214,415.5598873387628
forecast_3566,2025-05-29 14:00:00,342.2577301744381,468.55166939937556,406.45587206395135
forecast_3567,2025-05-29 15:00:00,454.05472057976084,534.2416512931466,467.244032685547
forecast_3568,2025-05-29 16:00:00,654.6958021861741,742.0599464660036,639.2964763142492
forecast_3569,2025-05-29 17:00:00,854.660698105609,879.1241449174679,565.0398026110844
forecast_3570,2025-05-29 18:00:00,869.0645946047185,992.7099506910871,494.93698743294345
forecast_3571,2025-05-29 19:00:00,1374.8708147370403,1509.8195241782996,750.0724765970518
forecast_3572,2025-05-29 20:00:00,1717.2052014212643,1945.9703829954776,738.1562525841101
forecast_3573,2025-05-29 21:00:00,1568.7527070645804,1727.279468376676,630.6272612343259
forecast_3574,2025-05-29 22:00:00,1919.869041796332,2026.6757789551702,716.4790416429394
forecast_3575,2025-05-29 23:00:00,1671.878918159926,1704.193671974664,536.9396924981343
forecast_3576,2025-05-30 00:00:00,1596.8019226308932,1499.2210618370264,542.6567305397065
forecast_3577,2025-05-30 01:00:00,1283.1100097883523,1272.808895769022,433.8286761178058
forecast_3578,2025-05-30 02:00:00,1471.8831941279213,1391.6628449136147,537.4589841848469
forecast_3579,2025-05-30 03:00:00,1530.8813643967485,1770.4876317451417,651.0691703523515
forecast_3580,2025-05-30 04:00:00,1915.4911078058913,2109.702071106005,862.6651096970436
forecast_3581,2025-05-30 05:00:00,1906.9310908328375,2106.140981863247,850.3772690457008
forecast_3582,2025-05-30 06:00:00,1803.5614858947158,2415.02613955883,1032.9887056546713
forecast_3583,2025-05-30 07:00:00,2129.622711906874,2303.6594342462136,949.077561510814
forecast_3584,2025-05-30 08:00:00,1992.7672848992809,2150.5702209034166,1036.9082814501066
forecast_3585,2025-05-30 09:00:00,1625.8670754937689,1605.4876334411329,1019.8757619258054
forecast_3586,2025-05-30 10:00:00,1458.4498045152593,1705.3925594213595,1055.3241940152784
forecast_3587,2025-05-30 11:00:00,1369.47697073155,1524.5750318604796,1038.2507338706505
forecast_3588,2025-05-30 12:00:00,961.0902092705653,1241.256026765398,915.1006634931543
forecast_3589,2025-05-30 13:00:00,941.530662929274,1236.4856768420293,1034.770878231157
forecast_3590,2025-05-30 14:00:00,582.0564009307565,630.6498090973299,472.8170646509308
forecast_3591,2025-05-30 15:00:00,319.87281961593504,474.4303153464749,416.8364814855082
forecast_3592,2025-05-30 16:00:00,400.32467548971044,478.29883902613017,503.14900220957594
forecast_3593,2025-05-30 17:00:00,506.8052168751702,524.7482033463785,476.8316751178398
forecast_3594,2025-05-30 18:00:00,797.0585755360866,879.4013371524126,607.7724644110273
forecast_3595,2025-05-30 19:00:00,1355.0624745998423,1489.2905710547404,682.2954396808816
forecast_3596,2025-05-30 20:00:00,1763.409243276322,1809.2139325673452,788.2057488291462
forecast_3597,2025-05-30 21:00:00,1914.668281035657,2022.3621772407066,811.6629933448895
forecast_3598,2025-05-30 22:00:00,1804.0881800992313,1921.5385375776527,698.7274224009648
forecast_3599,2025-05-30 23:00:00,1766.561813863192,1824.0711073951077,660.7903458389494
forecast_3600,2025-05-31 00:00:00,1686.3557942118646,1660.08151023944,623.7354141694058
forecast_3601,2025-05-31 01:00:00,783.8492230289472,760.1715799351387,297.64482144359306
forecast_3602,2025-05-31 02:00:00,1051.8783733040145,856.0063780180683,431.0517628370087
forecast_3603,2025-05-31 03:00:00,1580.2221132501513,1384.66733487461,618.0436406445054
forecast_3604,2025-05-31 04:00:00,1809.7262184493557,1509.4266443019606,881.6094683549678
forecast_3605,2025-05-31 05:00:00,1764.7572020181112,1637.9109021277347,936.5757237861822
forecast_3606,2025-05-31 06:00:00,1623.438286799925,1728.113218958068,615.2037053002039
forecast_3607,2025-05-31 07:00:00,1609.287175076506,1804.068170648365,681.0736587817299
forecast_3608,2025-05-31 08:00:00,1640.8325306937227,1624.3262368870464,788.2705926939311
forecast_3609,2025-05-31 09:00:00,1002.2802046429002,1150.27966433024,524.0058231566297
forecast_3610,2025-05-31 10:00:00,891.3001334727941,924.265959846142,632.825291594558
forecast_3611,2025-05-31 11:00:00,972.8698951003074,1002.9141234011358,776.551419839675
forecast_3612,2025-05-31 12:00:00,1076.533194084696,1123.32972042786,858.1920437112873
forecast_3613,2025-05-31 13:00:00,1055.2744190521375,1172.2070023795457,919.5176267541024
forecast_3614,2025-05-31 14:00:00,1461.4445621133443,1204.049572762388,1088.5286751906333
forecast_3615,2025-05-31 15:00:00,1236.048792117501,1125.5199444676252,949.8707373439345
forecast_3616,2025-05-31 16:00:00,1097.3868326077713,1273.97752990728,792.2656608854538
forecast_3617,2025-05-31 17:00:00,1195.688960400832,1124.046835622175,679.6233793768731
forecast_3618,2025-05-31 18:00:00,1614.2840601374908,1761.6654881368374,757.3270233590661
forecast_3619,2025-05-31 19:00:00,1856.6664963947255,2146.481806152203,972.2244257338541
forecast_3620,2025-05-31 20:00:00,1712.7624127428996,1969.9174531038125,959.5744665240204
forecast_3621,2025-05-31 21:00:00,2004.5311881938671,2118.1501213812617,952.5640588745956
forecast_3622,2025-05-31 22:00:00,1717.9603483575631,1867.083222945826,805.9345083060753
forecast_3623,2025-05-31 23:00:00,2357.929210076234,2394.400384101175,1104.963927623627
forecast_3624,2025-06-01 00:00:00,1319.6396038155947,1121.4969533218382,421.34294430451297
forecast_3625,2025-06-01 01:00:00,1207.760061723574,1046.077343357432,475.4021129691364
forecast_3626,2025-06-01 02:00:00,1766.9249309543377,1534.1055654730508,578.2732710232733
forecast_3627,2025-06-01 03:00:00,2515.2213667152046,1539.197132738689,940.967633736946
forecast_3628,2025-06-01 04:00:00,2858.404047991745,1901.6380508086947,1506.1813226762642
forecast_3629,2025-06-01 05:00:00,2330.6761387237893,1647.4617282869397,936.9874085311247
forecast_3630,2025-06-01 06:00:00,1484.649446779515,1226.8013931086005,576.1181221949956
forecast_3631,2025-06-01 07:00:00,1267.7445883554701,1068.5407495358668,409.8220707491425
forecast_3632,2025-06-01 08:00:00,625.8144031857473,551.9304079051852,180.3961488471592
forecast_3633,2025-06-01 09:00:00,265.7941375351188,181.1311551797474,87.84057269366973
forecast_3634,2025-06-01 10:00:00,161.59301428556208,140.4172239240187,106.2252380203564
forecast_3635,2025-06-01 11:00:00,150.24567416548228,163.5854505075495,145.76102007976647
forecast_3636,2025-06-01 12:00:00,181.96471670859685,160.47255094674,155.55454363018438
forecast_3637,2025-06-01 13:00:00,202.0076655003013,232.80742667528196,244.5371990803789
forecast_3638,2025-06-01 14:00:00,194.7263111585315,222.87436217346342,159.95407758720893
forecast_3639,2025-06-01 15:00:00,462.2742381564301,376.1733747381071,222.68931139931283
forecast_3640,2025-06-01 16:00:00,106.87448272200342,148.00951433594582,101.00781431126032
forecast_3641,2025-06-01 17:00:00,185.72041501956454,159.71167511632873,151.62284508354418
forecast_3642,2025-06-01 18:00:00,850.530508501625,958.9150160053199,597.5644653033864
forecast_3643,2025-06-01 19:00:00,1877.9570284938131,2219.9597586839027,1352.1962363502976
forecast_3644,2025-06-01 20:00:00,3903.013350626753,4644.735941336037,2401.8888260698973
forecast_3645,2025-06-01 21:00:00,4507.377725584344,4750.451713354233,2395.47799555208
forecast_3646,2025-06-01 22:00:00,5616.518449113206,5778.608337394239,3684.5402248271575
forecast_3647,2025-06-01 23:00:00,4895.571393344752,4566.021737107696,2933.308585656347
forecast_3648,2025-06-02 00:00:00,5772.975665639031,5830.811899625288,4155.717526555919
forecast_3649,2025-06-02 01:00:00,4845.209057630826,4368.836682187945,2872.819306480927
forecast_3650,2025-06-02 02:00:00,4114.102282554369,3584.9281328608945,2555.4646276428516
forecast_3651,2025-06-02 03:00:00,5207.366602155033,4774.803196307086,3266.87825125841
forecast_3652,2025-06-02 04:00:00,2907.4577906691843,2504.4829398972497,1710.7224349677726
forecast_3653,2025-06-02 05:00:00,3298.1765715622046,2733.9705593322906,1822.6304007380272
forecast_3654,2025-06-02 06:00:00,1372.080026298547,802.8343777676563,822.4746559855533
forecast_3655,2025-06-02 07:00:00,844.2657992909445,662.2207432958019,506.8225249339428
forecast_3656,2025-06-02 08:00:00,774.3813251761542,622.0107139214743,397.5091449940558
forecast_3657,2025-06-02 09:00:00,953.9927775952953,801.3341286964597,417.4739187986221
forecast_3658,2025-06-02 10:00:00,709.2821656513215,760.1756653548044,417.1043950379042
forecast_3659,2025-06-02 11:00:00,733.3867274791484,857.169370601553,402.6369716493284
forecast_3660,2025-06-02 12:00:00,1116.2899047027724,1063.9302857821417,709.1887332678356
forecast_3661,2025-06-02 13:00:00,971.6448223969792,1005.3210161974828,698.2997724010579
forecast_3662,2025-06-02 14:00:00,1196.1003038771064,1312.829667090355,936.9488589930088
forecast_3663,2025-06-02 15:00:00,1844.7116377499028,2201.2104328136998,2079.8116874009297
forecast_3664,2025-06-02 16:00:00,2701.96590635136,2438.785628525399,2307.931749286646
forecast_3665,2025-06-02 17:00:00,3576.279970651587,2524.1102676709006,2848.974507241535
forecast_3666,2025-06-02 18:00:00,4795.532555545146,3914.747024083332,3299.5925423548033
forecast_3667,2025-06-02 19:00:00,4411.811273737806,3950.1875094468787,2514.2081195860956
forecast_3668,2025-06-02 20:00:00,2771.402013243198,2942.2651185235845,1948.9026623920793
forecast_3669,2025-06-02 21:00:00,2339.9428888225657,2266.0375792349387,1503.4309673810938
forecast_3670,2025-06-02 22:00:00,1999.9899960908829,2017.6850694201214,1266.6905069570241
forecast_3671,2025-06-02 23:00:00,1701.5197541780371,1641.5682633464255,1135.641698185926
forecast_3672,2025-06-03 00:00:00,1666.3332107145425,2023.2776337335918,951.1454622057598
forecast_3673,2025-06-03 01:00:00,1719.6993357191343,2056.5560729184085,1153.059473540447
forecast_3674,2025-06-03 02:00:00,1842.469760793099,1926.9436002881948,1013.9000999886031
forecast_3675,2025-06-03 03:00:00,2712.914354915227,3120.3354289025897,1553.928455850057
forecast_3676,2025-06-03 04:00:00,2021.004483529277,1970.4294358520563,1270.6051559556997
forecast_3677,2025-06-03 05:00:00,3394.2308704491134,2891.32725265518,1913.102577117868
forecast_3678,2025-06-03 06:00:00,3394.701769477623,2729.299575668235,1670.7559952808513
forecast_3679,2025-06-03 07:00:00,2300.9723558812743,2057.9890676609602,1171.8448383922469
forecast_3680,2025-06-03 08:00:00,1169.1272839180324,1041.527064318289,486.2931329812241
forecast_3681,2025-06-03 09:00:00,972.9918130747444,682.8335361016861,538.5448639631096
forecast_3682,2025-06-03 10:00:00,2041.9750205219682,1965.732827442594,1155.3704981509854
forecast_3683,2025-06-03 11:00:00,3508.8890503614784,2863.0152115534834,1794.1618227294673
forecast_3684,2025-06-03 12:00:00,6335.121187943977,5367.890766487612,3709.1488175736918
forecast_3685,2025-06-03 13:00:00,8502.203819233906,6434.982002544303,5254.071846858356
forecast_3686,2025-06-03 14:00:00,10559.156004351576,8465.842971868946,7825.858171651192
forecast_3687,2025-06-03 15:00:00,11234.698462382334,9685.239024928813,9240.147753181867
forecast_3688,2025-06-03 16:00:00,11635.74403321181,10474.486175057884,9468.022441078343
forecast_3689,2025-06-03 17:00:00,13094.918361991611,11942.793819921364,9940.675876682213
forecast_3690,2025-06-03 18:00:00,14655.600485126644,12949.810752946136,11461.74584913765
forecast_3691,2025-06-03 19:00:00,14447.642092907743,11905.312435603157,10732.614948465849
forecast_3692,2025-06-03 20:00:00,14661.23714335822,13156.152042144624,12430.703281896138
forecast_3693,2025-06-03 21:00:00,17265.588929313253,16644.885246805192,13166.707906033595
forecast_3694,2025-06-03 22:00:00,16465.026911138888,17017.75012215277,12622.149687394254
forecast_3695,2025-06-03 23:00:00,16366.0317778614,15629.926201581076,12090.09462606413
forecast_3696,2025-06-04 00:00:00,16080.793666804346,15812.100017535864,11724.73991894999
forecast_3697,2025-06-04 01:00:00,15102.523067761049,14104.203256297522,11007.166551331553
forecast_3698,2025-06-04 02:00:00,16861.448219326507,16530.819027469515,11509.21723870876
forecast_3699,2025-06-04 03:00:00,18204.058953980315,18460.852155136352,13838.265021386253
forecast_3700,2025-06-04 04:00:00,18589.174235043876,18582.79708010358,14280.683357087983
forecast_3701,2025-06-04 05:00:00,18106.363846284923,17214.441702068274,14372.428244634439
forecast_3702,2025-06-04 06:00:00,18699.14239091142,18555.567901467824,15458.031370528955
forecast_3703,2025-06-04 07:00:00,18872.580288731162,18872.905893688796,16093.76998828765
forecast_3704,2025-06-04 08:00:00,18580.128151443823,18797.71533353025,16328.435369314437
forecast_3705,2025-06-04 09:00:00,18569.163380656013,18627.30301064582,15157.079147366745
forecast_3706,2025-06-04 10:00:00,18462.03932168622,18449.73907231491,14222.333305181819
forecast_3707,2025-06-04 11:00:00,17936.548958702104,18288.804812717084,13966.122357871875
forecast_3708,2025-06-04 12:00:00,17529.69821349791,18154.666811770698,13273.967478489787
forecast_3709,2025-06-04 13:00:00,17033.422097576145,17409.88208867832,13148.366893432292
forecast_3710,2025-06-04 14:00:00,16042.30197850838,16755.774518841576,11851.138839772786
forecast_3711,2025-06-04 15:00:00,14979.422407804572,13672.545677708571,10656.126070765606
forecast_3712,2025-06-04 16:00:00,14614.482871864711,12237.28142140267,9633.42862315841
forecast_3713,2025-06-04 17:00:00,14434.827800881618,12150.317865549838,9805.187979733491
forecast_3714,2025-06-04 18:00:00,12568.969233330796,10092.320659809948,8359.750771342668
forecast_3715,2025-06-04 19:00:00,13461.89878559435,10873.85786702302,8836.130146398207
forecast_3716,2025-06-04 20:00:00,14871.675713289924,12437.494558348864,8761.407999731251
forecast_3717,2025-06-04 21:00:00,14319.5938791282,13306.61907402132,9438.184131849575
forecast_3718,2025-06-04 22:00:00,12047.71423785899,10384.699137061398,8171.308854885721
forecast_3719,2025-06-04 23:00:00,12363.58099057612,12734.388839700008,10006.305345369203
forecast_3720,2025-06-05 00:00:00,13739.542785092008,13751.099418940335,11164.143007399873
forecast_3721,2025-06-05 01:00:00,12178.342293179407,10463.452486144179,8797.2883181124
forecast_3722,2025-06-05 02:00:00,13743.675110682594,13156.93719382664,10561.322264187245
forecast_3723,2025-06-05 03:00:00,14079.20606570268,14492.415943550031,12209.279324467076
forecast_3724,2025-06-05 04:00:00,14672.25304608526,14936.95887358805,12506.664772661155
forecast_3725,2025-06-05 05:00:00,13649.078155193785,13940.225052839021,10805.254901578903
forecast_3726,2025-06-05 06:00:00,11231.473284628595,11876.682624476529,9159.1659957394
forecast_3727,2025-06-05 07:00:00,13269.441542186965,12963.613318786516,10338.685118756914
forecast_3728,2025-06-05 08:00:00,11834.522560668878,12364.050499768138,9639.085312115456
forecast_3729,2025-06-05 09:00:00,9791.514748436013,11334.102341024181,8106.763592702334
forecast_3730,2025-06-05 10:00:00,7307.756436771747,7246.184587900586,5412.857210898984
forecast_3731,2025-06-05 11:00:00,5664.1139863944245,4986.742808869522,3792.2182484262257
forecast_3732,2025-06-05 12:00:00,6301.530607861279,5894.523396452946,4511.393264676775
forecast_3733,2025-06-05 13:00:00,6124.884794082943,5572.89705012803,4189.665676581397
forecast_3734,2025-06-05 14:00:00,6434.683014879479,5675.059745645877,4606.214521276681
forecast_3735,2025-06-05 15:00:00,6927.712288450758,5956.815965726194,5101.754568807833
forecast_3736,2025-06-05 16:00:00,7883.455284297677,6721.908996262217,6381.706255247838
forecast_3737,2025-06-05 17:00:00,8565.721590949432,7928.071911172009,7982.525568537247
forecast_3738,2025-06-05 18:00:00,10798.36647626209,10210.34802723398,10553.741604174742
forecast_3739,2025-06-05 19:00:00,13484.469980003556,11955.609128776126,12120.068289231865
forecast_3740,2025-06-05 20:00:00,16116.624033741466,13881.876112323465,13883.007303719882
forecast_3741,2025-06-05 21:00:00,16555.49825096661,15242.652173862718,14201.034382111144
forecast_3742,2025-06-05 22:00:00,19046.5036271043,17030.134241685362,15536.80950970511
forecast_3743,2025-06-05 23:00:00,19285.120594229928,17285.177629227783,15957.918444643854
forecast_3744,2025-06-06 00:00:00,17819.765925572443,17176.85727803963,15848.34644804313
forecast_3745,2025-06-06 01:00:00,18424.276109541486,16575.813812253415,14559.062716056915
forecast_3746,2025-06-06 02:00:00,18523.141646480097,16637.242093982895,14635.737998318053
forecast_3747,2025-06-06 03:00:00,18416.74567623477,16909.33536340845,15134.89785823875
forecast_3748,2025-06-06 04:00:00,17604.182894331167,16775.104829219075,15614.569389394832
forecast_3749,2025-06-06 05:00:00,17907.254184832134,16733.851726040564,15762.196927513127
forecast_3750,2025-06-06 06:00:00,17742.863657236256,16198.675137854882,14934.37455618139
forecast_3751,2025-06-06 07:00:00,16802.41265946345,16214.915408780285,14401.273718351993
forecast_3752,2025-06-06 08:00:00,15603.983424130427,15817.615944294226,14236.475596279417
forecast_3753,2025-06-06 09:00:00,14144.873374995135,14926.345972921285,13346.842524871063
forecast_3754,2025-06-06 10:00:00,13518.977935826131,13659.200665536791,12887.952399877875
forecast_3755,2025-06-06 11:00:00,13209.440646812678,13521.377566269106,12251.55003354226
forecast_3756,2025-06-06 12:00:00,13067.745280171279,13547.642809912462,12784.083037421648
forecast_3757,2025-06-06 13:00:00,13116.449630649273,13563.65919172481,12695.130240426794
forecast_3758,2025-06-06 14:00:00,13537.092660564369,13818.368832133066,13235.47547516015
forecast_3759,2025-06-06 15:00:00,13617.38749131364,14018.73700995568,13412.37464818299
forecast_3760,2025-06-06 16:00:00,13982.243105278474,14214.204897361555,13538.098390853167
forecast_3761,2025-06-06 17:00:00,14005.533520109653,14008.818044926567,13319.513467177727
forecast_3762,2025-06-06 18:00:00,14663.655632850452,14442.795427587973,14820.237010346293
forecast_3763,2025-06-06 19:00:00,16634.9472838777,16668.28344568355,15818.908269885884
forecast_3764,2025-06-06 20:00:00,17181.586482794202,17308.17476616152,16062.631597332087
forecast_3765,2025-06-06 21:00:00,16564.541120909962,17134.55312032718,16307.722907548032
forecast_3766,2025-06-06 22:00:00,17553.151969444614,17723.696986992683,16351.218634938445
forecast_3767,2025-06-06 23:00:00,17235.765090765224,17423.523400520193,15330.131847653682
forecast_3768,2025-06-07 00:00:00,17549.44910907137,17336.05046499905,15859.943159781507
forecast_3769,2025-06-07 01:00:00,17445.778545959467,17028.12986972969,15475.303197913887
forecast_3770,2025-06-07 02:00:00,17679.82136504324,16640.747049545716,14417.132834732267
forecast_3771,2025-06-07 03:00:00,17837.692317367226,17191.616288678713,15335.103554015894
forecast_3772,2025-06-07 04:00:00,17443.597480996996,16955.984440676406,14732.450510494515
forecast_3773,2025-06-07 05:00:00,17927.957356622388,17480.041371054314,15052.535354621421
forecast_3774,2025-06-07 06:00:00,18080.593677578065,16995.087685697094,15164.670674912955
forecast_3775,2025-06-07 07:00:00,16235.110424122733,15701.284258437548,14518.499008655119
forecast_3776,2025-06-07 08:00:00,14562.608871017554,14569.753058063334,13741.425789548128
forecast_3777,2025-06-07 09:00:00,12165.41519236189,12081.556833058286,11343.80155728009
forecast_3778,2025-06-07 10:00:00,10728.956437187013,10320.781917916374,11116.284490063948
forecast_3779,2025-06-07 11:00:00,7623.173941078145,7618.215362956662,8122.377357307478
forecast_3780,2025-06-07 12:00:00,6702.731176602853,6395.56608459222,5481.973337328956
forecast_3781,2025-06-07 13:00:00,6943.650270069701,6681.153077402947,6150.557625637543
forecast_3782,2025-06-07 14:00:00,6288.417148799784,6529.5223746932415,6111.260312279148
forecast_3783,2025-06-07 15:00:00,6970.585839364165,7123.19952372824,6132.623502674384
forecast_3784,2025-06-07 16:00:00,6668.477266484929,6946.530470321631,5771.812335231665
forecast_3785,2025-06-07 17:00:00,6780.34336742312,7063.75842043204,6172.539503060047
forecast_3786,2025-06-07 18:00:00,7610.417466261981,8365.671122509002,6662.515820807323
forecast_3787,2025-06-07 19:00:00,9242.019638999807,9742.30477921738,7592.613471339061
forecast_3788,2025-06-07 20:00:00,10368.601981130681,10625.906764388117,8265.03338946027
forecast_3789,2025-06-07 21:00:00,12584.511423973427,13614.939727195931,11748.806288693082
forecast_3790,2025-06-07 22:00:00,13405.50041073466,13633.853025906072,12652.339002704372
forecast_3791,2025-06-07 23:00:00,13051.082488639318,13254.639203617451,10571.23271835015
forecast_3792,2025-06-08 00:00:00,13780.10653765664,13728.907771878605,11483.253946263936
forecast_3793,2025-06-08 01:00:00,11548.48739397555,12051.46596571277,9884.1665545633
forecast_3794,2025-06-08 02:00:00,11662.723124657374,12353.825922999908,9545.071799031442
forecast_3795,2025-06-08 03:00:00,11745.213835965955,12086.463797295191,9641.100330862595
forecast_3796,2025-06-08 04:00:00,11757.593335503027,12269.17132005821,9767.731689132377
forecast_3797,2025-06-08 05:00:00,11081.84510349567,11770.26439694216,7368.556544835359
forecast_3798,2025-06-08 06:00:00,7128.352768282627,7005.285416788975,4339.72119304928
forecast_3799,2025-06-08 07:00:00,4042.3890297442554,3147.820437521762,1827.9232395844872
forecast_3800,2025-06-08 08:00:00,1635.7012651107666,1640.0376646030634,948.9722264885779
forecast_3801,2025-06-08 09:00:00,973.2983370341962,751.0300098481774,543.404698274071
forecast_3802,2025-06-08 10:00:00,459.3967196226302,349.7762304365884,237.7462628899
forecast_3803,2025-06-08 11:00:00,119.968454073326,122.87834144696411,100.26769738635544
forecast_3804,2025-06-08 12:00:00,125.040614898012,156.16143244316768,113.63607527815898
forecast_3805,2025-06-08 13:00:00,187.3528068472637,169.93900079510902,186.45974100600776
forecast_3806,2025-06-08 14:00:00,202.5038940425402,201.1590782796414,124.28395644837659
forecast_3807,2025-06-08 15:00:00,140.41591904029553,144.27648845693997,109.49647210143635
forecast_3808,2025-06-08 16:00:00,154.81723027551405,145.9020321161147,118.22969685684507
forecast_3809,2025-06-08 17:00:00,298.603538821363,244.23971509650636,160.12571261321193
forecast_3810,2025-06-08 18:00:00,866.2482237583405,728.0777654434452,584.2692647877612
forecast_3811,2025-06-08 19:00:00,1274.180027089798,1412.3081330517396,722.3034122142217
forecast_3812,2025-06-08 20:00:00,1726.434035576867,1636.3877748467125,1062.8089009872301
forecast_3813,2025-06-08 21:00:00,2065.3677930322037,1761.9529106657255,1359.5952839315657
forecast_3814,2025-06-08 22:00:00,4162.617970888361,3976.063001943028,2145.2294152168715
forecast_3815,2025-06-08 23:00:00,6264.597860532427,6227.675994616721,4096.415739092449
forecast_3816,2025-06-09 00:00:00,9698.961596620407,9296.262592371124,7206.708041594133
forecast_3817,2025-06-09 01:00:00,9794.765488330422,9689.440422938464,7161.040458051532
forecast_3818,2025-06-09 02:00:00,9805.067015384246,9799.970289729577,7005.541390054416
forecast_3819,2025-06-09 03:00:00,8846.212751945723,8419.842655071692,5707.893827029955
forecast_3820,2025-06-09 04:00:00,7627.009128682617,6777.536664987274,4767.0959081059
forecast_3821,2025-06-09 05:00:00,6960.233187359979,6272.854717291859,4656.2408075414005
forecast_3822,2025-06-09 06:00:00,5606.03769519035,4718.322228914152,3717.805020805303
forecast_3823,2025-06-09 07:00:00,2749.0577995094654,1985.3527097977046,1295.203994670635
forecast_3824,2025-06-09 08:00:00,1196.485555816683,818.991374980461,584.4384876159077
forecast_3825,2025-06-09 09:00:00,489.9068092930397,402.26579807614416,228.5451161993316
forecast_3826,2025-06-09 10:00:00,519.7720003747385,504.65372028152603,358.04748056178164
forecast_3827,2025-06-09 11:00:00,595.4123123070992,690.4897205600826,394.53497912293557
forecast_3828,2025-06-09 12:00:00,755.3937805135797,744.0598221175909,490.60332147135586
forecast_3829,2025-06-09 13:00:00,948.945681130251,1067.289693524099,750.6510624492455
forecast_3830,2025-06-09 14:00:00,1263.5174931784538,1415.8307897537156,1315.600871063525
forecast_3831,2025-06-09 15:00:00,1387.2621071697586,1266.629819273828,1518.138464127399
forecast_3832,2025-06-09 16:00:00,2293.599971839574,1858.451909373109,1948.6983116607066
forecast_3833,2025-06-09 17:00:00,2412.6184993749043,2943.362907854987,2677.3072971910906
forecast_3834,2025-06-09 18:00:00,3092.024476260683,3640.319186051359,2797.306624659678
forecast_3835,2025-06-09 19:00:00,2516.435088754508,2828.6263389587016,1922.248066578483
forecast_3836,2025-06-09 20:00:00,2535.185872232168,3159.834025338894,1690.2353459783133
forecast_3837,2025-06-09 21:00:00,5449.648579856628,5915.618144114666,3734.0407670745703
forecast_3838,2025-06-09 22:00:00,8817.51785816708,9889.741787346036,6569.555271684703
forecast_3839,2025-06-09 23:00:00,9238.197309070267,10289.800943730019,7564.135531838141
forecast_3840,2025-06-10 00:00:00,7746.632436684394,9355.33842642702,6090.266917909473
forecast_3841,2025-06-10 01:00:00,13541.862627797957,13749.336858385148,9582.095567067194
forecast_3842,2025-06-10 02:00:00,14314.125171411293,14721.435468055308,12242.286322324453
forecast_3843,2025-06-10 03:00:00,15421.644629047063,15791.580043426922,14469.343687945007
forecast_3844,2025-06-10 04:00:00,15570.7860529634,15055.39838616476,13406.199621577054
forecast_3845,2025-06-10 05:00:00,16008.682605844826,15418.786175016494,14722.088710226824
forecast_3846,2025-06-10 06:00:00,14920.914118229333,14823.409632834311,12989.329075425709
forecast_3847,2025-06-10 07:00:00,12337.54167081584,12965.09571546514,9900.447990337396
forecast_3848,2025-06-10 08:00:00,11524.189914085979,11215.314546929263,8454.999569260659
forecast_3849,2025-06-10 09:00:00,8202.91140600132,8247.469169866423,5967.902355246561
forecast_3850,2025-06-10 10:00:00,5727.326808620944,6530.915416352308,3839.0340620063757
forecast_3851,2025-06-10 11:00:00,4554.799510888395,4308.3469617324445,3410.27992429789
forecast_3852,2025-06-10 12:00:00,4659.9454096069285,5033.2097824737,4286.693214068133
forecast_3853,2025-06-10 13:00:00,6319.218429765671,6502.013189303475,6673.625238154281
forecast_3854,2025-06-10 14:00:00,7372.004874899767,7562.147876873841,7479.805900130431
forecast_3855,2025-06-10 15:00:00,7968.955104698789,8402.24005368833,7647.74139830452
forecast_3856,2025-06-10 16:00:00,8899.526511519027,8060.444576108983,7387.3928886879285
forecast_3857,2025-06-10 17:00:00,10161.107082058412,9997.857776865127,8843.148614842734
forecast_3858,2025-06-10 18:00:00,10542.20513694396,10141.985154517231,8798.884726102846
forecast_3859,2025-06-10 19:00:00,10902.338420494025,10389.620215444265,8897.833205212391
forecast_3860,2025-06-10 20:00:00,12285.057346188234,11440.871405041813,10347.871338135808
forecast_3861,2025-06-10 21:00:00,13135.35931786126,12549.603654435206,11245.067228935148
forecast_3862,2025-06-10 22:00:00,14794.372752625395,14131.936871726448,11824.438929817787
forecast_3863,2025-06-10 23:00:00,16025.41875873037,14989.658832001418,12368.886096311455
forecast_3864,2025-06-11 00:00:00,15936.065484708028,14719.1978965994,12656.658066745156
forecast_3865,2025-06-11 01:00:00,12201.219940808325,12915.552091906991,10607.01977532782
forecast_3866,2025-06-11 02:00:00,12025.918949226412,12080.18111283342,9484.407324157279
forecast_3867,2025-06-11 03:00:00,11504.8748883726,12105.488398961592,9364.836292663684
forecast_3868,2025-06-11 04:00:00,12429.110354554241,12739.01283632949,9559.279026126866
forecast_3869,2025-06-11 05:00:00,13687.078332635423,13528.978740243878,9444.123941308697
forecast_3870,2025-06-11 06:00:00,13239.8777314028,12621.158059927693,8226.394745276131
forecast_3871,2025-06-11 07:00:00,12795.798976695945,12423.461965631524,8470.931140455985
forecast_3872,2025-06-11 08:00:00,9626.238986404556,9385.450291474213,6094.567915793435
forecast_3873,2025-06-11 09:00:00,8210.137619240077,6950.938941488874,4885.165198210237
forecast_3874,2025-06-11 10:00:00,7878.229362398736,6425.349513448514,4658.247079767521
forecast_3875,2025-06-11 11:00:00,7259.464983367083,6153.933926436265,4292.959200262418
forecast_3876,2025-06-11 12:00:00,7091.420413559176,5556.5626741788265,4321.37386361507
forecast_3877,2025-06-11 13:00:00,7396.805813327059,5755.901561626179,4689.39901933834
forecast_3878,2025-06-11 14:00:00,7886.460176737903,5832.831768220338,4721.295942946535
forecast_3879,2025-06-11 15:00:00,7637.264184666065,5543.9915493141425,4727.233077793691
forecast_3880,2025-06-11 16:00:00,6880.509107735154,5362.8150023714525,4224.912640963806
forecast_3881,2025-06-11 17:00:00,5967.718146373201,4553.751363909888,4015.115369168819
forecast_3882,2025-06-11 18:00:00,4131.791382755493,4190.895612805879,2881.425137441994
forecast_3883,2025-06-11 19:00:00,3931.660801410635,4216.787513413386,2922.6243062179724
forecast_3884,2025-06-11 20:00:00,4903.302422718994,4870.805425832437,3371.484729526269
forecast_3885,2025-06-11 21:00:00,5320.423121363477,5782.389320824401,3557.3122533270316
forecast_3886,2025-06-11 22:00:00,6716.194400845836,6526.876522865836,4187.487615550104
forecast_3887,2025-06-11 23:00:00,7050.388305401688,6772.185801601546,4167.67977539026
forecast_3888,2025-06-12 00:00:00,5886.496342531542,5250.774824697896,3328.0612083736146
forecast_3889,2025-06-12 01:00:00,5499.497776566806,4332.592418045369,3679.328339419093
forecast_3890,2025-06-12 02:00:00,5796.026637357642,4364.853400420376,3926.534301544802
forecast_3891,2025-06-12 03:00:00,3607.877457742331,2404.9284726135056,1687.905815911886
forecast_3892,2025-06-12 04:00:00,3357.322673155578,2170.769579174414,1867.1303225479992
forecast_3893,2025-06-12 05:00:00,2554.407749420993,1452.3172182617386,1299.6200161949905
forecast_3894,2025-06-12 06:00:00,604.9729026277001,560.8336091061351,408.01978360061923
forecast_3895,2025-06-12 07:00:00,555.4764420798521,524.4162677831976,138.30296939844936
forecast_3896,2025-06-12 08:00:00,424.9528440744705,413.43623099573017,165.2010913323414
forecast_3897,2025-06-12 09:00:00,214.90213998291165,193.81558265551817,89.53626241280661
forecast_3898,2025-06-12 10:00:00,162.19262296492852,162.6893784140698,104.25774883817374
forecast_3899,2025-06-12 11:00:00,108.87077098280827,117.57696874688952,87.86416823749252
forecast_3900,2025-06-12 12:00:00,103.15052720751149,117.38744626658192,86.10488186724818
forecast_3901,2025-06-12 13:00:00,118.56839004346747,126.33228918484564,95.82702887613036
forecast_3902,2025-06-12 14:00:00,118.38145481892451,132.3709996925228,92.30272137202518
forecast_3903,2025-06-12 15:00:00,128.55768876461283,138.8358182771297,104.08909427978476
forecast_3904,2025-06-12 16:00:00,223.6446312097375,266.8222158868702,157.67481429740474
forecast_3905,2025-06-12 17:00:00,297.99856988625015,398.93614335534687,226.16121198210186
forecast_3906,2025-06-12 18:00:00,473.5535447180041,675.6603906229667,260.8496094939207
forecast_3907,2025-06-12 19:00:00,786.4623391858826,911.2276318407053,414.705550197414
forecast_3908,2025-06-12 20:00:00,964.344947961209,1050.104229272008,482.9367254892971
forecast_3909,2025-06-12 21:00:00,939.5165129656414,1018.2948427524645,502.9853741194657
forecast_3910,2025-06-12 22:00:00,1294.6588511269854,1385.4302799593913,742.1736673061923
forecast_3911,2025-06-12 23:00:00,1417.9043213381276,1448.5223833776165,674.7061750622987
forecast_3912,2025-06-13 00:00:00,1586.3080133554874,1757.4285483515332,657.1379214323206
forecast_3913,2025-06-13 01:00:00,3511.9699382139643,3805.8000900030065,2079.8814011090344
forecast_3914,2025-06-13 02:00:00,5546.423502344532,5309.601722373608,3401.7030845023655
forecast_3915,2025-06-13 03:00:00,6810.112751831734,6855.526272053271,4050.4627967550905
forecast_3916,2025-06-13 04:00:00,4960.444121105575,4843.322855844043,2861.4436703108636
forecast_3917,2025-06-13 05:00:00,3858.234019068744,3181.0500760298687,2558.1448528009682
forecast_3918,2025-06-13 06:00:00,2212.695243899501,1572.7581884612825,1268.6071392925296
forecast_3919,2025-06-13 07:00:00,931.3630751518505,742.1533299687597,595.196365391375
forecast_3920,2025-06-13 08:00:00,363.0921611006626,257.05161790300974,124.75869376128938
forecast_3921,2025-06-13 09:00:00,502.6185594847824,363.5495827635036,200.31405032742663
forecast_3922,2025-06-13 10:00:00,468.022284643476,326.26481297835784,236.40006686110723
forecast_3923,2025-06-13 11:00:00,414.61497182228936,251.08771411369779,296.5180671324158
forecast_3924,2025-06-13 12:00:00,600.2638871488157,510.9975649895852,461.1974614825184
forecast_3925,2025-06-13 13:00:00,866.9149112580776,771.4614782621703,705.5612205832573
forecast_3926,2025-06-13 14:00:00,1131.4740201388838,1193.3171391291542,855.9513909661101
forecast_3927,2025-06-13 15:00:00,1402.3449419444696,1481.6063480204368,1561.6238465915085
forecast_3928,2025-06-13 16:00:00,1128.610673812861,1049.633826201803,1167.002085600797
forecast_3929,2025-06-13 17:00:00,1723.8503639535272,2111.0492397395515,1869.3451705583284
forecast_3930,2025-06-13 18:00:00,2369.540179108745,2237.5687820478133,2036.4963229844632
forecast_3931,2025-06-13 19:00:00,1599.8223979310512,2250.8943114787307,1185.983812910134
forecast_3932,2025-06-13 20:00:00,1867.3838162887837,2419.5534381383395,1548.0703655861007
forecast_3933,2025-06-13 21:00:00,3412.2431771928173,3086.705046382177,2534.0366498404424
forecast_3934,2025-06-13 22:00:00,4115.614425521795,3384.957186444173,2614.240465214371
forecast_3935,2025-06-13 23:00:00,3959.3627148842365,3876.070702530534,3206.629746174655
forecast_3936,2025-06-14 00:00:00,2843.1770803872714,3087.0126807974225,2128.9743842270586
forecast_3937,2025-06-14 01:00:00,8804.345153686252,10225.197708668753,7358.426108447821
forecast_3938,2025-06-14 02:00:00,8621.787499700851,10413.126834847726,7109.646022072694
forecast_3939,2025-06-14 03:00:00,8176.029257210026,9726.22470764957,5284.912573122504
forecast_3940,2025-06-14 04:00:00,6168.145659255571,7234.9509128794925,4135.980131746883
forecast_3941,2025-06-14 05:00:00,3918.5942657158544,5537.099775326999,3256.138637009387
forecast_3942,2025-06-14 06:00:00,4093.759668210234,4408.201677985482,1453.6083175013673
forecast_3943,2025-06-14 07:00:00,1646.52383581417,1369.433501875,578.5695148401627
forecast_3944,2025-06-14 08:00:00,529.3346933563234,399.12082342549655,113.514986713517
forecast_3945,2025-06-14 09:00:00,1360.5339776688925,912.977977077632,388.3493529089415
forecast_3946,2025-06-14 10:00:00,1122.347464624423,1312.9756958359599,702.2936599761206
forecast_3947,2025-06-14 11:00:00,805.6349940360635,968.317177992336,570.511248213171
forecast_3948,2025-06-14 12:00:00,931.8332316129364,1101.680759647075,557.9919018020591
forecast_3949,2025-06-14 13:00:00,733.3371252691643,849.2949456704432,462.3111859232709
forecast_3950,2025-06-14 14:00:00,947.9389911495169,1017.6839742558786,648.4931959639299
forecast_3951,2025-06-14 15:00:00,787.1582623049651,845.9316696762661,502.5847855988124
forecast_3952,2025-06-14 16:00:00,685.3369047636752,722.7282136438205,424.3635564885017
forecast_3953,2025-06-14 17:00:00,1071.5601805456065,1028.083043003588,617.0136275724825
forecast_3954,2025-06-14 18:00:00,1345.7064571406754,1230.3886915615867,655.8487632392397
forecast_3955,2025-06-14 19:00:00,1475.298700700465,1527.1710738738,750.8090882606122
forecast_3956,2025-06-14 20:00:00,1745.0791674359791,1559.8792643537001,719.9169944262846
forecast_3957,2025-06-14 21:00:00,1637.4814589478644,1517.0068721329847,735.604933332436
forecast_3958,2025-06-14 22:00:00,1341.2364381159014,1335.6299022810274,720.0054175101081
forecast_3959,2025-06-14 23:00:00,1351.1056677935221,1099.653062481414,819.064679826029
forecast_3960,2025-06-15 00:00:00,1301.4072333867155,841.3863350623525,720.1863627198405
forecast_3961,2025-06-15 01:00:00,6382.088848969809,5794.928929652278,4597.6011755953505
forecast_3962,2025-06-15 02:00:00,5757.416866502406,5125.435874352915,3949.64362781484
forecast_3963,2025-06-15 03:00:00,4943.23920067138,4180.948810073694,2807.721077312106
forecast_3964,2025-06-15 04:00:00,5299.757948026396,4616.973007412248,3295.1909456732933
forecast_3965,2025-06-15 05:00:00,6531.185287235437,5780.563474219996,4898.209955515714
forecast_3966,2025-06-15 06:00:00,6539.511755832473,5958.335614755576,4401.422089429829
forecast_3967,2025-06-15 07:00:00,3485.391189658535,3206.908195687792,2182.9986237526737
forecast_3968,2025-06-15 08:00:00,1400.3269630728194,1441.6912312719303,819.7922308385026
forecast_3969,2025-06-15 09:00:00,947.8778576728624,741.2967548002499,604.7311620033773
forecast_3970,2025-06-15 10:00:00,701.9235141243996,740.4643119861427,423.86136291220816
forecast_3971,2025-06-15 11:00:00,912.9507335731702,866.5055165735365,617.6877745270554
forecast_3972,2025-06-15 12:00:00,1562.4734289380435,1744.7207189967849,1456.3488742090015
forecast_3973,2025-06-15 13:00:00,1567.7449778898815,1688.4057297702047,1380.10122624324
forecast_3974,2025-06-15 14:00:00,1679.2754551884295,1879.8842054352212,1754.2142984838406
forecast_3975,2025-06-15 15:00:00,2573.9166586500446,2903.1897050656353,2588.496287150027
forecast_3976,2025-06-15 16:00:00,3775.2405043608665,4998.969584835838,3658.9159693543797
forecast_3977,2025-06-15 17:00:00,3058.7234621545863,4053.7422115336794,3042.789267243404
forecast_3978,2025-06-15 18:00:00,4656.018740735541,5733.021593587208,4296.134064872406
forecast_3979,2025-06-15 19:00:00,5240.3147044233,6613.127285897221,4630.67540113955
forecast_3980,2025-06-15 20:00:00,5519.860476519958,6187.944562743447,4396.466602061625
forecast_3981,2025-06-15 21:00:00,7317.4105531572495,8893.403842748045,5769.455047511181
forecast_3982,2025-06-15 22:00:00,9311.49528721187,11095.70572587076,8231.635703446496
forecast_3983,2025-06-15 23:00:00,8989.283358434053,10961.970828549875,7209.251980212773
forecast_3984,2025-06-16 00:00:00,9514.512097652427,11033.860897887149,8184.9746610834745
forecast_3985,2025-06-16 01:00:00,9206.669310297219,11147.616918954736,7749.011203449756
forecast_3986,2025-06-16 02:00:00,9145.790015075832,11199.238099237818,8302.25496591897
forecast_3987,2025-06-16 03:00:00,9090.250564689864,11493.398650767249,7909.371866644634
forecast_3988,2025-06-16 04:00:00,8184.550331566682,9841.137982261589,7365.944801563589
forecast_3989,2025-06-16 05:00:00,6793.733861143595,8224.504625169846,6094.042066080511
forecast_3990,2025-06-16 06:00:00,7895.027841443487,8469.917607029163,5781.360177048343
forecast_3991,2025-06-16 07:00:00,7134.584653362075,8310.516188141188,4940.727359432884
forecast_3992,2025-06-16 08:00:00,7849.349933392752,9556.542404311223,5559.587545981488
forecast_3993,2025-06-16 09:00:00,8641.50073246903,9916.343665393662,5656.475791153932
forecast_3994,2025-06-16 10:00:00,8048.098231330816,9735.51419480818,5733.695010062088
forecast_3995,2025-06-16 11:00:00,8726.805706014316,9893.35876565727,6399.82230263889
forecast_3996,2025-06-16 12:00:00,6938.930167222362,7183.256675052125,5001.531687194063
forecast_3997,2025-06-16 13:00:00,8341.962898765902,8757.26788229778,6768.651295394951
forecast_3998,2025-06-16 14:00:00,9038.24767708938,11113.029333132776,9321.615867857305
forecast_3999,2025-06-16 15:00:00,10261.974825051933,10964.485894667072,9859.457888059826
forecast_4000,2025-06-16 16:00:00,11592.393840549124,11638.48048199436,10681.545482575473
forecast_4001,2025-06-16 17:00:00,13698.064394324205,13888.896503010703,13096.016901560215
forecast_4002,2025-06-16 18:00:00,15174.600132637917,14716.073077267141,13311.43586352933
forecast_4003,2025-06-16 19:00:00,14140.43663304352,14000.607461536561,12443.8295185507
forecast_4004,2025-06-16 20:00:00,12376.982778550671,12628.802759977614,10555.757959879465
forecast_4005,2025-06-16 21:00:00,12166.121547475848,12911.715983681457,11071.85733533112
forecast_4006,2025-06-16 22:00:00,15149.47421532707,15827.334751918199,13366.88070599357
forecast_4007,2025-06-16 23:00:00,16159.08596553439,16450.296339202676,13803.67037633518
forecast_4008,2025-06-17 00:00:00,16870.48562852278,17959.980299616167,14973.686371328124
forecast_4009,2025-06-17 01:00:00,16904.392970740486,18332.938904936775,15383.32026332192
forecast_4010,2025-06-17 02:00:00,17993.959658529042,18482.359405882922,15864.016088692539
forecast_4011,2025-06-17 03:00:00,17480.75859713202,18647.880419554764,16064.15200268232
forecast_4012,2025-06-17 04:00:00,17609.860602759305,18488.686772093984,16252.994353292448
forecast_4013,2025-06-17 05:00:00,17143.752572026806,18255.551066153304,15880.815276390776
forecast_4014,2025-06-17 06:00:00,16402.893326002944,17436.741325874256,14669.991611245507
forecast_4015,2025-06-17 07:00:00,13609.018738103776,15819.090838368946,13286.049802607215
forecast_4016,2025-06-17 08:00:00,13332.069993572473,14275.398854920779,12970.639851319394
forecast_4017,2025-06-17 09:00:00,12469.053159359759,13706.869876386834,12750.68005600854
forecast_4018,2025-06-17 10:00:00,9876.682253515542,11860.970371455269,10662.607150591139
forecast_4019,2025-06-17 11:00:00,10271.840334126486,11695.746277733275,10717.977806766228
forecast_4020,2025-06-17 12:00:00,10143.790792300115,12301.066084032762,10938.865036721765
forecast_4021,2025-06-17 13:00:00,9996.765047173662,11265.479177157078,10490.45760886001
forecast_4022,2025-06-17 14:00:00,9145.597967158763,10878.496495649915,9638.85218623049
forecast_4023,2025-06-17 15:00:00,8291.291798389118,9102.971054904927,8668.513316902887
forecast_4024,2025-06-17 16:00:00,9627.07717557331,11124.909675132083,9384.21995965448
forecast_4025,2025-06-17 17:00:00,8649.178948512134,9056.613964874767,8515.576796090854
forecast_4026,2025-06-17 18:00:00,7653.4817960454775,9023.251267696898,8060.933850753731
forecast_4027,2025-06-17 19:00:00,6977.5314662148685,7837.783126907391,5240.057934057151
forecast_4028,2025-06-17 20:00:00,6639.213736747986,7630.039611987657,5006.067678022787
forecast_4029,2025-06-17 21:00:00,6864.866522328316,6972.90078102118,4770.577114237796
forecast_4030,2025-06-17 22:00:00,6756.396642209869,8390.293912792054,4710.644816855612
forecast_4031,2025-06-17 23:00:00,8718.859464587153,9627.197407507394,6400.151002278914
forecast_4032,2025-06-18 00:00:00,9101.550459926735,10117.320179738386,6940.557511055103
forecast_4033,2025-06-18 01:00:00,9085.924785950008,10156.567000160016,6472.846477108721
forecast_4034,2025-06-18 02:00:00,9711.439010195825,10621.19588140366,6293.515969885347
forecast_4035,2025-06-18 03:00:00,10307.66562050845,11153.97764386161,6906.499266423693
forecast_4036,2025-06-18 04:00:00,10060.20822124066,10963.226504854612,7663.799019415247
forecast_4037,2025-06-18 05:00:00,10597.836738716376,11205.552896787007,7933.038564185636
forecast_4038,2025-06-18 06:00:00,10005.042127842322,10769.732188764126,7754.760778136063
forecast_4039,2025-06-18 07:00:00,9249.530791856381,10543.33320608318,7829.904159833666
forecast_4040,2025-06-18 08:00:00,8739.734450724774,7888.894745246038,5695.00587811271
forecast_4041,2025-06-18 09:00:00,6103.360054487614,6181.595136553618,3420.1569164003217
forecast_4042,2025-06-18 10:00:00,5634.959911603638,4684.403447482694,3080.0685751293618
forecast_4043,2025-06-18 11:00:00,5094.973523036519,4184.554779811442,2556.281296949993
forecast_4044,2025-06-18 12:00:00,4689.43278120813,4077.6781861670493,2699.315375717195
forecast_4045,2025-06-18 13:00:00,4756.2962925575885,4388.603258330908,2731.7071689739946
forecast_4046,2025-06-18 14:00:00,4679.515835034105,3947.5239078771933,2506.7841384013122
forecast_4047,2025-06-18 15:00:00,5749.3638553155815,5277.928769067897,3221.416339076629
forecast_4048,2025-06-18 16:00:00,5518.466866874373,5231.6100589569205,3642.8513773707227
forecast_4049,2025-06-18 17:00:00,5746.782140304153,5166.200092684662,3806.7990581789954
forecast_4050,2025-06-18 18:00:00,5238.595462492667,5394.2758433730105,3372.614725710566
forecast_4051,2025-06-18 19:00:00,6265.700622699869,6407.101645878298,4613.079761923701
forecast_4052,2025-06-18 20:00:00,7281.668624311478,7431.065311347306,5274.102641918788
forecast_4053,2025-06-18 21:00:00,8507.275089114304,8282.156249013704,6554.913866842611
forecast_4054,2025-06-18 22:00:00,8690.658033536796,10079.61510984285,6970.834410320991
forecast_4055,2025-06-18 23:00:00,11894.18916277708,12218.117732666657,9400.225354395203
forecast_4056,2025-06-19 00:00:00,11907.685978078638,12924.986804224642,9893.301517677195
forecast_4057,2025-06-19 01:00:00,12874.058092843168,13574.350737722301,11663.306163265152
forecast_4058,2025-06-19 02:00:00,13920.535467486792,13184.472149671414,10699.395046695001
forecast_4059,2025-06-19 03:00:00,13935.7624459207,13215.823066321991,10169.446493702926
forecast_4060,2025-06-19 04:00:00,13272.707590906643,13056.392837843578,10455.949289003973
forecast_4061,2025-06-19 05:00:00,12544.122097843228,12457.89316282726,9776.61455684331
forecast_4062,2025-06-19 06:00:00,9945.547089963973,10840.58031208687,7650.948266256037
forecast_4063,2025-06-19 07:00:00,6885.59158681102,6585.313330323885,3951.973626303216
forecast_4064,2025-06-19 08:00:00,5263.9937401150655,4145.631829746456,2421.8985733208347
forecast_4065,2025-06-19 09:00:00,2414.8364138435113,1571.2786171456833,1236.1887492005196
forecast_4066,2025-06-19 10:00:00,1370.9166989470264,898.223971567103,942.0718639503485
forecast_4067,2025-06-19 11:00:00,450.70697565804255,279.8357175276856,475.3539760780393
forecast_4068,2025-06-19 12:00:00,376.3557166990754,263.7824392539328,290.59207372927654
forecast_4069,2025-06-19 13:00:00,183.4770682278459,206.19718333007614,208.57730076357842
forecast_4070,2025-06-19 14:00:00,315.5271953612994,318.31837858760906,211.14050558398594
forecast_4071,2025-06-19 15:00:00,557.2230703936604,802.8583739640756,793.072695408952
forecast_4072,2025-06-19 16:00:00,855.3873581009877,1029.094849364321,676.8332028548982
forecast_4073,2025-06-19 17:00:00,1975.3254843358193,1937.3938922805394,1689.4230675266128
forecast_4074,2025-06-19 18:00:00,1689.5650313612568,1892.592862101324,1346.5270684892757
forecast_4075,2025-06-19 19:00:00,2897.1236794393076,3592.0250081955596,2196.3563537088453
forecast_4076,2025-06-19 20:00:00,3695.5735385875128,4393.9162150032325,2746.0260244057863
forecast_4077,2025-06-19 21:00:00,4573.848785659327,4900.081940387661,2994.469487658876
forecast_4078,2025-06-19 22:00:00,6719.071908304039,7042.576303217249,4538.051686143592
forecast_4079,2025-06-19 23:00:00,7834.900030821118,8355.81210794982,5183.6309296185345
forecast_4080,2025-06-20 00:00:00,8109.217412700182,8398.915993657292,5354.734775521327
forecast_4081,2025-06-20 01:00:00,9534.086482435752,11323.992821711443,6497.024221664446
forecast_4082,2025-06-20 02:00:00,9828.753560950665,11545.494933062877,6921.904440557541
forecast_4083,2025-06-20 03:00:00,10660.026893144011,12722.193567117536,7793.332377743016
forecast_4084,2025-06-20 04:00:00,12208.810268889774,13448.066128086639,9246.612182846236
forecast_4085,2025-06-20 05:00:00,11529.99533636793,12777.28042099165,8602.713370150652
forecast_4086,2025-06-20 06:00:00,9703.030868053149,11956.469582326199,7661.8315321789305
forecast_4087,2025-06-20 07:00:00,9008.42536757411,11261.647372468886,6923.7942896120185
forecast_4088,2025-06-20 08:00:00,7849.856417925868,9623.743911263236,5514.16675992238
forecast_4089,2025-06-20 09:00:00,7990.506853541195,9025.908435215415,5715.38114996158
forecast_4090,2025-06-20 10:00:00,8324.322499025831,10254.221497592489,6585.819780270459
forecast_4091,2025-06-20 11:00:00,9913.020841764357,12680.393232072249,10544.629481097956
forecast_4092,2025-06-20 12:00:00,11558.054194845225,14666.246933376757,12134.13933114794
forecast_4093,2025-06-20 13:00:00,14287.748255103006,15767.928316992227,13907.381626496921
forecast_4094,2025-06-20 14:00:00,14027.128644082715,15395.092532136987,14427.256244239688
forecast_4095,2025-06-20 15:00:00,14550.694465184932,15342.726793254486,13715.208617608338
forecast_4096,2025-06-20 16:00:00,17196.325688099834,17255.17176998663,15771.718432590907
forecast_4097,2025-06-20 17:00:00,17697.104479925074,17219.125048363425,16328.664927147402
forecast_4098,2025-06-20 18:00:00,18356.47407736132,17512.998431874956,16605.532527663476
forecast_4099,2025-06-20 19:00:00,18258.059002318176,17443.892295897116,16166.21621059153
forecast_4100,2025-06-20 20:00:00,18021.474496266266,16976.4425643094,15896.647090778666
forecast_4101,2025-06-20 21:00:00,17743.48529462956,17163.823937498128,16283.313551373458
forecast_4102,2025-06-20 22:00:00,17778.154543345365,17429.38705108182,16183.333013269197
forecast_4103,2025-06-20 23:00:00,17943.1205697644,17444.99965429478,15762.911489704331
forecast_4104,2025-06-21 00:00:00,17159.689909536322,17466.981989696462,15824.565172718303
forecast_4105,2025-06-21 01:00:00,17508.700443783615,17306.797949909243,15593.539214842063
forecast_4106,2025-06-21 02:00:00,17357.88221226443,17177.541180720953,15792.382784328862
forecast_4107,2025-06-21 03:00:00,17070.914485995196,17229.716944434847,15156.698536052627
forecast_4108,2025-06-21 04:00:00,14724.559004280918,15833.262398139705,13841.457307107452
forecast_4109,2025-06-21 05:00:00,12869.351845818112,14592.588926482198,12921.179651258133
forecast_4110,2025-06-21 06:00:00,13802.187670437928,14775.458713345419,13365.84752526985
forecast_4111,2025-06-21 07:00:00,13816.425614791631,14271.235254638485,12729.904987921152
forecast_4112,2025-06-21 08:00:00,14505.767927341576,14326.874809392335,13498.820938373663
forecast_4113,2025-06-21 09:00:00,13385.255752271532,12674.9125374389,12155.441333690676
forecast_4114,2025-06-21 10:00:00,9715.437762772732,11185.85699040126,9146.088191950026
forecast_4115,2025-06-21 11:00:00,8950.445329981152,9826.588639880863,8508.380990577394
forecast_4116,2025-06-21 12:00:00,7958.679509706678,7504.585069102181,7017.369940734663
forecast_4117,2025-06-21 13:00:00,7837.866294697817,8811.063822538348,6575.781602175569
forecast_4118,2025-06-21 14:00:00,8308.47980726933,8076.708218287319,6849.137017794448
forecast_4119,2025-06-21 15:00:00,9527.508196626266,10866.868865612994,8016.628469328027
forecast_4120,2025-06-21 16:00:00,10986.137666062916,11407.338940316566,8492.453029379007
forecast_4121,2025-06-21 17:00:00,11361.701081683952,11497.152593939352,9135.908996911416
forecast_4122,2025-06-21 18:00:00,9824.376452847864,11021.908564346315,9468.62793574087
forecast_4123,2025-06-21 19:00:00,11452.321021374995,12216.965160480944,10211.886904664012
forecast_4124,2025-06-21 20:00:00,10133.428513361383,11216.664560782578,9060.871156256168
forecast_4125,2025-06-21 21:00:00,11037.336228966591,11546.980527244918,8058.988858771157
forecast_4126,2025-06-21 22:00:00,11794.848643714413,11669.53877315939,11096.836088816603
forecast_4127,2025-06-21 23:00:00,12455.602742454743,12919.389361989439,11281.27506253172
forecast_4128,2025-06-22 00:00:00,15265.368360079274,14809.514647894854,13152.742509465743
forecast_4129,2025-06-22 01:00:00,12732.964531990561,13510.126653587675,10040.349748359919
forecast_4130,2025-06-22 02:00:00,13868.127186762238,13736.227290994135,11045.718965531885
forecast_4131,2025-06-22 03:00:00,12445.299689473146,12835.487315882028,8221.37224551705
forecast_4132,2025-06-22 04:00:00,12012.828546509398,11986.823963164592,7567.117393075432
forecast_4133,2025-06-22 05:00:00,11435.216294243934,11848.863297880343,7898.073784931529
forecast_4134,2025-06-22 06:00:00,9036.352411908005,10493.029127886899,7258.9458223473985
forecast_4135,2025-06-22 07:00:00,8365.413797266112,8921.309441194284,6458.668470113136
forecast_4136,2025-06-22 08:00:00,6736.116414201231,6905.352034860384,4263.49123116792
forecast_4137,2025-06-22 09:00:00,5297.726916423594,6060.728125273921,3210.3479822588774
forecast_4138,2025-06-22 10:00:00,4853.210279083607,4917.770077121554,2621.2203896309616
forecast_4139,2025-06-22 11:00:00,5529.819066498389,5580.8539578464515,3754.208540592633
forecast_4140,2025-06-22 12:00:00,5522.75860600499,4679.140192705719,3476.5426125133204
forecast_4141,2025-06-22 13:00:00,6404.857359362245,5473.838975154285,3897.9014862375325
forecast_4142,2025-06-22 14:00:00,4648.4654155507,3678.24763634994,3290.774806652371
forecast_4143,2025-06-22 15:00:00,3968.2991886023196,2741.511407422937,2485.3676981355206
forecast_4144,2025-06-22 16:00:00,4385.992037111548,3334.141695421872,2750.9810215481643
forecast_4145,2025-06-22 17:00:00,4569.614688515399,3934.7968558448497,2790.779399766472
forecast_4146,2025-06-22 18:00:00,4918.816729796766,4948.970266338783,3328.6405662170364
forecast_4147,2025-06-22 19:00:00,5134.463411739734,5213.352882695896,3155.5601723100062
forecast_4148,2025-06-22 20:00:00,5877.475888843635,5916.695915853538,4047.062538072372
forecast_4149,2025-06-22 21:00:00,6399.8589801731305,6308.712370598692,4125.384248958001
forecast_4150,2025-06-22 22:00:00,8265.119256019903,7888.683774429689,5808.139261042008
forecast_4151,2025-06-22 23:00:00,7281.811391994278,6982.248482190834,4942.849498689958
forecast_4152,2025-06-23 00:00:00,6410.183093674745,5976.868056238093,4228.317759491695
forecast_4153,2025-06-23 01:00:00,4634.098052519467,3298.8378153293665,3376.8119533379227
forecast_4154,2025-06-23 02:00:00,4242.605034171893,3216.9737584298437,3525.248569740769
forecast_4155,2025-06-23 03:00:00,4505.173473376419,3583.5674514740294,3380.772042204065
forecast_4156,2025-06-23 04:00:00,4393.716411793203,3548.5921992648773,3275.2791407594045
forecast_4157,2025-06-23 05:00:00,3426.3432995526296,2873.534582378724,2555.329361057292
forecast_4158,2025-06-23 06:00:00,2442.1584744032434,1839.5546176500502,1743.864546998448
forecast_4159,2025-06-23 07:00:00,1339.0167997165781,914.6629417372827,649.7061160713469
forecast_4160,2025-06-23 08:00:00,552.8948827910434,330.2444921544588,117.45314420567514
forecast_4161,2025-06-23 09:00:00,177.964290986546,170.90781813138042,85.66112567749741
forecast_4162,2025-06-23 10:00:00,332.0944867082328,420.6340345586441,123.04351831922466
forecast_4163,2025-06-23 11:00:00,342.37344219975637,517.8750456094011,174.82461975503904
forecast_4164,2025-06-23 12:00:00,502.0354572645821,730.0952593610486,467.2665760375723
forecast_4165,2025-06-23 13:00:00,553.9893924780926,835.3757165995596,637.7813749661775
forecast_4166,2025-06-23 14:00:00,553.8092712142638,774.7253482955633,606.1104230007053
forecast_4167,2025-06-23 15:00:00,668.7538087679046,861.043838912943,678.844834399432
forecast_4168,2025-06-23 16:00:00,381.6880600743665,471.45542244801015,219.73998174981304
forecast_4169,2025-06-23 17:00:00,186.2052167732381,215.05886805420386,124.14548758956997
forecast_4170,2025-06-23 18:00:00,192.16149028614421,140.32185317324175,91.82621263366724
forecast_4171,2025-06-23 19:00:00,234.31968775480271,189.5975142907073,82.3586112390665
forecast_4172,2025-06-23 20:00:00,285.7460175475646,250.872958451286,81.52498576144673
forecast_4173,2025-06-23 21:00:00,357.2206079324088,327.417156973695,82.68504627629277
forecast_4174,2025-06-23 22:00:00,381.18205498231254,363.70150800179385,89.22360047557541
forecast_4175,2025-06-23 23:00:00,416.04779242701755,326.11999941604427,95.05662683172037
forecast_4176,2025-06-24 00:00:00,436.5928838833782,337.0173393450818,104.91898104869712
forecast_4177,2025-06-24 01:00:00,812.1836623696547,550.2271235567903,347.7005590852631
forecast_4178,2025-06-24 02:00:00,722.3366107527002,681.0441134403904,145.34994323956977
forecast_4179,2025-06-24 03:00:00,773.9500362282522,572.8078270605089,144.57936889904215
forecast_4180,2025-06-24 04:00:00,715.0336343454228,722.1473432269734,127.30421259612544
forecast_4181,2025-06-24 05:00:00,1391.1811373967967,1060.0088518966177,287.6298007401653
forecast_4182,2025-06-24 06:00:00,1472.3183311847301,1203.1136076427608,291.3447999168249
forecast_4183,2025-06-24 07:00:00,1506.1142907909207,1576.1328001235684,504.0091606501056
forecast_4184,2025-06-24 08:00:00,2020.3424198009989,1961.1951657196457,757.0052600212887
forecast_4185,2025-06-24 09:00:00,2389.9385225007873,2333.12598744626,841.5845650978588
forecast_4186,2025-06-24 10:00:00,2447.674502025457,2642.9438769709673,968.0646474095106
forecast_4187,2025-06-24 11:00:00,1989.7870355394714,1973.4789988063344,1029.5628111350422
forecast_4188,2025-06-24 12:00:00,2038.765884494929,1896.81894937864,1023.3147577180551
forecast_4189,2025-06-24 13:00:00,1966.1487528312928,2057.802175783898,1212.0318501597267
forecast_4190,2025-06-24 14:00:00,2000.0133600477104,2603.01313389652,1488.9172222236846
forecast_4191,2025-06-24 15:00:00,2266.9424056898233,2656.1988179417513,1322.039271429319
forecast_4192,2025-06-24 16:00:00,2989.5080158192163,2942.309327243439,1284.833230823633
forecast_4193,2025-06-24 17:00:00,3731.0032749035345,3862.7813832373886,1461.8850549847084
forecast_4194,2025-06-24 18:00:00,2892.2940166751323,3073.54920347959,1104.4539413646191
forecast_4195,2025-06-24 19:00:00,3958.743894269542,4581.850454048798,1312.786468593678
forecast_4196,2025-06-24 20:00:00,5169.707455330864,5934.02467504948,2143.6190839893625
forecast_4197,2025-06-24 21:00:00,5683.823420230004,6541.90880558573,2767.1557698494453
forecast_4198,2025-06-24 22:00:00,6824.378904990776,7483.822316795923,2898.8030682304225
forecast_4199,2025-06-24 23:00:00,7552.406386614128,7748.396668052866,3028.07344857401
forecast_4200,2025-06-25 00:00:00,7146.104512773441,7479.89406183367,3303.75536890199
forecast_4201,2025-06-25 01:00:00,5230.593372872401,6702.013947373522,2425.287089988654
forecast_4202,2025-06-25 02:00:00,4951.084698353057,4873.059370835206,1921.0352509355541
forecast_4203,2025-06-25 03:00:00,3882.692737866614,4053.747641677641,1358.0857647840676
forecast_4204,2025-06-25 04:00:00,4439.537028749599,3441.5971346205483,1958.7054934203786
forecast_4205,2025-06-25 05:00:00,3385.090031991499,2949.6252872758578,947.0068549640945
forecast_4206,2025-06-25 06:00:00,3153.6411635161294,3204.424427689373,1122.6581098122322
forecast_4207,2025-06-25 07:00:00,2359.686418426562,2529.0866020386593,709.5711154965072
forecast_4208,2025-06-25 08:00:00,2254.53718892289,2009.7774821558103,560.7483857899928
forecast_4209,2025-06-25 09:00:00,2292.667336112852,2425.190819035408,731.187928781528
forecast_4210,2025-06-25 10:00:00,2166.298368795645,2331.1760697700824,669.2326320597148
forecast_4211,2025-06-25 11:00:00,2026.0682216990294,1963.387676173514,596.648339109738
forecast_4212,2025-06-25 12:00:00,1659.0087592773223,1524.2366283824192,529.9846940792778
forecast_4213,2025-06-25 13:00:00,1656.288863199106,1612.541114375785,495.33435971681234
forecast_4214,2025-06-25 14:00:00,1719.907679976934,1517.6748891462053,461.4251060026252
forecast_4215,2025-06-25 15:00:00,1409.6598244955053,1299.5741265380316,410.2159838622981
forecast_4216,2025-06-25 16:00:00,1293.4141504876548,1294.0366883048139,449.7224762045038
forecast_4217,2025-06-25 17:00:00,1557.4824572977107,1425.2180050820918,601.2385639176784
forecast_4218,2025-06-25 18:00:00,1745.2636256929047,1518.650332718367,521.4523463971991
forecast_4219,2025-06-25 19:00:00,2320.7095416080383,2265.5799587498004,1002.4414086629567
forecast_4220,2025-06-25 20:00:00,2963.135334545293,3075.9109933169657,970.2134183189484
forecast_4221,2025-06-25 21:00:00,3330.341032795725,3536.7444898116246,1228.7175021589949
forecast_4222,2025-06-25 22:00:00,3975.3943113431565,4329.252447903809,2091.270763125212
forecast_4223,2025-06-25 23:00:00,5214.2915393184285,5224.147413848347,3353.986386661615
forecast_4224,2025-06-26 00:00:00,6540.533453259386,6608.4408177818395,4114.744377139067
forecast_4225,2025-06-26 01:00:00,8806.309878990916,10219.715863520103,7135.791029098288
forecast_4226,2025-06-26 02:00:00,10977.707143364101,10512.908558736643,8757.371812018664
forecast_4227,2025-06-26 03:00:00,12709.67346951141,12432.182379821841,10527.64686829843
forecast_4228,2025-06-26 04:00:00,12484.503868537553,11745.00422053441,9746.276794586442
forecast_4229,2025-06-26 05:00:00,12595.693601680052,11716.132301667842,10398.71132018016
forecast_4230,2025-06-26 06:00:00,11598.681267090562,11212.41546549921,8884.503534152378
forecast_4231,2025-06-26 07:00:00,10649.85227392676,11084.831166765322,8947.830443841005
forecast_4232,2025-06-26 08:00:00,10215.543915873557,11052.775934461322,8655.20273041633
forecast_4233,2025-06-26 09:00:00,9883.608175753054,10376.217241325314,8910.280676314624
forecast_4234,2025-06-26 10:00:00,7720.646655388867,7722.887140293959,5970.253299420628
forecast_4235,2025-06-26 11:00:00,5703.503446334425,5753.61963988083,4452.437087719477
forecast_4236,2025-06-26 12:00:00,6481.7089309594785,5996.965113266617,4809.585266237292
forecast_4237,2025-06-26 13:00:00,5968.607635787354,5555.910196845624,4167.223032293848
forecast_4238,2025-06-26 14:00:00,5086.668117487125,4803.149190109257,3757.922916637497
forecast_4239,2025-06-26 15:00:00,6352.502445856988,5748.892530683985,4128.701909080894
forecast_4240,2025-06-26 16:00:00,6604.733134600043,5972.118953021085,4428.611242773544
forecast_4241,2025-06-26 17:00:00,7539.862958923107,7223.029859313008,5112.082921505365
forecast_4242,2025-06-26 18:00:00,6577.018364453714,6074.136370016423,4617.348914202714
forecast_4243,2025-06-26 19:00:00,4859.273923128233,5073.441821259383,3696.2323713545557
forecast_4244,2025-06-26 20:00:00,6141.358478570227,5350.842012828089,5046.848078761968
forecast_4245,2025-06-26 21:00:00,6195.111465531685,5942.212927748453,5033.099743254532
forecast_4246,2025-06-26 22:00:00,5853.508352541847,5001.329603881648,4499.524921376392
forecast_4247,2025-06-26 23:00:00,5364.690488175084,4720.206829503204,3737.0847956785965
forecast_4248,2025-06-27 00:00:00,5208.198068111246,4371.664456625719,3711.4896629400823
forecast_4249,2025-06-27 01:00:00,4939.975249708619,4216.599166122888,2854.4565406490674
forecast_4250,2025-06-27 02:00:00,4558.262452987691,4725.470856182442,3023.8173363751466
forecast_4251,2025-06-27 03:00:00,5737.933967427919,4438.678655037793,4238.862909563082
forecast_4252,2025-06-27 04:00:00,6874.491913936934,5183.1291672118505,5246.266165745892
forecast_4253,2025-06-27 05:00:00,4680.171752501219,4083.660946188228,3693.669810883627
forecast_4254,2025-06-27 06:00:00,3933.470133215408,3005.517839533954,2221.9060051753167
forecast_4255,2025-06-27 07:00:00,2713.6114690336117,1917.480535898437,1971.0719759226242
forecast_4256,2025-06-27 08:00:00,2232.916735622718,1842.9136482899687,1051.416323647971
forecast_4257,2025-06-27 09:00:00,881.98940583815,696.4413546211756,389.6209688401853
forecast_4258,2025-06-27 10:00:00,523.3711333061979,479.4129049350266,296.98380783877553
forecast_4259,2025-06-27 11:00:00,458.96332153958036,320.46202850511224,291.9520125256206
forecast_4260,2025-06-27 12:00:00,873.1115473319591,719.3591605531176,494.6880536244353
forecast_4261,2025-06-27 13:00:00,1476.8222377081086,1204.3241696217788,629.2339176773395
forecast_4262,2025-06-27 14:00:00,1705.7976746774386,1176.0357092320194,848.6741613534928
forecast_4263,2025-06-27 15:00:00,1637.2188265109612,1121.8362766984555,656.3792921146058
forecast_4264,2025-06-27 16:00:00,1445.7405164619506,1094.8937247830622,491.55020020231075
forecast_4265,2025-06-27 17:00:00,646.54549385165,935.3880749324073,344.83677131584193
forecast_4266,2025-06-27 18:00:00,525.6006120244657,454.9106665775913,217.7486929114483
forecast_4267,2025-06-27 19:00:00,761.3986270355147,637.8205280904251,293.8748508879536
forecast_4268,2025-06-27 20:00:00,1173.7539444085057,1366.1432686106148,835.8831131817243
forecast_4269,2025-06-27 21:00:00,2976.008254085771,3030.043671167129,1864.1313716348288
forecast_4270,2025-06-27 22:00:00,4227.6133987980475,4934.4319537033,2697.8215820710666
forecast_4271,2025-06-27 23:00:00,6462.062063626198,6298.168426039327,3631.5287637192964
forecast_4272,2025-06-28 00:00:00,6089.943353422079,5327.580313121133,3646.8986743691007
forecast_4273,2025-06-28 01:00:00,8354.419794667161,7324.360593599914,5558.496762160967
forecast_4274,2025-06-28 02:00:00,9246.356545440587,8702.72534350526,5640.9985738639725
forecast_4275,2025-06-28 03:00:00,10065.898995755873,9970.861888222971,6375.299656826637
forecast_4276,2025-06-28 04:00:00,10132.509221208176,10542.807518466177,6767.949405890007
forecast_4277,2025-06-28 05:00:00,10158.420726163245,10453.316868616555,7172.877655143454
forecast_4278,2025-06-28 06:00:00,9309.870929532883,10398.139004914268,7106.414870490135
forecast_4279,2025-06-28 07:00:00,9302.81638495902,9917.016205850809,7253.6326768250065
forecast_4280,2025-06-28 08:00:00,6181.867920126684,6799.79750856936,3744.0022889643988
forecast_4281,2025-06-28 09:00:00,5082.962642960024,4750.861784355133,2337.2513738267594
forecast_4282,2025-06-28 10:00:00,3818.6337757247193,3641.1917975363235,1761.2411325455357
forecast_4283,2025-06-28 11:00:00,2787.1003256203685,2355.117428880009,1445.8251887054375
forecast_4284,2025-06-28 12:00:00,600.7052228324467,721.9681387054866,450.9222559333856
forecast_4285,2025-06-28 13:00:00,628.1976469295907,674.5550061196546,414.07108952063646
forecast_4286,2025-06-28 14:00:00,1296.0049740646145,1214.2696978311772,645.2564880483927
forecast_4287,2025-06-28 15:00:00,1503.3503844460247,1708.512098468796,853.4616039347486
forecast_4288,2025-06-28 16:00:00,1557.2553212101398,1666.2831309852784,923.9513385653488
forecast_4289,2025-06-28 17:00:00,2164.264340793783,2306.451126082951,1576.358134421759
forecast_4290,2025-06-28 18:00:00,2877.885154905927,3400.271080612438,2757.031229882856
forecast_4291,2025-06-28 19:00:00,3973.3065605963984,4960.955695310166,4022.384029042875
forecast_4292,2025-06-28 20:00:00,6221.054248984883,6574.069909712961,4668.535971680756
forecast_4293,2025-06-28 21:00:00,7251.662221347629,8189.55285430702,6449.772796057188
forecast_4294,2025-06-28 22:00:00,8847.879982439477,9953.966025326703,6748.012251598387
forecast_4295,2025-06-28 23:00:00,8748.544548945416,9688.270462770697,6727.530889956575
forecast_4296,2025-06-29 00:00:00,8479.816655004088,9690.082300595683,6785.843740326879
forecast_4297,2025-06-29 01:00:00,9959.055126354722,10613.516509110608,6827.088213869378
forecast_4298,2025-06-29 02:00:00,10607.612654206761,11408.986310611806,7281.080502855153
forecast_4299,2025-06-29 03:00:00,11247.317804177597,12220.759368337287,8697.962745831433
forecast_4300,2025-06-29 04:00:00,12509.101856153466,12786.566093765143,8981.780970152566
forecast_4301,2025-06-29 05:00:00,13473.013613843621,12735.377886840535,10466.777143052605
forecast_4302,2025-06-29 06:00:00,14231.458356742987,12901.540378490485,10381.60854778632
forecast_4303,2025-06-29 07:00:00,12683.737648398876,11565.942646013054,9014.174501577081
forecast_4304,2025-06-29 08:00:00,10979.137139020435,10236.20693142317,7745.984554990073
forecast_4305,2025-06-29 09:00:00,9072.689273250053,8796.854719615792,6479.4715384760975
forecast_4306,2025-06-29 10:00:00,5228.394556746032,4708.782332557564,3978.884737912857
forecast_4307,2025-06-29 11:00:00,3653.1688787935277,3412.5671281744912,3019.3796917730665
forecast_4308,2025-06-29 12:00:00,2923.8697575900737,2688.3175800012496,2452.10683148185
forecast_4309,2025-06-29 13:00:00,3124.6787808596773,2569.398647548963,2652.324176895542
forecast_4310,2025-06-29 14:00:00,3397.1583253073845,2690.121976230978,2987.7115719238564
forecast_4311,2025-06-29 15:00:00,3543.2923618528275,2959.5637792886787,3083.116594334568
forecast_4312,2025-06-29 16:00:00,4414.475058352402,3570.7916205895144,3896.619921706811
forecast_4313,2025-06-29 17:00:00,4836.736906226756,4090.524143688844,3799.0440037760345
forecast_4314,2025-06-29 18:00:00,4615.0855190377,3722.120888880898,3302.0645297172846
forecast_4315,2025-06-29 19:00:00,6079.128055160378,5987.234893228302,4062.131491560063
forecast_4316,2025-06-29 20:00:00,7276.336746676791,7330.494562065985,4838.235005435047
forecast_4317,2025-06-29 21:00:00,7506.361291422807,9169.554969167322,6895.322309815609
forecast_4318,2025-06-29 22:00:00,10868.464420370166,10778.207190726433,8667.09473885519
forecast_4319,2025-06-29 23:00:00,11030.164693006383,11957.368349182105,9682.588049858652
forecast_4320,2025-06-30 00:00:00,11395.97675497426,11994.859503542784,9527.978403794752
forecast_4321,2025-06-30 01:00:00,11015.010670436812,11090.53502515447,7174.527632822602
forecast_4322,2025-06-30 02:00:00,11006.434257767321,11800.681181468608,7385.4155208188395
forecast_4323,2025-06-30 03:00:00,9397.699249150215,10681.606800329864,7171.982364980076
forecast_4324,2025-06-30 04:00:00,10575.164379267102,11012.384139607917,7811.763890686654
forecast_4325,2025-06-30 05:00:00,11208.623220352258,11879.108606360343,7784.375047973435
forecast_4326,2025-06-30 06:00:00,11588.16582034334,11541.921642296269,7903.29532474216
forecast_4327,2025-06-30 07:00:00,8920.474430975852,9094.50551241168,6633.068097389745
forecast_4328,2025-06-30 08:00:00,6270.816255069528,7282.377955502737,5087.760806985718
forecast_4329,2025-06-30 09:00:00,5122.14569356325,6160.8436364613035,4554.731496257393
forecast_4330,2025-06-30 10:00:00,3623.632854368186,3180.6785223858355,2944.4344604998114
forecast_4331,2025-06-30 11:00:00,1939.9199581050293,2205.502924077392,2167.224982060372
forecast_4332,2025-06-30 12:00:00,2178.362543011128,1813.4304929025634,2058.4303501950712
forecast_4333,2025-06-30 13:00:00,3049.2755324592927,2679.8990500277455,2496.4454621819878
forecast_4334,2025-06-30 14:00:00,5325.1872699050955,5763.978119096948,4289.359570305025
forecast_4335,2025-06-30 15:00:00,6036.757915207425,6408.5684073894745,4814.801135576192
forecast_4336,2025-06-30 16:00:00,7460.759689535696,7982.34186070647,6310.144059034673
forecast_4337,2025-06-30 17:00:00,7933.944349514355,8423.299543199108,5708.372468415224
forecast_4338,2025-06-30 18:00:00,9864.576190692316,9532.78254744781,6295.129940545424
forecast_4339,2025-06-30 19:00:00,9931.774496054517,9759.841300401513,7610.1736459940985
forecast_4340,2025-06-30 20:00:00,10514.62655134194,10560.68072823726,8068.35831835216
forecast_4341,2025-06-30 21:00:00,11075.80401488799,11661.688920123172,8612.836379091937
forecast_4342,2025-06-30 22:00:00,12367.442612528486,12264.014480675412,8985.632966330642
forecast_4343,2025-06-30 23:00:00,12715.551280085816,13182.66377193786,9090.264120073585
forecast_4344,2025-07-01 00:00:00,11840.955692067535,12545.911407760346,8732.737117091441
forecast_4345,2025-07-01 01:00:00,11794.269531731185,11382.020110519323,8389.651991953011
forecast_4346,2025-07-01 02:00:00,11488.165581094907,12046.316252541637,8146.072644229088
forecast_4347,2025-07-01 03:00:00,12188.43072294743,12397.008629606202,7871.546709556548
forecast_4348,2025-07-01 04:00:00,11673.325988529625,12407.958750307016,9204.979730960702
forecast_4349,2025-07-01 05:00:00,12259.167874839339,12270.650463112006,9022.434728475373
forecast_4350,2025-07-01 06:00:00,10991.069524774688,11406.110985647798,8369.720430340352
forecast_4351,2025-07-01 07:00:00,10177.07928075162,10426.32165008275,7995.793698680936
forecast_4352,2025-07-01 08:00:00,9130.048899890078,9719.139282535314,7351.568556671292
forecast_4353,2025-07-01 09:00:00,9119.467076168452,8902.793217897195,6734.856947806985
forecast_4354,2025-07-01 10:00:00,7275.384482691215,6943.9253111865455,5651.496037904634
forecast_4355,2025-07-01 11:00:00,7037.183884612956,5909.071284446476,5539.821047004876
forecast_4356,2025-07-01 12:00:00,6770.681101157418,5986.504764707435,5485.483873986589
forecast_4357,2025-07-01 13:00:00,6637.837656225445,5580.736276094129,5329.630172790229
forecast_4358,2025-07-01 14:00:00,6244.459918486175,5237.01883602562,4825.454260080896
forecast_4359,2025-07-01 15:00:00,5524.388321185171,5649.539762824715,4807.406360731087
forecast_4360,2025-07-01 16:00:00,6371.142403787341,5795.411406435618,5662.65143663152
forecast_4361,2025-07-01 17:00:00,6219.788914322362,5649.780577122332,5773.009498559597
forecast_4362,2025-07-01 18:00:00,5775.075564298011,6038.827120930599,6765.39699546949
forecast_4363,2025-07-01 19:00:00,7407.166104794546,8718.48473574512,7871.651190829014
forecast_4364,2025-07-01 20:00:00,8129.951070234342,9454.72841551478,7803.3481753792485
forecast_4365,2025-07-01 21:00:00,9795.255264995541,10195.696653809691,8705.43075801177
forecast_4366,2025-07-01 22:00:00,11365.858851217825,11540.612986422144,9131.04937004459
forecast_4367,2025-07-01 23:00:00,13116.374641783603,12365.48662091278,9923.685219587793
forecast_4368,2025-07-02 00:00:00,14212.99095291792,14402.237734797267,12382.359668538696
forecast_4369,2025-07-02 01:00:00,13184.53439342783,12995.348968740936,12066.147665424032
forecast_4370,2025-07-02 02:00:00,15237.268904859708,15168.370880311963,13683.875717145447
forecast_4371,2025-07-02 03:00:00,15358.584856684414,15506.032636482021,13020.29037744002
forecast_4372,2025-07-02 04:00:00,14842.184028854892,15028.777399536546,12398.710359921959
forecast_4373,2025-07-02 05:00:00,14344.981866035874,14650.46801047344,13166.029446232456
forecast_4374,2025-07-02 06:00:00,14705.121064475534,14410.997916542856,12643.061131551458
forecast_4375,2025-07-02 07:00:00,14829.910393077893,14204.02249740995,12332.791625674057
forecast_4376,2025-07-02 08:00:00,14570.956621296751,14641.244980588037,12946.22148610395
forecast_4377,2025-07-02 09:00:00,11039.040209279574,11542.633700506121,9685.764080795869
forecast_4378,2025-07-02 10:00:00,8022.010294430342,9190.066538734409,6351.9647942639895
forecast_4379,2025-07-02 11:00:00,6563.726404399109,6953.7099728135745,5004.4817876611905
forecast_4380,2025-07-02 12:00:00,7100.044229340201,7039.107454744908,5575.04409169923
forecast_4381,2025-07-02 13:00:00,7024.52491773551,6907.991679916241,6008.80501631713
forecast_4382,2025-07-02 14:00:00,6089.101209452877,6105.804842346425,5752.562184298191
forecast_4383,2025-07-02 15:00:00,6234.1568272132745,5759.818062253429,4341.859418350957
forecast_4384,2025-07-02 16:00:00,5644.497780810661,5332.140797947222,3901.826925431382
forecast_4385,2025-07-02 17:00:00,4493.139027429444,4321.792516146204,3219.7898363271024
forecast_4386,2025-07-02 18:00:00,4188.407927803064,4056.8991299946806,3437.369085896995
forecast_4387,2025-07-02 19:00:00,4955.1788525559205,4687.77594461646,3277.4847015521523
forecast_4388,2025-07-02 20:00:00,6088.4405329854635,6482.798158234145,4636.691228705924
forecast_4389,2025-07-02 21:00:00,7612.860367123555,8001.190973323999,5926.116947010829
forecast_4390,2025-07-02 22:00:00,8597.348928852562,10363.804463082291,6806.778885575737
forecast_4391,2025-07-02 23:00:00,9307.363769964611,11409.768702355652,7536.634652402084
forecast_4392,2025-07-03 00:00:00,10523.070322338706,11716.45620805925,7237.689663632278
forecast_4393,2025-07-03 01:00:00,12041.851426256084,12060.391023816608,8462.826375139093
forecast_4394,2025-07-03 02:00:00,13194.188720183027,13007.436399660397,8899.335041298613
forecast_4395,2025-07-03 03:00:00,13981.284818289052,14010.745675673566,10911.06849795608
forecast_4396,2025-07-03 04:00:00,14396.769531587432,14003.322042894217,11310.523082524684
forecast_4397,2025-07-03 05:00:00,15021.45930982674,14359.695568948935,11744.252916431436
forecast_4398,2025-07-03 06:00:00,14896.88662095431,13459.997990619622,10381.553919417336
forecast_4399,2025-07-03 07:00:00,13313.30173313031,12304.035809403676,8659.456411415902
forecast_4400,2025-07-03 08:00:00,12368.911733058752,12464.162505561288,9368.97194638127
forecast_4401,2025-07-03 09:00:00,12387.261607629689,12588.83481079521,11055.511862595426
forecast_4402,2025-07-03 10:00:00,10113.507428219504,9833.322735056663,9340.411252411312
forecast_4403,2025-07-03 11:00:00,8160.702282234249,7674.524186831124,6926.14953915061
forecast_4404,2025-07-03 12:00:00,7005.652521496888,5853.212650306051,6030.410705802534
forecast_4405,2025-07-03 13:00:00,7649.115240923614,5984.579478874667,5908.464138934858
forecast_4406,2025-07-03 14:00:00,8056.810638350137,6314.801392558563,7098.254399063837
forecast_4407,2025-07-03 15:00:00,8151.0349797297795,7181.268435590224,9171.367885627158
forecast_4408,2025-07-03 16:00:00,8357.325576297011,7643.658852254735,9202.826341230197
forecast_4409,2025-07-03 17:00:00,8152.33950376077,7241.806120066818,8065.1812441831225
forecast_4410,2025-07-03 18:00:00,7995.894192595873,8603.540796249861,8213.780918703289
forecast_4411,2025-07-03 19:00:00,9467.469200802507,9852.727836029564,9642.446937481489
forecast_4412,2025-07-03 20:00:00,11336.208267582957,11037.147910880381,10774.446416569022
forecast_4413,2025-07-03 21:00:00,11936.195275173635,12255.944150653206,11013.701892488336
forecast_4414,2025-07-03 22:00:00,13623.40356732654,13496.676296043792,11766.600628561246
forecast_4415,2025-07-03 23:00:00,13475.962228243317,14218.00893520467,12140.772580658606
forecast_4416,2025-07-04 00:00:00,15137.029635200577,15587.329366207783,14264.741009851135
forecast_4417,2025-07-04 01:00:00,15099.60171391657,15335.46010030539,13441.536668528992
forecast_4418,2025-07-04 02:00:00,14842.087823058117,15893.811456460611,14629.621010889943
forecast_4419,2025-07-04 03:00:00,15498.864851477436,16174.968411612263,15670.974538856919
forecast_4420,2025-07-04 04:00:00,15740.66371296915,16588.748386946547,15741.355962825475
forecast_4421,2025-07-04 05:00:00,15754.318838641895,16284.19181765386,15812.576100331578
forecast_4422,2025-07-04 06:00:00,15566.45296713169,16503.768545585834,15065.23917367544
forecast_4423,2025-07-04 07:00:00,15433.594217140904,16083.84599725234,15294.423385968372
forecast_4424,2025-07-04 08:00:00,15766.354903021298,16536.82840371601,16055.787540327477
forecast_4425,2025-07-04 09:00:00,16592.909985967726,16692.978643501006,16270.561642640296
forecast_4426,2025-07-04 10:00:00,15667.537101385013,16605.58938916853,13805.195114379145
forecast_4427,2025-07-04 11:00:00,15215.138187306842,16468.584448780413,15061.477346493743
forecast_4428,2025-07-04 12:00:00,14928.50826575956,16201.118922888252,14421.189983442195
forecast_4429,2025-07-04 13:00:00,14623.510991531622,16228.272490132833,14173.999634637265
forecast_4430,2025-07-04 14:00:00,13186.033055677643,15403.643198958625,14463.406110074564
forecast_4431,2025-07-04 15:00:00,13870.518700301174,15151.481959461828,13919.075826827415
forecast_4432,2025-07-04 16:00:00,14284.298866432333,15507.84235400745,14520.298781072077
forecast_4433,2025-07-04 17:00:00,13967.35240012673,15746.67833738833,15240.050486248232
forecast_4434,2025-07-04 18:00:00,14123.491992013374,15771.305236057313,14916.467018978474
forecast_4435,2025-07-04 19:00:00,13657.202533452048,15669.52908899458,15271.062553451791
forecast_4436,2025-07-04 20:00:00,14755.684926165482,15466.19177121464,16054.919749590927
forecast_4437,2025-07-04 21:00:00,15278.320731242216,15353.284949233437,16298.9035085292
forecast_4438,2025-07-04 22:00:00,15410.754923812372,16114.09727025283,16372.576102441892
forecast_4439,2025-07-04 23:00:00,15621.335610068536,16107.734936140623,16601.329627954787
forecast_4440,2025-07-05 00:00:00,15716.120739644037,15812.964720464033,16265.911556582148
forecast_4441,2025-07-05 01:00:00,14250.72466871712,15874.5022214965,15957.041598214475
forecast_4442,2025-07-05 02:00:00,14120.199921382846,15847.544489560489,15353.14065168253
forecast_4443,2025-07-05 03:00:00,14402.72386961242,15648.458652610405,15107.644225797074
forecast_4444,2025-07-05 04:00:00,14324.815568049267,15013.734335703391,14995.97025244286
forecast_4445,2025-07-05 05:00:00,14219.067483337541,15426.567328645282,15302.480152292672
forecast_4446,2025-07-05 06:00:00,14374.61072430117,14538.363934392517,13476.169794238416
forecast_4447,2025-07-05 07:00:00,13993.033981187655,14474.960080241699,14301.92503360448
forecast_4448,2025-07-05 08:00:00,13281.678769133645,14561.349418371046,12627.757385257144
forecast_4449,2025-07-05 09:00:00,11705.85742966241,12673.02257690915,11266.933678743619
forecast_4450,2025-07-05 10:00:00,10509.452382359179,11506.53584349588,9973.589055379947
forecast_4451,2025-07-05 11:00:00,9747.487043101111,9468.559270172786,8618.532602996627
forecast_4452,2025-07-05 12:00:00,8776.350652539171,8471.78780536892,7382.090185540589
forecast_4453,2025-07-05 13:00:00,10762.631641737209,9997.35338029978,9341.258069985224
forecast_4454,2025-07-05 14:00:00,11004.692192866796,10754.395990755302,10369.564158682988
forecast_4455,2025-07-05 15:00:00,11597.395683915018,10605.913287825753,10617.034874633133
forecast_4456,2025-07-05 16:00:00,11185.644002826582,10835.720314171387,10435.497176051562
forecast_4457,2025-07-05 17:00:00,11440.725532552739,10147.458364098184,10099.138314507616
forecast_4458,2025-07-05 18:00:00,11467.127492288842,11044.786969959976,9801.26351142526
forecast_4459,2025-07-05 19:00:00,12766.244370215296,11453.203784859339,10966.113632914632
forecast_4460,2025-07-05 20:00:00,14201.319404493936,13848.391684334012,14090.117323777258
forecast_4461,2025-07-05 21:00:00,14461.622286502066,14549.353990371566,14755.75644280797
forecast_4462,2025-07-05 22:00:00,15797.738625718168,16285.403010658832,15742.678005655278
forecast_4463,2025-07-05 23:00:00,16428.09280753926,16580.65148601285,16044.114500918127
forecast_4464,2025-07-06 00:00:00,16341.642137926574,16266.97107966776,15401.889365462788
forecast_4465,2025-07-06 01:00:00,16249.00607584097,16421.303955203563,15039.259276482155
forecast_4466,2025-07-06 02:00:00,16991.0896686109,16355.580148184032,15167.523155043806
forecast_4467,2025-07-06 03:00:00,16868.144929186277,16563.14825791,15570.97887548279
forecast_4468,2025-07-06 04:00:00,16703.992054116596,16615.52501791068,15734.790592642858
forecast_4469,2025-07-06 05:00:00,16758.27748557895,16566.24736546869,15553.671891901511
forecast_4470,2025-07-06 06:00:00,17093.33136257734,16282.54261990909,15989.405154882621
forecast_4471,2025-07-06 07:00:00,15945.885077727891,16066.82461455181,15142.626430105864
forecast_4472,2025-07-06 08:00:00,14275.241054630005,15009.78053358706,12707.388636430642
forecast_4473,2025-07-06 09:00:00,11713.504585928591,13124.198953109337,10688.405654711883
forecast_4474,2025-07-06 10:00:00,9539.82553091456,10788.854139794888,8391.601600945743
forecast_4475,2025-07-06 11:00:00,8342.921928962976,9178.245867336027,7021.9961744770035
forecast_4476,2025-07-06 12:00:00,7097.513664692072,7413.74675261824,5388.601521164107
forecast_4477,2025-07-06 13:00:00,6400.907372088864,6407.296503020053,4722.428565687364
forecast_4478,2025-07-06 14:00:00,5582.187095493456,5327.954770096493,4201.440309315333
forecast_4479,2025-07-06 15:00:00,4588.782885362885,3949.669412167164,3229.8630640164856
forecast_4480,2025-07-06 16:00:00,4222.383524475765,3626.987635165981,3111.284179619538
forecast_4481,2025-07-06 17:00:00,4606.614052243004,4262.716007906659,4241.957053357035
forecast_4482,2025-07-06 18:00:00,5995.938357473748,4895.264666997845,4289.338482780389
forecast_4483,2025-07-06 19:00:00,8025.727407097303,6201.665352370939,5521.507753500649
forecast_4484,2025-07-06 20:00:00,9046.160799602061,8113.324914652151,7265.030491795697
forecast_4485,2025-07-06 21:00:00,8976.705434889327,8948.31907670998,8135.8384499631375
forecast_4486,2025-07-06 22:00:00,10851.683154665721,10433.686286887747,7260.8615634304915
forecast_4487,2025-07-06 23:00:00,10796.741930884144,10064.415718557862,7165.42123743209
forecast_4488,2025-07-07 00:00:00,11202.302325048506,10250.105786189422,6895.171601864287
forecast_4489,2025-07-07 01:00:00,9106.574544714147,8536.70917285776,6361.820349088941
forecast_4490,2025-07-07 02:00:00,9432.744806001412,9083.981736617878,5986.844437816738
forecast_4491,2025-07-07 03:00:00,9390.393542808471,9153.38848783268,5797.484660274848
forecast_4492,2025-07-07 04:00:00,8319.696199350019,7849.046967050926,4979.679551573882
forecast_4493,2025-07-07 05:00:00,4505.549159118849,4344.41636227747,2553.850655298057
forecast_4494,2025-07-07 06:00:00,2481.671086599535,1721.4836869357039,1253.3818086853346
forecast_4495,2025-07-07 07:00:00,1568.24451535258,1236.5953622729407,711.5954442494126
forecast_4496,2025-07-07 08:00:00,853.1429037738496,748.4147219727216,470.03698814489337
forecast_4497,2025-07-07 09:00:00,265.55905903403715,178.4588663813734,131.52585227582927
forecast_4498,2025-07-07 10:00:00,122.10218474193822,146.1506886019763,108.55226883675111
forecast_4499,2025-07-07 11:00:00,121.98517068776842,154.56636793136224,157.64564176413242
forecast_4500,2025-07-07 12:00:00,179.4420524210161,245.32065449980513,200.17597325160213
forecast_4501,2025-07-07 13:00:00,215.06300137692705,342.1970737095943,290.7763222640866
forecast_4502,2025-07-07 14:00:00,333.6951318354606,429.4547726750376,296.30754398485675
forecast_4503,2025-07-07 15:00:00,290.8046390810414,333.60673139500733,263.8265793434774
forecast_4504,2025-07-07 16:00:00,271.86053645106807,322.79967296082486,232.3231030313619
forecast_4505,2025-07-07 17:00:00,265.67333641199207,372.2426290940483,272.6034341219638
forecast_4506,2025-07-07 18:00:00,345.5220387179016,347.63337108403243,273.1907221046109
forecast_4507,2025-07-07 19:00:00,310.41753536946993,300.6650183578699,195.11637435691537
forecast_4508,2025-07-07 20:00:00,412.0564602492234,479.02460551023586,149.33447253416693
forecast_4509,2025-07-07 21:00:00,688.6888901930275,647.4723821535083,176.11444609947517
forecast_4510,2025-07-07 22:00:00,1047.4005957234717,824.9861793394758,167.30844572989852
forecast_4511,2025-07-07 23:00:00,882.537170017899,706.8429414716386,129.65242232602264
forecast_4512,2025-07-08 00:00:00,649.5273398891586,444.67388669670436,93.35482186447487
forecast_4513,2025-07-08 01:00:00,861.2020544501385,702.1905460743279,135.96278241651862
forecast_4514,2025-07-08 02:00:00,365.1877491123172,249.44456832000208,75.73990899949617
forecast_4515,2025-07-08 03:00:00,426.5394869460598,287.60230499523385,91.35419912881255
forecast_4516,2025-07-08 04:00:00,335.6946515700144,226.35007576940308,73.4291911856617
forecast_4517,2025-07-08 05:00:00,355.03863681899827,247.30029718529042,93.81747093228664
forecast_4518,2025-07-08 06:00:00,320.48133664069724,227.63154160028782,85.92420179096854
forecast_4519,2025-07-08 07:00:00,363.6756674202162,281.02738213377864,108.99804901559763
forecast_4520,2025-07-08 08:00:00,351.6037359577497,360.13105133182427,156.9229907543245
forecast_4521,2025-07-08 09:00:00,191.05514775382514,191.94070480620985,104.74328544734018
forecast_4522,2025-07-08 10:00:00,166.0209414972038,179.8851662327815,113.41136003106043
forecast_4523,2025-07-08 11:00:00,173.4498009425821,198.2409167657383,141.3849068932739
forecast_4524,2025-07-08 12:00:00,194.59942878429902,240.6035799890674,189.09337348240203
forecast_4525,2025-07-08 13:00:00,345.586811767989,435.1243284421325,354.23625747895454
forecast_4526,2025-07-08 14:00:00,338.4027413504687,403.42499768842555,291.6941822202985
forecast_4527,2025-07-08 15:00:00,411.3465663934023,451.71458284427797,314.8340279209966
forecast_4528,2025-07-08 16:00:00,392.7703345635218,425.7075303592271,311.09070937303886
forecast_4529,2025-07-08 17:00:00,276.29467012470366,310.6561667820566,230.33097783197658
forecast_4530,2025-07-08 18:00:00,313.32112926028816,387.00384692575244,205.47530734636044
forecast_4531,2025-07-08 19:00:00,542.8525865903333,512.2110004288483,181.17916217040224
forecast_4532,2025-07-08 20:00:00,588.4005281849702,567.3892668125868,172.16565277061167
forecast_4533,2025-07-08 21:00:00,920.1945471270261,864.5766829684053,245.8052922257895
forecast_4534,2025-07-08 22:00:00,1506.4449025465333,1467.2385012982352,389.3815580940344
forecast_4535,2025-07-08 23:00:00,1526.7194268606208,1420.237134471741,388.2462439423941
forecast_4536,2025-07-09 00:00:00,1397.0041564760822,1521.1508361257245,383.35012759333245
forecast_4537,2025-07-09 01:00:00,1080.5745529156943,1020.3576970458988,265.4151308460125
forecast_4538,2025-07-09 02:00:00,1172.6756500104245,1090.2377922719816,277.232432418622
forecast_4539,2025-07-09 03:00:00,1125.3348778941458,1039.600773277662,237.10585938634622
forecast_4540,2025-07-09 04:00:00,1166.92974960016,1151.486094975059,248.08897690653947
forecast_4541,2025-07-09 05:00:00,1365.9614417818573,1363.468859233302,326.998064015753
forecast_4542,2025-07-09 06:00:00,1296.4856532988395,1439.0856466880437,385.58432392397657
forecast_4543,2025-07-09 07:00:00,1411.1999257090422,1538.023767982852,424.38022776034614
forecast_4544,2025-07-09 08:00:00,1177.963862234089,1463.6364252948251,577.0994063698316
forecast_4545,2025-07-09 09:00:00,893.1457835959229,1223.360090260745,511.5653581973269
forecast_4546,2025-07-09 10:00:00,952.9717834327777,1230.1239868920013,560.1058052629018
forecast_4547,2025-07-09 11:00:00,1009.0253185661975,1340.5975765025926,722.6133865360953
forecast_4548,2025-07-09 12:00:00,1134.9174942652105,1301.7500365397839,926.5569882027723
forecast_4549,2025-07-09 13:00:00,1189.1169811148675,1415.721843202956,1069.1023162362644
forecast_4550,2025-07-09 14:00:00,1225.9692468659925,1518.9764289882348,1170.7856003252502
forecast_4551,2025-07-09 15:00:00,1183.787941099717,1435.7235262170161,947.9833687418969
forecast_4552,2025-07-09 16:00:00,1028.6022106448181,1335.2242432086516,799.9919478963826
forecast_4553,2025-07-09 17:00:00,1018.4245711179817,1275.5408647487911,746.820338796894
forecast_4554,2025-07-09 18:00:00,1050.1736121311747,1267.2082489065808,577.815578566025
forecast_4555,2025-07-09 19:00:00,1079.933057753691,1361.4725635561463,443.73677910985595
forecast_4556,2025-07-09 20:00:00,1634.6029546182165,1763.8062954348502,586.8975878767843
forecast_4557,2025-07-09 21:00:00,2086.683538020124,2235.4873042605227,878.4246096771443
forecast_4558,2025-07-09 22:00:00,2506.7614165605196,2610.9615599493814,995.5547976038813
forecast_4559,2025-07-09 23:00:00,2693.9803286279493,2933.2368355244726,1114.0958296002075
forecast_4560,2025-07-10 00:00:00,2761.8413669662864,2989.923837581242,1139.1384355748182
forecast_4561,2025-07-10 01:00:00,2829.260556995958,3081.2523151248192,1204.9322631328562
forecast_4562,2025-07-10 02:00:00,2760.3782352127437,3009.596460318193,1206.3629070351674
forecast_4563,2025-07-10 03:00:00,2743.4510909377204,3043.035219228847,1260.5920472926305
forecast_4564,2025-07-10 04:00:00,2693.9099367664962,3080.783872984124,1341.3982065490438
forecast_4565,2025-07-10 05:00:00,3524.4971560684503,3906.3413942976827,1764.8796530393874
forecast_4566,2025-07-10 06:00:00,3754.0115782458065,4422.581131419516,2013.55422002078
forecast_4567,2025-07-10 07:00:00,3772.4796051281364,4606.847106987868,2609.3930546422403
forecast_4568,2025-07-10 08:00:00,4573.213016554852,5958.319179397905,3120.1034990848607
forecast_4569,2025-07-10 09:00:00,5443.800689809479,6511.2048431627245,4137.308992104278
forecast_4570,2025-07-10 10:00:00,4916.586134216687,6222.829818364726,4850.434223911413
forecast_4571,2025-07-10 11:00:00,4594.56324592875,5803.769498922571,4726.669427358051
forecast_4572,2025-07-10 12:00:00,4187.029677087627,5096.811673317667,4176.076674896243
forecast_4573,2025-07-10 13:00:00,3762.7241849286206,3981.362221123671,3216.085300097029
forecast_4574,2025-07-10 14:00:00,3241.508080921414,3825.6581479212505,3153.6650863711275
forecast_4575,2025-07-10 15:00:00,3132.357344587266,3483.887437513476,3006.2944498860975
forecast_4576,2025-07-10 16:00:00,2695.1780554825928,3270.320294667972,2619.1126738251164
forecast_4577,2025-07-10 17:00:00,2632.780446795324,3140.081741264833,2371.3653796164167
forecast_4578,2025-07-10 18:00:00,3368.13323093002,3808.1257501473583,2551.637897409871
forecast_4579,2025-07-10 19:00:00,4249.028202843466,5338.924160778824,2942.7892724655508
forecast_4580,2025-07-10 20:00:00,4607.725031257913,5654.197948162975,3124.7412183178376
forecast_4581,2025-07-10 21:00:00,5879.91715564482,6584.800103566624,4290.944688839564
forecast_4582,2025-07-10 22:00:00,7181.185231647369,7631.65241964121,4937.3605681450845
forecast_4583,2025-07-10 23:00:00,7070.779373693705,7933.590756306772,5000.011027033174
forecast_4584,2025-07-11 00:00:00,7147.170230418959,7979.680694514166,5308.992515542602
forecast_4585,2025-07-11 01:00:00,6955.565255642825,7497.532127704306,4054.136683529194
forecast_4586,2025-07-11 02:00:00,6454.725063986377,7233.445998744152,4160.019203695609
forecast_4587,2025-07-11 03:00:00,6607.679041055338,7430.912345798949,4275.591264373938
forecast_4588,2025-07-11 04:00:00,6679.130740273114,7507.520711591493,4507.064452849291
forecast_4589,2025-07-11 05:00:00,7443.318888626799,8572.781712878583,5066.718114454578
forecast_4590,2025-07-11 06:00:00,6895.4909784698075,7844.518827050673,4901.16325300021
forecast_4591,2025-07-11 07:00:00,6842.1196383362785,8301.359828112936,5171.486612788348
forecast_4592,2025-07-11 08:00:00,7084.335649141494,8554.701852605715,6086.876805311882
forecast_4593,2025-07-11 09:00:00,6755.386668235055,8345.826614623193,6298.600436524439
forecast_4594,2025-07-11 10:00:00,5457.952002719198,6990.76024857756,4924.305168015917
forecast_4595,2025-07-11 11:00:00,4369.888697292552,5601.546488467666,4594.417765917551
forecast_4596,2025-07-11 12:00:00,4677.841532105575,5972.390159871229,4909.248971669292
forecast_4597,2025-07-11 13:00:00,4603.343012667165,5645.593572995073,4916.929880038678
forecast_4598,2025-07-11 14:00:00,4071.038399937756,5025.07014793733,4522.705543754347
forecast_4599,2025-07-11 15:00:00,3238.262056721979,3614.543607154339,3320.3799626258647
forecast_4600,2025-07-11 16:00:00,2572.6560613951297,3197.1750333923674,2612.5574764812723
forecast_4601,2025-07-11 17:00:00,2729.0579365500557,3134.2999339925527,2494.6380292598806
forecast_4602,2025-07-11 18:00:00,3681.453351661849,4630.589602319556,2909.792534645885
forecast_4603,2025-07-11 19:00:00,4158.594461124198,5289.932214785633,2792.6876605836765
forecast_4604,2025-07-11 20:00:00,5016.741539415366,5772.058545834397,2780.4245734941883
forecast_4605,2025-07-11 21:00:00,6089.438918348826,6348.2359648954825,3554.959601273412
forecast_4606,2025-07-11 22:00:00,6258.585359048879,6664.422463504317,3131.68432520831
forecast_4607,2025-07-11 23:00:00,6620.839858831545,6971.899274284891,3444.883000117548
forecast_4608,2025-07-12 00:00:00,6615.566424050633,6966.324750976432,3301.1406459538966
forecast_4609,2025-07-12 01:00:00,5906.256665505835,6244.606472809147,2563.363015489453
forecast_4610,2025-07-12 02:00:00,4832.955132924392,4921.668219100272,2086.8650756538073
forecast_4611,2025-07-12 03:00:00,4320.516659836723,4371.5140480357395,1969.674242763295
forecast_4612,2025-07-12 04:00:00,4010.927358602934,3968.332620323425,1835.367608919599
forecast_4613,2025-07-12 05:00:00,3746.454327911125,3714.7959694453634,1495.9739384731283
forecast_4614,2025-07-12 06:00:00,3514.340539892854,3272.560766296576,1261.9738341493894
forecast_4615,2025-07-12 07:00:00,2967.9650602267816,2718.6627446696652,1062.9576588095167
forecast_4616,2025-07-12 08:00:00,2201.650996888115,2368.4696977698954,923.3601180082138
forecast_4617,2025-07-12 09:00:00,1708.962314299548,1889.8707920258553,787.8188326445235
forecast_4618,2025-07-12 10:00:00,1168.3997874359545,1342.546535337603,702.6424238691353
forecast_4619,2025-07-12 11:00:00,652.1893330353907,689.4620709125614,427.27283202643855
forecast_4620,2025-07-12 12:00:00,406.8965881407971,518.563778582783,317.5029175604096
forecast_4621,2025-07-12 13:00:00,383.6913518346649,449.34372878534884,316.3419975051923
forecast_4622,2025-07-12 14:00:00,322.002367750777,464.64534846486083,270.2464503394711
forecast_4623,2025-07-12 15:00:00,305.42280964128935,410.0202765687743,225.34181159441997
forecast_4624,2025-07-12 16:00:00,214.93021306150456,315.531294265142,177.67614252900606
forecast_4625,2025-07-12 17:00:00,179.097331051981,210.55409772033926,115.67176717642266
forecast_4626,2025-07-12 18:00:00,193.27239703773614,244.64651980481943,103.167603221753
forecast_4627,2025-07-12 19:00:00,285.42111399341917,251.9986442753546,115.22107645214308
forecast_4628,2025-07-12 20:00:00,612.0545583733381,585.1773467878861,262.1911293348553
forecast_4629,2025-07-12 21:00:00,894.960428207123,764.0299968902646,384.56687755523484
forecast_4630,2025-07-12 22:00:00,1324.4546151068068,1125.252469892277,475.2755799082358
forecast_4631,2025-07-12 23:00:00,1386.117296807513,1465.0802997487554,784.4102438560654
forecast_4632,2025-07-13 00:00:00,2329.882417895444,1760.2530493427855,1185.5253315965676
forecast_4633,2025-07-13 01:00:00,2827.6174106439694,2533.7924550205503,1492.996503975054
forecast_4634,2025-07-13 02:00:00,2832.2506644061586,2838.2505286969604,2094.0308049101545
forecast_4635,2025-07-13 03:00:00,2705.6110500994037,2533.0352160445173,1776.8255512456174
forecast_4636,2025-07-13 04:00:00,1816.9527797026408,1434.2822059220503,1016.2879358943247
forecast_4637,2025-07-13 05:00:00,1334.272500305173,1114.5896274610689,766.8446229136972
forecast_4638,2025-07-13 06:00:00,1039.1025106317977,978.882902031235,551.5937218594685
forecast_4639,2025-07-13 07:00:00,928.3603521081477,998.684012497648,547.8953766032769
forecast_4640,2025-07-13 08:00:00,413.32033567397247,292.1220756130006,204.1974380383564
forecast_4641,2025-07-13 09:00:00,451.2822867957083,378.4715405533612,285.06811395153306
forecast_4642,2025-07-13 10:00:00,395.99324038533655,203.53486808097435,274.9997785809085
forecast_4643,2025-07-13 11:00:00,485.2327495895781,316.84502365796806,357.27763978531823
forecast_4644,2025-07-13 12:00:00,437.07504636707836,321.395074006285,297.0545721855464
forecast_4645,2025-07-13 13:00:00,583.4212824307114,535.6461791408539,455.07368894999007
forecast_4646,2025-07-13 14:00:00,842.363273220973,849.2430751878502,673.5588679706437
forecast_4647,2025-07-13 15:00:00,739.8477888677198,663.9970598460031,452.3399479230743
forecast_4648,2025-07-13 16:00:00,1565.3127034861989,1290.3036795167243,1015.4107722158459
forecast_4649,2025-07-13 17:00:00,2455.4673033624563,2460.4978699517883,1275.1863095332058
forecast_4650,2025-07-13 18:00:00,2944.4867578660505,3441.408944821876,1670.8923018731573
forecast_4651,2025-07-13 19:00:00,3728.8696205059314,3245.0273411564885,2334.072131323637
forecast_4652,2025-07-13 20:00:00,3693.141395597367,3872.2062771629894,1810.735444480923
forecast_4653,2025-07-13 21:00:00,2460.1766800099517,2870.637927826924,1745.5847190070122
forecast_4654,2025-07-13 22:00:00,3137.10851336609,3414.9053665387,1911.6542880762786
forecast_4655,2025-07-13 23:00:00,2419.7542362292825,2776.004487651853,1814.9686753603844
forecast_4656,2025-07-14 00:00:00,2317.23740607989,2757.1299953969565,1628.2935236361745
forecast_4657,2025-07-14 01:00:00,4489.6801052391065,4723.168770513018,3053.5904423962093
forecast_4658,2025-07-14 02:00:00,3930.5574618334126,4523.333622875729,2011.971125829739
forecast_4659,2025-07-14 03:00:00,5203.070628895496,5471.338047527503,3935.939597923224
forecast_4660,2025-07-14 04:00:00,4405.7509115466055,4766.5537537772625,2599.4845561111465
forecast_4661,2025-07-14 05:00:00,4266.745610975988,5258.491254733995,2562.754118976064
forecast_4662,2025-07-14 06:00:00,5633.263978957875,6190.247316355488,4480.643411275103
forecast_4663,2025-07-14 07:00:00,4944.509376862324,6343.702388985926,4124.612099355001
forecast_4664,2025-07-14 08:00:00,4023.185841511605,5423.819995045312,3006.068891005231
forecast_4665,2025-07-14 09:00:00,5018.198571039248,6088.864540662414,3787.649775338713
forecast_4666,2025-07-14 10:00:00,4232.138555592222,5657.389871345259,3089.9105274125855
forecast_4667,2025-07-14 11:00:00,4689.335555781584,5985.8990701808025,3808.5774630119927
forecast_4668,2025-07-14 12:00:00,3545.528927461075,4516.92387927473,2690.6873977448163
forecast_4669,2025-07-14 13:00:00,4166.215337400112,5302.517734447598,2858.7789755069557
forecast_4670,2025-07-14 14:00:00,4412.619201889573,4416.051144303536,2978.3682593325743
forecast_4671,2025-07-14 15:00:00,4961.242066545744,5710.613301103592,4277.732016932054
forecast_4672,2025-07-14 16:00:00,6456.448395427367,7144.093791758058,5250.946045323033
forecast_4673,2025-07-14 17:00:00,6869.567831925479,7256.254455254042,5125.307288235208
forecast_4674,2025-07-14 18:00:00,7011.608640727016,7189.533291965409,4863.8411349768385
forecast_4675,2025-07-14 19:00:00,7399.907794611974,7516.022045193389,4763.166208072155
forecast_4676,2025-07-14 20:00:00,6155.631046257531,5739.322312291466,3773.803244979976
forecast_4677,2025-07-14 21:00:00,5321.896939608469,5283.133696206349,3159.0552916497795
forecast_4678,2025-07-14 22:00:00,5536.9845594137805,5815.749667897332,3146.1039330104277
forecast_4679,2025-07-14 23:00:00,6189.713915745366,6883.280730264398,4517.249840936655
forecast_4680,2025-07-15 00:00:00,6427.102323658712,6680.783700135656,5454.9473920454375
forecast_4681,2025-07-15 01:00:00,11544.17719715368,10453.756445892366,8847.955348190808
forecast_4682,2025-07-15 02:00:00,10326.381562848448,10176.07643930192,9355.956196541587
forecast_4683,2025-07-15 03:00:00,10066.707863986243,9775.65019660946,9181.214149586638
forecast_4684,2025-07-15 04:00:00,9503.665768045063,9603.829151632663,8242.086423446683
forecast_4685,2025-07-15 05:00:00,9122.127243502331,9012.91659582628,7190.341292274013
forecast_4686,2025-07-15 06:00:00,8870.843849133105,9358.14435821433,7275.313752916974
forecast_4687,2025-07-15 07:00:00,7262.037555556453,7551.068415830262,5824.695722500292
forecast_4688,2025-07-15 08:00:00,6359.388625219016,5479.645462241171,3749.62681877785
forecast_4689,2025-07-15 09:00:00,7867.293577427487,7588.963883361978,5923.341384756514
forecast_4690,2025-07-15 10:00:00,5223.0178623395,5055.37472805623,3988.7059801576875
forecast_4691,2025-07-15 11:00:00,3535.235510121496,3074.223029446935,2928.208770027318
forecast_4692,2025-07-15 12:00:00,2797.6342821359035,2703.8949432153327,2052.9975860578775
forecast_4693,2025-07-15 13:00:00,2827.3191732414675,2536.158947513873,1846.6187281738037
forecast_4694,2025-07-15 14:00:00,3879.0157341202926,3251.6803372259383,3164.441423820523
forecast_4695,2025-07-15 15:00:00,5941.26890756887,5503.919682397798,4242.4734828277105
forecast_4696,2025-07-15 16:00:00,5272.354957852287,5046.815301705061,3824.723164978281
forecast_4697,2025-07-15 17:00:00,2911.4054855269633,3144.1542024359524,2338.9020173156846
forecast_4698,2025-07-15 18:00:00,3603.2528874116124,3596.1573429033706,2484.6260286922807
forecast_4699,2025-07-15 19:00:00,2305.515484073313,2092.1526403888624,1294.6886588396212
forecast_4700,2025-07-15 20:00:00,3028.404845321935,3306.4103527412412,2061.616476377136
forecast_4701,2025-07-15 21:00:00,5104.338933041704,4897.0943615110855,2882.6617258248375
forecast_4702,2025-07-15 22:00:00,5178.492632618074,4986.408565810581,3136.5262435173204
forecast_4703,2025-07-15 23:00:00,4420.897404388806,4540.529400719985,2462.7709950576873
forecast_4704,2025-07-16 00:00:00,6167.296115580698,6619.913852628855,3689.1290155967777
forecast_4705,2025-07-16 01:00:00,10501.947865107093,11676.95411262285,8250.381434228964
forecast_4706,2025-07-16 02:00:00,13016.51568921717,12933.972754236394,10452.073437565059
forecast_4707,2025-07-16 03:00:00,12507.20681050636,13041.341680259948,12000.982790954376
forecast_4708,2025-07-16 04:00:00,12667.951951863164,13590.942984933967,12423.697650897024
forecast_4709,2025-07-16 05:00:00,11710.383112153646,12480.474082778703,12579.33784062847
forecast_4710,2025-07-16 06:00:00,11756.29232926808,12045.237465669992,12394.998581014801
forecast_4711,2025-07-16 07:00:00,10550.194106624298,10105.656719468323,8879.337400116754
forecast_4712,2025-07-16 08:00:00,9650.166647769413,8605.89546461343,7379.742028507805
forecast_4713,2025-07-16 09:00:00,6189.3202751676745,6574.931639891124,4715.791304320081
forecast_4714,2025-07-16 10:00:00,6152.80614912322,5239.0721399269,5979.81095695553
forecast_4715,2025-07-16 11:00:00,4829.059869630505,4532.89893809567,4211.4992952510665
forecast_4716,2025-07-16 12:00:00,4048.3657848757557,4410.034784188113,3966.928374104836
forecast_4717,2025-07-16 13:00:00,5989.0807288094375,7155.119818656337,5305.108405794097
forecast_4718,2025-07-16 14:00:00,4829.943656941521,6072.079044520639,4820.6112552641835
forecast_4719,2025-07-16 15:00:00,4259.779673423542,4937.827602019659,2608.5519297664064
forecast_4720,2025-07-16 16:00:00,4743.297530948746,4810.320052868426,3274.324938457125
forecast_4721,2025-07-16 17:00:00,4628.714428388173,5095.629727353489,2951.2097713127637
forecast_4722,2025-07-16 18:00:00,3719.999340236678,4290.2964387801085,2845.661696497037
forecast_4723,2025-07-16 19:00:00,5705.005417132112,6526.840350250402,3858.071496247989
forecast_4724,2025-07-16 20:00:00,3676.231799554709,4645.59985046234,2650.540417556503
forecast_4725,2025-07-16 21:00:00,4919.439660970136,5982.701785410047,3732.568432141137
forecast_4726,2025-07-16 22:00:00,6144.606889980943,7190.405504592104,4735.639889188396
forecast_4727,2025-07-16 23:00:00,8690.137383114987,10251.474500993563,6042.959986069725
forecast_4728,2025-07-17 00:00:00,11219.526722780949,12881.623697927318,9172.169622402142
forecast_4729,2025-07-17 01:00:00,13550.289362817291,13987.661144444548,11624.168332160398
forecast_4730,2025-07-17 02:00:00,13342.670581011149,14957.72710010485,12770.546476653373
forecast_4731,2025-07-17 03:00:00,13624.025387978876,14583.541879189883,12243.271412058837
forecast_4732,2025-07-17 04:00:00,10515.637314284359,12799.22830285918,8916.896163758456
forecast_4733,2025-07-17 05:00:00,10622.09362054481,11807.532284189596,8432.794665967363
forecast_4734,2025-07-17 06:00:00,9712.916630177126,11638.552023628208,8484.225951340744
forecast_4735,2025-07-17 07:00:00,11326.516929513575,14063.269034587162,11478.633492120893
forecast_4736,2025-07-17 08:00:00,11470.969770321613,13391.002333075858,11471.388046457423
forecast_4737,2025-07-17 09:00:00,10622.898445010185,13560.937748067885,10939.656737925092
forecast_4738,2025-07-17 10:00:00,10347.174700293708,13668.64997144114,10535.00479417077
forecast_4739,2025-07-17 11:00:00,9732.685115972445,12379.620487678958,9737.714457085924
forecast_4740,2025-07-17 12:00:00,9038.530785503206,10760.764879720606,7582.09381462002
forecast_4741,2025-07-17 13:00:00,9461.176312715037,12087.670107344933,8611.64203312439
forecast_4742,2025-07-17 14:00:00,9720.24732298777,12188.54102403066,8769.52921949269
forecast_4743,2025-07-17 15:00:00,9507.563453809571,11643.797008232876,9518.630197198556
forecast_4744,2025-07-17 16:00:00,8865.625036174748,10673.759240999207,8233.592723994614
forecast_4745,2025-07-17 17:00:00,8535.51285916452,9852.901731094087,7621.9146587577725
forecast_4746,2025-07-17 18:00:00,8624.731514382533,9791.578049807715,7390.583284529523
forecast_4747,2025-07-17 19:00:00,8467.67985894064,9845.398292882088,7166.534112924077
forecast_4748,2025-07-17 20:00:00,7903.611333481936,9078.754737159867,6797.418883786676
forecast_4749,2025-07-17 21:00:00,8779.39848681352,11536.656042740276,7158.075227753277
forecast_4750,2025-07-17 22:00:00,7578.048244758997,9360.903434181044,5499.227991226064
forecast_4751,2025-07-17 23:00:00,9134.846541879057,11291.667075052568,7182.713505559559
forecast_4752,2025-07-18 00:00:00,9221.344833985104,11533.038020779442,7264.740812720034
forecast_4753,2025-07-18 01:00:00,10747.119784307022,12823.556980390813,9415.80154209028
forecast_4754,2025-07-18 02:00:00,8541.33263195267,11267.349910176179,8438.433442090518
forecast_4755,2025-07-18 03:00:00,9183.575988402428,11980.057513732598,9948.919697277886
forecast_4756,2025-07-18 04:00:00,9407.779369323314,11141.580482919979,8288.612259917387
forecast_4757,2025-07-18 05:00:00,9121.820687864032,11315.778757760714,7918.537598954095
forecast_4758,2025-07-18 06:00:00,8002.076253160942,10091.05552793403,6528.160470501192
forecast_4759,2025-07-18 07:00:00,8135.536995373486,11133.868097586974,7794.0151344293945
forecast_4760,2025-07-18 08:00:00,7789.704830999297,9975.099648604944,5987.042957176107
forecast_4761,2025-07-18 09:00:00,8114.501872749426,10979.64308004006,7300.07983322948
forecast_4762,2025-07-18 10:00:00,7992.750346541676,10149.56874642641,6388.353871591686
forecast_4763,2025-07-18 11:00:00,5841.6137208954815,6317.355949549017,4954.724055462277
forecast_4764,2025-07-18 12:00:00,3138.1261671873835,3485.4719100479274,2331.4226813956
forecast_4765,2025-07-18 13:00:00,1776.1902835587969,1761.1285950238967,1155.6571488292377
forecast_4766,2025-07-18 14:00:00,1868.7728141847151,2772.4930483936737,1721.0217653076456
forecast_4767,2025-07-18 15:00:00,3264.624795974082,3724.090896309306,2668.8621674820506
forecast_4768,2025-07-18 16:00:00,2427.446267323329,3026.7049207965833,1685.5857566458271
forecast_4769,2025-07-18 17:00:00,6090.448032162727,7230.124778441857,4694.231028642415
forecast_4770,2025-07-18 18:00:00,7088.540094250692,8344.449998057098,4858.106633565843
forecast_4771,2025-07-18 19:00:00,6976.05897510477,8240.327075663876,4658.241147803097
forecast_4772,2025-07-18 20:00:00,7555.760718835913,8517.03438952318,5285.745684676085
forecast_4773,2025-07-18 21:00:00,7433.534382862846,10323.6457019724,6456.708694333163
forecast_4774,2025-07-18 22:00:00,8973.256362492002,11810.69408333153,7682.426256135007
forecast_4775,2025-07-18 23:00:00,8186.010034814815,10687.095560815462,6888.73394562861
forecast_4776,2025-07-19 00:00:00,8158.031230771295,10369.709461358309,7368.929126947952
forecast_4777,2025-07-19 01:00:00,7505.554578671354,10553.901551727246,6138.397003745961
forecast_4778,2025-07-19 02:00:00,6311.034782252603,7601.005727971259,4945.762902098081
forecast_4779,2025-07-19 03:00:00,4929.695785436772,5851.284324021494,3721.7525484865314
forecast_4780,2025-07-19 04:00:00,5013.839333146553,6338.976038928275,3436.6788255225065
forecast_4781,2025-07-19 05:00:00,4651.755116948885,5524.684935698328,3424.5715838787232
forecast_4782,2025-07-19 06:00:00,4552.432988691319,5121.409390246639,3198.7114272097588
forecast_4783,2025-07-19 07:00:00,4950.663262937876,5498.274466835854,3797.477770868682
forecast_4784,2025-07-19 08:00:00,5668.255589098065,6701.206912257441,3998.220183904162
forecast_4785,2025-07-19 09:00:00,3897.701120637096,4069.4964199583865,3204.654830959115
forecast_4786,2025-07-19 10:00:00,5512.268555794826,6386.97374869427,4120.145585727854
forecast_4787,2025-07-19 11:00:00,7420.440237449571,10119.318850549498,6636.383657795229
forecast_4788,2025-07-19 12:00:00,9295.591291502658,11133.4927793059,7799.913058622505
forecast_4789,2025-07-19 13:00:00,8277.672270995798,9700.589605617302,7216.953802017501
forecast_4790,2025-07-19 14:00:00,9093.090874671567,12305.583931414641,9783.497309321589
forecast_4791,2025-07-19 15:00:00,9234.351556246289,12562.857736979417,10138.309406175487
forecast_4792,2025-07-19 16:00:00,9748.390106725386,12997.975575744318,10913.552141277069
forecast_4793,2025-07-19 17:00:00,9669.8931090396,12493.26862948808,11277.088941362019
forecast_4794,2025-07-19 18:00:00,9735.693459516999,11322.961591939798,10261.073727826468
forecast_4795,2025-07-19 19:00:00,9708.901846974763,10989.725428986934,9586.79097708956
forecast_4796,2025-07-19 20:00:00,9885.278786594974,11437.284040205548,9902.83093426311
forecast_4797,2025-07-19 21:00:00,9152.803972355432,11635.379186702221,8904.091607846152
forecast_4798,2025-07-19 22:00:00,10382.214929883641,12538.064031537506,10568.871447322896
forecast_4799,2025-07-19 23:00:00,9498.566150971807,10910.205088538529,7656.623477825389
forecast_4800,2025-07-20 00:00:00,9146.937480812694,11310.11473362354,7737.34697923186
forecast_4801,2025-07-20 01:00:00,11055.851803151072,13030.066863898994,9810.096313727849
forecast_4802,2025-07-20 02:00:00,11912.606225986106,14076.489512863289,12331.694553139421
forecast_4803,2025-07-20 03:00:00,11342.096611274148,13482.915624554826,11431.102977788933
forecast_4804,2025-07-20 04:00:00,12095.159193441583,13746.244250934553,11782.30529267512
forecast_4805,2025-07-20 05:00:00,11516.667761331839,13256.426142855875,10185.752707972184
forecast_4806,2025-07-20 06:00:00,10902.555108583392,13140.941753128485,9895.527551437697
forecast_4807,2025-07-20 07:00:00,9253.987665104081,12360.741487727972,8709.021411512214
forecast_4808,2025-07-20 08:00:00,8308.26359274988,11576.050255211863,7752.747602841319
forecast_4809,2025-07-20 09:00:00,7937.228177072799,9086.889939668665,7407.470175646791
forecast_4810,2025-07-20 10:00:00,6475.88830336249,8120.050685831562,6254.0849445037775
forecast_4811,2025-07-20 11:00:00,6064.26919327908,6783.702611197197,5968.886806221362
forecast_4812,2025-07-20 12:00:00,5164.8703668772905,6136.3234177372815,4717.397236617634
forecast_4813,2025-07-20 13:00:00,4428.5138701551505,4960.851476505124,4160.79925801425
forecast_4814,2025-07-20 14:00:00,4370.8848107411095,4347.005784219278,3512.304511254472
forecast_4815,2025-07-20 15:00:00,3856.145649616972,4537.433630179918,3668.4962419471194
forecast_4816,2025-07-20 16:00:00,3832.5343771122803,4189.735767890642,3517.008595308097
forecast_4817,2025-07-20 17:00:00,4533.844787921645,4968.730504430348,3959.9585197651586
forecast_4818,2025-07-20 18:00:00,4811.329461209199,5199.77638267714,4170.87095264053
forecast_4819,2025-07-20 19:00:00,7106.522410866706,7440.778560501371,5705.551032781285
forecast_4820,2025-07-20 20:00:00,8228.90769466326,8331.491545798515,6607.550540281297
forecast_4821,2025-07-20 21:00:00,10079.420721060938,9968.416120544618,8044.078535505849
forecast_4822,2025-07-20 22:00:00,11568.5535000478,12381.16304961048,9573.387605588296
forecast_4823,2025-07-20 23:00:00,11482.460574575238,12241.052743561999,8781.979150060884
forecast_4824,2025-07-21 00:00:00,11097.08929366596,11817.663191226176,9369.254516588215
forecast_4825,2025-07-21 01:00:00,11424.25493831409,11667.20387423368,8387.4278346911
forecast_4826,2025-07-21 02:00:00,12407.477153587615,12867.767349157984,9838.948533988374
forecast_4827,2025-07-21 03:00:00,11504.108462270804,11654.576090400906,8834.460949070268
forecast_4828,2025-07-21 04:00:00,9397.347431417811,9737.63248659682,7520.172959322387
forecast_4829,2025-07-21 05:00:00,8384.710343768682,9386.03346549125,6759.191536130295
forecast_4830,2025-07-21 06:00:00,8952.877813482472,9646.926320419305,7201.6353600851335
forecast_4831,2025-07-21 07:00:00,9676.797596906223,9715.73955496473,7911.771019997568
forecast_4832,2025-07-21 08:00:00,10537.308303595762,10240.550924999783,6930.154145670589
forecast_4833,2025-07-21 09:00:00,10732.979834750106,10943.137464361256,7913.022104508001
forecast_4834,2025-07-21 10:00:00,7148.566663373867,8158.01617767986,7046.017748933767
forecast_4835,2025-07-21 11:00:00,6363.3542534830085,6082.212460957124,6623.380881804692
forecast_4836,2025-07-21 12:00:00,5235.555879414797,5474.030180090173,5460.299429260444
forecast_4837,2025-07-21 13:00:00,5647.824676213995,5039.987967280585,5221.948845297318
forecast_4838,2025-07-21 14:00:00,5922.675073207487,5787.005044319337,5318.962562116446
forecast_4839,2025-07-21 15:00:00,5681.310791141847,5239.222658884281,4858.420844537756
forecast_4840,2025-07-21 16:00:00,5496.151733125938,5191.36427539942,4198.707752552544
forecast_4841,2025-07-21 17:00:00,5486.861753905123,5299.380950451944,4500.730245583616
forecast_4842,2025-07-21 18:00:00,6680.749860269841,6226.663989888144,4870.419153854574
forecast_4843,2025-07-21 19:00:00,9466.709716336361,8993.37872036549,7677.607820509688
forecast_4844,2025-07-21 20:00:00,10984.643633485039,9621.64794866336,7799.0042613184005
forecast_4845,2025-07-21 21:00:00,12465.885203999156,11753.2621494437,9660.418586178092
forecast_4846,2025-07-21 22:00:00,13857.471786972816,13129.484352890206,10706.09333992765
forecast_4847,2025-07-21 23:00:00,14138.633403709046,13027.169550045735,10090.359986422915
forecast_4848,2025-07-22 00:00:00,13579.757629209513,12964.533880052772,10449.206283935995
forecast_4849,2025-07-22 01:00:00,12637.677998472449,12654.79087169973,9948.59761661674
forecast_4850,2025-07-22 02:00:00,13983.29309382652,14643.365672901527,12472.913481588615
forecast_4851,2025-07-22 03:00:00,14764.425774310615,14419.48019234271,12107.58292145991
forecast_4852,2025-07-22 04:00:00,14131.13388765173,14325.179876241655,11056.871189266323
forecast_4853,2025-07-22 05:00:00,13913.902281451323,13708.961674830365,11139.14784112892
forecast_4854,2025-07-22 06:00:00,13863.997409576932,13266.401023249502,9364.639547892739
forecast_4855,2025-07-22 07:00:00,11693.338179348832,11953.659506310612,9675.314845184892
forecast_4856,2025-07-22 08:00:00,11207.621046441423,11702.777366874761,10608.97228304802
forecast_4857,2025-07-22 09:00:00,9134.788619234174,9072.72635919916,7096.835321654973
forecast_4858,2025-07-22 10:00:00,5963.664147431614,6311.54111175784,4003.865740197063
forecast_4859,2025-07-22 11:00:00,4513.745384693454,3815.4448329429993,2875.565541111605
forecast_4860,2025-07-22 12:00:00,3046.965134255805,2518.4171286089704,1986.925631761303
forecast_4861,2025-07-22 13:00:00,2696.9537150818624,2435.9992798698636,2030.4575062986519
forecast_4862,2025-07-22 14:00:00,3006.4435270673084,2615.458713145194,2356.0806191357465
forecast_4863,2025-07-22 15:00:00,3181.157873959933,2941.4738833775014,2176.9159868524002
forecast_4864,2025-07-22 16:00:00,3514.5001696897434,2902.9487850684964,2112.5721290895526
forecast_4865,2025-07-22 17:00:00,3280.507839903937,2806.0404245996356,2103.5662339050095
forecast_4866,2025-07-22 18:00:00,2524.9202229377847,2532.5037719649326,1691.1664037671474
forecast_4867,2025-07-22 19:00:00,3017.2605070924865,3010.8748002702982,2018.8137504979263
forecast_4868,2025-07-22 20:00:00,4862.455501767748,4100.274961571389,3358.262339983558
forecast_4869,2025-07-22 21:00:00,5958.7967532742205,5096.546224725647,3802.344717943411
forecast_4870,2025-07-22 22:00:00,6191.302047192896,5657.844906806295,4338.453716023725
forecast_4871,2025-07-22 23:00:00,7473.535911323638,7094.538769759479,5014.191093783013
forecast_4872,2025-07-23 00:00:00,7398.487638572507,7270.965827144653,5269.23997334729
forecast_4873,2025-07-23 01:00:00,9295.648501799773,8569.84720915709,5934.945008003078
forecast_4874,2025-07-23 02:00:00,9906.405439531482,9291.381985082664,7197.335139778015
forecast_4875,2025-07-23 03:00:00,10656.977137196776,10280.101662433775,6511.218070911456
forecast_4876,2025-07-23 04:00:00,9766.49619381495,9022.698933329222,5493.232622733438
forecast_4877,2025-07-23 05:00:00,8408.505279410307,7453.44370415495,5205.828172956654
forecast_4878,2025-07-23 06:00:00,7554.862417390242,6489.881047530808,4565.134773156124
forecast_4879,2025-07-23 07:00:00,5878.266081052974,5204.799187005261,3637.889763215656
forecast_4880,2025-07-23 08:00:00,4576.736964035012,3836.5544657411674,2390.255764924336
forecast_4881,2025-07-23 09:00:00,3017.449099566305,1858.6885055874409,1777.9823942367532
forecast_4882,2025-07-23 10:00:00,922.3954212171925,831.5873163292001,628.2650699218291
forecast_4883,2025-07-23 11:00:00,719.757499365143,534.3259745962863,336.3657930099297
forecast_4884,2025-07-23 12:00:00,362.8061432954868,297.434004497301,198.698888768197
forecast_4885,2025-07-23 13:00:00,166.2578159568346,198.61012166211978,164.32929698368784
forecast_4886,2025-07-23 14:00:00,215.18644334185106,167.48776204842724,146.80506016527758
forecast_4887,2025-07-23 15:00:00,856.4415330509528,731.3326540112151,697.0691906176114
forecast_4888,2025-07-23 16:00:00,617.198334147294,768.2024053351956,658.8987710839024
forecast_4889,2025-07-23 17:00:00,469.37489853737407,536.4590091072492,411.11166078712864
forecast_4890,2025-07-23 18:00:00,629.6097773019097,695.4023133326876,389.4225218630081
forecast_4891,2025-07-23 19:00:00,1195.9431932481823,1297.2381675042502,627.9250791044402
forecast_4892,2025-07-23 20:00:00,1323.8401789198724,1582.688532973575,1073.2705229009564
forecast_4893,2025-07-23 21:00:00,2356.145477661552,2498.391188589078,1454.3742242405312
forecast_4894,2025-07-23 22:00:00,4134.220242706887,4395.545634977169,2806.3105859879192
forecast_4895,2025-07-23 23:00:00,4258.93753545635,4213.771388722026,2860.6913126975064
forecast_4896,2025-07-24 00:00:00,4796.837041170627,4731.003407500037,3282.1364031391104
forecast_4897,2025-07-24 01:00:00,6296.085104693799,5590.752109725431,3587.1253133494642
forecast_4898,2025-07-24 02:00:00,7452.497205224741,7201.880743235993,4381.751799847701
forecast_4899,2025-07-24 03:00:00,8232.834468414077,7451.30267403096,4719.932978436656
forecast_4900,2025-07-24 04:00:00,7909.562318048939,7745.9595144381765,5036.238224221205
forecast_4901,2025-07-24 05:00:00,7549.541527019049,7411.5121275790525,4611.445176046552
forecast_4902,2025-07-24 06:00:00,6971.2785959978555,6897.119813135077,4153.681562194818
forecast_4903,2025-07-24 07:00:00,4599.038076146252,4032.941525888611,2456.001972713955
forecast_4904,2025-07-24 08:00:00,1799.4220068561413,1287.461698437057,887.6185211347828
forecast_4905,2025-07-24 09:00:00,499.80690319799896,287.4917448308071,170.9850066643781
forecast_4906,2025-07-24 10:00:00,234.45857405171057,140.67582502168386,112.31593574550773
forecast_4907,2025-07-24 11:00:00,125.81503819658043,142.16851804538632,78.48462574155805
forecast_4908,2025-07-24 12:00:00,126.83677405514942,123.35044772658655,75.89575212016817
forecast_4909,2025-07-24 13:00:00,129.5432829977905,179.33584439802493,117.70466783405155
forecast_4910,2025-07-24 14:00:00,156.97213236523692,204.40282473833162,219.1922193119862
forecast_4911,2025-07-24 15:00:00,153.04114012821694,165.99648117074238,114.92950095449397
forecast_4912,2025-07-24 16:00:00,365.10030413047934,238.00245057651085,206.1937400881345
forecast_4913,2025-07-24 17:00:00,237.48329794806673,165.48750327794374,99.02552364918562
forecast_4914,2025-07-24 18:00:00,217.94056593010504,233.9201166472548,111.94917948106693
forecast_4915,2025-07-24 19:00:00,545.0576276240619,547.7280154923986,249.98369652084187
forecast_4916,2025-07-24 20:00:00,891.2407344692579,950.8308182938366,482.4539410902432
forecast_4917,2025-07-24 21:00:00,973.0985781195193,968.9483749547774,403.04267997334244
forecast_4918,2025-07-24 22:00:00,1575.3214958075646,1364.8033647337245,777.0216568598814
forecast_4919,2025-07-24 23:00:00,1948.6143383341807,1844.3363399262566,1004.294903152649
forecast_4920,2025-07-25 00:00:00,1796.1766219806054,1820.410649947314,917.9883323325533
forecast_4921,2025-07-25 01:00:00,2436.021971846866,2343.066283421695,1233.0363144099856
forecast_4922,2025-07-25 02:00:00,3953.9603151424303,3859.898758350281,2708.497024451705
forecast_4923,2025-07-25 03:00:00,3630.4079011337917,3739.3301166280116,2667.651124881817
forecast_4924,2025-07-25 04:00:00,3190.6618060829423,2704.3124017393084,2075.456671678341
forecast_4925,2025-07-25 05:00:00,3424.506836812826,3179.8834156650123,2318.34842558454
forecast_4926,2025-07-25 06:00:00,3088.302999110938,3017.682127374767,1674.411289504586
forecast_4927,2025-07-25 07:00:00,1787.187520236442,1560.3739154486254,1068.5207179143274
forecast_4928,2025-07-25 08:00:00,753.9264331959724,544.6489147411975,411.7314589938237
forecast_4929,2025-07-25 09:00:00,457.0238848090427,342.933217921514,359.34789129769354
forecast_4930,2025-07-25 10:00:00,331.60629276683113,232.0878071820805,270.425641571605
forecast_4931,2025-07-25 11:00:00,222.38003983041955,172.6884623645533,160.66089516157575
forecast_4932,2025-07-25 12:00:00,162.08381680766792,161.8683121380072,155.7561989186811
forecast_4933,2025-07-25 13:00:00,143.1423868157094,195.56384543137787,133.0864317016848
forecast_4934,2025-07-25 14:00:00,154.7499134101866,208.31689272762588,199.77539508638498
forecast_4935,2025-07-25 15:00:00,164.32612906908125,236.373476882368,204.94472497034002
forecast_4936,2025-07-25 16:00:00,389.44837111115385,435.40898202932715,222.77321649890652
forecast_4937,2025-07-25 17:00:00,441.11623929571584,450.59537607512334,236.70433613913997
forecast_4938,2025-07-25 18:00:00,773.2565033587196,823.947351368779,666.9171344313058
forecast_4939,2025-07-25 19:00:00,1349.3723271744907,1486.9982517315389,860.2711986943651
forecast_4940,2025-07-25 20:00:00,1629.373453337669,1873.0900041393793,1065.5673464853921
forecast_4941,2025-07-25 21:00:00,2106.4084967380613,2444.67824360024,1353.8817305519465
forecast_4942,2025-07-25 22:00:00,3233.3024062223735,2999.01725215357,1992.6613735685082
forecast_4943,2025-07-25 23:00:00,3782.9492479341666,3285.95728585085,2337.7068723679236
forecast_4944,2025-07-26 00:00:00,5345.335390109418,4538.05205157318,3798.5337465477655
forecast_4945,2025-07-26 01:00:00,8029.313843690937,7509.85799780639,6527.596985129237
forecast_4946,2025-07-26 02:00:00,7854.945519912717,7341.307924868394,6058.871065922016
forecast_4947,2025-07-26 03:00:00,7264.908954308411,6897.236566726514,5655.754130474445
forecast_4948,2025-07-26 04:00:00,5651.986667314754,5346.459515399685,4165.1166640239
forecast_4949,2025-07-26 05:00:00,4389.0046193344315,4065.866386677169,2776.8279768624507
forecast_4950,2025-07-26 06:00:00,2996.3925133963426,2640.2506217641785,1748.0856944652533
forecast_4951,2025-07-26 07:00:00,1827.9672967927802,1682.1117589639355,1066.1756435167504
forecast_4952,2025-07-26 08:00:00,946.7785150793359,999.3220621436689,616.8330709066677
forecast_4953,2025-07-26 09:00:00,609.7427943573182,523.5029346769442,427.2021349157186
forecast_4954,2025-07-26 10:00:00,362.95306229087464,428.5813731183375,478.35299146118575
forecast_4955,2025-07-26 11:00:00,324.9009520837596,301.95987073642806,367.77784515968125
forecast_4956,2025-07-26 12:00:00,222.01591217384453,202.24582863167976,134.1277746759669
forecast_4957,2025-07-26 13:00:00,166.62661253275888,199.02508149151777,87.28403822562522
forecast_4958,2025-07-26 14:00:00,237.6352714620595,240.6338300919763,121.98418948899167
forecast_4959,2025-07-26 15:00:00,277.32269892116426,301.46311727289793,188.8657169565468
forecast_4960,2025-07-26 16:00:00,358.7514570490872,386.8173114124404,188.1382351755
forecast_4961,2025-07-26 17:00:00,161.38147961855879,234.26006949676713,166.95831705592366
forecast_4962,2025-07-26 18:00:00,317.26594933702626,358.3619845372483,192.9911877022893
forecast_4963,2025-07-26 19:00:00,756.0382923969659,712.210740647737,452.8614341521578
forecast_4964,2025-07-26 20:00:00,1255.5374049831876,1334.1488119293529,675.8289212544059
forecast_4965,2025-07-26 21:00:00,1265.7543067601357,1474.2648486028195,664.5783909706527
forecast_4966,2025-07-26 22:00:00,1964.5445102042015,1916.0150390909298,912.364984398819
forecast_4967,2025-07-26 23:00:00,3616.055585670943,3831.9602199413384,2593.087791960007
forecast_4968,2025-07-27 00:00:00,7159.196953807494,5972.613131367892,4766.2327212525
forecast_4969,2025-07-27 01:00:00,9345.158920019769,9201.685465963075,6191.654594964948
forecast_4970,2025-07-27 02:00:00,8705.138433644883,8439.01878593207,5348.4850745099375
forecast_4971,2025-07-27 03:00:00,7143.450315904547,7136.189008154865,4638.698831092488
forecast_4972,2025-07-27 04:00:00,6800.733134664154,6724.412547351036,4929.295347003544
forecast_4973,2025-07-27 05:00:00,6965.267334447689,5894.388099340222,4979.312472388938
forecast_4974,2025-07-27 06:00:00,7349.903219469159,6507.844016585062,5236.430763917573
forecast_4975,2025-07-27 07:00:00,6012.228835369853,5061.839734254907,3836.0813733633668
forecast_4976,2025-07-27 08:00:00,3912.9006705849743,3458.760304777468,2006.5002284629666
forecast_4977,2025-07-27 09:00:00,2008.6639980886407,1743.2753355824884,1089.3310767443681
forecast_4978,2025-07-27 10:00:00,1484.356394066544,1107.3701017020176,994.6253030614587
forecast_4979,2025-07-27 11:00:00,1076.1020796116297,966.3334299477677,934.5052685647913
forecast_4980,2025-07-27 12:00:00,1147.4505080275567,1057.2790653764741,735.4947061805138
forecast_4981,2025-07-27 13:00:00,1102.1894453534935,1081.4297381874962,774.596563653172
forecast_4982,2025-07-27 14:00:00,1193.6797501300307,1276.3829795354804,806.5849778942362
forecast_4983,2025-07-27 15:00:00,1357.4955242847345,1332.7384910213166,1595.9932284740855
forecast_4984,2025-07-27 16:00:00,1857.441229728194,1925.6525185739326,2114.5763217211047
forecast_4985,2025-07-27 17:00:00,1917.5809555365454,1902.3610421156036,2007.5303243626938
forecast_4986,2025-07-27 18:00:00,1619.058255305804,2158.656387515981,1643.2587349652752
forecast_4987,2025-07-27 19:00:00,2889.5134624806738,3190.470103646816,2370.654344591538
forecast_4988,2025-07-27 20:00:00,4586.434383399332,4557.750391061996,3724.117386552807
forecast_4989,2025-07-27 21:00:00,5215.629857372738,5077.72232818792,4124.8121130548025
forecast_4990,2025-07-27 22:00:00,6785.845560897275,6126.912982858111,4473.946952070085
forecast_4991,2025-07-27 23:00:00,7794.252744558456,6935.0742816576785,5258.1707972605045
forecast_4992,2025-07-28 00:00:00,9152.708555772375,8238.761123639628,5979.200806956135
forecast_4993,2025-07-28 01:00:00,10186.590386547405,8836.571729590452,6738.246740542309
forecast_4994,2025-07-28 02:00:00,10797.460685561302,9180.357222055556,7408.151492644377
forecast_4995,2025-07-28 03:00:00,11464.804406273173,9402.414943205527,7866.989797492756
forecast_4996,2025-07-28 04:00:00,11291.815903760684,9418.285073709249,7654.592002435094
forecast_4997,2025-07-28 05:00:00,10068.655154567396,8970.955154198224,6738.88004630432
forecast_4998,2025-07-28 06:00:00,7486.671150936368,7300.236957291795,5800.233148812896
forecast_4999,2025-07-28 07:00:00,6261.364337423922,5453.756463481922,3651.243310906366
forecast_5000,2025-07-28 08:00:00,4463.008055621693,3489.7871469435286,2570.303051876615
forecast_5001,2025-07-28 09:00:00,2671.166294696676,1777.0768366972814,1688.91222797365
forecast_5002,2025-07-28 10:00:00,888.735747564212,687.0025427990979,623.5377416050129
forecast_5003,2025-07-28 11:00:00,468.68151772847153,287.2339734792326,185.06280413712352
forecast_5004,2025-07-28 12:00:00,231.40925101348802,251.68886778698104,171.4165447426972
forecast_5005,2025-07-28 13:00:00,452.0735204400289,453.43603273568687,286.7230619717887
forecast_5006,2025-07-28 14:00:00,524.8592478448321,494.5159089413823,361.4029420257116
forecast_5007,2025-07-28 15:00:00,169.10724944086326,240.54152246733005,207.4044110357787
forecast_5008,2025-07-28 16:00:00,228.78663938143833,241.81442046067258,210.80237751730968
forecast_5009,2025-07-28 17:00:00,545.379971180006,615.4640786190068,340.8399747855177
forecast_5010,2025-07-28 18:00:00,421.42226739463496,300.0605263019746,157.22561620685732
forecast_5011,2025-07-28 19:00:00,523.7482466506731,336.3989125728946,152.6981232042867
forecast_5012,2025-07-28 20:00:00,727.1390459531508,526.9772694707658,329.2923625328594
forecast_5013,2025-07-28 21:00:00,1255.3026469968001,1157.047255926965,364.6615572669976
forecast_5014,2025-07-28 22:00:00,1092.517649624322,813.0750931082842,475.82078328356863
forecast_5015,2025-07-28 23:00:00,897.8697538731972,594.0561128311515,298.6982178130021
forecast_5016,2025-07-29 00:00:00,1105.910618960738,779.5269714331214,531.8677017179639
forecast_5017,2025-07-29 01:00:00,2667.517579240737,2435.35942871807,1416.4966380278206
forecast_5018,2025-07-29 02:00:00,3086.5770690947998,2714.6154073848757,1476.38379169852
forecast_5019,2025-07-29 03:00:00,2630.009535685131,2251.1788800479094,1282.196102166862
forecast_5020,2025-07-29 04:00:00,2458.935978920413,2115.3794557649894,1383.809636549435
forecast_5021,2025-07-29 05:00:00,1867.1429846542833,1487.5119903478294,911.769168180672
forecast_5022,2025-07-29 06:00:00,686.2320907958191,611.1987087932545,474.3071874159238
forecast_5023,2025-07-29 07:00:00,339.60679299883475,266.4822896239384,144.8944506630804
forecast_5024,2025-07-29 08:00:00,284.40126129545075,254.46877332687183,82.3397019359568
forecast_5025,2025-07-29 09:00:00,172.56272145462881,153.16421569427058,77.27619712380066
forecast_5026,2025-07-29 10:00:00,116.25521788165572,127.88090738105396,74.77451855292742
forecast_5027,2025-07-29 11:00:00,123.77225298432614,146.5360844915802,115.9912057554698
forecast_5028,2025-07-29 12:00:00,159.81565716701496,155.92655788194716,149.610506405357
forecast_5029,2025-07-29 13:00:00,186.7096030455131,225.89137057244415,169.39718227309044
forecast_5030,2025-07-29 14:00:00,194.14455523507527,199.4183071471257,117.25018302282395
forecast_5031,2025-07-29 15:00:00,202.42835894458506,196.73488546394506,104.35620807831572
forecast_5032,2025-07-29 16:00:00,221.3052398610914,183.80916241566987,111.29168061393985
forecast_5033,2025-07-29 17:00:00,248.58751912057662,167.44621771282723,114.9627325723155
forecast_5034,2025-07-29 18:00:00,296.7849229315049,297.56138191007733,151.14047450123232
forecast_5035,2025-07-29 19:00:00,717.0496948023862,1086.3442610756013,569.1114313525818
forecast_5036,2025-07-29 20:00:00,733.0622138705635,979.2324765003394,492.64682993985485
forecast_5037,2025-07-29 21:00:00,889.8335627478835,896.2256552900243,530.5206550209912
forecast_5038,2025-07-29 22:00:00,1401.9318717892522,1367.237298441717,743.6486593604149
forecast_5039,2025-07-29 23:00:00,1621.654170441122,1523.8036108002934,942.7893198585699
forecast_5040,2025-07-30 00:00:00,2291.5715524030174,2233.818299993076,1712.6926374901295
forecast_5041,2025-07-30 01:00:00,1806.559498859722,1884.1189583290445,1036.180467839377
forecast_5042,2025-07-30 02:00:00,2003.0503565154763,2060.6349757517796,1344.1460886403213
forecast_5043,2025-07-30 03:00:00,1939.989095595107,2121.0473692812234,1308.0718166644788
forecast_5044,2025-07-30 04:00:00,1585.568509251508,1677.6667161640132,851.3182184004031
forecast_5045,2025-07-30 05:00:00,908.5132798751096,897.0430615008752,626.9326559644354
forecast_5046,2025-07-30 06:00:00,767.4958801214931,730.0517280907592,399.6458542360314
forecast_5047,2025-07-30 07:00:00,707.0277165056723,442.92273995853566,267.1713928636764
forecast_5048,2025-07-30 08:00:00,382.35098491477004,430.5358863970865,101.66744400911334
forecast_5049,2025-07-30 09:00:00,294.66705802451236,199.1329329027136,83.76416972400712
forecast_5050,2025-07-30 10:00:00,168.87298471593746,189.52471050169413,94.46136795062374
forecast_5051,2025-07-30 11:00:00,262.1696075937573,229.40968916169467,141.88958901119267
forecast_5052,2025-07-30 12:00:00,405.86921390266065,474.2831775697311,273.0854484941731
forecast_5053,2025-07-30 13:00:00,578.2838576233977,620.837877261916,333.6536527872251
forecast_5054,2025-07-30 14:00:00,663.9630423119683,621.7360473289101,477.3865877384946
forecast_5055,2025-07-30 15:00:00,653.4768719048516,659.4601559392949,406.2319018024679
forecast_5056,2025-07-30 16:00:00,567.1364339020436,472.7985631079947,346.5839145344983
forecast_5057,2025-07-30 17:00:00,447.2683544765729,508.0577780392277,276.67501068709925
forecast_5058,2025-07-30 18:00:00,371.9100313489293,491.82075830561143,187.5140833010384
forecast_5059,2025-07-30 19:00:00,552.9926920087873,471.8906026341698,173.87108562837116
forecast_5060,2025-07-30 20:00:00,858.0074500807541,921.4421720611025,253.56627366523023
forecast_5061,2025-07-30 21:00:00,1699.1883434026345,1343.2925991941327,508.8843382229519
forecast_5062,2025-07-30 22:00:00,2182.890623022475,1813.0229607071062,605.8022136672207
forecast_5063,2025-07-30 23:00:00,2219.6879036778846,1926.4351414332652,733.6322642062182
forecast_5064,2025-07-31 00:00:00,1886.9331168300646,1819.2123682041517,608.0184306754923
forecast_5065,2025-07-31 01:00:00,2247.0715853434363,2662.1129565352435,973.8613143408091
forecast_5066,2025-07-31 02:00:00,2836.9147281199757,2721.356681847658,1103.6601190287563
forecast_5067,2025-07-31 03:00:00,3872.4338973795457,3559.066679035696,1560.7760697781282
forecast_5068,2025-07-31 04:00:00,4166.063352126749,3605.1596950551066,1653.5430939426487
forecast_5069,2025-07-31 05:00:00,3515.4163926514316,3461.9530757590605,1374.7372912744245
forecast_5070,2025-07-31 06:00:00,2121.933779402787,1873.8881542637027,562.3377582518747
forecast_5071,2025-07-31 07:00:00,1558.3938678570335,1315.1527259894988,474.32170893926855
forecast_5072,2025-07-31 08:00:00,1307.3821435377436,1194.4524748995864,493.2096248388666
forecast_5073,2025-07-31 09:00:00,829.7678321494735,833.288550613889,368.87389863965234
forecast_5074,2025-07-31 10:00:00,969.8059326024953,1068.0853806900245,436.030057167865
forecast_5075,2025-07-31 11:00:00,1140.6718330676765,1346.1748992118976,536.5177641960886
forecast_5076,2025-07-31 12:00:00,1179.4899310404305,1247.6503846205646,560.9625611658792
forecast_5077,2025-07-31 13:00:00,1098.98722795291,1263.1869771666156,491.1131833386712
forecast_5078,2025-07-31 14:00:00,894.3303044508059,1069.478596384037,470.1934346784406
forecast_5079,2025-07-31 15:00:00,599.4279564153886,903.4740185836514,381.2445948299881
forecast_5080,2025-07-31 16:00:00,547.9029607615876,727.6176352533246,342.92769369077627
forecast_5081,2025-07-31 17:00:00,416.5454876214949,633.6240071270789,274.29618140033705
forecast_5082,2025-07-31 18:00:00,419.9615812610318,420.59504417072435,227.2023130000279
forecast_5083,2025-07-31 19:00:00,277.9637861119777,263.7499596497015,87.63159966010414
forecast_5084,2025-07-31 20:00:00,279.438076607907,242.73179037413442,95.29821858931852
forecast_5085,2025-07-31 21:00:00,512.529507846759,395.12154906608026,153.64049114109037
forecast_5086,2025-07-31 22:00:00,1164.4259328267988,1043.1108093570847,374.65191085992126
forecast_5087,2025-07-31 23:00:00,1483.94016590019,1271.9517691536748,404.71550416146636
forecast_5088,2025-08-01 00:00:00,1386.6425319265868,1303.3262573303386,441.3080118291966
forecast_5089,2025-08-01 01:00:00,1082.9380424826559,961.2939661607596,520.2194611970771
forecast_5090,2025-08-01 02:00:00,779.3031914500659,605.2742203843861,445.37973911607924
forecast_5091,2025-08-01 03:00:00,807.8404923606012,696.2989489682666,478.0475892179772
forecast_5092,2025-08-01 04:00:00,578.6123970850314,434.9740079957329,363.1512360310262
forecast_5093,2025-08-01 05:00:00,555.0219891664206,438.2327430743388,456.67982531504646
forecast_5094,2025-08-01 06:00:00,432.2379068186407,326.8555369437499,246.88097206367146
forecast_5095,2025-08-01 07:00:00,356.7856633619308,293.27076199254526,103.00333198542411
forecast_5096,2025-08-01 08:00:00,264.7812011335456,222.8394112538537,84.27160087177016
forecast_5097,2025-08-01 09:00:00,162.47085460920178,132.17474783945656,71.46572565575778
forecast_5098,2025-08-01 10:00:00,109.25090650379201,121.22308564690502,76.85263323466164
forecast_5099,2025-08-01 11:00:00,119.13598635002766,133.1935763578215,134.60166174012122
forecast_5100,2025-08-01 12:00:00,165.06568646670544,252.98559105327163,235.60571129631484
forecast_5101,2025-08-01 13:00:00,259.33291857478497,375.7713797066743,365.7284135649085
forecast_5102,2025-08-01 14:00:00,182.0795853674316,279.0066390298742,248.67933105878194
forecast_5103,2025-08-01 15:00:00,163.652941662175,212.00447293454476,147.00240203402848
forecast_5104,2025-08-01 16:00:00,139.17517783767406,161.21314719833123,122.3140373844089
forecast_5105,2025-08-01 17:00:00,144.07641349994262,148.7400444721276,92.58652561738603
forecast_5106,2025-08-01 18:00:00,221.937901157367,286.60286343698664,125.07322702215377
forecast_5107,2025-08-01 19:00:00,643.5446561258779,819.4791669722766,272.36399788483527
forecast_5108,2025-08-01 20:00:00,891.5461506282649,903.8748823454517,331.85153745287585
forecast_5109,2025-08-01 21:00:00,936.1574414637437,976.5101246624571,359.94754385341434
forecast_5110,2025-08-01 22:00:00,1035.601035842102,1169.6728300672855,387.09533942683083
forecast_5111,2025-08-01 23:00:00,534.2489191043404,580.5034892141615,136.83652206922918
forecast_5112,2025-08-02 00:00:00,537.7725312072511,503.5409904773738,180.59299975994708
forecast_5113,2025-08-02 01:00:00,3867.0330110748923,3589.069865309469,2095.405629684362
forecast_5114,2025-08-02 02:00:00,6460.338811760683,5895.990890558772,3528.980419689635
forecast_5115,2025-08-02 03:00:00,7044.473621987204,6847.778078849638,4126.1701289360535
forecast_5116,2025-08-02 04:00:00,7417.265960207154,6694.680959855826,4245.323968963566
forecast_5117,2025-08-02 05:00:00,7487.9243158868,7477.625059824688,4601.0015068783705
forecast_5118,2025-08-02 06:00:00,7742.334636039549,8976.286194803695,5499.297030023539
forecast_5119,2025-08-02 07:00:00,7862.514676993812,7854.262336151174,5241.488832443342
forecast_5120,2025-08-02 08:00:00,6695.579881101841,5974.32977247144,3093.9823000544125
forecast_5121,2025-08-02 09:00:00,4815.0712039099135,4890.15382207459,2799.6619746514702
forecast_5122,2025-08-02 10:00:00,2993.392479173641,2855.762815334885,2005.2929831959511
forecast_5123,2025-08-02 11:00:00,2342.6995359617295,1997.038667433904,1416.1027548685395
forecast_5124,2025-08-02 12:00:00,1812.0814985501543,1579.652129343597,1189.780230637935
forecast_5125,2025-08-02 13:00:00,1751.472042157941,1632.026377483157,1402.8269947478623
forecast_5126,2025-08-02 14:00:00,1581.9799919496675,1635.5509009680388,1346.7921039363132
forecast_5127,2025-08-02 15:00:00,1256.226624783296,1209.000074823896,1098.391944017999
forecast_5128,2025-08-02 16:00:00,517.0447959529289,501.51687702239684,413.8302555172709
forecast_5129,2025-08-02 17:00:00,378.04952423971537,334.9589054419987,275.150152735616
forecast_5130,2025-08-02 18:00:00,561.8235803369804,608.743442126085,361.0062272751998
forecast_5131,2025-08-02 19:00:00,1092.1454087839359,862.0325052288623,648.7891772449801
forecast_5132,2025-08-02 20:00:00,1009.6408051613905,881.5430719185239,466.559224882016
forecast_5133,2025-08-02 21:00:00,1391.6823269933873,1325.046390419733,861.0360195070887
forecast_5134,2025-08-02 22:00:00,1916.914972304848,1734.03431415404,1073.8192482754507
forecast_5135,2025-08-02 23:00:00,2212.755723618438,1647.548302927932,904.6238051635988
forecast_5136,2025-08-03 00:00:00,2642.9670019225523,2323.9449980964796,1615.5328185629721
forecast_5137,2025-08-03 01:00:00,3397.9405127426526,2849.10792333253,1945.3304772238287
forecast_5138,2025-08-03 02:00:00,4249.684162726002,3861.943105623754,2280.328530411128
forecast_5139,2025-08-03 03:00:00,5093.319856539544,4423.491047949668,2678.557564861648
forecast_5140,2025-08-03 04:00:00,3396.4375702228604,2281.0010902641197,1930.2365284451994
forecast_5141,2025-08-03 05:00:00,2743.4270516457277,2573.68612670006,1702.8930778292251
forecast_5142,2025-08-03 06:00:00,1851.6069512929544,1279.962903583093,940.3570307894931
forecast_5143,2025-08-03 07:00:00,495.11093539277954,328.2090799613022,267.8567475182925
forecast_5144,2025-08-03 08:00:00,388.76257376127563,320.0827144172146,111.7113332139343
forecast_5145,2025-08-03 09:00:00,843.8328058452444,778.6879719907919,167.5483357516939
forecast_5146,2025-08-03 10:00:00,381.0769501941066,340.39412539642586,167.64787590207078
forecast_5147,2025-08-03 11:00:00,314.5915255090549,412.2282785430131,157.27297196068588
forecast_5148,2025-08-03 12:00:00,639.9788374087855,979.4137393726902,370.52464527966816
forecast_5149,2025-08-03 13:00:00,1006.3212567147119,1187.1883793340307,461.0014119981253
forecast_5150,2025-08-03 14:00:00,984.5005774717755,1379.8119578536555,624.4648707342019
forecast_5151,2025-08-03 15:00:00,1316.5367854067413,1567.3544863736138,954.8924081868697
forecast_5152,2025-08-03 16:00:00,1489.2010916143365,1740.0636872967739,1003.6384716708961
forecast_5153,2025-08-03 17:00:00,1770.2432506462274,2183.843712139314,1566.9264804537597
forecast_5154,2025-08-03 18:00:00,2551.4897772245845,2922.5904736073703,2033.666613406095
forecast_5155,2025-08-03 19:00:00,4863.043714786999,5461.456759744621,3701.50117054743
forecast_5156,2025-08-03 20:00:00,5558.024693076096,6050.760537492203,4400.22626962866
forecast_5157,2025-08-03 21:00:00,4848.053737031701,5023.788699697462,3431.827314367042
forecast_5158,2025-08-03 22:00:00,4444.7590591733215,5038.072700910702,2878.933737381461
forecast_5159,2025-08-03 23:00:00,4194.438883443453,5168.9673026941955,3544.196135292774
forecast_5160,2025-08-04 00:00:00,5945.479289295933,6864.340704377376,4115.068555214976
forecast_5161,2025-08-04 01:00:00,5203.193991785168,5316.206719506874,3395.5627835665014
forecast_5162,2025-08-04 02:00:00,6093.996599568646,7245.310840365469,3666.474550326913
forecast_5163,2025-08-04 03:00:00,5906.380354108102,7493.170663731726,4055.7900081031867
forecast_5164,2025-08-04 04:00:00,7555.39073407521,8594.3085186399,5788.211472918024
forecast_5165,2025-08-04 05:00:00,7709.094986043437,9137.143296854749,6374.21433718014
forecast_5166,2025-08-04 06:00:00,8418.616221303026,9903.555750381915,6553.535208563319
forecast_5167,2025-08-04 07:00:00,7342.103633667428,8196.877797538402,5605.5063506824345
forecast_5168,2025-08-04 08:00:00,7245.010288777304,8601.445885374185,4909.060593306683
forecast_5169,2025-08-04 09:00:00,6419.007245101811,8181.0011394331395,5284.000088294906
forecast_5170,2025-08-04 10:00:00,6222.202330336328,7497.079588664845,4824.790828505669
forecast_5171,2025-08-04 11:00:00,8215.62905175161,8555.72874030423,5817.685794498246
forecast_5172,2025-08-04 12:00:00,7877.084762330147,8097.673337757111,5861.187927821254
forecast_5173,2025-08-04 13:00:00,5079.498859839372,5139.548778774735,4075.6318199540196
forecast_5174,2025-08-04 14:00:00,2975.0375786878,2888.943686395252,2855.5233750070197
forecast_5175,2025-08-04 15:00:00,2519.70311128296,2492.2690734404346,2691.051310486013
forecast_5176,2025-08-04 16:00:00,3663.2269127332247,3589.0387038579106,3776.232830650139
forecast_5177,2025-08-04 17:00:00,3438.27699357928,3258.923161240659,3434.4150542525535
forecast_5178,2025-08-04 18:00:00,3486.48034644774,3618.780877784543,3835.0633871512237
forecast_5179,2025-08-04 19:00:00,3907.3720079511336,4656.7040412460465,4228.7356679304075
forecast_5180,2025-08-04 20:00:00,4578.462864353127,4476.934929232444,4656.076546789858
forecast_5181,2025-08-04 21:00:00,5859.570492482204,5974.756071195975,5854.01359540661
forecast_5182,2025-08-04 22:00:00,6337.853740825972,6599.1334108736355,6225.827492745833
forecast_5183,2025-08-04 23:00:00,7059.607377487435,6598.161596108012,6935.550341030612
forecast_5184,2025-08-05 00:00:00,7452.745776726954,7611.894982285403,6877.563005134264
forecast_5185,2025-08-05 01:00:00,5630.502183746643,5256.771479839659,3947.5946091397814
forecast_5186,2025-08-05 02:00:00,4971.920370620975,4061.0962740484024,3193.613078276282
forecast_5187,2025-08-05 03:00:00,4393.927837187305,3874.8963183497503,2692.890586769656
forecast_5188,2025-08-05 04:00:00,4751.725138682569,4258.489978101056,2550.901330067743
forecast_5189,2025-08-05 05:00:00,3512.679482171943,3096.754075267232,1804.333955048485
forecast_5190,2025-08-05 06:00:00,2537.146907477368,2455.2565813155693,1229.8276486768834
forecast_5191,2025-08-05 07:00:00,2081.010770814003,2269.6838591625674,1130.661431304732
forecast_5192,2025-08-05 08:00:00,1685.7925817078274,2058.0328084208586,920.2371829507231
forecast_5193,2025-08-05 09:00:00,1392.8673541175278,1590.7250499506792,920.1659871242199
forecast_5194,2025-08-05 10:00:00,1892.5394113064583,1564.5398254232352,1352.306220943431
forecast_5195,2025-08-05 11:00:00,2122.084455939697,1938.2867337384885,1883.6813376806529
forecast_5196,2025-08-05 12:00:00,2965.541943599237,3012.167714950982,2759.056269465476
forecast_5197,2025-08-05 13:00:00,3958.229621116882,3863.984434859888,3730.726618721654
forecast_5198,2025-08-05 14:00:00,4316.020121938584,4564.48212658134,4116.895042722033
forecast_5199,2025-08-05 15:00:00,6088.177991188232,6502.524253885976,6282.896342298597
forecast_5200,2025-08-05 16:00:00,9055.9881556449,8450.382464928825,9610.163074935454
forecast_5201,2025-08-05 17:00:00,8033.154766158271,7029.811490825204,8967.728342527096
forecast_5202,2025-08-05 18:00:00,6975.133488764947,7026.936775645527,6505.873956817865
forecast_5203,2025-08-05 19:00:00,6832.591189218616,6721.738917888621,6112.828203473158
forecast_5204,2025-08-05 20:00:00,7521.523167631899,8062.683455829589,7344.5996118898265
forecast_5205,2025-08-05 21:00:00,8730.733488323463,8367.988885481565,7332.491798492869
forecast_5206,2025-08-05 22:00:00,9055.970412557966,9470.223672492648,7849.0144898198705
forecast_5207,2025-08-05 23:00:00,9177.897065972473,10579.663452067552,7363.815543812363
forecast_5208,2025-08-06 00:00:00,8813.2273755057,10475.958216545532,7196.966916973467
forecast_5209,2025-08-06 01:00:00,12572.335380647344,14028.041798237915,12626.131621162154
forecast_5210,2025-08-06 02:00:00,13145.266061043865,14473.084714666362,13937.317846659527
forecast_5211,2025-08-06 03:00:00,13056.662384093908,14394.54888660578,12849.916483546129
forecast_5212,2025-08-06 04:00:00,11365.202872001579,13480.103585511826,12173.712240665287
forecast_5213,2025-08-06 05:00:00,13066.00971214175,14970.307831563849,13214.471247610341
forecast_5214,2025-08-06 06:00:00,12391.65162466146,14743.151678031467,13136.144527764172
forecast_5215,2025-08-06 07:00:00,13454.239922892231,14247.828551447124,12832.069457703446
forecast_5216,2025-08-06 08:00:00,11833.644910522758,12645.506304302151,10919.990077157097
forecast_5217,2025-08-06 09:00:00,12039.668698920752,13235.828899178792,12390.49990860341
forecast_5218,2025-08-06 10:00:00,12585.12036527155,13884.36981581422,13067.401234825971
forecast_5219,2025-08-06 11:00:00,13545.401263017517,14175.316082255918,13574.243873737774
forecast_5220,2025-08-06 12:00:00,13364.935035416944,14914.327116367156,14558.372884720187
forecast_5221,2025-08-06 13:00:00,13491.898259493462,15719.946046027299,14306.197237701952
forecast_5222,2025-08-06 14:00:00,12185.007011843345,15131.905820533222,13571.316175714652
forecast_5223,2025-08-06 15:00:00,13977.543139388597,16456.60191743159,15027.301550150014
forecast_5224,2025-08-06 16:00:00,13784.514173292995,14555.989575232888,13919.225125021767
forecast_5225,2025-08-06 17:00:00,12985.958318103852,16074.053295795087,14748.691051371094
forecast_5226,2025-08-06 18:00:00,13330.741107746675,15978.347048985195,14540.506932606588
forecast_5227,2025-08-06 19:00:00,13270.035010648335,15999.889880883442,14403.648588298178
forecast_5228,2025-08-06 20:00:00,13292.962227826076,14181.667979217882,13444.848237396109
forecast_5229,2025-08-06 21:00:00,14385.613384410466,15738.312651237542,14312.98603166796
forecast_5230,2025-08-06 22:00:00,14724.841058412205,16678.243320685076,15140.185453318623
forecast_5231,2025-08-06 23:00:00,14824.43777806345,16482.386453173334,15897.073971955508
forecast_5232,2025-08-07 00:00:00,14787.74814401911,16621.63474973752,14993.167759010305
forecast_5233,2025-08-07 01:00:00,14017.592305210434,13663.49312994086,12673.978264725913
forecast_5234,2025-08-07 02:00:00,14890.413491524238,14942.905656271942,13873.588930000522
forecast_5235,2025-08-07 03:00:00,15012.578555369908,14965.28873218459,13918.94331406668
forecast_5236,2025-08-07 04:00:00,15012.31817292472,14917.584654505803,13961.301724803998
forecast_5237,2025-08-07 05:00:00,15218.122151566342,15108.333397685608,14082.542148159164
forecast_5238,2025-08-07 06:00:00,15513.953600425652,15228.231497482395,13533.382734854657
forecast_5239,2025-08-07 07:00:00,14870.156679087147,14212.602429398512,12488.158748915965
forecast_5240,2025-08-07 08:00:00,12650.567978001503,12138.990704694424,9820.25009908407
forecast_5241,2025-08-07 09:00:00,8491.351908001127,7994.702315469552,5429.0385575784485
forecast_5242,2025-08-07 10:00:00,5619.134670318273,5086.063461948625,3674.8600238350887
forecast_5243,2025-08-07 11:00:00,3845.408704216089,3185.6766045614345,2620.524275425693
forecast_5244,2025-08-07 12:00:00,3349.626993333042,2893.0248634354425,1684.1918332853595
forecast_5245,2025-08-07 13:00:00,1744.6288893927513,1646.09585388907,862.7950950324685
forecast_5246,2025-08-07 14:00:00,1104.6585743680935,1003.0137873778214,611.1769413900741
forecast_5247,2025-08-07 15:00:00,579.8895809395913,569.7420570383315,463.1500628856955
forecast_5248,2025-08-07 16:00:00,489.3326856538881,370.94678624553933,238.43022926635263
forecast_5249,2025-08-07 17:00:00,752.191827839357,720.3987286260565,494.1788737065713
forecast_5250,2025-08-07 18:00:00,808.0408823317171,826.0914563971604,674.2586290968322
forecast_5251,2025-08-07 19:00:00,990.2128300465872,769.7657826994539,722.2029419285182
forecast_5252,2025-08-07 20:00:00,1965.6734430550039,1551.979283929024,787.1761419351404
forecast_5253,2025-08-07 21:00:00,2415.403465409703,1923.3377743435994,965.693273813423
forecast_5254,2025-08-07 22:00:00,3731.762863943899,3571.9461368676157,2452.875540091725
forecast_5255,2025-08-07 23:00:00,6130.72899589244,6112.006719925799,4046.0503832181644
forecast_5256,2025-08-08 00:00:00,7076.91682421168,6799.820046440326,5825.086886411598
forecast_5257,2025-08-08 01:00:00,6410.38230427948,6485.120064609955,4763.0546853638325
forecast_5258,2025-08-08 02:00:00,6576.439479107465,6596.636628894477,4894.049946739667
forecast_5259,2025-08-08 03:00:00,6028.2670461944035,5685.653240026372,3984.3595794960283
forecast_5260,2025-08-08 04:00:00,4270.25020600891,4239.678705674513,3026.8172923044
forecast_5261,2025-08-08 05:00:00,3334.4641854069973,2579.882987334155,1714.866849855751
forecast_5262,2025-08-08 06:00:00,2501.827519684538,1757.838977986468,1104.1628327705873
forecast_5263,2025-08-08 07:00:00,1535.6250597111305,1377.3919984592692,494.5539224630971
forecast_5264,2025-08-08 08:00:00,765.2024437435581,769.338109988435,354.0484358305581
forecast_5265,2025-08-08 09:00:00,196.5401367587903,192.43036805628563,85.50944451024205
forecast_5266,2025-08-08 10:00:00,131.87632202536366,126.11654406070167,80.77221144563764
forecast_5267,2025-08-08 11:00:00,127.3179656253446,115.47015343066944,77.33503484830226
forecast_5268,2025-08-08 12:00:00,168.80295160500575,205.68084349171843,138.67362720003587
forecast_5269,2025-08-08 13:00:00,180.9216456819516,240.1537615968041,151.3923275152954
forecast_5270,2025-08-08 14:00:00,156.34221243798095,187.67274894062538,126.18483142717119
forecast_5271,2025-08-08 15:00:00,189.39797498033718,261.02101997355703,134.97616660937857
forecast_5272,2025-08-08 16:00:00,174.76510599246538,256.2394428967536,118.96952706774522
forecast_5273,2025-08-08 17:00:00,293.93892106618927,343.92653407245274,160.7046977734447
forecast_5274,2025-08-08 18:00:00,207.5397434333919,187.94910214298912,110.56297922797802
forecast_5275,2025-08-08 19:00:00,308.6023155238896,306.16404745535186,157.14914657394914
forecast_5276,2025-08-08 20:00:00,380.11312560400216,410.320833830877,247.7217588206412
forecast_5277,2025-08-08 21:00:00,621.6350962896929,635.8054824472033,198.14819382999588
forecast_5278,2025-08-08 22:00:00,840.7257546802556,706.7489852434901,429.3919992943064
forecast_5279,2025-08-08 23:00:00,1910.38793901084,2154.0949177270963,1142.3226759779925
forecast_5280,2025-08-09 00:00:00,2622.9308204221334,2892.454482816849,1666.7841979343284
forecast_5281,2025-08-09 01:00:00,1210.767827928644,1274.679513952697,569.3865976847433
forecast_5282,2025-08-09 02:00:00,2071.2683588316922,2009.8173022266994,1173.9330749662424
forecast_5283,2025-08-09 03:00:00,2185.1548549831778,1978.5406606929155,1401.6218549712992
forecast_5284,2025-08-09 04:00:00,3059.8055270939926,2892.466464199228,1965.4591487139246
forecast_5285,2025-08-09 05:00:00,3562.8312501999276,3119.190655582164,2161.4906778424033
forecast_5286,2025-08-09 06:00:00,3233.1299766245,3217.5463838021055,1736.0915655536267
forecast_5287,2025-08-09 07:00:00,2929.3631729108465,2592.3035951968022,1402.0071683254907
forecast_5288,2025-08-09 08:00:00,2961.3103785520843,2969.396154175894,1733.6448124682797
forecast_5289,2025-08-09 09:00:00,2245.603564424348,2024.289762109395,1090.5379014710256
forecast_5290,2025-08-09 10:00:00,2428.793614436986,2459.466117962786,1432.2162280128998
forecast_5291,2025-08-09 11:00:00,2674.4249649362164,2394.025910446471,1446.5597730170714
forecast_5292,2025-08-09 12:00:00,2266.885162672505,2292.5404918933127,1343.258585676345
forecast_5293,2025-08-09 13:00:00,1955.055510424555,1946.7372733860395,707.7127768502387
forecast_5294,2025-08-09 14:00:00,1773.0596468829694,1540.7080009763001,617.723035388982
forecast_5295,2025-08-09 15:00:00,830.5278079132743,663.6727640653647,307.8012163167622
forecast_5296,2025-08-09 16:00:00,1109.2247021740989,738.4143479075412,339.82985893630905
forecast_5297,2025-08-09 17:00:00,1042.9700087575059,1039.650094864642,522.617780069656
forecast_5298,2025-08-09 18:00:00,1038.0305278125052,897.6996919302725,451.35108685263157
forecast_5299,2025-08-09 19:00:00,1295.0628257210667,1132.2642015421782,547.2314918423644
forecast_5300,2025-08-09 20:00:00,2221.298862029633,2003.6765603122997,1632.0783633096632
forecast_5301,2025-08-09 21:00:00,1937.6977267671007,1749.5189482033547,1743.4665700918188
forecast_5302,2025-08-09 22:00:00,1776.1029111927674,1905.5359228338684,827.8861090545386
forecast_5303,2025-08-09 23:00:00,1219.093733381053,1504.6085941563515,558.7691466148833
forecast_5304,2025-08-10 00:00:00,998.8538467732758,1076.1161731371437,406.5764543696166
forecast_5305,2025-08-10 01:00:00,1030.0239605237257,1070.800124941227,563.1213129686993
forecast_5306,2025-08-10 02:00:00,1045.8215378274206,928.4223785514189,424.9599519605211
forecast_5307,2025-08-10 03:00:00,989.7753481425234,961.5612588889217,461.7412309883458
forecast_5308,2025-08-10 04:00:00,999.4367743812077,788.896469699196,346.4693077255977
forecast_5309,2025-08-10 05:00:00,1232.4415194016728,997.8349517976243,307.0482087292383
forecast_5310,2025-08-10 06:00:00,1548.2928490087727,1472.8208267449295,706.7278234469001
forecast_5311,2025-08-10 07:00:00,1519.4401459075598,1329.2232480138184,507.86220989418945
forecast_5312,2025-08-10 08:00:00,755.7953955647329,671.9131368906149,164.95023720946887
forecast_5313,2025-08-10 09:00:00,491.54221275891445,478.39142734411024,341.62298233869944
forecast_5314,2025-08-10 10:00:00,586.6687423750252,571.674350212712,303.28301639267755
forecast_5315,2025-08-10 11:00:00,555.3795086532562,556.8008524788224,357.2674300321419
forecast_5316,2025-08-10 12:00:00,344.80807870288726,436.67440004310447,282.7896086987748
forecast_5317,2025-08-10 13:00:00,323.91137853192987,454.6440391142341,267.90918127236597
forecast_5318,2025-08-10 14:00:00,381.96106820389974,427.91797278250584,308.47813512085713
forecast_5319,2025-08-10 15:00:00,399.98521962209327,389.3356365314093,303.198061360081
forecast_5320,2025-08-10 16:00:00,365.6000680272085,415.9255632243182,260.37144092660697
forecast_5321,2025-08-10 17:00:00,185.80443377991602,187.3212664037722,175.74136963340612
forecast_5322,2025-08-10 18:00:00,158.35966516393424,137.95094352322025,126.80534625158863
forecast_5323,2025-08-10 19:00:00,193.24436263445241,180.7965783060336,84.49622145842461
forecast_5324,2025-08-10 20:00:00,224.1279285984797,175.4153816645428,67.90593473743444
forecast_5325,2025-08-10 21:00:00,300.61038945789085,215.87899256544924,67.90494296485726
forecast_5326,2025-08-10 22:00:00,267.7131440393535,216.33448765083187,70.78694876079125
forecast_5327,2025-08-10 23:00:00,301.4463965871306,195.0883107768662,72.52242204115117
forecast_5328,2025-08-11 00:00:00,432.3683486877416,426.14694774646716,75.85435148554683
forecast_5329,2025-08-11 01:00:00,347.43901379992496,292.20968056745204,121.69809256724999
forecast_5330,2025-08-11 02:00:00,501.7950144451589,476.96572738957974,157.2703849169814
forecast_5331,2025-08-11 03:00:00,501.60862474436976,478.8680736377293,195.04489502414532
forecast_5332,2025-08-11 04:00:00,752.4619794188004,748.2871969383768,226.14229734634296
forecast_5333,2025-08-11 05:00:00,638.1342364049286,671.3290942063139,203.1822114214609
forecast_5334,2025-08-11 06:00:00,487.2059737703289,416.061864716337,146.6329362236499
forecast_5335,2025-08-11 07:00:00,315.80328891380236,281.14345300921724,122.70261112118023
forecast_5336,2025-08-11 08:00:00,280.2008564255708,206.1979073597486,84.6416565675735
forecast_5337,2025-08-11 09:00:00,341.4595353611349,253.89843622077416,84.16303107847772
forecast_5338,2025-08-11 10:00:00,139.7496134643615,132.23478670140082,83.99297070149083
forecast_5339,2025-08-11 11:00:00,125.59290346632825,113.69884956528203,74.60652116697453
forecast_5340,2025-08-11 12:00:00,137.2087756775269,124.1555656970201,80.33858057063118
forecast_5341,2025-08-11 13:00:00,217.7026314830325,208.99951244113083,74.26958062220228
forecast_5342,2025-08-11 14:00:00,278.7526380981658,219.20754563069306,76.42081620135485
forecast_5343,2025-08-11 15:00:00,272.6934319313438,218.43468679800023,74.26958062220228
forecast_5344,2025-08-11 16:00:00,427.2358894656277,346.0653921710503,169.23918256002523
forecast_5345,2025-08-11 17:00:00,715.2155067617512,515.9222402616965,190.84406035486901
forecast_5346,2025-08-11 18:00:00,320.1459325239814,212.05545215732187,112.12641104951614
forecast_5347,2025-08-11 19:00:00,339.1903876220036,244.7896511642578,96.9072364013189
forecast_5348,2025-08-11 20:00:00,303.5699790090142,261.32316462450575,96.87499569310756
forecast_5349,2025-08-11 21:00:00,404.85480577423846,450.96151331220995,133.60435436058387
forecast_5350,2025-08-11 22:00:00,528.82080958939,445.5247149798426,258.8519768960436
forecast_5351,2025-08-11 23:00:00,522.1806123176277,345.2638601389351,202.73771951409074
forecast_5352,2025-08-12 00:00:00,760.1640458058682,572.6281527879921,235.97261303148795
forecast_5353,2025-08-12 01:00:00,1032.9918904023166,749.6694450721109,628.0588863108871
forecast_5354,2025-08-12 02:00:00,1398.615162631093,1179.1657119929478,784.1424282987991
forecast_5355,2025-08-12 03:00:00,2971.4767186350036,3050.8210060771835,1756.2671533417806
forecast_5356,2025-08-12 04:00:00,1792.8431150851359,1990.3438942978482,998.5854600273069
forecast_5357,2025-08-12 05:00:00,1645.59318210897,1627.857885652643,787.9942605415343
forecast_5358,2025-08-12 06:00:00,1367.7138858903336,1188.8247695313169,616.1812062655163
forecast_5359,2025-08-12 07:00:00,789.2731680392158,719.4881252909047,213.20069378599715
forecast_5360,2025-08-12 08:00:00,712.2837632991212,624.1207829899275,118.78171698108355
forecast_5361,2025-08-12 09:00:00,427.4880220142174,387.54183625070857,156.47322266301452
forecast_5362,2025-08-12 10:00:00,290.629009937656,218.89807300881682,150.83936587765672
forecast_5363,2025-08-12 11:00:00,240.8704243190002,197.42726459006812,166.59302505151092
forecast_5364,2025-08-12 12:00:00,213.77579969502844,220.7930833472825,183.3109047572635
forecast_5365,2025-08-12 13:00:00,232.64044543259496,263.22239025680454,229.23985805959109
forecast_5366,2025-08-12 14:00:00,427.59182200400534,446.20044988488286,253.99182890758354
forecast_5367,2025-08-12 15:00:00,343.81962786749654,553.972909690119,404.2729701207847
forecast_5368,2025-08-12 16:00:00,547.3150767934899,689.2954272733814,663.2862862734956
forecast_5369,2025-08-12 17:00:00,542.6167019548384,726.3228726022941,642.117366878026
forecast_5370,2025-08-12 18:00:00,980.5853777444188,1217.275636966667,891.5897117353366
forecast_5371,2025-08-12 19:00:00,1630.7438866938398,1798.8975406833554,750.1705414715645
forecast_5372,2025-08-12 20:00:00,1497.5435247067558,1659.7972336333407,604.6431953856286
forecast_5373,2025-08-12 21:00:00,1536.9274767298236,1809.9828306483073,679.7948256966434
forecast_5374,2025-08-12 22:00:00,1947.8074960401818,2400.6477632152114,1117.0798565039775
forecast_5375,2025-08-12 23:00:00,1752.779567360081,2029.0633745311886,909.0691663963216
forecast_5376,2025-08-13 00:00:00,2681.336924977513,3209.910327942278,1727.4388702553797
forecast_5377,2025-08-13 01:00:00,2390.1530668904616,2806.889877786755,1663.2768966452495
forecast_5378,2025-08-13 02:00:00,3339.653030620569,3707.529453385203,1807.4557975843281
forecast_5379,2025-08-13 03:00:00,3546.665323025726,4164.984158437171,1834.389474546568
forecast_5380,2025-08-13 04:00:00,2816.0554147264415,3925.5949242945294,1401.3827116457808
forecast_5381,2025-08-13 05:00:00,2669.419229918736,3528.6224427369407,1200.647801553935
forecast_5382,2025-08-13 06:00:00,4088.642384291598,4325.0916796718775,2224.7231200140095
forecast_5383,2025-08-13 07:00:00,5561.918601758604,5377.054790397823,3332.3447811944047
forecast_5384,2025-08-13 08:00:00,6403.276310505285,7472.6378465793905,4160.521406244773
forecast_5385,2025-08-13 09:00:00,6133.809174998988,7431.983113665807,4760.791536353242
forecast_5386,2025-08-13 10:00:00,8761.404053118102,10164.70936605387,7117.883728774096
forecast_5387,2025-08-13 11:00:00,7586.3230041431025,9597.502461602964,6287.54424169465
forecast_5388,2025-08-13 12:00:00,5730.668811248562,7759.0382765042295,4893.187627327367
forecast_5389,2025-08-13 13:00:00,5664.400731486689,7049.638303756318,4420.642615503697
forecast_5390,2025-08-13 14:00:00,6702.751522105891,8226.981233747074,5762.289155537133
forecast_5391,2025-08-13 15:00:00,7324.091451212693,8189.944960565082,7116.2922587943385
forecast_5392,2025-08-13 16:00:00,7449.051054976015,9107.008670838075,8107.340215052978
forecast_5393,2025-08-13 17:00:00,7544.9192260962145,9498.694508621704,7884.8374194102435
forecast_5394,2025-08-13 18:00:00,8036.462458335391,10687.744673938088,7890.372730886977
forecast_5395,2025-08-13 19:00:00,8284.417206796488,11591.934589205692,8808.63034890251
forecast_5396,2025-08-13 20:00:00,12147.382797856739,14565.923936305822,12767.728716578778
forecast_5397,2025-08-13 21:00:00,15527.894693308745,16659.554905683144,16008.214471832216
forecast_5398,2025-08-13 22:00:00,16515.662613467844,17853.84157753388,17209.03834636551
forecast_5399,2025-08-13 23:00:00,16678.056367816574,18213.195671076803,17204.464820931098
forecast_5400,2025-08-14 00:00:00,16279.484823355546,18143.19764004881,17058.555519182268
forecast_5401,2025-08-14 01:00:00,16638.96649387033,18224.906419870546,17308.419061291996
forecast_5402,2025-08-14 02:00:00,16608.73207438632,18333.370383132762,17676.16922590908
forecast_5403,2025-08-14 03:00:00,17604.119427945774,18101.66482484055,17824.900803446646
forecast_5404,2025-08-14 04:00:00,16490.013908237182,17383.214132229445,16347.703442248252
forecast_5405,2025-08-14 05:00:00,14910.710487547985,15580.159062544246,14930.592887141362
forecast_5406,2025-08-14 06:00:00,14239.366515046673,15852.464668599254,14646.004735763367
forecast_5407,2025-08-14 07:00:00,14166.655631791622,14952.964395514386,13025.111439945438
forecast_5408,2025-08-14 08:00:00,13713.483232489867,14812.404567793503,14038.465319547522
forecast_5409,2025-08-14 09:00:00,14548.88588153227,15212.410139915763,14438.732248895381
forecast_5410,2025-08-14 10:00:00,13903.732753179685,13671.47225576272,13481.812353790221
forecast_5411,2025-08-14 11:00:00,11888.609479339964,10537.13673392978,11414.388796209876
forecast_5412,2025-08-14 12:00:00,9469.166807280133,8910.409475074977,9482.45867347452
forecast_5413,2025-08-14 13:00:00,7517.608511528132,8965.254777475337,6737.182970446703
forecast_5414,2025-08-14 14:00:00,9006.633571550366,11068.529376748744,8090.934530041078
forecast_5415,2025-08-14 15:00:00,10295.171479365123,10698.48156348687,7853.291051983583
forecast_5416,2025-08-14 16:00:00,12171.73568196562,12782.412258726496,11158.641001663755
forecast_5417,2025-08-14 17:00:00,12541.700608790106,13304.90034992627,13002.30865037805
forecast_5418,2025-08-14 18:00:00,13004.764322710436,13190.128907235736,12721.36007629993
forecast_5419,2025-08-14 19:00:00,11271.587806541018,12078.359744950545,11096.181989954519
forecast_5420,2025-08-14 20:00:00,13156.836536294868,13072.381394754997,12830.960966747542
forecast_5421,2025-08-14 21:00:00,14221.730777839284,13741.951482557793,13193.02296259522
forecast_5422,2025-08-14 22:00:00,14307.718842089133,14473.092769197017,12079.687079238094
forecast_5423,2025-08-14 23:00:00,13765.111367249398,14074.176781772157,11804.28327271019
forecast_5424,2025-08-15 00:00:00,14129.40960099916,13929.630880118371,10438.616053805887
forecast_5425,2025-08-15 01:00:00,12836.444790247288,12365.570053134474,8821.367011684462
forecast_5426,2025-08-15 02:00:00,11840.747483245503,11830.171729801366,7592.608225663223
forecast_5427,2025-08-15 03:00:00,12083.375804436111,10575.870752460734,7564.624441208619
forecast_5428,2025-08-15 04:00:00,11835.723296871258,10860.900059002792,7871.540863782187
forecast_5429,2025-08-15 05:00:00,9637.15744747933,8989.694537335186,6824.99849702996
forecast_5430,2025-08-15 06:00:00,8679.123903220525,8024.097864520307,5752.07072332147
forecast_5431,2025-08-15 07:00:00,6876.148918933008,6733.300796013038,4370.061036324894
forecast_5432,2025-08-15 08:00:00,4677.849036213771,4136.388671845703,2855.2533368777954
forecast_5433,2025-08-15 09:00:00,2059.6220829182594,1552.834949309963,1297.3387911026898
forecast_5434,2025-08-15 10:00:00,714.3699847496008,579.688473440935,556.3925062670925
forecast_5435,2025-08-15 11:00:00,457.19227803982574,338.09105487853935,304.3793022276676
forecast_5436,2025-08-15 12:00:00,454.6632815689866,444.77231151039985,451.55404714001315
forecast_5437,2025-08-15 13:00:00,807.9858320624443,564.4790515707142,503.9391254912599
forecast_5438,2025-08-15 14:00:00,995.5445466207775,806.4657397641458,695.9411378951637
forecast_5439,2025-08-15 15:00:00,1349.0431562070223,1076.8989186827666,830.3125240197579
forecast_5440,2025-08-15 16:00:00,1096.742086248918,966.2368959204055,793.2149638498622
forecast_5441,2025-08-15 17:00:00,1049.2117409294729,787.239926694862,637.4657150368023
forecast_5442,2025-08-15 18:00:00,1003.2702164125006,910.5865096865429,560.923326115682
forecast_5443,2025-08-15 19:00:00,1242.7485679370689,889.7647412828906,579.521827809252
forecast_5444,2025-08-15 20:00:00,2482.7144361488163,1621.0717820037435,1142.729032978935
forecast_5445,2025-08-15 21:00:00,2816.7062968732375,2326.1631330726627,2074.728565780971
forecast_5446,2025-08-15 22:00:00,5280.804041756082,4745.9202724476645,3338.11180829122
forecast_5447,2025-08-15 23:00:00,6758.1800078497745,6546.35234170418,4513.534274060748
forecast_5448,2025-08-16 00:00:00,7182.628283868187,7331.104120108264,5137.358454378024
forecast_5449,2025-08-16 01:00:00,9296.176127417288,8426.896467310533,5945.50748508145
forecast_5450,2025-08-16 02:00:00,10458.44568713527,11498.565946273615,7836.582708556061
forecast_5451,2025-08-16 03:00:00,10933.924121099493,10859.285037831993,7983.424361772048
forecast_5452,2025-08-16 04:00:00,10434.919375507367,10654.688436196015,7738.115668338556
forecast_5453,2025-08-16 05:00:00,9788.787326055288,10765.935512983844,8077.665615976745
forecast_5454,2025-08-16 06:00:00,9410.391318981052,10183.788079136135,7169.240748175432
forecast_5455,2025-08-16 07:00:00,9088.30807530447,9334.982262459447,6070.007901707637
forecast_5456,2025-08-16 08:00:00,7320.011109481544,7125.025604234361,4365.578555334823
forecast_5457,2025-08-16 09:00:00,7113.037788075517,6785.571998092781,4102.440619943001
forecast_5458,2025-08-16 10:00:00,5123.823928000436,4099.890102912755,3412.084542294107
forecast_5459,2025-08-16 11:00:00,5047.8184849964055,5257.456664499493,4089.48121072338
forecast_5460,2025-08-16 12:00:00,4952.378082789327,4580.743112504929,4175.236293053674
forecast_5461,2025-08-16 13:00:00,6014.5380683551575,5085.724215037236,4452.985162500321
forecast_5462,2025-08-16 14:00:00,8047.578174768474,6661.603067841124,6184.572362629755
forecast_5463,2025-08-16 15:00:00,7595.226171691168,6360.573837670152,7100.437164242109
forecast_5464,2025-08-16 16:00:00,7318.607681452126,6443.601646184593,7431.713653865821
forecast_5465,2025-08-16 17:00:00,8092.907228322739,7373.838791493192,8576.412311819076
forecast_5466,2025-08-16 18:00:00,9894.094204963314,9707.999412711197,9867.686385216304
forecast_5467,2025-08-16 19:00:00,12189.075896248529,10464.589404225917,10746.72313380432
forecast_5468,2025-08-16 20:00:00,13593.613664279586,12266.9062077049,11119.80559938754
forecast_5469,2025-08-16 21:00:00,14254.421417881791,13270.4308070347,12791.758956029626
forecast_5470,2025-08-16 22:00:00,16224.330400887759,15614.39472328395,14614.490433238638
forecast_5471,2025-08-16 23:00:00,16453.134712213872,15800.460540479618,14737.26226583166
forecast_5472,2025-08-17 00:00:00,16884.01212381433,15941.437068411065,14976.840128714108
forecast_5473,2025-08-17 01:00:00,17661.59067613583,16979.405205444393,14977.973395525345
forecast_5474,2025-08-17 02:00:00,17651.098049719963,16903.098055480415,14741.63047577729
forecast_5475,2025-08-17 03:00:00,17155.805595068992,16845.91173659519,14479.544803619836
forecast_5476,2025-08-17 04:00:00,17787.864541561787,16946.376268539378,15251.69896143072
forecast_5477,2025-08-17 05:00:00,17187.861722368576,16675.406468308705,14616.731479007021
forecast_5478,2025-08-17 06:00:00,16832.67723718771,16434.740665093992,13702.205197110827
forecast_5479,2025-08-17 07:00:00,15438.677484185859,15284.315619448884,12527.964156041742
forecast_5480,2025-08-17 08:00:00,14828.700442373969,14326.863940637362,11615.74649375843
forecast_5481,2025-08-17 09:00:00,12530.538771614036,12061.312086010505,9143.26408439815
forecast_5482,2025-08-17 10:00:00,7459.290053352952,8648.086196022667,6621.865395819502
forecast_5483,2025-08-17 11:00:00,6068.358604036626,6453.689711111735,4320.915187354008
forecast_5484,2025-08-17 12:00:00,3754.7144563624533,3214.0758782722182,2356.4946238229295
forecast_5485,2025-08-17 13:00:00,3594.846005811947,3034.780972161195,2537.407677483406
forecast_5486,2025-08-17 14:00:00,4463.557665196097,3944.913161304345,3047.402726162777
forecast_5487,2025-08-17 15:00:00,5339.588269123304,4516.996015858263,3838.5036927043575
forecast_5488,2025-08-17 16:00:00,5095.057745836479,4432.694312849394,3496.5716449150436
forecast_5489,2025-08-17 17:00:00,4085.7094673403662,3815.6129196827164,2577.977672391409
forecast_5490,2025-08-17 18:00:00,5110.046737707837,3497.548741764469,2576.312054558905
forecast_5491,2025-08-17 19:00:00,6501.383642102021,5537.891726075712,3728.0104741301284
forecast_5492,2025-08-17 20:00:00,6672.672038924199,5813.0161986455,4179.335957608618
forecast_5493,2025-08-17 21:00:00,7513.809332465349,6287.778342815924,4273.051121874958
forecast_5494,2025-08-17 22:00:00,6629.648828887475,6191.491463803099,4187.835846913434
forecast_5495,2025-08-17 23:00:00,5611.193022812054,5139.26510379752,3746.9084188281436
forecast_5496,2025-08-18 00:00:00,5653.138445336166,5842.60496938298,3842.782005070276
forecast_5497,2025-08-18 01:00:00,9951.456908980848,8474.394182847967,6040.8775939806865
forecast_5498,2025-08-18 02:00:00,8690.555960714104,7228.331240218904,5021.693867403498
forecast_5499,2025-08-18 03:00:00,10770.358853117035,8806.232447581437,5925.617233113884
forecast_5500,2025-08-18 04:00:00,8443.28771618782,7073.52704981556,4264.017466682817
forecast_5501,2025-08-18 05:00:00,10681.458839765965,9205.914068616026,5641.268737622049
forecast_5502,2025-08-18 06:00:00,10890.834336358388,9678.030761741431,6107.830315116109
forecast_5503,2025-08-18 07:00:00,9559.242623082187,9112.462167101328,5409.6543823159855
forecast_5504,2025-08-18 08:00:00,9945.161362125302,10398.524695729095,5469.914252161826
forecast_5505,2025-08-18 09:00:00,9436.920533029781,9846.482550871857,5159.881519767342
forecast_5506,2025-08-18 10:00:00,8807.5718926701,8540.570331928922,6165.963452406939
forecast_5507,2025-08-18 11:00:00,9513.476434872913,8226.526311171552,6655.536796910989
forecast_5508,2025-08-18 12:00:00,8202.565122367298,7161.547106300329,5395.312143543787
forecast_5509,2025-08-18 13:00:00,5754.371893059048,5137.421387781999,3731.9601680558476
forecast_5510,2025-08-18 14:00:00,5682.215146342313,4566.0205178598535,3922.082374298422
forecast_5511,2025-08-18 15:00:00,6308.388877134354,4888.66366941434,4990.273892997891
forecast_5512,2025-08-18 16:00:00,5854.187917225899,5731.021555123223,5766.576565299732
forecast_5513,2025-08-18 17:00:00,7088.7291917501525,6263.687559979963,6511.289857084734
forecast_5514,2025-08-18 18:00:00,8221.089998121111,7142.550767261876,6656.823000421893
forecast_5515,2025-08-18 19:00:00,9851.458237618317,8569.253131823833,8407.990718294113
forecast_5516,2025-08-18 20:00:00,10539.018825850362,9314.992193499063,8708.170817862849
forecast_5517,2025-08-18 21:00:00,11093.052358782094,10836.804482090562,8097.96789817139
forecast_5518,2025-08-18 22:00:00,13677.181291924513,13300.60132391589,10566.08678961418
forecast_5519,2025-08-18 23:00:00,14181.918486288396,13654.315299815398,10780.399438031205
forecast_5520,2025-08-19 00:00:00,14846.211468595848,14399.004240951284,12715.407477885576
forecast_5521,2025-08-19 01:00:00,14069.640159010278,14895.053275565973,13914.290651705487
forecast_5522,2025-08-19 02:00:00,14343.589245259132,15124.216658142599,13750.64320009738
forecast_5523,2025-08-19 03:00:00,14366.756828832578,15433.622966092898,14310.77367256085
forecast_5524,2025-08-19 04:00:00,14912.794254193852,15405.35827415504,14325.813336034824
forecast_5525,2025-08-19 05:00:00,15227.47863790212,15778.956400834424,14337.90544848763
forecast_5526,2025-08-19 06:00:00,14917.965422928093,15921.21769472781,14480.7158876657
forecast_5527,2025-08-19 07:00:00,13973.447146498738,14937.296450269669,11970.97245912553
forecast_5528,2025-08-19 08:00:00,14435.003091169903,15275.365537166508,13342.528945732105
forecast_5529,2025-08-19 09:00:00,14623.900545262211,14962.512354801162,14082.933102754305
forecast_5530,2025-08-19 10:00:00,13098.258601339196,12816.274603548174,11805.829706720597
forecast_5531,2025-08-19 11:00:00,10821.80309365314,10583.862499668592,9634.988522718175
forecast_5532,2025-08-19 12:00:00,11317.363032691077,11797.93794209489,9727.272262631755
forecast_5533,2025-08-19 13:00:00,8962.996689396086,9045.867965705742,8758.662380041547
forecast_5534,2025-08-19 14:00:00,10185.204411844054,8601.151987582149,8234.544673359587
forecast_5535,2025-08-19 15:00:00,10088.062707469406,8554.86948801666,9084.574776558968
forecast_5536,2025-08-19 16:00:00,10235.084902458693,8650.738298995426,9383.396593035
forecast_5537,2025-08-19 17:00:00,10612.303583454006,9409.495653930948,9429.182660546436
forecast_5538,2025-08-19 18:00:00,11322.833830157397,10930.503971834994,10380.678948999068
forecast_5539,2025-08-19 19:00:00,11243.1453349326,11445.171193058752,9772.776679338143
forecast_5540,2025-08-19 20:00:00,13574.124071803775,13222.004150329223,11441.2497389923
forecast_5541,2025-08-19 21:00:00,14417.689081590572,14091.369956513792,12288.311261543284
forecast_5542,2025-08-19 22:00:00,15846.41909485141,14895.373364320683,13436.92765097712
forecast_5543,2025-08-19 23:00:00,15058.33511151251,14754.247614560923,11772.390468717935
forecast_5544,2025-08-20 00:00:00,15742.222614221944,15559.104862492852,14968.592807069295
forecast_5545,2025-08-20 01:00:00,16014.13235314472,16633.33887797142,15427.50104513455
forecast_5546,2025-08-20 02:00:00,15499.918996709644,16488.181397282395,15481.188903979255
forecast_5547,2025-08-20 03:00:00,15291.544743569953,16534.265443486718,15598.491744151654
forecast_5548,2025-08-20 04:00:00,15721.841224255135,16290.740956473008,15451.722876449785
forecast_5549,2025-08-20 05:00:00,15944.56814489606,16146.213466879199,15382.96106761688
forecast_5550,2025-08-20 06:00:00,16512.254924334247,16011.095256787263,14911.59488048821
forecast_5551,2025-08-20 07:00:00,14924.908263213729,14698.478900108585,14035.007029914852
forecast_5552,2025-08-20 08:00:00,14428.990590154091,14520.713277951567,13619.828189184887
forecast_5553,2025-08-20 09:00:00,11558.141789785794,12002.17172282315,10139.39111549984
forecast_5554,2025-08-20 10:00:00,9895.54710702947,10869.044819458306,7680.609363023858
forecast_5555,2025-08-20 11:00:00,7555.254110523957,7250.933230097348,5030.3528193434
forecast_5556,2025-08-20 12:00:00,6501.3726846870995,5894.044898586361,4761.728220451108
forecast_5557,2025-08-20 13:00:00,5388.177474215188,4560.649493632526,4235.407768979942
forecast_5558,2025-08-20 14:00:00,4436.632683304851,3984.666256441405,4367.412740997939
forecast_5559,2025-08-20 15:00:00,5626.510956262788,4683.108617811371,4409.045910678527
forecast_5560,2025-08-20 16:00:00,6054.6316256621485,5237.634409095517,5840.3491658216935
forecast_5561,2025-08-20 17:00:00,6027.443551028622,5625.68923747895,5949.50353596405
forecast_5562,2025-08-20 18:00:00,4810.792517302179,5197.723702586729,4340.669788068581
forecast_5563,2025-08-20 19:00:00,6859.689736068814,6550.3019684928595,4573.77574868089
forecast_5564,2025-08-20 20:00:00,7955.956498803138,6766.225359140301,4515.606803532231
forecast_5565,2025-08-20 21:00:00,7560.034973442598,6471.995309070402,4805.938136918019
forecast_5566,2025-08-20 22:00:00,7503.903109756774,7833.870640151335,5925.496111744915
forecast_5567,2025-08-20 23:00:00,10638.19445126756,10586.968486537191,8583.045675773641
forecast_5568,2025-08-21 00:00:00,12413.690077923702,12210.72178907238,10527.980603264996
forecast_5569,2025-08-21 01:00:00,11749.299518130525,11517.084070122099,8575.658961719064
forecast_5570,2025-08-21 02:00:00,12764.163029453905,12433.159526638725,10181.844756932287
forecast_5571,2025-08-21 03:00:00,13055.593291364163,13248.141958838325,10700.64024365919
forecast_5572,2025-08-21 04:00:00,14363.434075633018,13798.17282966025,11282.093114250318
forecast_5573,2025-08-21 05:00:00,14307.62937224968,12458.131480275186,9893.741817106176
forecast_5574,2025-08-21 06:00:00,10924.360401787133,10128.619450170278,6751.817414961985
forecast_5575,2025-08-21 07:00:00,8740.252672535897,7368.756828081985,4769.424577811956
forecast_5576,2025-08-21 08:00:00,5953.247215141349,5419.483156456143,3014.853704806778
forecast_5577,2025-08-21 09:00:00,3535.2462977896457,2631.5652481944758,1740.024950465701
forecast_5578,2025-08-21 10:00:00,1313.8716786625628,1174.3922468143746,997.2662552162745
forecast_5579,2025-08-21 11:00:00,946.4510337130888,751.1059586984807,811.1294577453516
forecast_5580,2025-08-21 12:00:00,599.3915482385875,465.7141696020891,403.455983098032
forecast_5581,2025-08-21 13:00:00,250.0571650822152,235.3147873908157,155.37846963531504
forecast_5582,2025-08-21 14:00:00,177.63383516662654,207.69715757523804,152.04826006783415
forecast_5583,2025-08-21 15:00:00,156.037842723296,186.39862663903955,148.80878410138686
forecast_5584,2025-08-21 16:00:00,343.96884231064917,297.7974855843473,202.00259812888194
forecast_5585,2025-08-21 17:00:00,418.30888505204973,333.01731785875734,240.06772628797884
forecast_5586,2025-08-21 18:00:00,567.6831297284233,386.47198579618987,259.8755802680129
forecast_5587,2025-08-21 19:00:00,365.5660918237458,379.9211240200825,148.02569366447437
forecast_5588,2025-08-21 20:00:00,659.0291316215036,503.1176401478149,178.17524614507911
forecast_5589,2025-08-21 21:00:00,1266.4842152686217,1212.3147937836561,616.0600417175668
forecast_5590,2025-08-21 22:00:00,2055.8141115976573,2234.473704826551,1484.1241228337794
forecast_5591,2025-08-21 23:00:00,2398.239118659096,2422.6747695768245,1591.782002792759
forecast_5592,2025-08-22 00:00:00,3274.776502443536,3431.1195057957984,1844.2980001909707
forecast_5593,2025-08-22 01:00:00,2642.4358708105683,2279.8501040130354,1544.040902522171
forecast_5594,2025-08-22 02:00:00,3320.5416104526003,3049.522460786008,1947.3288923909606
forecast_5595,2025-08-22 03:00:00,4347.404132833763,3614.2038652067245,2594.9225829945385
forecast_5596,2025-08-22 04:00:00,5950.809271808051,5292.986741835221,4179.283050850895
forecast_5597,2025-08-22 05:00:00,7490.384447368664,6793.210662880249,5334.3144239239955
forecast_5598,2025-08-22 06:00:00,10534.631155367439,10130.7867346794,7484.091573487808
forecast_5599,2025-08-22 07:00:00,9588.178707431965,9292.608070723922,7185.520818548851
forecast_5600,2025-08-22 08:00:00,8545.798900926364,8557.139248741478,5174.573362996997
forecast_5601,2025-08-22 09:00:00,6583.039160848634,6255.590920887801,4118.401477468295
forecast_5602,2025-08-22 10:00:00,4600.208862040721,4416.9172420905,2655.5252939751244
forecast_5603,2025-08-22 11:00:00,3060.891457406059,2634.186210770872,1999.6957739884754
forecast_5604,2025-08-22 12:00:00,2169.7313289781587,1851.7630755532864,1719.6720172951336
forecast_5605,2025-08-22 13:00:00,2190.7474222865703,1796.1776967259705,1848.6720231886093
forecast_5606,2025-08-22 14:00:00,2794.206283348897,2131.6009710273443,2268.3731698623465
forecast_5607,2025-08-22 15:00:00,3770.6543413845493,2919.614900776653,3081.934001486489
forecast_5608,2025-08-22 16:00:00,4903.074786362256,4131.46218948927,4280.217325458954
forecast_5609,2025-08-22 17:00:00,6197.9094406643235,5124.772527187197,5131.178286044682
forecast_5610,2025-08-22 18:00:00,6038.310770283703,4985.118425471406,4226.158993225588
forecast_5611,2025-08-22 19:00:00,6917.739018145204,6470.116413532944,5132.071078547575
forecast_5612,2025-08-22 20:00:00,8851.904874946431,8290.019367068044,6547.911904296275
forecast_5613,2025-08-22 21:00:00,10504.443532840505,9390.712803701314,7186.5214267405245
forecast_5614,2025-08-22 22:00:00,12854.372695559749,11633.768577804656,8127.797436436845
forecast_5615,2025-08-22 23:00:00,13504.342867943595,12574.555760613059,8868.303517181139
forecast_5616,2025-08-23 00:00:00,15559.211336488277,14480.203523487915,11357.288271479818
forecast_5617,2025-08-23 01:00:00,16049.721021054213,14596.459962308669,10588.168808307031
forecast_5618,2025-08-23 02:00:00,15434.166390702274,13811.408782571996,10326.174823905441
forecast_5619,2025-08-23 03:00:00,15265.167777306779,13200.147843562876,10249.244132041855
forecast_5620,2025-08-23 04:00:00,13560.003504871258,12346.154226111337,8334.33194100853
forecast_5621,2025-08-23 05:00:00,11834.675484494199,10205.858346930734,7294.072031525515
forecast_5622,2025-08-23 06:00:00,9267.490547787054,8684.008832591864,6380.196009094542
forecast_5623,2025-08-23 07:00:00,7458.756695366281,6546.252973107207,5321.39686314058
forecast_5624,2025-08-23 08:00:00,4559.919624220842,2866.3028797827324,2652.923991484939
forecast_5625,2025-08-23 09:00:00,2884.345637575279,1698.8454600492823,1110.6063155960671
forecast_5626,2025-08-23 10:00:00,681.5794588641252,408.21070611013687,506.41474826469926
forecast_5627,2025-08-23 11:00:00,271.40983106798046,190.29180241316843,200.99811388941828
forecast_5628,2025-08-23 12:00:00,173.0394366009475,180.74548259610503,142.33487332943494
forecast_5629,2025-08-23 13:00:00,166.1876504411354,156.4366377518583,114.40312394178301
forecast_5630,2025-08-23 14:00:00,135.54083331492407,153.6730356650066,117.27563387107074
forecast_5631,2025-08-23 15:00:00,127.53607848231216,167.98287710158303,109.76528489332422
forecast_5632,2025-08-23 16:00:00,168.89388654064,148.66002761666275,133.47072350834938
forecast_5633,2025-08-23 17:00:00,357.4807936435048,400.40444951922103,178.21503128749026
forecast_5634,2025-08-23 18:00:00,713.7284245986298,853.0942408555409,350.536273956165
forecast_5635,2025-08-23 19:00:00,995.5732188714702,1261.605492167597,597.7692978005574
forecast_5636,2025-08-23 20:00:00,1473.9743916078362,1566.070484486411,694.9907208930803
forecast_5637,2025-08-23 21:00:00,2290.0932215626253,1932.2509523228478,1417.8546417843265
forecast_5638,2025-08-23 22:00:00,3868.5334269873424,3049.8931923701357,1766.6751287257125
forecast_5639,2025-08-23 23:00:00,4244.505259063123,3590.792320273871,2023.460962828569
forecast_5640,2025-08-24 00:00:00,3556.464196731349,3109.5587275327784,1990.89914596653
forecast_5641,2025-08-24 01:00:00,2588.78003790495,2243.0328812609596,1258.6004701694678
forecast_5642,2025-08-24 02:00:00,2322.776565743072,2141.5012521602935,1165.3771349252468
forecast_5643,2025-08-24 03:00:00,2086.506849303748,1768.7641956695509,1124.538204599667
forecast_5644,2025-08-24 04:00:00,1794.1041185175545,1678.7664504646273,1007.2061911519818
forecast_5645,2025-08-24 05:00:00,1250.6550748465734,945.6853637986138,539.6530227673843
forecast_5646,2025-08-24 06:00:00,741.5853428572253,825.4229644046281,559.1596543837522
forecast_5647,2025-08-24 07:00:00,779.2454221965046,936.8040768556747,382.76931977105727
forecast_5648,2025-08-24 08:00:00,631.8312966377722,804.6940967365767,264.17967492310873
forecast_5649,2025-08-24 09:00:00,380.94557108072064,199.4069780464646,188.55130326282622
forecast_5650,2025-08-24 10:00:00,264.8062857435198,171.91190390512173,218.77680685689373
forecast_5651,2025-08-24 11:00:00,339.20770795843964,236.48783813765715,269.60304909725676
forecast_5652,2025-08-24 12:00:00,292.77539378766784,263.2882748339827,193.32057595992387
forecast_5653,2025-08-24 13:00:00,310.95124352637333,325.6924795170451,332.74413145245705
forecast_5654,2025-08-24 14:00:00,675.6291696253126,716.3540403539237,558.8199920687333
forecast_5655,2025-08-24 15:00:00,468.0430905059452,660.0185641930622,553.8222517781834
forecast_5656,2025-08-24 16:00:00,1555.7588992640494,1199.8540060414064,932.2052128810393
forecast_5657,2025-08-24 17:00:00,1968.921530228815,1696.0063921395804,1527.4483386401555
forecast_5658,2025-08-24 18:00:00,2060.766248216686,1931.3562750561953,1736.1019110006464
forecast_5659,2025-08-24 19:00:00,2587.493518264667,1991.4236351786521,1594.4632050590649
forecast_5660,2025-08-24 20:00:00,2578.3410698137563,2587.2008874826843,1339.21836281241
forecast_5661,2025-08-24 21:00:00,2584.0194153859084,2613.3158542463902,1355.8094233062104
forecast_5662,2025-08-24 22:00:00,2750.9310217011525,2298.6621003004343,1201.015712589408
forecast_5663,2025-08-24 23:00:00,2634.6793988932545,2068.6894982988283,1174.4348243497373
forecast_5664,2025-08-25 00:00:00,1998.2957074186936,1964.0321148949631,1081.7718675578462
forecast_5665,2025-08-25 01:00:00,2549.8096769235453,2233.886867073896,1034.7563771039527
forecast_5666,2025-08-25 02:00:00,2473.4444938910965,1866.0628006758022,1491.990795927372
forecast_5667,2025-08-25 03:00:00,2986.3307574401074,2744.565765099446,1860.886471843781
forecast_5668,2025-08-25 04:00:00,3132.3377139924955,2616.569446027746,1757.9505154494723
forecast_5669,2025-08-25 05:00:00,2916.35614130625,2372.5349444261947,1731.1880172730641
forecast_5670,2025-08-25 06:00:00,3426.3294714938875,2762.2274432061513,2123.4415698906696
forecast_5671,2025-08-25 07:00:00,4119.655714922381,3549.4110886910153,2523.79291148465
forecast_5672,2025-08-25 08:00:00,2919.2546011983745,2213.325084357555,1636.7329045051874
forecast_5673,2025-08-25 09:00:00,1464.9195483716019,1100.1799199627105,669.0015289390951
forecast_5674,2025-08-25 10:00:00,757.5841583013326,721.7708849097272,662.0922867783904
forecast_5675,2025-08-25 11:00:00,1257.843368091768,1137.5108042124668,1228.219060609037
forecast_5676,2025-08-25 12:00:00,1726.6617508981303,2023.565361175122,1696.3612189361968
forecast_5677,2025-08-25 13:00:00,1398.1292894017122,1531.9805693793103,1495.5841076906581
forecast_5678,2025-08-25 14:00:00,1405.8317225456258,1371.1590698141233,1227.3841863842379
forecast_5679,2025-08-25 15:00:00,2128.3736338412796,2005.5588138745425,1659.9771283850325
forecast_5680,2025-08-25 16:00:00,2858.3806398286347,2389.7871677793305,2022.1499134776316
forecast_5681,2025-08-25 17:00:00,2915.648513221355,2893.3559683571243,2402.64892037294
forecast_5682,2025-08-25 18:00:00,5604.832879283403,5047.732013578911,3905.1710035997753
forecast_5683,2025-08-25 19:00:00,6366.858791969848,6234.8848613278005,4632.967633685123
forecast_5684,2025-08-25 20:00:00,8850.05009455075,9581.39607051216,7362.862934969914
forecast_5685,2025-08-25 21:00:00,10494.184623283729,10306.236339412992,8556.839835620676
forecast_5686,2025-08-25 22:00:00,12703.725239249108,12912.096135753565,10304.010599321198
forecast_5687,2025-08-25 23:00:00,13478.05396986209,13831.292142193148,12157.482810454905
forecast_5688,2025-08-26 00:00:00,14062.606975568055,14877.687482036194,13671.036943202696
forecast_5689,2025-08-26 01:00:00,13121.836605270017,14355.713106596113,12879.229733508948
forecast_5690,2025-08-26 02:00:00,13118.04247681557,14255.862696972192,13812.484489313643
forecast_5691,2025-08-26 03:00:00,12454.917104496051,15032.925716804568,13914.368227073157
forecast_5692,2025-08-26 04:00:00,12467.609410167694,14943.757370580535,14281.271414639878
forecast_5693,2025-08-26 05:00:00,12926.904264340543,15325.038273613263,14022.32716199617
forecast_5694,2025-08-26 06:00:00,12907.4117222071,15450.223915980232,14425.300010700137
forecast_5695,2025-08-26 07:00:00,12184.7059676032,14650.2193646175,13285.336149948163
forecast_5696,2025-08-26 08:00:00,11207.0750305956,13384.496132181603,11930.487939868857
forecast_5697,2025-08-26 09:00:00,12502.572001692966,14877.246902776968,13356.996670281633
forecast_5698,2025-08-26 10:00:00,10743.998427235898,12294.936318190223,11644.970691854935
forecast_5699,2025-08-26 11:00:00,10466.584991318052,12234.327502848375,11574.17626677477
forecast_5700,2025-08-26 12:00:00,9811.129233638767,11624.389144980249,9919.846934890027
forecast_5701,2025-08-26 13:00:00,11757.360425218585,12594.965828070692,11563.100856497593
forecast_5702,2025-08-26 14:00:00,14008.542261684353,14512.841646786692,14038.051164150918
forecast_5703,2025-08-26 15:00:00,12703.770556532436,13570.46477278064,13815.589410622906
forecast_5704,2025-08-26 16:00:00,11054.842742949882,11652.309835090868,10757.055703042073
forecast_5705,2025-08-26 17:00:00,11685.444788748955,11638.457971491109,10747.709948372472
forecast_5706,2025-08-26 18:00:00,11474.086320065351,11488.646906526687,10265.329895650848
forecast_5707,2025-08-26 19:00:00,10330.008047862488,10580.92043446912,8287.608962350701
forecast_5708,2025-08-26 20:00:00,9376.36600574083,10347.854839157264,8415.649612559417
forecast_5709,2025-08-26 21:00:00,10304.549119355877,10584.1753617885,9826.860234452211
forecast_5710,2025-08-26 22:00:00,11731.093637256226,11984.981347787518,9404.804088343848
forecast_5711,2025-08-26 23:00:00,11566.155553278073,10996.510569525404,8572.918007686054
forecast_5712,2025-08-27 00:00:00,10518.706073037483,10828.416161487023,7678.687830986199
forecast_5713,2025-08-27 01:00:00,9631.12131832599,9832.678396669578,6104.863404920412
forecast_5714,2025-08-27 02:00:00,8409.099283853506,7760.681387913861,5449.5877837154285
forecast_5715,2025-08-27 03:00:00,6314.275394664366,5440.170145972942,3910.296827416139
forecast_5716,2025-08-27 04:00:00,4060.4149413336013,3845.722982746053,2533.7255762597665
forecast_5717,2025-08-27 05:00:00,2631.377677679004,1629.4731578617263,1349.3993662235787
forecast_5718,2025-08-27 06:00:00,1798.5546236604719,1027.6056793797839,799.6934307297984
forecast_5719,2025-08-27 07:00:00,423.6726803678691,342.114327120246,177.96163765926389
forecast_5720,2025-08-27 08:00:00,366.67557424807694,291.3517994994915,146.20136485462595
forecast_5721,2025-08-27 09:00:00,183.25917562064024,214.77604948365087,76.3593009044771
forecast_5722,2025-08-27 10:00:00,115.6676210313095,133.64817541450932,102.26176024517886
forecast_5723,2025-08-27 11:00:00,104.74590072318992,123.44752442567226,86.89871786719485
forecast_5724,2025-08-27 12:00:00,164.3895702521455,246.38067524551525,258.87246633280483
forecast_5725,2025-08-27 13:00:00,466.8823994210355,506.0718796188871,357.59589456755765
forecast_5726,2025-08-27 14:00:00,451.48012513810943,451.40221425613856,324.01102526479934
forecast_5727,2025-08-27 15:00:00,497.53066489655873,454.6260740504906,291.6669987874793
forecast_5728,2025-08-27 16:00:00,658.7976963097508,687.2528119410731,497.87958831419826
forecast_5729,2025-08-27 17:00:00,853.8237831877068,816.2333959820633,467.95445869994984
forecast_5730,2025-08-27 18:00:00,867.1980987314311,609.8052388943587,328.87137624714154
forecast_5731,2025-08-27 19:00:00,922.9043041681693,690.029904278934,315.3976435438645
forecast_5732,2025-08-27 20:00:00,1313.2565581954923,990.9862366100149,409.4905406092187
forecast_5733,2025-08-27 21:00:00,1197.1398368932503,803.9033094679855,379.1846832197338
forecast_5734,2025-08-27 22:00:00,1390.1538616357325,1177.5729944321324,408.33150457151237
forecast_5735,2025-08-27 23:00:00,1150.1118303097996,967.0013407744101,228.60807641973636
forecast_5736,2025-08-28 00:00:00,1087.9974475580425,911.6574303380773,212.89650270865187
forecast_5737,2025-08-28 01:00:00,1359.381353589016,1288.38990371247,482.5170240455828
forecast_5738,2025-08-28 02:00:00,1683.942047920788,1515.5705871710536,715.396303181222
forecast_5739,2025-08-28 03:00:00,1620.0710076130492,1697.3549030303013,991.938913856324
forecast_5740,2025-08-28 04:00:00,2048.48598122572,1988.8502216293168,1179.0961632153108
forecast_5741,2025-08-28 05:00:00,2231.086938295297,2464.5376651244137,1348.1460325288601
forecast_5742,2025-08-28 06:00:00,2404.031178606677,2915.158246227231,1449.8399889578527
forecast_5743,2025-08-28 07:00:00,1893.3258642683188,2234.515857861144,914.5284168222279
forecast_5744,2025-08-28 08:00:00,1407.5934843628747,1563.790507336927,563.2286483809459
forecast_5745,2025-08-28 09:00:00,1711.8903586075005,1648.1970315470114,843.8230760407577
forecast_5746,2025-08-28 10:00:00,1216.9782050894164,1437.8498658261744,1017.7317700356575
forecast_5747,2025-08-28 11:00:00,1216.4832807720381,1284.6722779895533,1179.828496785886
forecast_5748,2025-08-28 12:00:00,1795.572823404628,1497.0588440481179,1585.7990064473017
forecast_5749,2025-08-28 13:00:00,1638.6390183972414,1483.4666201956475,1633.011583504965
forecast_5750,2025-08-28 14:00:00,2344.3682697774316,2371.2289193389283,1992.5046528314497
forecast_5751,2025-08-28 15:00:00,3237.478335703751,3100.6077736200036,2128.9424515916553
forecast_5752,2025-08-28 16:00:00,3665.972131410017,4535.947295601363,2864.822014130816
forecast_5753,2025-08-28 17:00:00,4496.203620967405,5065.786284738416,3180.397578340421
forecast_5754,2025-08-28 18:00:00,4890.033416281798,5478.557412202917,3487.163229746314
forecast_5755,2025-08-28 19:00:00,6015.604733427082,7410.069031244481,4074.6380227623513
forecast_5756,2025-08-28 20:00:00,7935.050592540724,9148.001304093443,5838.536463912097
forecast_5757,2025-08-28 21:00:00,8167.10086742,9431.15564672501,7339.794131560992
forecast_5758,2025-08-28 22:00:00,10771.150544048847,12099.271801354858,8890.463826193005
forecast_5759,2025-08-28 23:00:00,12454.75059868882,13512.380971728306,11506.40047639593
forecast_5760,2025-08-29 00:00:00,15305.477377767258,15445.436625810971,14033.468802272138
forecast_5761,2025-08-29 01:00:00,14971.043073163604,16376.693971547464,15539.934948021088
forecast_5762,2025-08-29 02:00:00,15459.901405603632,16396.435381289946,15762.698280798972
forecast_5763,2025-08-29 03:00:00,14905.643696929777,16501.69939250047,15620.035118968115
forecast_5764,2025-08-29 04:00:00,15063.473756478028,16540.77375210176,15711.537508301875
forecast_5765,2025-08-29 05:00:00,15088.813573116362,16712.70527420521,15716.890759767577
forecast_5766,2025-08-29 06:00:00,15351.063875401393,16336.1477124783,15812.964220224385
forecast_5767,2025-08-29 07:00:00,15109.652948667062,16229.738898162079,15571.935049169193
forecast_5768,2025-08-29 08:00:00,15138.532143699571,16038.131950955314,14864.12445049294
forecast_5769,2025-08-29 09:00:00,15422.126977548816,15582.225358153459,14245.882175237337
forecast_5770,2025-08-29 10:00:00,14002.041053703802,13488.437295136722,12758.687571833798
forecast_5771,2025-08-29 11:00:00,12185.61931636072,11585.390510022135,12248.364896657058
forecast_5772,2025-08-29 12:00:00,11291.725314337324,10688.390269508176,10634.854338858662
forecast_5773,2025-08-29 13:00:00,10785.840844062592,9951.928512097455,10677.4974182282
forecast_5774,2025-08-29 14:00:00,10697.511825415995,9486.921239987289,10127.74433590939
forecast_5775,2025-08-29 15:00:00,11347.373870208026,10217.232985878594,10871.396926881345
forecast_5776,2025-08-29 16:00:00,10929.527813188015,9816.17312226527,10209.629397469173
forecast_5777,2025-08-29 17:00:00,11607.415600706921,10795.964683696497,10309.847297060776
forecast_5778,2025-08-29 18:00:00,10683.429468412405,10623.494214836162,8681.12403139832
forecast_5779,2025-08-29 19:00:00,12103.342179507268,11320.834797155952,9480.285809263882
forecast_5780,2025-08-29 20:00:00,13203.57862946862,11940.068596608902,9451.464596302632
forecast_5781,2025-08-29 21:00:00,13797.404410524232,12465.082546077489,9598.105928322133
forecast_5782,2025-08-29 22:00:00,14621.98095044223,13657.005207455662,10418.801904545337
forecast_5783,2025-08-29 23:00:00,13559.816074899156,12588.60942207126,10119.155585341008
forecast_5784,2025-08-30 00:00:00,13350.419991548639,12167.807587172438,9486.11563687323
forecast_5785,2025-08-30 01:00:00,14297.810573083712,13732.713478998585,11024.688154210875
forecast_5786,2025-08-30 02:00:00,14715.211175972787,13380.603671942166,10452.60777944456
forecast_5787,2025-08-30 03:00:00,13378.177528441984,12599.321519632615,9266.794887341703
forecast_5788,2025-08-30 04:00:00,11878.101620090989,11142.288306787483,7905.0879305725475
forecast_5789,2025-08-30 05:00:00,10298.524195483005,10133.282466652452,6733.603045426042
forecast_5790,2025-08-30 06:00:00,10182.776447467548,9358.67991535108,6097.7179725494025
forecast_5791,2025-08-30 07:00:00,8461.483212868154,7749.166178153829,4989.444685231752
forecast_5792,2025-08-30 08:00:00,7659.396135740861,6901.023571130045,4951.459366700971
forecast_5793,2025-08-30 09:00:00,4713.825919746848,4165.17822386257,3399.4159953533986
forecast_5794,2025-08-30 10:00:00,2849.825168260059,2474.946144623022,2051.68330899331
forecast_5795,2025-08-30 11:00:00,1936.9012361509178,2047.1095442166436,1466.05143103648
forecast_5796,2025-08-30 12:00:00,1374.2577433359806,1353.0862209483466,1107.376995910272
forecast_5797,2025-08-30 13:00:00,1668.6794534229934,1485.1534815329742,1335.3121739804774
forecast_5798,2025-08-30 14:00:00,1685.0155200746394,1397.3085676597507,1332.3729504423977
forecast_5799,2025-08-30 15:00:00,2278.5154049092025,2083.6943262848404,1636.1035640177731
forecast_5800,2025-08-30 16:00:00,2747.0811029229526,2775.800891587386,2205.267835209
forecast_5801,2025-08-30 17:00:00,2266.361698997708,2005.494803788692,1483.9238567299128
forecast_5802,2025-08-30 18:00:00,2440.057642617103,2570.4490768921382,1374.767993515833
forecast_5803,2025-08-30 19:00:00,3014.928456603634,2810.018714104888,1660.8618460802782
forecast_5804,2025-08-30 20:00:00,3826.884577822179,3873.652226735326,2107.5511521968206
forecast_5805,2025-08-30 21:00:00,4448.224475862042,4590.434977722901,2362.8636475272315
forecast_5806,2025-08-30 22:00:00,5114.241000385209,4744.85317572039,3210.5879993597664
forecast_5807,2025-08-30 23:00:00,4352.984522953039,4115.4022864012895,2875.4650615855126
forecast_5808,2025-08-31 00:00:00,4820.005200386537,4466.975051776694,2802.9635510815006
forecast_5809,2025-08-31 01:00:00,5848.322067134175,6868.7407111364855,3256.5994889513768
forecast_5810,2025-08-31 02:00:00,7417.389096820943,7649.802368352609,3557.32261835603
forecast_5811,2025-08-31 03:00:00,6417.492562350548,6959.771974562059,3695.8340203850926
forecast_5812,2025-08-31 04:00:00,5653.855261032122,5403.798154788888,2845.0658638362434
forecast_5813,2025-08-31 05:00:00,3863.152544518902,3253.5954530957206,1734.6023397632998
forecast_5814,2025-08-31 06:00:00,2343.6765634350763,2006.258146956402,934.0971135293735
forecast_5815,2025-08-31 07:00:00,1754.74623898427,1713.9386373903017,700.1412891282769
forecast_5816,2025-08-31 08:00:00,1483.3763167959116,1415.611995946744,511.8670543338438
forecast_5817,2025-08-31 09:00:00,907.1280866703983,1030.185319970454,384.25967020263056
forecast_5818,2025-08-31 10:00:00,544.104499794486,676.1105517478933,290.4698069186243
forecast_5819,2025-08-31 11:00:00,614.1693654566365,780.664092812738,431.38913990311204
forecast_5820,2025-08-31 12:00:00,1095.7321521702072,1304.0535107246894,830.3384266476758
forecast_5821,2025-08-31 13:00:00,1329.439982759161,1334.2977841533884,1279.8037286455776
forecast_5822,2025-08-31 14:00:00,1784.9767635680953,2221.1926580159698,1964.1192554920735
forecast_5823,2025-08-31 15:00:00,2439.357464392834,3077.16080784241,2603.579200853753
forecast_5824,2025-08-31 16:00:00,3133.5735543088235,3655.999432778372,3007.3377178476867
forecast_5825,2025-08-31 17:00:00,3958.2448865425963,5173.651237629448,3755.6250377603587
forecast_5826,2025-08-31 18:00:00,4789.151316773153,6161.198038235048,3777.1146098585623
forecast_5827,2025-08-31 19:00:00,6725.6744326161825,8603.145289891072,5982.489009265073
forecast_5828,2025-08-31 20:00:00,7951.4210379049355,9725.234235678912,6994.294918631781
forecast_5829,2025-08-31 21:00:00,7767.0229020286315,10060.59756363437,7380.192309950223
forecast_5830,2025-08-31 22:00:00,9941.219313442649,10883.312579188929,7159.54758761116
forecast_5831,2025-08-31 23:00:00,9437.496095741899,11115.517535605657,7476.481421399614
forecast_5832,2025-09-01 00:00:00,10041.980939484596,11496.132872300997,7940.449239625088
forecast_5833,2025-09-01 01:00:00,10512.83969123446,11763.926930028598,7737.548285554184
forecast_5834,2025-09-01 02:00:00,9746.527757391337,11525.786995251961,7318.182094644257
forecast_5835,2025-09-01 03:00:00,10624.08535308352,12033.980789850377,8480.828312153753
forecast_5836,2025-09-01 04:00:00,10653.138448991642,13094.405305410539,10578.120374708778
forecast_5837,2025-09-01 05:00:00,11110.246025134884,13140.981789787298,11824.417982437464
forecast_5838,2025-09-01 06:00:00,10153.866986002457,12330.730584376704,9231.286734610325
forecast_5839,2025-09-01 07:00:00,9005.041351150148,11294.204687507268,9054.531892110976
forecast_5840,2025-09-01 08:00:00,9003.800922725679,9972.618249753037,7798.811766012284
forecast_5841,2025-09-01 09:00:00,7995.32856374327,9310.940643260628,7485.434279761227
forecast_5842,2025-09-01 10:00:00,5976.645023165499,7813.878081849743,6299.323236131796
forecast_5843,2025-09-01 11:00:00,4973.22658749924,6581.334625837628,4426.696759699462
forecast_5844,2025-09-01 12:00:00,5039.161440438613,6233.804887901442,4754.086923606277
forecast_5845,2025-09-01 13:00:00,5379.084093287547,6466.0408840365035,5051.46282215636
forecast_5846,2025-09-01 14:00:00,6025.00618245124,6355.042436167885,6147.033315169112
forecast_5847,2025-09-01 15:00:00,6930.575288181488,7691.337586535575,7746.365813538825
forecast_5848,2025-09-01 16:00:00,8878.313245191737,8423.36561016358,7681.625292437016
forecast_5849,2025-09-01 17:00:00,9131.025352540986,9406.179106564381,8625.198424497454
forecast_5850,2025-09-01 18:00:00,8992.509470145025,9824.512366385601,8963.42636302786
forecast_5851,2025-09-01 19:00:00,8700.668190727183,9096.690340943303,7804.780917717108
forecast_5852,2025-09-01 20:00:00,8217.635238386085,8401.050708752893,6705.254387627585
forecast_5853,2025-09-01 21:00:00,6614.574879145219,6788.905092407368,4712.425138310808
forecast_5854,2025-09-01 22:00:00,7339.740876906093,6801.1433228185115,4977.397511739392
forecast_5855,2025-09-01 23:00:00,9237.469277361555,10122.966942886456,7158.022046019666
forecast_5856,2025-09-02 00:00:00,9320.616009259666,9587.762722776673,7313.574539924597
forecast_5857,2025-09-02 01:00:00,11174.32015302707,12225.285733246972,9857.672793101734
forecast_5858,2025-09-02 02:00:00,10261.624582499833,11126.805466609552,8358.597462645797
forecast_5859,2025-09-02 03:00:00,10178.608185027295,11355.603839814845,8664.926629155863
forecast_5860,2025-09-02 04:00:00,9156.09558007043,10591.031387869583,7952.506673762756
forecast_5861,2025-09-02 05:00:00,8662.792673999313,9145.948867403014,7980.547465998557
forecast_5862,2025-09-02 06:00:00,7934.887538953389,8542.088493436748,7142.216331682808
forecast_5863,2025-09-02 07:00:00,6436.125489918028,7271.3799593793165,5515.593625608435
forecast_5864,2025-09-02 08:00:00,5707.790993061743,6640.5598593082605,3789.7866325761383
forecast_5865,2025-09-02 09:00:00,5264.135073441745,5220.897641807136,3573.945177207308
forecast_5866,2025-09-02 10:00:00,3988.0244835140343,3825.735450842571,2209.2461922197795
forecast_5867,2025-09-02 11:00:00,3359.727262673421,3200.829568275158,2171.6094368730573
forecast_5868,2025-09-02 12:00:00,2285.209713034815,2042.7536873894508,1405.803200988843
forecast_5869,2025-09-02 13:00:00,1894.6827563135862,1688.3910273780236,1117.9182766374174
forecast_5870,2025-09-02 14:00:00,353.25661900357176,396.44771143991954,306.32304961236815
forecast_5871,2025-09-02 15:00:00,272.34456135732296,295.82565824918686,269.78276349196915
forecast_5872,2025-09-02 16:00:00,400.2254407783157,443.0210103791806,274.21979116254124
forecast_5873,2025-09-02 17:00:00,424.43264627862084,292.49940920085527,175.90387032266878
forecast_5874,2025-09-02 18:00:00,256.25678572643847,280.42741725281337,118.58081840352621
forecast_5875,2025-09-02 19:00:00,343.31258017982475,335.9964554171095,92.35438785433725
forecast_5876,2025-09-02 20:00:00,342.0014170917731,264.2396888688624,81.03293923335191
forecast_5877,2025-09-02 21:00:00,403.38721137964114,317.6410096191528,87.95415745102375
forecast_5878,2025-09-02 22:00:00,439.9078059042662,429.8299622788928,328.3149669326551
forecast_5879,2025-09-02 23:00:00,548.7529484968023,406.1227639681439,257.7217093527442
forecast_5880,2025-09-03 00:00:00,274.1627926179853,267.3521716888104,110.11771118018451
forecast_5881,2025-09-03 01:00:00,778.53788289256,551.407837793128,298.85301933159036
forecast_5882,2025-09-03 02:00:00,455.50744183525404,305.74540282906156,189.7009377200682
forecast_5883,2025-09-03 03:00:00,358.88193717229336,301.69904094674814,171.36089024930314
forecast_5884,2025-09-03 04:00:00,738.2434031042941,480.35513633172457,270.3553992584911
forecast_5885,2025-09-03 05:00:00,345.7650328121138,292.3095494821651,156.26990203799267
forecast_5886,2025-09-03 06:00:00,459.6410478772495,324.1047533561482,109.67789293251865
forecast_5887,2025-09-03 07:00:00,346.1267678688826,290.1273184816546,113.75936872521407
forecast_5888,2025-09-03 08:00:00,260.35715506314654,201.015941579679,73.71368235634421
forecast_5889,2025-09-03 09:00:00,171.16291857054867,186.2200992597965,72.00641155560938
forecast_5890,2025-09-03 10:00:00,126.11862019052903,124.88211892680016,83.6623534021997
forecast_5891,2025-09-03 11:00:00,160.8709881026013,159.98149000514027,106.59678391868414
forecast_5892,2025-09-03 12:00:00,217.85618772732164,269.085158937984,221.039430280627
forecast_5893,2025-09-03 13:00:00,479.68366561708217,529.8305253836668,350.9926097360553
forecast_5894,2025-09-03 14:00:00,468.58450685306775,514.584634747245,368.489712760222
forecast_5895,2025-09-03 15:00:00,365.78082205682523,408.1896364627904,282.16195402654193
forecast_5896,2025-09-03 16:00:00,443.8515796505295,453.8465666150806,274.00885561099705
forecast_5897,2025-09-03 17:00:00,341.79039814668727,371.12591282112203,241.12859990718127
forecast_5898,2025-09-03 18:00:00,228.29510788653124,216.0271589871208,136.95943866342458
forecast_5899,2025-09-03 19:00:00,220.62271468211054,209.32328114353638,81.6079655888145
forecast_5900,2025-09-03 20:00:00,343.46676790705595,262.8828633083535,134.17176199592498
forecast_5901,2025-09-03 21:00:00,430.74214038266985,392.75609901291296,135.33578567910567
forecast_5902,2025-09-03 22:00:00,707.2061379177657,555.426266893039,132.67203440210696
forecast_5903,2025-09-03 23:00:00,778.4592487020868,586.7857950559254,145.38730259855703
forecast_5904,2025-09-04 00:00:00,877.3431686595184,864.0094324454496,216.36559957156615
forecast_5905,2025-09-04 01:00:00,1332.6513544392965,999.3392009232771,254.6691747113867
forecast_5906,2025-09-04 02:00:00,1324.4908661931206,976.545088899938,188.70047141068744
forecast_5907,2025-09-04 03:00:00,764.4828997298902,562.298092713148,98.37357137913452
forecast_5908,2025-09-04 04:00:00,687.5197644978698,523.5106655506238,90.87656076557441
forecast_5909,2025-09-04 05:00:00,957.1592799551968,744.0793617829347,121.31517876564831
forecast_5910,2025-09-04 06:00:00,1391.7765761191004,952.4299606482543,265.0849392182406
forecast_5911,2025-09-04 07:00:00,1650.1975408132937,1186.9259926210711,445.1792453404182
forecast_5912,2025-09-04 08:00:00,1750.2706445057506,1170.0805951299496,511.03115769283704
forecast_5913,2025-09-04 09:00:00,1407.9212624295499,1024.9916483258792,557.2557111782018
forecast_5914,2025-09-04 10:00:00,779.5237318205976,757.857888693785,485.81402770963285
forecast_5915,2025-09-04 11:00:00,633.1043683218595,767.8874730962056,466.1513007491161
forecast_5916,2025-09-04 12:00:00,697.7496135227585,851.9058327757698,549.1233516013793
forecast_5917,2025-09-04 13:00:00,930.6899515153739,1303.5166291752505,805.4139582329758
forecast_5918,2025-09-04 14:00:00,624.1382759306548,1013.4047502610688,635.9285992285869
forecast_5919,2025-09-04 15:00:00,1113.0672679684553,1589.3179403888253,737.7514507985574
forecast_5920,2025-09-04 16:00:00,1850.595094289784,2271.9911510774004,1211.8610959227988
forecast_5921,2025-09-04 17:00:00,1917.9616225786308,2204.0821212366636,1149.699663293646
forecast_5922,2025-09-04 18:00:00,2289.4719840275384,2258.696433513466,963.1197290720938
forecast_5923,2025-09-04 19:00:00,2604.5235850562453,2697.8973916426226,1012.7704093614345
forecast_5924,2025-09-04 20:00:00,2917.214130672971,2939.854103621743,998.233427102528
forecast_5925,2025-09-04 21:00:00,3035.1601580634456,3272.304015806481,1271.7531584965566
forecast_5926,2025-09-04 22:00:00,2724.9089486826947,2925.612396087695,1031.530457182972
forecast_5927,2025-09-04 23:00:00,2494.5383513707934,2498.240288669468,966.3542305597668
forecast_5928,2025-09-05 00:00:00,1978.96841674217,1857.2898365252154,1006.1471999625079
forecast_5929,2025-09-05 01:00:00,1454.861838322156,1533.7684954184897,404.93309953017774
forecast_5930,2025-09-05 02:00:00,1470.255560534798,1043.1518932819695,714.1848787613504
forecast_5931,2025-09-05 03:00:00,1639.2140225342605,1327.93505087262,712.690328665434
forecast_5932,2025-09-05 04:00:00,1738.8974478139712,1246.7637220892163,753.6288997984122
forecast_5933,2025-09-05 05:00:00,2227.2420370187233,2063.5017006576736,932.1352701104353
forecast_5934,2025-09-05 06:00:00,2104.499105118479,1785.34939445445,776.4337672104645
forecast_5935,2025-09-05 07:00:00,1628.9671018088861,1287.5886418366772,614.501269919007
forecast_5936,2025-09-05 08:00:00,1507.4434603794098,1349.5565921006687,724.1999985478337
forecast_5937,2025-09-05 09:00:00,978.2244257244264,914.2645152001362,636.3148932306772
forecast_5938,2025-09-05 10:00:00,491.9323154721148,434.50304111162336,317.3721348112679
forecast_5939,2025-09-05 11:00:00,476.60500637559306,488.83862775395426,313.9637005163549
forecast_5940,2025-09-05 12:00:00,152.0923904140085,203.66267440575263,165.1297635641662
forecast_5941,2025-09-05 13:00:00,112.5347825749263,124.90125743115567,105.19236079644065
forecast_5942,2025-09-05 14:00:00,154.14451671932673,169.03366882441446,116.01818427242827
forecast_5943,2025-09-05 15:00:00,162.99305414522198,176.02321226486086,131.19519044046262
forecast_5944,2025-09-05 16:00:00,250.88369803273352,295.06226656828454,154.67653983070724
forecast_5945,2025-09-05 17:00:00,347.5140402740576,420.64693000398887,236.6257007665866
forecast_5946,2025-09-05 18:00:00,624.186454878562,689.7054526984592,290.771824159285
forecast_5947,2025-09-05 19:00:00,805.2167182653326,923.7658081965678,335.81523939938705
forecast_5948,2025-09-05 20:00:00,984.7411875022513,970.56443861617,341.1881954016269
forecast_5949,2025-09-05 21:00:00,1224.37314269677,1047.2234108076182,383.10742470619743
forecast_5950,2025-09-05 22:00:00,1512.2087080813214,1643.665772600165,605.0565054500534
forecast_5951,2025-09-05 23:00:00,2388.650122728604,2699.266145253565,1281.7371999072125
forecast_5952,2025-09-06 00:00:00,2786.2349311585094,3623.249125435119,1861.9801476994032
forecast_5953,2025-09-06 01:00:00,6825.332358301476,8310.44382772512,4733.889036524958
forecast_5954,2025-09-06 02:00:00,8907.051655616398,10530.159710472908,6399.218446320376
forecast_5955,2025-09-06 03:00:00,10185.829120198456,12538.740765926874,7939.482501295168
forecast_5956,2025-09-06 04:00:00,12273.090301916625,12813.575177288258,9527.288113192822
forecast_5957,2025-09-06 05:00:00,12632.206929207516,12914.446972189271,11258.35050657022
forecast_5958,2025-09-06 06:00:00,12978.182818189465,12988.879849906218,11706.971367185864
forecast_5959,2025-09-06 07:00:00,13210.878397803033,13899.91389150109,11922.100938429248
forecast_5960,2025-09-06 08:00:00,10701.627032762313,10740.485808516009,9862.133737087477
forecast_5961,2025-09-06 09:00:00,11195.083455577063,12017.61638659345,11470.757082520544
forecast_5962,2025-09-06 10:00:00,10739.563079356209,9920.91711185609,12415.404472538214
forecast_5963,2025-09-06 11:00:00,10887.993615360787,10202.057689302444,12283.999038390548
forecast_5964,2025-09-06 12:00:00,11813.95597816568,11022.55823020748,12739.958434579941
forecast_5965,2025-09-06 13:00:00,10845.377412175503,11751.891924270998,12580.49112498897
forecast_5966,2025-09-06 14:00:00,10087.9104685129,11220.154921813682,12121.55750799332
forecast_5967,2025-09-06 15:00:00,13426.533381154739,12658.858660274547,12919.2923795193
forecast_5968,2025-09-06 16:00:00,14689.119325891586,13495.40126642814,14202.094849303863
forecast_5969,2025-09-06 17:00:00,12973.289435706254,13221.136132986407,13827.33650087662
forecast_5970,2025-09-06 18:00:00,12026.324696306434,13472.67075620122,13249.16459688078
forecast_5971,2025-09-06 19:00:00,13109.038116181942,15066.696224302692,14711.43528852783
forecast_5972,2025-09-06 20:00:00,12740.322516859547,14220.09532205366,14650.36660018888
forecast_5973,2025-09-06 21:00:00,13857.652372958943,15566.077331468132,14795.298117580645
forecast_5974,2025-09-06 22:00:00,14818.226330494937,16398.5854373788,16108.958081359557
forecast_5975,2025-09-06 23:00:00,15035.95360138737,16293.141770202617,15965.14528499512
forecast_5976,2025-09-07 00:00:00,15593.876384007795,16281.769285714596,15900.560526315823
forecast_5977,2025-09-07 01:00:00,16037.828141645889,17361.452109405298,16274.872055934205
forecast_5978,2025-09-07 02:00:00,15944.33803995333,17396.936825454206,16469.588409769574
forecast_5979,2025-09-07 03:00:00,15178.550764137362,17197.70194117385,15920.726986756137
forecast_5980,2025-09-07 04:00:00,14810.781777866972,15951.001406862622,14942.69721219861
forecast_5981,2025-09-07 05:00:00,14296.464416854593,15598.815907050182,14518.286584157744
forecast_5982,2025-09-07 06:00:00,13484.397332897774,13965.429217407633,12399.944441372649
forecast_5983,2025-09-07 07:00:00,12927.51914148904,13260.453857544204,11668.911521667116
forecast_5984,2025-09-07 08:00:00,13555.220724014627,13524.424786455887,12584.815604411802
forecast_5985,2025-09-07 09:00:00,11282.603728896534,11171.838128404455,9246.189527403376
forecast_5986,2025-09-07 10:00:00,9630.449433034923,9815.46927533782,7834.822144334749
forecast_5987,2025-09-07 11:00:00,8690.524362959992,9124.792629439176,7474.765245484435
forecast_5988,2025-09-07 12:00:00,5721.488353800978,6063.846660037695,3768.6838740832663
forecast_5989,2025-09-07 13:00:00,4937.535476547932,4265.116816284626,3698.344146387979
forecast_5990,2025-09-07 14:00:00,4607.073530636933,3859.1042011279205,3713.710684905943
forecast_5991,2025-09-07 15:00:00,5721.699568194222,4515.79891077804,4784.828927244574
forecast_5992,2025-09-07 16:00:00,5842.340601340823,5528.507196251362,4111.231990707406
forecast_5993,2025-09-07 17:00:00,6825.303083499419,6016.795585617802,4366.750404503416
forecast_5994,2025-09-07 18:00:00,7797.494923169053,7497.705041865969,4909.1952944878
forecast_5995,2025-09-07 19:00:00,9883.322373833369,9574.994297144687,6849.119772855698
forecast_5996,2025-09-07 20:00:00,11368.987250155622,11253.14040256075,7684.030715682357
forecast_5997,2025-09-07 21:00:00,10860.899726721753,11116.241551504387,8314.541325234364
forecast_5998,2025-09-07 22:00:00,10665.494067757341,11130.017605729923,8448.573116586413
forecast_5999,2025-09-07 23:00:00,10286.36814497046,10531.699100700762,8464.354570728845
forecast_6000,2025-09-08 00:00:00,11514.263927603639,12101.178236755992,9338.003549939502
forecast_6001,2025-09-08 01:00:00,7903.610614646798,8262.513570726322,5224.73279289743
forecast_6002,2025-09-08 02:00:00,7420.380702405471,8322.683252450206,5508.613729160476
forecast_6003,2025-09-08 03:00:00,7032.01111817906,5560.135436539628,4366.103039423013
forecast_6004,2025-09-08 04:00:00,6214.292828895018,5397.153993858927,3950.9269946991367
forecast_6005,2025-09-08 05:00:00,4904.828044135897,3893.8056486562878,3017.9352612067605
forecast_6006,2025-09-08 06:00:00,2583.6856709861477,1818.3131030025463,1398.3982362420468
forecast_6007,2025-09-08 07:00:00,1323.6665340778588,929.986398741656,663.0948570587211
forecast_6008,2025-09-08 08:00:00,500.6363191397362,382.63472461911425,204.5275741722597
forecast_6009,2025-09-08 09:00:00,360.92871807179193,446.8523924832691,115.4332316566924
forecast_6010,2025-09-08 10:00:00,125.89741873897391,144.14934971292172,87.06537215510834
forecast_6011,2025-09-08 11:00:00,113.6694642830475,151.63957298343456,96.80358761039861
forecast_6012,2025-09-08 12:00:00,124.33595986346603,143.70810363340294,120.89322841623625
forecast_6013,2025-09-08 13:00:00,275.48655279048364,232.7687323640963,231.84100580804488
forecast_6014,2025-09-08 14:00:00,379.5283485342353,440.1073155754073,260.05615266730825
forecast_6015,2025-09-08 15:00:00,254.84125346605077,250.09450672984434,178.5227207479662
forecast_6016,2025-09-08 16:00:00,1411.3029765561034,1231.88423022916,788.0744890678372
forecast_6017,2025-09-08 17:00:00,3469.492320669401,3304.1341770452786,1475.821582160549
forecast_6018,2025-09-08 18:00:00,4030.06563174342,3315.7485625628938,1714.8160351944334
forecast_6019,2025-09-08 19:00:00,3209.501782949866,2776.0986362757963,1403.4729992559694
forecast_6020,2025-09-08 20:00:00,3301.4303636017335,3444.870765169723,1416.8440596902801
forecast_6021,2025-09-08 21:00:00,3553.3744153895555,3326.2391978928076,2045.6798223532867
forecast_6022,2025-09-08 22:00:00,2396.943160976975,2798.820442332369,1277.5778555766349
forecast_6023,2025-09-08 23:00:00,1846.4181678146965,1983.7147171236618,1088.1566169741145
forecast_6024,2025-09-09 00:00:00,1729.6920108970398,1383.839530960688,710.0751335253025
forecast_6025,2025-09-09 01:00:00,2672.171888463043,2500.9721549872,1257.179042490092
forecast_6026,2025-09-09 02:00:00,3126.37658829388,3459.0990270615775,1480.054640801462
forecast_6027,2025-09-09 03:00:00,2192.9816669453476,2467.001915188944,1140.4447548111436
forecast_6028,2025-09-09 04:00:00,2238.519045942062,2137.0016186775133,989.4460843123177
forecast_6029,2025-09-09 05:00:00,1557.0519780260204,1475.1058690095147,907.520434333613
forecast_6030,2025-09-09 06:00:00,1737.7785406200749,1650.029566061367,813.7661873007854
forecast_6031,2025-09-09 07:00:00,1140.4515125730888,1349.4919987471785,612.942670728315
forecast_6032,2025-09-09 08:00:00,1092.6041388387373,875.9393815513678,579.2237748544212
forecast_6033,2025-09-09 09:00:00,1381.603402993871,1107.7435879623288,465.35934680275795
forecast_6034,2025-09-09 10:00:00,1724.977054592812,1716.0961285335889,1015.127873185056
forecast_6035,2025-09-09 11:00:00,1833.746210878692,1740.2920459867535,1030.6171712359992
forecast_6036,2025-09-09 12:00:00,2375.398653108065,2446.625718567749,1194.805563900836
forecast_6037,2025-09-09 13:00:00,1312.7383719922761,1572.9399293655895,729.2477430146251
forecast_6038,2025-09-09 14:00:00,930.2900555250967,968.2725380495019,569.5497027549898
forecast_6039,2025-09-09 15:00:00,1164.1980084128525,1178.8482987788861,529.6066162325958
forecast_6040,2025-09-09 16:00:00,1267.8301205795453,1154.9230284952748,580.7235684407917
forecast_6041,2025-09-09 17:00:00,1467.7334354975424,1349.1434023059376,557.1934619754251
forecast_6042,2025-09-09 18:00:00,1389.2849878934962,1531.5614479466992,586.3170294187374
forecast_6043,2025-09-09 19:00:00,1518.7841985301852,1411.3270357831684,508.9518091191919
forecast_6044,2025-09-09 20:00:00,1628.286475407423,1691.1666092913886,535.771806318937
forecast_6045,2025-09-09 21:00:00,1543.3328207858249,1548.1916138080953,547.58145358848
forecast_6046,2025-09-09 22:00:00,1306.8906876300293,1529.079537894085,543.0909585540595
forecast_6047,2025-09-09 23:00:00,1207.3963595431367,1307.7337842808433,384.1523816676342
forecast_6048,2025-09-10 00:00:00,1186.4656753508852,1271.1349290625685,313.2814189634694
forecast_6049,2025-09-10 01:00:00,2029.3661706478974,2162.2220974348347,845.7355482314842
forecast_6050,2025-09-10 02:00:00,1931.531493855109,2145.0017159390036,851.0354063832139
forecast_6051,2025-09-10 03:00:00,2085.5159957939672,2751.0026940376256,972.7706622805939
forecast_6052,2025-09-10 04:00:00,2149.488105393152,2705.78269812928,978.2167592144225
forecast_6053,2025-09-10 05:00:00,2136.8813169301484,2714.870204385311,1018.1838356223005
forecast_6054,2025-09-10 06:00:00,2176.5240430736044,2652.324069781822,812.9473774845422
forecast_6055,2025-09-10 07:00:00,2667.877302724828,2819.9482522906005,784.3668121594824
forecast_6056,2025-09-10 08:00:00,2389.7154510873243,2609.8294431619033,867.9469641890862
forecast_6057,2025-09-10 09:00:00,2082.9315138640654,2373.0813353917033,1039.8529065093733
forecast_6058,2025-09-10 10:00:00,1046.6677086056432,1319.3667511123306,766.552839169405
forecast_6059,2025-09-10 11:00:00,942.5057802460682,1283.4700176178228,879.1001539294431
forecast_6060,2025-09-10 12:00:00,941.3732419861255,1226.6580789794816,949.3779814362761
forecast_6061,2025-09-10 13:00:00,847.8133278944618,1099.69119771723,960.3396426883578
forecast_6062,2025-09-10 14:00:00,758.6005547020791,961.8962915236027,828.5498495063524
forecast_6063,2025-09-10 15:00:00,634.6404602019207,849.8315386125411,659.1347025182962
forecast_6064,2025-09-10 16:00:00,486.0280916995438,675.3820725777572,557.8985684297393
forecast_6065,2025-09-10 17:00:00,507.72983856489196,650.2006818662918,390.93137625415704
forecast_6066,2025-09-10 18:00:00,971.1681814745483,1033.5691527871481,438.5304200308768
forecast_6067,2025-09-10 19:00:00,1304.105095130951,1478.4780273406748,695.7804790510734
forecast_6068,2025-09-10 20:00:00,1635.5611148018386,2015.1092936215343,844.4121357057536
forecast_6069,2025-09-10 21:00:00,1824.1009596536176,2281.607005313514,807.0364676482433
forecast_6070,2025-09-10 22:00:00,2018.220465408537,2416.2368420506127,885.9913288831734
forecast_6071,2025-09-10 23:00:00,1825.8228969537772,2341.660416355983,837.6952048859882
forecast_6072,2025-09-11 00:00:00,2173.3363740168697,2593.4944371715637,1008.0241230791287
forecast_6073,2025-09-11 01:00:00,1563.8237683308132,1976.335117087368,613.859573559649
forecast_6074,2025-09-11 02:00:00,1822.7227093260499,1973.5319143021386,691.0583961838163
forecast_6075,2025-09-11 03:00:00,2039.7143388613322,2030.3459514378383,785.4009797470026
forecast_6076,2025-09-11 04:00:00,2267.4423940221513,2232.001067622003,905.7267640247426
forecast_6077,2025-09-11 05:00:00,2593.315175353309,2786.1420132212593,1155.839798571989
forecast_6078,2025-09-11 06:00:00,3172.0077189780964,3566.9074887035613,1390.3989852389595
forecast_6079,2025-09-11 07:00:00,4039.623743265604,4511.504297008729,2214.2079297251444
forecast_6080,2025-09-11 08:00:00,3672.8255557055763,4008.084941782282,2192.339849227466
forecast_6081,2025-09-11 09:00:00,3136.41076810914,3572.721465337553,2166.546051045289
forecast_6082,2025-09-11 10:00:00,2159.811566050048,2729.144107389389,1871.8914014543427
forecast_6083,2025-09-11 11:00:00,2263.3902960498212,3144.310035842099,2406.3372975839548
forecast_6084,2025-09-11 12:00:00,2605.326493228029,3214.920829917807,2700.2454250823835
forecast_6085,2025-09-11 13:00:00,2753.3205898242795,3355.6849302345804,2764.8523532119707
forecast_6086,2025-09-11 14:00:00,2566.415011287115,3423.6020784799994,2851.0412785187596
forecast_6087,2025-09-11 15:00:00,2412.7572716225663,3113.7542367565,2610.6043123580876
forecast_6088,2025-09-11 16:00:00,2266.9180956707883,2915.2008536278413,2394.792860564445
forecast_6089,2025-09-11 17:00:00,2752.0808122725794,3343.078472122857,2324.0765423791436
forecast_6090,2025-09-11 18:00:00,2958.19764534871,3268.532776838181,2117.7008566440068
forecast_6091,2025-09-11 19:00:00,3728.526665234098,4958.315145982978,2138.8303320148543
forecast_6092,2025-09-11 20:00:00,4910.831552404232,5866.507680362221,2337.4094690282764
forecast_6093,2025-09-11 21:00:00,5040.950290952166,5670.619414987473,2515.437314500657
forecast_6094,2025-09-11 22:00:00,6428.410742023043,6745.326127897865,2792.183365382615
forecast_6095,2025-09-11 23:00:00,7076.900929272964,7238.641522033853,3606.0559537368626
forecast_6096,2025-09-12 00:00:00,6046.581998927402,6271.525085396217,2639.5360413481185
forecast_6097,2025-09-12 01:00:00,5822.495661544672,6112.7971004243145,2673.466577976499
forecast_6098,2025-09-12 02:00:00,5408.981389664286,5309.711188504782,2248.8586340977276
forecast_6099,2025-09-12 03:00:00,3915.5371656800926,4070.786420983018,1714.2386395086069
forecast_6100,2025-09-12 04:00:00,3634.900305346951,3978.560379659762,1732.8699762784322
forecast_6101,2025-09-12 05:00:00,3536.157425302403,3852.8509624853996,1615.6667907664487
forecast_6102,2025-09-12 06:00:00,2847.3452869124912,3149.945303380509,1152.5746750010744
forecast_6103,2025-09-12 07:00:00,3350.257661617246,3579.3384584722203,1409.9786863351362
forecast_6104,2025-09-12 08:00:00,3183.3314006030887,3433.657162590291,1418.7782835833018
forecast_6105,2025-09-12 09:00:00,2985.3290915775765,3532.886325952982,1734.9302735309748
forecast_6106,2025-09-12 10:00:00,2029.0290285607218,2337.35800765172,1350.489822998502
forecast_6107,2025-09-12 11:00:00,2722.199714151597,3051.469077581364,2100.756286785401
forecast_6108,2025-09-12 12:00:00,2407.684370246291,2901.707261394158,2124.9903250892085
forecast_6109,2025-09-12 13:00:00,2053.959361853779,2270.4145604989762,1574.0169565417555
forecast_6110,2025-09-12 14:00:00,1804.184481040251,2117.020212606113,1096.387584122969
forecast_6111,2025-09-12 15:00:00,2398.5198130861745,2547.049418855212,1069.9102150672168
forecast_6112,2025-09-12 16:00:00,3002.616895431818,3018.461604912976,1310.8401657033712
forecast_6113,2025-09-12 17:00:00,3539.3290111736633,3653.2390251278125,1604.4302881662081
forecast_6114,2025-09-12 18:00:00,3488.1887761605753,3968.7115593218637,1857.9587725447152
forecast_6115,2025-09-12 19:00:00,3026.623786629411,3021.9078701388057,1436.3383368887714
forecast_6116,2025-09-12 20:00:00,3415.093709816579,3949.932920538974,1162.6439124069084
forecast_6117,2025-09-12 21:00:00,4273.093683105662,4696.77121726441,2342.3451564133434
forecast_6118,2025-09-12 22:00:00,4133.550057231819,4988.808290057282,2819.6137269647825
forecast_6119,2025-09-12 23:00:00,4666.431359658937,5750.964914763333,2852.257555318026
forecast_6120,2025-09-13 00:00:00,4956.523501380964,5360.875537657769,2698.8463060990275
forecast_6121,2025-09-13 01:00:00,5623.480870632063,5221.472749652039,2806.3024323690847
forecast_6122,2025-09-13 02:00:00,5758.671840102716,4686.996052543513,2598.814839267385
forecast_6123,2025-09-13 03:00:00,5917.030245837266,6286.234690403438,3614.969493407178
forecast_6124,2025-09-13 04:00:00,7091.900047134226,7512.511140632334,4351.730670499061
forecast_6125,2025-09-13 05:00:00,7541.322078695632,8001.163623960444,4669.036901588665
forecast_6126,2025-09-13 06:00:00,10392.033076603195,10798.851731167179,8295.228378067548
forecast_6127,2025-09-13 07:00:00,12570.235938573014,12634.760055322658,9663.499053473142
forecast_6128,2025-09-13 08:00:00,12152.818565319374,14415.306122091319,11555.104355216992
forecast_6129,2025-09-13 09:00:00,12636.182617401304,14147.61431968014,12348.697265016013
forecast_6130,2025-09-13 10:00:00,13790.640901749295,14961.063106362122,13731.881395177243
forecast_6131,2025-09-13 11:00:00,10365.605513194712,11080.69876588571,8199.146089188245
forecast_6132,2025-09-13 12:00:00,7102.143595164037,7757.0417006961425,6439.62940136047
forecast_6133,2025-09-13 13:00:00,4763.308316470773,5245.8229413008485,3595.748158271362
forecast_6134,2025-09-13 14:00:00,2917.468080819254,2642.856140135145,2042.4721101373482
forecast_6135,2025-09-13 15:00:00,1851.9190431231439,2408.6188485183197,1062.4636159001095
forecast_6136,2025-09-13 16:00:00,2568.827411272359,3451.746915539727,1411.4727313901326
forecast_6137,2025-09-13 17:00:00,3081.1475824020567,3149.475725416916,1907.5425136697418
forecast_6138,2025-09-13 18:00:00,2877.320845012879,3012.4588344952863,1854.2545307204675
forecast_6139,2025-09-13 19:00:00,1958.56385998243,1942.057662361091,1067.9276668652692
forecast_6140,2025-09-13 20:00:00,1370.563243649137,1168.8618777732274,558.8342776063934
forecast_6141,2025-09-13 21:00:00,851.9341435076849,783.475988159723,301.11430284309597
forecast_6142,2025-09-13 22:00:00,978.7386370940205,1036.54646869885,323.3029608867542
forecast_6143,2025-09-13 23:00:00,1173.1549291533852,1068.9522428059652,408.0251980869455
forecast_6144,2025-09-14 00:00:00,1167.7269050671853,1065.9050997697534,416.9287463765865
forecast_6145,2025-09-14 01:00:00,1497.3325637318023,1382.865405076108,480.2014927449007
forecast_6146,2025-09-14 02:00:00,1309.9406531016407,1237.136425863774,484.3429455356156
forecast_6147,2025-09-14 03:00:00,1123.964490956721,1132.2621579437462,462.2244370135329
forecast_6148,2025-09-14 04:00:00,1240.5846727532592,1128.1071546318578,490.310530666127
forecast_6149,2025-09-14 05:00:00,1281.4824402057322,1125.0077230244449,464.0023584223203
forecast_6150,2025-09-14 06:00:00,1287.7430431310092,1309.3344374488859,491.7671771898879
forecast_6151,2025-09-14 07:00:00,1532.1678150148084,1440.8481953866815,457.5140645704074
forecast_6152,2025-09-14 08:00:00,1305.087767292623,1300.7652701229365,496.3486418440683
forecast_6153,2025-09-14 09:00:00,1274.3844716371184,1237.472398098777,551.2129030440227
forecast_6154,2025-09-14 10:00:00,1117.0953613424147,1491.5248789073344,919.4681812100923
forecast_6155,2025-09-14 11:00:00,1130.7480779680052,1358.32374740533,1060.3284122668397
forecast_6156,2025-09-14 12:00:00,2258.9017672795844,2089.277965608752,1590.8212854213893
forecast_6157,2025-09-14 13:00:00,1898.353734776256,1690.9092200472908,1232.7842029173466
forecast_6158,2025-09-14 14:00:00,2079.478940350556,1784.7171703472843,1375.7041977366293
forecast_6159,2025-09-14 15:00:00,2578.2039737599143,2118.5586212349067,1688.4729921207372
forecast_6160,2025-09-14 16:00:00,2546.2805326532357,2117.588630417747,1739.3083780474037
forecast_6161,2025-09-14 17:00:00,3112.824384198322,3221.3758845350435,1910.6351140060365
forecast_6162,2025-09-14 18:00:00,5076.529143039297,5307.454792320782,3988.929614945679
forecast_6163,2025-09-14 19:00:00,7712.847547696205,6568.018201612474,5774.454641962815
forecast_6164,2025-09-14 20:00:00,10129.25965601649,9432.031975407113,6363.797011932705
forecast_6165,2025-09-14 21:00:00,11409.575699277366,10633.994033977735,7501.101540187972
forecast_6166,2025-09-14 22:00:00,15037.766714833562,13298.6787887498,10918.084375037079
forecast_6167,2025-09-14 23:00:00,15679.853364917122,14694.865580413594,12787.690958680036
forecast_6168,2025-09-15 00:00:00,16128.583923558093,15884.43633338879,13643.687459910052
forecast_6169,2025-09-15 01:00:00,14908.852795596373,14293.34363402734,10484.236642339341
forecast_6170,2025-09-15 02:00:00,13284.668832870992,12668.404557784728,8182.556549629884
forecast_6171,2025-09-15 03:00:00,12734.730948164204,10818.560136117236,7538.072630924305
forecast_6172,2025-09-15 04:00:00,12947.038682545668,11056.927255584029,7772.850349123659
forecast_6173,2025-09-15 05:00:00,10665.99461248388,9269.686794113524,5523.583942695993
forecast_6174,2025-09-15 06:00:00,7332.582424854199,6065.9044715467635,3693.774326268667
forecast_6175,2025-09-15 07:00:00,5143.029464765617,3842.5930253712772,3075.599351582649
forecast_6176,2025-09-15 08:00:00,3321.5266203491433,2265.037511396974,1510.8583583716575
forecast_6177,2025-09-15 09:00:00,850.9009920248795,707.0397993370293,321.1053745040218
forecast_6178,2025-09-15 10:00:00,234.01279764065384,174.7483920125454,118.41586131760431
forecast_6179,2025-09-15 11:00:00,258.0767677715619,140.26031755625334,187.55241661261746
forecast_6180,2025-09-15 12:00:00,221.76104999837594,176.48565098761472,99.43238024461226
forecast_6181,2025-09-15 13:00:00,262.24748295807063,302.51852637767456,166.58901323905198
forecast_6182,2025-09-15 14:00:00,338.99917777771435,243.81048730163675,310.5110492429647
forecast_6183,2025-09-15 15:00:00,471.33495298130026,437.55352779541766,421.60824890361175
forecast_6184,2025-09-15 16:00:00,919.3955040232562,1115.2923133994095,876.205763914115
forecast_6185,2025-09-15 17:00:00,2200.9028108402476,2208.1679094471283,1653.371762496851
forecast_6186,2025-09-15 18:00:00,5853.117207661161,4821.887110871718,3579.47197758992
forecast_6187,2025-09-15 19:00:00,6166.223155371359,5413.101996548391,3923.1420071390885
forecast_6188,2025-09-15 20:00:00,6321.93874136605,5847.247713537657,4361.30633697542
forecast_6189,2025-09-15 21:00:00,5980.5264526986575,5286.9789574768,4026.2108343183563
forecast_6190,2025-09-15 22:00:00,4458.897975446813,3727.15196475522,3208.761101752228
forecast_6191,2025-09-15 23:00:00,3100.1518549306984,2788.594219752771,2533.835817586273
forecast_6192,2025-09-16 00:00:00,4278.282500690843,3810.2531457743444,3136.209453345002
forecast_6193,2025-09-16 01:00:00,8448.185661820464,8040.897700249721,5231.235735938256
forecast_6194,2025-09-16 02:00:00,8486.366382009779,7719.783670381434,5585.690973018108
forecast_6195,2025-09-16 03:00:00,8453.054141592856,7694.1802998158755,5152.138390966894
forecast_6196,2025-09-16 04:00:00,9517.829249816372,8722.65308305478,5656.630541213287
forecast_6197,2025-09-16 05:00:00,9617.898678907748,9055.03009125789,6845.835323617196
forecast_6198,2025-09-16 06:00:00,12105.181609340492,10769.788955165686,7470.858391142843
forecast_6199,2025-09-16 07:00:00,11191.825822297027,10614.761358878157,6246.4123732780645
forecast_6200,2025-09-16 08:00:00,8773.552402941066,7937.534894673901,4590.498075840385
forecast_6201,2025-09-16 09:00:00,6949.034752288371,7383.550456117462,4534.770192256631
forecast_6202,2025-09-16 10:00:00,5336.113172309316,5093.099738182123,4508.830215083764
forecast_6203,2025-09-16 11:00:00,5252.896408508842,5735.259472607443,4323.384071124615
forecast_6204,2025-09-16 12:00:00,5213.277417794763,5075.1238518332275,4308.717620750103
forecast_6205,2025-09-16 13:00:00,6146.763616219464,5633.547256983509,5045.707863218412
forecast_6206,2025-09-16 14:00:00,6262.028390082143,5723.98714944203,5625.29501597361
forecast_6207,2025-09-16 15:00:00,6982.993056677818,6751.958253960716,6326.659097252582
forecast_6208,2025-09-16 16:00:00,7729.24206933246,7304.458827824618,7622.988711829432
forecast_6209,2025-09-16 17:00:00,6119.635383298388,7123.918465269972,5614.749596599056
forecast_6210,2025-09-16 18:00:00,6843.446577837424,7198.791221518698,6342.897084227991
forecast_6211,2025-09-16 19:00:00,9465.403961855547,9989.094619207093,8214.560924315128
forecast_6212,2025-09-16 20:00:00,8796.806807059102,9536.232650577527,7739.720362631992
forecast_6213,2025-09-16 21:00:00,10295.721252687988,10629.660028297718,8559.863886933857
forecast_6214,2025-09-16 22:00:00,8746.965346357107,9461.527527507655,7441.2550666791985
forecast_6215,2025-09-16 23:00:00,9173.20083780475,9986.896555690577,8094.2627241581
forecast_6216,2025-09-17 00:00:00,9319.141307013522,10424.454799879528,8411.43692855829
forecast_6217,2025-09-17 01:00:00,13349.448690836965,15008.691854671397,13829.768662629065
forecast_6218,2025-09-17 02:00:00,15326.943855316676,15823.262313056253,14859.995700430885
forecast_6219,2025-09-17 03:00:00,16312.296836697667,16756.66777643059,16194.629732020772
forecast_6220,2025-09-17 04:00:00,16759.67416415639,17043.27640814663,16617.01332770387
forecast_6221,2025-09-17 05:00:00,16841.02942779368,16873.98925088481,15556.46085290743
forecast_6222,2025-09-17 06:00:00,16551.007083310018,16841.470021856974,14881.849789128835
forecast_6223,2025-09-17 07:00:00,14803.653469239998,14178.035195450726,11415.358913055754
forecast_6224,2025-09-17 08:00:00,10179.954347725035,10471.437489769027,7655.210134331485
forecast_6225,2025-09-17 09:00:00,7429.927122852756,7589.5483198986785,5488.231827577622
forecast_6226,2025-09-17 10:00:00,5314.686250073156,5291.124594496334,3389.596968191873
forecast_6227,2025-09-17 11:00:00,4179.072031433674,4335.296757036705,2676.188886214236
forecast_6228,2025-09-17 12:00:00,2230.123883873863,2534.66369412275,1339.5973265587118
forecast_6229,2025-09-17 13:00:00,1533.982118910473,2242.229688999339,1128.0773534550124
forecast_6230,2025-09-17 14:00:00,4224.882629876355,3767.257689668158,3162.150489650099
forecast_6231,2025-09-17 15:00:00,6451.017440157445,7298.778042208874,4451.669880687359
forecast_6232,2025-09-17 16:00:00,4488.488533005048,5220.914530568573,2550.232572527571
forecast_6233,2025-09-17 17:00:00,3144.4817998098683,2862.3388707003946,1494.6412717295634
forecast_6234,2025-09-17 18:00:00,2676.2471234287796,2730.562833652336,1165.0257179054934
forecast_6235,2025-09-17 19:00:00,1357.7341888656345,1161.7141460304442,518.8937824801222
forecast_6236,2025-09-17 20:00:00,1771.458917344847,1937.8605465013452,771.9712385086932
forecast_6237,2025-09-17 21:00:00,1761.7871137682853,2047.5605508992728,831.7135790642461
forecast_6238,2025-09-17 22:00:00,945.2563428028452,1026.3736855106395,552.303891064193
forecast_6239,2025-09-17 23:00:00,1074.6706020171766,1114.6691946122432,610.6664364420229
forecast_6240,2025-09-18 00:00:00,1072.8191871907818,1100.5729109571075,669.0953049269865
forecast_6241,2025-09-18 01:00:00,788.7492976244735,821.164632453528,403.3196428177885
forecast_6242,2025-09-18 02:00:00,679.266644550726,794.6901316300082,433.013760443571
forecast_6243,2025-09-18 03:00:00,742.0382097973468,756.2689149473257,399.5492753215566
forecast_6244,2025-09-18 04:00:00,724.5654515491128,772.6924935075679,459.2687717985822
forecast_6245,2025-09-18 05:00:00,1496.352764890106,1764.0394793353523,1179.3254026531174
forecast_6246,2025-09-18 06:00:00,2438.925871579951,2686.292389285446,1585.0694690988412
forecast_6247,2025-09-18 07:00:00,3550.0234960413213,4849.7870759999505,2933.2909323776275
forecast_6248,2025-09-18 08:00:00,3242.2570102696536,4263.851525300921,2484.3209215558377
forecast_6249,2025-09-18 09:00:00,3335.7402346761405,4907.483436207632,2799.128963565849
forecast_6250,2025-09-18 10:00:00,3413.603833204467,4588.137360553912,2934.92390691863
forecast_6251,2025-09-18 11:00:00,3079.8518215845324,4041.680390934637,2732.9167445250414
forecast_6252,2025-09-18 12:00:00,2521.4259226085787,3296.4351548422546,2146.303328551899
forecast_6253,2025-09-18 13:00:00,2273.0700431490045,2909.5561674216133,2016.9119500867105
forecast_6254,2025-09-18 14:00:00,2019.2697588909275,2601.230406903508,2039.997913853463
forecast_6255,2025-09-18 15:00:00,1729.1261528954235,2541.245904930557,1840.8642063589787
forecast_6256,2025-09-18 16:00:00,1508.9340922301576,2290.703462771416,1317.9404810586245
forecast_6257,2025-09-18 17:00:00,1904.6522002541274,2584.2500026165917,1646.7379846534902
forecast_6258,2025-09-18 18:00:00,2504.2352063852913,2940.9625249798005,1535.039744645401
forecast_6259,2025-09-18 19:00:00,2626.223084137413,3092.702314429347,1363.3012842083072
forecast_6260,2025-09-18 20:00:00,2195.171599374256,2496.1349275673283,1250.1374323480206
forecast_6261,2025-09-18 21:00:00,1800.402880588007,1918.487330339487,942.7516038590967
forecast_6262,2025-09-18 22:00:00,2813.5047977860618,3036.906502824542,1248.728321248699
forecast_6263,2025-09-18 23:00:00,2851.6076615638913,3123.184568850371,1173.4147289618
forecast_6264,2025-09-19 00:00:00,2853.788300813709,3003.1020721292134,1150.0975054274916
forecast_6265,2025-09-19 01:00:00,3016.7997890498673,2961.786089609221,1155.3374363500661
forecast_6266,2025-09-19 02:00:00,2395.6012889788162,2695.9715737139427,838.0928475077986
forecast_6267,2025-09-19 03:00:00,2534.693577326851,2671.3196967623935,908.301752674654
forecast_6268,2025-09-19 04:00:00,2410.351412650607,2472.4619129623047,775.5054168906531
forecast_6269,2025-09-19 05:00:00,2025.5425842925576,1999.6629042377604,550.9582090892004
forecast_6270,2025-09-19 06:00:00,1518.9137116397587,1292.1889026671709,306.6900770609576
forecast_6271,2025-09-19 07:00:00,1519.694893351894,1378.268465548272,315.41143189036893
forecast_6272,2025-09-19 08:00:00,1323.6731085320698,1035.3541230013914,306.7413901119515
forecast_6273,2025-09-19 09:00:00,1197.8214671659473,962.7745361499055,303.63207165871034
forecast_6274,2025-09-19 10:00:00,692.0986440316391,480.5172801817616,295.07738087839493
forecast_6275,2025-09-19 11:00:00,531.4543269530598,356.9785225550261,237.15621369829725
forecast_6276,2025-09-19 12:00:00,507.62672087756107,349.72237446823095,240.57800970069263
forecast_6277,2025-09-19 13:00:00,333.74494240690075,220.63871556474461,149.47346616953783
forecast_6278,2025-09-19 14:00:00,303.660291405433,207.23481834817227,101.80730170840302
forecast_6279,2025-09-19 15:00:00,406.8402601088228,279.1619098513023,123.64971526059753
forecast_6280,2025-09-19 16:00:00,379.3818789794244,351.2177963176638,90.1529573801006
forecast_6281,2025-09-19 17:00:00,696.0761791567951,643.616538321197,141.77298007535683
forecast_6282,2025-09-19 18:00:00,1255.9942755413729,1129.0764116936405,323.7764223206767
forecast_6283,2025-09-19 19:00:00,1839.1429646307354,1602.118126261262,768.859985194318
forecast_6284,2025-09-19 20:00:00,1982.2746844844082,1748.7849676135174,662.5920754849552
forecast_6285,2025-09-19 21:00:00,2528.090425566156,2169.698980248678,876.413685074879
forecast_6286,2025-09-19 22:00:00,3438.887701056068,2965.3120107488794,1168.9736821282472
forecast_6287,2025-09-19 23:00:00,4192.723273719254,3728.6455766720837,1209.9804135015254
forecast_6288,2025-09-20 00:00:00,4935.367512256296,4833.475955886101,2234.484144160125
forecast_6289,2025-09-20 01:00:00,7103.802287226851,5914.098243917939,3000.852503796756
forecast_6290,2025-09-20 02:00:00,8957.77264059603,8293.88235052505,4039.501869514711
forecast_6291,2025-09-20 03:00:00,5055.519487796034,4733.008661166303,2396.224803323911
forecast_6292,2025-09-20 04:00:00,4806.462394404519,4235.200529419531,2389.1101086199424
forecast_6293,2025-09-20 05:00:00,6134.330410227118,5308.100685548292,3344.6430391306094
forecast_6294,2025-09-20 06:00:00,6734.382614100562,8523.730632959634,4676.029058611546
forecast_6295,2025-09-20 07:00:00,6476.966607776924,5808.019257885237,3395.9927103747864
forecast_6296,2025-09-20 08:00:00,5085.363671170588,4568.371928603861,2233.0457691763395
forecast_6297,2025-09-20 09:00:00,1608.6013834994922,1444.9181184618951,709.8333579861683
forecast_6298,2025-09-20 10:00:00,1045.1159178234807,776.4078242418428,448.0997078431473
forecast_6299,2025-09-20 11:00:00,1724.524767362942,1537.8700206745166,1311.665360875236
forecast_6300,2025-09-20 12:00:00,1884.532488225678,1804.9561675421098,1423.1062928466056
forecast_6301,2025-09-20 13:00:00,3104.81312384183,2881.660651849594,1810.7299482378437
forecast_6302,2025-09-20 14:00:00,3141.084415592789,3249.4421176204696,1805.8283765264148
forecast_6303,2025-09-20 15:00:00,2430.535255648606,2482.403849053545,1329.206130958259
forecast_6304,2025-09-20 16:00:00,1902.8596805178854,1981.0368872771205,849.7243313385371
forecast_6305,2025-09-20 17:00:00,1401.8767963248563,1802.6817952329363,891.03733935148
forecast_6306,2025-09-20 18:00:00,1253.698753504357,1208.3180026381579,760.9763064222171
forecast_6307,2025-09-20 19:00:00,1348.251802261084,1297.3768135645475,612.2421802246208
forecast_6308,2025-09-20 20:00:00,2396.6209318863307,2114.3764384079604,1215.226360047609
forecast_6309,2025-09-20 21:00:00,2689.713855765534,2928.558717346363,1544.3677596789837
forecast_6310,2025-09-20 22:00:00,3728.6478821876262,4326.269438883248,2056.4479633979954
forecast_6311,2025-09-20 23:00:00,3236.800267668271,3465.130265085132,1969.560502098373
forecast_6312,2025-09-21 00:00:00,3135.8237249863832,3067.3359010604045,1599.2408532573402
forecast_6313,2025-09-21 01:00:00,4035.5458258563676,4432.907314202109,2557.8560992268535
forecast_6314,2025-09-21 02:00:00,4126.106914822586,4793.328810037034,2404.984652641864
forecast_6315,2025-09-21 03:00:00,3778.8587284832474,4196.498682253257,2363.586815424075
forecast_6316,2025-09-21 04:00:00,3496.1169579382085,4256.100915160346,2034.0868692400968
forecast_6317,2025-09-21 05:00:00,3350.8695132556477,3228.8817173674424,1747.1971443121754
forecast_6318,2025-09-21 06:00:00,3616.7250695598586,3986.705326439041,1940.2129047892754
forecast_6319,2025-09-21 07:00:00,4221.698333156261,4441.119718487117,2593.2344234160064
forecast_6320,2025-09-21 08:00:00,3823.9538433907524,4465.942136132574,2271.2879958519884
forecast_6321,2025-09-21 09:00:00,2360.2969644088607,2721.7148283584866,1712.3462487049794
forecast_6322,2025-09-21 10:00:00,1431.0344744108977,1885.4898589550414,1080.835811054097
forecast_6323,2025-09-21 11:00:00,798.9442195688055,1134.3091405525163,780.2967661227207
forecast_6324,2025-09-21 12:00:00,826.1587233909005,1204.8059057727924,743.284246980342
forecast_6325,2025-09-21 13:00:00,991.6900861294282,1370.1103051264388,1170.3186137122557
forecast_6326,2025-09-21 14:00:00,921.8351526035286,1447.4115879194403,1007.147756483688
forecast_6327,2025-09-21 15:00:00,966.2515415647821,1453.5407745937666,925.5041053800765
forecast_6328,2025-09-21 16:00:00,1073.6376164819048,1591.3352076297836,1070.95531025526
forecast_6329,2025-09-21 17:00:00,1069.6236016599514,1704.0637804803816,1189.88925993
forecast_6330,2025-09-21 18:00:00,1751.3540684037666,2311.9689534152735,1302.117342152134
forecast_6331,2025-09-21 19:00:00,2674.1363848028104,3398.744391238227,1839.8597393604296
forecast_6332,2025-09-21 20:00:00,2748.419317601465,3432.6132202868566,1650.3926566090963
forecast_6333,2025-09-21 21:00:00,3410.6884956202393,3509.882693108768,1620.8817333779489
forecast_6334,2025-09-21 22:00:00,4068.244372821408,5118.234818622568,2368.5604143941837
forecast_6335,2025-09-21 23:00:00,5196.283277481088,6339.3198035887,2833.659764158313
forecast_6336,2025-09-22 00:00:00,5636.291025275273,6576.134235082209,3279.936890932171
forecast_6337,2025-09-22 01:00:00,5384.714681453629,5623.377921728626,2162.2421944212633
forecast_6338,2025-09-22 02:00:00,5645.157091396319,6006.8984362095625,2576.748427109709
forecast_6339,2025-09-22 03:00:00,6730.682673869559,6841.933901420366,3100.6287597847117
forecast_6340,2025-09-22 04:00:00,6403.274592776239,6688.789967176679,3337.81739281079
forecast_6341,2025-09-22 05:00:00,5871.36586342368,6713.035188939644,3062.9731406174374
forecast_6342,2025-09-22 06:00:00,5583.2642390894025,6344.992549513101,2694.6913085393594
forecast_6343,2025-09-22 07:00:00,5100.445049519439,5839.9127550168705,2769.2112212218453
forecast_6344,2025-09-22 08:00:00,5234.782182894121,5950.132862568843,3024.675900089961
forecast_6345,2025-09-22 09:00:00,4851.698735576572,5140.531035008989,2874.263419580272
forecast_6346,2025-09-22 10:00:00,6077.467843540807,6918.303877286886,3875.1251748432633
forecast_6347,2025-09-22 11:00:00,4458.306817009641,5312.262273595089,3085.767893063649
forecast_6348,2025-09-22 12:00:00,3294.7411212377383,4404.9093783741855,2829.9576100831046
forecast_6349,2025-09-22 13:00:00,3059.4651122502546,3625.1651387155866,2627.9033463255246
forecast_6350,2025-09-22 14:00:00,2693.724956002108,3249.3527496668403,2491.3187480930665
forecast_6351,2025-09-22 15:00:00,2766.273707287862,3303.986257516662,2356.118891091534
forecast_6352,2025-09-22 16:00:00,2457.256396882968,3188.772408304741,2278.1344135151244
forecast_6353,2025-09-22 17:00:00,2334.100523671086,2494.539265135434,1573.2975397890013
forecast_6354,2025-09-22 18:00:00,2286.374838562189,2738.5159809059296,1203.9601111376533
forecast_6355,2025-09-22 19:00:00,2766.926215250023,3103.0468609320856,1326.4696006445529
forecast_6356,2025-09-22 20:00:00,3193.209813813821,3119.795583687447,1402.9055861314328
forecast_6357,2025-09-22 21:00:00,3195.26264793895,3142.103243571309,1428.798821416546
forecast_6358,2025-09-22 22:00:00,3412.257315569979,3182.7609858941237,1429.5258703880622
forecast_6359,2025-09-22 23:00:00,3057.538593511334,2838.9277575032474,1134.1483851436954
forecast_6360,2025-09-23 00:00:00,3244.7883949596417,2787.826574311623,1065.9922886604713
forecast_6361,2025-09-23 01:00:00,1129.4360975212633,1031.4292458702325,195.84727916212816
forecast_6362,2025-09-23 02:00:00,1130.589702424014,937.4972634057024,183.11326007681615
forecast_6363,2025-09-23 03:00:00,1019.2088934701089,758.745687534941,245.3150592012777
forecast_6364,2025-09-23 04:00:00,1423.3902783482706,1131.092281490344,367.7575863393698
forecast_6365,2025-09-23 05:00:00,1639.9594263531885,1360.4444212485887,396.5825037284545
forecast_6366,2025-09-23 06:00:00,1967.1835584339156,1982.9173053045783,532.7866655427121
forecast_6367,2025-09-23 07:00:00,2439.445375601764,2337.6398680659204,807.5083958324547
forecast_6368,2025-09-23 08:00:00,3039.2834860172284,2544.5120852322766,1077.58716984932
forecast_6369,2025-09-23 09:00:00,2568.5320633179463,2440.0616464851328,1267.6125373954587
forecast_6370,2025-09-23 10:00:00,1508.1925449745972,1883.5428618748304,945.9133885084345
forecast_6371,2025-09-23 11:00:00,1138.5843698032368,1351.5378811851187,748.6225797255267
forecast_6372,2025-09-23 12:00:00,895.3005869542042,954.93802327504,642.5730522862115
forecast_6373,2025-09-23 13:00:00,1021.8593561515968,1132.9370519564636,728.5176166709444
forecast_6374,2025-09-23 14:00:00,779.0258707600548,789.385698872517,616.6351672524702
forecast_6375,2025-09-23 15:00:00,840.7152474451267,885.4768913493709,569.8502234167846
forecast_6376,2025-09-23 16:00:00,758.7204912738396,804.1103797543257,562.6558390984419
forecast_6377,2025-09-23 17:00:00,897.3949899572548,855.9243842004299,534.9738049935362
forecast_6378,2025-09-23 18:00:00,1886.1458210791768,2135.9522367051222,962.6994789639378
forecast_6379,2025-09-23 19:00:00,2594.9798444781877,2634.0661471831054,898.0371026244951
forecast_6380,2025-09-23 20:00:00,2440.5545607691656,2039.3239403754376,773.1188003942234
forecast_6381,2025-09-23 21:00:00,2212.274148160616,1695.7313889209786,617.2587580728168
forecast_6382,2025-09-23 22:00:00,2360.1489991938597,1680.716980383022,613.5773921463385
forecast_6383,2025-09-23 23:00:00,2241.4323345304647,1738.9556654642988,613.6986863024622
forecast_6384,2025-09-24 00:00:00,2197.122138740835,1661.6116196653593,628.2906997780036
forecast_6385,2025-09-24 01:00:00,2412.6703103952646,2136.433166001122,785.5162269751002
forecast_6386,2025-09-24 02:00:00,2681.2618893244935,2109.569680119855,915.0940883807591
forecast_6387,2025-09-24 03:00:00,3115.5108343334073,2429.6771391033003,1124.5401738517562
forecast_6388,2025-09-24 04:00:00,3571.0331440716054,3092.473702911869,1845.8667904346742
forecast_6389,2025-09-24 05:00:00,4298.668720118742,4224.650190280855,3254.049155284667
forecast_6390,2025-09-24 06:00:00,4582.652560789402,4036.4380554959707,3488.030010008711
forecast_6391,2025-09-24 07:00:00,3978.8825052344973,3960.825547454039,2124.9638374462547
forecast_6392,2025-09-24 08:00:00,3100.629487677083,3372.841034353554,1741.9780018195295
forecast_6393,2025-09-24 09:00:00,2851.475522529726,3331.2596138400963,2237.9802796145136
forecast_6394,2025-09-24 10:00:00,3830.325593331232,4166.291538632229,2945.8430452425046
forecast_6395,2025-09-24 11:00:00,6663.375383203052,7278.049057912373,5636.680710421498
forecast_6396,2025-09-24 12:00:00,8333.323579695365,9417.34826089014,6600.889127148205
forecast_6397,2025-09-24 13:00:00,9174.893485780332,10357.432286759971,8303.593918130642
forecast_6398,2025-09-24 14:00:00,10331.580001202636,11672.919157430506,9265.95578162073
forecast_6399,2025-09-24 15:00:00,9462.343065807781,11026.159574628136,8946.920981719262
forecast_6400,2025-09-24 16:00:00,9009.314091667187,10243.619817861265,7476.181631824407
forecast_6401,2025-09-24 17:00:00,6973.535882213408,8978.116971866812,6538.824185653218
forecast_6402,2025-09-24 18:00:00,7535.550042545519,9274.435456792866,5473.631157888976
forecast_6403,2025-09-24 19:00:00,8774.697453888139,10697.173919603325,6643.269196832028
forecast_6404,2025-09-24 20:00:00,9562.088948922526,11824.59682844339,8760.601910449683
forecast_6405,2025-09-24 21:00:00,12881.225204316068,13871.17751892941,12110.078279928086
forecast_6406,2025-09-24 22:00:00,15100.078725631985,16416.03709997723,14705.155787621241
forecast_6407,2025-09-24 23:00:00,16778.92421909269,17804.09994477851,15984.058533251142
forecast_6408,2025-09-25 00:00:00,16616.32338436622,17473.81341300307,16383.710130343165
forecast_6409,2025-09-25 01:00:00,16621.87544976761,16644.022294587623,15109.905745625767
forecast_6410,2025-09-25 02:00:00,16903.46964393175,16856.03971070438,14937.79319104025
forecast_6411,2025-09-25 03:00:00,16834.053259098237,16678.40642848769,15491.844771515667
forecast_6412,2025-09-25 04:00:00,16736.24444701328,17372.389165478013,16279.983083116953
forecast_6413,2025-09-25 05:00:00,16839.482700329474,17276.334697561233,15184.948871709394
forecast_6414,2025-09-25 06:00:00,17328.938650676828,17548.904918208806,15806.698455892285
forecast_6415,2025-09-25 07:00:00,15716.970590811983,15469.183730375238,13749.581444356601
forecast_6416,2025-09-25 08:00:00,14295.525533451557,14520.807943700574,11717.965747720798
forecast_6417,2025-09-25 09:00:00,14454.209762200893,15109.756179882386,12993.926421976452
forecast_6418,2025-09-25 10:00:00,15401.313190877147,15261.517027282613,13554.056375372955
forecast_6419,2025-09-25 11:00:00,14083.537691437654,14311.909916636712,13247.46556535128
forecast_6420,2025-09-25 12:00:00,14437.524076075999,14320.53510155524,11207.11049603501
forecast_6421,2025-09-25 13:00:00,13230.622628425523,14498.298158913874,11037.747106524976
forecast_6422,2025-09-25 14:00:00,12683.173522890193,12369.616162110544,10580.980631645793
forecast_6423,2025-09-25 15:00:00,11593.992449952582,12050.259041862166,10192.225430870181
forecast_6424,2025-09-25 16:00:00,12750.757043875408,12729.039917000255,11165.590283391324
forecast_6425,2025-09-25 17:00:00,13421.047160771268,12543.420028227507,10612.679488273037
forecast_6426,2025-09-25 18:00:00,14216.690473996343,13478.390153061064,11801.20858879459
forecast_6427,2025-09-25 19:00:00,14452.042267522169,14044.657082578737,12652.23840970309
forecast_6428,2025-09-25 20:00:00,15038.382150374007,13765.552914840586,12286.344879192447
forecast_6429,2025-09-25 21:00:00,15783.148640022771,15124.373660508561,12523.467168049596
forecast_6430,2025-09-25 22:00:00,15536.049296462801,14774.730740384422,10821.078608306756
forecast_6431,2025-09-25 23:00:00,14836.058212004042,13745.717769266294,8757.972296030182
forecast_6432,2025-09-26 00:00:00,14728.659253699941,13298.625983602524,9542.006000222185
forecast_6433,2025-09-26 01:00:00,10716.594530896526,10007.073828707671,5315.593836362695
forecast_6434,2025-09-26 02:00:00,10349.890065426618,9452.89580639563,4953.932357371759
forecast_6435,2025-09-26 03:00:00,8394.960530671991,7676.00034324806,4608.019875012762
forecast_6436,2025-09-26 04:00:00,5927.780781017915,4559.278414458717,3793.967159723892
forecast_6437,2025-09-26 05:00:00,3787.1564208635573,2414.3364771915044,1704.3868256765525
forecast_6438,2025-09-26 06:00:00,2132.4264316884783,1325.6984849793373,1054.422630606992
forecast_6439,2025-09-26 07:00:00,1004.3255823458687,688.2382322242423,475.674076509023
forecast_6440,2025-09-26 08:00:00,353.43346945100143,349.82979335127897,108.0649443083299
forecast_6441,2025-09-26 09:00:00,264.3393563789597,355.6423212683374,99.99992624202537
forecast_6442,2025-09-26 10:00:00,123.04968316288551,123.71553969350414,80.95202188728372
forecast_6443,2025-09-26 11:00:00,116.50332432079409,116.95854141798877,82.51435569747893
forecast_6444,2025-09-26 12:00:00,111.05591357376038,111.60490802101539,84.61229531265265
forecast_6445,2025-09-26 13:00:00,102.19043456334715,112.9771639172147,84.34517287038005
forecast_6446,2025-09-26 14:00:00,117.33823751148498,115.92723701625746,84.1756134309004
forecast_6447,2025-09-26 15:00:00,146.49815007944187,133.49970546799395,88.53122023238029
forecast_6448,2025-09-26 16:00:00,145.14601373896514,134.90227647873283,88.69830723113155
forecast_6449,2025-09-26 17:00:00,248.9090684496289,250.30705304200927,112.63187577330636
forecast_6450,2025-09-26 18:00:00,239.05676301172144,246.2581884577354,97.97831339911028
forecast_6451,2025-09-26 19:00:00,259.92853767822623,263.0426788661432,99.87164184353323
forecast_6452,2025-09-26 20:00:00,247.03563697049833,243.69156334873537,76.7333046544093
forecast_6453,2025-09-26 21:00:00,266.6668105882165,198.21252951908633,73.40264498025901
forecast_6454,2025-09-26 22:00:00,396.0715079394941,312.31341213461053,87.15899787696357
forecast_6455,2025-09-26 23:00:00,582.1811743968401,462.85936120912527,108.64782397897865
forecast_6456,2025-09-27 00:00:00,554.59236024331,426.26838295074305,96.12773773878622
forecast_6457,2025-09-27 01:00:00,389.4667859828681,328.99192135219613,92.69936348445887
forecast_6458,2025-09-27 02:00:00,493.5817337619193,391.3689881903259,90.68287595899703
forecast_6459,2025-09-27 03:00:00,603.8439975899612,459.1644847065481,95.02341496663851
forecast_6460,2025-09-27 04:00:00,731.1966154613493,531.2292110773748,95.4705199811072
forecast_6461,2025-09-27 05:00:00,763.7332739372931,584.0742050259983,150.65755096751604
forecast_6462,2025-09-27 06:00:00,1079.9106565130799,727.6181325357456,198.10431171741936
forecast_6463,2025-09-27 07:00:00,1804.3245750027104,1332.4034135504198,470.79343213690123
forecast_6464,2025-09-27 08:00:00,1991.4989125053653,1294.3930882024881,607.9147733913653
forecast_6465,2025-09-27 09:00:00,1133.442948421933,921.2693095099785,460.9878079767858
forecast_6466,2025-09-27 10:00:00,730.1700268151249,446.36001339088483,298.4976167420858
forecast_6467,2025-09-27 11:00:00,211.33372947975445,239.136145206539,135.83339280513937
forecast_6468,2025-09-27 12:00:00,176.24909837601143,205.06502029905644,168.87722762494172
forecast_6469,2025-09-27 13:00:00,189.74165209346302,182.45830057114588,131.26566891803807
forecast_6470,2025-09-27 14:00:00,150.96842525955213,157.34573493490697,129.18087326658775
forecast_6471,2025-09-27 15:00:00,460.712918730729,349.6398688030319,158.0203474649304
forecast_6472,2025-09-27 16:00:00,487.76291107100764,439.23275356385676,180.0479092557735
forecast_6473,2025-09-27 17:00:00,703.4779125246947,554.431089934902,250.84804678521897
forecast_6474,2025-09-27 18:00:00,854.9631231532215,824.6144403100852,387.2341848267848
forecast_6475,2025-09-27 19:00:00,1427.6796883055565,1418.732081443893,687.4964550292171
forecast_6476,2025-09-27 20:00:00,1102.467326703224,1107.0828286464064,493.34226193695264
forecast_6477,2025-09-27 21:00:00,729.1087724765113,768.9365482599353,321.7331655159465
forecast_6478,2025-09-27 22:00:00,1652.4559620207426,1450.6957823772077,747.7098988276522
forecast_6479,2025-09-27 23:00:00,1685.0291215118077,1746.7936214618494,995.5559891296401
forecast_6480,2025-09-28 00:00:00,1615.8966210982928,1359.926785286367,738.9279407995822
forecast_6481,2025-09-28 01:00:00,2874.64375608562,3193.1061122917067,1680.3019799366368
forecast_6482,2025-09-28 02:00:00,4509.459283260488,4425.422328947076,2779.868578897099
forecast_6483,2025-09-28 03:00:00,5147.313360603764,4999.647666993203,3471.033681678742
forecast_6484,2025-09-28 04:00:00,4382.826612834136,4874.871236025125,3253.518252748026
forecast_6485,2025-09-28 05:00:00,4677.587264843351,5056.110575814954,3519.77627003897
forecast_6486,2025-09-28 06:00:00,3340.513832920851,3100.45985945338,2061.9317223524918
forecast_6487,2025-09-28 07:00:00,3281.0545571269395,2801.0751544470336,1423.697166638237
forecast_6488,2025-09-28 08:00:00,2891.923444233314,3309.8554342497778,1676.8785799919474
forecast_6489,2025-09-28 09:00:00,2507.666303790571,2238.311817102103,1448.8601123803126
forecast_6490,2025-09-28 10:00:00,4132.330564650904,5162.391002665242,3443.0355603469557
forecast_6491,2025-09-28 11:00:00,5334.445836902647,5266.150397553033,3202.4291336106767
forecast_6492,2025-09-28 12:00:00,3907.812934545827,3422.806062931976,2040.7408094198881
forecast_6493,2025-09-28 13:00:00,1901.7530787387122,1858.717073552408,764.3280387787147
forecast_6494,2025-09-28 14:00:00,3448.670180611989,4048.531938630205,1802.3221226868409
forecast_6495,2025-09-28 15:00:00,4418.856755352203,5258.267173352765,2134.927710400655
forecast_6496,2025-09-28 16:00:00,4018.3721586725037,5845.109214994522,2232.169952158614
forecast_6497,2025-09-28 17:00:00,5089.030226390886,5741.1396168939655,2246.630580010336
forecast_6498,2025-09-28 18:00:00,5101.457659195369,5054.398996118274,2260.7272599788475
forecast_6499,2025-09-28 19:00:00,4381.850951305992,5411.231245973333,2529.4036282803804
forecast_6500,2025-09-28 20:00:00,4526.977714763136,5323.630739214441,2835.1974581532304
forecast_6501,2025-09-28 21:00:00,5620.489765171751,5852.070566619963,3463.3152026334938
forecast_6502,2025-09-28 22:00:00,5800.030366660334,5032.15594994139,2968.7955764927074
forecast_6503,2025-09-28 23:00:00,5391.637537907487,4639.804457016596,2397.31435029904
forecast_6504,2025-09-29 00:00:00,4994.021139233669,4118.055774282913,2095.5708733390907
forecast_6505,2025-09-29 01:00:00,3662.872960595053,3472.1463745037927,2039.0345521922245
forecast_6506,2025-09-29 02:00:00,2999.6111083131054,3030.484746213646,1440.2039329677089
forecast_6507,2025-09-29 03:00:00,2796.7397305688705,2323.0078962368066,1242.8780940343609
forecast_6508,2025-09-29 04:00:00,3817.2220468813607,3168.509215551603,1668.208118009214
forecast_6509,2025-09-29 05:00:00,2358.32070940923,2120.565188788904,1125.2730998152367
forecast_6510,2025-09-29 06:00:00,1568.13351619678,1231.906416865267,694.4055853563156
forecast_6511,2025-09-29 07:00:00,1062.2145853407205,896.432312553963,524.0865736911098
forecast_6512,2025-09-29 08:00:00,813.6795266668336,521.9865550690245,396.6294059795055
forecast_6513,2025-09-29 09:00:00,420.0536006315386,259.8551820135657,163.89701120214315
forecast_6514,2025-09-29 10:00:00,152.7618984922885,163.86303525957277,124.06462000695899
forecast_6515,2025-09-29 11:00:00,124.43569344684269,134.3509809100741,120.25455750934674
forecast_6516,2025-09-29 12:00:00,149.97539837629515,141.07919185501655,90.50958532777774
forecast_6517,2025-09-29 13:00:00,152.48820962804925,148.47948841381162,100.43690058882044
forecast_6518,2025-09-29 14:00:00,496.3954300852656,483.3461430899243,470.914837575501
forecast_6519,2025-09-29 15:00:00,767.6109308243036,660.71907854623,344.1085248827233
forecast_6520,2025-09-29 16:00:00,878.7824851501935,711.5883558301122,327.81576217634176
forecast_6521,2025-09-29 17:00:00,562.5420095977219,539.1103642846417,273.5693848620182
forecast_6522,2025-09-29 18:00:00,299.0266980454602,316.25491240035757,143.60603707582956
forecast_6523,2025-09-29 19:00:00,370.48252407907853,378.0194327106384,133.9044704880186
forecast_6524,2025-09-29 20:00:00,467.0410232108254,290.0322617671852,146.62163271212523
forecast_6525,2025-09-29 21:00:00,448.1675066397236,478.4961486486162,232.34715653228625
forecast_6526,2025-09-29 22:00:00,936.9736878985155,937.555146304524,370.01033114809644
forecast_6527,2025-09-29 23:00:00,1444.0405828377545,1331.9430074104368,712.781498698941
forecast_6528,2025-09-30 00:00:00,1241.7879620409683,1181.5077620288089,397.7065958317396
forecast_6529,2025-09-30 01:00:00,2081.415881151284,1957.3486206333591,1333.4371643557618
forecast_6530,2025-09-30 02:00:00,2203.4821611857324,1975.257974255636,1372.8929748586252
forecast_6531,2025-09-30 03:00:00,1221.4246639547441,1148.038243620956,567.025834536568
forecast_6532,2025-09-30 04:00:00,3672.502250171236,3220.991986127364,1865.8809747199234
forecast_6533,2025-09-30 05:00:00,2330.67855543481,2102.131724080412,1203.2782705588008
forecast_6534,2025-09-30 06:00:00,2252.21554747607,1773.7474003787274,1468.6494093557674
forecast_6535,2025-09-30 07:00:00,1376.5138263180334,921.7857308996232,735.6758556407979
forecast_6536,2025-09-30 08:00:00,1013.1085245644991,1046.3619621118444,576.2099485680445
forecast_6537,2025-09-30 09:00:00,527.1204423524757,458.0330015909302,281.47392722641086
forecast_6538,2025-09-30 10:00:00,411.4564846674878,355.24167671070086,288.4180538252665
forecast_6539,2025-09-30 11:00:00,294.1984951398543,248.77906531217863,262.55946363808494
forecast_6540,2025-09-30 12:00:00,1070.8500805264816,919.1080492666551,770.8579837809352
forecast_6541,2025-09-30 13:00:00,501.4879879450028,504.4925373591326,458.6168491230902
forecast_6542,2025-09-30 14:00:00,712.637078042095,586.2244303890174,440.96160792533624
forecast_6543,2025-09-30 15:00:00,1523.1619897861765,1230.6744816241928,681.0365702604246
forecast_6544,2025-09-30 16:00:00,1664.6410773895368,1341.5188250636745,934.3571573776028
forecast_6545,2025-09-30 17:00:00,1664.2995620280576,1623.0162954329396,1145.5283908240262
forecast_6546,2025-09-30 18:00:00,3190.634179953939,3244.493310261476,2019.9659333461072
forecast_6547,2025-09-30 19:00:00,2780.7235730858933,2567.3133302929646,1641.1269576096129
forecast_6548,2025-09-30 20:00:00,3757.326091098539,3288.907019446389,2538.7628624606978
forecast_6549,2025-09-30 21:00:00,4859.880956268901,4169.44067540857,3064.8494653093053
forecast_6550,2025-09-30 22:00:00,4987.151321620057,4440.957794631241,3418.2777084373924
forecast_6551,2025-09-30 23:00:00,5189.292317889915,4361.09587472453,3515.5214618211203
forecast_6552,2025-10-01 00:00:00,7507.5343161723,5535.307030072635,4229.795218356381
forecast_6553,2025-10-01 01:00:00,8681.696476796753,7630.3013402620245,5101.419473989286
forecast_6554,2025-10-01 02:00:00,9138.582852914386,7592.1551274075,5172.3757444870125
forecast_6555,2025-10-01 03:00:00,8368.843204615448,7321.103292829397,4657.83678902215
forecast_6556,2025-10-01 04:00:00,8338.826447912414,7170.993137920206,4658.960621857238
forecast_6557,2025-10-01 05:00:00,7372.575338145875,6305.630695620661,4456.515899751747
forecast_6558,2025-10-01 06:00:00,7356.645684159541,6683.001330771998,4535.660866241355
forecast_6559,2025-10-01 07:00:00,6952.968952405929,6866.993116694276,3360.475732432535
forecast_6560,2025-10-01 08:00:00,3331.5713240309983,3031.422735927132,1296.196329354647
forecast_6561,2025-10-01 09:00:00,2696.770197727036,1804.5069720989216,932.2458296979186
forecast_6562,2025-10-01 10:00:00,1297.1251329512122,957.4590582510075,634.2680206722956
forecast_6563,2025-10-01 11:00:00,716.5850295091933,651.153892027367,484.564928926641
forecast_6564,2025-10-01 12:00:00,814.3289928576722,598.3691018288217,445.36843995455916
forecast_6565,2025-10-01 13:00:00,1544.8418001604075,1279.6631072929372,1004.0237513550109
forecast_6566,2025-10-01 14:00:00,1684.4297680354332,1223.202839442159,930.2085233269364
forecast_6567,2025-10-01 15:00:00,1631.4409813527125,1425.797264751129,876.4003394528247
forecast_6568,2025-10-01 16:00:00,1795.4756889235614,1666.8060838791725,955.7868606468157
forecast_6569,2025-10-01 17:00:00,2052.1328912262034,1548.1425883509169,1033.2711667786693
forecast_6570,2025-10-01 18:00:00,3825.735280534513,3965.3785484622604,2313.6934962199994
forecast_6571,2025-10-01 19:00:00,6170.194675270363,5700.329008030752,4213.548392893842
forecast_6572,2025-10-01 20:00:00,6550.823718600829,6203.406312889608,4708.068124452868
forecast_6573,2025-10-01 21:00:00,4986.303253826381,4833.245693997135,3296.152198846412
forecast_6574,2025-10-01 22:00:00,4256.995975580769,3406.978301224646,2769.1016412565177
forecast_6575,2025-10-01 23:00:00,3443.9631140361075,2792.8720782495407,1785.548031253203
forecast_6576,2025-10-02 00:00:00,5154.744956379505,4629.830378247554,3346.177515578459
forecast_6577,2025-10-02 01:00:00,7096.012274197745,6385.131161957478,3964.3112730517014
forecast_6578,2025-10-02 02:00:00,6539.727880641916,6114.557749117921,3308.429741878989
forecast_6579,2025-10-02 03:00:00,5879.0909567016115,5431.938480587997,2526.0369825691464
forecast_6580,2025-10-02 04:00:00,4923.560764162303,3438.623279728587,2003.3450505968597
forecast_6581,2025-10-02 05:00:00,3175.588539048586,1792.889517901698,1629.3079807077117
forecast_6582,2025-10-02 06:00:00,2271.3537181065894,1336.7030087471724,1066.1111234188902
forecast_6583,2025-10-02 07:00:00,1788.165300837197,1246.1158789438427,839.3840685687384
forecast_6584,2025-10-02 08:00:00,1064.4158251776369,752.0712810826325,529.9917373016569
forecast_6585,2025-10-02 09:00:00,340.5350893173554,276.9886750454476,113.7543940712823
forecast_6586,2025-10-02 10:00:00,130.1148271817629,116.89364073163469,92.42692078558608
forecast_6587,2025-10-02 11:00:00,102.64638985196835,109.8094023847674,89.4902174105211
forecast_6588,2025-10-02 12:00:00,106.02620714208065,111.76838297595852,108.5656065935682
forecast_6589,2025-10-02 13:00:00,115.92286549015634,133.5255731083504,99.2716339300463
forecast_6590,2025-10-02 14:00:00,125.41405876988313,165.89266718667304,114.94847542748812
forecast_6591,2025-10-02 15:00:00,135.98575786250848,166.49994504775512,149.2829899617208
forecast_6592,2025-10-02 16:00:00,174.03095111729488,173.45004733599566,117.71184390733353
forecast_6593,2025-10-02 17:00:00,183.40769200214746,174.69251377678907,91.06415814776483
forecast_6594,2025-10-02 18:00:00,213.70866749714236,200.5530706012541,79.85553359527479
forecast_6595,2025-10-02 19:00:00,285.6826127244068,205.80276037732003,79.9200159491517
forecast_6596,2025-10-02 20:00:00,291.3205864604878,217.27233141024098,84.131084571867
forecast_6597,2025-10-02 21:00:00,283.8093875086756,220.66246977416768,91.29111726139263
forecast_6598,2025-10-02 22:00:00,318.58874786589007,247.0766751448263,91.29733845723868
forecast_6599,2025-10-02 23:00:00,347.1410683988197,307.316470796603,93.40411550795291
forecast_6600,2025-10-03 00:00:00,635.5019926137983,568.849951972038,118.99934964695007
forecast_6601,2025-10-03 01:00:00,1756.39612697544,2120.9521513768714,691.7796034514299
forecast_6602,2025-10-03 02:00:00,2105.6329131007774,1820.8200472298033,609.8617043435183
forecast_6603,2025-10-03 03:00:00,1919.6766764038657,2031.3409982028697,629.1625406730417
forecast_6604,2025-10-03 04:00:00,2090.900489441454,2207.3829451706447,695.1287561824936
forecast_6605,2025-10-03 05:00:00,2087.6829803753585,2107.275373826621,678.1038127913124
forecast_6606,2025-10-03 06:00:00,2683.1083193648806,2622.0907847094904,875.7502033617883
forecast_6607,2025-10-03 07:00:00,3128.517876094002,2823.446707921117,1024.8517358907468
forecast_6608,2025-10-03 08:00:00,3456.123066895727,3427.9074222701597,1329.4904141920176
forecast_6609,2025-10-03 09:00:00,3885.715755075625,3751.205790918876,1988.8643605910108
forecast_6610,2025-10-03 10:00:00,4158.452617863551,4027.669019853723,2219.5291317076585
forecast_6611,2025-10-03 11:00:00,3900.111812425243,3856.3452540249154,2245.613775493412
forecast_6612,2025-10-03 12:00:00,4520.292624794001,4920.117069731981,3190.2813546417906
forecast_6613,2025-10-03 13:00:00,3501.05759196416,3365.676007616907,2033.24924100044
forecast_6614,2025-10-03 14:00:00,3283.593439631097,3755.851329548893,1957.2581682188058
forecast_6615,2025-10-03 15:00:00,3155.3791087561626,3271.588159754448,1548.4603478756617
forecast_6616,2025-10-03 16:00:00,3756.4707929623946,4157.708995688873,2571.635461241594
forecast_6617,2025-10-03 17:00:00,4162.565314754957,4172.195256215136,2547.1775106461096
forecast_6618,2025-10-03 18:00:00,4534.945562407627,4275.1989723965535,2264.74321219185
forecast_6619,2025-10-03 19:00:00,7469.6930232799195,7021.769352482579,3987.7380056945462
forecast_6620,2025-10-03 20:00:00,6632.648557110095,6049.72237622095,3869.417103388272
forecast_6621,2025-10-03 21:00:00,6136.824235375388,5843.891709976058,3261.195814811762
forecast_6622,2025-10-03 22:00:00,5239.48661256484,4445.611848210072,2332.361424130805
forecast_6623,2025-10-03 23:00:00,4714.474628443756,3987.946214905142,1701.6972488614374
forecast_6624,2025-10-04 00:00:00,4214.556482386773,3766.511302080367,1501.5631822696078
forecast_6625,2025-10-04 01:00:00,3014.9562570127387,2834.912701172976,1021.3765663311463
forecast_6626,2025-10-04 02:00:00,2315.150243447903,2267.144168604062,771.7657396642044
forecast_6627,2025-10-04 03:00:00,2414.6108803843836,2588.3342316558765,983.0950979725604
forecast_6628,2025-10-04 04:00:00,2668.5330496855013,2589.1894297085496,862.4815754101286
forecast_6629,2025-10-04 05:00:00,2766.927869931522,2502.663167913078,933.3894099278439
forecast_6630,2025-10-04 06:00:00,2506.3055054103543,2172.3883571570186,901.9768975385317
forecast_6631,2025-10-04 07:00:00,2107.9108288968678,1972.1868511370358,865.7568644619122
forecast_6632,2025-10-04 08:00:00,1771.6969804711016,1678.5719640084494,814.5095493545955
forecast_6633,2025-10-04 09:00:00,1950.2324345544496,1695.3000225965814,854.7618658571647
forecast_6634,2025-10-04 10:00:00,1250.358042483607,1155.6142720492794,572.2708945411118
forecast_6635,2025-10-04 11:00:00,970.8141995357647,1084.279019348003,474.6196915556054
forecast_6636,2025-10-04 12:00:00,868.5650258747941,944.4880546841028,408.301756373827
forecast_6637,2025-10-04 13:00:00,698.5921191603485,844.7255561734875,505.14147725358976
forecast_6638,2025-10-04 14:00:00,685.5406891579636,749.4182778054981,619.0428137521766
forecast_6639,2025-10-04 15:00:00,538.3307610741228,764.3205366049871,530.6875326972769
forecast_6640,2025-10-04 16:00:00,627.4856367365646,834.6473647723484,723.0807910009607
forecast_6641,2025-10-04 17:00:00,1026.2640354162038,1197.1079892881617,725.7628281558474
forecast_6642,2025-10-04 18:00:00,1096.3630614262338,1041.567797942738,688.8169862731736
forecast_6643,2025-10-04 19:00:00,954.1896925633753,1000.115268051458,659.8647426403854
forecast_6644,2025-10-04 20:00:00,1220.5249686506509,1094.5716122362794,551.5991529047698
forecast_6645,2025-10-04 21:00:00,1198.9870718849459,1025.116980856566,654.4535140758107
forecast_6646,2025-10-04 22:00:00,944.3274926088706,736.9784003354677,252.64538489823389
forecast_6647,2025-10-04 23:00:00,684.487605304404,550.4364668045913,220.66855827204034
forecast_6648,2025-10-05 00:00:00,709.8763074313986,552.8961453210566,115.06091818440409
forecast_6649,2025-10-05 01:00:00,537.3471417149809,364.5893868116814,224.27555436239106
forecast_6650,2025-10-05 02:00:00,415.5478583692679,265.26176190366544,132.4156327886236
forecast_6651,2025-10-05 03:00:00,412.1218283809259,322.7925140765624,167.95449623193372
forecast_6652,2025-10-05 04:00:00,475.52416299394963,324.63677805313233,152.17885458558035
forecast_6653,2025-10-05 05:00:00,377.4914732311809,302.38024830803187,79.31952339318904
forecast_6654,2025-10-05 06:00:00,352.282124051702,211.39968892214475,87.48745227870776
forecast_6655,2025-10-05 07:00:00,309.4459776843563,231.50052426528507,87.03505974652093
forecast_6656,2025-10-05 08:00:00,330.26529803818437,237.18083921127783,83.18352994943348
forecast_6657,2025-10-05 09:00:00,300.4391971229504,263.60220743646937,85.04160996897211
forecast_6658,2025-10-05 10:00:00,204.19286474177252,226.14107883645767,86.62021426384966
forecast_6659,2025-10-05 11:00:00,290.3788013788809,253.76034551946617,120.70245438924665
forecast_6660,2025-10-05 12:00:00,205.6716625018716,188.64846565048472,85.57080301999905
forecast_6661,2025-10-05 13:00:00,260.0840630642055,232.6376680856351,121.93596049594768
forecast_6662,2025-10-05 14:00:00,194.743686626738,215.28475554771288,91.67176284895228
forecast_6663,2025-10-05 15:00:00,289.2546116098797,345.2222973745352,179.8676339948768
forecast_6664,2025-10-05 16:00:00,482.7281295037619,315.288759021995,126.62809994320824
forecast_6665,2025-10-05 17:00:00,373.51807969625725,363.8612340106816,164.0017235490786
forecast_6666,2025-10-05 18:00:00,542.2310072924405,693.6717332211477,455.75989250287654
forecast_6667,2025-10-05 19:00:00,877.675504311202,816.9285531921811,442.1733975474554
forecast_6668,2025-10-05 20:00:00,1167.7473857517948,1019.7458568407909,371.0348171980574
forecast_6669,2025-10-05 21:00:00,1107.8436811069917,956.960019204595,394.10480248962466
forecast_6670,2025-10-05 22:00:00,945.7702666554078,785.131285739873,259.41722122309534
forecast_6671,2025-10-05 23:00:00,1133.0049392140627,967.5364030042991,381.12782819942413
forecast_6672,2025-10-06 00:00:00,949.0858851444738,798.9940385382195,223.53757172365945
forecast_6673,2025-10-06 01:00:00,1114.0248468018403,1193.625701999977,463.61330719646514
forecast_6674,2025-10-06 02:00:00,1476.046391638273,1507.412751564734,629.0659161989887
forecast_6675,2025-10-06 03:00:00,2667.987519561084,3238.6091438371873,1345.5412371572452
forecast_6676,2025-10-06 04:00:00,3253.7426886675594,3304.0557997722517,1533.8179805958025
forecast_6677,2025-10-06 05:00:00,3287.2542700004055,3526.9613430218865,1662.5613586918046
forecast_6678,2025-10-06 06:00:00,4359.260088662381,4917.7321959091605,2518.4587775083955
forecast_6679,2025-10-06 07:00:00,6876.6291437923655,8412.23001171176,5929.719799967172
forecast_6680,2025-10-06 08:00:00,8324.031851901607,9555.865298972827,7275.117880908007
forecast_6681,2025-10-06 09:00:00,8819.41760300133,10874.509878978204,7966.836142575293
forecast_6682,2025-10-06 10:00:00,8458.80120070907,10059.38772719462,7460.622265694105
forecast_6683,2025-10-06 11:00:00,7253.779098462183,8850.086434146684,6072.654327753462
forecast_6684,2025-10-06 12:00:00,5634.090507890285,7356.690673326414,4720.78593813869
forecast_6685,2025-10-06 13:00:00,4375.042204470722,5136.378051617191,3153.4352234613652
forecast_6686,2025-10-06 14:00:00,3603.1626612145596,3818.3783423733976,2257.247996575783
forecast_6687,2025-10-06 15:00:00,3454.023280714775,3732.428308759894,1904.667507663039
forecast_6688,2025-10-06 16:00:00,3685.7333805524245,4065.780023103636,2175.4592896385743
forecast_6689,2025-10-06 17:00:00,4426.298212054455,5330.392171590162,3456.3520706209497
forecast_6690,2025-10-06 18:00:00,5949.126168863841,6311.136286013004,5198.087042480861
forecast_6691,2025-10-06 19:00:00,6493.9113870114115,6549.938903944681,5693.983835329103
forecast_6692,2025-10-06 20:00:00,7991.342914838323,7724.893117840333,6344.284836011148
forecast_6693,2025-10-06 21:00:00,10563.697491085466,10457.316279753091,8366.599275381575
forecast_6694,2025-10-06 22:00:00,11458.85655167117,11897.299487735183,9387.34832679749
forecast_6695,2025-10-06 23:00:00,11723.756383700338,12556.476622603514,9778.780501898706
forecast_6696,2025-10-07 00:00:00,12343.584783477096,13707.124384016377,11408.53062697604
forecast_6697,2025-10-07 01:00:00,10452.159401555882,12278.80928851981,8708.031743548981
forecast_6698,2025-10-07 02:00:00,9120.551404891774,10363.445318265321,6603.717077575804
forecast_6699,2025-10-07 03:00:00,9400.098551752604,9957.211799363336,6366.113042494128
forecast_6700,2025-10-07 04:00:00,8996.10154671095,9333.078403565369,5970.649204670878
forecast_6701,2025-10-07 05:00:00,9186.004471255485,9913.994850662102,6021.915932158226
forecast_6702,2025-10-07 06:00:00,9328.64953858393,10674.066742264858,6728.883544145605
forecast_6703,2025-10-07 07:00:00,7079.149219527317,8431.423622711427,4295.64201433335
forecast_6704,2025-10-07 08:00:00,6324.833825134087,7242.433959650749,3787.57478829638
forecast_6705,2025-10-07 09:00:00,5757.649892048857,6555.066291544672,3801.300039457257
forecast_6706,2025-10-07 10:00:00,4463.395313648568,4866.216411233336,2667.5139487373226
forecast_6707,2025-10-07 11:00:00,3929.5109592272725,5231.490162849937,2611.5778163774953
forecast_6708,2025-10-07 12:00:00,3308.5040070720825,3589.4763712054328,1541.3567929016442
forecast_6709,2025-10-07 13:00:00,3317.0159309197543,3308.047840345166,1614.4514840386157
forecast_6710,2025-10-07 14:00:00,2770.8127705659144,2728.4792465554965,1063.4381956071622
forecast_6711,2025-10-07 15:00:00,2832.2466740343593,2619.8790812453135,990.5104656188047
forecast_6712,2025-10-07 16:00:00,2174.2795268222903,2079.2402943491425,883.6090131287335
forecast_6713,2025-10-07 17:00:00,1625.7364356401795,1608.195312887464,533.0636973656477
forecast_6714,2025-10-07 18:00:00,1396.6737615138275,1436.3757033478882,296.2066058580355
forecast_6715,2025-10-07 19:00:00,1260.9581452544712,1339.9830834216332,285.99782089108527
forecast_6716,2025-10-07 20:00:00,811.7044608857036,716.624733151208,184.99496341078506
forecast_6717,2025-10-07 21:00:00,415.19171503737044,354.7255980163062,121.68401515631504
forecast_6718,2025-10-07 22:00:00,380.2614363897874,360.8751292274284,123.6538700597562
forecast_6719,2025-10-07 23:00:00,375.78762391334135,355.49653138990976,93.77407157907646
forecast_6720,2025-10-08 00:00:00,416.1545428865717,435.3526211156825,129.3617825586522
forecast_6721,2025-10-08 01:00:00,300.0396877067282,287.8099729601057,101.84988846987153
forecast_6722,2025-10-08 02:00:00,289.7976909093162,270.6405474523826,87.17637900460367
forecast_6723,2025-10-08 03:00:00,413.7735793879781,379.7250790278671,112.9619072017392
forecast_6724,2025-10-08 04:00:00,416.75576466095015,447.92648600224425,121.88627645177715
forecast_6725,2025-10-08 05:00:00,636.5675607468842,548.6085564938247,186.4125034767089
forecast_6726,2025-10-08 06:00:00,622.3344973622033,536.1871630991059,208.72107511392738
forecast_6727,2025-10-08 07:00:00,679.8511726827545,614.6024111468921,213.22893143847335
forecast_6728,2025-10-08 08:00:00,594.1876993608906,502.78495106379086,152.73374367475674
forecast_6729,2025-10-08 09:00:00,793.7193074482518,707.1994758110492,169.4179285904863
forecast_6730,2025-10-08 10:00:00,708.1773911932652,674.0905884558157,338.5791436226632
forecast_6731,2025-10-08 11:00:00,519.4956071021071,551.8528707700192,207.63963832332078
forecast_6732,2025-10-08 12:00:00,419.5639174117505,391.10462370220466,201.2412773401396
forecast_6733,2025-10-08 13:00:00,387.6265707844732,383.2442503378049,189.23503452105894
forecast_6734,2025-10-08 14:00:00,421.104457459125,477.8334011789827,240.93148890396427
forecast_6735,2025-10-08 15:00:00,420.2685351996749,520.809836131304,241.83860187547313
forecast_6736,2025-10-08 16:00:00,573.370798886004,770.4667000959422,363.41491822319136
forecast_6737,2025-10-08 17:00:00,1029.945821392486,1097.0870078655353,429.0835999828897
forecast_6738,2025-10-08 18:00:00,1478.725658053246,1467.4907274505335,644.0069541366005
forecast_6739,2025-10-08 19:00:00,2388.4579313361864,2529.2373317049874,1226.490528947735
forecast_6740,2025-10-08 20:00:00,3272.0159309971505,3627.2703295966685,1784.771058604853
forecast_6741,2025-10-08 21:00:00,2964.741554592723,3399.034257802126,1669.7210026644848
forecast_6742,2025-10-08 22:00:00,3611.129052387138,4527.742734468184,2559.250460732157
forecast_6743,2025-10-08 23:00:00,3994.2207451887275,4918.360868670977,2595.790634821067
forecast_6744,2025-10-09 00:00:00,5007.142299034916,6043.769742300306,3401.7032744549197
forecast_6745,2025-10-09 01:00:00,5244.408343167072,6450.236087762716,3459.8248407032215
forecast_6746,2025-10-09 02:00:00,5785.910328717311,7557.233996810623,5267.268387234852
forecast_6747,2025-10-09 03:00:00,5839.811036605019,6729.163266538537,3572.860913395921
forecast_6748,2025-10-09 04:00:00,4383.228563670586,5419.520794797379,3085.7851929746844
forecast_6749,2025-10-09 05:00:00,4964.505096761845,5811.469279776605,3204.022603705751
forecast_6750,2025-10-09 06:00:00,6379.898755607018,7557.208371738868,4214.773675583673
forecast_6751,2025-10-09 07:00:00,5088.239807567091,6293.444127905099,3616.2719396119437
forecast_6752,2025-10-09 08:00:00,5248.061987043308,6776.270596561546,3851.048881730595
forecast_6753,2025-10-09 09:00:00,4933.333992335011,6096.3146007943515,3887.9742578896585
forecast_6754,2025-10-09 10:00:00,4116.2116313273345,5330.040931673769,3117.698060401884
forecast_6755,2025-10-09 11:00:00,3238.6403189187045,3719.784261975386,2304.6915263773067
forecast_6756,2025-10-09 12:00:00,2842.858796045226,3518.049738310735,1775.1613653331478
forecast_6757,2025-10-09 13:00:00,2565.978678042794,2825.4499808194655,1601.1213376029073
forecast_6758,2025-10-09 14:00:00,2193.318124406662,2466.673306063304,1152.4381687369369
forecast_6759,2025-10-09 15:00:00,2195.8481161492373,2392.994779557573,1028.3176960897458
forecast_6760,2025-10-09 16:00:00,2461.251092460649,2535.230369297245,1141.846033777254
forecast_6761,2025-10-09 17:00:00,2470.07706936581,2531.8964069731924,1082.1895666489897
forecast_6762,2025-10-09 18:00:00,2422.406098208526,2278.6569030454193,919.7019369239238
forecast_6763,2025-10-09 19:00:00,2295.531284058134,1894.3826862567437,769.9726583096503
forecast_6764,2025-10-09 20:00:00,1971.8082062743867,1595.8572919107676,759.4951929702538
forecast_6765,2025-10-09 21:00:00,1801.3586586188364,1228.5402315872486,581.4251782571491
forecast_6766,2025-10-09 22:00:00,1572.5512431607679,1209.7202139270632,503.5914423565629
forecast_6767,2025-10-09 23:00:00,1592.6236454863308,1214.5577702163018,513.1681260376712
forecast_6768,2025-10-10 00:00:00,1389.8308015338635,989.1158242493229,330.6839700111666
forecast_6769,2025-10-10 01:00:00,1794.0092015884334,1359.414882345596,459.9762137731568
forecast_6770,2025-10-10 02:00:00,1649.436352805885,1426.561420701247,481.2606924298027
forecast_6771,2025-10-10 03:00:00,1997.8108194162005,1865.7880072015457,600.3428833807128
forecast_6772,2025-10-10 04:00:00,1920.3367122723137,1766.494484319606,608.9893624815417
forecast_6773,2025-10-10 05:00:00,1945.5932988124466,1587.36315013932,580.723439590191
forecast_6774,2025-10-10 06:00:00,1768.7728123967445,1401.9552269110254,545.7998302322703
forecast_6775,2025-10-10 07:00:00,1593.4032068327901,1466.2037412076643,541.997024770499
forecast_6776,2025-10-10 08:00:00,1929.5657814901385,1826.5367086354554,597.6984299303441
forecast_6777,2025-10-10 09:00:00,2027.8383760969532,2076.775239145133,664.7730000340305
forecast_6778,2025-10-10 10:00:00,1716.1058149701842,1648.25103689348,600.6955277157101
forecast_6779,2025-10-10 11:00:00,1676.915298872852,1565.8169322269036,624.3322069469837
forecast_6780,2025-10-10 12:00:00,1436.1091957172341,1289.0726005905778,549.6183330918652
forecast_6781,2025-10-10 13:00:00,1208.704287493737,1145.1653758240973,497.4166396363143
forecast_6782,2025-10-10 14:00:00,1273.8567886882126,1251.6644818317677,633.617766981421
forecast_6783,2025-10-10 15:00:00,1795.472900600778,1755.9873331302229,798.6355079515886
forecast_6784,2025-10-10 16:00:00,1731.7520026198804,1794.751073129638,811.0104769918659
forecast_6785,2025-10-10 17:00:00,1947.1833655184105,1805.042133325257,574.5687060858639
forecast_6786,2025-10-10 18:00:00,1970.557606541853,1570.3414595236443,589.0873697729556
forecast_6787,2025-10-10 19:00:00,2435.0745674936993,1717.2800174307856,692.7050152467375
forecast_6788,2025-10-10 20:00:00,2442.527001887391,1773.484139921376,765.6435078785711
forecast_6789,2025-10-10 21:00:00,2491.4446105863844,2286.478798303666,842.11509981219
forecast_6790,2025-10-10 22:00:00,2715.9251040152003,2990.9249505049734,1109.4207024195105
forecast_6791,2025-10-10 23:00:00,2082.617669858277,2329.4878952178087,969.3708458153126
forecast_6792,2025-10-11 00:00:00,2148.563216301681,2554.1863146722108,1064.2564103663922
forecast_6793,2025-10-11 01:00:00,4647.065604999085,4753.181301414039,2389.1698539438903
forecast_6794,2025-10-11 02:00:00,3718.679566778172,3512.6162846966986,2262.6982548071196
forecast_6795,2025-10-11 03:00:00,4264.923746845777,4307.138279377771,2924.651185747856
forecast_6796,2025-10-11 04:00:00,5745.3092451292805,6593.729456971921,3908.549262975832
forecast_6797,2025-10-11 05:00:00,8466.661315376925,9714.081051035337,5955.830441774188
forecast_6798,2025-10-11 06:00:00,7909.032611903337,9054.60338557033,5268.082440718332
forecast_6799,2025-10-11 07:00:00,7914.746326174721,9457.977394064676,5094.033888641055
forecast_6800,2025-10-11 08:00:00,8625.109881044717,9872.222264909411,6296.611014987073
forecast_6801,2025-10-11 09:00:00,8787.640065103127,9938.211079903165,6209.475745676533
forecast_6802,2025-10-11 10:00:00,8970.964648430901,9738.213134709355,6452.93917843441
forecast_6803,2025-10-11 11:00:00,8428.353826711784,9262.166621686303,6961.2042480782975
forecast_6804,2025-10-11 12:00:00,8400.48266405107,8477.50021170233,6613.073915867303
forecast_6805,2025-10-11 13:00:00,8841.198842403806,9712.135109261362,7790.148191388948
forecast_6806,2025-10-11 14:00:00,8525.687538389455,8887.849155561182,7646.12108082779
forecast_6807,2025-10-11 15:00:00,9563.661515384234,9398.519850028752,9246.604658428569
forecast_6808,2025-10-11 16:00:00,11820.98879708933,11646.848075789123,10701.156132776463
forecast_6809,2025-10-11 17:00:00,10210.86115448812,10504.563815275822,8226.830123656098
forecast_6810,2025-10-11 18:00:00,10885.50391644117,11140.608284768907,9233.142560178594
forecast_6811,2025-10-11 19:00:00,11445.553519195702,12836.607249221086,10872.038350977775
forecast_6812,2025-10-11 20:00:00,12356.123056178098,13419.124664289287,12411.234411688036
forecast_6813,2025-10-11 21:00:00,12000.985290661249,13371.848506476392,11894.698406661446
forecast_6814,2025-10-11 22:00:00,10700.885493813239,12203.195663247005,9710.852886768322
forecast_6815,2025-10-11 23:00:00,11399.679280153576,12572.757350162881,9390.705739920133
forecast_6816,2025-10-12 00:00:00,11068.081555323915,12264.73389238839,9084.234604591593
forecast_6817,2025-10-12 01:00:00,10905.846132430941,12652.569596595607,9785.280873056841
forecast_6818,2025-10-12 02:00:00,9750.422845291594,10642.32398122881,8898.727808993266
forecast_6819,2025-10-12 03:00:00,7402.801297835232,7390.0381167588575,6579.713498868105
forecast_6820,2025-10-12 04:00:00,5676.724350808127,6677.640267170519,5890.162009486837
forecast_6821,2025-10-12 05:00:00,4257.605814711036,4132.695419551766,3497.044659270832
forecast_6822,2025-10-12 06:00:00,2843.6585503546357,3185.8241378312678,2123.1888610695455
forecast_6823,2025-10-12 07:00:00,1612.4157075762043,2073.6722544484614,1274.4747031620898
forecast_6824,2025-10-12 08:00:00,2070.542854169673,2141.212372977653,1591.168297776057
forecast_6825,2025-10-12 09:00:00,3023.4719227083997,3072.8649340856964,2185.365403165062
forecast_6826,2025-10-12 10:00:00,3877.054281904483,4745.245928656012,3479.802346369454
forecast_6827,2025-10-12 11:00:00,4810.9912644038595,5985.289041989808,4230.135487789089
forecast_6828,2025-10-12 12:00:00,4108.594661615565,4805.936245997956,3565.8978957163463
forecast_6829,2025-10-12 13:00:00,4216.600286182768,5381.993488811093,3476.5533809713115
forecast_6830,2025-10-12 14:00:00,5158.969667432464,6187.216742754437,4590.280026839759
forecast_6831,2025-10-12 15:00:00,4641.840922213786,5698.216763511234,4118.002512644572
forecast_6832,2025-10-12 16:00:00,3830.5084094242657,4381.064162016008,2544.9900791982423
forecast_6833,2025-10-12 17:00:00,4357.035277376307,5446.727773332566,3277.3171110925864
forecast_6834,2025-10-12 18:00:00,5457.174273659346,6367.431478378531,4268.79022516824
forecast_6835,2025-10-12 19:00:00,6441.967906864727,8066.888619897771,6079.411946522248
forecast_6836,2025-10-12 20:00:00,6300.118813539505,7938.144120093054,6099.491227091305
forecast_6837,2025-10-12 21:00:00,5768.392967808412,7200.535649153431,5624.2411875244525
forecast_6838,2025-10-12 22:00:00,4200.062101272367,5296.520999334829,3394.8835197993385
forecast_6839,2025-10-12 23:00:00,3708.1263897757754,4546.439743219917,2695.393862651356
forecast_6840,2025-10-13 00:00:00,3561.194406560502,4761.8938375912485,2610.900947172917
forecast_6841,2025-10-13 01:00:00,3061.543197342868,2974.213363534869,1239.7954454865312
forecast_6842,2025-10-13 02:00:00,2588.132915642997,2627.7974343701785,886.6122285386662
forecast_6843,2025-10-13 03:00:00,1480.970882927036,1271.8649241365376,548.2694625243872
forecast_6844,2025-10-13 04:00:00,992.4420493954588,954.6306363727939,320.654873095424
forecast_6845,2025-10-13 05:00:00,1031.1836157916628,1095.160999394521,435.86415987317577
forecast_6846,2025-10-13 06:00:00,2474.745584131383,2229.2483474000765,1346.5428348407238
forecast_6847,2025-10-13 07:00:00,3446.1890435844557,4148.591944707062,2412.1023832603196
forecast_6848,2025-10-13 08:00:00,3728.5339296589086,4605.6206352879235,2792.2028487353823
forecast_6849,2025-10-13 09:00:00,3146.577466512055,3832.362316243718,2132.1523113624453
forecast_6850,2025-10-13 10:00:00,3650.19034467538,4446.241448516239,2696.5518474240366
forecast_6851,2025-10-13 11:00:00,3017.798538622756,4362.410171934169,2370.808964115486
forecast_6852,2025-10-13 12:00:00,3001.7874169804163,4048.1555837687183,2192.339848939541
forecast_6853,2025-10-13 13:00:00,3220.2374308013723,4442.646763517574,2397.900037614116
forecast_6854,2025-10-13 14:00:00,2672.7257020592397,3301.282696841765,1912.5737825685476
forecast_6855,2025-10-13 15:00:00,3138.09306154174,4358.414652240201,2612.732803590641
forecast_6856,2025-10-13 16:00:00,4189.344008192378,5192.466154638954,3101.067266442028
forecast_6857,2025-10-13 17:00:00,4219.196907493766,5087.0452160879395,3349.811362813234
forecast_6858,2025-10-13 18:00:00,4628.043635203977,5185.874770066578,3121.1888522880695
forecast_6859,2025-10-13 19:00:00,4382.800979900052,5040.627634545358,3228.8507641905835
forecast_6860,2025-10-13 20:00:00,4765.408256843933,4659.572939804844,2844.4572955553085
forecast_6861,2025-10-13 21:00:00,5064.566224084871,5718.4648772202145,4362.379887641654
forecast_6862,2025-10-13 22:00:00,6212.43633988733,6455.252513298783,4987.482657206741
forecast_6863,2025-10-13 23:00:00,5249.675598259186,5035.7575564633635,3170.0911094181893
forecast_6864,2025-10-14 00:00:00,5797.671636297801,5657.125263326019,3132.0451049199182
forecast_6865,2025-10-14 01:00:00,7486.531478716379,7235.14422188996,4963.914698829102
forecast_6866,2025-10-14 02:00:00,7867.170510860949,8678.715029976485,5765.696470539156
forecast_6867,2025-10-14 03:00:00,7640.1601839640725,7207.738850773909,3872.086546411025
forecast_6868,2025-10-14 04:00:00,6284.757063539078,6045.028862611089,3171.436628567215
forecast_6869,2025-10-14 05:00:00,5826.129211926003,6193.334121036582,4175.533945512935
forecast_6870,2025-10-14 06:00:00,4988.806824455233,5698.771829807198,2820.910675562832
forecast_6871,2025-10-14 07:00:00,4398.979091847868,5662.956069705749,2830.34956316771
forecast_6872,2025-10-14 08:00:00,4963.151455338667,5554.604047641888,3321.421015201227
forecast_6873,2025-10-14 09:00:00,5294.856701815143,6646.109281328073,3774.350526744836
forecast_6874,2025-10-14 10:00:00,4683.839223788432,6216.72771453613,3717.030236231333
forecast_6875,2025-10-14 11:00:00,4796.144354154762,5567.849540015968,3344.2323329550227
forecast_6876,2025-10-14 12:00:00,4835.896747414678,5472.967024143344,3050.884957558996
forecast_6877,2025-10-14 13:00:00,4064.124847393717,4909.885409018962,3016.7106780549416
forecast_6878,2025-10-14 14:00:00,4149.393866641642,5372.158554811239,3238.775747920068
forecast_6879,2025-10-14 15:00:00,4000.5839428968293,5365.302693088842,3460.50245681748
forecast_6880,2025-10-14 16:00:00,3322.4516252307058,4183.801892684813,2581.667994130903
forecast_6881,2025-10-14 17:00:00,3867.141770289814,5017.9910291771075,3161.7447756300926
forecast_6882,2025-10-14 18:00:00,3802.895366093384,4657.168882029387,2631.4038213246226
forecast_6883,2025-10-14 19:00:00,3523.7087733179405,4187.033021146298,1978.5978423721767
forecast_6884,2025-10-14 20:00:00,3839.621476569317,4336.791498339845,2213.2537663055023
forecast_6885,2025-10-14 21:00:00,3861.3172669436485,4172.638295316378,2081.1635197723076
forecast_6886,2025-10-14 22:00:00,3936.651451312019,4325.0928753048,1967.7220565852022
forecast_6887,2025-10-14 23:00:00,4051.039910928707,4081.4047256913514,1973.2711671605036
forecast_6888,2025-10-15 00:00:00,4013.399883201839,3702.561635210977,1707.2610235644852
forecast_6889,2025-10-15 01:00:00,3604.0533915122105,3856.3210181960353,1685.823298053412
forecast_6890,2025-10-15 02:00:00,3608.5973277961266,3591.9403873445353,1445.2398211212835
forecast_6891,2025-10-15 03:00:00,3603.741431788518,3401.6793234473416,1436.2064210668889
forecast_6892,2025-10-15 04:00:00,3578.7068444860547,3575.55209980729,1273.4148551043374
forecast_6893,2025-10-15 05:00:00,3567.5357193557957,3242.2966359147836,1043.1468876422298
forecast_6894,2025-10-15 06:00:00,3745.601521878736,3434.5201099499645,1230.7911519233562
forecast_6895,2025-10-15 07:00:00,3208.580149302479,2936.881206795057,995.574917052325
forecast_6896,2025-10-15 08:00:00,3039.2892548556492,2730.979145978,1009.8165683192507
forecast_6897,2025-10-15 09:00:00,2705.266923105419,2295.5265818297366,1021.4697788332944
forecast_6898,2025-10-15 10:00:00,1560.5051356622416,1503.4519879363013,788.1523954588607
forecast_6899,2025-10-15 11:00:00,1518.575338729159,1476.0023602766635,889.8825720486566
forecast_6900,2025-10-15 12:00:00,1466.771014580264,1546.7660514153872,880.6638399693909
forecast_6901,2025-10-15 13:00:00,1229.526914949665,1159.125024028356,581.4410007128114
forecast_6902,2025-10-15 14:00:00,873.1100859888212,869.6700917605457,478.83563118696696
forecast_6903,2025-10-15 15:00:00,1063.9204045458594,992.5532411765927,531.9551678987166
forecast_6904,2025-10-15 16:00:00,1102.5750704809345,973.1472107517188,483.05335977423107
forecast_6905,2025-10-15 17:00:00,1676.7787221298167,1673.5465615867543,631.9002563341371
forecast_6906,2025-10-15 18:00:00,1338.8675274782968,1386.936514977646,471.8974065499461
forecast_6907,2025-10-15 19:00:00,1611.7995597183083,1478.130970727442,489.7709580117499
forecast_6908,2025-10-15 20:00:00,2289.1066527249177,2268.29651440671,836.4709341569175
forecast_6909,2025-10-15 21:00:00,2805.4966695075545,2425.1717355506835,1052.5217513270834
forecast_6910,2025-10-15 22:00:00,4040.3052347585644,3798.302338208394,1173.584846460373
forecast_6911,2025-10-15 23:00:00,4535.810318198613,4776.980923485114,1965.1050660665533
forecast_6912,2025-10-16 00:00:00,4903.053085565297,4824.230000547434,2293.0547163506158
forecast_6913,2025-10-16 01:00:00,3033.8633842712316,2360.8689337469905,872.5416367538289
forecast_6914,2025-10-16 02:00:00,2442.7689670001905,2208.841945465994,1475.3640703275598
forecast_6915,2025-10-16 03:00:00,2411.138588709103,2702.8484405695453,1903.6618861182985
forecast_6916,2025-10-16 04:00:00,1184.3875709302374,1257.4248336574447,973.2217803980791
forecast_6917,2025-10-16 05:00:00,2857.739515889405,2934.639450054728,1651.9422448905111
forecast_6918,2025-10-16 06:00:00,2609.544586749284,3035.1436989817553,1702.233233558894
forecast_6919,2025-10-16 07:00:00,4049.0932842939333,4841.417388544696,2889.393888386498
forecast_6920,2025-10-16 08:00:00,4344.193594360564,5292.395746105683,3236.1354936829066
forecast_6921,2025-10-16 09:00:00,4625.314816395735,5370.586954535341,3016.430805694397
forecast_6922,2025-10-16 10:00:00,4241.634787725907,5340.628876667327,2646.725941442946
forecast_6923,2025-10-16 11:00:00,4157.150884169491,4620.1795028725255,2422.014309101394
forecast_6924,2025-10-16 12:00:00,4028.132168498121,4631.3030611189815,3083.589867462321
forecast_6925,2025-10-16 13:00:00,4859.7778755946265,5840.883520340548,3669.3165096268385
forecast_6926,2025-10-16 14:00:00,5105.078338206268,5800.701588157168,3426.9156058974527
forecast_6927,2025-10-16 15:00:00,3501.2000823908757,4480.694514282416,2649.465640129282
forecast_6928,2025-10-16 16:00:00,2882.8267646261065,3796.6012173624695,2201.3210392745104
forecast_6929,2025-10-16 17:00:00,2924.1032509876154,4001.9306653569815,2184.5588929686587
forecast_6930,2025-10-16 18:00:00,3164.529194004863,4112.038351603295,2074.160437676799
forecast_6931,2025-10-16 19:00:00,3357.525797493938,4135.661348896285,2409.139233653687
forecast_6932,2025-10-16 20:00:00,3817.393604125227,4197.087859729002,2484.5605195482963
forecast_6933,2025-10-16 21:00:00,4002.7711526416506,4460.21474171331,2599.7513718745763
forecast_6934,2025-10-16 22:00:00,3575.9317484672747,4340.264475328716,2267.879559000316
forecast_6935,2025-10-16 23:00:00,3812.3606311291333,3961.0799764459407,1979.1644465040529
forecast_6936,2025-10-17 00:00:00,3447.2201053836557,3678.4287789586483,1777.045166556781
forecast_6937,2025-10-17 01:00:00,3714.4921573747133,4282.919156523398,1908.1465293132303
forecast_6938,2025-10-17 02:00:00,3517.6089985013327,3998.9044328522536,1731.4808301081853
forecast_6939,2025-10-17 03:00:00,3237.7497069000983,3775.4378235839836,1462.713606553272
forecast_6940,2025-10-17 04:00:00,3186.0712389428913,3417.2375004909304,1166.0540475609291
forecast_6941,2025-10-17 05:00:00,2897.871052001135,3250.672195460925,1094.8924845480833
forecast_6942,2025-10-17 06:00:00,2796.0018297054057,2767.452671573141,956.411685493778
forecast_6943,2025-10-17 07:00:00,2297.070388194782,2244.5779932745204,648.3555652978706
forecast_6944,2025-10-17 08:00:00,2266.4424631241664,1999.711311146987,621.6941240479516
forecast_6945,2025-10-17 09:00:00,2115.3482349357364,1743.0770377884007,702.2735384287976
forecast_6946,2025-10-17 10:00:00,1393.133880384993,1028.8933581162437,535.6144477550998
forecast_6947,2025-10-17 11:00:00,918.0169377784027,672.035162295713,320.5122671836668
forecast_6948,2025-10-17 12:00:00,798.9713491639382,515.4096737059336,234.8432805070487
forecast_6949,2025-10-17 13:00:00,861.807056181852,561.2931231260652,220.71776903981933
forecast_6950,2025-10-17 14:00:00,792.6980031357286,655.4992221627992,314.8650187243781
forecast_6951,2025-10-17 15:00:00,1123.9001746573545,698.1846976402247,386.14059525405617
forecast_6952,2025-10-17 16:00:00,1193.3733043867724,907.0970202860955,438.69306095345695
forecast_6953,2025-10-17 17:00:00,1293.3987925471147,1285.2573890156355,521.5089799871404
forecast_6954,2025-10-17 18:00:00,1691.9571093215397,1897.3823393052085,643.6304396051546
forecast_6955,2025-10-17 19:00:00,2244.8054631966065,2602.576264269454,905.0939971041082
forecast_6956,2025-10-17 20:00:00,2622.84354866001,3129.9172429016285,1378.7030760497323
forecast_6957,2025-10-17 21:00:00,4010.915384963889,4244.192826867991,2307.2920957789793
forecast_6958,2025-10-17 22:00:00,5502.513626071788,4766.763327229935,2606.5741773813033
forecast_6959,2025-10-17 23:00:00,5364.569274248407,4685.2610062889935,2430.0044814869716
forecast_6960,2025-10-18 00:00:00,4550.702021557247,4502.2678502701265,1835.493462699692
forecast_6961,2025-10-18 01:00:00,2817.425215348952,2246.65731434625,1499.7694764112232
forecast_6962,2025-10-18 02:00:00,4823.138166087733,4223.689806746384,3060.3575190361557
forecast_6963,2025-10-18 03:00:00,4327.75697822131,4480.091674828831,2779.8857327220653
forecast_6964,2025-10-18 04:00:00,4868.472227592667,4773.20681062711,2450.641141476236
forecast_6965,2025-10-18 05:00:00,3916.4537869708333,3780.4908911225557,2393.007004149047
forecast_6966,2025-10-18 06:00:00,2485.51642174184,2313.164453080279,1309.3066659159338
forecast_6967,2025-10-18 07:00:00,2354.4333281325235,2047.6507236712382,1671.339875749639
forecast_6968,2025-10-18 08:00:00,1776.4614463839675,1926.2197115146014,1389.600991582536
forecast_6969,2025-10-18 09:00:00,1598.8609131165174,1710.389480167028,968.8772710686851
forecast_6970,2025-10-18 10:00:00,1505.9343706310865,1371.9880138441442,790.6447780885221
forecast_6971,2025-10-18 11:00:00,1305.0871270609691,1388.797633161717,879.1260046642975
forecast_6972,2025-10-18 12:00:00,1496.530283489739,1682.354760013061,1100.225219464661
forecast_6973,2025-10-18 13:00:00,1949.3704370133598,2223.8845261724096,1250.8075480750797
forecast_6974,2025-10-18 14:00:00,1579.1478146305533,2165.746221542193,1283.5298276460403
forecast_6975,2025-10-18 15:00:00,2985.616715193047,3640.8858932247826,2273.328614240702
forecast_6976,2025-10-18 16:00:00,3795.5719874875217,4349.250830034298,2606.3962786038855
forecast_6977,2025-10-18 17:00:00,2824.4823608780257,3553.8146598734065,1934.3888582137731
forecast_6978,2025-10-18 18:00:00,1991.9432886889692,2540.3356780842714,1521.9515327372121
forecast_6979,2025-10-18 19:00:00,1920.9883370365044,1984.940961018575,1179.411757784537
forecast_6980,2025-10-18 20:00:00,1825.2080074612395,1942.0747108775702,1093.5381638561373
forecast_6981,2025-10-18 21:00:00,1934.0495370059803,1755.4019080600556,1292.6548046373707
forecast_6982,2025-10-18 22:00:00,1827.55679943347,1618.559894698809,909.4981281125392
forecast_6983,2025-10-18 23:00:00,1716.8603424930457,1342.375283982402,769.2848235515872
forecast_6984,2025-10-19 00:00:00,1466.91885023094,1103.057905555247,536.1347828881834
forecast_6985,2025-10-19 01:00:00,764.8441513929105,724.9280237892649,262.11650037776843
forecast_6986,2025-10-19 02:00:00,678.7857329188461,725.3665545159901,216.0119552805925
forecast_6987,2025-10-19 03:00:00,743.90708532376,718.8828558363995,211.097547938664
forecast_6988,2025-10-19 04:00:00,896.237754145121,815.003423318397,285.6670970911064
forecast_6989,2025-10-19 05:00:00,665.8558958617823,621.8791932564308,145.09649933694723
forecast_6990,2025-10-19 06:00:00,483.5114936550034,410.2938717570685,101.62243397937672
forecast_6991,2025-10-19 07:00:00,717.0383404112184,542.6533330745041,127.96502604540407
forecast_6992,2025-10-19 08:00:00,1049.149427224677,920.3819131218153,250.57242177060053
forecast_6993,2025-10-19 09:00:00,1198.9308879380937,1051.9018624909306,386.1757612358726
forecast_6994,2025-10-19 10:00:00,672.7927436056507,810.792324796049,424.1358209882591
forecast_6995,2025-10-19 11:00:00,686.1692180770095,889.6899092451952,494.67629347143844
forecast_6996,2025-10-19 12:00:00,665.642825821712,880.1593265088633,513.7922115487982
forecast_6997,2025-10-19 13:00:00,1704.3590298606148,2221.064612493432,1556.3687749765973
forecast_6998,2025-10-19 14:00:00,3571.9010309907635,3573.0447509102955,2602.4256496116263
forecast_6999,2025-10-19 15:00:00,4747.248380769058,4893.863868177957,3655.562074292227
forecast_7000,2025-10-19 16:00:00,5735.191219271457,6256.056003467284,5059.3336846078855
forecast_7001,2025-10-19 17:00:00,6450.375107897955,6649.604423097858,4795.852045074212
forecast_7002,2025-10-19 18:00:00,6774.343633191494,5909.456319882785,4358.709535926723
forecast_7003,2025-10-19 19:00:00,7701.81877283058,7026.396673808297,4759.219660871683
forecast_7004,2025-10-19 20:00:00,7738.505153981463,7767.900835497034,5400.159568522376
forecast_7005,2025-10-19 21:00:00,6731.06025889778,6653.223657505488,4328.205907927786
forecast_7006,2025-10-19 22:00:00,4838.068946499429,4351.181318992329,2467.5421945114213
forecast_7007,2025-10-19 23:00:00,3919.565553982099,3708.6746968604407,2054.2363524021666
forecast_7008,2025-10-20 00:00:00,3372.5935899421434,2550.8205479090866,1700.4216156101118
forecast_7009,2025-10-20 01:00:00,1917.9559022949645,1940.330592060157,1017.1079725240751
forecast_7010,2025-10-20 02:00:00,1841.5058794809477,1909.1575267772018,1036.8423182353893
forecast_7011,2025-10-20 03:00:00,1946.8601070876657,1817.3447666421002,1314.4973795150647
forecast_7012,2025-10-20 04:00:00,1856.8823787965969,1747.93701458159,1142.46917611153
forecast_7013,2025-10-20 05:00:00,1989.52817418387,1952.6534080316428,1355.326240703152
forecast_7014,2025-10-20 06:00:00,1937.594345843229,2250.6906693693145,1286.082917935347
forecast_7015,2025-10-20 07:00:00,2220.9179371497376,2544.0068448884795,1354.6117321051725
forecast_7016,2025-10-20 08:00:00,1783.12769687843,2138.201730748744,1020.0014729633118
forecast_7017,2025-10-20 09:00:00,2834.5351829213014,3586.9405365821276,2031.319512722488
forecast_7018,2025-10-20 10:00:00,2169.694291294307,2738.8936421100243,1553.6782578758903
forecast_7019,2025-10-20 11:00:00,2240.307294855004,2844.2755854592333,1874.608524465245
forecast_7020,2025-10-20 12:00:00,2175.9342528826223,2969.638796187724,2106.9654782531065
forecast_7021,2025-10-20 13:00:00,2061.9387914676945,2816.0643082323795,1718.1528612866236
forecast_7022,2025-10-20 14:00:00,1304.9054906037593,1896.848440087823,1433.3447937044136
forecast_7023,2025-10-20 15:00:00,1039.78208047194,1097.9166732902556,916.8285933324642
forecast_7024,2025-10-20 16:00:00,1226.4072102345197,1049.810403227926,661.2787350776047
forecast_7025,2025-10-20 17:00:00,1182.3796202178314,971.6138691859169,455.8996207507284
forecast_7026,2025-10-20 18:00:00,1095.5815901591998,1002.7337944796542,403.89843371223463
forecast_7027,2025-10-20 19:00:00,940.9287316921893,775.9918178753234,300.0078061575806
forecast_7028,2025-10-20 20:00:00,563.9648413415349,455.37907039553596,108.69005463756328
forecast_7029,2025-10-20 21:00:00,436.1082724011573,324.712449884287,101.75031799015989
forecast_7030,2025-10-20 22:00:00,496.34984875891104,383.73289680582644,106.97640570830349
forecast_7031,2025-10-20 23:00:00,457.7612680989964,401.3363377886712,107.25076024618495
forecast_7032,2025-10-21 00:00:00,699.4104334445675,748.5644737765726,212.51834242842315
forecast_7033,2025-10-21 01:00:00,1627.3113524989299,1644.7412795370635,552.038783728063
forecast_7034,2025-10-21 02:00:00,1644.9184840488367,1586.5410843633633,764.1734079646242
forecast_7035,2025-10-21 03:00:00,1892.9813191470273,1815.7147891415063,881.0978154131651
forecast_7036,2025-10-21 04:00:00,2056.6137153261766,1617.996701505715,964.6947797497002
forecast_7037,2025-10-21 05:00:00,1571.738037068318,1329.4659279209527,1116.8195100905793
forecast_7038,2025-10-21 06:00:00,1407.4417008046348,907.7900732076964,405.47283785037314
forecast_7039,2025-10-21 07:00:00,680.154170128539,592.5463179625784,245.37739081729137
forecast_7040,2025-10-21 08:00:00,674.9011512571492,590.7402923555621,274.36725248482776
forecast_7041,2025-10-21 09:00:00,549.7867863959647,528.4665335597397,237.21719757811815
forecast_7042,2025-10-21 10:00:00,194.9326378725172,221.5659260581617,211.92220828551484
forecast_7043,2025-10-21 11:00:00,165.7549696985189,194.92820804287658,177.19595344624574
forecast_7044,2025-10-21 12:00:00,157.85800382344848,198.06684913800348,175.8828352211116
forecast_7045,2025-10-21 13:00:00,160.36057188770167,236.6132375825655,176.07313462341315
forecast_7046,2025-10-21 14:00:00,196.76122392755155,295.6919783219328,249.51977210369552
forecast_7047,2025-10-21 15:00:00,306.31940846266554,387.7983857563379,378.5070607504845
forecast_7048,2025-10-21 16:00:00,328.67795092243585,343.66659611007503,392.629599772514
forecast_7049,2025-10-21 17:00:00,376.78150606104845,420.99419081072017,232.73348266269824
forecast_7050,2025-10-21 18:00:00,409.4558896756884,387.121563732646,160.27942682917634
forecast_7051,2025-10-21 19:00:00,491.4712947646649,423.2216602763752,183.54959279642264
forecast_7052,2025-10-21 20:00:00,683.6082109112737,532.3193122942228,289.59688116253614
forecast_7053,2025-10-21 21:00:00,925.2531672425118,836.7328155565754,382.8692236508931
forecast_7054,2025-10-21 22:00:00,834.8566795432029,635.5607446686497,287.2387479289676
forecast_7055,2025-10-21 23:00:00,942.8216342452291,652.4467181266568,276.3481879106615
forecast_7056,2025-10-22 00:00:00,1217.8153436935243,981.9079695017272,482.5015366117675
forecast_7057,2025-10-22 01:00:00,618.7502518814606,373.74887317727956,174.8348082983049
forecast_7058,2025-10-22 02:00:00,641.8324385327933,539.022826191931,269.78930360412545
forecast_7059,2025-10-22 03:00:00,678.9868436474143,619.2833959392403,325.6055899701856
forecast_7060,2025-10-22 04:00:00,662.6617057896325,608.4917188623429,339.37852241400907
forecast_7061,2025-10-22 05:00:00,641.8098848839657,594.0770079928634,274.53072846905485
forecast_7062,2025-10-22 06:00:00,938.6849133043564,837.1493784399653,298.6505876993864
forecast_7063,2025-10-22 07:00:00,1210.5713424466092,980.1716168385582,462.4242264271378
forecast_7064,2025-10-22 08:00:00,1807.024762262371,1705.169563591212,837.2010765630722
forecast_7065,2025-10-22 09:00:00,2717.5102131146564,3441.492166504301,1805.3215219245817
forecast_7066,2025-10-22 10:00:00,1135.7183545255089,1295.270381120149,948.1353932268859
forecast_7067,2025-10-22 11:00:00,2075.693963935991,2277.983655642451,1240.719044222718
forecast_7068,2025-10-22 12:00:00,2474.6169285915926,2880.4149464154193,1532.4434661650064
forecast_7069,2025-10-22 13:00:00,1896.5034335200703,1990.5422328232278,1513.789667703444
forecast_7070,2025-10-22 14:00:00,1195.1577711669522,1245.8306842153024,822.121667018483
forecast_7071,2025-10-22 15:00:00,1587.2627403412282,1489.3304555839368,940.4422257122719
forecast_7072,2025-10-22 16:00:00,2095.4339423464467,1643.8984093039896,922.2575597716665
forecast_7073,2025-10-22 17:00:00,1804.817865712034,1571.7331241247064,697.5908430293041
forecast_7074,2025-10-22 18:00:00,1413.4529988609047,1266.2651312780533,466.7756921138307
forecast_7075,2025-10-22 19:00:00,1743.632528753032,1191.0338120959048,513.4892749698341
forecast_7076,2025-10-22 20:00:00,1603.0477388213149,1285.0086390454417,564.1433324526732
forecast_7077,2025-10-22 21:00:00,1622.1469856365309,1275.0687674818112,373.0707244273131
forecast_7078,2025-10-22 22:00:00,2353.808614262775,1834.7423143384933,655.9136656735618
forecast_7079,2025-10-22 23:00:00,2262.6089407989098,1588.657682938382,636.2167629355753
forecast_7080,2025-10-23 00:00:00,1848.9242864850437,1318.7493490650857,447.40677896440275
forecast_7081,2025-10-23 01:00:00,653.1111738187724,475.96211619619135,127.71343346635733
forecast_7082,2025-10-23 02:00:00,602.3082031402236,424.7799226226598,112.21602574807044
forecast_7083,2025-10-23 03:00:00,421.19513959752464,241.8521336553102,90.29296306729134
forecast_7084,2025-10-23 04:00:00,374.3993350238739,227.33800512302608,89.99055299616592
forecast_7085,2025-10-23 05:00:00,353.82830780213027,216.263567221494,90.98895654341916
forecast_7086,2025-10-23 06:00:00,361.18104857727394,251.53151868866095,89.60971755004311
forecast_7087,2025-10-23 07:00:00,421.80501150210745,265.12911456360126,87.68106153510772
forecast_7088,2025-10-23 08:00:00,426.3565391464528,266.6089303550816,98.83154379507037
forecast_7089,2025-10-23 09:00:00,396.26679315480266,235.98838482525122,102.31738110336518
forecast_7090,2025-10-23 10:00:00,170.25883029684536,126.40040086228592,92.18176815528648
forecast_7091,2025-10-23 11:00:00,143.16743031555785,149.55232067782902,115.31744437778117
forecast_7092,2025-10-23 12:00:00,134.65966079627836,148.05168160714769,141.7852506824315
forecast_7093,2025-10-23 13:00:00,397.4356156215832,309.84251698666134,252.85278605042632
forecast_7094,2025-10-23 14:00:00,254.0594658070876,254.4488577344663,240.88973135480262
forecast_7095,2025-10-23 15:00:00,206.33646974344285,218.56755622823658,174.46583300229565
forecast_7096,2025-10-23 16:00:00,400.6758808972387,319.8932532259393,196.82795596781023
forecast_7097,2025-10-23 17:00:00,478.72010915256953,423.7727852862952,206.0160667090057
forecast_7098,2025-10-23 18:00:00,512.90111858266,398.31527693285847,182.5088462836274
forecast_7099,2025-10-23 19:00:00,539.0495848101054,414.0986955484038,210.5608030619791
forecast_7100,2025-10-23 20:00:00,578.4355828619478,485.82916867604774,228.8276550003629
forecast_7101,2025-10-23 21:00:00,622.8818469440515,562.9802225155505,313.0809696929081
forecast_7102,2025-10-23 22:00:00,710.0781664806061,632.4057686144679,453.51143296063884
forecast_7103,2025-10-23 23:00:00,713.9746635219846,638.4084657193234,404.45700613284583
forecast_7104,2025-10-24 00:00:00,679.6792436475062,531.984432984414,306.84715403654735
forecast_7105,2025-10-24 01:00:00,824.7774635588543,774.4951730821242,395.6409329981474
forecast_7106,2025-10-24 02:00:00,886.5049467094019,733.8452786686364,446.43735103225265
forecast_7107,2025-10-24 03:00:00,1526.1319667529317,1977.7816041321223,1213.9265094803313
forecast_7108,2025-10-24 04:00:00,1892.1374315826909,2170.2477382060692,1280.9123212322152
forecast_7109,2025-10-24 05:00:00,1609.8951306188972,1801.4962230594226,934.229303958258
forecast_7110,2025-10-24 06:00:00,2817.9142846820305,3249.1654487035953,1905.0056138326054
forecast_7111,2025-10-24 07:00:00,3142.472324499636,3616.810470634864,1838.831228704185
forecast_7112,2025-10-24 08:00:00,3317.1037597830277,3565.173672600632,1571.5195157033934
forecast_7113,2025-10-24 09:00:00,2660.8684338362823,2571.784803639653,1265.409034806592
forecast_7114,2025-10-24 10:00:00,2891.733809148695,3340.322789635371,2240.1369540725004
forecast_7115,2025-10-24 11:00:00,2736.0358848489686,3014.89889859468,1596.5600243760755
forecast_7116,2025-10-24 12:00:00,2063.826164003475,2424.5514100780424,1440.4394881973944
forecast_7117,2025-10-24 13:00:00,2221.1842484320546,2507.9956654672083,1420.34283397658
forecast_7118,2025-10-24 14:00:00,1709.307204483056,1748.323127133413,949.4177150607055
forecast_7119,2025-10-24 15:00:00,1905.640209490313,1929.5933036164847,912.8957306991031
forecast_7120,2025-10-24 16:00:00,2265.080998634294,2526.4106158987097,1068.9804400217781
forecast_7121,2025-10-24 17:00:00,2098.4245151095915,2326.6062543690177,839.6957898488465
forecast_7122,2025-10-24 18:00:00,2844.5284084040713,2693.0767562455335,1082.1877159448368
forecast_7123,2025-10-24 19:00:00,2869.874673727622,2842.2926609485926,1027.773222026022
forecast_7124,2025-10-24 20:00:00,3161.2766248105286,2808.610952005591,1200.8118974019114
forecast_7125,2025-10-24 21:00:00,3914.6615375719875,3582.878262576431,1351.1946592425415
forecast_7126,2025-10-24 22:00:00,4347.435104315163,3554.7432545341535,1563.04879173096
forecast_7127,2025-10-24 23:00:00,2586.0940360250083,2277.990185311989,901.15811078616
forecast_7128,2025-10-25 00:00:00,2093.1354939977714,1639.6373829427177,519.8524586612155
forecast_7129,2025-10-25 01:00:00,2344.677066822309,2438.564965838622,924.9831160881055
forecast_7130,2025-10-25 02:00:00,2018.3076080484625,2041.9936745463508,868.6694117815573
forecast_7131,2025-10-25 03:00:00,1800.9275266132536,1516.6847891338596,520.9610725440825
forecast_7132,2025-10-25 04:00:00,1798.6880451261236,1487.7742797400301,657.827639176548
forecast_7133,2025-10-25 05:00:00,1643.5014607543196,1582.8199410019413,564.1978193365929
forecast_7134,2025-10-25 06:00:00,1945.890443745549,1769.196187593041,722.4463678910962
forecast_7135,2025-10-25 07:00:00,1881.1507716810854,1870.3876140543707,780.000790476012
forecast_7136,2025-10-25 08:00:00,1613.5312636074352,1394.7022172156246,593.3332340158572
forecast_7137,2025-10-25 09:00:00,1658.6626007139573,1471.4678440042485,617.8418381087665
forecast_7138,2025-10-25 10:00:00,609.8634162915156,624.8009498493623,463.7326272845559
forecast_7139,2025-10-25 11:00:00,469.1443813118423,678.5467694938345,436.83952188668576
forecast_7140,2025-10-25 12:00:00,473.1760090508449,508.60621686619885,455.60455696363215
forecast_7141,2025-10-25 13:00:00,641.0265862493525,646.0961567402381,640.0984133661277
forecast_7142,2025-10-25 14:00:00,457.2994325279659,402.8625036220045,241.82109088898574
forecast_7143,2025-10-25 15:00:00,418.864683354483,292.21091620931526,187.65924747856462
forecast_7144,2025-10-25 16:00:00,709.3608906723421,483.31424310181643,351.64574233036944
forecast_7145,2025-10-25 17:00:00,1004.3476078370596,714.3634938327899,347.1801920549252
forecast_7146,2025-10-25 18:00:00,1293.5447610730455,1152.9530254799001,444.8306472859898
forecast_7147,2025-10-25 19:00:00,1327.6753385385796,953.7528609567339,298.6906308815242
forecast_7148,2025-10-25 20:00:00,1179.123774792155,892.3548867462384,297.2560629392347
forecast_7149,2025-10-25 21:00:00,616.9236095569967,647.3773712330576,271.7240315373664
forecast_7150,2025-10-25 22:00:00,905.2538576973081,893.7176318985478,354.1165945624393
forecast_7151,2025-10-25 23:00:00,1404.4697043445922,1622.5829794613255,858.9036270978846
forecast_7152,2025-10-26 00:00:00,1716.643291821735,1900.9145347516528,956.4767740885028
forecast_7153,2025-10-26 01:00:00,744.8401322085792,546.703572601335,351.2340447039607
forecast_7154,2025-10-26 02:00:00,1478.216888039354,1183.970116667155,479.71757160710666
forecast_7155,2025-10-26 03:00:00,1336.9204167835687,1323.01993179323,641.4474124983743
forecast_7156,2025-10-26 04:00:00,1708.0302151153721,1542.0592540880748,832.9442410891431
forecast_7157,2025-10-26 05:00:00,2490.428614509511,1714.515997051131,1011.3676990560646
forecast_7158,2025-10-26 06:00:00,2292.939959330389,1667.3429047787515,1026.0165519465695
forecast_7159,2025-10-26 07:00:00,2701.4346512965026,2121.45899642332,1261.3066202742857
forecast_7160,2025-10-26 08:00:00,3357.6466665498438,3062.1474054158693,1472.5851533488806
forecast_7161,2025-10-26 09:00:00,3657.7143624240457,3136.7223887370747,1750.2120382488952
forecast_7162,2025-10-26 10:00:00,3022.74805558774,2681.4375189336474,1133.3491931005847
forecast_7163,2025-10-26 11:00:00,2048.5127600220717,1985.1232537213443,1120.759958374766
forecast_7164,2025-10-26 12:00:00,3096.6607910256016,2581.342729979516,1564.176665215446
forecast_7165,2025-10-26 13:00:00,3561.871652146015,2505.2150482880083,1527.971439420964
forecast_7166,2025-10-26 14:00:00,3944.614055505355,3426.425794500698,1695.5089874798582
forecast_7167,2025-10-26 15:00:00,4985.5566350545805,4517.019987926919,2131.389796862204
forecast_7168,2025-10-26 16:00:00,4818.806792649766,4445.098692991586,2215.8512342747767
forecast_7169,2025-10-26 17:00:00,5814.860429979335,4860.716572500884,3175.4948801071746
forecast_7170,2025-10-26 18:00:00,6525.633250658365,6419.668693296105,5609.087213368708
forecast_7171,2025-10-26 19:00:00,7861.626253157648,7570.029607186677,6035.693111118777
forecast_7172,2025-10-26 20:00:00,9796.831434747513,9974.66925128073,8494.411706389654
forecast_7173,2025-10-26 21:00:00,11134.17541636885,11354.996528819996,8759.458775270206
forecast_7174,2025-10-26 22:00:00,12929.980330031003,12255.066739314572,10570.739924106452
forecast_7175,2025-10-26 23:00:00,12759.609538340843,12267.905701284535,10035.657160159293
forecast_7176,2025-10-27 00:00:00,14037.414355300327,12627.708831437098,10325.850634450357
forecast_7177,2025-10-27 01:00:00,16334.798506287625,14786.103704344876,12210.366868321616
forecast_7178,2025-10-27 02:00:00,17055.24355283446,15628.349682072621,12063.589078214562
forecast_7179,2025-10-27 03:00:00,18439.42740415254,18099.992000944276,14429.08997974097
forecast_7180,2025-10-27 04:00:00,18090.83327089378,18493.088540154076,13502.31185510581
forecast_7181,2025-10-27 05:00:00,17802.816436606947,18155.51379033306,13119.44277136935
forecast_7182,2025-10-27 06:00:00,15319.991055193119,14451.300509650218,10356.634592919518
forecast_7183,2025-10-27 07:00:00,14330.260823027442,14074.094663983224,8408.63401214318
forecast_7184,2025-10-27 08:00:00,13903.483107620968,13666.928822203685,8030.127073256673
forecast_7185,2025-10-27 09:00:00,13035.766894973136,12778.049638817729,8599.224309386072
forecast_7186,2025-10-27 10:00:00,11106.117581082995,10928.255675787625,8194.863401517989
forecast_7187,2025-10-27 11:00:00,10789.38358508997,10748.746542563025,9060.802852140972
forecast_7188,2025-10-27 12:00:00,12342.599479711494,11478.08029854456,9451.024063893694
forecast_7189,2025-10-27 13:00:00,13350.11477390254,11473.433484027582,9541.720150035624
forecast_7190,2025-10-27 14:00:00,13731.501736777409,11671.87441153502,9343.42070007379
forecast_7191,2025-10-27 15:00:00,13821.150778693007,12616.274613057894,9611.00014276673
forecast_7192,2025-10-27 16:00:00,14928.217684359717,12964.159404164178,9722.988152186557
forecast_7193,2025-10-27 17:00:00,15481.142591071066,14827.265591578695,10971.314500743096
forecast_7194,2025-10-27 18:00:00,14577.7734864237,13673.952105156395,10259.821349669637
forecast_7195,2025-10-27 19:00:00,14221.600166402282,13173.170077409464,9313.641349981694
forecast_7196,2025-10-27 20:00:00,14303.0884999823,12135.468048793513,8827.379915491425
forecast_7197,2025-10-27 21:00:00,13883.097456021016,11724.440783905371,8942.356403920965
forecast_7198,2025-10-27 22:00:00,13944.96197151027,12113.407911784108,9556.482249084864
forecast_7199,2025-10-27 23:00:00,12074.191734781482,12740.932477368735,8804.709662580126
forecast_7200,2025-10-28 00:00:00,11879.513976764209,11831.0445462968,7596.390565201352
forecast_7201,2025-10-28 01:00:00,14493.086650227177,13733.525711132665,9871.193422516175
forecast_7202,2025-10-28 02:00:00,14127.830211322533,14294.440882692927,11158.576348557757
forecast_7203,2025-10-28 03:00:00,13746.39099429433,14164.717550478996,9538.565132859185
forecast_7204,2025-10-28 04:00:00,12067.096802888105,12663.094270242325,8645.196243761968
forecast_7205,2025-10-28 05:00:00,11125.828769284728,11267.579393965527,8616.43412769776
forecast_7206,2025-10-28 06:00:00,10449.113756098866,9688.031058101831,6857.720080284805
forecast_7207,2025-10-28 07:00:00,8851.153229595346,8945.377084215366,6155.698328453061
forecast_7208,2025-10-28 08:00:00,7583.894719606012,8283.437271290497,5142.830616572787
forecast_7209,2025-10-28 09:00:00,6685.927325273516,6524.938890500723,4499.708066214478
forecast_7210,2025-10-28 10:00:00,5001.76913487218,4349.227005840352,3022.6824311021537
forecast_7211,2025-10-28 11:00:00,3738.8263997415816,2862.593842404622,1567.5207110515028
forecast_7212,2025-10-28 12:00:00,3656.954351810634,3593.105549257674,1883.0390154563945
forecast_7213,2025-10-28 13:00:00,4873.3764839540645,4065.305167316396,2220.4016158474965
forecast_7214,2025-10-28 14:00:00,5066.525764186657,3732.9787302873497,2697.401193738222
forecast_7215,2025-10-28 15:00:00,4492.473849903114,3243.319457893365,2628.27369175935
forecast_7216,2025-10-28 16:00:00,4455.300509075077,3350.138809011009,2402.8157464103565
forecast_7217,2025-10-28 17:00:00,5059.088166729179,4085.667517226347,2905.528627270926
forecast_7218,2025-10-28 18:00:00,8670.319219648432,8090.284721160842,7000.3662637968
forecast_7219,2025-10-28 19:00:00,7910.748677885363,8075.324987691413,5744.72458991637
forecast_7220,2025-10-28 20:00:00,8226.506732821312,7906.9453409742855,6339.158500547845
forecast_7221,2025-10-28 21:00:00,8895.121663503418,8831.546425500772,6676.102925721738
forecast_7222,2025-10-28 22:00:00,8292.779416392712,8469.29587131141,5910.864344834003
forecast_7223,2025-10-28 23:00:00,7762.983212439254,7021.485784321323,5232.765121105543
forecast_7224,2025-10-29 00:00:00,8068.7043938796405,7164.644865783654,5049.651273828167
forecast_7225,2025-10-29 01:00:00,5658.404974850645,5282.452019501253,3290.8468063507844
forecast_7226,2025-10-29 02:00:00,5198.631107945295,4402.992908158916,2419.157224219598
forecast_7227,2025-10-29 03:00:00,5392.468292642436,4337.897805023461,2144.097517994069
forecast_7228,2025-10-29 04:00:00,4698.82006412096,3201.743383351503,1667.0407694528142
forecast_7229,2025-10-29 05:00:00,3770.5508901773837,2844.331167561485,1407.2738079592293
forecast_7230,2025-10-29 06:00:00,2881.9932767521896,2360.3869125766964,1371.0692133874904
forecast_7231,2025-10-29 07:00:00,2746.0153571148676,1922.2864532493866,1048.6369353021778
forecast_7232,2025-10-29 08:00:00,1635.1395607091315,1659.1278955853302,677.1739779118031
forecast_7233,2025-10-29 09:00:00,1051.8540546520906,913.4917620086956,362.4104568826747
forecast_7234,2025-10-29 10:00:00,300.57342133473287,243.3677621706272,128.45602081772785
forecast_7235,2025-10-29 11:00:00,154.42651496260612,138.3058575002356,104.54381055876013
forecast_7236,2025-10-29 12:00:00,140.0891726122297,123.38093667147682,94.43660735921534
forecast_7237,2025-10-29 13:00:00,115.90486801688219,117.46066390249952,91.70716823208927
forecast_7238,2025-10-29 14:00:00,132.23928853090698,121.53296286169262,106.76852400005922
forecast_7239,2025-10-29 15:00:00,145.9662164443523,135.44453208399852,123.1479870956529
forecast_7240,2025-10-29 16:00:00,181.19026441375863,152.82297276237261,126.37118244823178
forecast_7241,2025-10-29 17:00:00,252.0322188715287,218.98676688785034,148.0270680262665
forecast_7242,2025-10-29 18:00:00,812.4933754688155,600.6501489802129,346.92410844060294
forecast_7243,2025-10-29 19:00:00,1789.0146057544393,1518.3939857072762,581.6990755260473
forecast_7244,2025-10-29 20:00:00,2191.553066387619,1855.921452873808,823.2453270488325
forecast_7245,2025-10-29 21:00:00,3353.560179877748,3696.3431497537313,1718.2389246202301
forecast_7246,2025-10-29 22:00:00,4815.933309100113,4856.3752509018595,2955.2321718181774
forecast_7247,2025-10-29 23:00:00,4681.311213247172,4330.719298102645,2351.3401052648705
forecast_7248,2025-10-30 00:00:00,7631.098075880657,6817.439306368686,4512.117087310811
forecast_7249,2025-10-30 01:00:00,6661.230062252123,6137.254332072463,3837.888630631536
forecast_7250,2025-10-30 02:00:00,9365.383246766338,8035.8570829903265,6231.301314573468
forecast_7251,2025-10-30 03:00:00,11714.95516597189,10501.694712278728,8518.417061026435
forecast_7252,2025-10-30 04:00:00,12227.7082716239,11904.734733152589,8211.48094489058
forecast_7253,2025-10-30 05:00:00,12587.309559836896,11693.488273785035,8058.825688320371
forecast_7254,2025-10-30 06:00:00,13714.794384514333,12098.174858566967,9250.41600204634
forecast_7255,2025-10-30 07:00:00,10312.00976507537,9500.874866728373,6837.8958779521145
forecast_7256,2025-10-30 08:00:00,8709.658951003275,8134.615667278823,5409.16550409971
forecast_7257,2025-10-30 09:00:00,7725.2127657189985,6879.5715296804165,4171.029374524971
forecast_7258,2025-10-30 10:00:00,5701.159362433541,4068.4644221584563,3196.5748533420115
forecast_7259,2025-10-30 11:00:00,3312.4328785703506,2636.335165988059,2434.501079602374
forecast_7260,2025-10-30 12:00:00,1779.4430854226396,1293.4593179353553,1201.3807987108773
forecast_7261,2025-10-30 13:00:00,1862.6021193374472,1223.191265719898,1046.1588318893205
forecast_7262,2025-10-30 14:00:00,1269.249352501063,928.5442645124982,767.2221544779098
forecast_7263,2025-10-30 15:00:00,1018.3493926785744,708.1393376530825,779.6725016191014
forecast_7264,2025-10-30 16:00:00,1288.670366736783,980.7533431832034,774.6145818969208
forecast_7265,2025-10-30 17:00:00,3263.369902791229,2511.4704214482063,1596.1323643270566
forecast_7266,2025-10-30 18:00:00,3282.843342876674,2468.0289700917183,1517.723910523671
forecast_7267,2025-10-30 19:00:00,3312.380559450719,2619.8213253705426,1948.936077683925
forecast_7268,2025-10-30 20:00:00,3824.302131609171,2372.401233428745,1692.3677426995941
forecast_7269,2025-10-30 21:00:00,3218.9782789989818,2137.353988565434,2050.0328544941117
forecast_7270,2025-10-30 22:00:00,2012.2822840485692,1408.2736449772399,1363.116359206104
forecast_7271,2025-10-30 23:00:00,1723.7243872575812,1342.3322832403828,1531.2928500070589
forecast_7272,2025-10-31 00:00:00,1768.076637488351,1254.5212363549067,1165.086848774413
forecast_7273,2025-10-31 01:00:00,515.0643237108483,427.32164796636954,432.3356473424013
forecast_7274,2025-10-31 02:00:00,504.25643518205703,465.03917342933653,292.7144489731545
forecast_7275,2025-10-31 03:00:00,439.9939094627214,395.04254373811034,148.471249341102
forecast_7276,2025-10-31 04:00:00,470.7075587636276,391.2981551222877,160.90902171266552
forecast_7277,2025-10-31 05:00:00,353.0332724437889,356.1915935186598,117.6418511485819
forecast_7278,2025-10-31 06:00:00,372.58971038554415,390.84037227809284,106.03765302270334
forecast_7279,2025-10-31 07:00:00,333.3649093358047,291.84501560742916,96.08734579923207
forecast_7280,2025-10-31 08:00:00,339.1721867785751,325.8277834434224,118.16361920368716
forecast_7281,2025-10-31 09:00:00,610.5527835517457,521.7336361505511,218.59323050762458
forecast_7282,2025-10-31 10:00:00,400.0914234593648,383.77027541376515,243.76064015960452
forecast_7283,2025-10-31 11:00:00,339.288867838862,343.8609058274684,212.19449421179664
forecast_7284,2025-10-31 12:00:00,212.90543360130175,188.55258344850634,142.5316769187879
forecast_7285,2025-10-31 13:00:00,150.68315291883255,145.10013904462713,90.88895116400403
forecast_7286,2025-10-31 14:00:00,128.7945585306402,124.35870565156824,87.1079353306199
forecast_7287,2025-10-31 15:00:00,126.59687053859436,119.19799235369443,108.12557491538742
forecast_7288,2025-10-31 16:00:00,158.97997422910728,138.14856671562606,95.50412870175396
forecast_7289,2025-10-31 17:00:00,261.0951074448494,200.1140245621104,93.6830773952265
forecast_7290,2025-10-31 18:00:00,827.0112185476893,773.462868781748,416.41909333678745
forecast_7291,2025-10-31 19:00:00,1395.5621863634929,1517.5938633728103,794.6823751925751
forecast_7292,2025-10-31 20:00:00,3461.299896950871,3417.5082422326996,2068.6146774070476
forecast_7293,2025-10-31 21:00:00,7627.084738165739,6036.9543369571375,3891.6387071737213
forecast_7294,2025-10-31 22:00:00,8876.660733839444,8032.043756684781,5462.516032184488
forecast_7295,2025-10-31 23:00:00,9298.228317800198,9049.707993034128,5103.086627183456
forecast_7296,2025-11-01 00:00:00,9760.933280977382,9848.22896577486,6030.841860445986
forecast_7297,2025-11-01 01:00:00,10249.6788784147,9984.3136244066,7988.479314483167
forecast_7298,2025-11-01 02:00:00,8170.378032816248,9023.140070650903,6449.405144346125
forecast_7299,2025-11-01 03:00:00,8516.873928273011,9367.412010043578,7358.094490020021
forecast_7300,2025-11-01 04:00:00,10709.443618671956,10959.175227301825,8406.08750802703
forecast_7301,2025-11-01 05:00:00,11993.314653647049,11714.412762258915,9669.332191276713
forecast_7302,2025-11-01 06:00:00,12474.574822300598,11963.463517674842,9936.419858025014
forecast_7303,2025-11-01 07:00:00,12832.067287014275,12435.783278878896,9870.994664420517
forecast_7304,2025-11-01 08:00:00,12975.120016383467,12077.572319314724,10095.66069410347
forecast_7305,2025-11-01 09:00:00,14306.931409428953,13109.446447833334,10837.223576709132
forecast_7306,2025-11-01 10:00:00,14059.337050040236,12241.566078106069,10569.678174529003
forecast_7307,2025-11-01 11:00:00,14170.346605580073,11569.75096234612,9523.469914538464
forecast_7308,2025-11-01 12:00:00,13982.435846684051,11940.880572429003,9434.172156391778
forecast_7309,2025-11-01 13:00:00,14523.103378309335,12293.103251004022,9455.796702577383
forecast_7310,2025-11-01 14:00:00,14705.079379245717,12332.97709422464,9260.000763380964
forecast_7311,2025-11-01 15:00:00,15061.319676042143,12341.636876935321,9802.995536376251
forecast_7312,2025-11-01 16:00:00,14403.185318970543,12763.751959954312,10126.473817787608
forecast_7313,2025-11-01 17:00:00,14438.571599676236,13465.359828948787,10427.419013463244
forecast_7314,2025-11-01 18:00:00,14944.113914204854,13383.508653485796,11145.679518829602
forecast_7315,2025-11-01 19:00:00,15250.818163858468,13903.464214116368,12470.032464101056
forecast_7316,2025-11-01 20:00:00,15923.893425409407,15190.947665360898,12826.215993047612
forecast_7317,2025-11-01 21:00:00,15678.503669230933,15002.70192472933,12814.961207779243
forecast_7318,2025-11-01 22:00:00,15787.719447859366,15326.935812429636,12418.166884404112
forecast_7319,2025-11-01 23:00:00,17021.37577278668,17232.70928187115,13279.229179492497
forecast_7320,2025-11-02 00:00:00,18248.477106791583,18138.560116321507,13965.896942852041
forecast_7321,2025-11-02 01:00:00,17795.186015595616,18529.474758444143,14124.851871032648
forecast_7322,2025-11-02 02:00:00,17379.58226100999,17843.819985273443,14566.85945045102
forecast_7323,2025-11-02 03:00:00,17060.73057305898,15974.026799611707,13722.135576697403
forecast_7324,2025-11-02 04:00:00,16915.638709687224,15655.750565663364,13947.113196540708
forecast_7325,2025-11-02 05:00:00,16724.284216297183,15929.669355895863,13788.887564979404
forecast_7326,2025-11-02 06:00:00,16230.543179017463,16065.667118449164,14355.349090311996
forecast_7327,2025-11-02 07:00:00,17280.862883992235,16556.699920008483,14338.857930365522
forecast_7328,2025-11-02 08:00:00,18203.36658515004,17694.65685054943,14193.313781949017
forecast_7329,2025-11-02 09:00:00,18024.07161710744,18055.430522318933,13659.972327711248
forecast_7330,2025-11-02 10:00:00,17452.50303791646,17535.46803263626,12655.668422773135
forecast_7331,2025-11-02 11:00:00,16664.383466414147,16955.995720036746,12872.402359731213
forecast_7332,2025-11-02 12:00:00,15936.084874828499,14811.96606323782,11916.632974089449
forecast_7333,2025-11-02 13:00:00,15584.346374697801,13909.25483031221,11589.227333703391
forecast_7334,2025-11-02 14:00:00,14990.092593216077,13698.887665576065,10489.157249466012
forecast_7335,2025-11-02 15:00:00,15209.484278167845,13495.654475379251,10245.233415809325
forecast_7336,2025-11-02 16:00:00,15092.763928234473,13254.415737965926,9548.255399191858
forecast_7337,2025-11-02 17:00:00,14812.041841136297,12947.985111487602,8731.628003217535
forecast_7338,2025-11-02 18:00:00,14084.822021141317,11717.71818449796,7905.264922616509
forecast_7339,2025-11-02 19:00:00,13603.837389722185,11855.153166870452,8420.026632066127
forecast_7340,2025-11-02 20:00:00,12524.292002072096,10948.159154815476,9055.429337255535
forecast_7341,2025-11-02 21:00:00,9580.634112093678,9612.377306618673,6198.604374681847
forecast_7342,2025-11-02 22:00:00,10755.789119381094,10456.020273971882,6139.430204003362
forecast_7343,2025-11-02 23:00:00,9176.579795232235,8739.227360568475,5729.584788122184
forecast_7344,2025-11-03 00:00:00,6516.003727623233,6338.345360155277,4321.34910838107
forecast_7345,2025-11-03 01:00:00,5685.425199330724,6127.840079331766,3574.771800686807
forecast_7346,2025-11-03 02:00:00,5827.003223295539,6482.793282723272,3341.8780665005784
forecast_7347,2025-11-03 03:00:00,5540.465980195645,6156.637079270174,2913.7810642092604
forecast_7348,2025-11-03 04:00:00,5780.285243554376,5763.20643671166,3395.4644452653897
forecast_7349,2025-11-03 05:00:00,4899.946564666447,5245.9493995306775,3576.0690971815507
forecast_7350,2025-11-03 06:00:00,3814.5559909796916,4134.5771561591955,2622.435409315182
forecast_7351,2025-11-03 07:00:00,3392.4967629453017,3600.19047131167,1848.265628114948
forecast_7352,2025-11-03 08:00:00,3019.5711699932103,3040.6436959151943,1430.6288394439741
forecast_7353,2025-11-03 09:00:00,2582.7200609885876,2838.0348449923627,2212.9139877398293
forecast_7354,2025-11-03 10:00:00,999.0689419462014,1595.457529267952,1136.5578475254736
forecast_7355,2025-11-03 11:00:00,549.8753541495884,693.5866021244553,632.4584462568835
forecast_7356,2025-11-03 12:00:00,246.30713239710124,408.1811395931575,364.70684347494716
forecast_7357,2025-11-03 13:00:00,158.4426824139583,199.64045603102855,121.43827900484348
forecast_7358,2025-11-03 14:00:00,108.64858456085608,144.41482893954006,95.50488585569917
forecast_7359,2025-11-03 15:00:00,110.67278789156248,121.47136569503371,86.95152853614223
forecast_7360,2025-11-03 16:00:00,203.51046370241735,181.8962696128923,124.07316060939021
forecast_7361,2025-11-03 17:00:00,673.5570759027129,656.9977990661404,285.2363501680723
forecast_7362,2025-11-03 18:00:00,1022.2510396107716,855.2403737011724,341.1105946511753
forecast_7363,2025-11-03 19:00:00,1342.9011268038612,1227.3447246166188,455.5371520953239
forecast_7364,2025-11-03 20:00:00,2543.1077470166224,2224.5884126087153,951.6591045895492
forecast_7365,2025-11-03 21:00:00,2537.432754297797,2716.6653313322513,1154.5184308194077
forecast_7366,2025-11-03 22:00:00,3646.8064957112083,3634.224867930399,1805.0835539480913
forecast_7367,2025-11-03 23:00:00,5894.905243204086,5925.408654611512,3309.127964408946
forecast_7368,2025-11-04 00:00:00,8771.383383709568,8953.307758585868,5814.169850427538
forecast_7369,2025-11-04 01:00:00,7089.529056523712,6855.610127612745,4338.7202484329055
forecast_7370,2025-11-04 02:00:00,8101.179881025406,8873.232695528803,4828.726349516427
forecast_7371,2025-11-04 03:00:00,7664.036712983361,8445.774081422976,4817.875102835223
forecast_7372,2025-11-04 04:00:00,8602.71678641584,9662.672038612072,5079.411502210105
forecast_7373,2025-11-04 05:00:00,9313.16751654946,9946.594706235079,5065.330345478277
forecast_7374,2025-11-04 06:00:00,10504.777539873112,10352.472477430802,5971.055706955803
forecast_7375,2025-11-04 07:00:00,11292.598189457556,11435.067369928982,6885.324033991235
forecast_7376,2025-11-04 08:00:00,12344.515300604036,12055.86507208117,7179.383318978835
forecast_7377,2025-11-04 09:00:00,12529.697701190873,13342.791029386191,9663.24595891494
forecast_7378,2025-11-04 10:00:00,11633.334368124315,12166.528805127444,11069.44134134195
forecast_7379,2025-11-04 11:00:00,11496.068529632252,11296.537924055297,10423.152950087935
forecast_7380,2025-11-04 12:00:00,10453.648029819953,10962.936239366183,9936.163507335637
forecast_7381,2025-11-04 13:00:00,10548.605293644809,10087.462563569457,8966.25290420716
forecast_7382,2025-11-04 14:00:00,10282.563901858555,9409.309088976193,8137.400185229674
forecast_7383,2025-11-04 15:00:00,10352.34542847594,9235.662452456014,8971.179683992345
forecast_7384,2025-11-04 16:00:00,10642.850815835205,9767.91759098169,8506.023706379112
forecast_7385,2025-11-04 17:00:00,11025.724396072823,11242.266023276374,8607.278874692372
forecast_7386,2025-11-04 18:00:00,10241.108079596053,9403.726521347095,7089.169203931138
forecast_7387,2025-11-04 19:00:00,8836.89691629433,8835.543778394085,5699.9727998591225
forecast_7388,2025-11-04 20:00:00,7955.114899001065,8254.425444400025,5110.567242267896
forecast_7389,2025-11-04 21:00:00,8555.32946390873,8094.174329811345,5263.526693916597
forecast_7390,2025-11-04 22:00:00,7987.148171948116,7268.614385494888,5029.831838784158
forecast_7391,2025-11-04 23:00:00,6630.870392755728,5120.679376454976,4114.196632069322
forecast_7392,2025-11-05 00:00:00,6072.587863784652,5329.860653314677,4230.56238985616
forecast_7393,2025-11-05 01:00:00,8660.642283886591,7759.242402800225,4674.231208569752
forecast_7394,2025-11-05 02:00:00,6465.852911222983,4579.050692744377,3075.5586031730077
forecast_7395,2025-11-05 03:00:00,3426.190177894237,2268.145605314377,1763.5509287491204
forecast_7396,2025-11-05 04:00:00,2629.314611649136,1284.0041263283292,1153.4412126886195
forecast_7397,2025-11-05 05:00:00,822.3414107129082,613.6368000805951,391.6593248621278
forecast_7398,2025-11-05 06:00:00,418.86061652870444,353.36221593802594,179.72656705128108
forecast_7399,2025-11-05 07:00:00,367.34631944830363,342.2076906399817,110.29180614801803
forecast_7400,2025-11-05 08:00:00,342.8815459272412,314.77295038558134,94.43793931851494
forecast_7401,2025-11-05 09:00:00,326.1080757868476,254.3816827252522,84.42874918177296
forecast_7402,2025-11-05 10:00:00,176.11738453944332,169.71852160522116,92.16188219090566
forecast_7403,2025-11-05 11:00:00,138.9022066357159,149.03319140570687,92.92639405121486
forecast_7404,2025-11-05 12:00:00,131.1099082029118,153.1315426556591,96.4046947567437
forecast_7405,2025-11-05 13:00:00,128.87872034622862,138.61160478433118,96.24393845797357
forecast_7406,2025-11-05 14:00:00,131.08555207200857,140.58370769122425,90.57494369496361
forecast_7407,2025-11-05 15:00:00,173.634925178684,144.473656584938,93.60730203589289
forecast_7408,2025-11-05 16:00:00,290.3133009574143,269.3008948199471,159.55572896098795
forecast_7409,2025-11-05 17:00:00,249.8256833255221,214.49941115381336,99.35099825882295
forecast_7410,2025-11-05 18:00:00,280.18621814762946,206.68618858501526,88.9779640660956
forecast_7411,2025-11-05 19:00:00,303.8385974925688,276.4008369702846,86.58646690096947
forecast_7412,2025-11-05 20:00:00,299.85298658157706,249.55046244568993,85.5676582564686
forecast_7413,2025-11-05 21:00:00,338.4071179816832,253.41566714750834,91.6252579501609
forecast_7414,2025-11-05 22:00:00,469.49843798523193,392.42058079459775,99.4163840646888
forecast_7415,2025-11-05 23:00:00,420.43720155637476,377.85167937063255,212.06640258742712
forecast_7416,2025-11-06 00:00:00,673.4655880455637,686.5315719443528,319.1062423562591
forecast_7417,2025-11-06 01:00:00,1310.4873938545677,1040.7046776397196,622.433407270324
forecast_7418,2025-11-06 02:00:00,3260.1400873898506,2162.2267320350234,1575.1066188240186
forecast_7419,2025-11-06 03:00:00,4146.591361925134,3472.3932042936926,2545.0211211180635
forecast_7420,2025-11-06 04:00:00,5229.386475886868,4252.022672777586,2829.4624864211714
forecast_7421,2025-11-06 05:00:00,6282.259881651225,4507.563704740424,2937.5025296144518
forecast_7422,2025-11-06 06:00:00,7161.73088367235,6675.181869261057,3963.824637437862
forecast_7423,2025-11-06 07:00:00,6243.104481192705,5489.880246347698,3296.3976153824324
forecast_7424,2025-11-06 08:00:00,3885.6956952505107,2890.246700530326,1408.7323973876053
forecast_7425,2025-11-06 09:00:00,2017.8026202253186,1761.1424262965404,753.4299806529787
forecast_7426,2025-11-06 10:00:00,780.6260237558856,664.3572456661776,324.0971190579239
forecast_7427,2025-11-06 11:00:00,434.7293932528295,424.13962813448046,240.21797057219106
forecast_7428,2025-11-06 12:00:00,186.8258460478362,140.76412241405862,139.01889856406547
forecast_7429,2025-11-06 13:00:00,164.35094887773744,129.87950581724797,112.0464831300995
forecast_7430,2025-11-06 14:00:00,171.9836093545577,154.43319566045577,159.6843941924554
forecast_7431,2025-11-06 15:00:00,227.4518200028068,207.7062737468086,145.40556794596282
forecast_7432,2025-11-06 16:00:00,286.308762063741,323.18240831659284,157.59160258389622
forecast_7433,2025-11-06 17:00:00,383.333556243181,464.28034009440876,176.94843729446455
forecast_7434,2025-11-06 18:00:00,764.631983683339,858.4956459545479,218.8502257021379
forecast_7435,2025-11-06 19:00:00,991.0542496734892,947.6311945013409,331.2786824740684
forecast_7436,2025-11-06 20:00:00,667.1190072557345,608.0591616917725,171.12215012261436
forecast_7437,2025-11-06 21:00:00,554.1903453532326,426.8116717192453,150.8117046159144
forecast_7438,2025-11-06 22:00:00,432.42662649066847,393.41387746626793,120.46762962680768
forecast_7439,2025-11-06 23:00:00,537.6817782330642,423.6995657513522,117.35199318871608
forecast_7440,2025-11-07 00:00:00,356.1487002235217,300.0229831272894,97.61273475914147
forecast_7441,2025-11-07 01:00:00,443.92710526329427,350.4496681632261,160.86827235074944
forecast_7442,2025-11-07 02:00:00,1622.3856424106748,1635.945450211696,1423.932698774655
forecast_7443,2025-11-07 03:00:00,1643.6076135221483,1446.608159660876,1067.56982885972
forecast_7444,2025-11-07 04:00:00,2758.6807983153335,2092.8496807141673,1565.1574998036433
forecast_7445,2025-11-07 05:00:00,3695.138942233438,2911.971869979323,1903.3410461941269
forecast_7446,2025-11-07 06:00:00,4023.0008676069356,3337.6966910054275,2345.8803968494367
forecast_7447,2025-11-07 07:00:00,2855.8860619932193,2261.7502921192404,1549.9051925615909
forecast_7448,2025-11-07 08:00:00,1175.457742043351,748.9969009945338,231.36111869102933
forecast_7449,2025-11-07 09:00:00,346.7603842838666,314.4858261155933,151.88538460142877
forecast_7450,2025-11-07 10:00:00,156.60423352176758,134.05183337522226,89.3043140365515
forecast_7451,2025-11-07 11:00:00,121.75433116649407,116.54479794438977,91.76632708661299
forecast_7452,2025-11-07 12:00:00,108.78108581385702,114.34707651911768,86.22698723013185
forecast_7453,2025-11-07 13:00:00,180.98185724400963,193.6375931588541,152.803773503709
forecast_7454,2025-11-07 14:00:00,366.4346714687848,383.68539729182345,338.07813133464475
forecast_7455,2025-11-07 15:00:00,485.14095034581146,532.6852712092056,422.56878055388773
forecast_7456,2025-11-07 16:00:00,758.4206502071645,805.6831498867216,594.7079274230944
forecast_7457,2025-11-07 17:00:00,1583.4177051855252,1833.2516525941783,886.2649071751649
forecast_7458,2025-11-07 18:00:00,2270.9745857898633,2613.836270910659,959.792124026609
forecast_7459,2025-11-07 19:00:00,2545.9363374797736,2630.5435377395393,1047.1641546136889
forecast_7460,2025-11-07 20:00:00,2710.726894996537,3052.6808633423634,1119.9648001806565
forecast_7461,2025-11-07 21:00:00,3270.628345479377,3447.2837214396773,1385.4879590460334
forecast_7462,2025-11-07 22:00:00,3447.6801932626754,3538.9197545626484,1541.9948076800079
forecast_7463,2025-11-07 23:00:00,3538.9659760237364,3483.0716762633597,1460.2791860852499
forecast_7464,2025-11-08 00:00:00,3675.7328782856416,3264.579862259491,1333.8087522721426
forecast_7465,2025-11-08 01:00:00,2199.978504977135,2179.946725075232,646.8252119603859
forecast_7466,2025-11-08 02:00:00,1810.0709122518267,1800.265656754646,502.7255047911892
forecast_7467,2025-11-08 03:00:00,1922.864692433041,1992.3975100511832,492.58322677846303
forecast_7468,2025-11-08 04:00:00,2383.227330530562,2122.786548035414,795.8329319590915
forecast_7469,2025-11-08 05:00:00,3377.5958386157886,3098.4476846180273,1362.494758624863
forecast_7470,2025-11-08 06:00:00,3210.0703738148454,2888.8122393735243,1118.9217109246797
forecast_7471,2025-11-08 07:00:00,3554.707297728403,3010.595265918352,1534.7642249374273
forecast_7472,2025-11-08 08:00:00,3321.9923410290303,2902.789887736526,1459.7984836373498
forecast_7473,2025-11-08 09:00:00,2836.355878952385,2540.7015702812,1044.1941314393564
forecast_7474,2025-11-08 10:00:00,1666.1877007576804,1484.424933474583,662.2918762506099
forecast_7475,2025-11-08 11:00:00,1324.6605305402265,1453.3312087072202,566.1333793156467
forecast_7476,2025-11-08 12:00:00,1437.971867850782,1378.367553937395,677.9466032384081
forecast_7477,2025-11-08 13:00:00,1422.1728462678543,1650.2589084279234,854.0806793501787
forecast_7478,2025-11-08 14:00:00,1586.7230185146861,1947.1562594550057,1026.5616003169057
forecast_7479,2025-11-08 15:00:00,1659.636901201636,2117.211310694229,950.2968057102347
forecast_7480,2025-11-08 16:00:00,2400.212597337856,2426.493958757935,1106.9498201983167
forecast_7481,2025-11-08 17:00:00,3235.1070311242415,2932.1224627262677,1493.1906886264223
forecast_7482,2025-11-08 18:00:00,3461.527848032981,4007.4339507252403,1726.7001426884567
forecast_7483,2025-11-08 19:00:00,3642.0637243273522,4168.260730386985,1594.2842799627358
forecast_7484,2025-11-08 20:00:00,3605.5768446828392,4194.454261385125,1337.763481308479
forecast_7485,2025-11-08 21:00:00,3952.249174719517,4904.0794814254305,2532.8051027882466
forecast_7486,2025-11-08 22:00:00,5205.1869917796585,6266.349902540775,3489.290200191372
forecast_7487,2025-11-08 23:00:00,7936.03491632017,9777.032956469033,5854.79331257282
forecast_7488,2025-11-09 00:00:00,7645.471390990444,9165.81799182886,4584.944133197064
forecast_7489,2025-11-09 01:00:00,6802.979266865331,7275.885473580823,3961.1578325298065
forecast_7490,2025-11-09 02:00:00,7986.6416538869125,7619.635855488059,4770.328303877702
forecast_7491,2025-11-09 03:00:00,9503.084080295135,8869.147823553565,6071.913542699901
forecast_7492,2025-11-09 04:00:00,10452.688120406923,10579.320156471193,5979.025278283296
forecast_7493,2025-11-09 05:00:00,11638.9137842656,11425.827766226508,8043.643188234817
forecast_7494,2025-11-09 06:00:00,12619.422146347013,12375.808869787956,9167.372753498197
forecast_7495,2025-11-09 07:00:00,13387.730870962461,13438.194067016757,10993.685284509736
forecast_7496,2025-11-09 08:00:00,12406.923735839808,12456.888728516395,9715.965535050216
forecast_7497,2025-11-09 09:00:00,12011.489495242435,11577.316908383256,8711.667269184996
forecast_7498,2025-11-09 10:00:00,12116.870325809097,11177.12954316586,8867.263852590664
forecast_7499,2025-11-09 11:00:00,10372.350604669406,9341.959148636453,7894.566315055829
forecast_7500,2025-11-09 12:00:00,9287.242452666864,8551.296091106995,6752.935629746603
forecast_7501,2025-11-09 13:00:00,10651.600217799194,9410.75803879694,8825.428195556562
forecast_7502,2025-11-09 14:00:00,12039.904821459486,10995.597693196572,8972.12330726608
forecast_7503,2025-11-09 15:00:00,13159.131422731047,11399.592946767609,8959.653900625462
forecast_7504,2025-11-09 16:00:00,13317.094263755438,12697.023617774626,9582.065150432116
forecast_7505,2025-11-09 17:00:00,13687.841319402321,12565.880151930814,9505.127540087828
forecast_7506,2025-11-09 18:00:00,14043.197942807974,12852.12890492049,10907.31955499874
forecast_7507,2025-11-09 19:00:00,15547.526611871752,14049.288062892203,12713.013939057171
forecast_7508,2025-11-09 20:00:00,17704.04691565941,15727.474141601904,13789.274519047542
forecast_7509,2025-11-09 21:00:00,17521.67146058459,15674.669841073088,14002.35039184684
forecast_7510,2025-11-09 22:00:00,16767.606899760547,15242.528417016729,12525.800928468598
forecast_7511,2025-11-09 23:00:00,16051.19240296948,13630.751872927873,10751.166825995373
forecast_7512,2025-11-10 00:00:00,15601.244252848464,13397.16152277496,9902.277667604361
forecast_7513,2025-11-10 01:00:00,15636.561435638374,12855.932804887761,9789.07538682735
forecast_7514,2025-11-10 02:00:00,14059.133510413965,12270.547730044724,8572.989159155097
forecast_7515,2025-11-10 03:00:00,13799.827522850448,11660.513945282852,7948.967010206965
forecast_7516,2025-11-10 04:00:00,13019.155329154679,11363.543758479214,8155.255888914956
forecast_7517,2025-11-10 05:00:00,13690.950645130204,12363.700209593324,8830.569425368296
forecast_7518,2025-11-10 06:00:00,14595.851491120087,13515.802504533724,10213.414083611286
forecast_7519,2025-11-10 07:00:00,16492.778368301086,15127.38010815518,10806.619881651952
forecast_7520,2025-11-10 08:00:00,16691.732391973866,14717.659762645502,11386.167582345453
forecast_7521,2025-11-10 09:00:00,14578.436286641674,14181.794191550141,9999.979903026448
forecast_7522,2025-11-10 10:00:00,12198.827215846348,12416.53932557612,9193.614990538423
forecast_7523,2025-11-10 11:00:00,11385.834509194217,10951.593671340988,8098.286375905923
forecast_7524,2025-11-10 12:00:00,9584.390106311786,9110.923445768443,6435.638218384222
forecast_7525,2025-11-10 13:00:00,7023.924231510814,5839.724399397989,3744.7469248278217
forecast_7526,2025-11-10 14:00:00,6318.7104003959885,5593.418960743476,3917.562218723545
forecast_7527,2025-11-10 15:00:00,5606.785636647597,5335.045009791828,4426.679437487424
forecast_7528,2025-11-10 16:00:00,5465.754519761621,5212.812782163583,4548.1571246800795
forecast_7529,2025-11-10 17:00:00,8659.959181247343,8388.50388017882,6350.86348031508
forecast_7530,2025-11-10 18:00:00,13305.570777724763,12186.158234410072,10139.84885004451
forecast_7531,2025-11-10 19:00:00,14338.49289186608,14731.454479433702,11233.655476120042
forecast_7532,2025-11-10 20:00:00,15916.003646820425,16041.08843944071,13014.653429371212
forecast_7533,2025-11-10 21:00:00,16583.5713935336,16694.530061203586,12767.205360377839
forecast_7534,2025-11-10 22:00:00,18307.14754715351,17294.038154020418,12641.752830675312
forecast_7535,2025-11-10 23:00:00,16445.542834960695,16334.273384581184,10261.664904018293
forecast_7536,2025-11-11 00:00:00,15469.069195981636,15658.234624253457,9637.257462253854
forecast_7537,2025-11-11 01:00:00,20030.12860600553,18490.090701911016,14512.832203118855
forecast_7538,2025-11-11 02:00:00,18403.04802893842,17109.52805087459,10976.539449882952
forecast_7539,2025-11-11 03:00:00,17555.171674928384,16080.648671420227,10059.804468363513
forecast_7540,2025-11-11 04:00:00,15354.81130136152,14848.975910218283,8878.727909728526
forecast_7541,2025-11-11 05:00:00,12660.252950474256,11502.363050668428,5758.051564402983
forecast_7542,2025-11-11 06:00:00,7239.34458949394,6182.267142624051,2980.6161035824884
forecast_7543,2025-11-11 07:00:00,6379.979072763856,5506.12045251057,3847.662643321123
forecast_7544,2025-11-11 08:00:00,4266.410290851769,2870.9626783946223,2028.1169675648052
forecast_7545,2025-11-11 09:00:00,4492.103905797758,2809.894458121864,1931.319333521698
forecast_7546,2025-11-11 10:00:00,3421.9256773442207,2232.3643785033564,1686.9792819067695
forecast_7547,2025-11-11 11:00:00,2552.777448996689,1706.1049934428656,1293.5292732853363
forecast_7548,2025-11-11 12:00:00,1869.6846171800673,1449.4735291744203,1179.366903703989
forecast_7549,2025-11-11 13:00:00,1350.083366726944,1050.4639963589202,998.6751837835808
forecast_7550,2025-11-11 14:00:00,1219.6199050154946,902.5558413765837,713.6023379754866
forecast_7551,2025-11-11 15:00:00,1153.1938441765155,905.1903802154584,717.7101396657876
forecast_7552,2025-11-11 16:00:00,962.0222264611722,760.2505285284943,445.5344656953144
forecast_7553,2025-11-11 17:00:00,1000.676504575718,681.619898240044,251.54495130379055
forecast_7554,2025-11-11 18:00:00,1234.7240656208933,908.4596678265677,314.29920385616595
forecast_7555,2025-11-11 19:00:00,380.06847824128204,321.6239621230498,128.30678908453743
forecast_7556,2025-11-11 20:00:00,338.16633037088434,278.00778764430703,89.93246249101698
forecast_7557,2025-11-11 21:00:00,495.38583341589435,401.41516596545574,101.99271539994608
forecast_7558,2025-11-11 22:00:00,657.977225879018,489.7323664537515,121.04568893602362
forecast_7559,2025-11-11 23:00:00,751.4761757481629,573.9969286717718,159.86515035150543
forecast_7560,2025-11-12 00:00:00,794.5872302109308,656.3072909615456,190.56540495563738
forecast_7561,2025-11-12 01:00:00,816.2073844269789,674.2185823022369,219.74489659578964
forecast_7562,2025-11-12 02:00:00,933.4595980639353,819.5737310776284,352.31545188092355
forecast_7563,2025-11-12 03:00:00,914.7043274733248,883.7818376587243,348.56227081647415
forecast_7564,2025-11-12 04:00:00,937.4264614498089,911.8634747093341,358.21048346683125
forecast_7565,2025-11-12 05:00:00,1011.9040782533431,983.0687887616779,351.84904764774825
forecast_7566,2025-11-12 06:00:00,2007.100923548877,1817.157311464623,810.503675006235
forecast_7567,2025-11-12 07:00:00,2770.14949764789,2718.1991479668886,1622.9719562391242
forecast_7568,2025-11-12 08:00:00,3054.923547706159,3466.03379999453,1679.770400608131
forecast_7569,2025-11-12 09:00:00,3939.306388487699,3574.0774972442155,1787.3763344602594
forecast_7570,2025-11-12 10:00:00,2917.3829240031782,2731.327499036441,1768.1245758546224
forecast_7571,2025-11-12 11:00:00,4054.8699345056666,3578.546862397341,2781.524685646038
forecast_7572,2025-11-12 12:00:00,5432.383694117238,3442.28533927229,3758.5611171828655
forecast_7573,2025-11-12 13:00:00,5603.6878209529295,5007.409823448975,3864.3787431498986
forecast_7574,2025-11-12 14:00:00,5188.720656300327,4367.352190086034,3988.9176791008617
forecast_7575,2025-11-12 15:00:00,5771.938341479921,5920.771012244773,4706.237755428183
forecast_7576,2025-11-12 16:00:00,6501.623969086469,6570.325468148952,4316.542500518346
forecast_7577,2025-11-12 17:00:00,11833.762732755018,11497.531019864426,9153.883704568549
forecast_7578,2025-11-12 18:00:00,13584.682557689139,13207.722623370671,9344.97065004211
forecast_7579,2025-11-12 19:00:00,16372.965411852516,15424.218795168894,12239.390278751558
forecast_7580,2025-11-12 20:00:00,16734.100643950867,15868.357717784722,12279.937921337163
forecast_7581,2025-11-12 21:00:00,17164.545896894997,16336.429923320933,12510.562422430135
forecast_7582,2025-11-12 22:00:00,17367.139010323215,16869.75592905934,12988.918299968189
forecast_7583,2025-11-12 23:00:00,18347.441699576582,17654.97435665621,14434.363820928562
forecast_7584,2025-11-13 00:00:00,19910.885027047378,18946.46376228039,15589.623805943813
forecast_7585,2025-11-13 01:00:00,19750.448136070387,18036.8542701793,14481.229527450507
forecast_7586,2025-11-13 02:00:00,19412.429202851516,18612.964350440187,14549.409095879504
forecast_7587,2025-11-13 03:00:00,19479.030710539755,18451.965189177514,14466.216053714734
forecast_7588,2025-11-13 04:00:00,18136.57264462582,17167.883246822163,14315.70965014485
forecast_7589,2025-11-13 05:00:00,16949.07401797848,16244.343354474024,13395.445718221124
forecast_7590,2025-11-13 06:00:00,15945.195282639062,15948.199477329295,12689.953160139916
forecast_7591,2025-11-13 07:00:00,14870.758373818737,15732.452332244151,11906.656944770422
forecast_7592,2025-11-13 08:00:00,14246.595797188304,14694.227086338355,10238.55329361482
forecast_7593,2025-11-13 09:00:00,12634.095134598054,12855.265650972424,9082.594560151496
forecast_7594,2025-11-13 10:00:00,11662.428149770072,11526.794247235313,8389.496529285767
forecast_7595,2025-11-13 11:00:00,11014.488227353502,10910.064000744482,8548.485675729906
forecast_7596,2025-11-13 12:00:00,7204.785143612568,6864.1905018842235,4119.327607481836
forecast_7597,2025-11-13 13:00:00,4259.251677024578,3791.9494757183115,2151.1894785834656
forecast_7598,2025-11-13 14:00:00,3829.750774566099,3060.975095792415,1762.87620326932
forecast_7599,2025-11-13 15:00:00,2585.380786104011,1867.6404791874802,1231.786857241227
forecast_7600,2025-11-13 16:00:00,3527.0828602809784,2398.5233124721276,1690.4927314242473
forecast_7601,2025-11-13 17:00:00,5099.795092341598,4442.492105308856,2834.9411583343704
forecast_7602,2025-11-13 18:00:00,4811.98565142939,4012.767199788162,2679.1654144810273
forecast_7603,2025-11-13 19:00:00,5149.186605139628,4210.220228779447,2888.1187622730777
forecast_7604,2025-11-13 20:00:00,5066.020987556154,3785.8596989365383,2705.8161096368954
forecast_7605,2025-11-13 21:00:00,6517.727524541189,5390.942981217075,3342.7798051154164
forecast_7606,2025-11-13 22:00:00,6427.036371384003,5192.730778999314,3664.632235073175
forecast_7607,2025-11-13 23:00:00,6754.172864293923,5520.4185346696495,3853.2288551192755
forecast_7608,2025-11-14 00:00:00,6281.728991660571,5502.755868050814,2946.7186716817982
forecast_7609,2025-11-14 01:00:00,2177.609841722309,1838.5036321651612,1500.7384786427149
forecast_7610,2025-11-14 02:00:00,2153.787460560741,1897.4447424297048,1499.5981252175561
forecast_7611,2025-11-14 03:00:00,2297.6078470556245,1882.9004669208553,1386.9465597273004
forecast_7612,2025-11-14 04:00:00,2527.581349705892,2102.424864969198,1756.4466534646772
forecast_7613,2025-11-14 05:00:00,3129.99997717364,2401.2171918315307,1760.153085382731
forecast_7614,2025-11-14 06:00:00,3278.725887335633,2580.817666256879,1814.8299393450623
forecast_7615,2025-11-14 07:00:00,3662.219307506756,3156.460488866463,2142.667549986835
forecast_7616,2025-11-14 08:00:00,3735.5578179345935,3597.9415989149347,2928.9333085386334
forecast_7617,2025-11-14 09:00:00,3934.9528173100425,3086.944916138329,2475.9347974034913
forecast_7618,2025-11-14 10:00:00,4507.655648349568,3232.2464225716863,2443.650985662172
forecast_7619,2025-11-14 11:00:00,3812.8843256529985,3454.328366526384,2329.5164957470374
forecast_7620,2025-11-14 12:00:00,3209.1093575994364,2657.3990677519596,2026.4171491139648
forecast_7621,2025-11-14 13:00:00,3714.850195456896,2638.277194109072,2074.305066928652
forecast_7622,2025-11-14 14:00:00,4061.7555853074823,3602.1789644124206,2830.3950118630487
forecast_7623,2025-11-14 15:00:00,5030.293328851043,4307.919205889482,2926.513231979429
forecast_7624,2025-11-14 16:00:00,5113.245023100798,4980.2927662439015,3107.454556093882
forecast_7625,2025-11-14 17:00:00,6828.677660641762,6792.838677720578,5079.3350123541595
forecast_7626,2025-11-14 18:00:00,9150.750825064995,9601.829719117122,7045.841960618738
forecast_7627,2025-11-14 19:00:00,10078.689727181745,10498.636591820674,7494.753073276843
forecast_7628,2025-11-14 20:00:00,12186.96996697753,11109.832805238631,7929.624838249102
forecast_7629,2025-11-14 21:00:00,9941.625505376758,9153.222601680596,5365.107304840327
forecast_7630,2025-11-14 22:00:00,8890.482316520589,7968.758617521341,4440.869872681248
forecast_7631,2025-11-14 23:00:00,9080.224238204495,8018.6651351296305,4455.33488420765
forecast_7632,2025-11-15 00:00:00,8316.161924339927,6387.69492200888,4037.3327260919673
forecast_7633,2025-11-15 01:00:00,5356.220566905578,4152.609910022894,2902.7461419815127
forecast_7634,2025-11-15 02:00:00,4170.087815084979,3265.3409068120473,2265.2457409127564
forecast_7635,2025-11-15 03:00:00,4360.957056559614,3295.4033318667366,2221.8396413746204
forecast_7636,2025-11-15 04:00:00,5121.002564153144,3420.358196489985,2607.6814308416842
forecast_7637,2025-11-15 05:00:00,4505.250796216189,3530.918147382574,2311.249463945502
forecast_7638,2025-11-15 06:00:00,4260.635470483957,3287.268718304851,1686.256011919767
forecast_7639,2025-11-15 07:00:00,4306.384183707582,3568.9050710600764,2048.4070083151205
forecast_7640,2025-11-15 08:00:00,3254.461292032264,2167.6051011721233,1470.124301352617
forecast_7641,2025-11-15 09:00:00,2311.2075841286232,1438.900253981449,950.8269657062333
forecast_7642,2025-11-15 10:00:00,1316.3059603694546,831.0267559123637,720.7762096165767
forecast_7643,2025-11-15 11:00:00,518.7045612004088,392.69203907157487,413.83832016248795
forecast_7644,2025-11-15 12:00:00,714.0850303628788,507.69913443037694,578.8975297514838
forecast_7645,2025-11-15 13:00:00,558.9801530800919,368.3435090965671,417.2257862349818
forecast_7646,2025-11-15 14:00:00,627.1970440511147,453.1382333979132,524.9711160676571
forecast_7647,2025-11-15 15:00:00,1176.224062531591,991.3806705157859,934.8111178740771
forecast_7648,2025-11-15 16:00:00,2312.765759310267,2000.590136832952,1401.9953557782221
forecast_7649,2025-11-15 17:00:00,4281.399843535908,3172.0885885394914,2526.5948131201967
forecast_7650,2025-11-15 18:00:00,5905.666091177438,5203.823397215634,3292.035296649358
forecast_7651,2025-11-15 19:00:00,7003.661873772972,6805.187764297837,4568.430118751037
forecast_7652,2025-11-15 20:00:00,8657.171861458472,8524.095335582144,6010.3140803160695
forecast_7653,2025-11-15 21:00:00,8835.530535554066,9296.978994256106,6176.684854250961
forecast_7654,2025-11-15 22:00:00,8013.035174283468,9024.4476292808,5218.024181950091
forecast_7655,2025-11-15 23:00:00,7106.423857473243,7723.820736404121,4689.3895212678935
forecast_7656,2025-11-16 00:00:00,6784.027898986693,7511.115300312526,4513.876070967734
forecast_7657,2025-11-16 01:00:00,10402.413394880537,8923.99956468009,4819.382874587109
forecast_7658,2025-11-16 02:00:00,8154.705258320661,6988.210471672667,4043.803847027419
forecast_7659,2025-11-16 03:00:00,9529.353158621949,7830.696910688084,4392.678707624314
forecast_7660,2025-11-16 04:00:00,9195.476655116856,7960.211400701193,4223.0513470640035
forecast_7661,2025-11-16 05:00:00,10368.798064694982,9567.764141960975,5648.419921679473
forecast_7662,2025-11-16 06:00:00,9829.371713299732,9654.882991790648,6231.76134218964
forecast_7663,2025-11-16 07:00:00,10064.445125922535,10025.559521208752,6910.271888278746
forecast_7664,2025-11-16 08:00:00,10125.443336419277,10502.602295866016,6770.5939052764725
forecast_7665,2025-11-16 09:00:00,10850.248833102194,11724.957377357905,7551.537988006386
forecast_7666,2025-11-16 10:00:00,9574.367340625146,11068.502719264983,7390.455675444601
forecast_7667,2025-11-16 11:00:00,9420.377924566788,11526.584579922299,7936.318336654478
forecast_7668,2025-11-16 12:00:00,11746.462044014988,13507.01837519117,10529.261534866204
forecast_7669,2025-11-16 13:00:00,12103.65849137946,12991.713377505017,11035.693900906013
forecast_7670,2025-11-16 14:00:00,11864.551866685797,12790.870923428152,10534.494704804698
forecast_7671,2025-11-16 15:00:00,15012.588620350884,15296.856765114788,12380.596653426168
forecast_7672,2025-11-16 16:00:00,16308.285303934932,16352.296340822331,14847.103868508375
forecast_7673,2025-11-16 17:00:00,18231.751668614248,18447.7168859098,15728.484595337095
forecast_7674,2025-11-16 18:00:00,20367.168896576924,19757.026823703374,16726.41160697909
forecast_7675,2025-11-16 19:00:00,20815.078048892534,20034.928862449156,17222.703478619824
forecast_7676,2025-11-16 20:00:00,21013.88026983112,20011.632737186366,17530.161427976993
forecast_7677,2025-11-16 21:00:00,20943.58048855204,19982.382228872535,17987.230210510195
forecast_7678,2025-11-16 22:00:00,20561.190116651433,19880.86834907934,17960.63243620777
forecast_7679,2025-11-16 23:00:00,20281.098817968712,19570.783387983807,17993.21156062074
forecast_7680,2025-11-17 00:00:00,20412.78425231125,19610.362093042168,17025.39907003175
forecast_7681,2025-11-17 01:00:00,20514.199268731354,19681.351383106306,16625.910177792968
forecast_7682,2025-11-17 02:00:00,20473.124747344016,19549.213836140618,16174.9230184154
forecast_7683,2025-11-17 03:00:00,19830.495986580758,18963.772595045,14459.748432506845
forecast_7684,2025-11-17 04:00:00,19286.301434104244,18647.17266372338,14216.057435899766
forecast_7685,2025-11-17 05:00:00,18976.162834666804,18540.363355744066,14380.54638177573
forecast_7686,2025-11-17 06:00:00,18704.64512737535,17752.041386694065,13536.13948389319
forecast_7687,2025-11-17 07:00:00,18554.146193349312,17185.479546916675,13944.683807540752
forecast_7688,2025-11-17 08:00:00,17526.09429582359,17029.599055402658,12698.07541158443
forecast_7689,2025-11-17 09:00:00,16443.778887224962,16057.377588809615,12320.982452480874
forecast_7690,2025-11-17 10:00:00,15696.582669812076,14468.778309231751,10823.226320195015
forecast_7691,2025-11-17 11:00:00,15018.978695661757,14339.03757015958,11155.365349225638
forecast_7692,2025-11-17 12:00:00,14737.677971840501,13633.741556259576,10703.610962568207
forecast_7693,2025-11-17 13:00:00,13672.409576202243,12757.905436649686,9427.5838482241
forecast_7694,2025-11-17 14:00:00,13612.463631276618,13123.23798091492,9549.371553303887
forecast_7695,2025-11-17 15:00:00,13498.032740740126,12932.98239807538,10146.9003445986
forecast_7696,2025-11-17 16:00:00,13841.218086686556,12896.025245152841,10307.435008635226
forecast_7697,2025-11-17 17:00:00,14634.177456449364,13890.774819595585,11247.924910348582
forecast_7698,2025-11-17 18:00:00,14454.080420285803,13798.582519454865,11854.102817190078
forecast_7699,2025-11-17 19:00:00,13461.933249499718,13919.74246713602,11110.06550351887
forecast_7700,2025-11-17 20:00:00,14031.005482934457,14622.002777902599,11191.96175434438
forecast_7701,2025-11-17 21:00:00,15014.509040450766,14795.114283748733,11776.72454843305
forecast_7702,2025-11-17 22:00:00,15458.958745321292,15725.681465212005,12367.289737096058
forecast_7703,2025-11-17 23:00:00,15487.147150322075,16468.477343285434,14057.069044475304
forecast_7704,2025-11-18 00:00:00,15360.658894853032,16637.82898961332,13257.756308739728
forecast_7705,2025-11-18 01:00:00,14778.87977772962,16153.306327226386,12032.728236694333
forecast_7706,2025-11-18 02:00:00,14761.111293767832,16067.579539753877,12050.871331398272
forecast_7707,2025-11-18 03:00:00,14998.203100526152,16311.470172028634,11768.252045041176
forecast_7708,2025-11-18 04:00:00,15456.404967657527,16179.210716879781,12591.222402819161
forecast_7709,2025-11-18 05:00:00,16295.164937574133,16145.044817202248,11974.071244842025
forecast_7710,2025-11-18 06:00:00,17217.65621644069,17363.87724614452,14245.554665274387
forecast_7711,2025-11-18 07:00:00,17645.923998336493,17854.673405494785,14517.419010577352
forecast_7712,2025-11-18 08:00:00,16663.175139510724,17124.168221083477,13132.776734708274
forecast_7713,2025-11-18 09:00:00,15084.193397390796,16058.55547181904,12422.682393739198
forecast_7714,2025-11-18 10:00:00,13989.065769125578,13581.259130087548,11228.797546108506
forecast_7715,2025-11-18 11:00:00,14318.703485484362,13352.47352266196,10698.50889138179
forecast_7716,2025-11-18 12:00:00,13966.404898618715,11219.341694010192,9700.2331599882
forecast_7717,2025-11-18 13:00:00,13196.93879814813,10539.687932054398,8299.003832166924
forecast_7718,2025-11-18 14:00:00,12746.26635612142,10285.710472808136,7653.43592808127
forecast_7719,2025-11-18 15:00:00,12236.279640035105,9689.180065576213,7196.710305785304
forecast_7720,2025-11-18 16:00:00,10397.472437996965,7924.203143939847,5297.308269724894
forecast_7721,2025-11-18 17:00:00,8873.62107750773,7851.673626206329,5792.86707700815
forecast_7722,2025-11-18 18:00:00,7229.329402567668,6435.635403988239,4934.525596601604
forecast_7723,2025-11-18 19:00:00,8577.256725736823,7038.885699659943,5177.808607071143
forecast_7724,2025-11-18 20:00:00,8024.120402487788,7313.9204477713365,5836.015744208668
forecast_7725,2025-11-18 21:00:00,7740.920239028098,7661.887209141182,5548.419533744118
forecast_7726,2025-11-18 22:00:00,8634.86903417705,8567.204784885562,5479.690227470586
forecast_7727,2025-11-18 23:00:00,7993.848460228684,8119.007414382405,5194.202103561752
forecast_7728,2025-11-19 00:00:00,8544.797965585969,7517.324932698763,5279.746867071348
forecast_7729,2025-11-19 01:00:00,10711.098334547849,10884.471257359151,7800.984723687661
forecast_7730,2025-11-19 02:00:00,10433.364700215285,10074.933020458278,6218.708903101206
forecast_7731,2025-11-19 03:00:00,9866.116523624638,8342.312359411726,5618.095225378545
forecast_7732,2025-11-19 04:00:00,9215.854769335405,7332.174114246485,5356.182790599006
forecast_7733,2025-11-19 05:00:00,6123.481395825978,4924.540914956508,4007.2624103319836
forecast_7734,2025-11-19 06:00:00,4501.842297226787,3989.0108700630412,3242.1589255648573
forecast_7735,2025-11-19 07:00:00,3901.8533246027955,3289.0227640583257,2668.729286760881
forecast_7736,2025-11-19 08:00:00,3100.8062458791173,2991.3265341500337,2268.0961880213554
forecast_7737,2025-11-19 09:00:00,2756.945943395485,2257.0063083181967,1398.0979812815704
forecast_7738,2025-11-19 10:00:00,1869.8276595569064,1299.561083646828,1148.8177330674835
forecast_7739,2025-11-19 11:00:00,460.47224984656566,437.94614577999295,453.41920424202243
forecast_7740,2025-11-19 12:00:00,336.08548607863884,320.38238064495215,451.4754840180635
forecast_7741,2025-11-19 13:00:00,645.1625803598639,585.7281053717122,835.0710337703508
forecast_7742,2025-11-19 14:00:00,1192.5090957074756,956.9543807679399,894.3638986486291
forecast_7743,2025-11-19 15:00:00,1686.722595346541,1775.8049465356028,1204.1413582348957
forecast_7744,2025-11-19 16:00:00,2330.8210074001177,2402.5504002779107,1815.350959476833
forecast_7745,2025-11-19 17:00:00,6719.235482946202,6082.545481137146,4955.813935335081
forecast_7746,2025-11-19 18:00:00,10327.41648054622,8263.825513748132,6937.887458009116
forecast_7747,2025-11-19 19:00:00,12411.057457088215,10258.861869604743,9349.166762654406
forecast_7748,2025-11-19 20:00:00,14467.53844200267,11821.232715348267,9688.50607890997
forecast_7749,2025-11-19 21:00:00,16457.418688633476,14186.83168566911,11351.192990800871
forecast_7750,2025-11-19 22:00:00,19355.84709310328,15955.11747359052,13695.852965056914
forecast_7751,2025-11-19 23:00:00,20780.06559604626,17880.226368812146,14626.599481053821
forecast_7752,2025-11-20 00:00:00,21057.025885087918,18040.24245336757,15249.827573179704
forecast_7753,2025-11-20 01:00:00,19172.77186600642,17761.424356476367,15102.714796487884
forecast_7754,2025-11-20 02:00:00,19439.473810193438,18546.53653290788,15743.214353829988
forecast_7755,2025-11-20 03:00:00,19095.01806088637,19109.118510550747,14899.2554413011
forecast_7756,2025-11-20 04:00:00,19026.565985558904,18792.72618836581,14116.271887275741
forecast_7757,2025-11-20 05:00:00,18958.64226366018,18389.284916706798,14791.793752924428
forecast_7758,2025-11-20 06:00:00,18346.32896987917,18134.77240006512,14067.622521996238
forecast_7759,2025-11-20 07:00:00,18131.87099589673,18214.97191628886,14478.224402033404
forecast_7760,2025-11-20 08:00:00,17158.29674794053,17222.028416644232,13864.582809801766
forecast_7761,2025-11-20 09:00:00,17174.16301539849,18135.923785650986,14251.235096691415
forecast_7762,2025-11-20 10:00:00,18112.22324413682,17603.92884427594,15465.22786319725
forecast_7763,2025-11-20 11:00:00,17197.511580628965,17116.883823387554,13894.386705947863
forecast_7764,2025-11-20 12:00:00,17406.811677469734,16478.561716080378,13905.34183504385
forecast_7765,2025-11-20 13:00:00,17991.07845145175,16636.682498176484,14703.804028551454
forecast_7766,2025-11-20 14:00:00,19853.787406768297,18391.14845297832,16786.312317776647
forecast_7767,2025-11-20 15:00:00,20291.53427856945,19397.40196863122,16522.826951022802
forecast_7768,2025-11-20 16:00:00,20841.37947855942,19331.964571919107,16611.466712811965
forecast_7769,2025-11-20 17:00:00,20617.303435148962,19394.30795261109,17196.706601218346
forecast_7770,2025-11-20 18:00:00,20596.145658300135,19288.641267742263,17402.899936785685
forecast_7771,2025-11-20 19:00:00,20554.35193927513,18967.35755659506,15995.098577683428
forecast_7772,2025-11-20 20:00:00,20544.972235194902,19173.407136114256,15954.825787904827
forecast_7773,2025-11-20 21:00:00,20330.19064818293,19354.82859518003,15776.884601377906
forecast_7774,2025-11-20 22:00:00,19719.057110000977,19551.84419951598,16199.342457473105
forecast_7775,2025-11-20 23:00:00,19385.664531274622,19512.687760158024,15623.10434582321
forecast_7776,2025-11-21 00:00:00,18924.576027252373,19468.080251793013,14580.147901683938
forecast_7777,2025-11-21 01:00:00,18588.97989429127,19358.797282327465,13975.618542448225
forecast_7778,2025-11-21 02:00:00,17009.23218997011,17939.71358512631,13336.903870487484
forecast_7779,2025-11-21 03:00:00,15968.884582033477,16608.934035733164,13072.79913201401
forecast_7780,2025-11-21 04:00:00,15826.115802602568,16460.276592674123,12213.890480554874
forecast_7781,2025-11-21 05:00:00,17702.097095137044,17481.01851124855,13347.945061777336
forecast_7782,2025-11-21 06:00:00,18690.929977674485,17866.65527766948,14454.125241101374
forecast_7783,2025-11-21 07:00:00,19006.355543924357,18177.518713133908,14235.322175237523
forecast_7784,2025-11-21 08:00:00,17956.59545707692,17734.72213472404,13393.898933053719
forecast_7785,2025-11-21 09:00:00,16606.03267121361,16686.80385946325,12465.90764938735
forecast_7786,2025-11-21 10:00:00,16282.687090160814,16053.144986044636,12419.661923995429
forecast_7787,2025-11-21 11:00:00,15836.137310176704,15894.782399655422,12093.132447584398
forecast_7788,2025-11-21 12:00:00,15807.60085985959,15774.869979515379,11703.767205692873
forecast_7789,2025-11-21 13:00:00,15913.059567968467,15339.76312742945,11347.270253134138
forecast_7790,2025-11-21 14:00:00,15776.081569698928,15166.387610103644,11575.004754682028
forecast_7791,2025-11-21 15:00:00,16696.887233567155,15361.951652037904,12862.425398023073
forecast_7792,2025-11-21 16:00:00,17118.428965530762,16143.958432005136,13407.98093851766
forecast_7793,2025-11-21 17:00:00,16956.278044610583,16678.47242257322,13773.853641994816
forecast_7794,2025-11-21 18:00:00,17354.833114196972,17209.421278975704,14871.047532190682
forecast_7795,2025-11-21 19:00:00,17381.80564132644,17051.87630023354,15131.407448442913
forecast_7796,2025-11-21 20:00:00,17006.56631125834,16126.906067954422,14827.601242961899
forecast_7797,2025-11-21 21:00:00,17627.55835260609,17298.813691447784,15420.459138584369
forecast_7798,2025-11-21 22:00:00,17666.778643693062,16933.532565964077,14958.977097800338
forecast_7799,2025-11-21 23:00:00,16935.211572442924,16566.932873268604,13844.988492429167
forecast_7800,2025-11-22 00:00:00,17060.292471156667,16749.83280443281,13876.02038023865
forecast_7801,2025-11-22 01:00:00,16589.812211076918,17138.55668449528,13318.40976406959
forecast_7802,2025-11-22 02:00:00,16616.868615535877,17043.910810105215,13055.35314285457
forecast_7803,2025-11-22 03:00:00,16321.50312803182,17264.25378774342,13129.626893849352
forecast_7804,2025-11-22 04:00:00,16662.859940554677,17446.41071849505,13009.058577674627
forecast_7805,2025-11-22 05:00:00,17269.963603686178,17595.259137875775,13049.93308156377
forecast_7806,2025-11-22 06:00:00,18649.51974019374,17995.28326276011,13843.649268028643
forecast_7807,2025-11-22 07:00:00,18729.62170991625,18494.718487100694,14040.141317088566
forecast_7808,2025-11-22 08:00:00,16867.351651212874,16867.59707244746,12018.37806018232
forecast_7809,2025-11-22 09:00:00,14762.43927642819,14794.182497105388,9816.959183499692
forecast_7810,2025-11-22 10:00:00,12327.836397441479,13032.49111709352,9517.952438317041
forecast_7811,2025-11-22 11:00:00,11113.809784160701,13185.627096677017,9958.120677876092
forecast_7812,2025-11-22 12:00:00,10697.112616060425,11977.8099432931,9675.265740711844
forecast_7813,2025-11-22 13:00:00,10360.734340865285,10596.890147572682,8874.477496821331
forecast_7814,2025-11-22 14:00:00,10297.820784552223,10374.251008103014,7875.279819176266
forecast_7815,2025-11-22 15:00:00,11437.301164802017,10855.388855622763,9795.054107077785
forecast_7816,2025-11-22 16:00:00,14354.046090042058,14250.738676092455,11916.118650803597
forecast_7817,2025-11-22 17:00:00,16785.724985837245,16131.246282733184,13463.450513732983
forecast_7818,2025-11-22 18:00:00,18046.369534232555,18019.010861494186,15408.586832251845
forecast_7819,2025-11-22 19:00:00,18942.545654673137,17629.203057127175,15774.026658595028
forecast_7820,2025-11-22 20:00:00,19750.830654518395,18195.111348556795,15692.060278306957
forecast_7821,2025-11-22 21:00:00,20336.532743533775,18610.660424986017,15013.389568507968
forecast_7822,2025-11-22 22:00:00,19897.422461841164,17991.706468555123,15499.72410829476
forecast_7823,2025-11-22 23:00:00,20508.375207967583,18018.537594103207,15822.562681354602
forecast_7824,2025-11-23 00:00:00,20382.895285233342,18558.154353520127,14647.0098126679
forecast_7825,2025-11-23 01:00:00,20919.17660974257,19582.883705666558,15887.05018319143
forecast_7826,2025-11-23 02:00:00,21121.50103775116,19590.264160352526,15744.201280168976
forecast_7827,2025-11-23 03:00:00,21157.81525086011,19771.94417220211,15763.033601654819
forecast_7828,2025-11-23 04:00:00,20847.877050677133,19672.29395046889,16260.605863867673
forecast_7829,2025-11-23 05:00:00,20726.30109527491,19287.023418811976,15278.453073503128
forecast_7830,2025-11-23 06:00:00,20685.647350861876,19250.62062858209,15147.510977131313
forecast_7831,2025-11-23 07:00:00,20560.203736621817,19362.245945531584,15540.29373759719
forecast_7832,2025-11-23 08:00:00,18914.92680882119,16929.68762444673,13922.996945381536
forecast_7833,2025-11-23 09:00:00,16698.208949292202,15119.313064322236,12858.839471820369
forecast_7834,2025-11-23 10:00:00,16843.39692865127,14344.894094970039,12019.690052737324
forecast_7835,2025-11-23 11:00:00,15622.995713175325,14262.139161968651,11110.10061016206
forecast_7836,2025-11-23 12:00:00,15165.875913316964,15317.818972182358,12826.027789413969
forecast_7837,2025-11-23 13:00:00,14219.548832892251,13237.95410690295,11299.505297338523
forecast_7838,2025-11-23 14:00:00,13092.129840379668,12169.349707366042,11324.187720949054
forecast_7839,2025-11-23 15:00:00,13256.136812256711,13896.81429255564,10816.92764645459
forecast_7840,2025-11-23 16:00:00,14328.730820580546,14314.909619061365,11354.41484361598
forecast_7841,2025-11-23 17:00:00,16049.089286858258,14544.960177987685,11747.523429221106
forecast_7842,2025-11-23 18:00:00,17851.68018298838,16485.865392806827,13566.992258782862
forecast_7843,2025-11-23 19:00:00,18773.11083380194,18009.512261968277,14341.099922308982
forecast_7844,2025-11-23 20:00:00,18624.958481446913,17882.588562192577,14582.412611881828
forecast_7845,2025-11-23 21:00:00,17998.126031753098,17730.24401496803,14320.197934844093
forecast_7846,2025-11-23 22:00:00,18049.718208301358,17583.69325222675,14169.889716168753
forecast_7847,2025-11-23 23:00:00,18067.723924180926,17215.314251327738,13723.11917436113
forecast_7848,2025-11-24 00:00:00,17599.453622019064,17286.722349379917,12605.002289310769
forecast_7849,2025-11-24 01:00:00,14224.695350198406,14004.415087805357,10115.361469758025
forecast_7850,2025-11-24 02:00:00,13561.17117507261,14327.487190574639,10084.893530983594
forecast_7851,2025-11-24 03:00:00,11226.006115140292,13190.528962901675,8940.59331106444
forecast_7852,2025-11-24 04:00:00,10684.930956108534,12136.343596798562,7565.610603149389
forecast_7853,2025-11-24 05:00:00,9415.429351128088,11356.528239743038,6179.964381179815
forecast_7854,2025-11-24 06:00:00,9824.410657640701,11462.356913117424,6631.422592170555
forecast_7855,2025-11-24 07:00:00,10405.367978307962,12680.053036651576,7468.973569924015
forecast_7856,2025-11-24 08:00:00,10933.912072099374,12634.47413539757,7452.481521394796
forecast_7857,2025-11-24 09:00:00,10106.193282811744,11737.758730976106,6928.716680136993
forecast_7858,2025-11-24 10:00:00,9576.88576240986,9377.362629985726,7656.8625815594005
forecast_7859,2025-11-24 11:00:00,10016.447924307779,9200.682430854236,7990.386907776846
forecast_7860,2025-11-24 12:00:00,10232.36456343638,9305.282798389691,8864.51205510161
forecast_7861,2025-11-24 13:00:00,10531.047795508657,10649.427320370965,10119.675988181812
forecast_7862,2025-11-24 14:00:00,11812.360485781437,11651.470977598383,10725.59654108392
forecast_7863,2025-11-24 15:00:00,12557.11336857179,12222.51149252655,11195.864681177836
forecast_7864,2025-11-24 16:00:00,11989.888276656255,11866.688344316672,10836.327718620827
forecast_7865,2025-11-24 17:00:00,12890.595719767432,12405.853230528686,11312.619341251007
forecast_7866,2025-11-24 18:00:00,12566.554357337047,13390.556724052525,12096.9051880147
forecast_7867,2025-11-24 19:00:00,11530.522976351023,12171.574357511552,9894.715731532055
forecast_7868,2025-11-24 20:00:00,12949.65545669309,13925.086176403951,12002.398865232055
forecast_7869,2025-11-24 21:00:00,12347.763506732228,12861.40300448407,9584.70533223146
forecast_7870,2025-11-24 22:00:00,11895.979543648495,13110.743650192413,9221.357286471282
forecast_7871,2025-11-24 23:00:00,12194.708418929376,13236.085150019997,8355.577184184147
forecast_7872,2025-11-25 00:00:00,12365.505030498929,13376.59343260147,8935.27924215786
forecast_7873,2025-11-25 01:00:00,12249.991751406238,13202.785722240333,9493.314508029067
forecast_7874,2025-11-25 02:00:00,14492.376610762794,14104.222379947098,12366.149635171467
forecast_7875,2025-11-25 03:00:00,15369.93741681197,14809.539254088559,12770.664065249079
forecast_7876,2025-11-25 04:00:00,13499.000113180677,12859.99148899301,11897.777185565326
forecast_7877,2025-11-25 05:00:00,13325.232856001634,13627.555022135162,10803.239608298965
forecast_7878,2025-11-25 06:00:00,13367.079713115056,13939.435333350451,10357.68195986962
forecast_7879,2025-11-25 07:00:00,13738.438651528064,13947.629138028544,10998.786033407463
forecast_7880,2025-11-25 08:00:00,11455.442286134934,12778.271910632639,8724.150983966652
forecast_7881,2025-11-25 09:00:00,9621.543019095618,10207.766772529476,6893.20895288657
forecast_7882,2025-11-25 10:00:00,8956.530894394049,9139.483606530985,7291.1161822057675
forecast_7883,2025-11-25 11:00:00,8031.057679394637,9129.72346121264,6071.274261834739
forecast_7884,2025-11-25 12:00:00,7713.136857882407,7553.297310125268,5633.68578209698
forecast_7885,2025-11-25 13:00:00,9749.692905402651,10247.144394529221,8225.961595296505
forecast_7886,2025-11-25 14:00:00,10373.432534361855,10141.850464208985,7700.580135188622
forecast_7887,2025-11-25 15:00:00,12562.823862325939,11986.350133037975,9400.279296080931
forecast_7888,2025-11-25 16:00:00,11494.113673933329,10977.550169436036,7243.505153121593
forecast_7889,2025-11-25 17:00:00,12684.002213252115,11188.978204250685,9844.658802496166
forecast_7890,2025-11-25 18:00:00,13021.256163879905,11554.89933938632,9504.920749060637
forecast_7891,2025-11-25 19:00:00,12494.002278216205,10868.914927849442,7126.119063659661
forecast_7892,2025-11-25 20:00:00,11288.71110595492,9874.841755931382,6213.395952478611
forecast_7893,2025-11-25 21:00:00,9078.745708137243,8706.419130859975,5542.865916391108
forecast_7894,2025-11-25 22:00:00,7417.289268296052,6965.831677927256,4791.849928382549
forecast_7895,2025-11-25 23:00:00,5858.291798169877,6144.04048386121,3926.1073497765924
forecast_7896,2025-11-26 00:00:00,5087.251407857984,5518.425858313362,2805.164449733809
forecast_7897,2025-11-26 01:00:00,4945.839442861289,4345.324696297855,2267.671107840497
forecast_7898,2025-11-26 02:00:00,3401.3732831789353,3294.2539678394364,1556.9170375550757
forecast_7899,2025-11-26 03:00:00,2833.2676600995655,2742.340684412664,1155.329697570714
forecast_7900,2025-11-26 04:00:00,1920.1964224992944,1915.705462538944,936.3728136603376
forecast_7901,2025-11-26 05:00:00,1752.4620852158591,1555.557627356699,980.209114788281
forecast_7902,2025-11-26 06:00:00,1928.2851539646063,1695.1732028405067,1517.0760832538529
forecast_7903,2025-11-26 07:00:00,2742.9618806421163,2145.6832661971935,2235.7476328127536
forecast_7904,2025-11-26 08:00:00,3475.5592203302167,3022.8440787526306,3198.651318153025
forecast_7905,2025-11-26 09:00:00,3456.9528445021015,2845.269945704189,2746.849922887023
forecast_7906,2025-11-26 10:00:00,4410.745317294978,3581.686432549225,2750.2220026762366
forecast_7907,2025-11-26 11:00:00,3871.3253676290014,3005.37140959443,2494.8597021349306
forecast_7908,2025-11-26 12:00:00,3577.5105479389304,2770.514846983154,1930.3884774406288
forecast_7909,2025-11-26 13:00:00,2995.1202624950706,2580.2242626537936,1638.133263945193
forecast_7910,2025-11-26 14:00:00,3208.0578386084594,3159.3994993012398,2675.6322767082706
forecast_7911,2025-11-26 15:00:00,5254.79578576556,4740.9168654709765,3784.481189357149
forecast_7912,2025-11-26 16:00:00,6077.548230026377,5448.450239716336,4180.43226677088
forecast_7913,2025-11-26 17:00:00,9767.208557707834,8504.669784628888,6896.185613229042
forecast_7914,2025-11-26 18:00:00,12481.661779755605,11905.759717256055,8520.304922641117
forecast_7915,2025-11-26 19:00:00,14246.559420791064,13371.92972559389,10135.338213342538
forecast_7916,2025-11-26 20:00:00,14213.959825524003,12448.243548438302,9105.706164111447
forecast_7917,2025-11-26 21:00:00,13076.68780319675,12216.662900521165,9287.430141727487
forecast_7918,2025-11-26 22:00:00,14265.210943624372,13523.673487584541,8979.799546673841
forecast_7919,2025-11-26 23:00:00,14391.837895096134,14842.234354582131,10513.121741612546
forecast_7920,2025-11-27 00:00:00,15772.424170486009,16723.878728883978,13239.5050807523
forecast_7921,2025-11-27 01:00:00,15431.39477060871,16322.45790252689,12620.047799823518
forecast_7922,2025-11-27 02:00:00,16252.869819911526,17255.32118376511,13833.841638030673
forecast_7923,2025-11-27 03:00:00,15901.613404569818,15765.800213421175,11798.462827097495
forecast_7924,2025-11-27 04:00:00,15833.447808340356,15583.964037444941,13426.68022266545
forecast_7925,2025-11-27 05:00:00,13456.352666805302,14095.576430565923,11150.245426380729
forecast_7926,2025-11-27 06:00:00,15042.721916460363,14747.819650079831,12035.218124323936
forecast_7927,2025-11-27 07:00:00,10386.674253738327,11512.285509683436,8007.366809982266
forecast_7928,2025-11-27 08:00:00,13571.23033247887,14780.129029653133,12087.057086719211
forecast_7929,2025-11-27 09:00:00,13746.80469440084,15785.415762897663,13048.13568902548
forecast_7930,2025-11-27 10:00:00,13034.880912764182,14862.886036477248,12788.439762399592
forecast_7931,2025-11-27 11:00:00,14301.946219119727,16193.886148338459,14155.13499482953
forecast_7932,2025-11-27 12:00:00,15508.291222993143,16542.525942634147,15134.455568982788
forecast_7933,2025-11-27 13:00:00,15057.424433153188,17445.091719580876,14451.345173050999
forecast_7934,2025-11-27 14:00:00,17373.525242232838,18462.546408751165,16269.879996212117
forecast_7935,2025-11-27 15:00:00,18323.554900131625,18738.916707204568,17084.230857442704
forecast_7936,2025-11-27 16:00:00,19353.609914067725,19003.378131151818,15160.90113236611
forecast_7937,2025-11-27 17:00:00,18935.596207034403,18997.03470982186,13905.164723886377
forecast_7938,2025-11-27 18:00:00,19019.693997958773,19157.210139371204,13650.748358726743
forecast_7939,2025-11-27 19:00:00,18229.57055900351,18342.453378632734,13423.63588618365
forecast_7940,2025-11-27 20:00:00,18250.866962586744,18354.338011296437,14636.77272209459
forecast_7941,2025-11-27 21:00:00,18241.49955945298,17785.74532330492,13687.755130180722
forecast_7942,2025-11-27 22:00:00,18009.79674836787,17393.21160637986,13236.830106774405
forecast_7943,2025-11-27 23:00:00,18336.120848009035,17714.54591166969,14082.601355883011
forecast_7944,2025-11-28 00:00:00,18500.86193568249,17912.98772252921,14876.314441983941
forecast_7945,2025-11-28 01:00:00,17876.592182996872,17488.499677687556,15342.484472082873
forecast_7946,2025-11-28 02:00:00,17816.85084896253,17389.328814279565,15762.374590971105
forecast_7947,2025-11-28 03:00:00,17653.049721637915,17325.658780479225,15092.437448253073
forecast_7948,2025-11-28 04:00:00,17611.235444911188,16664.511267225495,13811.740333917494
forecast_7949,2025-11-28 05:00:00,16341.343875752851,16584.21397573884,12886.473515326417
forecast_7950,2025-11-28 06:00:00,15628.129849100196,15509.738585484225,11287.942318696152
forecast_7951,2025-11-28 07:00:00,15507.491976738711,15610.925595063503,12051.877816340293
forecast_7952,2025-11-28 08:00:00,14985.096417395762,14371.406275381802,9763.996272801873
forecast_7953,2025-11-28 09:00:00,11837.742943612095,12940.387887621908,8857.849227347979
forecast_7954,2025-11-28 10:00:00,9010.970458761032,9602.420602979568,6692.147678313586
forecast_7955,2025-11-28 11:00:00,9287.535308489012,9266.468782252477,6332.619696791057
forecast_7956,2025-11-28 12:00:00,7638.474594525866,8297.213825070792,5384.397782936096
forecast_7957,2025-11-28 13:00:00,6317.764555214288,5848.79196432205,4643.814557571588
forecast_7958,2025-11-28 14:00:00,6426.57800780964,5463.077400377423,4094.7524561962855
forecast_7959,2025-11-28 15:00:00,6163.684305813774,5581.364882155424,4384.366765549886
forecast_7960,2025-11-28 16:00:00,7606.470002180362,6934.877285397916,5432.253504591129
forecast_7961,2025-11-28 17:00:00,8637.6695814244,7807.216728928296,6192.9223679756315
forecast_7962,2025-11-28 18:00:00,8592.078106493145,7973.251826602445,5641.6206649086525
forecast_7963,2025-11-28 19:00:00,7196.460566827568,6640.486490954996,4751.381822861432
forecast_7964,2025-11-28 20:00:00,6650.593723808722,4014.390401586212,4051.1426642346883
forecast_7965,2025-11-28 21:00:00,5777.7230681974215,3444.817606640821,3209.342947385235
forecast_7966,2025-11-28 22:00:00,6334.430958128635,3958.502907959079,3386.6590288060847
forecast_7967,2025-11-28 23:00:00,6749.523302633865,4561.624398709597,3586.169753454972
forecast_7968,2025-11-29 00:00:00,6095.432938717665,4159.322288701796,3547.5515555425673
forecast_7969,2025-11-29 01:00:00,5518.629857958824,4151.697904517794,3307.555425858905
forecast_7970,2025-11-29 02:00:00,6303.508622843773,5318.363258400912,3967.228608952224
forecast_7971,2025-11-29 03:00:00,7861.503403337441,6634.571305814001,4676.574834389077
forecast_7972,2025-11-29 04:00:00,10132.175967646523,8329.339415736837,6421.668761981561
forecast_7973,2025-11-29 05:00:00,12377.755271681071,12760.098519459845,8739.77716051354
forecast_7974,2025-11-29 06:00:00,12874.675130149606,13573.531446117417,9375.68729908159
forecast_7975,2025-11-29 07:00:00,12384.444574521796,13479.72075364875,9070.045953068815
forecast_7976,2025-11-29 08:00:00,11189.1171806902,13207.653711629262,8634.761526264003
forecast_7977,2025-11-29 09:00:00,9658.208752729202,11658.653457177736,7280.343468758415
forecast_7978,2025-11-29 10:00:00,7831.460978177616,8885.38054222901,6263.954513080431
forecast_7979,2025-11-29 11:00:00,7917.188293984217,9409.519900300536,6883.377807577588
forecast_7980,2025-11-29 12:00:00,9883.852659877011,11800.767625043842,10448.08841568776
forecast_7981,2025-11-29 13:00:00,12358.860066055078,13027.215455162344,11452.952921655142
forecast_7982,2025-11-29 14:00:00,13963.209886134828,13984.815965928892,11852.260364966369
forecast_7983,2025-11-29 15:00:00,15435.413153077348,15448.438555620505,12787.812706085906
forecast_7984,2025-11-29 16:00:00,17266.11609792369,17230.37984395901,14763.099918104745
forecast_7985,2025-11-29 17:00:00,19615.314442501818,18703.524440314755,15423.289040850783
forecast_7986,2025-11-29 18:00:00,20195.058722594742,19738.94864515169,17551.268284272777
forecast_7987,2025-11-29 19:00:00,20436.376818165074,19830.89920817578,17871.243755549673
forecast_7988,2025-11-29 20:00:00,20495.02879317806,19770.012105567464,18018.359057032405
forecast_7989,2025-11-29 21:00:00,20783.14389973553,19819.448081101837,18310.91924049563
forecast_7990,2025-11-29 22:00:00,20654.199381980146,19607.81730344233,18030.307504157812
forecast_7991,2025-11-29 23:00:00,20618.1210799408,19573.384799871154,18011.776159831723
forecast_7992,2025-11-30 00:00:00,20464.640122496916,19482.465015129583,17329.006073833876
forecast_7993,2025-11-30 01:00:00,20274.262779748016,19313.595176700626,16941.910333618285
forecast_7994,2025-11-30 02:00:00,20049.36626648214,18632.84447990608,16640.699748907235
forecast_7995,2025-11-30 03:00:00,19578.933350552266,18239.213602280837,16082.155063179185
forecast_7996,2025-11-30 04:00:00,19527.38578538388,17952.83682821313,16212.869853896638
forecast_7997,2025-11-30 05:00:00,18071.903439162306,17552.585076734045,15004.680400074869
forecast_7998,2025-11-30 06:00:00,15530.598096648935,15484.578253673946,13361.1696666945
forecast_7999,2025-11-30 07:00:00,14695.32948656267,14336.657745949165,12473.797603196123
forecast_8000,2025-11-30 08:00:00,13525.832361605846,13692.445498101615,11751.302205474083
forecast_8001,2025-11-30 09:00:00,12579.112261021271,12606.146440692106,11334.407078498665
forecast_8002,2025-11-30 10:00:00,12557.292843895379,11758.317616756814,11445.814219330443
forecast_8003,2025-11-30 11:00:00,12791.17292864844,11299.025052494553,11439.23541373485
forecast_8004,2025-11-30 12:00:00,11432.701174615,10160.47450793853,10688.090380690437
forecast_8005,2025-11-30 13:00:00,9485.134596668566,8619.044717439467,9970.249460924371
forecast_8006,2025-11-30 14:00:00,9124.992288835054,8417.497744681415,9177.05161368438
forecast_8007,2025-11-30 15:00:00,9410.119838304734,9091.291234476432,8351.095733023572
forecast_8008,2025-11-30 16:00:00,10341.219120862046,10511.11848352657,9473.695097275755
forecast_8009,2025-11-30 17:00:00,10995.259460641855,11969.005220256953,10063.413119648732
forecast_8010,2025-11-30 18:00:00,15105.46103956443,16440.952185861406,13691.123343139087
forecast_8011,2025-11-30 19:00:00,18891.113018779946,19113.033385127746,16688.282514516934
forecast_8012,2025-11-30 20:00:00,20094.376338842914,19780.881741318113,17761.10039508348
forecast_8013,2025-11-30 21:00:00,20203.81011810979,19923.007285013093,18171.215386569824
forecast_8014,2025-11-30 22:00:00,20551.275241295054,19931.780898901612,18374.1839115401
forecast_8015,2025-11-30 23:00:00,20573.347131350012,19894.95320935165,18237.02635546982
forecast_8016,2025-12-01 00:00:00,20747.466231429542,19898.20866899267,17868.551342403007
forecast_8017,2025-12-01 01:00:00,20467.597164523777,19894.509960000698,17930.383052085534
forecast_8018,2025-12-01 02:00:00,20578.948335707362,19903.046449738093,17772.203920636035
forecast_8019,2025-12-01 03:00:00,20489.357531623216,19811.516210117723,17531.389837933697
forecast_8020,2025-12-01 04:00:00,20479.776789365562,19876.99948204703,17345.24967202522
forecast_8021,2025-12-01 05:00:00,20680.67520098882,19836.688582987208,16888.36428447132
forecast_8022,2025-12-01 06:00:00,20806.120530923592,19878.149812390515,16635.4012716933
forecast_8023,2025-12-01 07:00:00,20466.637488935205,19682.06357101846,15502.843288154036
forecast_8024,2025-12-01 08:00:00,20042.46209239916,19296.441377870287,13865.017124379585
forecast_8025,2025-12-01 09:00:00,16933.67614403967,17114.09202573981,11510.327704539191
forecast_8026,2025-12-01 10:00:00,14479.746336450404,14110.57837026368,9790.3086384333
forecast_8027,2025-12-01 11:00:00,10350.758337179406,10564.083495286512,6655.707951569718
forecast_8028,2025-12-01 12:00:00,7427.297879796038,7259.5195777830295,5286.165649250653
forecast_8029,2025-12-01 13:00:00,6832.41560710034,6168.735472819312,4718.515191905547
forecast_8030,2025-12-01 14:00:00,6216.5682818929445,5087.6049426420395,4384.701362255843
forecast_8031,2025-12-01 15:00:00,6001.252858796546,4311.913441215109,4246.479306689975
forecast_8032,2025-12-01 16:00:00,5244.155198629755,4506.6346588288725,4097.4702989834595
forecast_8033,2025-12-01 17:00:00,6581.775881893415,5356.011181597378,3649.3451687124575
forecast_8034,2025-12-01 18:00:00,7334.545778632032,6315.4876000484755,4453.251014024374
forecast_8035,2025-12-01 19:00:00,7711.524061084693,6348.954951466361,4731.221574697916
forecast_8036,2025-12-01 20:00:00,9582.646109284648,7826.252003356915,5761.404863065739
forecast_8037,2025-12-01 21:00:00,9514.49931279086,8897.44630956518,7136.666316972369
forecast_8038,2025-12-01 22:00:00,10788.45385628115,10310.47344307816,8064.889116821445
forecast_8039,2025-12-01 23:00:00,11481.479187283889,12183.047938028936,9054.290054267518
forecast_8040,2025-12-02 00:00:00,13252.27363306359,12947.938507120689,9605.971594645524
forecast_8041,2025-12-02 01:00:00,15366.041766526218,14774.04729237321,11884.090089996056
forecast_8042,2025-12-02 02:00:00,15401.666823311218,15850.544568290627,9511.578272563214
forecast_8043,2025-12-02 03:00:00,17089.025319537923,16079.627738625386,12640.602167828383
forecast_8044,2025-12-02 04:00:00,16245.8850655187,16372.148022211972,9746.933337990062
forecast_8045,2025-12-02 05:00:00,15553.398150034844,15831.634828179729,9124.694073247987
forecast_8046,2025-12-02 06:00:00,15465.587248956002,15155.948416195657,9137.759390356656
forecast_8047,2025-12-02 07:00:00,13891.566313493086,12967.056631847541,9069.314697562511
forecast_8048,2025-12-02 08:00:00,11452.598431432141,11440.573273392185,6615.533736737461
forecast_8049,2025-12-02 09:00:00,10521.334826216123,10369.173279980838,5678.327440140286
forecast_8050,2025-12-02 10:00:00,7872.781967109146,9111.026663366245,5790.910653555161
forecast_8051,2025-12-02 11:00:00,7780.156986521218,8083.960552117915,5812.887416910223
forecast_8052,2025-12-02 12:00:00,9081.415028659501,8964.952350367568,6119.116170192403
forecast_8053,2025-12-02 13:00:00,9464.05625945625,9332.049759977152,7185.330122690788
forecast_8054,2025-12-02 14:00:00,10837.144484057932,11514.303942761304,8067.241414980079
forecast_8055,2025-12-02 15:00:00,12670.664802369602,13219.215998188345,8713.063634866225
forecast_8056,2025-12-02 16:00:00,14004.033758286096,13943.879438512775,10159.236537623958
forecast_8057,2025-12-02 17:00:00,14422.380669835744,14495.32663810405,11718.433747079282
forecast_8058,2025-12-02 18:00:00,15664.177490146849,14682.306165520222,12848.766810691111
forecast_8059,2025-12-02 19:00:00,15921.232076862207,14757.869805804667,13189.746867144895
forecast_8060,2025-12-02 20:00:00,16247.614129931155,14682.216870250508,13476.685285410089
forecast_8061,2025-12-02 21:00:00,16232.115565504506,15632.070411318264,14004.8733965296
forecast_8062,2025-12-02 22:00:00,16257.119889477122,15325.608182539785,13563.08379788583
forecast_8063,2025-12-02 23:00:00,16213.102916756106,15120.922976571203,13799.567860817337
forecast_8064,2025-12-03 00:00:00,16068.84693792322,15392.021340640218,13662.772953162947
forecast_8065,2025-12-03 01:00:00,16077.97806337405,16227.757248060818,13509.387202654261
forecast_8066,2025-12-03 02:00:00,16062.743339465118,16666.061626367285,13426.226968756426
forecast_8067,2025-12-03 03:00:00,15536.844822058114,16239.200055950285,13410.626691654285
forecast_8068,2025-12-03 04:00:00,15259.517016241067,15537.8195657272,13003.970876236468
forecast_8069,2025-12-03 05:00:00,14507.685948796028,14523.019646603905,12756.468139428269
forecast_8070,2025-12-03 06:00:00,14886.363579578177,13592.108738881958,10631.556481854012
forecast_8071,2025-12-03 07:00:00,14761.440049137043,15004.336498675702,11198.338681978568
forecast_8072,2025-12-03 08:00:00,14857.036878924659,15040.29685743535,11584.014503632538
forecast_8073,2025-12-03 09:00:00,15547.493829091443,15489.70996208461,11880.722322925403
forecast_8074,2025-12-03 10:00:00,15918.700422148522,16700.88768219039,12202.90841909642
forecast_8075,2025-12-03 11:00:00,16014.688451321288,16809.067070502828,12611.214548504795
forecast_8076,2025-12-03 12:00:00,15865.55830911312,16913.815760250272,12659.079804591298
forecast_8077,2025-12-03 13:00:00,15730.285162604361,16621.56142969769,12654.029019279284
forecast_8078,2025-12-03 14:00:00,16024.167167888087,16733.435812360098,12996.747471310668
forecast_8079,2025-12-03 15:00:00,16212.153819241184,16953.36093230067,13317.658036872013
forecast_8080,2025-12-03 16:00:00,16298.240978270844,16760.614083319986,13537.747560344797
forecast_8081,2025-12-03 17:00:00,15802.549440095909,16831.209009421666,13535.967303222895
forecast_8082,2025-12-03 18:00:00,15510.743623362465,16011.897105007454,13518.373830196759
forecast_8083,2025-12-03 19:00:00,14465.9085496653,14798.605860353267,12485.288898819992
forecast_8084,2025-12-03 20:00:00,15331.576044992873,13686.590709305176,12583.31572059352
forecast_8085,2025-12-03 21:00:00,14857.820784709646,13449.950241776576,12542.359044758367
forecast_8086,2025-12-03 22:00:00,14306.635214167967,13805.920965657811,11803.33224154154
forecast_8087,2025-12-03 23:00:00,14013.892132030825,14630.52122401196,11439.003717400723
forecast_8088,2025-12-04 00:00:00,14596.07202419247,14986.83752827996,10368.406957415013
forecast_8089,2025-12-04 01:00:00,14131.23072566627,15509.624674832723,9688.944911705028
forecast_8090,2025-12-04 02:00:00,15290.392014832805,16686.596498980678,9775.572241278749
forecast_8091,2025-12-04 03:00:00,15145.904918242059,16554.84286976516,12111.325694793946
forecast_8092,2025-12-04 04:00:00,14908.103255954038,16674.247636687363,13709.768768454009
forecast_8093,2025-12-04 05:00:00,15344.088317890471,16595.89550930195,14618.872046445942
forecast_8094,2025-12-04 06:00:00,16938.54040574831,17035.65037327625,15037.434278839666
forecast_8095,2025-12-04 07:00:00,17274.93857104192,17752.264323405958,14931.922221642684
forecast_8096,2025-12-04 08:00:00,17102.92969055428,17790.862574630384,14647.24222995054
forecast_8097,2025-12-04 09:00:00,15847.455667747017,17397.038664930707,13636.607616791438
forecast_8098,2025-12-04 10:00:00,14922.175304888882,16517.37413767208,12833.632251031262
forecast_8099,2025-12-04 11:00:00,14526.160800484467,15296.378715966754,11836.65470799814
forecast_8100,2025-12-04 12:00:00,13376.338552933874,12736.908740798655,9360.296646508703
forecast_8101,2025-12-04 13:00:00,13151.004299228602,11966.32348449142,10016.950655561974
forecast_8102,2025-12-04 14:00:00,13434.758897612059,12147.741947182665,10159.661808649946
forecast_8103,2025-12-04 15:00:00,13216.673666734558,12900.406191611266,10734.878944357575
forecast_8104,2025-12-04 16:00:00,13343.468760004773,13175.284934165555,10761.523257321938
forecast_8105,2025-12-04 17:00:00,13960.254260411717,14339.71263477906,13554.152785099435
forecast_8106,2025-12-04 18:00:00,15864.591213349304,16237.086329274025,15673.461582274409
forecast_8107,2025-12-04 19:00:00,16222.134818338815,16148.346878798246,16462.794503027493
forecast_8108,2025-12-04 20:00:00,17284.07248542121,16389.864178988184,16306.09793283739
forecast_8109,2025-12-04 21:00:00,17104.999212208826,16502.982613219145,15775.1276220419
forecast_8110,2025-12-04 22:00:00,17091.104126687347,15703.373788697014,14317.759478930539
forecast_8111,2025-12-04 23:00:00,16355.245629448285,16816.331061967856,14301.31916773201
forecast_8112,2025-12-05 00:00:00,16185.011828678947,16328.03549119441,14631.79954181513
forecast_8113,2025-12-05 01:00:00,16017.226980697033,16762.56755340319,14185.611901091306
forecast_8114,2025-12-05 02:00:00,16671.779092415967,15759.482448707346,13909.923247495506
forecast_8115,2025-12-05 03:00:00,16009.293300436384,14245.328660774903,13690.155163282276
forecast_8116,2025-12-05 04:00:00,15857.105621787348,14858.565436536144,13666.54037251896
forecast_8117,2025-12-05 05:00:00,15080.63269225038,15495.50343689228,12570.578771402073
forecast_8118,2025-12-05 06:00:00,15807.033639679743,16312.289314077125,11569.814673332505
forecast_8119,2025-12-05 07:00:00,16925.245620928963,16886.603152948825,12530.350197081481
forecast_8120,2025-12-05 08:00:00,18161.134625785387,18217.49219135095,12188.847170891802
forecast_8121,2025-12-05 09:00:00,17501.30058215901,17583.43286538593,11965.131428488321
forecast_8122,2025-12-05 10:00:00,14302.022615778,15355.91424220991,11218.816542634151
forecast_8123,2025-12-05 11:00:00,13160.18866191212,15522.032904646961,11287.963413857002
forecast_8124,2025-12-05 12:00:00,12194.650164535935,14378.152202574765,10371.58499558602
forecast_8125,2025-12-05 13:00:00,11197.940841362271,13790.640698476052,10095.392027589925
forecast_8126,2025-12-05 14:00:00,12384.76226890057,14046.842343132737,10514.468313873544
forecast_8127,2025-12-05 15:00:00,15020.099056875559,16299.718769306935,12124.918075025453
forecast_8128,2025-12-05 16:00:00,15643.473398111424,17474.20507182523,13390.229153212962
forecast_8129,2025-12-05 17:00:00,17695.339809707468,17463.07414968916,13859.953598104596
forecast_8130,2025-12-05 18:00:00,19254.65768765498,18243.93105419285,13320.90338014493
forecast_8131,2025-12-05 19:00:00,18372.849355828672,17630.89891259712,11870.279444390331
forecast_8132,2025-12-05 20:00:00,19422.691663642643,17423.37082198097,12129.53484224639
forecast_8133,2025-12-05 21:00:00,19919.75325504705,17985.350587424513,13041.12838229642
forecast_8134,2025-12-05 22:00:00,20114.981862838682,18664.678264213904,13262.981566174127
forecast_8135,2025-12-05 23:00:00,21041.991392848533,18936.41613028332,14537.278612371436
forecast_8136,2025-12-06 00:00:00,20995.70722525376,18920.87348726289,15734.136080509374
forecast_8137,2025-12-06 01:00:00,19205.81627008655,17772.10968114878,13225.130821490966
forecast_8138,2025-12-06 02:00:00,21352.939134373726,19751.95992651822,16384.016299252205
forecast_8139,2025-12-06 03:00:00,21063.985562136924,19692.51649985236,16073.908851224325
forecast_8140,2025-12-06 04:00:00,20764.76066072475,19187.334940474677,14972.852963528961
forecast_8141,2025-12-06 05:00:00,21454.57200355624,19366.708797715204,16042.566333547227
forecast_8142,2025-12-06 06:00:00,20994.181019428208,19456.954050899058,15548.874620630677
forecast_8143,2025-12-06 07:00:00,20873.177553075555,19456.171152400395,14919.945310579335
forecast_8144,2025-12-06 08:00:00,19399.123635827647,18612.47467048717,13433.299915667461
forecast_8145,2025-12-06 09:00:00,17353.71402622342,17518.443303538173,12204.493247326807
forecast_8146,2025-12-06 10:00:00,15659.559338854788,15254.370703958557,11736.058955658462
forecast_8147,2025-12-06 11:00:00,15302.313194524306,15883.318743040056,12010.4030569497
forecast_8148,2025-12-06 12:00:00,16275.12893752492,16193.586540415485,13253.334639253897
forecast_8149,2025-12-06 13:00:00,15806.7516596288,15917.333417846588,13771.860451385592
forecast_8150,2025-12-06 14:00:00,16842.528902471262,16177.050228729391,14001.899831238623
forecast_8151,2025-12-06 15:00:00,19197.19239282412,17971.355191014314,16303.764816956817
forecast_8152,2025-12-06 16:00:00,19279.991044661172,19115.820218272496,16392.683395659627
forecast_8153,2025-12-06 17:00:00,18946.21040825631,18691.597108128088,16264.384806572709
forecast_8154,2025-12-06 18:00:00,18728.027110915602,17916.56257115908,15629.927809691992
forecast_8155,2025-12-06 19:00:00,18974.001755126657,17867.17704482518,15652.789544080775
forecast_8156,2025-12-06 20:00:00,19059.337434349975,18349.26712634072,16298.853812294034
forecast_8157,2025-12-06 21:00:00,19998.87860861066,18774.42708175533,16611.12678343942
forecast_8158,2025-12-06 22:00:00,20583.065672827714,19384.273809545848,17469.371167472193
forecast_8159,2025-12-06 23:00:00,20627.263833952253,19503.140817138938,17487.98122893533
forecast_8160,2025-12-07 00:00:00,20681.919710028047,19432.704950906926,17917.653045080213
forecast_8161,2025-12-07 01:00:00,20094.781818320418,19179.038903600183,17305.723169874007
forecast_8162,2025-12-07 02:00:00,20032.482263521848,19254.34923140093,16749.822624721193
forecast_8163,2025-12-07 03:00:00,20023.46758517499,19129.052555035207,16072.616114430439
forecast_8164,2025-12-07 04:00:00,19903.426178511167,18984.956952642304,16254.162450089772
forecast_8165,2025-12-07 05:00:00,19882.65246659803,18764.45470208755,15977.665173087054
forecast_8166,2025-12-07 06:00:00,20188.314451132712,19157.485776700796,16533.186392229058
forecast_8167,2025-12-07 07:00:00,20464.10580004941,19191.246098805805,16136.559024222293
forecast_8168,2025-12-07 08:00:00,20103.196733530956,19259.037511892227,15482.74046246885
forecast_8169,2025-12-07 09:00:00,19415.622161153868,18972.999599175964,15909.91326040315
forecast_8170,2025-12-07 10:00:00,18812.656799509838,18021.178109838318,15930.932029462665
forecast_8171,2025-12-07 11:00:00,19124.50940857292,17712.08009167488,16095.460915243275
forecast_8172,2025-12-07 12:00:00,18381.07090959134,16831.31359666312,15303.576876098825
forecast_8173,2025-12-07 13:00:00,18450.952208780647,17070.47909701979,15042.974627636555
forecast_8174,2025-12-07 14:00:00,19162.942988954754,17466.245576662175,15478.299671651808
forecast_8175,2025-12-07 15:00:00,19372.75222004328,18081.03051402336,16115.230190173967
forecast_8176,2025-12-07 16:00:00,19374.476609525656,18869.082966713795,17326.600082880082
forecast_8177,2025-12-07 17:00:00,18799.266119011,18504.359013662033,17495.97649497783
forecast_8178,2025-12-07 18:00:00,18932.301907668025,18766.196140455784,17694.088253945356
forecast_8179,2025-12-07 19:00:00,19025.835242978264,19291.21352857606,17621.48078368822
forecast_8180,2025-12-07 20:00:00,19393.760437670844,19409.893337599584,17532.67465256504
forecast_8181,2025-12-07 21:00:00,19702.248712403747,19435.462716223232,17433.60630890278
forecast_8182,2025-12-07 22:00:00,19388.379520110662,19398.6240612359,15734.70579853681
forecast_8183,2025-12-07 23:00:00,19793.451431621907,19332.045290993778,15194.939956555352
forecast_8184,2025-12-08 00:00:00,19043.70645824018,18786.141198799687,13830.104889790304
forecast_8185,2025-12-08 01:00:00,18991.231095206174,18651.154184692343,15252.788627396969
forecast_8186,2025-12-08 02:00:00,18327.077585989184,18134.807544378928,14568.02760889496
forecast_8187,2025-12-08 03:00:00,17229.391879346513,16923.577441249083,12779.053333233922
forecast_8188,2025-12-08 04:00:00,17689.054192249132,16261.769029458212,11647.690443745494
forecast_8189,2025-12-08 05:00:00,15785.389702346103,15264.416190956073,11117.64438558088
forecast_8190,2025-12-08 06:00:00,14680.817279661544,13561.75600992054,9815.944129334428
forecast_8191,2025-12-08 07:00:00,14037.861092331914,13619.488562662673,9725.62133609295
forecast_8192,2025-12-08 08:00:00,12680.820875261174,13081.18881571184,9263.816708854689
forecast_8193,2025-12-08 09:00:00,11635.390228509501,11243.110553009137,7794.881597010343
forecast_8194,2025-12-08 10:00:00,9948.055963298231,10769.334785154037,6690.664278566584
forecast_8195,2025-12-08 11:00:00,6973.808357602141,6478.2996386803125,4514.5262246275015
forecast_8196,2025-12-08 12:00:00,6220.920353384401,4638.677001707667,3462.925458410446
forecast_8197,2025-12-08 13:00:00,5275.531889992977,4284.855651253096,3113.0851908901773
forecast_8198,2025-12-08 14:00:00,4947.3905633958475,3883.0285183000933,3051.5155894189525
forecast_8199,2025-12-08 15:00:00,5149.410828786237,4351.260845180925,3870.577896787677
forecast_8200,2025-12-08 16:00:00,6040.3396415472025,5234.876966519051,4636.355196753783
forecast_8201,2025-12-08 17:00:00,8540.937451718075,8346.779242338973,6046.9669955962
forecast_8202,2025-12-08 18:00:00,12959.722031260013,11544.416446625493,9568.330754408702
forecast_8203,2025-12-08 19:00:00,14616.65104295181,14857.140008724762,10919.165087903892
forecast_8204,2025-12-08 20:00:00,16127.236389935193,15340.646016537567,11614.784749192146
forecast_8205,2025-12-08 21:00:00,16301.216694812409,15548.297290244736,12060.653243652314
forecast_8206,2025-12-08 22:00:00,16377.848495130589,15740.760303275923,12153.657752138079
forecast_8207,2025-12-08 23:00:00,16399.364805309815,15324.563204303384,11465.088949167317
forecast_8208,2025-12-09 00:00:00,16154.797381819897,15579.28244638763,11374.280764447432
forecast_8209,2025-12-09 01:00:00,15025.987541632654,14127.933118691511,10579.49211821477
forecast_8210,2025-12-09 02:00:00,17268.591436202874,16260.945509689584,12316.348837450232
forecast_8211,2025-12-09 03:00:00,17306.225454220283,17136.663933901367,11379.799111470913
forecast_8212,2025-12-09 04:00:00,17333.461770644233,17677.71596763509,11681.453857710914
forecast_8213,2025-12-09 05:00:00,17481.66074173087,17641.500339636514,12470.765002302616
forecast_8214,2025-12-09 06:00:00,17742.10107747029,17112.422406160298,12044.279461625141
forecast_8215,2025-12-09 07:00:00,18271.609659456914,17946.60046377162,12985.592803555252
forecast_8216,2025-12-09 08:00:00,18833.915201254058,18575.699564067007,14156.151589431907
forecast_8217,2025-12-09 09:00:00,17643.405220205892,17606.301308739745,12836.76242533508
forecast_8218,2025-12-09 10:00:00,15351.885123652566,16190.032322675488,12254.878474431078
forecast_8219,2025-12-09 11:00:00,14963.514704108675,16069.249907609035,13035.804017343216
forecast_8220,2025-12-09 12:00:00,13773.39053139261,14637.80585070315,11424.869373401501
forecast_8221,2025-12-09 13:00:00,13882.145410192068,13281.05409935872,11318.818965197705
forecast_8222,2025-12-09 14:00:00,13872.716604323841,12900.518840809065,11475.381703757568
forecast_8223,2025-12-09 15:00:00,13362.016157179432,12798.986017808053,11358.802147967781
forecast_8224,2025-12-09 16:00:00,12817.180985166613,12634.143301881028,10296.541218195345
forecast_8225,2025-12-09 17:00:00,13684.054177357866,12822.000633604606,10756.055689183888
forecast_8226,2025-12-09 18:00:00,13577.486269531117,13506.7129687618,11229.855456644667
forecast_8227,2025-12-09 19:00:00,13902.980847849654,13812.345490820508,11108.597247667023
forecast_8228,2025-12-09 20:00:00,13944.226975133777,13471.528527789758,10305.88833368778
forecast_8229,2025-12-09 21:00:00,13010.03834409896,11854.895771768774,9553.846533924625
forecast_8230,2025-12-09 22:00:00,13645.20964918575,12683.459709848305,9608.165130160138
forecast_8231,2025-12-09 23:00:00,13202.421265780493,13114.425419654337,9025.950964147356
forecast_8232,2025-12-10 00:00:00,12107.939474716015,11598.607436951823,7299.519604888941
forecast_8233,2025-12-10 01:00:00,9775.021268932633,9321.773784621993,6609.21887182494
forecast_8234,2025-12-10 02:00:00,10988.390232053867,11163.26467024765,9025.916874940262
forecast_8235,2025-12-10 03:00:00,13810.120186785143,13725.138572222606,10619.781609841924
forecast_8236,2025-12-10 04:00:00,13257.343248675515,13696.529945273294,9956.999905268583
forecast_8237,2025-12-10 05:00:00,12690.612989302055,13191.7072266935,9935.842414319233
forecast_8238,2025-12-10 06:00:00,12627.542826512943,13439.483310796391,9406.239143257793
forecast_8239,2025-12-10 07:00:00,13401.901640189459,14006.444495989192,9994.644840006198
forecast_8240,2025-12-10 08:00:00,13381.194925590991,13966.036371228185,9603.925562348251
forecast_8241,2025-12-10 09:00:00,13789.728190955368,13262.666131667338,8986.064047858155
forecast_8242,2025-12-10 10:00:00,12079.09513000939,12124.808398748939,9082.053007775916
forecast_8243,2025-12-10 11:00:00,11248.86315025966,12144.828484923411,9634.23066670545
forecast_8244,2025-12-10 12:00:00,10705.025249460257,12531.218554501747,9626.111534975435
forecast_8245,2025-12-10 13:00:00,9933.572653351748,11072.67470204707,9156.241854318205
forecast_8246,2025-12-10 14:00:00,9507.949201735793,9695.37297517596,8370.035717122115
forecast_8247,2025-12-10 15:00:00,8218.663444282383,8032.779832784376,6686.21093347243
forecast_8248,2025-12-10 16:00:00,6728.284895593667,7216.349692218627,5510.379131215695
forecast_8249,2025-12-10 17:00:00,5939.937275999922,6167.1499675330215,4889.009191897283
forecast_8250,2025-12-10 18:00:00,6616.256922436943,6710.851425258857,4077.7128107037147
forecast_8251,2025-12-10 19:00:00,7315.60935616593,7300.8934999229605,4706.008826223286
forecast_8252,2025-12-10 20:00:00,6955.569601849113,8019.152207651858,5104.314706881728
forecast_8253,2025-12-10 21:00:00,9030.986513707423,11549.583692378086,6681.141407117212
forecast_8254,2025-12-10 22:00:00,12988.697301106415,14645.12864968935,9837.386322844153
forecast_8255,2025-12-10 23:00:00,14441.709686567523,15865.869177261704,12076.323762101882
forecast_8256,2025-12-11 00:00:00,12420.984362197669,14018.209755230204,10137.631466036572
forecast_8257,2025-12-11 01:00:00,17280.164173671583,17396.839081229078,14883.509979022723
forecast_8258,2025-12-11 02:00:00,17412.874548737014,17980.107634376243,13969.450658133805
forecast_8259,2025-12-11 03:00:00,18995.84975972192,19381.187705506854,16453.653280207654
forecast_8260,2025-12-11 04:00:00,20099.459761923248,19877.137108043833,17528.13526763528
forecast_8261,2025-12-11 05:00:00,20447.160273552316,19796.833050771285,18007.040905404687
forecast_8262,2025-12-11 06:00:00,19054.19697996474,19538.8462224872,17327.08907990159
forecast_8263,2025-12-11 07:00:00,18715.26191378207,19629.958579556114,17306.278394383873
forecast_8264,2025-12-11 08:00:00,18291.427371568425,18074.073010877524,14221.871563752786
forecast_8265,2025-12-11 09:00:00,16679.766687810774,17148.87605199697,14142.137046537766
forecast_8266,2025-12-11 10:00:00,18654.670764522267,18321.031642134923,15194.597437194603
forecast_8267,2025-12-11 11:00:00,17710.962408479354,16690.964711811845,14239.42319518677
forecast_8268,2025-12-11 12:00:00,16310.937083146688,15752.473368922514,13340.8773136114
forecast_8269,2025-12-11 13:00:00,13697.221296989,11986.070120393202,8954.245904170153
forecast_8270,2025-12-11 14:00:00,12038.66402220647,10947.798375910477,8596.767077090386
forecast_8271,2025-12-11 15:00:00,12871.952572300223,11682.578294405068,8430.014924103096
forecast_8272,2025-12-11 16:00:00,13953.510582423207,11729.656316858573,8465.5276610356
forecast_8273,2025-12-11 17:00:00,14160.087829917244,12676.104312765792,9608.72245416752
forecast_8274,2025-12-11 18:00:00,14267.384261451907,13300.707929413313,10483.69799624288
forecast_8275,2025-12-11 19:00:00,13475.067302249487,12453.026489217391,8392.614450029743
forecast_8276,2025-12-11 20:00:00,11691.561108456668,10759.525355861173,6296.764514342593
forecast_8277,2025-12-11 21:00:00,5472.432260459625,5800.586485188209,3186.0231738194475
forecast_8278,2025-12-11 22:00:00,3420.3911701291977,3587.6316630689726,2383.840358140006
forecast_8279,2025-12-11 23:00:00,3390.9414028056203,4340.780881752821,2218.407671341175
forecast_8280,2025-12-12 00:00:00,2654.5028499347936,2627.3721146317816,1704.8900778788275
forecast_8281,2025-12-12 01:00:00,667.6893316629279,712.2028748487405,707.2961955525119
forecast_8282,2025-12-12 02:00:00,737.5287606790301,790.0673889469703,644.2350591706816
forecast_8283,2025-12-12 03:00:00,748.4707992745242,934.1294204115251,673.6896662679384
forecast_8284,2025-12-12 04:00:00,638.667915582307,935.8710464191398,534.8417898597988
forecast_8285,2025-12-12 05:00:00,553.5106167829604,933.0649502489928,541.3970380761345
forecast_8286,2025-12-12 06:00:00,698.4976023484953,1022.6106147604535,607.6648884907968
forecast_8287,2025-12-12 07:00:00,892.9571553944819,1252.651476702098,667.3693170250964
forecast_8288,2025-12-12 08:00:00,776.9449765148407,1135.7438009860446,800.762726706189
forecast_8289,2025-12-12 09:00:00,1051.6359305772748,1270.4847012682449,660.7677502841353
forecast_8290,2025-12-12 10:00:00,978.3960011261295,978.3225202053317,532.2366453759854
forecast_8291,2025-12-12 11:00:00,853.7981909759815,878.8764961720557,562.0830878234514
forecast_8292,2025-12-12 12:00:00,456.44887178029495,454.5642648151331,305.0042029860579
forecast_8293,2025-12-12 13:00:00,286.49373896144056,316.25236989154354,144.14621996970635
forecast_8294,2025-12-12 14:00:00,217.42702807332,194.8549123269945,108.31766393851076
forecast_8295,2025-12-12 15:00:00,267.69341272915256,195.52880933365978,116.88734489303732
forecast_8296,2025-12-12 16:00:00,376.00659727657194,504.8422635752072,197.43182109630183
forecast_8297,2025-12-12 17:00:00,770.9837788381273,845.6346388149326,232.0937061492153
forecast_8298,2025-12-12 18:00:00,1008.3256087140225,805.8401207025817,279.9276940461559
forecast_8299,2025-12-12 19:00:00,1124.090501819803,748.8008819789671,359.09079320969255
forecast_8300,2025-12-12 20:00:00,1243.1252499235266,819.074143310411,428.8384559475527
forecast_8301,2025-12-12 21:00:00,1578.7480561013579,1354.273522020555,694.1047213789456
forecast_8302,2025-12-12 22:00:00,2034.0244027239785,1659.9855733263348,721.1526933235779
forecast_8303,2025-12-12 23:00:00,2253.116114537383,1806.3713439793453,924.4375247023218
forecast_8304,2025-12-13 00:00:00,2729.9196327501386,2349.7002987619303,1002.582836514418
forecast_8305,2025-12-13 01:00:00,2104.002391192614,2014.021143163216,1094.8179395512348
forecast_8306,2025-12-13 02:00:00,2924.160381721805,2959.397544720357,1308.5615595797517
forecast_8307,2025-12-13 03:00:00,2591.631952350887,1916.5818494272391,1246.0958221609162
forecast_8308,2025-12-13 04:00:00,3901.6370264142975,4665.330325714463,2361.7440257108824
forecast_8309,2025-12-13 05:00:00,3761.0146151939593,3976.606185748066,2345.3442209691434
forecast_8310,2025-12-13 06:00:00,4607.0366459928955,4487.881044249581,2853.6154114005503
forecast_8311,2025-12-13 07:00:00,4817.7654836027805,5038.291156520062,2853.713100892162
forecast_8312,2025-12-13 08:00:00,6250.048252759822,6104.569604254226,3495.5500483016967
forecast_8313,2025-12-13 09:00:00,3719.237041069286,3676.4451561824817,2134.730305178748
forecast_8314,2025-12-13 10:00:00,1931.6608892614427,2147.6334821758533,1441.814542939076
forecast_8315,2025-12-13 11:00:00,2284.1384237961324,1673.724119129178,1515.09044621715
forecast_8316,2025-12-13 12:00:00,1857.321086512559,1585.7192497493722,1279.3587317472304
forecast_8317,2025-12-13 13:00:00,1251.656553464164,949.3536966601639,702.9861510753736
forecast_8318,2025-12-13 14:00:00,1129.4387174213632,1175.0765369541118,817.0924661334857
forecast_8319,2025-12-13 15:00:00,950.6512678264553,912.0044214647648,657.3419513094145
forecast_8320,2025-12-13 16:00:00,1638.8052539578948,1163.7799026367557,585.2513964715495
forecast_8321,2025-12-13 17:00:00,1934.1458553733314,1606.7314706888938,692.9656918143796
forecast_8322,2025-12-13 18:00:00,3106.748894387926,2536.4539347762616,850.4974886941441
forecast_8323,2025-12-13 19:00:00,3242.8197013220565,2615.7790368048386,813.5312585298847
forecast_8324,2025-12-13 20:00:00,3660.614664491835,3998.7661975279207,1329.8312599697017
forecast_8325,2025-12-13 21:00:00,4208.008206660811,4245.762954433322,2970.2267739541194
forecast_8326,2025-12-13 22:00:00,6626.518081441325,7184.768030290182,4328.559924095278
forecast_8327,2025-12-13 23:00:00,7488.993055136234,7549.488283459649,5460.685930985886
forecast_8328,2025-12-14 00:00:00,10211.215659616433,9622.295515637825,7318.575239210353
forecast_8329,2025-12-14 01:00:00,14162.917543802123,13003.338958061388,11536.845974493519
forecast_8330,2025-12-14 02:00:00,14598.083637364774,14052.30358234528,11663.925652609254
forecast_8331,2025-12-14 03:00:00,14967.82973115338,14065.021138634525,10499.829024073126
forecast_8332,2025-12-14 04:00:00,14171.313476137888,14054.63005900202,11218.699315410835
forecast_8333,2025-12-14 05:00:00,15905.269629332297,14980.809935268227,12771.833107904191
forecast_8334,2025-12-14 06:00:00,16546.242915073635,15407.969713346862,11531.486355858515
forecast_8335,2025-12-14 07:00:00,16677.025841944378,15697.79970113738,11930.89871878372
forecast_8336,2025-12-14 08:00:00,16784.827446488107,15413.748185379598,12986.198689389397
forecast_8337,2025-12-14 09:00:00,15849.742829860832,14941.879167651792,12373.449563054332
forecast_8338,2025-12-14 10:00:00,14260.119921841038,14431.652890101323,11865.806198756098
forecast_8339,2025-12-14 11:00:00,13893.382055035687,13651.104242766813,11807.856725512704
forecast_8340,2025-12-14 12:00:00,13538.494207170514,13567.34613666805,11774.552023324833
forecast_8341,2025-12-14 13:00:00,12612.398178631167,12365.70108687822,10981.826856604046
forecast_8342,2025-12-14 14:00:00,11007.95946916394,10322.749445691758,8687.005714646466
forecast_8343,2025-12-14 15:00:00,10741.242483402766,9999.656284763094,8373.868231341536
forecast_8344,2025-12-14 16:00:00,12106.85618984451,10783.741791029743,9457.3580698305
forecast_8345,2025-12-14 17:00:00,13571.668249577628,12630.074927544734,10195.88067182779
forecast_8346,2025-12-14 18:00:00,15039.485538510165,13954.06010975689,12200.805980001665
forecast_8347,2025-12-14 19:00:00,15718.990552186346,14825.237020410972,13573.817814776852
forecast_8348,2025-12-14 20:00:00,15823.450102697896,15274.23146804476,13047.21579581584
forecast_8349,2025-12-14 21:00:00,15563.065501840765,15287.440722598993,12936.141321688778
forecast_8350,2025-12-14 22:00:00,14862.802266648161,15421.772111655251,12674.095490588767
forecast_8351,2025-12-14 23:00:00,14888.899802977085,15189.042754912207,12409.264630162004
forecast_8352,2025-12-15 00:00:00,16003.070338845702,16041.536288475201,13206.672747335533
forecast_8353,2025-12-15 01:00:00,16676.069810690296,16504.690865712862,14094.43837048875
forecast_8354,2025-12-15 02:00:00,17185.95697389666,17788.35514688372,14351.384971850339
forecast_8355,2025-12-15 03:00:00,17186.34457789584,18045.97584124032,14402.141006874339
forecast_8356,2025-12-15 04:00:00,17855.99139053928,17543.566347943633,14721.934821116642
forecast_8357,2025-12-15 05:00:00,18270.58034315509,18096.829065804497,14321.943238254757
forecast_8358,2025-12-15 06:00:00,17485.04315074521,17396.35203088417,13959.692916475655
forecast_8359,2025-12-15 07:00:00,17951.436027934902,17798.690375776565,13763.6775788204
forecast_8360,2025-12-15 08:00:00,16468.597911458273,16848.02348135785,12055.949742374933
forecast_8361,2025-12-15 09:00:00,16933.60868668578,16833.92128421895,11421.03019756078
forecast_8362,2025-12-15 10:00:00,14968.374350279093,14412.069662582897,11152.09959034234
forecast_8363,2025-12-15 11:00:00,14311.679951208722,14032.712523161896,10415.044542119102
forecast_8364,2025-12-15 12:00:00,11849.543816597208,12485.529779484285,8682.356104152588
forecast_8365,2025-12-15 13:00:00,9490.687029065797,11216.25539495884,7837.647577025016
forecast_8366,2025-12-15 14:00:00,11464.276330063625,12136.082248015578,9027.783363771394
forecast_8367,2025-12-15 15:00:00,13221.942672247204,13934.482060309767,10626.489573145001
forecast_8368,2025-12-15 16:00:00,16494.150740089808,15330.71882388105,11346.700800195329
forecast_8369,2025-12-15 17:00:00,17224.432899835734,16244.095302013371,12508.09810333607
forecast_8370,2025-12-15 18:00:00,18692.452392597177,18610.55141987863,14056.231795088835
forecast_8371,2025-12-15 19:00:00,19483.488310147168,19071.807559168796,14933.62842451467
forecast_8372,2025-12-15 20:00:00,19975.4784949605,19115.52109749491,15076.313669427507
forecast_8373,2025-12-15 21:00:00,19687.569659912053,18421.325742298486,14569.786533237611
forecast_8374,2025-12-15 22:00:00,19392.57020280873,17978.61677505007,13766.302782138613
forecast_8375,2025-12-15 23:00:00,17235.750739583083,16202.264277965465,11775.772386791697
forecast_8376,2025-12-16 00:00:00,14488.436233249791,13907.774665336507,10255.343485241088
forecast_8377,2025-12-16 01:00:00,16434.938176360254,16126.420408019614,12288.32340742787
forecast_8378,2025-12-16 02:00:00,14840.418770436327,14845.427940266913,11161.07342750608
forecast_8379,2025-12-16 03:00:00,13211.388138023854,13583.607219490443,10022.769015406162
forecast_8380,2025-12-16 04:00:00,11826.773890430211,11416.85696848817,9123.730989172796
forecast_8381,2025-12-16 05:00:00,11660.659296574824,11550.784080288558,8637.508900667888
forecast_8382,2025-12-16 06:00:00,11114.664961621838,11327.585330705777,8400.563314246338
forecast_8383,2025-12-16 07:00:00,11389.840676485763,11481.783564477546,8086.105372472548
forecast_8384,2025-12-16 08:00:00,11094.664350136425,11309.27702333437,7470.2387569828115
forecast_8385,2025-12-16 09:00:00,10620.463102026955,11172.074721151432,7961.298978689439
forecast_8386,2025-12-16 10:00:00,10833.15899768487,10159.426727811388,7744.804053711138
forecast_8387,2025-12-16 11:00:00,11405.514445809862,11764.01158570914,8094.93385374005
forecast_8388,2025-12-16 12:00:00,11473.498542915062,11411.850338204422,9183.55316387982
forecast_8389,2025-12-16 13:00:00,11459.987600099012,11894.677063408153,9476.553816552285
forecast_8390,2025-12-16 14:00:00,11799.017160239724,11594.366790723649,9369.590118332477
forecast_8391,2025-12-16 15:00:00,10835.222100938521,10787.59891672752,7411.456727536516
forecast_8392,2025-12-16 16:00:00,11244.822978553957,11085.55355401846,7300.774859084875
forecast_8393,2025-12-16 17:00:00,9574.235429616108,9987.163024884016,7103.666402823395
forecast_8394,2025-12-16 18:00:00,9096.782612884503,11064.132590504392,8396.179211149469
forecast_8395,2025-12-16 19:00:00,9135.560995412006,9899.46373957861,8545.147066360316
forecast_8396,2025-12-16 20:00:00,8701.45798272722,9434.695038527334,8023.086735099203
forecast_8397,2025-12-16 21:00:00,8679.69853351366,9989.42892872046,7635.812430243159
forecast_8398,2025-12-16 22:00:00,7428.718995654123,8557.374546259833,6561.184505953988
forecast_8399,2025-12-16 23:00:00,7158.67008771051,7800.261571347462,5896.429092702212
forecast_8400,2025-12-17 00:00:00,8068.852823318389,9163.56549135511,6336.6927129777605
forecast_8401,2025-12-17 01:00:00,9165.760120603274,9918.635852423924,8528.41563927278
forecast_8402,2025-12-17 02:00:00,9314.58693081469,10563.489967118108,8118.482656211824
forecast_8403,2025-12-17 03:00:00,9088.115437054063,9393.97975928993,7230.130996701163
forecast_8404,2025-12-17 04:00:00,7677.633563513408,8309.085548727355,5985.328369404058
forecast_8405,2025-12-17 05:00:00,8062.479232233235,7774.599783924102,5861.344970021382
forecast_8406,2025-12-17 06:00:00,8280.726451766683,8365.174799703325,6288.309725773507
forecast_8407,2025-12-17 07:00:00,7911.5003316173825,8559.727979180157,6260.678096395158
forecast_8408,2025-12-17 08:00:00,7644.042204625573,6724.500174948551,4508.3937531013025
forecast_8409,2025-12-17 09:00:00,6968.0813963904275,6370.5138637973505,3624.88128592298
forecast_8410,2025-12-17 10:00:00,6408.639014666489,5802.13948145915,3389.085425056387
forecast_8411,2025-12-17 11:00:00,5833.588954626757,5566.85297265628,3555.2102014235634
forecast_8412,2025-12-17 12:00:00,5516.788018321149,4363.150502949445,3063.8902946154267
forecast_8413,2025-12-17 13:00:00,4952.211920020342,3469.9407246054298,3058.848120377378
forecast_8414,2025-12-17 14:00:00,4603.487075496299,3816.063552056169,3020.9134784547055
forecast_8415,2025-12-17 15:00:00,3686.0160193309257,2781.3358929201577,2267.870760261534
forecast_8416,2025-12-17 16:00:00,3051.9249272815177,2461.29669321416,1576.6061234210247
forecast_8417,2025-12-17 17:00:00,3972.188968465999,3386.3377004492268,2237.910329220785
forecast_8418,2025-12-17 18:00:00,5310.197900862249,4387.9126193391185,2855.4992569172587
forecast_8419,2025-12-17 19:00:00,5137.439963515982,4309.582483190663,3070.1462081362424
forecast_8420,2025-12-17 20:00:00,5834.637855463208,4850.459895915815,3254.043306931699
forecast_8421,2025-12-17 21:00:00,6003.698721495569,5070.1101447124065,3751.427757752602
forecast_8422,2025-12-17 22:00:00,7312.666527433561,6315.223724684361,4773.781450704904
forecast_8423,2025-12-17 23:00:00,7741.891771090583,7095.769819239604,5114.218917541153
forecast_8424,2025-12-18 00:00:00,8377.380054223666,7608.258313544121,5581.798688006841
forecast_8425,2025-12-18 01:00:00,12046.94909418418,11973.407132384422,9323.559106602532
forecast_8426,2025-12-18 02:00:00,14094.956034036863,13818.532636083024,9874.011787553107
forecast_8427,2025-12-18 03:00:00,14624.889932849374,14229.164542500026,9669.32866664428
forecast_8428,2025-12-18 04:00:00,14409.907674582384,13980.646151044468,10468.006286109085
forecast_8429,2025-12-18 05:00:00,14683.364206407725,13139.164228994652,10577.533565097003
forecast_8430,2025-12-18 06:00:00,14304.731551534933,13031.487403994759,10375.691251837636
forecast_8431,2025-12-18 07:00:00,12600.163683784578,12237.366909534127,9711.894688350392
forecast_8432,2025-12-18 08:00:00,12007.977898516747,10840.320726649325,8689.285236535368
forecast_8433,2025-12-18 09:00:00,9560.370035787997,8526.289537962617,5756.834715665073
forecast_8434,2025-12-18 10:00:00,7195.753396206214,6344.48790712656,4356.595516373417
forecast_8435,2025-12-18 11:00:00,6075.5154309832815,5612.907717435759,4004.6296102673537
forecast_8436,2025-12-18 12:00:00,4813.24475321303,4506.073109922513,3208.5650323152104
forecast_8437,2025-12-18 13:00:00,4094.1039717930653,4000.2592089395116,2433.018817675058
forecast_8438,2025-12-18 14:00:00,3943.5097971546493,4073.1734079190023,2623.181834012451
forecast_8439,2025-12-18 15:00:00,3879.1386093064734,3872.1859573891115,2811.264938699555
forecast_8440,2025-12-18 16:00:00,4441.792046438701,4079.342869399076,2780.7629924253197
forecast_8441,2025-12-18 17:00:00,5224.465389622829,4715.356139088474,3332.90561384653
forecast_8442,2025-12-18 18:00:00,6203.35497077515,5900.076484813316,3404.106568883331
forecast_8443,2025-12-18 19:00:00,6035.868032296134,5754.896502191823,3493.8596170128912
forecast_8444,2025-12-18 20:00:00,5059.055364559334,5718.4472292538185,3330.389848720694
forecast_8445,2025-12-18 21:00:00,6269.43626555222,6996.427189117089,4246.742678934951
forecast_8446,2025-12-18 22:00:00,8979.764131169131,9067.512125661508,5626.184774022518
forecast_8447,2025-12-18 23:00:00,11343.860161147591,10874.871085622048,6660.724362825418
forecast_8448,2025-12-19 00:00:00,12639.380438047056,12958.093086725075,8625.197878346919
forecast_8449,2025-12-19 01:00:00,15485.5619328488,16524.544890516398,12602.405086697609
forecast_8450,2025-12-19 02:00:00,16364.207685011143,16328.253187004184,12214.263916004307
forecast_8451,2025-12-19 03:00:00,15638.922087787749,15832.777880019023,12067.02780445857
forecast_8452,2025-12-19 04:00:00,15204.58473679549,15649.83124971317,11646.046613502022
forecast_8453,2025-12-19 05:00:00,13474.597150922555,14269.822020948024,10133.749621959754
forecast_8454,2025-12-19 06:00:00,15927.906281308165,16311.4027646791,13007.468928656192
forecast_8455,2025-12-19 07:00:00,17295.488223325905,17223.304214116128,13808.4933473289
forecast_8456,2025-12-19 08:00:00,16212.986594765656,17158.20805738321,13372.098195689101
forecast_8457,2025-12-19 09:00:00,17312.86925679155,16903.127051773063,13025.691727992897
forecast_8458,2025-12-19 10:00:00,17649.760660422995,16851.579965561243,14228.93619044641
forecast_8459,2025-12-19 11:00:00,17438.985962192437,16868.268741530042,14460.608588826126
forecast_8460,2025-12-19 12:00:00,17627.399961684903,17262.48043649734,15131.876455376461
forecast_8461,2025-12-19 13:00:00,17830.43774211595,17095.0668071763,15225.954529236367
forecast_8462,2025-12-19 14:00:00,17578.229599056405,16808.092947767538,15579.679884276698
forecast_8463,2025-12-19 15:00:00,18562.437402606174,17475.000837277068,15708.883943013225
forecast_8464,2025-12-19 16:00:00,18889.691635494826,17430.48675309441,15592.716702016565
forecast_8465,2025-12-19 17:00:00,17506.910197927777,17443.82007970569,15445.68447476707
forecast_8466,2025-12-19 18:00:00,17108.464215616565,17817.76691697953,16204.629173164478
forecast_8467,2025-12-19 19:00:00,17198.791029502354,17818.98765796164,16018.370117553737
forecast_8468,2025-12-19 20:00:00,17553.552594891593,17644.209961060307,15604.5793118798
forecast_8469,2025-12-19 21:00:00,17384.256357887953,17791.758180650744,15127.61904456641
forecast_8470,2025-12-19 22:00:00,17519.196094960105,17937.612974396718,15305.137280383473
forecast_8471,2025-12-19 23:00:00,17420.476292090625,17528.848104839017,15083.63716010087
forecast_8472,2025-12-20 00:00:00,15542.041633596393,17105.447222569404,14071.26552479703
forecast_8473,2025-12-20 01:00:00,14803.878053921873,15726.603240882776,12349.396763839612
forecast_8474,2025-12-20 02:00:00,12353.849819578081,14034.262702575154,10183.308476899489
forecast_8475,2025-12-20 03:00:00,12317.973549219216,14215.497831062805,9967.284261451705
forecast_8476,2025-12-20 04:00:00,12413.57551878722,14392.303077352079,10145.112721873655
forecast_8477,2025-12-20 05:00:00,11738.163158871163,13537.60461824419,9538.20243108395
forecast_8478,2025-12-20 06:00:00,11784.838829247867,13899.64141438427,10257.936195528076
forecast_8479,2025-12-20 07:00:00,12443.28102363044,14067.826506971462,10749.756931254187
forecast_8480,2025-12-20 08:00:00,12448.001207887028,14355.176211978342,12100.3839977994
forecast_8481,2025-12-20 09:00:00,13114.99876871495,14267.060536945339,11700.008262672307
forecast_8482,2025-12-20 10:00:00,12844.968818009,14117.41064292315,11831.948752965596
forecast_8483,2025-12-20 11:00:00,12524.387762097605,13323.318719756488,11766.161304950427
forecast_8484,2025-12-20 12:00:00,12698.737109431579,14277.902439755075,12606.780293597385
forecast_8485,2025-12-20 13:00:00,13658.252177745953,15141.742479873208,13320.817270314814
forecast_8486,2025-12-20 14:00:00,12690.434265125212,14409.892163308052,12803.883058381045
forecast_8487,2025-12-20 15:00:00,12159.710531580122,12428.664060472564,11679.28887284494
forecast_8488,2025-12-20 16:00:00,10625.510280528599,11111.860823358278,9140.371795049745
forecast_8489,2025-12-20 17:00:00,11151.13178252511,11474.741454923695,9805.042139334657
forecast_8490,2025-12-20 18:00:00,11106.506907912544,11755.481267714797,10189.00041656506
forecast_8491,2025-12-20 19:00:00,11933.192104772557,11548.058460287752,9387.080016486003
forecast_8492,2025-12-20 20:00:00,10754.045273620839,11685.848798997566,8846.546097464601
forecast_8493,2025-12-20 21:00:00,9490.154514516667,10107.590766030902,7779.985978027244
forecast_8494,2025-12-20 22:00:00,10847.862958621865,10758.661734505726,8560.310083096498
forecast_8495,2025-12-20 23:00:00,13632.284995391694,12193.86226723964,10765.15467041187
forecast_8496,2025-12-21 00:00:00,14815.590944335663,15143.684378469334,10110.456101551354
forecast_8497,2025-12-21 01:00:00,19585.355817123876,17986.85691384395,13540.740699988191
forecast_8498,2025-12-21 02:00:00,19588.58949943505,18898.06721281147,12884.89167956303
forecast_8499,2025-12-21 03:00:00,19321.362500712607,18879.65800014669,13084.710026362936
forecast_8500,2025-12-21 04:00:00,17985.785497925634,18131.64323045253,13093.429583634535
forecast_8501,2025-12-21 05:00:00,18131.99134645878,17454.424287117716,12135.90003466746
forecast_8502,2025-12-21 06:00:00,17852.78264350862,17024.05744022695,11370.094353517961
forecast_8503,2025-12-21 07:00:00,17751.13692678558,17321.501606434445,11534.067641429578
forecast_8504,2025-12-21 08:00:00,17311.12436190878,17321.860257212677,11715.302348213787
forecast_8505,2025-12-21 09:00:00,15158.156979747162,15852.458199632529,10561.26005625471
forecast_8506,2025-12-21 10:00:00,14239.57465929115,13861.912035760106,9415.542926407314
forecast_8507,2025-12-21 11:00:00,13291.48972278582,12968.358341483165,8283.455815664194
forecast_8508,2025-12-21 12:00:00,12756.253270927882,12029.954566558352,7654.947740397554
forecast_8509,2025-12-21 13:00:00,11049.07959338518,11455.011517965115,6937.674934979365
forecast_8510,2025-12-21 14:00:00,8696.458298254232,8863.115909144128,5325.70229536437
forecast_8511,2025-12-21 15:00:00,7489.749264650396,6575.601948555136,4057.746710763546
forecast_8512,2025-12-21 16:00:00,6230.461649494745,5749.750611969251,3417.847305251478
forecast_8513,2025-12-21 17:00:00,5409.9563611410595,4275.019335543316,2689.9978996765726
forecast_8514,2025-12-21 18:00:00,5559.35871799338,3808.8786162090305,2617.3785438757272
forecast_8515,2025-12-21 19:00:00,4791.737834120179,3440.02581490098,2301.5889853117906
forecast_8516,2025-12-21 20:00:00,4511.150729328217,2904.4861690876214,2236.70367306183
forecast_8517,2025-12-21 21:00:00,3448.7063745105743,2110.4940124850696,1597.6772696946205
forecast_8518,2025-12-21 22:00:00,2413.2388239879333,1820.5479568760618,1506.2352232029345
forecast_8519,2025-12-21 23:00:00,1883.2466373128025,1536.710512553579,1592.4708591139665
forecast_8520,2025-12-22 00:00:00,1454.3261617177725,1046.506559099945,921.741586033349
forecast_8521,2025-12-22 01:00:00,1647.5460366550392,1185.35975333467,1342.9486649076273
forecast_8522,2025-12-22 02:00:00,1485.724320101662,1251.0084475093377,870.1333843513098
forecast_8523,2025-12-22 03:00:00,1111.5981227089587,861.8029483245256,479.6223206082432
forecast_8524,2025-12-22 04:00:00,946.2130295725734,741.6300383227097,239.97547928455893
forecast_8525,2025-12-22 05:00:00,860.7496591255453,681.6462230348714,139.57411928328418
forecast_8526,2025-12-22 06:00:00,968.2854135586215,817.4472896293676,174.43935479196352
forecast_8527,2025-12-22 07:00:00,962.9602776263998,733.3815898418643,144.01457975542925
forecast_8528,2025-12-22 08:00:00,924.0248894810626,718.1608191841855,149.87450675304538
forecast_8529,2025-12-22 09:00:00,720.5254850566145,620.2472784650317,150.8673533079998
forecast_8530,2025-12-22 10:00:00,307.0824698500111,332.5324536082101,195.0076521919395
forecast_8531,2025-12-22 11:00:00,319.76361894179576,304.1151665801972,227.0475630580102
forecast_8532,2025-12-22 12:00:00,341.2897737263674,376.036890188512,255.5843939573544
forecast_8533,2025-12-22 13:00:00,276.30628489480597,226.19924504959624,168.92408547986727
forecast_8534,2025-12-22 14:00:00,215.56076575064063,189.9242521776972,116.3165593029165
forecast_8535,2025-12-22 15:00:00,225.93238327990588,220.73173852291143,130.06335500466037
forecast_8536,2025-12-22 16:00:00,311.5810726592661,361.2794633800294,203.70995572644537
forecast_8537,2025-12-22 17:00:00,692.1226775750149,596.8549760167377,296.5453117387426
forecast_8538,2025-12-22 18:00:00,883.1526088006226,699.2366816322204,388.40339691481176
forecast_8539,2025-12-22 19:00:00,990.4168260984948,815.6251240098852,405.7749714884761
forecast_8540,2025-12-22 20:00:00,1227.1304057552916,1099.9497333397976,465.27484322215986
forecast_8541,2025-12-22 21:00:00,1377.8578528011287,1297.084546759439,576.4578534611675
forecast_8542,2025-12-22 22:00:00,2161.114723223557,1945.4628237703769,1037.6394441502218
forecast_8543,2025-12-22 23:00:00,1886.7931730029652,1809.3896942083538,852.662983357074
forecast_8544,2025-12-23 00:00:00,2223.2838063054755,2203.8885890855463,887.7880423698024
forecast_8545,2025-12-23 01:00:00,3582.744657815841,3642.4548753479908,1379.977254812605
forecast_8546,2025-12-23 02:00:00,4285.417749066216,5105.468025513996,1851.9848224261448
forecast_8547,2025-12-23 03:00:00,4535.4160730085205,4505.349055205737,2188.8036238288905
forecast_8548,2025-12-23 04:00:00,3520.5251348260113,3219.199036903734,1665.1245756442038
forecast_8549,2025-12-23 05:00:00,4255.744777353874,4400.791813912832,2038.5491294927267
forecast_8550,2025-12-23 06:00:00,3732.687848167099,4421.390256410014,1975.818305445421
forecast_8551,2025-12-23 07:00:00,3604.6206388560727,3700.987695588617,1944.340945357092
forecast_8552,2025-12-23 08:00:00,3144.5216781759996,3322.0130547123626,1543.9603236432283
forecast_8553,2025-12-23 09:00:00,3392.266109735029,3837.9946784282465,1819.6364560332402
forecast_8554,2025-12-23 10:00:00,4738.9299522036445,4904.336845547132,3167.0776068441937
forecast_8555,2025-12-23 11:00:00,6083.840741687551,6355.826154737265,3891.7470255693643
forecast_8556,2025-12-23 12:00:00,6648.450516845647,7432.821992323869,4295.776021692675
forecast_8557,2025-12-23 13:00:00,6540.237713892331,7576.57565227026,4460.127238114757
forecast_8558,2025-12-23 14:00:00,5813.187836753909,7136.3741040938685,3746.029817293528
forecast_8559,2025-12-23 15:00:00,5830.38958403005,6733.004101326378,3604.7993034774254
forecast_8560,2025-12-23 16:00:00,4933.164242787152,5247.097400985804,3497.4013239356227
forecast_8561,2025-12-23 17:00:00,4930.0655654938,5436.91132727224,3411.689538414583
forecast_8562,2025-12-23 18:00:00,6614.601370874185,7050.415577109789,4229.245028456258
forecast_8563,2025-12-23 19:00:00,8716.121127081125,10032.733067644822,5516.801685251256
forecast_8564,2025-12-23 20:00:00,9083.50269654691,10661.590744714118,6335.450077372188
forecast_8565,2025-12-23 21:00:00,8488.587541461544,10058.901804975641,5473.665671469986
forecast_8566,2025-12-23 22:00:00,8983.309409151403,10914.75488373162,5968.840743745746
forecast_8567,2025-12-23 23:00:00,9399.192019040185,10994.554502399618,6200.1704920139055
forecast_8568,2025-12-24 00:00:00,8900.610599831198,10220.217164980333,6162.96430927961
forecast_8569,2025-12-24 01:00:00,6665.9784272528395,7485.828991382012,4897.45934657903
forecast_8570,2025-12-24 02:00:00,6648.5065256085045,7149.531247382023,4772.5424004183305
forecast_8571,2025-12-24 03:00:00,5871.137052750699,5126.513293314774,2516.698626722311
forecast_8572,2025-12-24 04:00:00,4908.641240981622,4293.590422679221,2153.820126010004
forecast_8573,2025-12-24 05:00:00,4232.938862503192,3802.4065102849945,1545.8261665846542
forecast_8574,2025-12-24 06:00:00,2698.9226083392227,2160.6167600735084,1047.8738564367006
forecast_8575,2025-12-24 07:00:00,1936.4940165438304,1671.850039791325,1006.8286129688321
forecast_8576,2025-12-24 08:00:00,1390.516171675174,1224.8755093543593,530.3535454588193
forecast_8577,2025-12-24 09:00:00,657.5162312314778,718.068738848315,332.6404279520203
forecast_8578,2025-12-24 10:00:00,571.3637412653869,393.9419027561261,368.2249394039746
forecast_8579,2025-12-24 11:00:00,452.4489061592748,406.92717382854414,292.359948234382
forecast_8580,2025-12-24 12:00:00,347.24799769118187,359.6982354867587,225.04834424645068
forecast_8581,2025-12-24 13:00:00,333.577117946367,385.4073579057731,213.60632873131144
forecast_8582,2025-12-24 14:00:00,335.75352989506075,354.9202072343015,202.95383910394736
forecast_8583,2025-12-24 15:00:00,413.0059997138805,416.8950943279072,244.7493795937057
forecast_8584,2025-12-24 16:00:00,593.2741725910729,633.4894954766538,274.91176543061295
forecast_8585,2025-12-24 17:00:00,552.5185080333283,565.3963827059127,229.20787518242858
forecast_8586,2025-12-24 18:00:00,593.1110038053089,465.41008598054947,220.97257165474258
forecast_8587,2025-12-24 19:00:00,621.3432416650525,523.6227945246316,174.4681356277996
forecast_8588,2025-12-24 20:00:00,608.0537617667708,413.84018921012773,132.79131087655426
forecast_8589,2025-12-24 21:00:00,914.4146196409567,848.1775795939748,311.06680413278616
forecast_8590,2025-12-24 22:00:00,1025.2040766103653,959.0892128331664,551.6118303517351
forecast_8591,2025-12-24 23:00:00,1432.6212081241022,1214.3795906312519,714.1133123840397
forecast_8592,2025-12-25 00:00:00,2098.043187111889,1474.0043855022627,1255.0573778411813
forecast_8593,2025-12-25 01:00:00,2443.967764042352,1918.3832823939651,889.412162342687
forecast_8594,2025-12-25 02:00:00,4087.0254286887125,2874.434901160821,2104.3925640898037
forecast_8595,2025-12-25 03:00:00,5260.934619924615,4064.330833436337,3058.920960743147
forecast_8596,2025-12-25 04:00:00,7828.204392016887,7140.053053100126,5446.3044813331035
forecast_8597,2025-12-25 05:00:00,9080.218667776053,9461.48830473065,6308.251827521761
forecast_8598,2025-12-25 06:00:00,9561.449824771813,10060.44982311676,7114.031609905857
forecast_8599,2025-12-25 07:00:00,11293.43531828397,11633.82842666445,8310.649896508427
forecast_8600,2025-12-25 08:00:00,11745.784051268694,12990.578555023176,8912.857196193347
forecast_8601,2025-12-25 09:00:00,12720.261053739878,12856.493276564448,10332.77677758292
forecast_8602,2025-12-25 10:00:00,13157.925737296591,12538.110340296847,10555.978309137141
forecast_8603,2025-12-25 11:00:00,14328.491533292132,13181.430058548656,10332.745701637064
forecast_8604,2025-12-25 12:00:00,15077.14572227789,13074.796273835937,10480.794296553326
forecast_8605,2025-12-25 13:00:00,15062.726851075702,13315.455184142793,10142.580074315647
forecast_8606,2025-12-25 14:00:00,15403.208614548004,13718.178821810716,10089.345750890721
forecast_8607,2025-12-25 15:00:00,15510.335318501411,14194.594705790192,10506.834787959995
forecast_8608,2025-12-25 16:00:00,15869.833961854216,14818.957758725785,10713.073235754948
forecast_8609,2025-12-25 17:00:00,16292.1032428897,15672.300824799862,11283.021539032443
forecast_8610,2025-12-25 18:00:00,16170.09217743869,15899.671845351746,11772.457986801319
forecast_8611,2025-12-25 19:00:00,15713.527016091448,15495.47229792211,11816.227357425529
forecast_8612,2025-12-25 20:00:00,15565.332386181426,15300.920137351864,12948.890475632244
forecast_8613,2025-12-25 21:00:00,15857.345523660013,15967.786310254385,13454.750771183331
forecast_8614,2025-12-25 22:00:00,15325.886981037509,16115.876343403062,13720.100176474849
forecast_8615,2025-12-25 23:00:00,15354.994840718118,16338.684299389039,13458.513096601102
forecast_8616,2025-12-26 00:00:00,15396.028855316223,15969.036717080866,13383.520968664356
forecast_8617,2025-12-26 01:00:00,14860.69446811594,15759.024298325514,13179.085954959606
forecast_8618,2025-12-26 02:00:00,14182.935956652014,14766.75477461841,11900.658791402746
forecast_8619,2025-12-26 03:00:00,14250.849965070049,15277.509977318607,9471.93438935608
forecast_8620,2025-12-26 04:00:00,14528.26810995976,15802.652159642697,8140.5424110320555
forecast_8621,2025-12-26 05:00:00,14437.87096491189,15896.06991685687,8305.035567728204
forecast_8622,2025-12-26 06:00:00,14983.925204086168,15494.597177679701,7806.17022019435
forecast_8623,2025-12-26 07:00:00,15356.367859291478,16229.310593619015,7677.741097047001
forecast_8624,2025-12-26 08:00:00,14640.25275103851,14910.08935743117,9165.044086848508
forecast_8625,2025-12-26 09:00:00,15112.9284536946,14560.634788599085,8491.159096314821
forecast_8626,2025-12-26 10:00:00,12589.430953169318,13886.693318285408,8402.435567981596
forecast_8627,2025-12-26 11:00:00,11482.467871049826,12655.222487340658,8475.869793272068
forecast_8628,2025-12-26 12:00:00,9856.424369895996,10424.35975803972,7681.7495285902205
forecast_8629,2025-12-26 13:00:00,10421.348369120344,10742.659029635612,7908.909498113682
forecast_8630,2025-12-26 14:00:00,11125.999866073667,11460.965073865009,7966.1678045077615
forecast_8631,2025-12-26 15:00:00,11239.81722132367,11342.13587726104,8264.086266487871
forecast_8632,2025-12-26 16:00:00,11112.209203571414,11088.443973433905,8426.5948941211
forecast_8633,2025-12-26 17:00:00,12728.16095644818,12415.086059624395,9698.248751920677
forecast_8634,2025-12-26 18:00:00,13821.855617493482,14134.793038609883,10513.312987282938
forecast_8635,2025-12-26 19:00:00,14400.578481527407,14927.45378331338,10875.52112316959
forecast_8636,2025-12-26 20:00:00,14793.60367487058,15353.652229932657,11281.732755526791
forecast_8637,2025-12-26 21:00:00,15940.533212085702,15980.359046931593,11476.622578184955
forecast_8638,2025-12-26 22:00:00,17906.391447524536,18143.279458190267,12987.887015609404
forecast_8639,2025-12-26 23:00:00,17751.482955213618,18581.711470327697,12380.132591830867
forecast_8640,2025-12-27 00:00:00,17906.686307123357,17695.480424877715,12415.993138456413
forecast_8641,2025-12-27 01:00:00,18235.931251543545,18106.14088229543,12960.310214696636
forecast_8642,2025-12-27 02:00:00,17708.279218482323,17498.5078605753,12639.308872106516
forecast_8643,2025-12-27 03:00:00,17525.90536131076,17562.40498417615,12786.859131654273
forecast_8644,2025-12-27 04:00:00,16665.06373545886,16414.426107310614,12318.3864297378
forecast_8645,2025-12-27 05:00:00,15964.05926344348,15649.252230959939,11599.430532168893
forecast_8646,2025-12-27 06:00:00,16169.096401941682,16157.340174624867,12136.722406829935
forecast_8647,2025-12-27 07:00:00,16143.249024409737,16820.78673052788,12540.380306793462
forecast_8648,2025-12-27 08:00:00,17042.79354943453,16883.268239071236,13206.61234675149
forecast_8649,2025-12-27 09:00:00,15712.448280384982,15889.52624425171,11655.372656460171
forecast_8650,2025-12-27 10:00:00,14054.534510673953,14226.128014800363,11678.234671703542
forecast_8651,2025-12-27 11:00:00,14271.855813634123,14877.176173236418,12108.627004366428
forecast_8652,2025-12-27 12:00:00,15048.881750686387,15875.457091322789,12685.198004652611
forecast_8653,2025-12-27 13:00:00,15220.05260494825,16289.294822793147,12317.029014335982
forecast_8654,2025-12-27 14:00:00,16025.232594359535,16460.46356358241,12709.630349231098
forecast_8655,2025-12-27 15:00:00,16127.733899428045,16526.82782952188,13567.246307900714
forecast_8656,2025-12-27 16:00:00,15719.696987933525,16228.37878806134,13374.758060144677
forecast_8657,2025-12-27 17:00:00,16517.55063668718,16896.06460418801,14217.693099901004
forecast_8658,2025-12-27 18:00:00,17732.43482230177,17817.654429944734,15185.86788280893
forecast_8659,2025-12-27 19:00:00,17684.122645202668,18132.47939590726,15862.134314724402
forecast_8660,2025-12-27 20:00:00,17394.63068502671,17444.73775598028,15304.249277687388
forecast_8661,2025-12-27 21:00:00,16950.246614539778,17217.06159909865,15242.096313007973
forecast_8662,2025-12-27 22:00:00,17292.879508272574,17320.219007524942,15097.846662896505
forecast_8663,2025-12-27 23:00:00,16741.272938363403,17174.7105111198,14279.98735826204
forecast_8664,2025-12-28 00:00:00,15077.200557011576,15823.892685522524,13204.540680832242
forecast_8665,2025-12-28 01:00:00,18561.967468678486,18670.948681580634,14858.60495872223
forecast_8666,2025-12-28 02:00:00,19191.19521510913,18931.144912660926,14717.608893306662
forecast_8667,2025-12-28 03:00:00,18990.376068849928,18847.600651645254,15152.725603266512
forecast_8668,2025-12-28 04:00:00,19067.808659059498,18706.22498559963,15638.346836544668
forecast_8669,2025-12-28 05:00:00,19061.495660811317,18683.620513665046,15879.87673149763
forecast_8670,2025-12-28 06:00:00,19145.42002463164,18569.871760592516,16094.679051045794
forecast_8671,2025-12-28 07:00:00,18759.18919091771,18242.746794058043,15578.81496908511
forecast_8672,2025-12-28 08:00:00,18510.24372112457,18245.05779286412,15211.559655300762
forecast_8673,2025-12-28 09:00:00,17281.10299399502,17736.62796873435,14507.164529617707
forecast_8674,2025-12-28 10:00:00,16361.026533245598,16967.983742355384,14413.70411604227
forecast_8675,2025-12-28 11:00:00,15823.232183217677,16835.599170709953,13758.00685952985
forecast_8676,2025-12-28 12:00:00,15589.477412703845,15953.169623035119,13014.765744517143
forecast_8677,2025-12-28 13:00:00,13429.23905607682,13475.31956160584,11298.402841256891
forecast_8678,2025-12-28 14:00:00,12649.856683075333,11773.69985647536,10221.946141104889
forecast_8679,2025-12-28 15:00:00,13123.514271893328,13095.299971991317,10938.660267067185
forecast_8680,2025-12-28 16:00:00,14052.928414265747,14025.529260978687,11863.84424433901
forecast_8681,2025-12-28 17:00:00,15045.180633921518,15037.710440566427,13081.680639432861
forecast_8682,2025-12-28 18:00:00,14079.176719126657,13403.344825589977,12255.847587209893
forecast_8683,2025-12-28 19:00:00,12989.637046056201,13234.607312450971,11476.793848076168
forecast_8684,2025-12-28 20:00:00,13950.443762033625,14529.563876846758,12739.022254417245
forecast_8685,2025-12-28 21:00:00,14469.544770051034,15281.060757765703,13040.881375096957
forecast_8686,2025-12-28 22:00:00,15823.254141246702,15665.843925647427,13458.99158703556
forecast_8687,2025-12-28 23:00:00,15728.456129669477,16132.5111516906,13750.211262449726
forecast_8688,2025-12-29 00:00:00,16249.622341694794,16847.455158776513,13827.18295642334
forecast_8689,2025-12-29 01:00:00,16573.172938878626,17677.220884432198,14837.126806247032
forecast_8690,2025-12-29 02:00:00,16994.67832343689,17939.761146318608,14977.151427901928
forecast_8691,2025-12-29 03:00:00,18582.310221239,18400.88449603007,16117.376777964506
forecast_8692,2025-12-29 04:00:00,19835.3754200286,19192.14411561337,16090.913970764814
forecast_8693,2025-12-29 05:00:00,19814.36635832802,19242.617334583225,15665.478380911583
forecast_8694,2025-12-29 06:00:00,20086.933199518262,19295.701028950585,16040.059396257406
forecast_8695,2025-12-29 07:00:00,20143.784806117575,19167.485024352423,16117.714370541393
forecast_8696,2025-12-29 08:00:00,20400.09855744165,19288.025483692047,16135.372795441583
forecast_8697,2025-12-29 09:00:00,20342.33965198319,19165.00228106512,16086.841866726683
forecast_8698,2025-12-29 10:00:00,19966.414685654574,19138.82912531158,16383.925670016284
forecast_8699,2025-12-29 11:00:00,20039.176711161384,19238.228750542523,16657.682293284783
forecast_8700,2025-12-29 12:00:00,19842.584609797752,19155.04020444161,16648.870799764743
forecast_8701,2025-12-29 13:00:00,19322.388198398043,18966.77802141546,16863.446052241612
forecast_8702,2025-12-29 14:00:00,19095.29121135551,18902.103124783735,17150.638562705677
forecast_8703,2025-12-29 15:00:00,17768.471915527152,18167.9893509889,15214.54647112536
forecast_8704,2025-12-29 16:00:00,18648.682434364753,18737.20782802979,15122.109036020443
forecast_8705,2025-12-29 17:00:00,18966.595881988236,18757.569639309313,16076.121136928097
forecast_8706,2025-12-29 18:00:00,19284.719702642607,18185.788955964126,15752.452645271189
forecast_8707,2025-12-29 19:00:00,17583.69850093644,16248.4114509011,14534.297966154301
forecast_8708,2025-12-29 20:00:00,15860.888767102942,15618.516566018778,13607.122579510185
forecast_8709,2025-12-29 21:00:00,14756.264709233737,14814.535004968626,12200.23578885488
forecast_8710,2025-12-29 22:00:00,14665.382434351895,14331.134540966188,12287.24934050841
forecast_8711,2025-12-29 23:00:00,12632.230318517823,13240.350758017885,11292.49173879714
forecast_8712,2025-12-30 00:00:00,12268.71246269247,12833.26755496359,10779.999346314495
forecast_8713,2025-12-30 01:00:00,10768.431794491124,12136.67242999344,9254.25150679127
forecast_8714,2025-12-30 02:00:00,11149.778736807486,12534.252360599998,9305.420462138816
forecast_8715,2025-12-30 03:00:00,12613.328393542777,13564.626724192696,9611.09812177989
forecast_8716,2025-12-30 04:00:00,13204.145456470294,14086.55575564504,10723.882286125308
forecast_8717,2025-12-30 05:00:00,12703.306291531608,13849.211058736915,9249.11417005349
forecast_8718,2025-12-30 06:00:00,12542.56815468802,13699.955497504096,8940.649793300314
forecast_8719,2025-12-30 07:00:00,11702.988300731013,13389.705772000894,8613.42102978191
forecast_8720,2025-12-30 08:00:00,10753.761620966592,12574.117978265027,8524.2977930684
forecast_8721,2025-12-30 09:00:00,10195.357975796687,11423.138990230636,7182.986502760757
forecast_8722,2025-12-30 10:00:00,9403.799323969557,9201.24519306012,7059.449751375411
forecast_8723,2025-12-30 11:00:00,9752.539315710033,9476.380780497915,6954.829147038854
forecast_8724,2025-12-30 12:00:00,10691.28938159633,9756.536999669343,7670.4142867234095
forecast_8725,2025-12-30 13:00:00,10828.985088051582,9472.044299985353,8131.54891006123
forecast_8726,2025-12-30 14:00:00,11504.227861566525,9927.024181898732,8441.046847038699
forecast_8727,2025-12-30 15:00:00,12117.531474649964,10491.776753782138,9174.503706433828
forecast_8728,2025-12-30 16:00:00,13055.309248405976,11541.764115514403,9663.894663527357
forecast_8729,2025-12-30 17:00:00,14039.33659577886,11456.039637245038,9821.090267206222
forecast_8730,2025-12-30 18:00:00,12824.605543159447,11935.158417694724,9575.725036657295
forecast_8731,2025-12-30 19:00:00,12854.936670467736,12248.536130011824,9438.2147839792
forecast_8732,2025-12-30 20:00:00,13104.033882246173,12500.591312699182,10068.48151018706
forecast_8733,2025-12-30 21:00:00,14022.779277323623,13403.501836580916,11020.137938372178
forecast_8734,2025-12-30 22:00:00,14311.629189227038,14063.610709121127,11514.778272345497
forecast_8735,2025-12-30 23:00:00,14375.792950224037,14620.22301820854,11695.318723581751
forecast_8736,2025-12-31 00:00:00,14417.872138857108,14436.340065444694,11964.278841245909
forecast_8737,2025-12-31 01:00:00,15055.659810269544,15730.625205149727,12648.186745568157
forecast_8738,2025-12-31 02:00:00,15284.02310651066,16297.155875857829,13539.891053078505
forecast_8739,2025-12-31 03:00:00,15285.68502351213,15768.533350898937,13338.791093351709
forecast_8740,2025-12-31 04:00:00,14943.389614458261,15863.859234070607,13086.723247062342
forecast_8741,2025-12-31 05:00:00,14851.4836094473,15660.70879690616,12230.58995795047
forecast_8742,2025-12-31 06:00:00,14826.470828513684,15995.58709584273,12389.07587038052
forecast_8743,2025-12-31 07:00:00,14442.4265884699,14958.476891071272,11071.805978393139
forecast_8744,2025-12-31 08:00:00,14325.290261919972,14743.291886977238,10925.804344806966
forecast_8745,2025-12-31 09:00:00,13745.936254493603,13171.102938542046,9931.804081669856
forecast_8746,2025-12-31 10:00:00,12065.798574301107,13118.00354544832,9412.013521306983
forecast_8747,2025-12-31 11:00:00,10827.308015386356,11661.733703199368,9228.285864334266
forecast_8748,2025-12-31 12:00:00,10093.680453328323,9315.2900687629,8321.862349903677
forecast_8749,2025-12-31 13:00:00,10254.43491078474,10027.11515135161,8038.1356569090985
forecast_8750,2025-12-31 14:00:00,10356.241078244755,9867.983558969401,8297.839361897806
forecast_8751,2025-12-31 15:00:00,9836.52836563994,9580.408688545473,8534.013053513445
forecast_8752,2025-12-31 16:00:00,11103.614884331462,11346.745669338778,9426.39679839696
forecast_8753,2025-12-31 17:00:00,11080.3619811274,11458.2035613532,7973.491733899778
forecast_8754,2025-12-31 18:00:00,11489.10162535447,11999.456440068307,8488.800813614991
forecast_8755,2025-12-31 19:00:00,12561.696427853332,13094.936110732731,8871.543970455057
forecast_8756,2025-12-31 20:00:00,12513.450237604262,13626.644229004238,9425.643882218415
forecast_8757,2025-12-31 21:00:00,12760.013734677146,14186.40126562552,8762.420149766927
forecast_8758,2025-12-31 22:00:00,13517.150588900744,14485.55727745911,9767.479003776072
forecast_8759,2025-12-31 23:00:00,13782.023719259105,14791.20036791443,9477.75930980332
forecast_8760,2026-01-01 00:00:00,13856.996596206323,15002.85206738237,9110.272363229275
