forecast_id,forecast_kst_dtm,kpx_group_1,kpx_group_2,kpx_group_3
forecast_0001,2025-01-01 01:00:00,19436.509142301275,18352.362253168976,14000.75355042456
forecast_0002,2025-01-01 02:00:00,19061.964696741772,17965.43968828652,13107.568835201762
forecast_0003,2025-01-01 03:00:00,17041.912244539464,17608.237332480086,12776.973314868656
forecast_0004,2025-01-01 04:00:00,16443.361989692923,16790.560139351466,12645.629756636587
forecast_0005,2025-01-01 05:00:00,16511.533261899884,16903.062411341067,12387.717252554165
forecast_0006,2025-01-01 06:00:00,16622.993622981143,16501.92145101384,12013.224467364636
forecast_0007,2025-01-01 07:00:00,14776.457234051684,13420.982766092073,9664.531577797314
forecast_0008,2025-01-01 08:00:00,13477.384658391797,11869.962324893895,9145.019991600175
forecast_0009,2025-01-01 09:00:00,14287.67814784146,12921.910048070575,10010.44572452064
forecast_0010,2025-01-01 10:00:00,14849.354800226209,13902.679078694624,10634.655876671279
forecast_0011,2025-01-01 11:00:00,14784.915198921108,14411.495388961657,10949.236446059325
forecast_0012,2025-01-01 12:00:00,15123.74012050175,14037.031641638925,9822.194091606685
forecast_0013,2025-01-01 13:00:00,15363.604491933762,14191.500478679334,9991.706925411338
forecast_0014,2025-01-01 14:00:00,15470.199155895338,13740.689563228181,10228.966391787515
forecast_0015,2025-01-01 15:00:00,15027.995624836241,13595.183886731984,9783.026589252753
forecast_0016,2025-01-01 16:00:00,14312.347061562019,13426.133567030389,9046.93484175986
forecast_0017,2025-01-01 17:00:00,13623.52784998622,12910.181222077825,9308.737944298766
forecast_0018,2025-01-01 18:00:00,13531.758199556774,13058.527965143892,9742.199153594562
forecast_0019,2025-01-01 19:00:00,14194.705939252797,14158.43202687092,9750.885953783736
forecast_0020,2025-01-01 20:00:00,16267.984739237083,15297.905958934907,10598.91679870534
forecast_0021,2025-01-01 21:00:00,17376.639186617267,16309.66843145638,11432.530182158074
forecast_0022,2025-01-01 22:00:00,17037.62379155603,15852.522522280313,11311.492385956777
forecast_0023,2025-01-01 23:00:00,16827.21570055777,16140.868035369127,11227.400838921563
forecast_0024,2025-01-02 00:00:00,16321.616385657193,15680.304869400712,10774.858193258775
forecast_0025,2025-01-02 01:00:00,13899.072754672152,13829.913019604464,8240.22237332247
forecast_0026,2025-01-02 02:00:00,12828.02209878987,13452.011182962297,8136.9787557661175
forecast_0027,2025-01-02 03:00:00,11747.230601387422,12553.936612845804,7537.850203885299
forecast_0028,2025-01-02 04:00:00,10585.94233352181,11164.319671471978,7143.534177145429
forecast_0029,2025-01-02 05:00:00,9298.01399964603,10262.38995173595,6672.3823559776665
forecast_0030,2025-01-02 06:00:00,8914.081275338422,8876.845311917014,5555.781555395041
forecast_0031,2025-01-02 07:00:00,8218.919855194838,8269.832824158093,5205.769472458942
forecast_0032,2025-01-02 08:00:00,7612.36413639943,7792.282390289866,4957.293552706848
forecast_0033,2025-01-02 09:00:00,7355.271326495587,6902.9117574602815,4328.332172487346
forecast_0034,2025-01-02 10:00:00,5546.779133781672,5850.4642353483305,3470.9908321011662
forecast_0035,2025-01-02 11:00:00,5495.888274464794,5375.430579263177,3224.13691798868
forecast_0036,2025-01-02 12:00:00,5530.427036970565,5681.861239026696,4023.083739116646
forecast_0037,2025-01-02 13:00:00,6131.856345517166,5967.866125065076,3942.033977814779
forecast_0038,2025-01-02 14:00:00,7018.3303886980575,6056.81785196119,3774.4734738812867
forecast_0039,2025-01-02 15:00:00,7723.241534114916,6759.111872066079,4205.172121982879
forecast_0040,2025-01-02 16:00:00,10240.038475683737,8022.576878866285,5416.241143570315
forecast_0041,2025-01-02 17:00:00,11385.272103650828,10034.089894016322,7495.546470114614
forecast_0042,2025-01-02 18:00:00,11941.795039074952,10631.181426878506,7955.449423901418
forecast_0043,2025-01-02 19:00:00,13486.70034123558,12716.821439127176,8837.289732854271
forecast_0044,2025-01-02 20:00:00,13762.006779677213,12901.749446302854,9116.385900956364
forecast_0045,2025-01-02 21:00:00,13947.435959693614,12707.875237913011,9197.483170380608
forecast_0046,2025-01-02 22:00:00,14244.710257631537,13260.24441190173,8680.230768671145
forecast_0047,2025-01-02 23:00:00,14533.512187289554,13583.413582829757,9037.760117846334
forecast_0048,2025-01-03 00:00:00,14785.98017530455,14736.720290760097,9109.676964112605
forecast_0049,2025-01-03 01:00:00,14130.578965791176,13797.46682535836,8696.305066586134
forecast_0050,2025-01-03 02:00:00,14232.496194063275,13843.015824643971,8778.272847020691
forecast_0051,2025-01-03 03:00:00,12956.145696707967,12731.561379860552,8566.966010814427
forecast_0052,2025-01-03 04:00:00,13791.487354279063,13434.418256489138,8954.769595526026
forecast_0053,2025-01-03 05:00:00,13910.808489124507,13402.355048366773,8689.937934265414
forecast_0054,2025-01-03 06:00:00,13947.612119162703,12489.434403166782,8436.763205505435
forecast_0055,2025-01-03 07:00:00,13295.26231257568,12441.81238543754,7840.599876086075
forecast_0056,2025-01-03 08:00:00,14031.538890853815,12677.470249548196,8346.312910235516
forecast_0057,2025-01-03 09:00:00,13598.422099981362,11508.031511032119,6566.746535504168
forecast_0058,2025-01-03 10:00:00,13575.619118361516,10280.315861061943,5107.392112426025
forecast_0059,2025-01-03 11:00:00,13220.931062062411,9872.057539696209,5572.42055480529
forecast_0060,2025-01-03 12:00:00,13198.356480696606,10279.578107619614,6271.913778230685
forecast_0061,2025-01-03 13:00:00,13383.932210780094,10668.191871740259,6613.868337915697
forecast_0062,2025-01-03 14:00:00,13753.396485184787,11480.447632892547,7124.023904686642
forecast_0063,2025-01-03 15:00:00,14013.057881639685,12016.73654014805,9033.755506105705
forecast_0064,2025-01-03 16:00:00,14455.904465455118,12527.51414319114,9823.712454298815
forecast_0065,2025-01-03 17:00:00,13771.432310935557,12432.099646214401,9610.16270467726
forecast_0066,2025-01-03 18:00:00,12067.946066429196,11386.868978930966,9085.658581932004
forecast_0067,2025-01-03 19:00:00,12242.63079959479,11456.393476162077,9178.001488234693
forecast_0068,2025-01-03 20:00:00,12631.243178885183,11446.660284951653,9129.214806086182
forecast_0069,2025-01-03 21:00:00,13181.920686078609,12705.726716059724,9188.095530122222
forecast_0070,2025-01-03 22:00:00,14103.840308223442,13872.946559411233,9553.811718451832
forecast_0071,2025-01-03 23:00:00,14838.213340670745,14638.783212828908,9859.082895510523
forecast_0072,2025-01-04 00:00:00,14620.233480900097,14132.690154668291,9969.370228463455
forecast_0073,2025-01-04 01:00:00,14962.360293011574,14771.976435486406,10460.356226130329
forecast_0074,2025-01-04 02:00:00,15712.963039595288,15290.502248902369,10605.269562372783
forecast_0075,2025-01-04 03:00:00,16222.955170600888,14993.110439106795,10304.885881717422
forecast_0076,2025-01-04 04:00:00,16674.289751943867,15619.867080137114,11013.901246639827
forecast_0077,2025-01-04 05:00:00,18003.923943263544,16128.526060985178,10989.913395061496
forecast_0078,2025-01-04 06:00:00,18026.62340940162,16079.949588549698,11210.912418611957
forecast_0079,2025-01-04 07:00:00,17030.732985171966,16092.920233086905,10576.901073576375
forecast_0080,2025-01-04 08:00:00,15919.039835571622,15136.560093570904,10557.726165987586
forecast_0081,2025-01-04 09:00:00,14847.83682358545,14430.64354411112,9741.98274194335
forecast_0082,2025-01-04 10:00:00,12875.62323115752,13206.452017146428,8527.709695286878
forecast_0083,2025-01-04 11:00:00,12448.375229396297,12273.35552901825,8580.557425781322
forecast_0084,2025-01-04 12:00:00,13031.62757982101,12371.007826419771,9081.864722342074
forecast_0085,2025-01-04 13:00:00,12817.821936829068,12086.178185739293,8545.860266529122
forecast_0086,2025-01-04 14:00:00,13029.82958654024,11267.511612450498,7781.289123276766
forecast_0087,2025-01-04 15:00:00,12558.801248688558,10103.305907897247,7427.61222134476
forecast_0088,2025-01-04 16:00:00,13276.342248632052,11130.402245849617,8214.498452671796
forecast_0089,2025-01-04 17:00:00,14261.676905465647,11637.90574245725,9510.921006392395
forecast_0090,2025-01-04 18:00:00,16525.847603345675,14734.317426188469,11437.556140742672
forecast_0091,2025-01-04 19:00:00,16225.77618589111,15516.361183983394,10669.330726081078
forecast_0092,2025-01-04 20:00:00,16341.47224361565,15649.48843145643,10658.259752631042
forecast_0093,2025-01-04 21:00:00,16321.4993427607,15128.206672361326,10527.99461743604
forecast_0094,2025-01-04 22:00:00,16991.06227593321,16093.324091822966,11854.471142796989
forecast_0095,2025-01-04 23:00:00,18233.01609308495,16621.272942218286,13551.788054681374
forecast_0096,2025-01-05 00:00:00,19468.121129647447,17396.406556844708,12628.411124571654
forecast_0097,2025-01-05 01:00:00,18008.160409754255,16320.998316956267,10469.797100890177
forecast_0098,2025-01-05 02:00:00,16843.24889849366,15465.235356035564,9530.29835412017
forecast_0099,2025-01-05 03:00:00,16894.67847732892,16326.652520751803,10129.476905795042
forecast_0100,2025-01-05 04:00:00,14672.1934925014,15200.40334658157,9093.586306323356
forecast_0101,2025-01-05 05:00:00,12677.816693447097,13434.555066126539,8140.693049470113
forecast_0102,2025-01-05 06:00:00,10600.45572851931,12126.991678632696,7080.038502161289
forecast_0103,2025-01-05 07:00:00,10770.149894646845,12354.112764187035,7012.8772714090865
forecast_0104,2025-01-05 08:00:00,11558.155896227581,12948.879269000732,7388.419772829425
forecast_0105,2025-01-05 09:00:00,11247.743581836337,14163.398993212846,7476.897837978632
forecast_0106,2025-01-05 10:00:00,12787.26607216144,13862.01647002523,10249.579811932674
forecast_0107,2025-01-05 11:00:00,14936.975644128308,16466.751764719218,12017.540556753085
forecast_0108,2025-01-05 12:00:00,16467.396973689032,16330.24871024296,13198.016220316527
forecast_0109,2025-01-05 13:00:00,14246.198196610294,14257.121129206986,11621.352007136387
forecast_0110,2025-01-05 14:00:00,12687.147853952407,12810.500145483456,10636.127856088893
forecast_0111,2025-01-05 15:00:00,12169.081144614613,13234.102369697724,10085.930432004803
forecast_0112,2025-01-05 16:00:00,12145.15628912893,13341.458656607505,9455.036805070555
forecast_0113,2025-01-05 17:00:00,10930.303385166908,12251.919619173063,8133.2787723339225
forecast_0114,2025-01-05 18:00:00,11056.033742797423,12081.255106823599,8139.08267688492
forecast_0115,2025-01-05 19:00:00,11875.708180626003,13049.864721710519,9015.57551186474
forecast_0116,2025-01-05 20:00:00,12497.112127427416,13119.701792823318,10171.009031212578
forecast_0117,2025-01-05 21:00:00,14121.426761344908,13816.55005733617,10303.072268797647
forecast_0118,2025-01-05 22:00:00,13957.29780329849,14320.248722236684,10790.452889850943
forecast_0119,2025-01-05 23:00:00,13232.911074549618,13404.221398020418,10063.894893935589
forecast_0120,2025-01-06 00:00:00,11942.300732354415,12580.596702976294,8634.276684883187
forecast_0121,2025-01-06 01:00:00,11600.963179385335,11263.37946535883,7584.861460838375
forecast_0122,2025-01-06 02:00:00,11507.505845273694,11295.91851613738,7096.20118199974
forecast_0123,2025-01-06 03:00:00,10845.805738674251,10903.95620516013,7745.513037622889
forecast_0124,2025-01-06 04:00:00,10074.753971078295,10337.670187145244,6456.412364025447
forecast_0125,2025-01-06 05:00:00,8629.201030245507,9726.934861526037,5391.7205425469465
forecast_0126,2025-01-06 06:00:00,6942.536267469497,8177.053196724667,5159.415595864002
forecast_0127,2025-01-06 07:00:00,4737.21324006139,5746.54679740104,3239.218743301192
forecast_0128,2025-01-06 08:00:00,3890.2912918411253,4439.861718374905,2725.269206797235
forecast_0129,2025-01-06 09:00:00,4715.29558119446,5336.7404220028575,3130.0156929780273
forecast_0130,2025-01-06 10:00:00,5117.230992516643,5249.194303369454,3748.5362983706896
forecast_0131,2025-01-06 11:00:00,6233.182222435793,6484.964802803235,4851.869259598671
forecast_0132,2025-01-06 12:00:00,8120.852723002022,7672.3892394749655,5536.092708646616
forecast_0133,2025-01-06 13:00:00,8552.82842537985,8001.1482465542695,5572.446881156549
forecast_0134,2025-01-06 14:00:00,8388.836605845127,7944.1212207349145,5013.579419829563
forecast_0135,2025-01-06 15:00:00,8933.913149951624,7890.514435457902,5914.98619392095
forecast_0136,2025-01-06 16:00:00,9590.043343502904,9148.564571426585,6349.849219578411
forecast_0137,2025-01-06 17:00:00,10738.685483156229,9400.742768607412,6805.545121551011
forecast_0138,2025-01-06 18:00:00,11300.432610704303,10210.431968635186,7672.172612539565
forecast_0139,2025-01-06 19:00:00,12545.69479878052,11653.595222223856,9346.212383537602
forecast_0140,2025-01-06 20:00:00,13833.19795914474,12554.960763339206,10753.26493825085
forecast_0141,2025-01-06 21:00:00,13461.066176945535,12139.529562506716,9765.958242509354
forecast_0142,2025-01-06 22:00:00,13882.409716844417,12388.769271317215,10199.584817374023
forecast_0143,2025-01-06 23:00:00,14788.966875361768,12527.231404312957,10423.415275455467
forecast_0144,2025-01-07 00:00:00,15663.80030496091,13844.462817260506,11170.206925985909
forecast_0145,2025-01-07 01:00:00,17081.513676808467,15386.457703969012,11977.471671636684
forecast_0146,2025-01-07 02:00:00,17261.985385846252,15998.049088974381,12723.759296047585
forecast_0147,2025-01-07 03:00:00,17893.47086565289,17286.339798194458,12632.13434561044
forecast_0148,2025-01-07 04:00:00,16843.78380556393,16269.157715830945,12165.701270904661
forecast_0149,2025-01-07 05:00:00,16273.811368902014,15743.393731472088,11979.967041679416
forecast_0150,2025-01-07 06:00:00,15896.380116586352,15533.914511223886,11670.270955468775
forecast_0151,2025-01-07 07:00:00,16014.143484208296,15677.982532618846,11348.312457807368
forecast_0152,2025-01-07 08:00:00,16114.4769094191,16101.490972645237,11672.716051329367
forecast_0153,2025-01-07 09:00:00,16371.918732902106,15982.858310707157,11556.252929221235
forecast_0154,2025-01-07 10:00:00,16587.69980541094,16055.663725112272,11341.822730878856
forecast_0155,2025-01-07 11:00:00,16778.921099396484,16156.07640521588,11832.713717755525
forecast_0156,2025-01-07 12:00:00,16887.355452405074,16215.275640730662,11844.456766041052
forecast_0157,2025-01-07 13:00:00,16716.480097231313,16271.09534067671,11439.945209859661
forecast_0158,2025-01-07 14:00:00,16788.216216845027,16053.000702204647,11449.452703634825
forecast_0159,2025-01-07 15:00:00,16778.93053319298,16431.919929060987,11597.19434118446
forecast_0160,2025-01-07 16:00:00,16734.479399539,15954.719067536258,11678.092574620914
forecast_0161,2025-01-07 17:00:00,16612.677706966435,15800.151237809536,11707.05805612242
forecast_0162,2025-01-07 18:00:00,16807.22532434221,16314.302106157149,11960.00918891969
forecast_0163,2025-01-07 19:00:00,16742.921843785054,16469.30015611042,12375.228190024844
forecast_0164,2025-01-07 20:00:00,17387.24002125253,16850.112578320677,12098.351478292514
forecast_0165,2025-01-07 21:00:00,16897.291881427354,17429.647762817644,12276.185211627913
forecast_0166,2025-01-07 22:00:00,17410.309338247982,17874.104602475745,12495.603320737815
forecast_0167,2025-01-07 23:00:00,17407.98224027693,18020.715009615888,12486.163090801965
forecast_0168,2025-01-08 00:00:00,16303.897750625089,16802.65628606399,12317.63490845962
forecast_0169,2025-01-08 01:00:00,15445.166731777821,17173.86835167559,11758.769091065931
forecast_0170,2025-01-08 02:00:00,15162.98073017729,16658.974615345447,11340.25621012297
forecast_0171,2025-01-08 03:00:00,15093.207065797806,16548.057798300568,10980.389991996177
forecast_0172,2025-01-08 04:00:00,14900.546438076959,16045.508079286104,10583.059161705276
forecast_0173,2025-01-08 05:00:00,15315.702965498538,15500.771654636057,11141.363066878046
forecast_0174,2025-01-08 06:00:00,15142.102319202017,15449.40140051622,10609.252628442757
forecast_0175,2025-01-08 07:00:00,14971.20815907902,15501.42538936377,10533.640258037914
forecast_0176,2025-01-08 08:00:00,15406.578273359844,16082.80984606766,10480.251420243514
forecast_0177,2025-01-08 09:00:00,15190.213878891795,16287.839159966235,10442.188516774258
forecast_0178,2025-01-08 10:00:00,15888.588104379212,16022.151723920359,10191.607870117363
forecast_0179,2025-01-08 11:00:00,16129.126622890228,16298.397153125008,10647.494843363871
forecast_0180,2025-01-08 12:00:00,16503.412726492566,16973.52383081562,10223.764763682551
forecast_0181,2025-01-08 13:00:00,16547.914164409023,16957.920655667258,10280.999618509839
forecast_0182,2025-01-08 14:00:00,16419.952919157065,16863.787608285726,10217.521336662516
forecast_0183,2025-01-08 15:00:00,15821.632514349594,16865.839764516837,10106.5554713005
forecast_0184,2025-01-08 16:00:00,15965.289008587455,16103.034474066653,10427.74145157665
forecast_0185,2025-01-08 17:00:00,15322.12810835504,15883.08718232763,11062.567210774248
forecast_0186,2025-01-08 18:00:00,15307.28911170623,15902.524409275637,11467.275475857778
forecast_0187,2025-01-08 19:00:00,15156.012065444322,17047.538627981798,11726.69099977246
forecast_0188,2025-01-08 20:00:00,15461.136489040548,16769.20204485287,11940.027957553679
forecast_0189,2025-01-08 21:00:00,15305.979391463758,16918.19101091664,12085.14750980964
forecast_0190,2025-01-08 22:00:00,15632.631946187441,16718.955619597895,12639.260605044547
forecast_0191,2025-01-08 23:00:00,15332.323483058355,16911.996367587377,12944.887508385991
forecast_0192,2025-01-09 00:00:00,14818.780684964659,17110.9691278293,12130.742121815783
forecast_0193,2025-01-09 01:00:00,14035.341138164,15429.388912600094,11695.297315360685
forecast_0194,2025-01-09 02:00:00,13671.945705009139,15527.668386596737,11568.084121934002
forecast_0195,2025-01-09 03:00:00,13643.456692192573,15624.890746072568,11255.32388717605
forecast_0196,2025-01-09 04:00:00,13159.497782549723,15437.421270345432,10338.108883084782
forecast_0197,2025-01-09 05:00:00,12779.95218916509,15371.46440961545,10183.346001121317
forecast_0198,2025-01-09 06:00:00,12728.53437704914,15245.036233468036,10640.73317968714
forecast_0199,2025-01-09 07:00:00,13633.189970743464,15459.102820981652,10914.6512306093
forecast_0200,2025-01-09 08:00:00,13613.567505242787,14921.629317081957,10785.946082546297
forecast_0201,2025-01-09 09:00:00,13977.176893621452,14449.251648058014,10292.27024070869
forecast_0202,2025-01-09 10:00:00,14329.381877834661,15321.12401485718,10986.173802956424
forecast_0203,2025-01-09 11:00:00,14103.877091511262,15328.492147703466,10854.60498568649
forecast_0204,2025-01-09 12:00:00,13991.836511955269,15336.178992519443,10838.27700659101
forecast_0205,2025-01-09 13:00:00,14241.97294949269,15424.40572842582,10557.451784162742
forecast_0206,2025-01-09 14:00:00,15106.409799489882,15260.130451870773,10437.754124228315
forecast_0207,2025-01-09 15:00:00,14502.338669752917,14156.107655582164,10020.576799064398
forecast_0208,2025-01-09 16:00:00,14587.785843108459,13397.742934658554,8926.472566864239
forecast_0209,2025-01-09 17:00:00,15029.276953273595,13701.449044957764,8357.08005106412
forecast_0210,2025-01-09 18:00:00,13394.635709089764,11853.907620342243,7363.915411518111
forecast_0211,2025-01-09 19:00:00,12610.235224633407,13511.952607498848,7023.635945206395
forecast_0212,2025-01-09 20:00:00,14988.953490022705,14552.652644249505,7792.077481619169
forecast_0213,2025-01-09 21:00:00,16406.96922347969,16097.0324666772,8394.326325690607
forecast_0214,2025-01-09 22:00:00,17110.3870060915,17356.606127082574,9647.732504295156
forecast_0215,2025-01-09 23:00:00,18799.291629150866,17943.46032400196,12506.303986938989
forecast_0216,2025-01-10 00:00:00,18641.951556818138,18141.51905905098,13041.041465554508
forecast_0217,2025-01-10 01:00:00,12096.053248793605,11077.419469534665,7242.6629710561
forecast_0218,2025-01-10 02:00:00,15402.284930673348,13638.248010910525,8646.686791224012
forecast_0219,2025-01-10 03:00:00,17141.060225552676,16496.35318492191,10370.207710587521
forecast_0220,2025-01-10 04:00:00,17876.932881518624,17485.408848189207,11297.964996901506
forecast_0221,2025-01-10 05:00:00,18114.08658302776,17273.82631232578,10616.373837354493
forecast_0222,2025-01-10 06:00:00,17086.39104193047,16876.817600290313,9967.052094101806
forecast_0223,2025-01-10 07:00:00,15655.351199293642,14174.177142281133,9221.00046238607
forecast_0224,2025-01-10 08:00:00,13326.818569941073,11688.92438213652,8714.091041865726
forecast_0225,2025-01-10 09:00:00,11137.828110824881,7389.885218876087,6692.220555911166
forecast_0226,2025-01-10 10:00:00,9008.772732677444,5639.390130428063,4612.552626427175
forecast_0227,2025-01-10 11:00:00,5981.47868952624,3844.352066821724,2992.733416555011
forecast_0228,2025-01-10 12:00:00,4300.167817553289,3050.6035818361684,1767.060371591844
forecast_0229,2025-01-10 13:00:00,3121.6314260692793,2247.4392641816394,1774.6463006628182
forecast_0230,2025-01-10 14:00:00,2930.4011823485557,2088.8149213057923,1966.4119885229313
forecast_0231,2025-01-10 15:00:00,3813.973641224603,3101.440779446221,2224.9981190156013
forecast_0232,2025-01-10 16:00:00,5288.464021559209,4914.932809776616,3304.841222926211
forecast_0233,2025-01-10 17:00:00,7840.2029760089845,6091.79110387958,4753.213973928539
forecast_0234,2025-01-10 18:00:00,8742.844863932065,6601.402540971718,5707.0632560023705
forecast_0235,2025-01-10 19:00:00,9449.938613599084,7132.507618128304,6560.5074427883865
forecast_0236,2025-01-10 20:00:00,9514.193907886254,7709.911225512535,7326.417529657673
forecast_0237,2025-01-10 21:00:00,8549.305729555757,6902.606468736812,5901.953123493638
forecast_0238,2025-01-10 22:00:00,8677.815690814858,6986.011358970324,5843.866419379521
forecast_0239,2025-01-10 23:00:00,9557.441074456812,6776.511494555462,6239.587503854538
forecast_0240,2025-01-11 00:00:00,10095.038189888324,7383.562773022838,6472.917865158957
forecast_0241,2025-01-11 01:00:00,9434.558548433737,7609.971079861092,6626.809561781783
forecast_0242,2025-01-11 02:00:00,9513.806375997743,7239.49194756568,6388.487556602325
forecast_0243,2025-01-11 03:00:00,9459.278668905188,7565.510426595431,6311.794808297794
forecast_0244,2025-01-11 04:00:00,10063.520033607514,7522.296057001341,6423.996393748363
forecast_0245,2025-01-11 05:00:00,9897.604171440667,7050.610387283696,5972.427670111745
forecast_0246,2025-01-11 06:00:00,8133.449603530623,6205.8669771954765,4981.184044780376
forecast_0247,2025-01-11 07:00:00,8083.190988578389,6177.335565891655,4267.3124006786275
forecast_0248,2025-01-11 08:00:00,7603.17101294408,6417.669009968656,4542.339869345564
forecast_0249,2025-01-11 09:00:00,7068.410709934527,6252.817796712048,3988.772932220897
forecast_0250,2025-01-11 10:00:00,5556.428735880986,4753.619415089021,3110.913909852435
forecast_0251,2025-01-11 11:00:00,4807.575977266094,4147.32453184054,2366.5144630822892
forecast_0252,2025-01-11 12:00:00,4232.999386685621,3014.843033357994,1511.3601550099902
forecast_0253,2025-01-11 13:00:00,2876.904423076608,1971.3335443457656,1405.330732369387
forecast_0254,2025-01-11 14:00:00,2946.070547515322,2195.305945987645,1670.05637499627
forecast_0255,2025-01-11 15:00:00,3354.0741086357602,2168.989925956387,1518.0939758750826
forecast_0256,2025-01-11 16:00:00,3840.884264178034,3245.847548007764,1999.2605915764304
forecast_0257,2025-01-11 17:00:00,6406.993253052187,5576.503700049357,3713.1636215798812
forecast_0258,2025-01-11 18:00:00,8430.180541897116,6889.558004784005,4913.171976479633
forecast_0259,2025-01-11 19:00:00,9348.04564174912,7776.448381177493,5650.816425362588
forecast_0260,2025-01-11 20:00:00,9891.614298754654,8740.7690373304,6974.387264670107
forecast_0261,2025-01-11 21:00:00,10156.139249143458,8684.822704440541,6796.811241311946
forecast_0262,2025-01-11 22:00:00,10141.772245252529,8345.10506988135,7148.702852463304
forecast_0263,2025-01-11 23:00:00,11387.14166833299,9519.871657567295,7295.859169907313
forecast_0264,2025-01-12 00:00:00,13537.849308469995,11309.11251706162,7868.950927504567
forecast_0265,2025-01-12 01:00:00,9123.89287017679,8316.376283841004,6752.2748058318975
forecast_0266,2025-01-12 02:00:00,9714.91384186421,8675.293149216377,6582.439969842649
forecast_0267,2025-01-12 03:00:00,10581.235802728695,9567.965490322435,6614.429359559923
forecast_0268,2025-01-12 04:00:00,12186.11974423584,10488.338038051299,7798.565546999204
forecast_0269,2025-01-12 05:00:00,13324.591983342523,11587.243046001988,8031.62487594118
forecast_0270,2025-01-12 06:00:00,13842.13111911032,12480.530322784405,8377.899250114731
forecast_0271,2025-01-12 07:00:00,14503.187520339266,12332.053366122935,9146.811471633682
forecast_0272,2025-01-12 08:00:00,14426.697086878781,12802.850770302188,8425.35842667847
forecast_0273,2025-01-12 09:00:00,14130.784431313416,13110.855519503422,8534.001841074481
forecast_0274,2025-01-12 10:00:00,11885.683085217008,11351.139118066681,7001.365985460065
forecast_0275,2025-01-12 11:00:00,10562.614101323807,10703.049231708095,7016.676296509646
forecast_0276,2025-01-12 12:00:00,10063.834873585189,9786.099339128756,6663.8369253145775
forecast_0277,2025-01-12 13:00:00,9944.638374930226,9567.991861616063,5647.826447831542
forecast_0278,2025-01-12 14:00:00,11023.710280267514,10099.985105372622,6607.959391900557
forecast_0279,2025-01-12 15:00:00,11623.2924187845,10305.446604781557,7270.0552082907
forecast_0280,2025-01-12 16:00:00,12799.020859507926,12003.177495774054,8530.190838553764
forecast_0281,2025-01-12 17:00:00,14118.267879946457,13615.927288465497,8860.309191657629
forecast_0282,2025-01-12 18:00:00,14573.563264916063,13596.273572012413,8423.97076385367
forecast_0283,2025-01-12 19:00:00,13832.864605338458,13454.246770879634,7673.685994592051
forecast_0284,2025-01-12 20:00:00,14307.020030698137,13645.79889841041,7529.823517103533
forecast_0285,2025-01-12 21:00:00,14668.469387720937,14164.389199866278,8275.822642616833
forecast_0286,2025-01-12 22:00:00,14668.905612314762,14870.286155993615,8807.352115551732
forecast_0287,2025-01-12 23:00:00,14598.602516058396,14830.815876249506,8654.743336358077
forecast_0288,2025-01-13 00:00:00,15940.125973409227,15589.633393999124,10453.524176791909
forecast_0289,2025-01-13 01:00:00,18735.675986255876,17420.628241301325,12141.631653760704
forecast_0290,2025-01-13 02:00:00,20563.993058609456,18223.72882861573,13387.43024329807
forecast_0291,2025-01-13 03:00:00,21114.171510726253,18728.33911473234,14118.408567795284
forecast_0292,2025-01-13 04:00:00,21408.492075191287,19326.085388847354,15160.907795449193
forecast_0293,2025-01-13 05:00:00,21256.493446532877,19352.497125664297,15065.704983983038
forecast_0294,2025-01-13 06:00:00,21155.31644591164,19436.82410736165,14521.35162293368
forecast_0295,2025-01-13 07:00:00,20939.857835581337,19086.347677614653,13668.537919690178
forecast_0296,2025-01-13 08:00:00,19907.01757884505,18202.880326191727,12152.806868814661
forecast_0297,2025-01-13 09:00:00,19179.288526464123,18015.08606295507,12551.599965973564
forecast_0298,2025-01-13 10:00:00,16897.34302344971,17802.695911477455,12025.411736552976
forecast_0299,2025-01-13 11:00:00,17053.579896466916,16725.48566135631,12292.45453787256
forecast_0300,2025-01-13 12:00:00,16381.812673124361,15655.081106476935,11525.056164395486
forecast_0301,2025-01-13 13:00:00,15498.079232041631,14559.033804478011,11293.140689910777
forecast_0302,2025-01-13 14:00:00,14088.088089332197,12673.704986401035,10172.599578952344
forecast_0303,2025-01-13 15:00:00,14379.944154457045,13761.842269881381,10712.307157000336
forecast_0304,2025-01-13 16:00:00,14970.997038044903,14195.789163464025,10568.577239935794
forecast_0305,2025-01-13 17:00:00,15487.190061534584,13242.890879241942,10344.327629330526
forecast_0306,2025-01-13 18:00:00,13620.393836461615,11735.225797242096,9655.652317294736
forecast_0307,2025-01-13 19:00:00,15556.543205064938,14564.326406211001,11532.226180209705
forecast_0308,2025-01-13 20:00:00,17141.645905084322,16485.555334230143,11501.413853353306
forecast_0309,2025-01-13 21:00:00,17551.537300405224,16306.870647273323,12198.450245262668
forecast_0310,2025-01-13 22:00:00,18986.027625936604,17053.428554102833,12866.727642271188
forecast_0311,2025-01-13 23:00:00,18875.05878284765,17263.352981160016,12926.583107670935
forecast_0312,2025-01-14 00:00:00,20328.18589956708,18422.211284901732,14095.553667105181
forecast_0313,2025-01-14 01:00:00,18350.464307171875,17592.28065993796,13094.334927012924
forecast_0314,2025-01-14 02:00:00,18402.454368510676,18016.516686251973,13020.035394569752
forecast_0315,2025-01-14 03:00:00,18823.147153024853,18187.193848691495,12938.455023940383
forecast_0316,2025-01-14 04:00:00,18201.630889963195,17884.737026808878,12608.596576546977
forecast_0317,2025-01-14 05:00:00,18260.45353400024,17934.56491656735,12921.280313693858
forecast_0318,2025-01-14 06:00:00,18476.302528636166,17836.478888257017,13600.788960183483
forecast_0319,2025-01-14 07:00:00,18282.243797610638,18142.113414348816,13143.411547834583
forecast_0320,2025-01-14 08:00:00,18709.557390209015,18070.833605921627,12820.861205545481
forecast_0321,2025-01-14 09:00:00,19064.260356259725,17224.853037047218,12205.116984009137
forecast_0322,2025-01-14 10:00:00,18855.49483071334,16165.245931945443,11941.063898142676
forecast_0323,2025-01-14 11:00:00,17317.117924104874,15196.572912755933,11854.035235612879
forecast_0324,2025-01-14 12:00:00,17807.805848997938,14127.183868882561,11362.794092534237
forecast_0325,2025-01-14 13:00:00,17147.494595671877,13732.876858540081,11220.268943800216
forecast_0326,2025-01-14 14:00:00,15179.361468592984,13223.112507578753,10996.352717700747
forecast_0327,2025-01-14 15:00:00,14839.36926785118,13000.441621319329,10855.380970825827
forecast_0328,2025-01-14 16:00:00,14634.735785491595,12576.237913004154,10661.63812650369
forecast_0329,2025-01-14 17:00:00,14808.555786267018,12615.28271415831,10535.404053948803
forecast_0330,2025-01-14 18:00:00,15166.030773237764,13339.223073051295,10618.469439384744
forecast_0331,2025-01-14 19:00:00,15084.836368294827,14206.888751988734,11347.363901149254
forecast_0332,2025-01-14 20:00:00,15388.249218802555,14255.802111282941,11510.119920184019
forecast_0333,2025-01-14 21:00:00,15089.591138113508,14054.668329513428,11947.532105518805
forecast_0334,2025-01-14 22:00:00,14747.028390394955,14281.327444947063,11764.88431845781
forecast_0335,2025-01-14 23:00:00,15110.137371751072,14264.400177781617,11154.202686867655
forecast_0336,2025-01-15 00:00:00,15929.646467225008,14826.549421317613,10584.435414969514
forecast_0337,2025-01-15 01:00:00,15139.625623158392,14113.206423456206,10509.652368612145
forecast_0338,2025-01-15 02:00:00,15036.3733383677,13261.423016211022,9953.155743275061
forecast_0339,2025-01-15 03:00:00,13354.535803968205,11208.735047643237,8018.52515216106
forecast_0340,2025-01-15 04:00:00,12975.472473040129,10718.936492882693,7727.449330970051
forecast_0341,2025-01-15 05:00:00,13629.738656224305,12290.632699037213,7875.911548046801
forecast_0342,2025-01-15 06:00:00,14341.565797414207,12203.121638061102,8909.534574422187
forecast_0343,2025-01-15 07:00:00,14980.614052768915,13464.301462207304,9533.45397333624
forecast_0344,2025-01-15 08:00:00,14966.497062808532,13748.448507128714,9629.25290763537
forecast_0345,2025-01-15 09:00:00,15204.420796413258,13011.218451317003,10416.674640081577
forecast_0346,2025-01-15 10:00:00,14509.424799623734,12231.57323477148,8077.397753789736
forecast_0347,2025-01-15 11:00:00,13498.804395723402,11843.256746611778,8465.345264677642
forecast_0348,2025-01-15 12:00:00,12872.671859989721,11688.773498558856,8300.694729543295
forecast_0349,2025-01-15 13:00:00,13111.580644706506,11170.563423933296,8093.198420379384
forecast_0350,2025-01-15 14:00:00,12233.628130602116,10915.028894870762,7362.7762496276855
forecast_0351,2025-01-15 15:00:00,11990.902646681965,10678.768325130784,6935.885256204268
forecast_0352,2025-01-15 16:00:00,12358.753968342526,11753.205872714163,7834.488185178022
forecast_0353,2025-01-15 17:00:00,13350.439411233465,12944.286527847315,9136.701727359827
forecast_0354,2025-01-15 18:00:00,15661.125782882207,14993.24305595024,11036.763100719865
forecast_0355,2025-01-15 19:00:00,16781.118255756228,17024.939167947017,12612.21545791593
forecast_0356,2025-01-15 20:00:00,17858.400318311655,17637.239869165667,12121.009853573874
forecast_0357,2025-01-15 21:00:00,18477.82077493742,17883.689074877722,12074.548169888223
forecast_0358,2025-01-15 22:00:00,20176.75393133948,18927.655423859418,14186.848523924205
forecast_0359,2025-01-15 23:00:00,20556.25177415981,18765.294238798426,14543.380169928107
forecast_0360,2025-01-16 00:00:00,20464.645468681738,19124.760766780826,14204.512893418718
forecast_0361,2025-01-16 01:00:00,19030.604620341797,18815.36076796157,12714.230639637104
forecast_0362,2025-01-16 02:00:00,19438.905382133864,18572.413773779495,13714.3390758826
forecast_0363,2025-01-16 03:00:00,18916.15293266967,18686.160725686455,14361.185208468502
forecast_0364,2025-01-16 04:00:00,19084.18839451694,18728.178539441218,14396.832147419427
forecast_0365,2025-01-16 05:00:00,19818.646580395485,19000.85326568914,14425.20468912047
forecast_0366,2025-01-16 06:00:00,20404.37786324983,19075.500487533027,14366.588970983186
forecast_0367,2025-01-16 07:00:00,20524.918006727843,19087.840970719662,14442.084482272003
forecast_0368,2025-01-16 08:00:00,19821.84320031479,19120.316836212456,14063.169169177509
forecast_0369,2025-01-16 09:00:00,19557.6442101691,18580.087456309662,13822.607252469508
forecast_0370,2025-01-16 10:00:00,19334.725365827675,18130.60144502871,14783.469886383215
forecast_0371,2025-01-16 11:00:00,19151.316352588514,17490.381099803937,13874.01179078862
forecast_0372,2025-01-16 12:00:00,17710.128459643438,16749.295070451666,12823.397675894648
forecast_0373,2025-01-16 13:00:00,17445.52634618901,16379.955151516955,12503.870123805833
forecast_0374,2025-01-16 14:00:00,17258.898257102348,15857.111002023432,12285.629917238632
forecast_0375,2025-01-16 15:00:00,17357.030273595872,15979.197019573847,12131.717772441378
forecast_0376,2025-01-16 16:00:00,17700.757993097868,16041.300438043874,12066.833896867647
forecast_0377,2025-01-16 17:00:00,18052.24481533803,16514.224220959582,13129.130063237644
forecast_0378,2025-01-16 18:00:00,18285.733878049887,16868.77849739247,13461.215868821659
forecast_0379,2025-01-16 19:00:00,17247.005921675584,15815.16360266225,12115.666112353361
forecast_0380,2025-01-16 20:00:00,13267.563192231442,13109.81101140656,9097.538849118135
forecast_0381,2025-01-16 21:00:00,12468.903919101998,11615.318285051158,7942.6804633720585
forecast_0382,2025-01-16 22:00:00,10697.821146206257,9881.276708168734,6817.05972127284
forecast_0383,2025-01-16 23:00:00,8359.832012814984,7276.051119133079,4883.787962102727
forecast_0384,2025-01-17 00:00:00,5613.496246444186,4537.260419643814,2835.000653721408
forecast_0385,2025-01-17 01:00:00,3441.0755905425676,2295.3805363880815,1694.027161002973
forecast_0386,2025-01-17 02:00:00,2174.411497497843,1679.0807066494533,1068.565624205133
forecast_0387,2025-01-17 03:00:00,1631.1638682563355,1075.7319955878231,1023.6460865335389
forecast_0388,2025-01-17 04:00:00,1447.775086447113,1070.2476228401429,986.7413506297459
forecast_0389,2025-01-17 05:00:00,1372.64358999899,980.106762112437,759.517225415587
forecast_0390,2025-01-17 06:00:00,1491.389220400314,1050.19036571671,689.2835057374017
forecast_0391,2025-01-17 07:00:00,1680.8316437437093,1251.798450850332,832.0562570165755
forecast_0392,2025-01-17 08:00:00,1879.291311675371,1385.1037344495098,748.0383938113237
forecast_0393,2025-01-17 09:00:00,1259.3984718818003,1223.3015891702219,554.7330182896183
forecast_0394,2025-01-17 10:00:00,913.2621052849186,773.4735315259235,445.82405286013204
forecast_0395,2025-01-17 11:00:00,558.4894299124788,688.2300767481618,481.45454695958966
forecast_0396,2025-01-17 12:00:00,585.7346871430158,653.7010412510809,416.53658586523727
forecast_0397,2025-01-17 13:00:00,1042.4989388901229,889.9508517745309,631.0084565169686
forecast_0398,2025-01-17 14:00:00,1643.378767982311,1226.7856456845213,1004.0559264565669
forecast_0399,2025-01-17 15:00:00,2097.030782162421,1816.0578295442153,1338.1374396046597
forecast_0400,2025-01-17 16:00:00,4007.368061951598,3311.7571557918604,2193.6539050808674
forecast_0401,2025-01-17 17:00:00,7421.512681075497,7048.2742648343465,4230.31944614693
forecast_0402,2025-01-17 18:00:00,9413.269574504451,8711.92572813227,5895.788059514105
forecast_0403,2025-01-17 19:00:00,11932.290739649457,11672.285264768623,7671.461954857968
forecast_0404,2025-01-17 20:00:00,13099.243249634797,12647.047883341973,8694.871172464942
forecast_0405,2025-01-17 21:00:00,14357.839002094002,13284.894432144669,8864.332316779371
forecast_0406,2025-01-17 22:00:00,14627.199747152188,13090.765008086479,8591.467569252234
forecast_0407,2025-01-17 23:00:00,14234.75630263277,12813.640662571672,8895.923604452297
forecast_0408,2025-01-18 00:00:00,14480.184043693022,12503.099310800046,8857.240965631458
forecast_0409,2025-01-18 01:00:00,12480.94639239399,9286.62355524159,6128.193135859924
forecast_0410,2025-01-18 02:00:00,12502.073085152193,9305.459414197756,5944.445766333209
forecast_0411,2025-01-18 03:00:00,14300.94421923001,10935.271491920099,7844.25944055744
forecast_0412,2025-01-18 04:00:00,16049.542756088955,13207.38247658345,9649.749940081092
forecast_0413,2025-01-18 05:00:00,17733.904528211104,14423.528993282938,10304.115592812692
forecast_0414,2025-01-18 06:00:00,15144.693374319399,12612.83630611002,7675.978331609889
forecast_0415,2025-01-18 07:00:00,13459.49042269894,10427.817634182462,6246.474964675921
forecast_0416,2025-01-18 08:00:00,10168.712577659067,7344.238300398991,4388.8284589493705
forecast_0417,2025-01-18 09:00:00,5989.234117678892,4557.867302113794,2463.1634541976373
forecast_0418,2025-01-18 10:00:00,4830.403902364554,3371.634470612398,1855.2996726970055
forecast_0419,2025-01-18 11:00:00,3748.084442465593,2814.4614130677674,1703.3481249568326
forecast_0420,2025-01-18 12:00:00,3749.9070831198724,3393.0992360431424,2606.0626871466043
forecast_0421,2025-01-18 13:00:00,3567.278328229266,3018.4547429669947,2291.374960365633
forecast_0422,2025-01-18 14:00:00,3181.240844093969,2669.5492013471408,1810.4673536143746
forecast_0423,2025-01-18 15:00:00,3513.141451897428,3072.243118789771,2213.145089057967
forecast_0424,2025-01-18 16:00:00,4978.7343116887705,5479.312047674482,3224.8662191048206
forecast_0425,2025-01-18 17:00:00,9348.529191792004,9293.290921881342,5209.762418983527
forecast_0426,2025-01-18 18:00:00,15289.238810696404,12890.538750773294,9123.789357164474
forecast_0427,2025-01-18 19:00:00,17365.98464652347,15591.096193482677,10830.279861196415
forecast_0428,2025-01-18 20:00:00,19050.304332666874,16859.074579851065,11623.547442936062
forecast_0429,2025-01-18 21:00:00,19972.145298860472,17845.599825843314,12276.792201659475
forecast_0430,2025-01-18 22:00:00,20010.09371322339,17749.74112289446,12764.390040427334
forecast_0431,2025-01-18 23:00:00,17932.706891018453,17123.195109174485,11214.325032904811
forecast_0432,2025-01-19 00:00:00,17788.788187147027,16624.262029340003,10389.145313306748
forecast_0433,2025-01-19 01:00:00,17627.344806072866,15636.917123861618,9986.347788653033
forecast_0434,2025-01-19 02:00:00,17606.16064026193,16332.689351287438,9986.711452479465
forecast_0435,2025-01-19 03:00:00,18470.210016695295,16632.988522703738,10802.131655299263
forecast_0436,2025-01-19 04:00:00,20104.942621209637,17791.024044586222,11759.305236248516
forecast_0437,2025-01-19 05:00:00,19839.536156086484,17883.883397095753,11981.211498891631
forecast_0438,2025-01-19 06:00:00,20155.342273599166,17783.552810172874,11925.267109297612
forecast_0439,2025-01-19 07:00:00,20503.27637311108,18143.08483797359,12266.555330873518
forecast_0440,2025-01-19 08:00:00,19779.619457402954,17438.663091962015,11529.959657604042
forecast_0441,2025-01-19 09:00:00,18016.447911419644,15958.595852884395,10163.163386009275
forecast_0442,2025-01-19 10:00:00,15902.567976725562,12973.937861368,8925.897604281905
forecast_0443,2025-01-19 11:00:00,13756.413804733296,12294.112936405407,8312.058700156245
forecast_0444,2025-01-19 12:00:00,12354.736516240098,11360.091634674922,8074.513794510285
forecast_0445,2025-01-19 13:00:00,10837.881545143011,10424.644209068107,6962.006021773259
forecast_0446,2025-01-19 14:00:00,9829.92430476066,9635.44121758603,6494.936017448621
forecast_0447,2025-01-19 15:00:00,7973.426206255527,8067.090939496426,4932.188030327396
forecast_0448,2025-01-19 16:00:00,7692.435582106658,8450.903673565774,5446.805925088349
forecast_0449,2025-01-19 17:00:00,11058.182948042755,10840.881391303968,7721.777232759021
forecast_0450,2025-01-19 18:00:00,13131.544924853373,12619.420052305963,9413.833767191776
forecast_0451,2025-01-19 19:00:00,13279.719564417528,13488.064885286381,9471.196672726785
forecast_0452,2025-01-19 20:00:00,13611.661295674689,12834.05639691302,8386.38948511614
forecast_0453,2025-01-19 21:00:00,13387.450192377248,13370.057107472689,9217.606929966989
forecast_0454,2025-01-19 22:00:00,13026.076306838831,13320.264316503659,7617.652917903524
forecast_0455,2025-01-19 23:00:00,12328.19398151299,11760.792467861465,7551.514676966463
forecast_0456,2025-01-20 00:00:00,11160.383686302086,11180.132045689072,6754.4248705214995
forecast_0457,2025-01-20 01:00:00,10053.886695936277,8726.988989111427,5785.706966979549
forecast_0458,2025-01-20 02:00:00,9215.146570154366,7607.043210338139,5099.9681967167735
forecast_0459,2025-01-20 03:00:00,6894.5032877010735,5523.032483417067,3941.5500517119463
forecast_0460,2025-01-20 04:00:00,5322.880673960459,4798.432706869708,2763.516502220371
forecast_0461,2025-01-20 05:00:00,4541.47118804388,3625.2501695605306,1991.4111259552299
forecast_0462,2025-01-20 06:00:00,2787.0596004303075,2124.3661141568887,1328.8721318151129
forecast_0463,2025-01-20 07:00:00,2129.8879888096103,1563.0633694331366,1164.5161947593854
forecast_0464,2025-01-20 08:00:00,1331.307050021462,1067.4527876916052,759.4849237295635
forecast_0465,2025-01-20 09:00:00,1056.4749970558432,762.3229030335976,411.980966524266
forecast_0466,2025-01-20 10:00:00,675.6222021263744,633.6172076096684,204.6088092698077
forecast_0467,2025-01-20 11:00:00,254.913806823805,277.6122205029153,140.40994876030004
forecast_0468,2025-01-20 12:00:00,230.35987205878388,197.96260099829442,108.10565420601341
forecast_0469,2025-01-20 13:00:00,222.54920791965355,224.63905973712775,103.51039101332182
forecast_0470,2025-01-20 14:00:00,179.46817121037475,205.2728639612368,124.51139931143432
forecast_0471,2025-01-20 15:00:00,146.47954794717393,152.04948255175117,120.58377577268567
forecast_0472,2025-01-20 16:00:00,262.35437847490664,278.5644379443658,163.74339565304368
forecast_0473,2025-01-20 17:00:00,414.1047281115908,337.81110086054724,137.22665056417884
forecast_0474,2025-01-20 18:00:00,372.58610445387524,292.3034669525492,117.89034298938553
forecast_0475,2025-01-20 19:00:00,393.63254133962033,277.0618449418059,136.38686529398433
forecast_0476,2025-01-20 20:00:00,512.9665168977394,384.59344707040964,180.18992792446986
forecast_0477,2025-01-20 21:00:00,776.2096476534861,942.0264681908792,306.9690630121431
forecast_0478,2025-01-20 22:00:00,1513.1141755717294,1506.0829293106156,889.7915993362828
forecast_0479,2025-01-20 23:00:00,1735.7119389579154,1749.9125404315498,1039.5843694176015
forecast_0480,2025-01-21 00:00:00,1803.0065254030505,1652.0120922093115,973.3883893372741
forecast_0481,2025-01-21 01:00:00,2488.022910131029,2463.460432797336,1413.7388226983398
forecast_0482,2025-01-21 02:00:00,3029.619131284726,2765.621790219036,1532.9906223291807
forecast_0483,2025-01-21 03:00:00,2981.6054073194855,2732.618627836705,1536.7625432990455
forecast_0484,2025-01-21 04:00:00,3739.1553985906776,3079.6896698626856,1862.2980182476988
forecast_0485,2025-01-21 05:00:00,3859.2487093960435,3144.904987691143,2141.112619653895
forecast_0486,2025-01-21 06:00:00,4213.640164911435,2747.311747968942,2007.5999810574287
forecast_0487,2025-01-21 07:00:00,3592.558893173898,2113.496051146044,1667.1889655402074
forecast_0488,2025-01-21 08:00:00,2711.6500315872895,1861.899546583756,1558.6858140682778
forecast_0489,2025-01-21 09:00:00,2113.4694455223434,1386.8552200029328,1039.2693402476546
forecast_0490,2025-01-21 10:00:00,1631.664532849458,1050.6450316619412,857.907883838382
forecast_0491,2025-01-21 11:00:00,1395.4798961020047,942.0521810731525,886.5014760610705
forecast_0492,2025-01-21 12:00:00,1537.864645443044,1159.0998512937438,847.4814796131648
forecast_0493,2025-01-21 13:00:00,1751.4646511121446,1155.2060450424183,818.0599289084435
forecast_0494,2025-01-21 14:00:00,2162.576860584787,2092.3018624623096,1677.9188332474778
forecast_0495,2025-01-21 15:00:00,3768.393180670866,2914.317152094618,2142.2463198191117
forecast_0496,2025-01-21 16:00:00,4211.9006607426245,3710.9390358267055,2399.3386259369454
forecast_0497,2025-01-21 17:00:00,5060.286550992673,4545.321086056782,2661.888150870597
forecast_0498,2025-01-21 18:00:00,6638.211395240028,6454.01787973933,3655.728025243771
forecast_0499,2025-01-21 19:00:00,9966.244992042113,9745.755933324312,5523.445477841894
forecast_0500,2025-01-21 20:00:00,11534.23204650474,10843.333425380097,6788.0259718223015
forecast_0501,2025-01-21 21:00:00,12348.410891943173,12483.522393690826,8194.623778758158
forecast_0502,2025-01-21 22:00:00,12423.972525135092,13364.860680839094,8837.460943013091
forecast_0503,2025-01-21 23:00:00,12248.99476552623,13397.94743771785,9117.057154520298
forecast_0504,2025-01-22 00:00:00,12546.939149108175,13438.298552100776,8290.914075382634
forecast_0505,2025-01-22 01:00:00,9839.371928101475,9589.353851405018,5978.224851936043
forecast_0506,2025-01-22 02:00:00,10688.845148200191,11262.951013548032,7014.8974440242955
forecast_0507,2025-01-22 03:00:00,12408.010722139954,12889.278896325382,8239.001418468606
forecast_0508,2025-01-22 04:00:00,14044.654090054304,14491.521253306957,9234.193743487904
forecast_0509,2025-01-22 05:00:00,15099.919076238753,14559.188453395682,10184.396408131934
forecast_0510,2025-01-22 06:00:00,16194.288233892137,15559.157892432539,9988.162509710713
forecast_0511,2025-01-22 07:00:00,15955.956479240194,15218.889766020166,10699.304743030325
forecast_0512,2025-01-22 08:00:00,14464.887754552914,14627.017107414264,10669.051896257488
forecast_0513,2025-01-22 09:00:00,12098.743654842494,11527.903736579794,8847.898687374904
forecast_0514,2025-01-22 10:00:00,12395.079136221562,12226.897185142228,9135.000728867262
forecast_0515,2025-01-22 11:00:00,11782.210011432431,10465.884052452551,8717.07943962017
forecast_0516,2025-01-22 12:00:00,9001.882267870822,8462.797511165554,6469.755656151342
forecast_0517,2025-01-22 13:00:00,7285.297475460095,5752.870951292893,4236.100587513361
forecast_0518,2025-01-22 14:00:00,5431.880451928884,4141.417617302997,3250.5784167469296
forecast_0519,2025-01-22 15:00:00,4327.955075778492,3356.7105745519907,2676.3696070969
forecast_0520,2025-01-22 16:00:00,5741.209011904947,4368.222511292221,3394.895568271836
forecast_0521,2025-01-22 17:00:00,6444.756593264296,5915.355246383568,4800.2957193968305
forecast_0522,2025-01-22 18:00:00,8115.910785308818,8123.650388240203,4663.191238571887
forecast_0523,2025-01-22 19:00:00,8387.16964293822,9138.052497844956,4271.6962559186595
forecast_0524,2025-01-22 20:00:00,8025.895137168298,9001.02630807411,4134.6559973874455
forecast_0525,2025-01-22 21:00:00,7839.842058335011,9543.436608198615,4273.225510965306
forecast_0526,2025-01-22 22:00:00,9017.14181036639,9448.739013251005,4700.214254344448
forecast_0527,2025-01-22 23:00:00,10052.943752737108,9799.547040056159,4847.341089963311
forecast_0528,2025-01-23 00:00:00,10662.383865930293,10214.444834127911,4993.459253569394
forecast_0529,2025-01-23 01:00:00,13695.487619152662,12949.02970013973,7369.485007127377
forecast_0530,2025-01-23 02:00:00,13547.955533340612,13025.266048181067,7321.576581843461
forecast_0531,2025-01-23 03:00:00,13203.793568560073,12522.989222073897,7347.914890147143
forecast_0532,2025-01-23 04:00:00,12047.484326926124,12038.916107664518,6326.425552389877
forecast_0533,2025-01-23 05:00:00,11192.664285903158,11526.948278222138,6226.373251244344
forecast_0534,2025-01-23 06:00:00,10577.908192497036,11397.75367267197,5794.79136242252
forecast_0535,2025-01-23 07:00:00,10450.617439439555,11275.324642187768,5570.006060210681
forecast_0536,2025-01-23 08:00:00,9020.793981935343,9655.911092524155,5003.137497700828
forecast_0537,2025-01-23 09:00:00,7003.068819938632,7893.94773652164,3761.8445137201825
forecast_0538,2025-01-23 10:00:00,5526.882809879906,4963.904017507971,2348.0432883881144
forecast_0539,2025-01-23 11:00:00,4089.264115048966,3884.410934870775,2196.491598411355
forecast_0540,2025-01-23 12:00:00,3714.27519226327,3493.5910510827375,1795.1787466563355
forecast_0541,2025-01-23 13:00:00,3339.629320587734,2760.374544061664,1682.2473328853894
forecast_0542,2025-01-23 14:00:00,2632.9873618989345,2319.5281777123173,1531.11003405945
forecast_0543,2025-01-23 15:00:00,2424.0305095217554,1968.168958946683,1235.9559109621648
forecast_0544,2025-01-23 16:00:00,1681.8271475354213,1277.3802273781782,858.3674452503537
forecast_0545,2025-01-23 17:00:00,1877.321775277658,1591.0428527143272,1060.960884791791
forecast_0546,2025-01-23 18:00:00,2568.9567517046557,2164.3036268765904,1437.881201736445
forecast_0547,2025-01-23 19:00:00,3051.4819734906837,2617.5363204174328,1528.876590294799
forecast_0548,2025-01-23 20:00:00,2779.848202933128,2401.1039609481413,1289.580490385282
forecast_0549,2025-01-23 21:00:00,2981.0387863293845,1978.1736187643053,1310.651881831536
forecast_0550,2025-01-23 22:00:00,3117.4131164000555,2558.8257872114923,1642.320308416351
forecast_0551,2025-01-23 23:00:00,3595.633810698641,3141.760370567069,1808.9266790943268
forecast_0552,2025-01-24 00:00:00,2868.0264616549425,2356.7892587346823,1374.7975120154285
forecast_0553,2025-01-24 01:00:00,1231.4873069477908,862.8394474565436,530.0026038334121
forecast_0554,2025-01-24 02:00:00,1715.6214091761883,1142.6782957284863,630.3563573502989
forecast_0555,2025-01-24 03:00:00,1639.84476272408,993.8030038946705,562.810670413625
forecast_0556,2025-01-24 04:00:00,1398.7879032677442,923.9290599053071,467.94414312072513
forecast_0557,2025-01-24 05:00:00,753.5214439228383,535.3496890279904,195.90806966027694
forecast_0558,2025-01-24 06:00:00,716.4568576918663,538.7761964135223,152.33081366487187
forecast_0559,2025-01-24 07:00:00,989.549308156876,733.0754277220594,152.55119512601712
forecast_0560,2025-01-24 08:00:00,855.7115815724455,716.9843345806864,155.84111306842368
forecast_0561,2025-01-24 09:00:00,645.0486869069583,434.2592814849469,139.32839720760705
forecast_0562,2025-01-24 10:00:00,251.32248905973083,204.4918640748159,127.67645032197932
forecast_0563,2025-01-24 11:00:00,152.54950693760006,140.11604598800167,100.47207326260045
forecast_0564,2025-01-24 12:00:00,148.3683426917819,147.15404515155197,123.51814216955695
forecast_0565,2025-01-24 13:00:00,287.8873245994893,380.4814030905687,240.221967062857
forecast_0566,2025-01-24 14:00:00,368.9414126808691,470.6071865043845,427.8683430128168
forecast_0567,2025-01-24 15:00:00,431.7615045407473,376.9187379306777,422.61141357634176
forecast_0568,2025-01-24 16:00:00,411.5745535311646,352.052363940019,315.383187484391
forecast_0569,2025-01-24 17:00:00,804.1920459360282,669.2083261254671,368.04263246786576
forecast_0570,2025-01-24 18:00:00,1028.2378177144883,870.2482289606112,383.6007189086817
forecast_0571,2025-01-24 19:00:00,1375.4537681620016,1288.8887722381903,653.6491766496429
forecast_0572,2025-01-24 20:00:00,1638.7173439328712,1601.397910539541,872.5733077246015
forecast_0573,2025-01-24 21:00:00,2161.2463673455513,2063.6724876066055,834.6854644771116
forecast_0574,2025-01-24 22:00:00,1876.1802639245434,1815.2440794092101,832.644502271175
forecast_0575,2025-01-24 23:00:00,2199.0037285471476,2340.3134450724483,1440.7268748226445
forecast_0576,2025-01-25 00:00:00,2522.318714498361,2719.782875435928,2235.7305512905277
forecast_0577,2025-01-25 01:00:00,672.3059271296562,789.2497342254829,774.538830134568
forecast_0578,2025-01-25 02:00:00,908.2040689157342,914.3502129596054,881.5696654627088
forecast_0579,2025-01-25 03:00:00,774.745454033747,1016.3017930955391,763.1678779920051
forecast_0580,2025-01-25 04:00:00,968.6992198274153,1280.2608914083776,1113.9774754130726
forecast_0581,2025-01-25 05:00:00,1256.0682464753447,1261.003575293534,1332.0495050134587
forecast_0582,2025-01-25 06:00:00,1402.7208820070052,1543.6544927503305,1348.959793743641
forecast_0583,2025-01-25 07:00:00,1491.2501096354308,1857.03327468893,1561.0576469400428
forecast_0584,2025-01-25 08:00:00,1363.6426970212035,1808.331122345917,1323.2724998647209
forecast_0585,2025-01-25 09:00:00,1432.851578679757,1619.3526265451335,1339.4796208904904
forecast_0586,2025-01-25 10:00:00,1236.0474692838263,1437.8066706699349,877.4502910840473
forecast_0587,2025-01-25 11:00:00,1165.6008883076536,1472.9213301451346,1024.7130559963905
forecast_0588,2025-01-25 12:00:00,1005.26338623832,1110.1863176736329,886.5371966805118
forecast_0589,2025-01-25 13:00:00,804.6423688285678,941.8500552553625,601.9246443235443
forecast_0590,2025-01-25 14:00:00,706.51487676709,782.4342546948384,455.71749187147407
forecast_0591,2025-01-25 15:00:00,799.9109393959798,799.2528733773747,401.56160302599795
forecast_0592,2025-01-25 16:00:00,768.6320123023468,798.2622300728152,469.9924951809895
forecast_0593,2025-01-25 17:00:00,1159.5497958621393,1181.805450503105,697.6105503781641
forecast_0594,2025-01-25 18:00:00,1136.6497647840924,1409.033907672504,971.9465641378285
forecast_0595,2025-01-25 19:00:00,1552.0460967505142,1899.2481651331022,1004.6081032266247
forecast_0596,2025-01-25 20:00:00,1842.9617009131766,2052.902000882168,1223.8450614325466
forecast_0597,2025-01-25 21:00:00,2456.3002418175947,2703.1818322405547,1922.4803525625039
forecast_0598,2025-01-25 22:00:00,3063.9318010131947,2841.603505643162,2440.436401377072
forecast_0599,2025-01-25 23:00:00,3092.03958747395,2934.3466722216467,2076.151892758523
forecast_0600,2025-01-26 00:00:00,2894.7996708154096,2889.256231937436,2098.2318032939897
forecast_0601,2025-01-26 01:00:00,2980.520645786549,3371.1904703325986,2559.960176412679
forecast_0602,2025-01-26 02:00:00,2948.3273920497454,3009.724153221671,2281.418117039626
forecast_0603,2025-01-26 03:00:00,2689.4920776955064,2848.812388096417,2105.8486304515372
forecast_0604,2025-01-26 04:00:00,2478.6699325780737,2411.588286245064,1312.266755531769
forecast_0605,2025-01-26 05:00:00,2613.186862401447,2923.633370081323,1402.7246469626393
forecast_0606,2025-01-26 06:00:00,2777.6371523548546,2795.194016971643,1230.905759088704
forecast_0607,2025-01-26 07:00:00,2694.505832858513,2727.2163528065894,1135.0545506483954
forecast_0608,2025-01-26 08:00:00,2356.299838885051,2206.4604407154275,979.9880813268795
forecast_0609,2025-01-26 09:00:00,1763.7208521072164,1610.622023313807,808.8832055672133
forecast_0610,2025-01-26 10:00:00,936.1825199256047,1162.4218321047906,658.0600119441342
forecast_0611,2025-01-26 11:00:00,1055.020229535058,1246.8304161230872,715.196837252565
forecast_0612,2025-01-26 12:00:00,964.9027848268402,1060.58279424241,639.012846077499
forecast_0613,2025-01-26 13:00:00,587.9197505794091,731.9075093306019,470.8724226369852
forecast_0614,2025-01-26 14:00:00,467.6379368788049,538.8016703026943,297.2490133133552
forecast_0615,2025-01-26 15:00:00,355.89945360076666,373.3834731196797,158.13524624791467
forecast_0616,2025-01-26 16:00:00,297.12521573793265,304.8751502787779,155.03625126339983
forecast_0617,2025-01-26 17:00:00,325.6680945437244,362.32196331109805,123.68487651371267
forecast_0618,2025-01-26 18:00:00,391.6106212547696,363.2725425361476,101.5224945253274
forecast_0619,2025-01-26 19:00:00,414.46934394721546,363.981596578553,107.8107126669842
forecast_0620,2025-01-26 20:00:00,504.88488601897524,437.55163479115026,122.10699004983518
forecast_0621,2025-01-26 21:00:00,846.800893546714,748.6762242040985,260.3022633176269
forecast_0622,2025-01-26 22:00:00,1054.4966848171355,807.5326900143799,295.6565701709973
forecast_0623,2025-01-26 23:00:00,1024.8245265215987,760.3328173591358,285.1139664546985
forecast_0624,2025-01-27 00:00:00,957.3748894778838,875.5738131345006,350.1479092244003
forecast_0625,2025-01-27 01:00:00,884.0361313186067,804.3354760770997,321.11259201332325
forecast_0626,2025-01-27 02:00:00,949.1203394842267,890.9623992948731,373.08844140107396
forecast_0627,2025-01-27 03:00:00,1219.3097678473418,1080.1254232584306,435.8321308814374
forecast_0628,2025-01-27 04:00:00,2473.180402913571,1866.9856701420047,552.8918302670336
forecast_0629,2025-01-27 05:00:00,2683.415928067681,1916.5527539217135,596.7392488096446
forecast_0630,2025-01-27 06:00:00,2493.1685292574894,1897.8279463504607,606.528798703687
forecast_0631,2025-01-27 07:00:00,2622.6617205031466,1832.3024806560622,777.1611480610972
forecast_0632,2025-01-27 08:00:00,3280.5883279635023,2433.2217281516087,992.3554373077544
forecast_0633,2025-01-27 09:00:00,3467.904955532119,2577.4196869603456,1471.418113326312
forecast_0634,2025-01-27 10:00:00,2975.5511439260417,2650.4900930923545,1170.75651866166
forecast_0635,2025-01-27 11:00:00,3961.753710999868,4347.1866782610105,2530.3976552258605
forecast_0636,2025-01-27 12:00:00,6779.656145018288,6306.797932740683,4385.5407533566995
forecast_0637,2025-01-27 13:00:00,9977.46051148744,10226.192011942128,8429.2825872767
forecast_0638,2025-01-27 14:00:00,15361.528660141688,13201.829015732412,10929.265233408081
forecast_0639,2025-01-27 15:00:00,17625.402428312645,16373.077879230697,12975.146542658928
forecast_0640,2025-01-27 16:00:00,18140.908271240132,16731.569931324066,13384.891058227784
forecast_0641,2025-01-27 17:00:00,17864.380742567897,16992.08857854643,13708.322437344046
forecast_0642,2025-01-27 18:00:00,18087.95856334433,17034.605416450555,13117.36392483921
forecast_0643,2025-01-27 19:00:00,18112.905281169376,17334.551569108055,12541.007162400852
forecast_0644,2025-01-27 20:00:00,17847.30126553621,17284.307993708735,12960.938066192748
forecast_0645,2025-01-27 21:00:00,18020.112817137575,17354.49486209674,13352.478422862678
forecast_0646,2025-01-27 22:00:00,18059.864416182052,17658.14965850079,13530.29404384426
forecast_0647,2025-01-27 23:00:00,17890.62003436474,17784.5519002471,13741.758655204654
forecast_0648,2025-01-28 00:00:00,18342.08656626671,17597.249491670107,14175.728921940523
forecast_0649,2025-01-28 01:00:00,18165.40107701695,17229.854400801833,13168.45678135364
forecast_0650,2025-01-28 02:00:00,18271.32305561982,17407.288047489186,13208.515304876286
forecast_0651,2025-01-28 03:00:00,18575.48241265343,17245.914563811817,12713.01598511922
forecast_0652,2025-01-28 04:00:00,18498.633651313427,17900.92214779477,12840.617472204318
forecast_0653,2025-01-28 05:00:00,18118.592483296292,18085.75894613858,13110.712941204576
forecast_0654,2025-01-28 06:00:00,17667.055600587864,17603.04836891695,13337.223009827583
forecast_0655,2025-01-28 07:00:00,17172.828492458964,17589.678090608737,13683.840324085735
forecast_0656,2025-01-28 08:00:00,16780.71167659644,17446.107873316145,11845.598400181689
forecast_0657,2025-01-28 09:00:00,16831.877132667516,16719.86500392815,11716.812048521773
forecast_0658,2025-01-28 10:00:00,16526.340384585736,16812.13920629277,11225.811187911371
forecast_0659,2025-01-28 11:00:00,16733.484686146345,16730.085447670117,11174.695584705914
forecast_0660,2025-01-28 12:00:00,16607.140475686872,16765.012950317352,11343.413371288363
forecast_0661,2025-01-28 13:00:00,16429.65308095782,16590.966458283783,11224.663979068151
forecast_0662,2025-01-28 14:00:00,16533.60832961874,16452.91054131954,10927.178675751522
forecast_0663,2025-01-28 15:00:00,16313.245072104799,16220.05376471252,10831.116438421968
forecast_0664,2025-01-28 16:00:00,16120.353155216595,15649.159964452341,11086.870086367451
forecast_0665,2025-01-28 17:00:00,16410.873065300042,15564.969061969765,10982.014340764446
forecast_0666,2025-01-28 18:00:00,16263.487393759782,15278.236980544392,11549.73044450031
forecast_0667,2025-01-28 19:00:00,16352.763142162043,15377.930966339436,12204.345810714065
forecast_0668,2025-01-28 20:00:00,16661.03883650788,16948.852190843747,12888.305295599079
forecast_0669,2025-01-28 21:00:00,16688.51649263249,17845.71345692423,12776.194671820362
forecast_0670,2025-01-28 22:00:00,17200.558521054216,17756.10902438856,13660.694994906979
forecast_0671,2025-01-28 23:00:00,17780.5690565371,17986.951098926907,13719.111063233124
forecast_0672,2025-01-29 00:00:00,17926.881031381963,18144.850798673564,13867.145816668486
forecast_0673,2025-01-29 01:00:00,18348.55796778581,17882.028604061627,13725.262609522712
forecast_0674,2025-01-29 02:00:00,18239.531036373268,17844.611856377036,13863.09802352112
forecast_0675,2025-01-29 03:00:00,18300.608572539724,17619.677890387688,13741.185960066887
forecast_0676,2025-01-29 04:00:00,18245.812208852272,17828.477468167446,13532.79311006211
forecast_0677,2025-01-29 05:00:00,18346.093415754352,17723.990260353094,13430.733647742543
forecast_0678,2025-01-29 06:00:00,18555.906523728023,17799.279826453334,13378.423729005888
forecast_0679,2025-01-29 07:00:00,18785.79510021605,17955.6336661776,13345.367754212823
forecast_0680,2025-01-29 08:00:00,18625.469640218125,18273.183417873355,13095.077366734433
forecast_0681,2025-01-29 09:00:00,18456.570210552447,18169.572678000095,13093.334262981498
forecast_0682,2025-01-29 10:00:00,18214.895863583853,17760.698245285836,12979.79416622411
forecast_0683,2025-01-29 11:00:00,17429.379349299747,16236.491849241844,12649.899173247775
forecast_0684,2025-01-29 12:00:00,17468.866856085,17148.53716259363,12476.482537557851
forecast_0685,2025-01-29 13:00:00,17648.77432717494,17391.950588996075,12076.290964340189
forecast_0686,2025-01-29 14:00:00,17411.99724820155,16994.03446687305,12468.547611268434
forecast_0687,2025-01-29 15:00:00,17077.246535579132,16381.330640691927,12094.63130336655
forecast_0688,2025-01-29 16:00:00,16692.77662799906,16048.680961752441,12134.575606673206
forecast_0689,2025-01-29 17:00:00,16720.65623987083,16211.923049648783,12026.41131832035
forecast_0690,2025-01-29 18:00:00,16624.360988376357,16138.073663818417,12332.917273052488
forecast_0691,2025-01-29 19:00:00,16532.77121962181,16166.324867024387,12236.33496296881
forecast_0692,2025-01-29 20:00:00,16336.985445032615,15775.19379378985,12050.820201714567
forecast_0693,2025-01-29 21:00:00,16206.544910591167,15895.557106450698,11974.385930107004
forecast_0694,2025-01-29 22:00:00,16032.673518704463,15883.0637029932,11846.640367380807
forecast_0695,2025-01-29 23:00:00,15870.965534024108,15837.80841214625,12058.834859001887
forecast_0696,2025-01-30 00:00:00,15718.099678793258,15999.469323175925,12068.54739303475
forecast_0697,2025-01-30 01:00:00,16726.54786795684,16399.86613269861,12054.725684275749
forecast_0698,2025-01-30 02:00:00,16667.471802359647,16605.81093799509,11876.67732998509
forecast_0699,2025-01-30 03:00:00,16373.137427038566,16359.077216686603,11473.746455912229
forecast_0700,2025-01-30 04:00:00,15694.3745146152,16193.344747111047,11189.226729901602
forecast_0701,2025-01-30 05:00:00,15599.94303814673,16399.917152955648,11060.615148385401
forecast_0702,2025-01-30 06:00:00,15528.178287365858,16358.978112730008,11031.828576054999
forecast_0703,2025-01-30 07:00:00,16004.862181995317,16114.380059436273,10943.96157682359
forecast_0704,2025-01-30 08:00:00,16226.532406490738,16260.234959761654,11268.825150043733
forecast_0705,2025-01-30 09:00:00,16675.53005453476,16282.462875153367,11576.922478933222
forecast_0706,2025-01-30 10:00:00,16523.528838007307,15900.899728752813,11388.438191135288
forecast_0707,2025-01-30 11:00:00,16556.76113863693,15706.627991167496,10714.961311639907
forecast_0708,2025-01-30 12:00:00,16281.877454861717,14701.42013872112,10323.644825773928
forecast_0709,2025-01-30 13:00:00,16128.933009383005,13903.917200150952,9642.892989061069
forecast_0710,2025-01-30 14:00:00,16342.61422165614,14229.7720062841,10542.829433818048
forecast_0711,2025-01-30 15:00:00,16222.058247705305,14071.112628304976,10845.84388512071
forecast_0712,2025-01-30 16:00:00,15466.076635492926,14209.66826228012,10411.214700343591
forecast_0713,2025-01-30 17:00:00,16228.332615925829,15261.844210540514,11480.172661611608
forecast_0714,2025-01-30 18:00:00,16011.308637463735,15559.034741912004,11942.31638788927
forecast_0715,2025-01-30 19:00:00,16381.785228017283,15774.083180240123,12490.248532014155
forecast_0716,2025-01-30 20:00:00,16950.612453809903,15860.655936753616,12885.013978589872
forecast_0717,2025-01-30 21:00:00,17731.02618796687,16368.019647113448,13161.485513818203
forecast_0718,2025-01-30 22:00:00,17703.639155272802,16639.38871789259,13174.02072529857
forecast_0719,2025-01-30 23:00:00,17442.31397785145,16116.247145930061,12578.468812395327
forecast_0720,2025-01-31 00:00:00,17126.259007238656,15466.485547690716,12631.411210393771
forecast_0721,2025-01-31 01:00:00,17188.675677289008,16361.16431604664,12110.121322254045
forecast_0722,2025-01-31 02:00:00,16604.600935667648,15734.601964467656,11789.146223060636
forecast_0723,2025-01-31 03:00:00,15968.38448856492,14965.301633847068,10665.059121223976
forecast_0724,2025-01-31 04:00:00,16436.837403913007,15051.092452119601,10383.519562926873
forecast_0725,2025-01-31 05:00:00,15300.07131581926,13805.04422091207,10177.217191761132
forecast_0726,2025-01-31 06:00:00,15036.057401500484,14622.861563417251,10712.945089842904
forecast_0727,2025-01-31 07:00:00,14168.494235337965,13921.383631240109,10178.112697439368
forecast_0728,2025-01-31 08:00:00,14846.25608197692,14458.964460064755,10674.354390104148
forecast_0729,2025-01-31 09:00:00,14042.285404027321,13829.989600371231,9844.580585952035
forecast_0730,2025-01-31 10:00:00,11915.062009817391,12134.677489527,8770.389169229173
forecast_0731,2025-01-31 11:00:00,11976.962696381326,11595.02629618873,8262.191051512533
forecast_0732,2025-01-31 12:00:00,11276.32329744956,11360.242255095109,8043.501028890313
forecast_0733,2025-01-31 13:00:00,9262.233026361486,8856.141750126399,6603.960523986128
forecast_0734,2025-01-31 14:00:00,8156.743973282504,7484.714427433954,5610.745676654661
forecast_0735,2025-01-31 15:00:00,7220.028230350508,6247.336751907182,4072.190947856323
forecast_0736,2025-01-31 16:00:00,4711.1199593701085,4652.789853466685,3156.2122203726526
forecast_0737,2025-01-31 17:00:00,3724.896133676288,3767.8818883523595,2451.938104518123
forecast_0738,2025-01-31 18:00:00,4899.96739736903,5288.989122545307,2356.090889516091
forecast_0739,2025-01-31 19:00:00,4872.89537306964,5150.308121751628,1961.1652514722393
forecast_0740,2025-01-31 20:00:00,4586.145464886095,4453.167819636044,2050.01587722019
forecast_0741,2025-01-31 21:00:00,5380.296245658824,5340.426418876993,2293.3148381644255
forecast_0742,2025-01-31 22:00:00,4274.687002145143,4988.82981249261,1778.083015143932
forecast_0743,2025-01-31 23:00:00,4488.311361194584,4965.651401632735,2184.2956878079835
forecast_0744,2025-02-01 00:00:00,3475.948247378512,3584.6615032870436,1367.6645893703903
forecast_0745,2025-02-01 01:00:00,7112.176897198167,7629.219335803175,3538.7905502616454
forecast_0746,2025-02-01 02:00:00,5530.40674078643,6550.5906727313395,3120.47338124463
forecast_0747,2025-02-01 03:00:00,4147.5508433496425,4771.001292458732,2321.7893140950714
forecast_0748,2025-02-01 04:00:00,2904.2258738996356,2811.652886393514,1491.7314873995997
forecast_0749,2025-02-01 05:00:00,2396.9904057263043,1937.1382897061453,1009.4735984841659
forecast_0750,2025-02-01 06:00:00,1010.9231111066558,1289.4192098188446,479.20898053629713
forecast_0751,2025-02-01 07:00:00,666.9755355030986,647.2372848387155,307.0215700011837
forecast_0752,2025-02-01 08:00:00,560.4573079088287,519.7364748187524,176.51422694881504
forecast_0753,2025-02-01 09:00:00,429.674843395333,416.9525536563981,153.49937463511196
forecast_0754,2025-02-01 10:00:00,316.4116227163371,214.2861343372775,119.18178091230205
forecast_0755,2025-02-01 11:00:00,242.0572203235563,214.76453808440385,124.49902687041701
forecast_0756,2025-02-01 12:00:00,187.59990581048038,170.94154270229848,119.41378676578181
forecast_0757,2025-02-01 13:00:00,181.504910679392,170.43794663597907,114.51301509625756
forecast_0758,2025-02-01 14:00:00,222.0632207092528,209.08963391682155,135.59478534397962
forecast_0759,2025-02-01 15:00:00,265.5853724940368,262.8332732357196,140.06364947125147
forecast_0760,2025-02-01 16:00:00,429.4523198079487,458.9273946495697,212.27403805454014
forecast_0761,2025-02-01 17:00:00,559.1977550175429,616.3693797397702,272.69131380539073
forecast_0762,2025-02-01 18:00:00,529.9371237938436,534.0590818187356,243.21780967161166
forecast_0763,2025-02-01 19:00:00,521.0713440672813,498.57160974038726,176.76171670373242
forecast_0764,2025-02-01 20:00:00,523.5734499472795,448.55047656669336,168.6256379230746
forecast_0765,2025-02-01 21:00:00,510.0977345247764,434.70628292167993,164.65735247867556
forecast_0766,2025-02-01 22:00:00,674.5114371327109,501.0480855880255,266.3720734050546
forecast_0767,2025-02-01 23:00:00,533.0852552812946,465.46970534643566,160.61806814415476
forecast_0768,2025-02-02 00:00:00,750.4042041619649,601.9497382101864,216.3801728653613
forecast_0769,2025-02-02 01:00:00,1129.7983412352587,1148.0012324946003,625.3017669840025
forecast_0770,2025-02-02 02:00:00,961.0951892572301,802.8967155453557,535.9007703085242
forecast_0771,2025-02-02 03:00:00,958.8106432409513,685.4694011955637,430.24704183800606
forecast_0772,2025-02-02 04:00:00,740.0089051289234,653.7570657422465,336.9150480705697
forecast_0773,2025-02-02 05:00:00,628.834675922477,636.0856598551983,250.16244844190442
forecast_0774,2025-02-02 06:00:00,678.8071918101729,618.509372059395,216.41612954433094
forecast_0775,2025-02-02 07:00:00,851.3348240496936,820.9148845970021,254.8732710507851
forecast_0776,2025-02-02 08:00:00,981.1263077790688,919.1542488637399,370.0680829637553
forecast_0777,2025-02-02 09:00:00,638.5271803675358,494.32107944270734,254.9752219335421
forecast_0778,2025-02-02 10:00:00,484.995437155147,402.9701725774413,213.98159837381945
forecast_0779,2025-02-02 11:00:00,380.5141454478163,336.74454171268997,187.54993960686033
forecast_0780,2025-02-02 12:00:00,378.18673195344104,335.03570392963934,226.58912065815605
forecast_0781,2025-02-02 13:00:00,390.0533976157428,382.3748192756491,284.30434033254903
forecast_0782,2025-02-02 14:00:00,496.59340829209447,419.50296038042205,323.57583581570424
forecast_0783,2025-02-02 15:00:00,605.149265318159,578.7310174865356,323.0521936636277
forecast_0784,2025-02-02 16:00:00,988.07429030498,973.1368142540209,518.1182665530878
forecast_0785,2025-02-02 17:00:00,2146.584499187584,1593.426192510179,1145.3393392695084
forecast_0786,2025-02-02 18:00:00,4081.2357523152514,2818.137777230536,1754.4343026372935
forecast_0787,2025-02-02 19:00:00,7796.113284032668,7714.810448176431,4604.843616774931
forecast_0788,2025-02-02 20:00:00,9939.463483334242,9563.5656052526,6197.662477014978
forecast_0789,2025-02-02 21:00:00,10508.754339103378,10117.807642624772,7321.352717295444
forecast_0790,2025-02-02 22:00:00,11990.086094406475,11010.340943114417,8939.813716855335
forecast_0791,2025-02-02 23:00:00,13865.190051074478,13324.198666922974,9382.584023925738
forecast_0792,2025-02-03 00:00:00,15189.529929306162,13663.586631127171,9908.010643004736
forecast_0793,2025-02-03 01:00:00,17922.169879494017,16529.24134307102,10817.7891726365
forecast_0794,2025-02-03 02:00:00,17507.900167584645,16218.414507649852,11800.464362563009
forecast_0795,2025-02-03 03:00:00,17327.95290928009,16065.045308563685,11644.057356833442
forecast_0796,2025-02-03 04:00:00,17369.011605716958,15842.813904408167,11496.880768103503
forecast_0797,2025-02-03 05:00:00,16378.83984874968,14867.365817775853,12180.724113341563
forecast_0798,2025-02-03 06:00:00,16817.937031979887,15042.928699733662,11421.340605005878
forecast_0799,2025-02-03 07:00:00,16346.412247696933,15120.602002239833,11601.532565215997
forecast_0800,2025-02-03 08:00:00,16259.12685836985,15647.331694820623,11159.172399482502
forecast_0801,2025-02-03 09:00:00,16233.865378759298,16549.897876349725,11451.039762863844
forecast_0802,2025-02-03 10:00:00,16484.344937484482,16201.035662590477,10980.112881710398
forecast_0803,2025-02-03 11:00:00,16582.18605503181,14600.642823194989,10211.166301908268
forecast_0804,2025-02-03 12:00:00,15817.009234470452,14203.073257992768,10060.659969667784
forecast_0805,2025-02-03 13:00:00,15934.688209712273,13866.836701297772,9861.573553914162
forecast_0806,2025-02-03 14:00:00,16047.976934095374,13484.34690602049,10527.195292929124
forecast_0807,2025-02-03 15:00:00,16145.597415961487,13780.063816698126,10269.72812749036
forecast_0808,2025-02-03 16:00:00,16202.69713697161,13949.156640588344,10055.013428941344
forecast_0809,2025-02-03 17:00:00,16235.311781709252,13984.705500559501,10455.74996873796
forecast_0810,2025-02-03 18:00:00,16094.15856720502,14593.969486153372,11202.388461932751
forecast_0811,2025-02-03 19:00:00,16265.097995752141,15350.044975562601,11799.539979188603
forecast_0812,2025-02-03 20:00:00,16592.432692388502,16423.73649483716,12286.977560722842
forecast_0813,2025-02-03 21:00:00,16072.223643431687,15911.976329713358,12365.213112758056
forecast_0814,2025-02-03 22:00:00,16214.576568392265,15005.489552706655,12219.208660516719
forecast_0815,2025-02-03 23:00:00,16360.195554517151,15587.00039026972,12323.43749509989
forecast_0816,2025-02-04 00:00:00,16560.31185339443,15891.736891597056,12330.798416658787
forecast_0817,2025-02-04 01:00:00,16493.817350875608,14775.602543609542,11975.913622916316
forecast_0818,2025-02-04 02:00:00,16314.67482693022,15183.276595951676,12072.688641584196
forecast_0819,2025-02-04 03:00:00,15208.576667623114,13269.365556318897,11513.324983984103
forecast_0820,2025-02-04 04:00:00,14876.668116772511,12959.450204174344,10640.293412844801
forecast_0821,2025-02-04 05:00:00,14860.87698448967,12412.215033605107,9862.696836436378
forecast_0822,2025-02-04 06:00:00,15333.34078103061,13348.485435385215,10377.851624183359
forecast_0823,2025-02-04 07:00:00,14965.240824979794,13713.370813141493,10020.274199508207
forecast_0824,2025-02-04 08:00:00,14452.720365550464,13256.487999733632,9737.80640345186
forecast_0825,2025-02-04 09:00:00,13808.350515600156,12682.499236276593,9547.016145245994
forecast_0826,2025-02-04 10:00:00,13830.302959794713,13118.771920493311,9907.343868853317
forecast_0827,2025-02-04 11:00:00,13568.748287752323,13296.006612688376,11094.221824662824
forecast_0828,2025-02-04 12:00:00,14000.006779998803,13641.777590347927,11076.178596798865
forecast_0829,2025-02-04 13:00:00,13003.890093102436,12988.571228528994,11048.103630225194
forecast_0830,2025-02-04 14:00:00,12510.573348376896,12856.022950470011,10764.771614655892
forecast_0831,2025-02-04 15:00:00,12756.42069364816,12154.816836569616,10814.561889446059
forecast_0832,2025-02-04 16:00:00,13976.678198185182,13007.91842310295,11718.85526753773
forecast_0833,2025-02-04 17:00:00,13787.491546206511,13898.672460021413,11833.719774200354
forecast_0834,2025-02-04 18:00:00,15526.414505859335,14914.023729122368,11879.602069935681
forecast_0835,2025-02-04 19:00:00,14927.754214159211,14615.360366068577,11431.676534430573
forecast_0836,2025-02-04 20:00:00,15570.716417147441,15137.276231659887,11622.90858978852
forecast_0837,2025-02-04 21:00:00,16386.843614926776,15372.857035869922,10811.253481778202
forecast_0838,2025-02-04 22:00:00,16088.636907690227,14880.052393592514,10403.003592817653
forecast_0839,2025-02-04 23:00:00,15794.041962935204,14473.633223478564,10558.054098896786
forecast_0840,2025-02-05 00:00:00,16402.841729137268,16025.270259809515,11641.547584895301
forecast_0841,2025-02-05 01:00:00,17042.136545866033,17545.553058243146,12431.316337541304
forecast_0842,2025-02-05 02:00:00,17747.452184045807,18242.241378133996,12684.279030427317
forecast_0843,2025-02-05 03:00:00,16991.499797149376,18476.98709993538,11557.455151063437
forecast_0844,2025-02-05 04:00:00,17003.162211078106,17737.873024115957,11781.623600891813
forecast_0845,2025-02-05 05:00:00,16029.67717831118,16891.910230312074,11071.82664126556
forecast_0846,2025-02-05 06:00:00,15430.598852387677,16640.06985610322,10752.775253342972
forecast_0847,2025-02-05 07:00:00,16196.868160281938,16900.9080367317,10761.513467375733
forecast_0848,2025-02-05 08:00:00,16411.019288347237,16522.705816028458,10940.166370243698
forecast_0849,2025-02-05 09:00:00,15881.060932821907,15999.03015862716,10610.378654426819
forecast_0850,2025-02-05 10:00:00,15034.072200550856,15411.811432976958,10580.43377396132
forecast_0851,2025-02-05 11:00:00,15273.589933020496,15400.683563256523,10750.292309614031
forecast_0852,2025-02-05 12:00:00,15624.842130884084,15696.822778614014,10726.76060056005
forecast_0853,2025-02-05 13:00:00,15565.368930228282,15672.665662340254,10674.375935707647
forecast_0854,2025-02-05 14:00:00,15853.990921980425,15851.375199693019,10694.487316783589
forecast_0855,2025-02-05 15:00:00,16089.860678609035,15803.668983554804,10881.673817941339
forecast_0856,2025-02-05 16:00:00,15870.262679469291,15972.96079549616,11016.271912003464
forecast_0857,2025-02-05 17:00:00,15764.957522961175,15628.21165546992,11098.472233407429
forecast_0858,2025-02-05 18:00:00,15890.63625071358,15011.73037463808,11616.37707740192
forecast_0859,2025-02-05 19:00:00,15410.981123199444,14303.88267438829,11313.804064741382
forecast_0860,2025-02-05 20:00:00,14918.958726108298,14000.280017411435,10870.408433477234
forecast_0861,2025-02-05 21:00:00,14924.132957375823,14463.182296019044,10919.250762934473
forecast_0862,2025-02-05 22:00:00,15811.108316745418,15502.708096702121,11388.561060391065
forecast_0863,2025-02-05 23:00:00,16175.010383227036,15636.486669087177,11346.8055197099
forecast_0864,2025-02-06 00:00:00,16394.68114410445,16293.993397746712,11641.49290879611
forecast_0865,2025-02-06 01:00:00,16100.15723351851,15684.024035550156,11971.1172803707
forecast_0866,2025-02-06 02:00:00,15800.778339142555,16068.970530913039,11711.653700910829
forecast_0867,2025-02-06 03:00:00,16579.997122037203,17074.02945851008,11560.576129628205
forecast_0868,2025-02-06 04:00:00,17149.68681148418,17277.864745500327,11221.761968789313
forecast_0869,2025-02-06 05:00:00,17070.67457826598,17283.587500637375,11486.839446813417
forecast_0870,2025-02-06 06:00:00,16920.540463186462,17448.415562502494,11089.629099145317
forecast_0871,2025-02-06 07:00:00,16300.034684689856,16557.061465029277,10481.54870289152
forecast_0872,2025-02-06 08:00:00,15826.239007577973,15996.022941625932,10278.538958935962
forecast_0873,2025-02-06 09:00:00,15433.842715820543,15406.59501390565,10166.821798193649
forecast_0874,2025-02-06 10:00:00,14685.342286000088,14691.576677442912,10072.478216403879
forecast_0875,2025-02-06 11:00:00,15013.905959010232,13187.822841260644,9252.505600966068
forecast_0876,2025-02-06 12:00:00,15084.72116366857,13871.365168860562,9368.10306332927
forecast_0877,2025-02-06 13:00:00,15259.08370791435,14516.872941101756,10031.178219615438
forecast_0878,2025-02-06 14:00:00,15007.805669128364,13389.269579198628,10854.73133415165
forecast_0879,2025-02-06 15:00:00,13964.064370226299,13725.759482221158,10740.956366308837
forecast_0880,2025-02-06 16:00:00,13834.355112354055,13301.981166312591,11398.614647090246
forecast_0881,2025-02-06 17:00:00,15316.244563203014,14224.016237241322,11360.55584514682
forecast_0882,2025-02-06 18:00:00,14854.916077482923,13716.2589855086,11432.734397558854
forecast_0883,2025-02-06 19:00:00,15373.471497878845,14822.275401637695,12260.647313146892
forecast_0884,2025-02-06 20:00:00,15390.668745251223,15391.079641000357,11964.333023966195
forecast_0885,2025-02-06 21:00:00,15280.38322553658,15185.039522190573,11329.527373021927
forecast_0886,2025-02-06 22:00:00,14655.060311844058,12147.773722072481,11089.339499438382
forecast_0887,2025-02-06 23:00:00,15003.401391457557,13193.00722670694,10072.971620548038
forecast_0888,2025-02-07 00:00:00,14773.029852466156,13487.532331130908,9930.32383971903
forecast_0889,2025-02-07 01:00:00,11797.918230029918,12168.514340086036,8015.079516008758
forecast_0890,2025-02-07 02:00:00,11046.43679042971,11773.218668863015,7626.005112280961
forecast_0891,2025-02-07 03:00:00,9278.012610619391,9903.980509874826,6632.217968797686
forecast_0892,2025-02-07 04:00:00,9985.40664612634,10564.78126201532,6850.929480888743
forecast_0893,2025-02-07 05:00:00,8708.541444203065,9952.180749710054,5495.931754965017
forecast_0894,2025-02-07 06:00:00,6888.9105491566625,8987.953293575787,4965.59092822696
forecast_0895,2025-02-07 07:00:00,7543.803778301665,7144.353357402828,4185.742816906082
forecast_0896,2025-02-07 08:00:00,6001.746189356475,5794.756395309879,3647.178054831359
forecast_0897,2025-02-07 09:00:00,7357.336834313496,7522.705871015054,3436.0457298543156
forecast_0898,2025-02-07 10:00:00,8873.218147508187,7648.938250531482,6137.380239125499
forecast_0899,2025-02-07 11:00:00,11839.254080392016,11136.259118227652,8550.260383732324
forecast_0900,2025-02-07 12:00:00,14250.665664898805,13847.00095924529,10530.84855405836
forecast_0901,2025-02-07 13:00:00,13942.91490030154,14882.528815101885,10196.453801582249
forecast_0902,2025-02-07 14:00:00,13881.93018322597,15231.368485072635,8736.740401870255
forecast_0903,2025-02-07 15:00:00,14108.785329007187,14819.973808989043,8792.406307870422
forecast_0904,2025-02-07 16:00:00,14789.211828570082,15077.412132616942,8682.590302825209
forecast_0905,2025-02-07 17:00:00,14383.670168541748,13687.410862369019,8420.970560048017
forecast_0906,2025-02-07 18:00:00,14229.284916722849,12644.872817609683,7913.728605193892
forecast_0907,2025-02-07 19:00:00,11595.967684490357,11550.036615708945,9065.251371670509
forecast_0908,2025-02-07 20:00:00,12530.209848518969,12228.268747252263,8959.715491062758
forecast_0909,2025-02-07 21:00:00,13608.791653064327,12847.91433680962,8226.199617413864
forecast_0910,2025-02-07 22:00:00,13649.034047359337,12555.540308767922,8717.383818764516
forecast_0911,2025-02-07 23:00:00,13063.416219574929,12906.842157420979,9262.831420035905
forecast_0912,2025-02-08 00:00:00,13336.640417949991,13364.45073974784,9853.694004378895
forecast_0913,2025-02-08 01:00:00,13119.104734620134,11878.500481510055,9893.059293642864
forecast_0914,2025-02-08 02:00:00,14625.308169517486,14149.756461074103,10824.030121759859
forecast_0915,2025-02-08 03:00:00,14999.883964771529,14540.412405265974,11081.980290023077
forecast_0916,2025-02-08 04:00:00,14972.493521693754,14609.77354156976,11385.387442885749
forecast_0917,2025-02-08 05:00:00,15851.491772371905,15059.35205273775,11697.886141135064
forecast_0918,2025-02-08 06:00:00,15354.62818229868,14898.31722361753,11130.691168039692
forecast_0919,2025-02-08 07:00:00,15668.913746557628,14631.59390527609,11321.506157846181
forecast_0920,2025-02-08 08:00:00,15286.544394980252,14552.784001092426,11050.274208509762
forecast_0921,2025-02-08 09:00:00,14792.773751191744,16011.585391139964,8586.84748733026
forecast_0922,2025-02-08 10:00:00,11795.090167585124,11357.411040348185,7806.190685482656
forecast_0923,2025-02-08 11:00:00,8391.305551785463,9353.92924330274,6523.734500799708
forecast_0924,2025-02-08 12:00:00,8463.197568561925,8833.443826525041,6094.0466859443795
forecast_0925,2025-02-08 13:00:00,6006.7593374382905,5093.94720493841,3935.045622349482
forecast_0926,2025-02-08 14:00:00,3601.944051287045,3140.810397364285,2487.044074819418
forecast_0927,2025-02-08 15:00:00,3355.925133977862,2651.731756170041,2492.463892688963
forecast_0928,2025-02-08 16:00:00,4494.544954756397,3721.92387305972,2948.0181544497405
forecast_0929,2025-02-08 17:00:00,5231.814998648242,4352.666459786916,3204.6727166599353
forecast_0930,2025-02-08 18:00:00,7139.490622127953,6294.148376848568,4843.429010498808
forecast_0931,2025-02-08 19:00:00,8743.726175375032,6913.964804758455,6082.867717306064
forecast_0932,2025-02-08 20:00:00,9344.326667409818,7088.66709359981,6483.934997102656
forecast_0933,2025-02-08 21:00:00,11251.156124745517,8941.957567681713,7962.018823918352
forecast_0934,2025-02-08 22:00:00,14605.080256381792,12398.302786344324,9631.77590067051
forecast_0935,2025-02-08 23:00:00,17710.992280174916,15557.207844166884,12192.235058934384
forecast_0936,2025-02-09 00:00:00,19294.132883810245,17929.80627586219,12497.713614967011
forecast_0937,2025-02-09 01:00:00,17472.74315576746,15469.653783893138,11506.015513662313
forecast_0938,2025-02-09 02:00:00,19376.08166312911,17204.816664927104,12780.4059857237
forecast_0939,2025-02-09 03:00:00,19324.959665157854,17189.871734217748,11598.919412555128
forecast_0940,2025-02-09 04:00:00,19685.20844703286,17803.161315878217,12245.893809106747
forecast_0941,2025-02-09 05:00:00,19819.22672123513,18265.17480626259,12789.62632106183
forecast_0942,2025-02-09 06:00:00,20346.921364118392,17714.587445637997,13193.919827142152
forecast_0943,2025-02-09 07:00:00,19880.243166141503,17267.704114661665,12052.204269675627
forecast_0944,2025-02-09 08:00:00,18834.018759839684,16956.4010219568,11278.515130910278
forecast_0945,2025-02-09 09:00:00,16611.206897915003,15732.471387376894,8983.095723767909
forecast_0946,2025-02-09 10:00:00,14277.067882964357,13423.459989451265,8750.065611385538
forecast_0947,2025-02-09 11:00:00,11712.268898341243,11296.503140711793,7654.515744356179
forecast_0948,2025-02-09 12:00:00,9188.252318929193,10049.12808583303,6604.600664612071
forecast_0949,2025-02-09 13:00:00,9310.782189085954,9105.010819475609,6447.607498481526
forecast_0950,2025-02-09 14:00:00,10229.68048737579,9497.749574218415,6134.907540619369
forecast_0951,2025-02-09 15:00:00,9903.648691310773,8250.913087662995,5945.310759847992
forecast_0952,2025-02-09 16:00:00,13651.23340370499,11202.594477148763,8274.378419599421
forecast_0953,2025-02-09 17:00:00,14479.973781682362,12674.452683020256,9456.274451082554
forecast_0954,2025-02-09 18:00:00,15784.60712662642,13346.737017360443,10214.507429053812
forecast_0955,2025-02-09 19:00:00,16748.86821407302,15177.71567548049,11509.93762837967
forecast_0956,2025-02-09 20:00:00,17684.66603941814,16535.647703090915,12029.208710863708
forecast_0957,2025-02-09 21:00:00,17184.087330107945,16280.353221579062,11452.320257937658
forecast_0958,2025-02-09 22:00:00,17713.282591390765,16516.923821986362,11970.520339486879
forecast_0959,2025-02-09 23:00:00,18461.097316115654,17188.817004328725,12152.531806167528
forecast_0960,2025-02-10 00:00:00,19431.091673130075,18024.99724405738,12955.034230130957
forecast_0961,2025-02-10 01:00:00,19234.09589471696,17831.035252006386,12077.538087580457
forecast_0962,2025-02-10 02:00:00,19217.58543935367,18143.068936858832,12517.733222196097
forecast_0963,2025-02-10 03:00:00,20062.20101637128,18456.127983801893,13681.559237993788
forecast_0964,2025-02-10 04:00:00,20811.057353399865,18319.853371652913,14022.594556793378
forecast_0965,2025-02-10 05:00:00,21057.481786919358,18540.547884354102,14691.218903785564
forecast_0966,2025-02-10 06:00:00,19398.28617381424,18429.819686311745,13691.86181448439
forecast_0967,2025-02-10 07:00:00,19308.468549828463,18391.42599994467,13624.793425923037
forecast_0968,2025-02-10 08:00:00,18570.524158975255,17936.44761174585,12564.875711388233
forecast_0969,2025-02-10 09:00:00,16512.206629337907,16562.866821104777,11765.566577769547
forecast_0970,2025-02-10 10:00:00,15540.140699332356,15185.437313342265,11484.555901675263
forecast_0971,2025-02-10 11:00:00,14626.383991533887,14451.764673778502,11101.950942765914
forecast_0972,2025-02-10 12:00:00,14757.813960339787,13558.445859899575,10694.132774235808
forecast_0973,2025-02-10 13:00:00,13941.81205689133,12762.962011300993,9430.217683832978
forecast_0974,2025-02-10 14:00:00,13805.35142099465,12165.857809081484,9086.336737754853
forecast_0975,2025-02-10 15:00:00,13217.740105141938,11378.655134771685,8740.249692185886
forecast_0976,2025-02-10 16:00:00,13895.976492690055,11776.525816240826,9488.787038761137
forecast_0977,2025-02-10 17:00:00,13544.649284996887,12157.86235066987,8813.157970133334
forecast_0978,2025-02-10 18:00:00,14525.439464146542,13798.48491201218,9517.442617690776
forecast_0979,2025-02-10 19:00:00,14755.819935258716,14319.146413447454,11061.971688539346
forecast_0980,2025-02-10 20:00:00,14922.918958181475,14351.113860258092,9879.796674976891
forecast_0981,2025-02-10 21:00:00,13178.12921939927,12892.325619492254,8855.331014404232
forecast_0982,2025-02-10 22:00:00,12823.921413075484,12723.490629025067,8899.336364729637
forecast_0983,2025-02-10 23:00:00,10308.163655698585,10576.278475044544,7514.56381171482
forecast_0984,2025-02-11 00:00:00,9714.968678694324,8815.37453692452,6748.612065557923
forecast_0985,2025-02-11 01:00:00,10860.176634742958,9993.793665975094,8163.953119636218
forecast_0986,2025-02-11 02:00:00,11756.844387271758,11442.500969557079,8556.905285770994
forecast_0987,2025-02-11 03:00:00,13133.951583530134,12828.320462866524,8807.5517843323
forecast_0988,2025-02-11 04:00:00,12732.713305375499,12745.55335324942,8611.5424194007
forecast_0989,2025-02-11 05:00:00,9519.959402408233,9642.171531544656,6113.167466863049
forecast_0990,2025-02-11 06:00:00,8287.324382060484,7871.623690169595,4539.517960159022
forecast_0991,2025-02-11 07:00:00,7627.889811142674,7472.011062935256,3869.4176224476123
forecast_0992,2025-02-11 08:00:00,7384.156956982078,6197.251102470337,3734.802408712792
forecast_0993,2025-02-11 09:00:00,6871.006577222819,6065.755342410104,4036.2094548307073
forecast_0994,2025-02-11 10:00:00,5676.560637466569,5172.754142457216,2996.5911289518685
forecast_0995,2025-02-11 11:00:00,3747.109954416566,3089.5420103355013,1848.2329238917848
forecast_0996,2025-02-11 12:00:00,2691.1002302377715,2379.2864482120767,1781.3367063096075
forecast_0997,2025-02-11 13:00:00,2587.0620403816565,1977.3663381083795,2140.7491956837966
forecast_0998,2025-02-11 14:00:00,2723.836540482417,2374.6493003447163,2020.5923106201096
forecast_0999,2025-02-11 15:00:00,1602.3851137497663,1453.77776279582,1354.5069951631997
forecast_1000,2025-02-11 16:00:00,1207.883095479052,1217.5086398662934,932.6590416198644
forecast_1001,2025-02-11 17:00:00,1684.8929399314386,1600.932677921085,1038.023314690637
forecast_1002,2025-02-11 18:00:00,4776.160134352479,4156.439670668067,2541.429046800852
forecast_1003,2025-02-11 19:00:00,7078.554595851794,6739.865470600499,4651.537818156054
forecast_1004,2025-02-11 20:00:00,8810.886882194218,7894.736783210049,4960.540426704431
forecast_1005,2025-02-11 21:00:00,8893.71598429657,8867.592661283967,5065.430374494511
forecast_1006,2025-02-11 22:00:00,12149.201850877682,10891.546348047606,5951.551412009527
forecast_1007,2025-02-11 23:00:00,16181.859748921876,15723.304732462771,11366.19353820369
forecast_1008,2025-02-12 00:00:00,18359.562211392004,16460.00385634753,12148.07371242154
forecast_1009,2025-02-12 01:00:00,15545.148254514039,14497.372204997093,8796.300160076806
forecast_1010,2025-02-12 02:00:00,16816.80356662999,16180.449250061292,10733.287987349555
forecast_1011,2025-02-12 03:00:00,15445.354306405845,15857.192005097084,10401.521020517266
forecast_1012,2025-02-12 04:00:00,16224.26030213731,16068.532497885732,10867.708256497635
forecast_1013,2025-02-12 05:00:00,15524.249654834211,14996.406459583646,9518.936464942897
forecast_1014,2025-02-12 06:00:00,12780.803498873789,12277.956925421282,7706.035868477764
forecast_1015,2025-02-12 07:00:00,9545.990759883414,9321.160999978589,5427.925739506712
forecast_1016,2025-02-12 08:00:00,7391.086813359598,7928.783536707473,4247.843760994524
forecast_1017,2025-02-12 09:00:00,5756.838463970843,7008.780820720882,4076.6208426398466
forecast_1018,2025-02-12 10:00:00,7207.584188561899,7667.996760574585,4725.846386086794
forecast_1019,2025-02-12 11:00:00,8499.389793095956,10123.126540927682,4483.1636263588525
forecast_1020,2025-02-12 12:00:00,10151.146038037266,10725.248051560695,6370.352115888056
forecast_1021,2025-02-12 13:00:00,11340.192396674396,11700.313270720768,8488.217030577824
forecast_1022,2025-02-12 14:00:00,13306.9737091064,13248.3248154507,8930.308166377747
forecast_1023,2025-02-12 15:00:00,15558.81428327329,13970.768553062939,10855.90704482787
forecast_1024,2025-02-12 16:00:00,17393.706353719062,14854.686437216857,12314.142729674766
forecast_1025,2025-02-12 17:00:00,17535.071303917248,14878.3830722285,12928.188828314707
forecast_1026,2025-02-12 18:00:00,17469.001703456666,14678.914943997006,13165.73740167999
forecast_1027,2025-02-12 19:00:00,17046.894394652994,15542.99441452878,12650.160124602427
forecast_1028,2025-02-12 20:00:00,16610.946418914504,15243.707695670273,11019.679697184389
forecast_1029,2025-02-12 21:00:00,16341.554847994426,15007.20525799641,11172.992017209397
forecast_1030,2025-02-12 22:00:00,16549.119153810825,14942.034748135286,11491.827212332644
forecast_1031,2025-02-12 23:00:00,16046.453700046663,13961.337425211843,9994.780909460032
forecast_1032,2025-02-13 00:00:00,15458.057063337836,13866.728350794403,9365.91051426385
forecast_1033,2025-02-13 01:00:00,15079.0643450664,13489.240775920962,7187.344305710012
forecast_1034,2025-02-13 02:00:00,14987.56233744078,13611.546320130696,7129.229546233882
forecast_1035,2025-02-13 03:00:00,15365.385002906447,13784.398758731491,7686.963738994045
forecast_1036,2025-02-13 04:00:00,15037.15072861695,13265.053246734795,8343.837123959724
forecast_1037,2025-02-13 05:00:00,14261.91079537911,12738.905744870162,7897.319819156484
forecast_1038,2025-02-13 06:00:00,14408.539084873177,13136.945186835008,7765.225496403787
forecast_1039,2025-02-13 07:00:00,15242.29953459348,14185.246469235224,8378.662993911374
forecast_1040,2025-02-13 08:00:00,15924.01941042616,14828.721291943088,9506.830029156548
forecast_1041,2025-02-13 09:00:00,15858.017629212094,15381.406421362928,9707.297058984343
forecast_1042,2025-02-13 10:00:00,15340.250105801437,14739.095212065604,10003.913955313834
forecast_1043,2025-02-13 11:00:00,15676.45031039897,14686.170613861093,10424.268462904354
forecast_1044,2025-02-13 12:00:00,15536.49672346116,14740.925861972426,10521.832383966614
forecast_1045,2025-02-13 13:00:00,15555.053907273614,15082.645057149037,10458.804140780854
forecast_1046,2025-02-13 14:00:00,16120.288157426574,15240.982467937589,10946.067222965165
forecast_1047,2025-02-13 15:00:00,16041.074364318132,15131.318135297575,11276.419404651804
forecast_1048,2025-02-13 16:00:00,17117.555340834373,15930.5567732186,11828.459752674353
forecast_1049,2025-02-13 17:00:00,18223.337585819678,16862.63229492291,12890.446841696725
forecast_1050,2025-02-13 18:00:00,19087.9152994337,18399.06014353531,13698.240380237141
forecast_1051,2025-02-13 19:00:00,19385.76110432089,18803.913253999744,14107.331538288308
forecast_1052,2025-02-13 20:00:00,19559.32792156085,18804.745713471722,14368.863429145369
forecast_1053,2025-02-13 21:00:00,19617.502385577518,18845.784502794173,14658.761385138872
forecast_1054,2025-02-13 22:00:00,19480.690816460414,18798.710133446217,14779.19794706442
forecast_1055,2025-02-13 23:00:00,19685.73436601566,19000.81163010248,14834.84509400244
forecast_1056,2025-02-14 00:00:00,19519.68794781423,18937.195260532437,14697.811779843227
forecast_1057,2025-02-14 01:00:00,19560.202647813116,19052.68673141034,14339.110857064295
forecast_1058,2025-02-14 02:00:00,19374.418153151506,18936.913194582823,14037.802110171706
forecast_1059,2025-02-14 03:00:00,19330.266009765106,18666.858554140246,13919.82331205613
forecast_1060,2025-02-14 04:00:00,18581.779246123806,18534.891507616176,13505.778189565423
forecast_1061,2025-02-14 05:00:00,19230.85644364344,18504.020203544515,13451.35652405116
forecast_1062,2025-02-14 06:00:00,20238.57565817252,18848.81861424564,13521.26636698117
forecast_1063,2025-02-14 07:00:00,20785.006583918475,19132.85703291103,14212.685719387615
forecast_1064,2025-02-14 08:00:00,20795.663132638085,19232.700940425188,14012.620210017096
forecast_1065,2025-02-14 09:00:00,19907.560889790755,18432.907715030848,12865.48225979603
forecast_1066,2025-02-14 10:00:00,14041.10576687816,15369.753278135708,10226.570142946395
forecast_1067,2025-02-14 11:00:00,12511.16508032713,13675.017116299961,9168.153837842816
forecast_1068,2025-02-14 12:00:00,11636.834377557016,12769.904183776604,8431.785174916244
forecast_1069,2025-02-14 13:00:00,11113.563578886307,11862.837881238675,7649.986018829506
forecast_1070,2025-02-14 14:00:00,11045.737436241854,10990.348028062499,7556.433074064756
forecast_1071,2025-02-14 15:00:00,11968.488660398902,11123.12477268895,9010.65640465817
forecast_1072,2025-02-14 16:00:00,12133.183835130529,12288.161279328646,9594.852717077374
forecast_1073,2025-02-14 17:00:00,14471.303491772656,13660.577499555224,10159.603345107462
forecast_1074,2025-02-14 18:00:00,16678.77626882881,14949.850407275204,11914.863718230334
forecast_1075,2025-02-14 19:00:00,16363.647986000447,16073.702861185182,11012.143767640824
forecast_1076,2025-02-14 20:00:00,16209.756553711619,14954.88004877516,10201.069562058496
forecast_1077,2025-02-14 21:00:00,16536.050560912656,15159.258578248806,10473.627144217899
forecast_1078,2025-02-14 22:00:00,16280.412020812697,14592.630543115009,9897.108858849382
forecast_1079,2025-02-14 23:00:00,16870.232475671426,15110.268358331334,10306.504517467682
forecast_1080,2025-02-15 00:00:00,17834.543049072236,16049.16672856675,10904.95732147238
forecast_1081,2025-02-15 01:00:00,19397.514565875106,16495.899284508207,11268.171117206039
forecast_1082,2025-02-15 02:00:00,19532.064361618224,16070.152962853173,11382.990552557747
forecast_1083,2025-02-15 03:00:00,18217.253657111058,15442.438318725724,10461.516435052992
forecast_1084,2025-02-15 04:00:00,17164.062743711063,14363.098616355079,9791.977536209723
forecast_1085,2025-02-15 05:00:00,16834.77837448797,14737.051983078949,10041.84509075474
forecast_1086,2025-02-15 06:00:00,16642.318007550988,14212.531385339325,9204.276584232935
forecast_1087,2025-02-15 07:00:00,13697.403282317004,12468.510966747195,7906.561991408097
forecast_1088,2025-02-15 08:00:00,12960.028390313963,11946.088248284486,7723.17705119885
forecast_1089,2025-02-15 09:00:00,11373.74659326293,10849.715074179087,6071.158505356366
forecast_1090,2025-02-15 10:00:00,9988.514033892814,8647.768522018383,5469.12474917242
forecast_1091,2025-02-15 11:00:00,9163.221200728798,9836.19616421286,5766.9630355287945
forecast_1092,2025-02-15 12:00:00,11642.35776597842,10939.949501392935,7367.987068466967
forecast_1093,2025-02-15 13:00:00,12043.524131084016,12479.501898812392,9089.6123877918
forecast_1094,2025-02-15 14:00:00,14389.68096527753,13619.70538402239,9787.336387896283
forecast_1095,2025-02-15 15:00:00,14993.645029800264,14364.177179636239,10359.787223083704
forecast_1096,2025-02-15 16:00:00,15245.596073033492,14793.423556553065,9922.299800809933
forecast_1097,2025-02-15 17:00:00,16343.6590182942,15726.155174392848,11258.607966093516
forecast_1098,2025-02-15 18:00:00,17815.172136673584,16009.046400186691,12976.877513445956
forecast_1099,2025-02-15 19:00:00,18816.572758844548,17306.11119715193,13486.390225409355
forecast_1100,2025-02-15 20:00:00,19488.285364914096,18383.466729971817,13775.744831999977
forecast_1101,2025-02-15 21:00:00,18732.809026036994,17552.441099009367,13167.777524120362
forecast_1102,2025-02-15 22:00:00,18883.156348776207,17444.33621025622,12281.483897387792
forecast_1103,2025-02-15 23:00:00,18366.896491787382,17331.472660802712,12307.788466486832
forecast_1104,2025-02-16 00:00:00,19079.18449697636,17678.07710515079,12592.031145518602
forecast_1105,2025-02-16 01:00:00,19046.97323747541,17730.28908280606,12789.738053582518
forecast_1106,2025-02-16 02:00:00,18612.07634869995,17227.34426248028,11471.617458279043
forecast_1107,2025-02-16 03:00:00,17519.836180768165,16825.349215615268,11390.828181589464
forecast_1108,2025-02-16 04:00:00,17109.80310493431,16045.54235524602,10964.110219377062
forecast_1109,2025-02-16 05:00:00,14011.601918128397,13743.66260722493,8792.498629458838
forecast_1110,2025-02-16 06:00:00,13547.228503132272,14104.377440331542,8922.429798117239
forecast_1111,2025-02-16 07:00:00,13078.490798081204,13894.617767641757,8335.049419649435
forecast_1112,2025-02-16 08:00:00,13097.471248739761,13910.93945588455,8235.441373368623
forecast_1113,2025-02-16 09:00:00,12642.869085612623,13549.619028894347,8131.930622976933
forecast_1114,2025-02-16 10:00:00,9982.011931131374,11010.668925055224,6977.034991438302
forecast_1115,2025-02-16 11:00:00,8213.519819290537,8601.536001074639,6133.715449806175
forecast_1116,2025-02-16 12:00:00,9236.786246208783,9759.32608008931,6933.65390348512
forecast_1117,2025-02-16 13:00:00,11402.56880905593,9753.252392858476,8336.8763122974
forecast_1118,2025-02-16 14:00:00,13917.43818154552,11301.413079813863,10168.809088494485
forecast_1119,2025-02-16 15:00:00,15654.469123755694,14036.887809143449,11390.687731254193
forecast_1120,2025-02-16 16:00:00,18022.92864637648,17811.211221953454,13107.663144293205
forecast_1121,2025-02-16 17:00:00,19289.100690935495,18283.85807134557,13873.349822778655
forecast_1122,2025-02-16 18:00:00,19121.370281237938,18033.06469616723,13924.395049721277
forecast_1123,2025-02-16 19:00:00,19530.298076645555,18630.913745594607,14093.996740971448
forecast_1124,2025-02-16 20:00:00,19725.783723086297,18860.81840103123,12667.106525750543
forecast_1125,2025-02-16 21:00:00,19457.903920849436,18575.81578053706,12985.857124154112
forecast_1126,2025-02-16 22:00:00,19464.438159257013,18261.588265006176,12737.664054179913
forecast_1127,2025-02-16 23:00:00,18763.20474540082,17632.24587661675,12641.24116218596
forecast_1128,2025-02-17 00:00:00,17797.300944369625,16892.321067351106,12242.387172205741
forecast_1129,2025-02-17 01:00:00,16102.115710185597,14374.636784656934,10038.501594611222
forecast_1130,2025-02-17 02:00:00,16638.835828253792,14632.753492938526,10617.478510999084
forecast_1131,2025-02-17 03:00:00,16569.957001510717,15270.775001455919,10401.272855337003
forecast_1132,2025-02-17 04:00:00,15370.231841458462,13913.674132603259,8750.591035845468
forecast_1133,2025-02-17 05:00:00,14320.083233248892,11603.375781701785,7326.525069447974
forecast_1134,2025-02-17 06:00:00,13803.361482250199,11557.056966633874,7022.107387127133
forecast_1135,2025-02-17 07:00:00,14626.891931192478,12915.034720009746,7815.869814108739
forecast_1136,2025-02-17 08:00:00,14872.872703319597,13124.681444349108,8222.707458066356
forecast_1137,2025-02-17 09:00:00,15026.766085886256,12842.811662379943,7410.689686201039
forecast_1138,2025-02-17 10:00:00,15011.61902864688,12864.235131848307,7884.68952548732
forecast_1139,2025-02-17 11:00:00,14767.474308476358,12665.935407070516,8025.460996009431
forecast_1140,2025-02-17 12:00:00,14597.596620987793,12503.606669133418,7789.621565311514
forecast_1141,2025-02-17 13:00:00,14567.041194622627,12286.143174647466,7835.038466615207
forecast_1142,2025-02-17 14:00:00,13999.958046983578,12101.568482020275,7307.3813798757865
forecast_1143,2025-02-17 15:00:00,13386.154548713532,11181.090168899542,6823.089067789017
forecast_1144,2025-02-17 16:00:00,12156.481499200805,9180.961536674795,5692.362048798454
forecast_1145,2025-02-17 17:00:00,10358.296927989177,7556.2851147658375,4602.741105498448
forecast_1146,2025-02-17 18:00:00,9659.258563396726,7372.265232591507,4502.950471213499
forecast_1147,2025-02-17 19:00:00,9957.610036546446,8213.522936298517,4815.083083576427
forecast_1148,2025-02-17 20:00:00,10171.667465651546,8451.298447816895,5258.36520821004
forecast_1149,2025-02-17 21:00:00,10296.034007078628,9324.08789049664,6503.57992130378
forecast_1150,2025-02-17 22:00:00,9507.486476656208,8877.535302194323,6028.695337707076
forecast_1151,2025-02-17 23:00:00,8837.040488799616,7508.326644329134,5380.1139435596015
forecast_1152,2025-02-18 00:00:00,8035.368782715967,7013.878159108731,4910.547445434028
forecast_1153,2025-02-18 01:00:00,8754.64112340041,8772.072363778801,6454.0660843396245
forecast_1154,2025-02-18 02:00:00,12493.332925102923,11048.724883279616,7432.84852997384
forecast_1155,2025-02-18 03:00:00,13379.82769165811,12111.97512013149,8023.682813490673
forecast_1156,2025-02-18 04:00:00,13961.876804259597,13091.651221028906,8743.306501042405
forecast_1157,2025-02-18 05:00:00,14056.722222823744,13414.135465369147,8833.760902401798
forecast_1158,2025-02-18 06:00:00,14113.733117638458,13488.115361116916,9114.093853530412
forecast_1159,2025-02-18 07:00:00,14831.044561468181,14190.110089117123,9514.208399851732
forecast_1160,2025-02-18 08:00:00,14041.9675702186,13610.068159556406,8979.90794315486
forecast_1161,2025-02-18 09:00:00,14030.876239803669,12714.457557709611,8463.662337176902
forecast_1162,2025-02-18 10:00:00,13646.972388893191,12187.002555448356,8762.592047351485
forecast_1163,2025-02-18 11:00:00,13587.048936205892,10960.861702144393,8535.845380168957
forecast_1164,2025-02-18 12:00:00,13292.13849985511,10366.179852670357,7598.084415807122
forecast_1165,2025-02-18 13:00:00,13138.516421198628,10543.671738308138,7438.610167732862
forecast_1166,2025-02-18 14:00:00,13548.860228755866,10814.106183315218,7879.317844839557
forecast_1167,2025-02-18 15:00:00,13813.236394179376,10966.742209066433,8148.94931418905
forecast_1168,2025-02-18 16:00:00,13740.85167265942,11063.60814633878,7584.556180091936
forecast_1169,2025-02-18 17:00:00,13893.205406130326,11776.762907086882,8286.610029485051
forecast_1170,2025-02-18 18:00:00,12728.403562419122,11443.499082048764,7638.4001072833535
forecast_1171,2025-02-18 19:00:00,12501.941670466767,11088.93111615058,7293.282280145719
forecast_1172,2025-02-18 20:00:00,11855.90877647572,10019.52357137685,6817.055404418499
forecast_1173,2025-02-18 21:00:00,12146.169947074372,10907.296030832607,7627.552583663687
forecast_1174,2025-02-18 22:00:00,12243.688590644848,12857.686455324629,7470.910205536016
forecast_1175,2025-02-18 23:00:00,12837.936474527,12662.644932818048,7701.59712035722
forecast_1176,2025-02-19 00:00:00,12994.081835683897,12656.665153027776,7780.905231745265
forecast_1177,2025-02-19 01:00:00,9361.134149187643,9488.140013502183,7338.97775390695
forecast_1178,2025-02-19 02:00:00,12227.57437100133,12414.68123131627,8803.934978503283
forecast_1179,2025-02-19 03:00:00,12927.71694767728,12981.889451104793,8250.846530957002
forecast_1180,2025-02-19 04:00:00,13067.219273164888,13560.711676960505,8471.840210927752
forecast_1181,2025-02-19 05:00:00,13425.021918175356,14355.115232101618,8421.104500373347
forecast_1182,2025-02-19 06:00:00,14831.288466004326,15182.470503871507,8636.068176116149
forecast_1183,2025-02-19 07:00:00,14742.385969893989,14915.497247353404,8739.967381054756
forecast_1184,2025-02-19 08:00:00,13090.227986844428,13947.269260759766,7893.733011885496
forecast_1185,2025-02-19 09:00:00,10856.01772018194,11850.459635141082,6947.865217337001
forecast_1186,2025-02-19 10:00:00,8819.455431004195,9215.019905614548,6659.7834855696765
forecast_1187,2025-02-19 11:00:00,7935.503327154116,8560.665840024967,6299.1104195096095
forecast_1188,2025-02-19 12:00:00,6862.458869034675,7191.870824759903,5008.479820459452
forecast_1189,2025-02-19 13:00:00,6102.818567975004,5117.553472502558,3768.8422425415843
forecast_1190,2025-02-19 14:00:00,5874.668289051264,4951.6851754479185,3479.79962042083
forecast_1191,2025-02-19 15:00:00,6206.064676817375,5249.934225353719,3901.0855720132427
forecast_1192,2025-02-19 16:00:00,6143.851188409866,5464.432412332218,3740.904902702714
forecast_1193,2025-02-19 17:00:00,6401.96415442054,5395.589302026516,4008.9900117854713
forecast_1194,2025-02-19 18:00:00,7446.154373199777,7012.842087613625,4979.224917701261
forecast_1195,2025-02-19 19:00:00,9304.751595727706,7985.167142350873,6083.8469496099915
forecast_1196,2025-02-19 20:00:00,9632.563170167317,9530.89525905891,6869.210667814542
forecast_1197,2025-02-19 21:00:00,9266.794684706363,9727.494536043256,6409.963206402906
forecast_1198,2025-02-19 22:00:00,10729.834238318103,11021.533233072249,7416.728725036892
forecast_1199,2025-02-19 23:00:00,11169.309849712572,10044.387705985455,8022.633618043504
forecast_1200,2025-02-20 00:00:00,10607.52550696785,8993.77163088239,7720.533178494911
forecast_1201,2025-02-20 01:00:00,8989.767355520806,7130.603367829093,6246.729819248331
forecast_1202,2025-02-20 02:00:00,9728.6538733072,7511.0219221153475,6429.646741160392
forecast_1203,2025-02-20 03:00:00,9896.908259578007,7800.33081822885,6567.827937080208
forecast_1204,2025-02-20 04:00:00,9477.23326815206,8050.420105749858,6353.7862007770245
forecast_1205,2025-02-20 05:00:00,9543.032589696651,7928.731496160526,6279.039468247848
forecast_1206,2025-02-20 06:00:00,10139.17852070525,9963.128983896984,6694.27175580155
forecast_1207,2025-02-20 07:00:00,12190.45132650749,13363.593653076865,8888.521209363747
forecast_1208,2025-02-20 08:00:00,14443.182280784218,13682.779442519966,9212.776973354703
forecast_1209,2025-02-20 09:00:00,14059.119706412717,13680.957519019854,9180.566142788488
forecast_1210,2025-02-20 10:00:00,12018.435655585878,11213.85729728391,8674.067298081101
forecast_1211,2025-02-20 11:00:00,12445.441890543289,11144.34596305332,8629.024759454162
forecast_1212,2025-02-20 12:00:00,11813.674090238337,10539.745573232447,8194.330729230453
forecast_1213,2025-02-20 13:00:00,9139.584823383033,7969.348323347965,6616.372134904233
forecast_1214,2025-02-20 14:00:00,9404.805856856412,8239.47532315536,7021.861883800153
forecast_1215,2025-02-20 15:00:00,11371.108428854935,9230.07558502145,7253.597189564562
forecast_1216,2025-02-20 16:00:00,9131.818288137472,7396.642708830895,6243.194681631751
forecast_1217,2025-02-20 17:00:00,9118.60677588763,7594.210948623279,6009.988565376332
forecast_1218,2025-02-20 18:00:00,12175.616542394298,10507.764149788562,7699.776428290988
forecast_1219,2025-02-20 19:00:00,12089.575638137938,10866.255220558147,8530.114929636331
forecast_1220,2025-02-20 20:00:00,11711.476937245689,11615.835593350548,8339.771104867727
forecast_1221,2025-02-20 21:00:00,11426.60109845817,10671.935493551971,7908.452046230818
forecast_1222,2025-02-20 22:00:00,12206.2176907776,11608.382722867282,6367.596521589945
forecast_1223,2025-02-20 23:00:00,11329.461222424654,10478.747888128537,6086.922241144504
forecast_1224,2025-02-21 00:00:00,13058.304681615518,13038.337124663722,8210.059199415711
forecast_1225,2025-02-21 01:00:00,11974.56746831155,11185.788527721648,7764.7364342716855
forecast_1226,2025-02-21 02:00:00,13255.729888097396,11193.144206646755,8433.400918302936
forecast_1227,2025-02-21 03:00:00,10518.42791944788,10052.27892231217,7556.299830670631
forecast_1228,2025-02-21 04:00:00,9480.552133706964,9084.47589468321,6720.050002183126
forecast_1229,2025-02-21 05:00:00,9891.945704385827,10495.496407707256,6724.1109968564415
forecast_1230,2025-02-21 06:00:00,11034.712721461388,11376.188764258934,7197.22205901217
forecast_1231,2025-02-21 07:00:00,11182.018709980079,11597.901082150713,7584.19458751047
forecast_1232,2025-02-21 08:00:00,12790.07727155201,12622.61074402314,8499.877237790584
forecast_1233,2025-02-21 09:00:00,11199.283227262742,10787.327439753723,7837.7912037692795
forecast_1234,2025-02-21 10:00:00,7291.053524172428,8167.729276008625,5814.468735652369
forecast_1235,2025-02-21 11:00:00,5969.4110079174525,5938.955993078954,4461.751890147628
forecast_1236,2025-02-21 12:00:00,5951.055870484355,5554.654063490791,4668.426626024822
forecast_1237,2025-02-21 13:00:00,7314.7893535639405,6347.22859449632,4686.704504821665
forecast_1238,2025-02-21 14:00:00,8041.068201598849,6801.563226171197,4653.024590668206
forecast_1239,2025-02-21 15:00:00,8714.759249212568,6973.2707369364925,4871.824338601733
forecast_1240,2025-02-21 16:00:00,9332.358499896283,8088.685103221238,5367.16869823619
forecast_1241,2025-02-21 17:00:00,9503.84984305259,8522.060263494686,5755.087975198396
forecast_1242,2025-02-21 18:00:00,11681.94989120267,10982.412856935574,8514.116648395775
forecast_1243,2025-02-21 19:00:00,12778.730304570718,11507.670621041574,8854.678666279395
forecast_1244,2025-02-21 20:00:00,12222.64033549766,10644.032745774279,8293.109837477337
forecast_1245,2025-02-21 21:00:00,12315.619852455622,10883.25021543276,9398.977547898507
forecast_1246,2025-02-21 22:00:00,13272.54944326982,12040.913065168075,9665.7265369773
forecast_1247,2025-02-21 23:00:00,14469.840659849473,13311.27374557507,10385.635913570553
forecast_1248,2025-02-22 00:00:00,14729.77141220326,13877.689537806236,10766.459207620248
forecast_1249,2025-02-22 01:00:00,16243.156249208774,14242.372218261438,10661.748072548939
forecast_1250,2025-02-22 02:00:00,16712.095065905116,14721.57880902721,11126.631615721384
forecast_1251,2025-02-22 03:00:00,15744.431544381167,14173.173723713056,11033.21867798341
forecast_1252,2025-02-22 04:00:00,15469.377435772452,13367.54510451994,9256.994040369862
forecast_1253,2025-02-22 05:00:00,14351.03363448752,11672.943016819578,7963.3193169633705
forecast_1254,2025-02-22 06:00:00,12395.72296797015,11572.680161765778,6248.995472215074
forecast_1255,2025-02-22 07:00:00,12321.721053296797,12477.19078967747,6972.517957088247
forecast_1256,2025-02-22 08:00:00,9459.67013088128,8728.059004402083,5914.95465386705
forecast_1257,2025-02-22 09:00:00,8234.93143119141,7755.036466728082,5517.6226747434
forecast_1258,2025-02-22 10:00:00,6347.5177896003615,6215.705886663044,4097.580288689149
forecast_1259,2025-02-22 11:00:00,4978.9512395065985,4394.26528918427,3386.2639606116763
forecast_1260,2025-02-22 12:00:00,4952.880195006542,3524.227152009514,2890.9555478651646
forecast_1261,2025-02-22 13:00:00,7023.6036886873335,6409.127043521186,4467.971721756178
forecast_1262,2025-02-22 14:00:00,7346.9323756891745,6161.57767311139,4533.914107305288
forecast_1263,2025-02-22 15:00:00,7466.414903098764,6010.760723088357,4268.0532495699135
forecast_1264,2025-02-22 16:00:00,8252.129516331308,6705.995885871335,4988.281616079822
forecast_1265,2025-02-22 17:00:00,9177.858456540165,7745.817629449222,5185.926515746299
forecast_1266,2025-02-22 18:00:00,11461.62791294234,9860.434747537272,7241.3524469929
forecast_1267,2025-02-22 19:00:00,12731.039047501099,12103.889477227278,9539.895749905467
forecast_1268,2025-02-22 20:00:00,14965.897336864304,13388.568839373687,11783.440546835496
forecast_1269,2025-02-22 21:00:00,15403.146384634922,14737.242689441673,11853.675139449291
forecast_1270,2025-02-22 22:00:00,16887.289181841774,16477.52408174219,13549.60103251496
forecast_1271,2025-02-22 23:00:00,16388.46682180622,16248.920418443797,12961.878039801666
forecast_1272,2025-02-23 00:00:00,15820.942209629755,16455.79520197007,12699.009819800585
forecast_1273,2025-02-23 01:00:00,15968.401523179164,15848.986581147905,11540.181713810287
forecast_1274,2025-02-23 02:00:00,16117.438173488346,16705.76462926838,12659.864736766312
forecast_1275,2025-02-23 03:00:00,16140.465401021635,16634.28871780534,12644.219085099514
forecast_1276,2025-02-23 04:00:00,16630.799177810975,17038.786770013452,12881.95438100555
forecast_1277,2025-02-23 05:00:00,16886.791309492568,17176.717137710948,12748.782829341313
forecast_1278,2025-02-23 06:00:00,16918.15758064463,16963.459564989233,12853.056037961695
forecast_1279,2025-02-23 07:00:00,17635.946796446253,17165.8178974115,12898.159025779367
forecast_1280,2025-02-23 08:00:00,16743.905430578063,16204.459330622387,12697.530769057703
forecast_1281,2025-02-23 09:00:00,15561.332198098366,15874.51073907776,12576.331496761091
forecast_1282,2025-02-23 10:00:00,15454.380487851244,15098.633015803061,11651.641398797936
forecast_1283,2025-02-23 11:00:00,16202.078547852563,14245.413583116424,10619.484373747247
forecast_1284,2025-02-23 12:00:00,16672.702970828024,14372.414393611927,10879.83886328345
forecast_1285,2025-02-23 13:00:00,16483.60169905232,13445.791322782648,10039.042281633452
forecast_1286,2025-02-23 14:00:00,16008.48368875707,12680.492493792643,9587.677483270683
forecast_1287,2025-02-23 15:00:00,15075.229501857259,12467.20885797074,9104.936939702011
forecast_1288,2025-02-23 16:00:00,14823.144711421322,12262.92043101297,8275.50989230026
forecast_1289,2025-02-23 17:00:00,14514.603203835819,11597.538716790517,6825.374545818899
forecast_1290,2025-02-23 18:00:00,13832.031782562448,10862.754830791664,6221.899567386979
forecast_1291,2025-02-23 19:00:00,11814.025434387846,10163.45454211948,6409.17369592302
forecast_1292,2025-02-23 20:00:00,11269.089544929733,10170.873850175378,7442.937613654751
forecast_1293,2025-02-23 21:00:00,11699.06360199633,10929.009340164403,7993.610599274576
forecast_1294,2025-02-23 22:00:00,12336.1736779706,11721.248185074017,7978.516940369805
forecast_1295,2025-02-23 23:00:00,13212.163523445062,13599.812114226268,8312.167907427734
forecast_1296,2025-02-24 00:00:00,13838.009670561765,14610.73301370464,9256.382355244014
forecast_1297,2025-02-24 01:00:00,16377.891669223553,16299.098274813214,11419.64410482741
forecast_1298,2025-02-24 02:00:00,17630.674699693216,17525.797763473707,12062.648143152997
forecast_1299,2025-02-24 03:00:00,18555.999440401567,17837.115630350294,12256.092393385195
forecast_1300,2025-02-24 04:00:00,18492.6686797226,18199.67521494554,12326.422097050092
forecast_1301,2025-02-24 05:00:00,17646.7670584885,17179.22336398559,10241.829944908113
forecast_1302,2025-02-24 06:00:00,17368.70198554902,15764.384864648271,9673.606248430971
forecast_1303,2025-02-24 07:00:00,16555.398183867346,15406.384675554327,9931.93034463681
forecast_1304,2025-02-24 08:00:00,16242.443331495355,14588.746922730874,9647.48985197123
forecast_1305,2025-02-24 09:00:00,15222.192145592539,13202.190789730163,9425.687295137974
forecast_1306,2025-02-24 10:00:00,12107.157120147987,10995.114687552088,8859.346429776204
forecast_1307,2025-02-24 11:00:00,11754.239588356788,11889.891914483778,9055.368017982237
forecast_1308,2025-02-24 12:00:00,8528.92311293779,8443.625652539673,6290.324075803959
forecast_1309,2025-02-24 13:00:00,7969.008963361057,7481.551466564444,5850.651142390196
forecast_1310,2025-02-24 14:00:00,8608.626921045445,7719.229447504878,5828.883678814585
forecast_1311,2025-02-24 15:00:00,9361.647052829638,8280.810935158044,6517.478388252146
forecast_1312,2025-02-24 16:00:00,11391.09689877253,10865.195901758258,7767.733164368668
forecast_1313,2025-02-24 17:00:00,12167.211968787864,12031.534921130704,8027.029044831677
forecast_1314,2025-02-24 18:00:00,13757.06642117191,14116.677401587132,10124.765943201428
forecast_1315,2025-02-24 19:00:00,16581.95765424324,15817.67696285896,10911.146085136805
forecast_1316,2025-02-24 20:00:00,17741.331927094405,16604.603103749007,13142.807824180645
forecast_1317,2025-02-24 21:00:00,18570.40825350735,16885.025717713655,13720.465396797514
forecast_1318,2025-02-24 22:00:00,20572.950812535935,18646.99935022256,14559.9899736557
forecast_1319,2025-02-24 23:00:00,20591.93886720209,18914.20471557281,14811.735486727866
forecast_1320,2025-02-25 00:00:00,21482.15378534199,19321.657410142696,15013.52504248861
forecast_1321,2025-02-25 01:00:00,21186.969759263437,19558.277819876937,15043.667675102502
forecast_1322,2025-02-25 02:00:00,21314.397238634796,19674.695795596926,15146.54756881251
forecast_1323,2025-02-25 03:00:00,21283.857789366786,19783.3584984849,15384.420855765826
forecast_1324,2025-02-25 04:00:00,20667.976576694855,19645.98739613328,14827.474737450357
forecast_1325,2025-02-25 05:00:00,20708.394239597943,19747.05766296671,14705.980070191175
forecast_1326,2025-02-25 06:00:00,20601.70992650013,19904.74146368301,14554.205333684951
forecast_1327,2025-02-25 07:00:00,20974.735391660186,19826.978846238722,14638.0141340185
forecast_1328,2025-02-25 08:00:00,20548.106033574484,19665.1062046097,14060.119325079622
forecast_1329,2025-02-25 09:00:00,19331.079256741716,19151.343654111995,13395.008144736625
forecast_1330,2025-02-25 10:00:00,17559.271518932655,17722.381168533368,13014.467975739171
forecast_1331,2025-02-25 11:00:00,18214.146499467093,17202.15685749421,12911.793085323538
forecast_1332,2025-02-25 12:00:00,17909.399046762537,16613.055286964744,12526.53800210566
forecast_1333,2025-02-25 13:00:00,17019.807472152173,15648.052067075003,11446.965420101988
forecast_1334,2025-02-25 14:00:00,16982.71648053126,15183.069552031577,12026.839521566764
forecast_1335,2025-02-25 15:00:00,17181.11838091194,15239.594435732006,12021.527251289142
forecast_1336,2025-02-25 16:00:00,18198.937016528398,15862.938484354081,12910.587049335303
forecast_1337,2025-02-25 17:00:00,20318.52222562998,18539.364862441857,14394.518268054435
forecast_1338,2025-02-25 18:00:00,21054.930808840418,19071.529067884174,15243.694413263216
forecast_1339,2025-02-25 19:00:00,21290.24856591345,19407.079767152136,15804.48576012205
forecast_1340,2025-02-25 20:00:00,21022.514393048586,19493.4980581501,15909.1786334247
forecast_1341,2025-02-25 21:00:00,20914.50372369147,19495.189612647813,15889.535863220424
forecast_1342,2025-02-25 22:00:00,20970.72878204395,19631.373185837845,16024.77396600903
forecast_1343,2025-02-25 23:00:00,20985.92428250792,19492.10547024558,15933.779881530345
forecast_1344,2025-02-26 00:00:00,21307.240487595078,19341.593557565026,15614.320802789327
forecast_1345,2025-02-26 01:00:00,21171.798534793346,19261.202226968075,15393.83931556144
forecast_1346,2025-02-26 02:00:00,21035.730514864168,19189.450206374757,14862.95488310375
forecast_1347,2025-02-26 03:00:00,20591.127282915182,19014.09447305853,13310.133721628796
forecast_1348,2025-02-26 04:00:00,20295.33871981319,18863.120910714915,13067.635269149738
forecast_1349,2025-02-26 05:00:00,19632.443274606063,18993.294037338906,13596.513434119268
forecast_1350,2025-02-26 06:00:00,19498.08904779266,18727.01850526638,13298.894368567047
forecast_1351,2025-02-26 07:00:00,18936.557684413125,18042.357296136805,13433.185220719428
forecast_1352,2025-02-26 08:00:00,17618.887410251144,17408.222622871745,12451.761491878398
forecast_1353,2025-02-26 09:00:00,15722.747930382286,15775.917660677222,10837.003899064313
forecast_1354,2025-02-26 10:00:00,14561.832279492011,14241.826771903787,9711.945653214694
forecast_1355,2025-02-26 11:00:00,13489.017326114494,13425.107953919924,9620.042513148232
forecast_1356,2025-02-26 12:00:00,14269.553339551288,13629.459445570521,9433.094853739718
forecast_1357,2025-02-26 13:00:00,14633.234531263519,13671.969144928742,9115.059506105608
forecast_1358,2025-02-26 14:00:00,14953.290120025336,13549.674436401283,9159.819549997123
forecast_1359,2025-02-26 15:00:00,14761.851741652672,13737.489654709787,9275.277578567251
forecast_1360,2025-02-26 16:00:00,14975.764662608715,14041.778802960376,9924.306757834773
forecast_1361,2025-02-26 17:00:00,16480.335869816703,14757.892642573279,10367.499587730546
forecast_1362,2025-02-26 18:00:00,16753.5788215749,16001.037563884203,11056.936458259801
forecast_1363,2025-02-26 19:00:00,17474.630063487366,16983.08502686197,12542.629323304027
forecast_1364,2025-02-26 20:00:00,18137.200737557185,18072.454408126996,13026.90497371615
forecast_1365,2025-02-26 21:00:00,19634.533148416693,19085.687491775094,13925.844715556026
forecast_1366,2025-02-26 22:00:00,19947.05191238633,18921.800387285326,13817.674915066118
forecast_1367,2025-02-26 23:00:00,18169.89939135915,17764.098809702875,13049.903925904398
forecast_1368,2025-02-27 00:00:00,18830.193718730145,18478.094412012048,13747.231848266876
forecast_1369,2025-02-27 01:00:00,19322.786327272133,19001.669114936347,13433.376667899003
forecast_1370,2025-02-27 02:00:00,20204.423302141113,19327.049989536754,13661.414122252934
forecast_1371,2025-02-27 03:00:00,21127.423586535973,19589.56841173866,13732.570756021547
forecast_1372,2025-02-27 04:00:00,21259.53538962396,19344.779029036516,14030.851312724788
forecast_1373,2025-02-27 05:00:00,21230.278542121745,18981.571754499295,14669.448951216547
forecast_1374,2025-02-27 06:00:00,21353.890542563226,19212.439035370273,15007.95419178698
forecast_1375,2025-02-27 07:00:00,21298.65430804935,19004.428158416125,15078.34239523176
forecast_1376,2025-02-27 08:00:00,19259.49250819218,17456.779365183716,13443.309880952262
forecast_1377,2025-02-27 09:00:00,17706.66853898644,16317.053926577602,11260.941361448244
forecast_1378,2025-02-27 10:00:00,14498.380858709153,14813.492388543369,10433.732853018735
forecast_1379,2025-02-27 11:00:00,13572.685118091113,13284.321089712577,10042.79746179104
forecast_1380,2025-02-27 12:00:00,13612.212199135298,12900.246756619608,9508.846187795576
forecast_1381,2025-02-27 13:00:00,12077.868835318337,11827.164212452682,8888.410069366293
forecast_1382,2025-02-27 14:00:00,8970.267700503662,7714.29421495953,6025.955310203119
forecast_1383,2025-02-27 15:00:00,8731.890475395332,6992.513737052109,5901.865314051977
forecast_1384,2025-02-27 16:00:00,9587.455791096347,7368.5869563386295,7114.631306456784
forecast_1385,2025-02-27 17:00:00,9597.664489669534,8921.090824933639,5582.352189792233
forecast_1386,2025-02-27 18:00:00,8997.466114265058,8799.07434257363,5395.183692930529
forecast_1387,2025-02-27 19:00:00,10943.035440027574,10857.308350030577,6767.9877206413
forecast_1388,2025-02-27 20:00:00,11721.134835181181,11749.767380309533,7641.131749544125
forecast_1389,2025-02-27 21:00:00,13262.41632197703,14953.908366658872,10067.209597474382
forecast_1390,2025-02-27 22:00:00,12649.677755914503,14603.88725636454,8754.426962731925
forecast_1391,2025-02-27 23:00:00,13490.559029698663,14676.663549260691,8940.293732095966
forecast_1392,2025-02-28 00:00:00,14432.54715177558,15181.615652052205,9237.758053108262
forecast_1393,2025-02-28 01:00:00,15398.098925230164,15963.600259662799,10881.239708859237
forecast_1394,2025-02-28 02:00:00,16058.873922207636,15371.09807953623,11235.824225438377
forecast_1395,2025-02-28 03:00:00,17053.789602295445,15195.094523911004,11776.985618892273
forecast_1396,2025-02-28 04:00:00,17278.61517533806,15664.2702849706,12130.139896093238
forecast_1397,2025-02-28 05:00:00,18027.045877397428,16342.488828422785,12978.43418697141
forecast_1398,2025-02-28 06:00:00,18631.39440131269,16638.123322855958,12936.097922281988
forecast_1399,2025-02-28 07:00:00,19472.85684970656,16927.84975116511,13290.749748351709
forecast_1400,2025-02-28 08:00:00,19425.92861089536,17095.40274986864,13208.356621156492
forecast_1401,2025-02-28 09:00:00,18751.8244585112,17492.83270054366,12912.785625246992
forecast_1402,2025-02-28 10:00:00,16502.660089433415,15768.631375846779,11544.475229689468
forecast_1403,2025-02-28 11:00:00,15106.470888045022,15075.530148521957,11109.15208429428
forecast_1404,2025-02-28 12:00:00,13250.75513312255,12614.846737172336,9681.622734012932
forecast_1405,2025-02-28 13:00:00,10998.035899864824,10949.252321157473,8295.562575180747
forecast_1406,2025-02-28 14:00:00,11990.874670132773,11801.02733338349,9557.908115127339
forecast_1407,2025-02-28 15:00:00,12505.554407776053,12321.518728260728,9785.597716078448
forecast_1408,2025-02-28 16:00:00,13519.304859192713,13160.51249423533,9492.48055693553
forecast_1409,2025-02-28 17:00:00,13812.587772268487,13480.145605449778,9635.559370555984
forecast_1410,2025-02-28 18:00:00,15454.14936857574,13011.317237172178,11047.683490775515
forecast_1411,2025-02-28 19:00:00,16413.94135163475,14285.069221373638,11989.875595960622
forecast_1412,2025-02-28 20:00:00,14780.773607171805,13485.037391538752,8845.450766132148
forecast_1413,2025-02-28 21:00:00,14270.794818328612,11051.083889772888,7917.1013701972515
forecast_1414,2025-02-28 22:00:00,13732.830778774218,10971.47055834983,7661.164802757777
forecast_1415,2025-02-28 23:00:00,12898.72391747474,10273.043651820826,7410.31821990631
forecast_1416,2025-03-01 00:00:00,9188.011921186913,6232.263732626369,4217.895333009996
forecast_1417,2025-03-01 01:00:00,13768.091763413351,10594.751549261278,6993.946827925128
forecast_1418,2025-03-01 02:00:00,7541.533288270131,5569.059750332461,3295.4093373288742
forecast_1419,2025-03-01 03:00:00,5846.9661395186295,3781.612048842219,2956.4062263021756
forecast_1420,2025-03-01 04:00:00,4256.458244575271,3129.3107822105944,1927.196037628553
forecast_1421,2025-03-01 05:00:00,3094.441056743915,1961.4389257127366,1316.8943521276367
forecast_1422,2025-03-01 06:00:00,2872.3702766873416,2058.7491181284354,1188.0941522652274
forecast_1423,2025-03-01 07:00:00,3047.611482622857,3185.1148506468467,1329.2463544346447
forecast_1424,2025-03-01 08:00:00,2014.8560988669478,2163.664861032966,963.3598499466384
forecast_1425,2025-03-01 09:00:00,1308.0491361623535,1546.2022796017782,684.1478865886944
forecast_1426,2025-03-01 10:00:00,1453.2208691070746,1462.4501871345494,599.5568209333187
forecast_1427,2025-03-01 11:00:00,1671.7629313157909,1640.0696194157963,714.065596060238
forecast_1428,2025-03-01 12:00:00,2485.049745211152,2524.546551801319,1361.4434178784634
forecast_1429,2025-03-01 13:00:00,3740.756027664677,3985.104890319089,1756.9743858941258
forecast_1430,2025-03-01 14:00:00,4370.390404331822,4774.629062869728,2345.1439599284276
forecast_1431,2025-03-01 15:00:00,4299.313470023146,4061.5333696110083,2715.7175690300583
forecast_1432,2025-03-01 16:00:00,3780.8004296299014,3442.0161676517732,2345.4131867494275
forecast_1433,2025-03-01 17:00:00,3724.088012980405,3710.2775535200085,1995.9344323354337
forecast_1434,2025-03-01 18:00:00,3014.5673958019174,3875.184133333199,2018.3800958821769
forecast_1435,2025-03-01 19:00:00,3968.247242899866,4793.00510152895,2465.2568466720904
forecast_1436,2025-03-01 20:00:00,3190.438423266221,3383.3789286060314,1487.3259683291067
forecast_1437,2025-03-01 21:00:00,1923.675152772591,2168.3403591513174,706.1020624821812
forecast_1438,2025-03-01 22:00:00,2178.3313914038213,1892.141245849611,604.9540836181336
forecast_1439,2025-03-01 23:00:00,1765.6503598078336,1936.0430689452483,635.3160019592679
forecast_1440,2025-03-02 00:00:00,1606.8758857190687,1522.1889954951278,531.5069357973128
forecast_1441,2025-03-02 01:00:00,4318.223159471899,4190.086501171395,2228.168327534133
forecast_1442,2025-03-02 02:00:00,5249.37472293142,4511.344537660424,2334.153183825415
forecast_1443,2025-03-02 03:00:00,4541.350030046783,4218.76477882231,2192.4520518244985
forecast_1444,2025-03-02 04:00:00,5239.395903241865,4196.811725816909,2011.9339262772326
forecast_1445,2025-03-02 05:00:00,3942.8977869754353,3511.56693844226,1518.124418324201
forecast_1446,2025-03-02 06:00:00,1669.5559683637978,1281.8630496166923,551.4852881640032
forecast_1447,2025-03-02 07:00:00,828.4753941094305,724.0177592966957,445.97337106167964
forecast_1448,2025-03-02 08:00:00,843.4911958943236,741.3104253857193,325.1258657382589
forecast_1449,2025-03-02 09:00:00,1615.100113483728,1492.6440685880777,620.7681806047982
forecast_1450,2025-03-02 10:00:00,1771.4783714152802,1901.9146757479655,1635.6067601131242
forecast_1451,2025-03-02 11:00:00,2180.8510130700897,2843.1757703223984,2317.6523816665263
forecast_1452,2025-03-02 12:00:00,2790.5576820926935,3546.0169626102684,2893.4446020736577
forecast_1453,2025-03-02 13:00:00,3524.63359106526,3882.922184675448,3273.3029310859883
forecast_1454,2025-03-02 14:00:00,3340.7446092795562,3913.785558488993,2703.5736991704516
forecast_1455,2025-03-02 15:00:00,4159.356823045992,4714.508152544991,3719.329485326046
forecast_1456,2025-03-02 16:00:00,4380.343156103135,5121.137708859439,5089.918986090762
forecast_1457,2025-03-02 17:00:00,4872.416153835172,5123.694626487815,4367.434762614085
forecast_1458,2025-03-02 18:00:00,6320.58983681052,5745.8417668704515,5792.968623975129
forecast_1459,2025-03-02 19:00:00,9780.77787994132,9280.764836616077,7878.628216969604
forecast_1460,2025-03-02 20:00:00,8000.794448614036,7847.414735219525,6239.088225938312
forecast_1461,2025-03-02 21:00:00,7142.4750828173355,7659.473426917492,5162.1109913270875
forecast_1462,2025-03-02 22:00:00,9278.02658130548,9749.0991278178,5996.7140258493955
forecast_1463,2025-03-02 23:00:00,8072.979817084942,8921.037552471385,5478.196218774953
forecast_1464,2025-03-03 00:00:00,6750.331252486856,7140.554481578,5486.921907463056
forecast_1465,2025-03-03 01:00:00,15732.067412483739,16943.077644945937,10832.736830004365
forecast_1466,2025-03-03 02:00:00,15379.876506705683,16895.12330399064,11039.933223923297
forecast_1467,2025-03-03 03:00:00,13486.488484209349,14702.252462133076,9730.847447228472
forecast_1468,2025-03-03 04:00:00,13183.58833827288,14413.583470730198,9650.073942321176
forecast_1469,2025-03-03 05:00:00,14746.048786598021,15763.167221807287,10750.248822537438
forecast_1470,2025-03-03 06:00:00,15658.89981524358,17407.638009178216,11084.915790345289
forecast_1471,2025-03-03 07:00:00,15911.447614172088,17538.61890644894,10854.530430831961
forecast_1472,2025-03-03 08:00:00,16108.024409337926,17647.11447665719,11206.714691539302
forecast_1473,2025-03-03 09:00:00,16224.087005666965,17594.429255473246,11240.161562238172
forecast_1474,2025-03-03 10:00:00,15889.446912149002,17089.006987968558,11127.584215717745
forecast_1475,2025-03-03 11:00:00,15306.267541819037,16590.826654986435,11059.666602874471
forecast_1476,2025-03-03 12:00:00,14958.023791372434,16378.511675023274,11343.473122368523
forecast_1477,2025-03-03 13:00:00,14909.697711934185,15728.619069536266,11192.960811280589
forecast_1478,2025-03-03 14:00:00,14932.624314897637,16028.768349345746,11345.836650903622
forecast_1479,2025-03-03 15:00:00,14478.15076609678,15984.001887834207,11238.078689928416
forecast_1480,2025-03-03 16:00:00,14378.837979278162,15846.262391697564,11062.160881360285
forecast_1481,2025-03-03 17:00:00,14347.150318880727,15448.501707172554,10833.50226941142
forecast_1482,2025-03-03 18:00:00,13172.7276970674,14072.156388085577,9506.358545362385
forecast_1483,2025-03-03 19:00:00,9808.393608688624,11427.636012266898,6775.568670918978
forecast_1484,2025-03-03 20:00:00,8315.240988939006,8897.737794264542,5034.014691574098
forecast_1485,2025-03-03 21:00:00,8771.666175609951,10293.184311558729,5687.6169454066385
forecast_1486,2025-03-03 22:00:00,11291.524356828279,12765.275318366883,7123.569025957037
forecast_1487,2025-03-03 23:00:00,11457.079981036513,13073.74334782169,7206.186753833482
forecast_1488,2025-03-04 00:00:00,12339.681931168774,14055.144749215653,7701.152944092027
forecast_1489,2025-03-04 01:00:00,14737.596434507215,17110.61400448865,9908.013223461217
forecast_1490,2025-03-04 02:00:00,14677.948095554148,16611.276440122074,9919.345098056781
forecast_1491,2025-03-04 03:00:00,14938.179143563268,16661.111780561692,9742.1400087311
forecast_1492,2025-03-04 04:00:00,14808.055978562716,16687.090080236503,9705.649927199274
forecast_1493,2025-03-04 05:00:00,14629.39899532923,16401.10251035408,9722.997059143287
forecast_1494,2025-03-04 06:00:00,14901.962960912151,16973.857519030276,9914.824176176106
forecast_1495,2025-03-04 07:00:00,14927.958121806012,17039.78650865493,9832.519147616598
forecast_1496,2025-03-04 08:00:00,14817.571815555673,17049.858757006088,9790.165059667763
forecast_1497,2025-03-04 09:00:00,15008.696612373225,16811.07157920926,9966.636078100712
forecast_1498,2025-03-04 10:00:00,14756.450488896742,16094.44183705614,9993.43511636629
forecast_1499,2025-03-04 11:00:00,14844.93646783532,16086.440854631348,10035.093762665732
forecast_1500,2025-03-04 12:00:00,14655.999344968708,15692.07879208498,10001.904908738154
forecast_1501,2025-03-04 13:00:00,14749.896500897228,17032.07892063735,9862.0926007302
forecast_1502,2025-03-04 14:00:00,14913.609625855664,17250.814201352878,9914.04994175874
forecast_1503,2025-03-04 15:00:00,15303.175713697769,17065.1449092817,10181.249902944688
forecast_1504,2025-03-04 16:00:00,14880.95031014455,17069.003967608245,10303.599645073084
forecast_1505,2025-03-04 17:00:00,14832.376681074638,16876.52435719539,10812.018058678226
forecast_1506,2025-03-04 18:00:00,14825.614965834204,16597.62738185095,10555.945927754776
forecast_1507,2025-03-04 19:00:00,14608.371454603406,16005.202712959137,11009.068733751326
forecast_1508,2025-03-04 20:00:00,14720.25884038724,15773.692172990917,10969.718890528073
forecast_1509,2025-03-04 21:00:00,14614.184942285128,16217.459555111769,10352.940294102782
forecast_1510,2025-03-04 22:00:00,13888.23954608607,15922.165121815606,10411.050834514825
forecast_1511,2025-03-04 23:00:00,13794.078488389312,15717.68605829406,10084.361380894312
forecast_1512,2025-03-05 00:00:00,6707.100918751128,8850.870672449893,5540.916634848048
forecast_1513,2025-03-05 01:00:00,1624.1944755759187,1994.4041321502398,2526.2920945088317
forecast_1514,2025-03-05 02:00:00,1618.4193881728804,2088.210873616859,2563.368417380801
forecast_1515,2025-03-05 03:00:00,1912.963015773925,1940.530151702073,2788.3791045910884
forecast_1516,2025-03-05 04:00:00,2355.659176638142,2169.895722341138,2316.220003047645
forecast_1517,2025-03-05 05:00:00,1919.3025899228098,1912.4184118075873,1756.1837403178183
forecast_1518,2025-03-05 06:00:00,2048.6025636092754,2328.767585468441,1600.0011242822832
forecast_1519,2025-03-05 07:00:00,1986.0197504200487,1925.280737574353,1574.7077986577278
forecast_1520,2025-03-05 08:00:00,2029.5436346278232,1644.0826401704735,1594.8268362385418
forecast_1521,2025-03-05 09:00:00,1854.516321838439,1678.1735035119625,1159.6996903645315
forecast_1522,2025-03-05 10:00:00,1156.7208446716174,1142.8481712047587,1061.934001947687
forecast_1523,2025-03-05 11:00:00,899.0917796840959,1079.60699199743,856.5196840460953
forecast_1524,2025-03-05 12:00:00,682.8763406238335,933.4430686670169,611.5938655742506
forecast_1525,2025-03-05 13:00:00,627.736165670599,796.2045605715089,554.9216510344037
forecast_1526,2025-03-05 14:00:00,404.2752718373058,608.9083716784639,375.63057285393853
forecast_1527,2025-03-05 15:00:00,487.1441977781226,651.7211380081121,476.3221170539541
forecast_1528,2025-03-05 16:00:00,441.4530785455882,596.8498807787523,446.82428430536294
forecast_1529,2025-03-05 17:00:00,503.43169158400167,574.3698425213403,392.5828679623214
forecast_1530,2025-03-05 18:00:00,646.9802588931182,530.739916221378,359.00184739113274
forecast_1531,2025-03-05 19:00:00,899.711950282137,959.8304241256255,531.5203484586274
forecast_1532,2025-03-05 20:00:00,1068.7881741089873,1234.1285614018298,669.4490237184405
forecast_1533,2025-03-05 21:00:00,1506.2080763257238,1413.1713781231415,726.612942448201
forecast_1534,2025-03-05 22:00:00,1611.145427473744,1277.4064026279461,798.8708195599753
forecast_1535,2025-03-05 23:00:00,1503.1034552186318,1315.5716688620696,756.3078609376269
forecast_1536,2025-03-06 00:00:00,1618.468500612333,1596.3901816483237,798.0647676743788
forecast_1537,2025-03-06 01:00:00,1126.0885262551035,1258.6318472340622,771.5642192962964
forecast_1538,2025-03-06 02:00:00,1271.043026216688,1290.747118917493,656.3590293572305
forecast_1539,2025-03-06 03:00:00,1328.0135728694827,1242.0568237581665,661.6326865016304
forecast_1540,2025-03-06 04:00:00,1314.8513101218289,1286.237696358066,605.7749474860501
forecast_1541,2025-03-06 05:00:00,1337.0754962850474,1252.4673746838155,723.7628885190054
forecast_1542,2025-03-06 06:00:00,1063.335380347548,1154.518910057416,535.7558279869271
forecast_1543,2025-03-06 07:00:00,1028.3788552361389,1112.5021375206202,422.07173184965075
forecast_1544,2025-03-06 08:00:00,672.5049024538946,645.4603892716677,209.64462933430664
forecast_1545,2025-03-06 09:00:00,446.3232411671312,423.05633486890895,128.9275385500921
forecast_1546,2025-03-06 10:00:00,203.65167411951649,212.7801148074304,124.64704802837029
forecast_1547,2025-03-06 11:00:00,158.08877613748018,188.00164024127028,131.4442486350942
forecast_1548,2025-03-06 12:00:00,205.6682257582507,203.84788111089335,166.39535209370794
forecast_1549,2025-03-06 13:00:00,229.16965357818387,264.2924800169283,221.18999690762362
forecast_1550,2025-03-06 14:00:00,243.71127325841965,265.073399868179,231.8975666486891
forecast_1551,2025-03-06 15:00:00,269.88277004439755,314.00347663315534,231.11655299526228
forecast_1552,2025-03-06 16:00:00,426.0620892748325,459.92863509122503,310.40602116063036
forecast_1553,2025-03-06 17:00:00,450.63974626413426,449.03492892129174,304.3492936024782
forecast_1554,2025-03-06 18:00:00,488.9290108804924,446.9414514325955,347.0327842829528
forecast_1555,2025-03-06 19:00:00,567.0740381007824,639.2771536200196,343.9326442420442
forecast_1556,2025-03-06 20:00:00,922.7735205387952,717.0170861966794,302.80093088197617
forecast_1557,2025-03-06 21:00:00,1077.6690712000886,779.345823955383,344.74756552486986
forecast_1558,2025-03-06 22:00:00,1120.0930843115202,1207.5613358065004,429.98466087226615
forecast_1559,2025-03-06 23:00:00,1734.5661561341462,1284.3606940127668,662.5489865952873
forecast_1560,2025-03-07 00:00:00,1494.4593353396835,1076.7816717230141,536.3498379529876
forecast_1561,2025-03-07 01:00:00,1142.1672315660564,1096.810379709982,443.16075083455206
forecast_1562,2025-03-07 02:00:00,1202.78977642117,1170.0729200106068,473.88896339744144
forecast_1563,2025-03-07 03:00:00,448.833096148653,444.5258486128715,239.37515438177013
forecast_1564,2025-03-07 04:00:00,682.4783490274187,531.3136420825648,320.3482066306555
forecast_1565,2025-03-07 05:00:00,932.4359522712257,817.2507616963952,330.6257072710619
forecast_1566,2025-03-07 06:00:00,618.2726899879707,457.59232934576545,191.3198593894363
forecast_1567,2025-03-07 07:00:00,599.331687570805,371.3433465253972,193.10496517826815
forecast_1568,2025-03-07 08:00:00,500.3190173135566,437.3590692532741,162.7736416243849
forecast_1569,2025-03-07 09:00:00,554.8502920523258,477.34149033410637,187.30384017058236
forecast_1570,2025-03-07 10:00:00,230.7944137635951,254.79453493602236,111.32155156987645
forecast_1571,2025-03-07 11:00:00,130.6821977839925,138.73131577869046,102.5845000254251
forecast_1572,2025-03-07 12:00:00,139.22762304237216,133.9732840282017,126.13303187797409
forecast_1573,2025-03-07 13:00:00,186.71650306002215,174.86418683296597,135.66909167385555
forecast_1574,2025-03-07 14:00:00,210.1663152093399,209.69174516620265,166.4785974410492
forecast_1575,2025-03-07 15:00:00,256.9871019082919,263.10144559136353,257.37147976874707
forecast_1576,2025-03-07 16:00:00,398.6524416825868,310.04247994124296,310.21035216542106
forecast_1577,2025-03-07 17:00:00,506.5230026010059,466.31112039045206,319.1470494838847
forecast_1578,2025-03-07 18:00:00,698.9033468587102,694.4074767109022,360.02164436558326
forecast_1579,2025-03-07 19:00:00,988.7245246550318,1307.9999106452724,468.27121208773224
forecast_1580,2025-03-07 20:00:00,1225.8132057959863,1069.2911916693806,374.02787356592285
forecast_1581,2025-03-07 21:00:00,1345.95756835197,1213.8226339498842,410.5771902570343
forecast_1582,2025-03-07 22:00:00,2154.8414561371687,1919.4108531348752,643.767452467502
forecast_1583,2025-03-07 23:00:00,2651.0803452811147,2011.6230768243322,881.2021987553074
forecast_1584,2025-03-08 00:00:00,2763.662717105676,2558.8827835210905,1156.8033741832912
forecast_1585,2025-03-08 01:00:00,1673.0819992974182,1929.6652530677325,839.3560234492636
forecast_1586,2025-03-08 02:00:00,2286.7187213525876,2501.2868836582747,1087.9302448284307
forecast_1587,2025-03-08 03:00:00,3017.4584654787814,3189.5874796140433,1819.8908152145157
forecast_1588,2025-03-08 04:00:00,4387.43068456979,4574.463316663074,2308.870497264709
forecast_1589,2025-03-08 05:00:00,4318.414418016822,4561.206560114418,2421.537668845889
forecast_1590,2025-03-08 06:00:00,4337.58001001203,5150.873075060857,2478.868649053743
forecast_1591,2025-03-08 07:00:00,4789.088788262052,5097.090879504387,2467.879858523531
forecast_1592,2025-03-08 08:00:00,4872.609527819238,5265.060625764998,2623.44324703279
forecast_1593,2025-03-08 09:00:00,5893.6443311781595,5237.1197336957375,2789.661404118643
forecast_1594,2025-03-08 10:00:00,7040.45628091395,6042.125631256328,4229.842417541997
forecast_1595,2025-03-08 11:00:00,7473.971283225354,6481.261985230156,4691.269695822386
forecast_1596,2025-03-08 12:00:00,6623.936877920258,6255.7009398605815,4269.352400158402
forecast_1597,2025-03-08 13:00:00,5516.398238187312,5239.777527729322,3478.183592575694
forecast_1598,2025-03-08 14:00:00,7176.681967806835,5738.294225384185,5171.2040658589285
forecast_1599,2025-03-08 15:00:00,7998.039447135183,7258.739294571764,6371.847293839111
forecast_1600,2025-03-08 16:00:00,8353.257009985491,7410.528355394547,6093.218838527308
forecast_1601,2025-03-08 17:00:00,9221.502458516581,9035.324742800816,6923.585603094174
forecast_1602,2025-03-08 18:00:00,12341.897338403167,10319.846372906977,8649.052847974042
forecast_1603,2025-03-08 19:00:00,13102.442328852954,10901.711483859557,9551.817552497365
forecast_1604,2025-03-08 20:00:00,12120.718014458309,11280.979286786644,8307.343740450353
forecast_1605,2025-03-08 21:00:00,10485.765581763753,9707.88714850474,6957.809020371725
forecast_1606,2025-03-08 22:00:00,10573.531368590688,10957.239607883228,7547.201776411848
forecast_1607,2025-03-08 23:00:00,10916.119340094774,9985.799305812261,7186.217078543013
forecast_1608,2025-03-09 00:00:00,11547.905019060347,10151.887966643744,7119.923007243716
forecast_1609,2025-03-09 01:00:00,7764.3507656661795,6346.263562483039,4148.524310919825
forecast_1610,2025-03-09 02:00:00,7396.468950511929,5885.05152577462,4215.529938228755
forecast_1611,2025-03-09 03:00:00,7773.079882456989,5925.690628390769,4483.361194513451
forecast_1612,2025-03-09 04:00:00,6879.940223625916,5074.466600801554,3860.0498959147367
forecast_1613,2025-03-09 05:00:00,4909.417796738706,3442.0084647026283,2848.884677785769
forecast_1614,2025-03-09 06:00:00,5374.892204752606,3768.054710949246,2894.1025652853127
forecast_1615,2025-03-09 07:00:00,5957.905703221952,3740.060440826682,3616.846478050208
forecast_1616,2025-03-09 08:00:00,3435.944155849509,1905.9812873522028,1326.130523155891
forecast_1617,2025-03-09 09:00:00,868.0260441844734,571.5900775797833,319.2932328666788
forecast_1618,2025-03-09 10:00:00,245.9879350936649,218.2005784679833,126.8953880576925
forecast_1619,2025-03-09 11:00:00,244.22640703932205,179.29922265360818,127.85414702820394
forecast_1620,2025-03-09 12:00:00,150.8680444009633,128.8320324676016,109.01651499459473
forecast_1621,2025-03-09 13:00:00,125.60930173994693,129.64362811699178,106.10430602837887
forecast_1622,2025-03-09 14:00:00,172.8324945111555,179.46244419628374,134.8852205751826
forecast_1623,2025-03-09 15:00:00,258.04171249904766,220.96028566717894,143.45978086266163
forecast_1624,2025-03-09 16:00:00,220.63087580537342,191.50256117318057,116.12416539300143
forecast_1625,2025-03-09 17:00:00,262.0883013930031,219.62887021443433,129.82735838300266
forecast_1626,2025-03-09 18:00:00,321.5693094939115,280.8731942145501,130.36662242211258
forecast_1627,2025-03-09 19:00:00,643.7671310374728,579.1230655971953,232.79484909591315
forecast_1628,2025-03-09 20:00:00,719.1823524392781,581.5461336741433,240.4483620717182
forecast_1629,2025-03-09 21:00:00,756.0499646645841,669.76595095322,286.9661509181957
forecast_1630,2025-03-09 22:00:00,1251.356104786205,1245.1737071766238,548.1498829832827
forecast_1631,2025-03-09 23:00:00,1835.7231019692526,1691.978273960271,979.7384221347498
forecast_1632,2025-03-10 00:00:00,3446.0531933619395,3418.6914068880633,2116.033184377465
forecast_1633,2025-03-10 01:00:00,4289.079667744767,4584.642229021091,2558.104055076243
forecast_1634,2025-03-10 02:00:00,6138.159354189966,5947.032699343857,3886.7641733643686
forecast_1635,2025-03-10 03:00:00,6525.853847654261,6346.134072551574,3752.426292883616
forecast_1636,2025-03-10 04:00:00,6062.3311136289085,6217.8412738954585,3371.63332248544
forecast_1637,2025-03-10 05:00:00,5699.001369882314,5998.699526841209,3104.900149087522
forecast_1638,2025-03-10 06:00:00,6351.368849027225,6258.65617414763,3358.1256674445262
forecast_1639,2025-03-10 07:00:00,6949.463986270682,6643.234200598366,3786.29131595774
forecast_1640,2025-03-10 08:00:00,6403.027244072984,6143.4697168968,2983.394400299498
forecast_1641,2025-03-10 09:00:00,4503.432703122212,4897.22606245983,1875.819149935276
forecast_1642,2025-03-10 10:00:00,3694.9761039374625,3950.816341769741,1763.9073344779242
forecast_1643,2025-03-10 11:00:00,2659.586489328012,3013.489946326234,1539.0538042359397
forecast_1644,2025-03-10 12:00:00,2105.194253547532,2487.6022833189886,1569.7530246087124
forecast_1645,2025-03-10 13:00:00,2794.9127102879456,2966.3661288059675,2278.073056852446
forecast_1646,2025-03-10 14:00:00,4357.176260762295,4166.305272553105,3002.730529244763
forecast_1647,2025-03-10 15:00:00,5754.841897900655,5088.2099937586845,3477.292056149337
forecast_1648,2025-03-10 16:00:00,6923.119709368663,6086.009794301338,3675.340284124096
forecast_1649,2025-03-10 17:00:00,7185.693157741594,6517.506654311793,3733.671965310115
forecast_1650,2025-03-10 18:00:00,7787.244219392143,8325.38851740316,4258.758260319757
forecast_1651,2025-03-10 19:00:00,8106.166514840442,7906.306295359394,4419.6283652473585
forecast_1652,2025-03-10 20:00:00,9463.611501881182,9663.113915072972,5467.7278120341625
forecast_1653,2025-03-10 21:00:00,11480.298741530734,11528.017580272744,7235.06199169353
forecast_1654,2025-03-10 22:00:00,14405.239373986833,14707.121702307437,9503.773636640793
forecast_1655,2025-03-10 23:00:00,14520.954790037466,14487.355739388751,10751.02621990726
forecast_1656,2025-03-11 00:00:00,17566.209524226768,16614.660708973795,12924.678416498498
forecast_1657,2025-03-11 01:00:00,18287.369055446918,16472.244662813006,11890.198217766354
forecast_1658,2025-03-11 02:00:00,17692.717034852143,16855.300332747385,11784.965644686923
forecast_1659,2025-03-11 03:00:00,18249.02297266125,16873.81491741408,11913.530815613802
forecast_1660,2025-03-11 04:00:00,19709.495661101104,18118.55373024905,12409.494393913754
forecast_1661,2025-03-11 05:00:00,20275.217635391844,17797.37633500989,12295.021874717733
forecast_1662,2025-03-11 06:00:00,19294.695563216887,16523.52981971248,10629.239842128201
forecast_1663,2025-03-11 07:00:00,15951.108114308876,13697.218937605463,8542.247316601612
forecast_1664,2025-03-11 08:00:00,9388.954170621191,7072.890280037392,4847.157549881125
forecast_1665,2025-03-11 09:00:00,4706.472616203958,2965.4264462199812,2119.867130717244
forecast_1666,2025-03-11 10:00:00,3114.237320175365,1639.1389920280947,1194.8931458024463
forecast_1667,2025-03-11 11:00:00,1807.388641466532,1423.4147419560609,1098.7093300669576
forecast_1668,2025-03-11 12:00:00,1279.7812875591412,1331.5232801296288,1039.6698473310312
forecast_1669,2025-03-11 13:00:00,930.8762631634254,886.4580700596325,827.2313315087114
forecast_1670,2025-03-11 14:00:00,900.0136852621428,1126.5378917466815,682.143897962763
forecast_1671,2025-03-11 15:00:00,1128.164738798045,1283.9695800509037,873.7293758012302
forecast_1672,2025-03-11 16:00:00,1244.9689318729543,1263.793399619457,1064.400858180561
forecast_1673,2025-03-11 17:00:00,1472.640757158966,1338.7519878465541,1031.7553338934244
forecast_1674,2025-03-11 18:00:00,5045.8444721815895,4578.550469105575,2953.7526682586576
forecast_1675,2025-03-11 19:00:00,4611.59093242971,5293.766589925778,2844.970519735102
forecast_1676,2025-03-11 20:00:00,4866.3362128975,5273.180516034055,2896.965107417575
forecast_1677,2025-03-11 21:00:00,8162.134946247495,7578.226515602326,4804.151057470109
forecast_1678,2025-03-11 22:00:00,8218.173265163943,7424.243896504492,4545.397101489591
forecast_1679,2025-03-11 23:00:00,16285.692311099481,15048.334354922332,10357.09890667284
forecast_1680,2025-03-12 00:00:00,18167.567570478997,17003.213145668196,12424.107847314459
forecast_1681,2025-03-12 01:00:00,14326.780838961313,13784.902738393632,8637.861237587957
forecast_1682,2025-03-12 02:00:00,13633.083859780798,13945.429885071657,8799.144995204415
forecast_1683,2025-03-12 03:00:00,10925.265245667773,11406.868749865898,5893.436733131691
forecast_1684,2025-03-12 04:00:00,13215.701721953537,14001.556678389343,8431.95613220955
forecast_1685,2025-03-12 05:00:00,14887.38425677061,14743.680866480141,10535.445586542974
forecast_1686,2025-03-12 06:00:00,16892.444043790867,16142.522043661642,12660.43751863273
forecast_1687,2025-03-12 07:00:00,18576.877361673476,17745.90598775166,13153.057659147284
forecast_1688,2025-03-12 08:00:00,18572.785885701393,17624.529601625618,13336.273052472707
forecast_1689,2025-03-12 09:00:00,18812.018750307237,17353.755440347497,13453.295555898192
forecast_1690,2025-03-12 10:00:00,18014.640316819892,16849.0748684216,12718.07379919986
forecast_1691,2025-03-12 11:00:00,17794.3109838945,16170.22098511388,12510.802559109034
forecast_1692,2025-03-12 12:00:00,16900.351396514194,15025.917583170403,12092.216767350526
forecast_1693,2025-03-12 13:00:00,17695.932573357088,15306.689595763684,12082.590006959383
forecast_1694,2025-03-12 14:00:00,18121.42172891511,16425.842778492934,12820.224428370208
forecast_1695,2025-03-12 15:00:00,18630.360510520408,17108.862068499093,13476.303572238272
forecast_1696,2025-03-12 16:00:00,20394.37763145997,19021.00247347167,14229.71648819193
forecast_1697,2025-03-12 17:00:00,20682.597035002942,18911.28615880816,14388.616980396506
forecast_1698,2025-03-12 18:00:00,19795.281314070817,18504.13285674949,13129.534449132836
forecast_1699,2025-03-12 19:00:00,19190.90315033719,17611.15893692063,13560.075982002125
forecast_1700,2025-03-12 20:00:00,18114.64931253167,15414.433789861185,11517.968173479278
forecast_1701,2025-03-12 21:00:00,16719.421961411957,15355.27338859771,11189.042821584844
forecast_1702,2025-03-12 22:00:00,14674.158791397456,14506.961413412193,10009.4817780228
forecast_1703,2025-03-12 23:00:00,13553.016323859374,12213.165386800982,8253.651537439624
forecast_1704,2025-03-13 00:00:00,14014.295857529809,12170.354562278017,8183.040352936612
forecast_1705,2025-03-13 01:00:00,12072.22206912266,11463.797843340091,6661.285614902854
forecast_1706,2025-03-13 02:00:00,13177.407282448876,11850.487710645324,8184.032525170867
forecast_1707,2025-03-13 03:00:00,13453.160188832924,12730.723340971737,8391.879766004844
forecast_1708,2025-03-13 04:00:00,13584.368099565583,12467.12867085165,7629.402629925087
forecast_1709,2025-03-13 05:00:00,13463.560383065858,13320.470855706732,7452.791912283676
forecast_1710,2025-03-13 06:00:00,12285.706835798848,12057.776469337905,7556.908237746265
forecast_1711,2025-03-13 07:00:00,10032.322735733795,10658.235404222205,6836.067355077653
forecast_1712,2025-03-13 08:00:00,11077.540280470532,10808.321290687989,6041.030709164116
forecast_1713,2025-03-13 09:00:00,12817.177749242095,11324.951034441578,7281.1190247477325
forecast_1714,2025-03-13 10:00:00,9594.73525634945,9425.42672091629,6048.7277744148205
forecast_1715,2025-03-13 11:00:00,6811.893625155914,5595.3551599265365,3558.564039096988
forecast_1716,2025-03-13 12:00:00,4578.741223637309,3617.5506057270527,2651.5909529554906
forecast_1717,2025-03-13 13:00:00,3657.7360549506097,2917.4965654939056,2425.2384653971612
forecast_1718,2025-03-13 14:00:00,2736.3582730281864,2161.4746308257813,1884.1982730106363
forecast_1719,2025-03-13 15:00:00,1739.312015270867,1499.5042118983806,1021.7115649911638
forecast_1720,2025-03-13 16:00:00,1312.0183663850155,1018.0850977433969,814.0763218117606
forecast_1721,2025-03-13 17:00:00,769.812561810419,752.3356019461198,538.8668281245666
forecast_1722,2025-03-13 18:00:00,1704.9130028281365,1112.3486335147913,824.536050041395
forecast_1723,2025-03-13 19:00:00,2829.808583300947,2408.7558977054414,1297.2980470396005
forecast_1724,2025-03-13 20:00:00,3617.192444983841,2661.907447828928,1570.0837763271286
forecast_1725,2025-03-13 21:00:00,3926.10398329424,3119.7549524402957,1783.3561456357954
forecast_1726,2025-03-13 22:00:00,4903.001959049297,4039.204981819727,2619.254959164059
forecast_1727,2025-03-13 23:00:00,5052.443020651293,4093.1346918075565,2749.9875738111537
forecast_1728,2025-03-14 00:00:00,4302.252376477175,3372.827491219329,2382.758300266702
forecast_1729,2025-03-14 01:00:00,3246.697430777866,2497.9587861032087,1575.1304621164775
forecast_1730,2025-03-14 02:00:00,2428.131208556474,2189.8404234522673,1107.5046515094696
forecast_1731,2025-03-14 03:00:00,2297.2921340622306,2147.506110185783,918.2502971685481
forecast_1732,2025-03-14 04:00:00,1926.2416977905061,1907.0093206567199,723.1106893436437
forecast_1733,2025-03-14 05:00:00,1320.9101948521118,1190.8154189242,515.385887448769
forecast_1734,2025-03-14 06:00:00,1213.814051696204,1083.4378755270131,406.4999974857608
forecast_1735,2025-03-14 07:00:00,957.4575156674769,836.3846443651089,230.42449698761683
forecast_1736,2025-03-14 08:00:00,800.6761924061977,631.2648775794025,288.45935452682284
forecast_1737,2025-03-14 09:00:00,601.9868728115172,481.79188352263213,246.09245780412525
forecast_1738,2025-03-14 10:00:00,580.6842855918235,739.7823433636163,641.694531823177
forecast_1739,2025-03-14 11:00:00,736.8946547324679,762.0034830480942,656.3437490053884
forecast_1740,2025-03-14 12:00:00,774.3155673292256,972.98991802313,758.3282312172747
forecast_1741,2025-03-14 13:00:00,811.0064610918031,1060.3417853594806,882.5920217399703
forecast_1742,2025-03-14 14:00:00,966.5975594432894,1179.861794093623,930.5365279709804
forecast_1743,2025-03-14 15:00:00,1076.2356193157188,1296.400348643829,1040.4103422412468
forecast_1744,2025-03-14 16:00:00,1329.8413460040033,1227.0593480322452,957.274120547019
forecast_1745,2025-03-14 17:00:00,1319.9482157277087,1254.3400292857675,915.769923689076
forecast_1746,2025-03-14 18:00:00,1067.843015433836,916.846475719803,628.023740775936
forecast_1747,2025-03-14 19:00:00,1167.594488144126,1301.203881583211,617.165111537289
forecast_1748,2025-03-14 20:00:00,1594.6118474443124,1378.0601030033715,762.8986356957585
forecast_1749,2025-03-14 21:00:00,1475.6481791836363,1530.9392045118664,601.9226235209534
forecast_1750,2025-03-14 22:00:00,1793.6333711884433,1658.5928122195828,776.7427817504791
forecast_1751,2025-03-14 23:00:00,2052.345445325588,1675.0757130967663,814.1674545247969
forecast_1752,2025-03-15 00:00:00,2117.7367152632355,1781.7529214942595,804.1197488122576
forecast_1753,2025-03-15 01:00:00,3944.405122885152,3969.27707144812,2148.6475269496977
forecast_1754,2025-03-15 02:00:00,4144.547201470266,3920.381680322846,1558.403137052206
forecast_1755,2025-03-15 03:00:00,4184.634030777356,3769.7087009543775,1840.6950257900373
forecast_1756,2025-03-15 04:00:00,4092.213593134636,4213.260065268711,1361.072991661522
forecast_1757,2025-03-15 05:00:00,4343.25219239162,4125.721517438271,2023.3077357220886
forecast_1758,2025-03-15 06:00:00,4288.806306111639,4370.373223105592,2089.680282435504
forecast_1759,2025-03-15 07:00:00,4067.134471332777,4739.029732589083,2564.323102510166
forecast_1760,2025-03-15 08:00:00,4048.3144483693586,5184.085172978848,2798.883370553927
forecast_1761,2025-03-15 09:00:00,4040.552348889007,4557.574657717629,2490.16802339552
forecast_1762,2025-03-15 10:00:00,4300.774041678209,4292.768057653584,2616.297221106692
forecast_1763,2025-03-15 11:00:00,4020.2030377010483,4157.884416439856,2638.4341077931585
forecast_1764,2025-03-15 12:00:00,3426.322982258864,3309.7866117412523,2531.5899719561908
forecast_1765,2025-03-15 13:00:00,3271.4789843246954,2844.7279244380115,2434.189161382649
forecast_1766,2025-03-15 14:00:00,2680.9104609176147,2510.128878785374,2125.03392637445
forecast_1767,2025-03-15 15:00:00,1329.369215137468,1323.067612726488,1211.7039190495364
forecast_1768,2025-03-15 16:00:00,1287.3269129899406,1110.7632745563128,1030.4040785269228
forecast_1769,2025-03-15 17:00:00,956.879846846688,1005.9134641815912,820.3581344933687
forecast_1770,2025-03-15 18:00:00,986.9362058630421,998.3290498066631,961.8928845539542
forecast_1771,2025-03-15 19:00:00,999.5767855907209,1080.0022087733323,793.7598290330385
forecast_1772,2025-03-15 20:00:00,1163.2179015406007,1328.7041938610935,1107.215087760071
forecast_1773,2025-03-15 21:00:00,1789.1576206229347,1714.459500108653,1312.9000362015747
forecast_1774,2025-03-15 22:00:00,2049.845209843479,1972.8621968129146,1257.7587778556308
forecast_1775,2025-03-15 23:00:00,1663.6776153355713,1699.0131015885418,914.9189602787185
forecast_1776,2025-03-16 00:00:00,1398.6839394963083,1543.062400325626,846.8172307083245
forecast_1777,2025-03-16 01:00:00,1391.0921389546497,1297.4593573566347,669.573538007436
forecast_1778,2025-03-16 02:00:00,1344.343019014926,1097.5820758135803,609.0294608506897
forecast_1779,2025-03-16 03:00:00,1258.973712253139,1159.408793316606,581.1617889763014
forecast_1780,2025-03-16 04:00:00,1157.7121706159737,1182.7265606562994,550.8874003681406
forecast_1781,2025-03-16 05:00:00,856.4788377229407,720.0436119370643,251.39918342867205
forecast_1782,2025-03-16 06:00:00,558.297110991656,515.1346268165662,179.82799283186267
forecast_1783,2025-03-16 07:00:00,677.6071785801039,698.4312613448527,199.2457260605503
forecast_1784,2025-03-16 08:00:00,732.920828744265,767.0664196479294,234.66243783863519
forecast_1785,2025-03-16 09:00:00,863.4037604229488,730.6065716271463,246.52625976109016
forecast_1786,2025-03-16 10:00:00,674.0171317397275,650.6024616023858,296.6945314827969
forecast_1787,2025-03-16 11:00:00,766.7716249177591,751.2312446115392,397.20756331578383
forecast_1788,2025-03-16 12:00:00,886.9806462615524,1104.4716328795394,483.5602549252337
forecast_1789,2025-03-16 13:00:00,1220.202055887397,1466.4801381349373,741.4815295568944
forecast_1790,2025-03-16 14:00:00,2956.5953576256925,2773.187149493783,1554.4032000124544
forecast_1791,2025-03-16 15:00:00,4877.528362246701,4372.441275079923,3389.2066190129344
forecast_1792,2025-03-16 16:00:00,8138.483060293644,7235.720668003272,5594.150016073851
forecast_1793,2025-03-16 17:00:00,9152.050123229463,8422.934884902452,6174.818124174804
forecast_1794,2025-03-16 18:00:00,8958.279417235879,8173.1834309070255,6122.868512137405
forecast_1795,2025-03-16 19:00:00,9762.166271823247,8976.734385310123,6232.911906598486
forecast_1796,2025-03-16 20:00:00,12163.924843903698,10836.425058333278,8208.691783664935
forecast_1797,2025-03-16 21:00:00,13888.818051705566,12470.318088177099,9917.626237893597
forecast_1798,2025-03-16 22:00:00,12716.886759223378,11933.704222382266,8736.04492516068
forecast_1799,2025-03-16 23:00:00,9264.478959335738,8126.034424229633,6365.868941194126
forecast_1800,2025-03-17 00:00:00,7032.289153379606,7070.98513076918,4211.742553688921
forecast_1801,2025-03-17 01:00:00,13899.99941727463,13387.88217926307,8177.166438018845
forecast_1802,2025-03-17 02:00:00,11696.42147988624,9966.829815353856,7169.234673318191
forecast_1803,2025-03-17 03:00:00,10162.654673606523,9196.86164424476,6247.36102220762
forecast_1804,2025-03-17 04:00:00,9840.545631360284,8579.955189043336,5579.1219113194265
forecast_1805,2025-03-17 05:00:00,8107.537750127976,6486.655940558481,4676.285868523756
forecast_1806,2025-03-17 06:00:00,6201.525771785752,6369.67340436279,4612.294598390279
forecast_1807,2025-03-17 07:00:00,3674.458561315903,4030.308456513962,2683.874437695922
forecast_1808,2025-03-17 08:00:00,4114.087609210741,3434.7218076774593,1794.5323666625334
forecast_1809,2025-03-17 09:00:00,3641.499051395595,2539.9195294909678,1533.8268050215013
forecast_1810,2025-03-17 10:00:00,3126.7121311152864,1980.0062713352784,1522.3724556592413
forecast_1811,2025-03-17 11:00:00,2836.4785808771776,2668.5879106762577,1704.8292793783635
forecast_1812,2025-03-17 12:00:00,3770.095985695835,3418.2797064189594,2426.86734818676
forecast_1813,2025-03-17 13:00:00,7430.407308861748,6828.961466496603,5023.792250954632
forecast_1814,2025-03-17 14:00:00,8911.81794471568,8731.462536091052,7501.54646243814
forecast_1815,2025-03-17 15:00:00,11651.772439491377,10535.39020747011,8329.739570165537
forecast_1816,2025-03-17 16:00:00,11302.689743184586,10488.197883493127,8411.147072261905
forecast_1817,2025-03-17 17:00:00,11331.13642115932,9617.275223156543,7803.443266462609
forecast_1818,2025-03-17 18:00:00,10432.523369211296,8763.121065958607,7391.510181681526
forecast_1819,2025-03-17 19:00:00,11616.88669981176,10447.325597814714,8122.648126943581
forecast_1820,2025-03-17 20:00:00,11897.460425708688,11268.007863382354,8803.125557324229
forecast_1821,2025-03-17 21:00:00,13572.35523450489,12694.211855911977,10303.116532661636
forecast_1822,2025-03-17 22:00:00,15804.614987925856,13802.627789617305,10852.824322778346
forecast_1823,2025-03-17 23:00:00,10432.07209035729,10489.733806651244,6073.595016780254
forecast_1824,2025-03-18 00:00:00,8870.8561152821,8999.521498540784,4948.529630738559
forecast_1825,2025-03-18 01:00:00,5093.366381028088,6050.271657331056,3538.8728312415637
forecast_1826,2025-03-18 02:00:00,4965.977818240959,5398.140465390592,2816.790397202711
forecast_1827,2025-03-18 03:00:00,4289.195502811243,3819.4888441161506,1889.9541920411643
forecast_1828,2025-03-18 04:00:00,3876.807176195712,2966.109245028442,1773.5125037841071
forecast_1829,2025-03-18 05:00:00,3705.1357872495632,3017.3596146949058,1760.1982446514608
forecast_1830,2025-03-18 06:00:00,3170.660620003005,2584.2227354013944,1141.5901490186918
forecast_1831,2025-03-18 07:00:00,1533.328180616285,1106.6698604707065,490.7250662578508
forecast_1832,2025-03-18 08:00:00,1084.130489628377,1001.8914910450058,437.8685027546645
forecast_1833,2025-03-18 09:00:00,2059.309826645471,2195.1101043178,613.0305989846844
forecast_1834,2025-03-18 10:00:00,1908.1642808111994,1819.5902176714303,1092.292759062024
forecast_1835,2025-03-18 11:00:00,769.2172422076607,659.8383609889382,469.2851916604465
forecast_1836,2025-03-18 12:00:00,902.7377672114889,1022.3096945035278,629.1590233564048
forecast_1837,2025-03-18 13:00:00,1443.5861653377465,1531.634222320661,904.3986560518238
forecast_1838,2025-03-18 14:00:00,4273.400208386602,3354.2342046125627,1831.8305121440724
forecast_1839,2025-03-18 15:00:00,6589.267683259355,6491.241262803264,3295.4474577802976
forecast_1840,2025-03-18 16:00:00,13020.213913547308,12263.655584249065,7835.223794211779
forecast_1841,2025-03-18 17:00:00,14962.447693366821,15030.700647346848,9322.75791986651
forecast_1842,2025-03-18 18:00:00,14982.400857806088,15210.45927523468,8858.458237776005
forecast_1843,2025-03-18 19:00:00,13597.532834891259,13408.509765300058,7746.273361427473
forecast_1844,2025-03-18 20:00:00,12375.668157994663,11811.679118845701,7131.947067855274
forecast_1845,2025-03-18 21:00:00,11316.277682226351,10183.63661703735,6379.053917690642
forecast_1846,2025-03-18 22:00:00,6083.767920219277,5222.111327371455,3514.4682353041344
forecast_1847,2025-03-18 23:00:00,4813.433366769757,4408.490842789342,2734.2588888829005
forecast_1848,2025-03-19 00:00:00,3938.4143107596938,4345.5387609875625,2479.762971618309
forecast_1849,2025-03-19 01:00:00,3806.9089568411,2795.3335842992665,1626.9901804724298
forecast_1850,2025-03-19 02:00:00,3314.175085920573,2643.734726938297,1421.2217604296318
forecast_1851,2025-03-19 03:00:00,3013.020397927077,2562.996119391837,1183.90563480398
forecast_1852,2025-03-19 04:00:00,2535.2305848182255,1890.7465314722576,1133.9023998403072
forecast_1853,2025-03-19 05:00:00,2489.1276636353605,1688.0995069239286,1216.564119454642
forecast_1854,2025-03-19 06:00:00,1986.0825206442657,1553.3548993309714,1410.5053362329922
forecast_1855,2025-03-19 07:00:00,2528.9448423390963,2573.8755593404953,1834.4705664848402
forecast_1856,2025-03-19 08:00:00,4308.569009500805,3738.7838949516863,2295.9094726758735
forecast_1857,2025-03-19 09:00:00,4252.643065609037,4339.624086111393,2384.3860380813676
forecast_1858,2025-03-19 10:00:00,6539.828479818212,6306.304453216577,4474.952409559568
forecast_1859,2025-03-19 11:00:00,6980.805467201961,6524.495245222673,5733.7172489593195
forecast_1860,2025-03-19 12:00:00,7711.864899156173,7229.033704393538,5813.90978972548
forecast_1861,2025-03-19 13:00:00,9075.8134503005,8103.179978447382,6147.5691171531
forecast_1862,2025-03-19 14:00:00,9847.550769667223,8052.331024992265,6058.569866063937
forecast_1863,2025-03-19 15:00:00,11066.346366489037,9890.317554661033,7459.670763884646
forecast_1864,2025-03-19 16:00:00,11662.170900432933,10249.591664822285,7861.145876846989
forecast_1865,2025-03-19 17:00:00,10528.888181852022,10009.457941153842,7243.170231896234
forecast_1866,2025-03-19 18:00:00,12683.71201891082,11557.730883141632,8256.104786321712
forecast_1867,2025-03-19 19:00:00,14079.814249772011,12942.500489806414,9080.97431294031
forecast_1868,2025-03-19 20:00:00,14128.56863766947,13523.942846827444,10104.317863936854
forecast_1869,2025-03-19 21:00:00,14201.33615050424,14271.967291814226,10265.23489039403
forecast_1870,2025-03-19 22:00:00,14695.368036928072,14889.171288955804,10489.335920515718
forecast_1871,2025-03-19 23:00:00,14419.384544922423,14530.84053727435,10040.766930797006
forecast_1872,2025-03-20 00:00:00,16531.76471935768,16468.986708414224,11385.264405332193
forecast_1873,2025-03-20 01:00:00,16847.784890932824,16772.279445518747,11046.175862291917
forecast_1874,2025-03-20 02:00:00,18426.78960275788,17838.85757806339,12045.892984553471
forecast_1875,2025-03-20 03:00:00,19002.794493353555,18153.87712275098,12546.384512971092
forecast_1876,2025-03-20 04:00:00,19375.53718436136,17881.89936004077,12151.209091768607
forecast_1877,2025-03-20 05:00:00,18854.874853112706,17705.432952855957,12403.713436459222
forecast_1878,2025-03-20 06:00:00,19436.691230956076,18237.72292843339,13678.905330437201
forecast_1879,2025-03-20 07:00:00,19823.074285455175,18417.0896125395,14195.08734650578
forecast_1880,2025-03-20 08:00:00,18789.749669492845,17993.886369795666,13799.35123789729
forecast_1881,2025-03-20 09:00:00,17136.832416592806,17376.69726248478,13316.8124777132
forecast_1882,2025-03-20 10:00:00,16086.822515561455,15826.245377730438,12571.611739119688
forecast_1883,2025-03-20 11:00:00,15884.336407479967,15664.583986361717,12743.27561229579
forecast_1884,2025-03-20 12:00:00,16764.79590554439,15740.082583050906,13039.597966603656
forecast_1885,2025-03-20 13:00:00,17295.952224854787,15953.051371074831,12762.553876401886
forecast_1886,2025-03-20 14:00:00,18923.906366963656,17395.56173542933,13468.480900800545
forecast_1887,2025-03-20 15:00:00,18909.149202479937,17373.13460899988,13940.60160344946
forecast_1888,2025-03-20 16:00:00,19184.318813368587,18040.440492284,14157.317424682933
forecast_1889,2025-03-20 17:00:00,19266.49193877212,18201.068675243256,14171.03925213318
forecast_1890,2025-03-20 18:00:00,19794.17823119296,18156.22608441549,14469.23503612176
forecast_1891,2025-03-20 19:00:00,20019.12994480301,18886.55821594938,14427.397992628636
forecast_1892,2025-03-20 20:00:00,20310.223764192426,19076.64688520586,14863.613273736466
forecast_1893,2025-03-20 21:00:00,20800.551208442193,19347.47059340623,14583.6129997025
forecast_1894,2025-03-20 22:00:00,20932.742196506526,19512.381793128763,14833.400078437639
forecast_1895,2025-03-20 23:00:00,20834.349567999252,19504.80639849761,15227.933701592616
forecast_1896,2025-03-21 00:00:00,20693.127737551422,19292.301834558526,14621.41372345776
forecast_1897,2025-03-21 01:00:00,18867.241949282972,17729.276591992322,13733.854347818866
forecast_1898,2025-03-21 02:00:00,20116.72096701997,18864.742489986318,14463.151356073435
forecast_1899,2025-03-21 03:00:00,20842.738524912194,19195.275213044508,15064.889047857814
forecast_1900,2025-03-21 04:00:00,20727.078776926468,19200.163972142484,15004.065288054546
forecast_1901,2025-03-21 05:00:00,20668.559766571576,19081.349982120228,14856.273272461782
forecast_1902,2025-03-21 06:00:00,20725.38068972411,19158.74771126576,14732.411283008169
forecast_1903,2025-03-21 07:00:00,20834.28160123501,19134.028971079708,14791.865024270275
forecast_1904,2025-03-21 08:00:00,20625.884439788268,19054.62829568529,14572.62828001519
forecast_1905,2025-03-21 09:00:00,20343.354598558806,18887.154518120187,14528.838711151644
forecast_1906,2025-03-21 10:00:00,20321.528790519358,19284.238215843816,14449.07203968998
forecast_1907,2025-03-21 11:00:00,19910.737704376766,18915.133119959795,14062.12575770213
forecast_1908,2025-03-21 12:00:00,19807.51509368307,18876.065901007565,13877.123576623426
forecast_1909,2025-03-21 13:00:00,19568.429129283722,18562.222911494973,13628.261923759033
forecast_1910,2025-03-21 14:00:00,19483.955218687446,18459.26108040159,12669.651250264504
forecast_1911,2025-03-21 15:00:00,19058.934413137795,18386.916019447097,12184.97505316409
forecast_1912,2025-03-21 16:00:00,18994.927280553376,18530.073132922837,12107.64371420476
forecast_1913,2025-03-21 17:00:00,19209.28192494056,18496.969698401266,12193.561458960761
forecast_1914,2025-03-21 18:00:00,19754.09248211452,18711.631423747236,13583.492186021858
forecast_1915,2025-03-21 19:00:00,20167.12001761648,18839.673179407662,14087.35453208181
forecast_1916,2025-03-21 20:00:00,19933.640107878753,18604.0243113523,14573.764431256523
forecast_1917,2025-03-21 21:00:00,20004.856152638673,18703.519772319865,14238.163837823198
forecast_1918,2025-03-21 22:00:00,18910.695161621992,17856.57824792187,13737.868540687585
forecast_1919,2025-03-21 23:00:00,19502.393914461292,18271.44898296774,14381.01306200656
forecast_1920,2025-03-22 00:00:00,19434.928560247936,18712.748184533786,14654.986407990307
forecast_1921,2025-03-22 01:00:00,20364.231601903215,19135.94652089864,14532.493043377997
forecast_1922,2025-03-22 02:00:00,20361.586191293423,19381.414497674046,14658.895248546494
forecast_1923,2025-03-22 03:00:00,20432.785979080898,19329.769692713206,14258.459038496167
forecast_1924,2025-03-22 04:00:00,20510.803654716627,19248.105894872468,14334.786580981872
forecast_1925,2025-03-22 05:00:00,20557.00215608858,19367.697722149514,14666.5449067971
forecast_1926,2025-03-22 06:00:00,20673.898256257893,19416.579585998752,14333.419738558854
forecast_1927,2025-03-22 07:00:00,20458.537479973504,19239.640025137578,14399.066601016371
forecast_1928,2025-03-22 08:00:00,20510.25561126438,19128.09009235511,14782.54612170922
forecast_1929,2025-03-22 09:00:00,20336.851570996943,19132.076949742226,14544.131751203984
forecast_1930,2025-03-22 10:00:00,19739.514964755483,18960.26504862818,13825.922624638139
forecast_1931,2025-03-22 11:00:00,19779.584568890463,18783.134033351005,13553.36824192725
forecast_1932,2025-03-22 12:00:00,19555.811114801654,18860.749526860607,13449.35208150528
forecast_1933,2025-03-22 13:00:00,19090.502603931272,18573.864392302396,13307.057961514049
forecast_1934,2025-03-22 14:00:00,18772.83196574846,18227.461123245426,13355.332137610425
forecast_1935,2025-03-22 15:00:00,18672.015744965196,18201.753438048694,13395.277128206104
forecast_1936,2025-03-22 16:00:00,18194.603395214923,17909.19111913387,12850.39830171332
forecast_1937,2025-03-22 17:00:00,18054.323732483037,17519.771468371357,12032.78020580308
forecast_1938,2025-03-22 18:00:00,18142.030499681823,17480.032190560247,12347.251342613132
forecast_1939,2025-03-22 19:00:00,18652.924343835584,17657.8729882213,12665.366364976278
forecast_1940,2025-03-22 20:00:00,19293.969014874638,18057.405574614477,13333.936281504963
forecast_1941,2025-03-22 21:00:00,19321.66377678178,18109.482904534496,14197.389539430134
forecast_1942,2025-03-22 22:00:00,19337.771678549765,18294.874622858475,14316.934131602686
forecast_1943,2025-03-22 23:00:00,18942.022784256318,18148.09200602136,14641.390279251327
forecast_1944,2025-03-23 00:00:00,18954.538938359667,17615.11211652261,14265.955433209294
forecast_1945,2025-03-23 01:00:00,19129.79811485039,18231.611580860397,13559.303684584305
forecast_1946,2025-03-23 02:00:00,18129.799672446272,17110.73849453272,12829.419926102086
forecast_1947,2025-03-23 03:00:00,18298.454266356777,17380.812183363345,13213.365084926794
forecast_1948,2025-03-23 04:00:00,18323.863625158592,16819.45458254846,13075.31081266911
forecast_1949,2025-03-23 05:00:00,13921.281115684762,14991.657530640357,9808.531526523844
forecast_1950,2025-03-23 06:00:00,13101.924528581894,13302.013281139682,8761.013490096077
forecast_1951,2025-03-23 07:00:00,10660.284393727421,9806.805597986784,5938.616766783662
forecast_1952,2025-03-23 08:00:00,7013.3663915473635,6440.433941544833,3420.1170270546513
forecast_1953,2025-03-23 09:00:00,4583.591341855328,3629.1279422411258,1706.1761889847119
forecast_1954,2025-03-23 10:00:00,1715.4092737656129,1587.8574955795243,851.102591576595
forecast_1955,2025-03-23 11:00:00,903.4287026161759,1051.8500837283507,384.76168991360083
forecast_1956,2025-03-23 12:00:00,590.4166212090855,714.6907738752683,272.59754591767575
forecast_1957,2025-03-23 13:00:00,759.0342529907366,817.4315890417357,296.93849660143024
forecast_1958,2025-03-23 14:00:00,1124.1468789355802,1093.4068167206026,458.60321284939255
forecast_1959,2025-03-23 15:00:00,1871.7874391267296,2177.3245033652734,727.1591718232676
forecast_1960,2025-03-23 16:00:00,3399.6123533352875,3476.9731357248847,1453.0264183395593
forecast_1961,2025-03-23 17:00:00,3659.631680577349,4437.331732700578,1793.519839604156
forecast_1962,2025-03-23 18:00:00,3570.48463073738,3870.109768193344,1917.111093689497
forecast_1963,2025-03-23 19:00:00,4451.014093887751,5264.592180561884,2779.49286889568
forecast_1964,2025-03-23 20:00:00,6021.886137881676,7870.106068010744,3662.424186297789
forecast_1965,2025-03-23 21:00:00,8111.881849533677,10175.680462165941,5082.480440611025
forecast_1966,2025-03-23 22:00:00,9254.580179506043,11420.591343358266,5956.522438890703
forecast_1967,2025-03-23 23:00:00,11540.565545167063,12935.756723762193,6955.43012456005
forecast_1968,2025-03-24 00:00:00,12422.361317632009,13602.65541493447,7744.219159366951
forecast_1969,2025-03-24 01:00:00,14047.588507166052,15104.682838761684,9151.404801876188
forecast_1970,2025-03-24 02:00:00,11600.232531299132,13217.347155595453,7557.272342887334
forecast_1971,2025-03-24 03:00:00,11395.157161882113,12411.95769407716,8969.287112594564
forecast_1972,2025-03-24 04:00:00,10007.646765844582,11829.39535220678,7763.577646113818
forecast_1973,2025-03-24 05:00:00,9723.14266349805,10732.81325249593,6752.057227435625
forecast_1974,2025-03-24 06:00:00,13106.355926787586,14059.891409432166,9859.514168228054
forecast_1975,2025-03-24 07:00:00,14219.834248512643,15127.001101621065,10520.046336263773
forecast_1976,2025-03-24 08:00:00,14628.156986782084,14764.086752989962,10530.067331340271
forecast_1977,2025-03-24 09:00:00,14369.718750936945,14477.15564348001,11205.134648270214
forecast_1978,2025-03-24 10:00:00,16086.614865805514,14609.093565535215,12166.545415649707
forecast_1979,2025-03-24 11:00:00,17637.69446672668,16025.080949425894,13140.53281855251
forecast_1980,2025-03-24 12:00:00,18597.487342378045,18015.609071586077,13139.037841664755
forecast_1981,2025-03-24 13:00:00,18613.736534470227,17928.572892929275,13236.15552870664
forecast_1982,2025-03-24 14:00:00,18002.67657908913,17164.235871877507,13160.411148244426
forecast_1983,2025-03-24 15:00:00,16866.899092526317,15477.30528860395,12860.666182417925
forecast_1984,2025-03-24 16:00:00,16864.607222946528,15479.780174387139,12540.868897095763
forecast_1985,2025-03-24 17:00:00,14550.057311663244,13840.433461834955,11601.925616679717
forecast_1986,2025-03-24 18:00:00,12888.714435516966,12588.378864720375,10005.385167022698
forecast_1987,2025-03-24 19:00:00,13591.105686394963,13535.228295164055,11322.890629613612
forecast_1988,2025-03-24 20:00:00,13669.742104190305,13713.329718134783,11204.61959684446
forecast_1989,2025-03-24 21:00:00,15924.288325964737,14805.625619159446,12671.000223645142
forecast_1990,2025-03-24 22:00:00,16781.4365155227,16134.979828028516,13286.673615386642
forecast_1991,2025-03-24 23:00:00,17412.715594185916,16753.345068443916,13571.033777488157
forecast_1992,2025-03-25 00:00:00,17906.44937584117,15786.31729084238,12919.006474102765
forecast_1993,2025-03-25 01:00:00,19554.88408434421,17620.68540228201,13540.155216077641
forecast_1994,2025-03-25 02:00:00,19515.537841107613,16648.887673377227,12699.233986977208
forecast_1995,2025-03-25 03:00:00,16962.14594627411,15629.133253327776,11902.751187465623
forecast_1996,2025-03-25 04:00:00,13066.561065972537,12733.08131831664,8099.028005149302
forecast_1997,2025-03-25 05:00:00,9170.334412523718,8433.561854167083,5302.848613362554
forecast_1998,2025-03-25 06:00:00,7484.196668452741,7143.201931418147,3514.2840247038134
forecast_1999,2025-03-25 07:00:00,7432.777060275478,7052.156445880236,3831.8673550155754
forecast_2000,2025-03-25 08:00:00,7995.894891315509,7987.451275463386,3899.2342232434326
forecast_2001,2025-03-25 09:00:00,6933.088593381897,7060.685903713878,3746.775825264657
forecast_2002,2025-03-25 10:00:00,7502.775056903502,8145.137109798869,5665.020985502575
forecast_2003,2025-03-25 11:00:00,8390.885301398448,8750.654701120486,7174.1414086244895
forecast_2004,2025-03-25 12:00:00,10189.926346121276,10122.232701812272,8832.283042771125
forecast_2005,2025-03-25 13:00:00,12094.384514897096,13998.244492775964,11029.585580288205
forecast_2006,2025-03-25 14:00:00,16356.868964745097,16620.76687969145,12936.800954007524
forecast_2007,2025-03-25 15:00:00,17212.399291937785,17682.92129757605,13420.484770737074
forecast_2008,2025-03-25 16:00:00,18060.1237926505,17634.130666906232,12457.54407287603
forecast_2009,2025-03-25 17:00:00,17932.19058127523,16798.708512325447,13021.747938370698
forecast_2010,2025-03-25 18:00:00,19392.86247299419,18345.60764008386,14494.4941178119
forecast_2011,2025-03-25 19:00:00,19196.309468205774,17681.144051755004,12227.58801574587
forecast_2012,2025-03-25 20:00:00,18498.144177434122,17497.227269708157,11934.300449083396
forecast_2013,2025-03-25 21:00:00,18791.75401882271,18223.113202480043,10840.700545524429
forecast_2014,2025-03-25 22:00:00,19352.91689815105,18724.401132080548,13696.109924041733
forecast_2015,2025-03-25 23:00:00,19874.660204119926,18524.32661785835,13861.611647628497
forecast_2016,2025-03-26 00:00:00,20024.91935223657,18760.19858192277,13720.093827050292
forecast_2017,2025-03-26 01:00:00,19228.682397974084,18351.066563887027,13422.31355114668
forecast_2018,2025-03-26 02:00:00,19064.313571118335,18229.69280455928,13366.227757976749
forecast_2019,2025-03-26 03:00:00,18108.01501388886,17310.901398995604,12504.060597962998
forecast_2020,2025-03-26 04:00:00,16925.608015282738,14988.653812529003,11588.293509404213
forecast_2021,2025-03-26 05:00:00,14455.483923624073,13442.805329035085,9114.651005667556
forecast_2022,2025-03-26 06:00:00,10707.231679856075,10250.586498381013,6485.585637694418
forecast_2023,2025-03-26 07:00:00,5435.907552969882,4800.962659002074,3160.05603699711
forecast_2024,2025-03-26 08:00:00,2851.855944796911,2268.504681942946,1930.9846239906685
forecast_2025,2025-03-26 09:00:00,2451.7149714580996,1991.1955342041208,1329.270244183304
forecast_2026,2025-03-26 10:00:00,1050.3872492677144,933.0553396778087,442.1283303732921
forecast_2027,2025-03-26 11:00:00,891.3784605967817,953.7366144433261,567.4322657182271
forecast_2028,2025-03-26 12:00:00,1858.7581550008103,1866.4708322729703,663.393752257501
forecast_2029,2025-03-26 13:00:00,1933.6489943716717,2244.7414042670684,886.4727391848467
forecast_2030,2025-03-26 14:00:00,2571.3083730676367,2760.1810758339516,1163.504774928801
forecast_2031,2025-03-26 15:00:00,3321.4211569851464,3514.169657271203,1916.1724052443024
forecast_2032,2025-03-26 16:00:00,2919.3227623962007,3172.756235099279,1742.7856579177462
forecast_2033,2025-03-26 17:00:00,3230.998029159523,3990.808601397765,2234.560640998743
forecast_2034,2025-03-26 18:00:00,5312.349835819284,6170.4607928519035,3479.303218303114
forecast_2035,2025-03-26 19:00:00,7952.263131822826,8158.502768953016,4344.915929942463
forecast_2036,2025-03-26 20:00:00,8619.380406648283,10006.989545214292,4537.330635422758
forecast_2037,2025-03-26 21:00:00,9710.569083016226,11058.016231043457,4973.605369648647
forecast_2038,2025-03-26 22:00:00,11121.471619135667,12211.225260664973,6461.2364271549895
forecast_2039,2025-03-26 23:00:00,12024.527354089676,13247.403472251865,7394.035018568068
forecast_2040,2025-03-27 00:00:00,14948.518962787291,16060.336819168786,11459.209457712936
forecast_2041,2025-03-27 01:00:00,16593.54168208203,17568.159976583847,12995.08097935378
forecast_2042,2025-03-27 02:00:00,16820.758928871073,18117.485652379604,13123.968018343408
forecast_2043,2025-03-27 03:00:00,17405.52094493671,18151.16311730909,13364.48171602154
forecast_2044,2025-03-27 04:00:00,17478.892388291948,18086.5862064966,13606.666669368178
forecast_2045,2025-03-27 05:00:00,15382.236659265896,15664.718432995633,10473.622543739895
forecast_2046,2025-03-27 06:00:00,12404.54651348235,12504.014878182663,8448.728319789845
forecast_2047,2025-03-27 07:00:00,12708.576248676025,13526.154266732872,9639.042541736717
forecast_2048,2025-03-27 08:00:00,13678.068225953695,14344.599987193242,11414.292502653905
forecast_2049,2025-03-27 09:00:00,12905.93972783083,13405.227309132992,9826.637648083755
forecast_2050,2025-03-27 10:00:00,10849.379150558307,11377.827995120893,7518.539304315343
forecast_2051,2025-03-27 11:00:00,10468.62098189323,12026.084911049966,7747.681003103256
forecast_2052,2025-03-27 12:00:00,9723.363833172976,10909.458997544883,7523.628342369866
forecast_2053,2025-03-27 13:00:00,8447.435206880655,9553.443374654778,6255.591734830274
forecast_2054,2025-03-27 14:00:00,9105.358802170042,9754.406422236932,6578.036070947729
forecast_2055,2025-03-27 15:00:00,9077.660047677542,8774.6188659191,6781.989028586392
forecast_2056,2025-03-27 16:00:00,9001.91964389336,7993.912236576893,4912.2109796356135
forecast_2057,2025-03-27 17:00:00,8406.344114623567,7942.296909604903,4663.812052858771
forecast_2058,2025-03-27 18:00:00,9690.005573130764,8874.94210643147,5688.219621915535
forecast_2059,2025-03-27 19:00:00,10090.257042479054,8979.314575979304,5621.61964183637
forecast_2060,2025-03-27 20:00:00,9788.65716757346,9129.766287588938,5998.861316039144
forecast_2061,2025-03-27 21:00:00,11334.416345359192,11377.555260427582,7246.4831865753995
forecast_2062,2025-03-27 22:00:00,12526.326931121845,12545.642273930947,8470.096601700485
forecast_2063,2025-03-27 23:00:00,11686.086357956534,11454.189471754278,7656.2825078833075
forecast_2064,2025-03-28 00:00:00,11640.984674262963,11196.54362112548,6615.648338789036
forecast_2065,2025-03-28 01:00:00,4137.019725849925,4513.414759365101,2045.8932148100146
forecast_2066,2025-03-28 02:00:00,3451.846511914518,3887.1382009467397,1722.9424321426359
forecast_2067,2025-03-28 03:00:00,2973.126997868061,2615.091452695937,1406.8531373851981
forecast_2068,2025-03-28 04:00:00,2419.3836506974467,2444.887404355496,1348.780440783688
forecast_2069,2025-03-28 05:00:00,1714.0894780824779,1734.667315427545,611.9475361769219
forecast_2070,2025-03-28 06:00:00,1483.0711596365559,1384.4445117807952,465.7418044259996
forecast_2071,2025-03-28 07:00:00,1343.1893957974785,1162.2448523205978,608.4446748594116
forecast_2072,2025-03-28 08:00:00,1087.7079091092467,963.3742874003766,476.3806311750105
forecast_2073,2025-03-28 09:00:00,1340.4379732636226,1356.4992878190415,666.6420863224843
forecast_2074,2025-03-28 10:00:00,1010.8526524763766,1112.1426517525606,664.1157299770937
forecast_2075,2025-03-28 11:00:00,971.8221588237369,1070.4199646439365,654.8801970831528
forecast_2076,2025-03-28 12:00:00,1335.539517297221,1130.547693873256,763.1070099799255
forecast_2077,2025-03-28 13:00:00,1615.5001268442645,1847.5998442988878,983.4925818525193
forecast_2078,2025-03-28 14:00:00,2516.8935414252296,2069.2439371640594,1511.6065591375977
forecast_2079,2025-03-28 15:00:00,3020.0324983155383,2229.083268652674,1899.5047255714471
forecast_2080,2025-03-28 16:00:00,3078.9008010472403,2643.1491727541365,1891.4794134295983
forecast_2081,2025-03-28 17:00:00,2185.638918063555,1595.0385199509592,1038.652457126194
forecast_2082,2025-03-28 18:00:00,2640.6170783038474,2873.070967067139,1022.3435071753855
forecast_2083,2025-03-28 19:00:00,3945.596656255039,3679.178188381708,2016.3273942438586
forecast_2084,2025-03-28 20:00:00,6990.24405471214,7355.875426151015,4530.311664774306
forecast_2085,2025-03-28 21:00:00,10340.68547389314,9753.91620481545,6930.819857757296
forecast_2086,2025-03-28 22:00:00,10359.268099054338,11305.584551231526,6294.985747684638
forecast_2087,2025-03-28 23:00:00,7863.833085816479,7464.778666464133,4513.210351307605
forecast_2088,2025-03-29 00:00:00,8388.970290145384,8007.464970028762,4138.752466453609
forecast_2089,2025-03-29 01:00:00,1246.9047388527406,1089.8093840263211,472.4619093913454
forecast_2090,2025-03-29 02:00:00,995.3518998134188,762.224684214734,248.1234499661361
forecast_2091,2025-03-29 03:00:00,1011.993071410793,889.3682592426857,298.71910682127674
forecast_2092,2025-03-29 04:00:00,1788.650675750091,1680.2956791623083,757.4108533637375
forecast_2093,2025-03-29 05:00:00,4952.74664210613,4957.091499652628,2983.153526234435
forecast_2094,2025-03-29 06:00:00,6932.768086051993,7909.434006067399,4492.557248075408
forecast_2095,2025-03-29 07:00:00,8224.699310413256,8272.035331320472,5702.463613256284
forecast_2096,2025-03-29 08:00:00,7613.224372453067,7949.048853549758,5911.831077731137
forecast_2097,2025-03-29 09:00:00,7614.299003259658,7814.092230007854,5726.386219680371
forecast_2098,2025-03-29 10:00:00,8237.801341290075,8966.290689537635,6805.856893931929
forecast_2099,2025-03-29 11:00:00,10546.026881886743,9935.670053623671,8612.605237975475
forecast_2100,2025-03-29 12:00:00,11924.101916398937,11260.522869582685,9028.423404400077
forecast_2101,2025-03-29 13:00:00,14332.558636923353,12865.722468118845,10631.860359528393
forecast_2102,2025-03-29 14:00:00,14666.099995610339,13617.91511116855,11062.566443818827
forecast_2103,2025-03-29 15:00:00,15540.253146396437,13755.223483574688,10800.058901806018
forecast_2104,2025-03-29 16:00:00,16197.765962802845,15092.176066511483,10550.166128167946
forecast_2105,2025-03-29 17:00:00,15839.380580039755,13275.03733055042,10226.658109328686
forecast_2106,2025-03-29 18:00:00,15593.608088308712,13502.944693134623,9832.321136343442
forecast_2107,2025-03-29 19:00:00,15245.915041782371,12247.612575172738,8315.945675419362
forecast_2108,2025-03-29 20:00:00,15201.09478766558,12051.207376736655,8030.416583268617
forecast_2109,2025-03-29 21:00:00,15467.150786748785,12689.866238631226,8236.208094633077
forecast_2110,2025-03-29 22:00:00,15209.196963189443,12372.338350333375,8008.233251631546
forecast_2111,2025-03-29 23:00:00,14182.195440449896,11734.123851201774,7590.030257637673
forecast_2112,2025-03-30 00:00:00,13980.595865962914,11246.244019735277,7213.854612410221
forecast_2113,2025-03-30 01:00:00,14014.883204983478,11277.54464869584,7258.780136105711
forecast_2114,2025-03-30 02:00:00,14435.98427699814,11184.388973393046,7339.299274750785
forecast_2115,2025-03-30 03:00:00,14298.648234249205,10836.854447982125,7217.857017204086
forecast_2116,2025-03-30 04:00:00,14437.397312968513,11353.876368792391,8156.304939290375
forecast_2117,2025-03-30 05:00:00,13311.585586687346,11148.333583641179,7804.455433980106
forecast_2118,2025-03-30 06:00:00,13365.279260766409,11629.476083462067,8864.328053244779
forecast_2119,2025-03-30 07:00:00,12729.27079673467,10415.75214405036,7849.746817237024
forecast_2120,2025-03-30 08:00:00,10262.986411012798,7470.512332929996,6021.679745050406
forecast_2121,2025-03-30 09:00:00,8416.623618710211,7240.141194859338,4490.987435708904
forecast_2122,2025-03-30 10:00:00,8535.550516521229,7283.3261439999815,4857.677503713908
forecast_2123,2025-03-30 11:00:00,10648.883552267338,8423.127004724094,5541.094653157801
forecast_2124,2025-03-30 12:00:00,10980.560634742209,9036.063818795816,6913.700681083348
forecast_2125,2025-03-30 13:00:00,11356.552205871754,9703.223038795779,7843.602161935391
forecast_2126,2025-03-30 14:00:00,11826.515228466233,9395.162717150573,6947.539239517039
forecast_2127,2025-03-30 15:00:00,9796.554907654083,7994.111431471112,5679.577421033005
forecast_2128,2025-03-30 16:00:00,8237.320408760757,7123.523662898979,4708.67389351246
forecast_2129,2025-03-30 17:00:00,7692.792618155054,6448.1644895953805,4185.554829207538
forecast_2130,2025-03-30 18:00:00,7571.295146374771,6503.761309521146,4504.529712193143
forecast_2131,2025-03-30 19:00:00,7986.034989033948,7246.25903664925,4956.801883107528
forecast_2132,2025-03-30 20:00:00,9192.830008393745,8171.822255586897,5323.0845940484405
forecast_2133,2025-03-30 21:00:00,8171.199433079663,7789.404172973045,5240.654504921084
forecast_2134,2025-03-30 22:00:00,10557.63073710372,9721.646531513363,6210.188699184222
forecast_2135,2025-03-30 23:00:00,12810.143378426246,11255.715861442382,7547.81097378556
forecast_2136,2025-03-31 00:00:00,12975.96645130719,12183.561835142324,6961.939858034004
forecast_2137,2025-03-31 01:00:00,16681.183316926996,15717.063442302653,12611.813304968333
forecast_2138,2025-03-31 02:00:00,16158.85255152643,15128.554149479292,11840.724680334817
forecast_2139,2025-03-31 03:00:00,15797.457701955112,15438.78123398263,11944.09098121159
forecast_2140,2025-03-31 04:00:00,14546.351206114296,15404.00211618067,10326.258640380367
forecast_2141,2025-03-31 05:00:00,15166.302040822615,15231.056001995516,10447.752107488375
forecast_2142,2025-03-31 06:00:00,15369.21908322186,15614.711568246876,10064.676104147758
forecast_2143,2025-03-31 07:00:00,11387.516319754783,10889.324333346218,6996.581748494822
forecast_2144,2025-03-31 08:00:00,8051.024284007413,7912.644610087359,4814.831391322739
forecast_2145,2025-03-31 09:00:00,6402.483285869749,5826.118585678161,3549.4362429244457
forecast_2146,2025-03-31 10:00:00,3726.9005687359927,3424.1182420551877,2435.908697844561
forecast_2147,2025-03-31 11:00:00,2693.0188258351313,2222.97492407814,1430.285960949287
forecast_2148,2025-03-31 12:00:00,3497.203468956734,3112.9666013434658,1836.3155220500344
forecast_2149,2025-03-31 13:00:00,4882.500146889381,4358.822196241055,3286.2555712394105
forecast_2150,2025-03-31 14:00:00,5265.868522469346,4322.821596315903,3497.0333235064686
forecast_2151,2025-03-31 15:00:00,5001.538213195769,4224.790637338576,3171.129495054566
forecast_2152,2025-03-31 16:00:00,4719.86715004222,3843.5809097666356,3163.4509003269372
forecast_2153,2025-03-31 17:00:00,6251.6007588626635,4695.130772935119,3792.1323231974393
forecast_2154,2025-03-31 18:00:00,5735.981164934023,5764.829754205406,3726.938090691888
forecast_2155,2025-03-31 19:00:00,8313.425469690732,7811.382377556046,6135.647441397515
forecast_2156,2025-03-31 20:00:00,10266.338113579463,10185.005015200046,7955.716900384591
forecast_2157,2025-03-31 21:00:00,10265.64110290446,9623.555733867084,7300.534894334431
forecast_2158,2025-03-31 22:00:00,12202.463503076706,11500.198653480174,8325.05075010491
forecast_2159,2025-03-31 23:00:00,13666.514402489302,12853.68807766381,9434.189652747622
forecast_2160,2025-04-01 00:00:00,15320.246803485688,14370.33341555297,9652.96580111204
forecast_2161,2025-04-01 01:00:00,7356.042001111498,6299.446343746724,4423.467593583186
forecast_2162,2025-04-01 02:00:00,8462.252649861974,6715.448708983207,4672.156625229374
forecast_2163,2025-04-01 03:00:00,8626.576815257908,6565.051347261852,4868.025228912432
forecast_2164,2025-04-01 04:00:00,8872.784185020122,6934.246997679916,5344.096500461221
forecast_2165,2025-04-01 05:00:00,7404.536508214521,5735.659818800979,4169.980247774227
forecast_2166,2025-04-01 06:00:00,7008.655805515286,5253.977469942359,4069.616243313532
forecast_2167,2025-04-01 07:00:00,5924.19969791967,4509.117654751261,3313.497937469899
forecast_2168,2025-04-01 08:00:00,3406.6506528964746,2716.655093382401,2080.2711469006194
forecast_2169,2025-04-01 09:00:00,1724.5882595352602,1225.3645685262368,907.9856055725519
forecast_2170,2025-04-01 10:00:00,397.64664172657,301.76847817911215,319.2406860377697
forecast_2171,2025-04-01 11:00:00,280.64501003487453,191.17620041757934,209.66398805179395
forecast_2172,2025-04-01 12:00:00,315.9030839235165,223.44714620991584,226.67609916213237
forecast_2173,2025-04-01 13:00:00,261.3972032493655,363.66348767354236,316.63306624610703
forecast_2174,2025-04-01 14:00:00,469.13265921650463,642.6156185439744,413.39935753205947
forecast_2175,2025-04-01 15:00:00,571.9333338387222,761.7366773594507,508.2920180302201
forecast_2176,2025-04-01 16:00:00,468.4644619487053,634.6998212744443,538.8560034289294
forecast_2177,2025-04-01 17:00:00,722.7132091235318,775.167570590377,526.1705282904362
forecast_2178,2025-04-01 18:00:00,1034.7333172146537,929.7942377717673,844.7818150576136
forecast_2179,2025-04-01 19:00:00,1458.8297289182788,1279.280480206274,721.6575141576863
forecast_2180,2025-04-01 20:00:00,1721.2726402897595,1416.1023855093526,614.9906790400125
forecast_2181,2025-04-01 21:00:00,1822.3561956383205,1648.7880438398927,657.630480530006
forecast_2182,2025-04-01 22:00:00,2205.931804143334,2036.6375096103857,724.2615926114689
forecast_2183,2025-04-01 23:00:00,2089.0081310834285,2207.753680736757,762.7251647855956
forecast_2184,2025-04-02 00:00:00,2072.72634851046,2069.3446845555923,689.5898490264061
forecast_2185,2025-04-02 01:00:00,1350.351572971952,1193.990189131342,507.19719405928765
forecast_2186,2025-04-02 02:00:00,1122.9668801935907,1100.1456019532702,476.8351044506537
forecast_2187,2025-04-02 03:00:00,1124.9095756161528,1015.4300125644564,439.62271639861007
forecast_2188,2025-04-02 04:00:00,954.2993133363505,782.2329178724445,325.04464506660435
forecast_2189,2025-04-02 05:00:00,806.8164604927529,711.8606475659079,224.68407278088884
forecast_2190,2025-04-02 06:00:00,743.207256281214,564.3313816274961,160.90991291609845
forecast_2191,2025-04-02 07:00:00,787.6272275095733,545.9951602930723,199.9533045723205
forecast_2192,2025-04-02 08:00:00,652.3258571420367,434.6680363874665,215.36902225549954
forecast_2193,2025-04-02 09:00:00,429.8229905766112,423.68561237021316,169.16896502037466
forecast_2194,2025-04-02 10:00:00,418.25108762288386,415.013288557179,223.35017619508335
forecast_2195,2025-04-02 11:00:00,660.3335151971875,662.3870527675302,631.5974071851055
forecast_2196,2025-04-02 12:00:00,284.8565075402263,417.05668154111925,247.78755869546305
forecast_2197,2025-04-02 13:00:00,339.2738478989653,539.387639339472,395.6863954255239
forecast_2198,2025-04-02 14:00:00,597.557045142793,768.7452266198784,622.6612934843554
forecast_2199,2025-04-02 15:00:00,962.8747555217976,1011.4718992473039,908.8324932129625
forecast_2200,2025-04-02 16:00:00,1153.815284459706,1220.9236879325913,919.4547351192667
forecast_2201,2025-04-02 17:00:00,1182.211127920674,1238.6765755933532,721.7823566132122
forecast_2202,2025-04-02 18:00:00,1176.1920389178224,1061.547230497776,729.1499318685059
forecast_2203,2025-04-02 19:00:00,967.6794120837263,802.833612947918,412.42939838626666
forecast_2204,2025-04-02 20:00:00,658.6772557420669,573.7143775794319,265.1848418107564
forecast_2205,2025-04-02 21:00:00,1023.6645066278719,855.2173389328016,359.624402858941
forecast_2206,2025-04-02 22:00:00,1730.4782377508695,1840.5907639360992,784.6267564914389
forecast_2207,2025-04-02 23:00:00,1747.2386636589627,2164.7037897409177,1053.264763536108
forecast_2208,2025-04-03 00:00:00,1496.1319324332708,1554.6476100953337,794.0677470715341
forecast_2209,2025-04-03 01:00:00,1080.3597931642826,1146.6336915311667,411.2170513286608
forecast_2210,2025-04-03 02:00:00,1224.4822101307248,1365.43985493806,611.3404009767575
forecast_2211,2025-04-03 03:00:00,1248.7462508199103,1528.045178873614,686.8205020677025
forecast_2212,2025-04-03 04:00:00,1374.7217740591766,1714.5635286015038,798.5499142191373
forecast_2213,2025-04-03 05:00:00,1531.079624896491,1743.3269186757534,920.4910562190018
forecast_2214,2025-04-03 06:00:00,1469.1019233471197,1843.3743432025879,918.063651582326
forecast_2215,2025-04-03 07:00:00,1582.2021879820197,1892.7298340709312,910.4138734057426
forecast_2216,2025-04-03 08:00:00,1346.3902280335076,1785.3970650923152,840.3034951886821
forecast_2217,2025-04-03 09:00:00,888.8029506096036,1337.4209229700741,752.9958944356817
forecast_2218,2025-04-03 10:00:00,697.8781888610278,795.5997055982091,539.9521582396494
forecast_2219,2025-04-03 11:00:00,452.70903132393613,549.0577825017294,425.8160808242682
forecast_2220,2025-04-03 12:00:00,312.5020429194217,427.13597405066764,302.02414440715864
forecast_2221,2025-04-03 13:00:00,342.98327053494074,514.4200534902865,323.10450861917684
forecast_2222,2025-04-03 14:00:00,403.23110823876016,520.7550111180872,337.7377239833753
forecast_2223,2025-04-03 15:00:00,604.6737826427787,532.8799918489881,347.51964291850715
forecast_2224,2025-04-03 16:00:00,354.4061426091203,431.80624528707017,320.16497894030834
forecast_2225,2025-04-03 17:00:00,175.08922782775664,150.55255060365386,112.26829593385176
forecast_2226,2025-04-03 18:00:00,280.86920719053296,283.886027595665,193.8163685332231
forecast_2227,2025-04-03 19:00:00,768.2044789247041,757.6301829120788,268.2400315227886
forecast_2228,2025-04-03 20:00:00,982.6374626164179,965.8496817733796,403.3416535542757
forecast_2229,2025-04-03 21:00:00,1278.6156749336599,1171.136201059632,505.1690607381909
forecast_2230,2025-04-03 22:00:00,1683.3839548984363,1739.4135681564483,668.234825916755
forecast_2231,2025-04-03 23:00:00,1958.699464957264,2206.764672632052,992.6281362981416
forecast_2232,2025-04-04 00:00:00,2776.104278379566,3151.568680938443,1538.7565480687622
forecast_2233,2025-04-04 01:00:00,4013.646293099963,4350.4159768686,2848.2380929181304
forecast_2234,2025-04-04 02:00:00,5078.060209349313,5093.819395869385,3473.6109756704436
forecast_2235,2025-04-04 03:00:00,7351.914728963265,5722.05120127378,4433.037700018111
forecast_2236,2025-04-04 04:00:00,10233.638909244897,7552.729006187583,5785.919688684966
forecast_2237,2025-04-04 05:00:00,10427.831385118454,8973.598000373371,6316.541550025223
forecast_2238,2025-04-04 06:00:00,10303.284203598125,8718.03861456113,5770.163064647239
forecast_2239,2025-04-04 07:00:00,8226.190401718944,7621.846827497718,4683.6120737372685
forecast_2240,2025-04-04 08:00:00,7156.893900228572,6687.629412179252,3977.738425718165
forecast_2241,2025-04-04 09:00:00,5359.379257418688,4797.853471784663,2364.0023387664655
forecast_2242,2025-04-04 10:00:00,2073.3316565795776,1804.30637203308,970.0129204870931
forecast_2243,2025-04-04 11:00:00,1019.7647646435196,1077.0354205244982,782.4417239048217
forecast_2244,2025-04-04 12:00:00,844.0684687134311,1047.3044163965922,620.2368189995284
forecast_2245,2025-04-04 13:00:00,721.5802891369951,837.868558098958,573.0062834753608
forecast_2246,2025-04-04 14:00:00,933.3870804776345,941.5317550447278,691.8871611636379
forecast_2247,2025-04-04 15:00:00,912.7371268429808,979.732850202621,683.2910120588795
forecast_2248,2025-04-04 16:00:00,1475.5820452921744,1366.4499112582953,1006.2603534360161
forecast_2249,2025-04-04 17:00:00,2174.9731146799104,1762.0656139791931,1243.750207062319
forecast_2250,2025-04-04 18:00:00,2665.895471692197,2764.255165468917,1722.358734420426
forecast_2251,2025-04-04 19:00:00,2704.968541173044,2753.595431522648,1805.1135292878753
forecast_2252,2025-04-04 20:00:00,3310.752784892698,3536.683379523197,1921.9187536986635
forecast_2253,2025-04-04 21:00:00,2740.538279832063,2954.9118297376917,1214.0010661637984
forecast_2254,2025-04-04 22:00:00,2533.369451636731,2651.5136069524383,1137.1062995758457
forecast_2255,2025-04-04 23:00:00,4195.912660001131,4515.240105404052,2259.2295467011563
forecast_2256,2025-04-05 00:00:00,5501.086346412791,5527.940461650168,2745.612915137776
forecast_2257,2025-04-05 01:00:00,7304.545050174075,9027.484600371698,3646.4383309967257
forecast_2258,2025-04-05 02:00:00,9746.767903318716,10803.193737836033,5361.632735177129
forecast_2259,2025-04-05 03:00:00,9279.311406573972,9592.251724219012,5701.26028325592
forecast_2260,2025-04-05 04:00:00,9229.758903894797,9609.62493071502,5392.653127980047
forecast_2261,2025-04-05 05:00:00,7875.270281470366,9299.604138710692,4612.6474687558
forecast_2262,2025-04-05 06:00:00,9251.373342314108,10215.141772364132,5595.485338834286
forecast_2263,2025-04-05 07:00:00,6963.344724685521,7477.065712189563,3872.3540663915483
forecast_2264,2025-04-05 08:00:00,5708.462798629925,5873.378240122812,3283.8805019017045
forecast_2265,2025-04-05 09:00:00,4876.026897592735,5685.916503588559,3152.231806540295
forecast_2266,2025-04-05 10:00:00,3424.296776539315,3597.8354050836965,1499.8992253535785
forecast_2267,2025-04-05 11:00:00,4357.696335633733,4498.342365952259,3100.6789635150126
forecast_2268,2025-04-05 12:00:00,7509.340786796556,7473.375948344787,6076.712542646657
forecast_2269,2025-04-05 13:00:00,9575.813328177415,11109.32780491954,9065.84568200681
forecast_2270,2025-04-05 14:00:00,11084.204394294171,12367.607852146546,9927.837883837725
forecast_2271,2025-04-05 15:00:00,11286.52163124993,13462.756086467132,10056.279437275824
forecast_2272,2025-04-05 16:00:00,13034.901523782628,14720.828083561813,10959.031721516087
forecast_2273,2025-04-05 17:00:00,14676.468377066125,15140.279000473574,11687.356788130724
forecast_2274,2025-04-05 18:00:00,15626.762113810213,14637.724781798293,11658.461532842577
forecast_2275,2025-04-05 19:00:00,14654.157702680479,13816.134046486231,11682.952318028869
forecast_2276,2025-04-05 20:00:00,16447.06932504622,14608.472958467783,11626.383097681479
forecast_2277,2025-04-05 21:00:00,15308.581357087516,13492.911903270086,10546.07613292499
forecast_2278,2025-04-05 22:00:00,13536.035612814878,12664.062257424326,10341.569207857658
forecast_2279,2025-04-05 23:00:00,14206.6937515767,13340.40941836555,10251.104228135238
forecast_2280,2025-04-06 00:00:00,16316.99637116402,14910.74803715332,11474.126609959338
forecast_2281,2025-04-06 01:00:00,14714.865658936806,13269.535220437776,11172.397754378608
forecast_2282,2025-04-06 02:00:00,14446.611090195915,14049.652007664414,10709.217133105463
forecast_2283,2025-04-06 03:00:00,14924.542055600685,14092.457890730946,10223.950949836482
forecast_2284,2025-04-06 04:00:00,15081.852637375228,13453.400957030077,10435.871179494745
forecast_2285,2025-04-06 05:00:00,15495.75322584888,13985.957341239113,10493.721461708972
forecast_2286,2025-04-06 06:00:00,15825.894068484658,13962.404408355427,11133.497462984287
forecast_2287,2025-04-06 07:00:00,17073.500826846197,14795.179401067435,11695.625172592221
forecast_2288,2025-04-06 08:00:00,17375.277048783977,15440.971080741469,11611.77822684736
forecast_2289,2025-04-06 09:00:00,16837.8922249393,14574.533708063433,10676.443983462586
forecast_2290,2025-04-06 10:00:00,14320.903547551818,12342.240224601841,9153.256201424072
forecast_2291,2025-04-06 11:00:00,13238.10242950249,11146.987659472945,8004.148628816361
forecast_2292,2025-04-06 12:00:00,13766.921298758696,11284.593231643179,8427.236469456413
forecast_2293,2025-04-06 13:00:00,14473.26154043368,13514.700487158405,9570.190291687819
forecast_2294,2025-04-06 14:00:00,14948.88913885633,13948.618020133406,9927.349180201027
forecast_2295,2025-04-06 15:00:00,14743.176704722862,13609.291075935229,10522.306478461915
forecast_2296,2025-04-06 16:00:00,14459.226201398495,13116.637679986174,9695.417260502652
forecast_2297,2025-04-06 17:00:00,14743.764358351975,13629.719589492737,10130.019540839354
forecast_2298,2025-04-06 18:00:00,14646.720193974113,12484.097412567933,9228.541549676671
forecast_2299,2025-04-06 19:00:00,14923.837221414256,11720.515844881358,9748.594653017835
forecast_2300,2025-04-06 20:00:00,14592.608501277362,12178.877382117333,10041.172109637475
forecast_2301,2025-04-06 21:00:00,14566.880253977091,12531.258908166064,9674.681872903173
forecast_2302,2025-04-06 22:00:00,15306.352296350573,14025.011347298887,11126.493180723102
forecast_2303,2025-04-06 23:00:00,14727.644094357393,14215.260292373516,11174.412398774992
forecast_2304,2025-04-07 00:00:00,14967.748614112525,13530.968369321945,10275.808620272783
forecast_2305,2025-04-07 01:00:00,16594.87368367167,16071.341949562808,12416.753790474777
forecast_2306,2025-04-07 02:00:00,15649.524837534222,15510.954902191288,12234.001803282305
forecast_2307,2025-04-07 03:00:00,14054.992437422334,13800.12776391033,9919.620686026517
forecast_2308,2025-04-07 04:00:00,13137.361794834667,12286.884800101512,9358.85867402873
forecast_2309,2025-04-07 05:00:00,12584.043653825789,12712.343247805746,8568.330942580575
forecast_2310,2025-04-07 06:00:00,12514.183876349905,12992.228083562817,8413.517109425244
forecast_2311,2025-04-07 07:00:00,12105.719654701761,13269.8145397478,8432.25982500187
forecast_2312,2025-04-07 08:00:00,11760.239014454675,13137.31556589025,8131.077118694145
forecast_2313,2025-04-07 09:00:00,12216.356275475726,12676.268376777263,8227.25716859333
forecast_2314,2025-04-07 10:00:00,11345.020366498537,10953.856584690262,8088.683135754941
forecast_2315,2025-04-07 11:00:00,9541.448123298042,9498.502238997964,7944.06030218125
forecast_2316,2025-04-07 12:00:00,9524.142323068441,9914.678340570947,8228.264376050247
forecast_2317,2025-04-07 13:00:00,9114.559395278891,9327.96771243271,7710.788540032457
forecast_2318,2025-04-07 14:00:00,11369.722506045055,10957.501040919637,8835.697244439594
forecast_2319,2025-04-07 15:00:00,12426.12760092636,12331.756112312514,9824.743528365903
forecast_2320,2025-04-07 16:00:00,13324.018374070858,14286.757683118456,11398.715926179451
forecast_2321,2025-04-07 17:00:00,14697.69570456515,14846.542739519708,11532.078865615093
forecast_2322,2025-04-07 18:00:00,14521.875436466671,14809.925602382536,11946.708192929935
forecast_2323,2025-04-07 19:00:00,17577.057812239465,17076.76772327921,13497.507433132609
forecast_2324,2025-04-07 20:00:00,19435.191851917643,18728.72154958334,13822.293158841485
forecast_2325,2025-04-07 21:00:00,19633.447055720575,19096.307907345807,14125.74672441555
forecast_2326,2025-04-07 22:00:00,19817.473241110612,19151.525865612704,13706.05715674102
forecast_2327,2025-04-07 23:00:00,19309.348445149146,18955.43612078853,10843.519867175512
forecast_2328,2025-04-08 00:00:00,19406.675009456263,18496.987824872846,10364.317304307871
forecast_2329,2025-04-08 01:00:00,19364.758299786277,18697.334990693525,10449.32099416272
forecast_2330,2025-04-08 02:00:00,19410.355821747264,18412.409235970455,10810.907365028026
forecast_2331,2025-04-08 03:00:00,19962.67522000476,18683.54005132161,11644.463894483448
forecast_2332,2025-04-08 04:00:00,19978.40073854401,18967.917824361946,14437.72295325982
forecast_2333,2025-04-08 05:00:00,20076.50336672118,18949.916326547394,13015.64998016751
forecast_2334,2025-04-08 06:00:00,20618.864484108668,18593.220513229142,13309.365751575082
forecast_2335,2025-04-08 07:00:00,19760.300971865025,18466.891952758946,13247.365218142308
forecast_2336,2025-04-08 08:00:00,19249.798089602384,18257.66141364711,13031.569903574304
forecast_2337,2025-04-08 09:00:00,17478.42997660955,15363.306378847437,11100.776773289235
forecast_2338,2025-04-08 10:00:00,15550.913954809508,13890.387388813224,10343.065045090736
forecast_2339,2025-04-08 11:00:00,15070.908475003494,12590.633332941245,9309.955898695349
forecast_2340,2025-04-08 12:00:00,15283.776135220405,12955.562958413946,9088.117171644146
forecast_2341,2025-04-08 13:00:00,15140.426111737386,12596.587356307979,8988.607365922779
forecast_2342,2025-04-08 14:00:00,12762.53405890131,10692.706289148033,7816.825576317129
forecast_2343,2025-04-08 15:00:00,11727.676826386803,9375.484483048001,6071.267122089114
forecast_2344,2025-04-08 16:00:00,8141.849326214643,5886.7947295050835,3743.5449891587264
forecast_2345,2025-04-08 17:00:00,4681.427920478491,3666.1804740378125,1896.9670038402878
forecast_2346,2025-04-08 18:00:00,1588.0044538339328,1438.4442281080692,841.5107306011613
forecast_2347,2025-04-08 19:00:00,1537.9685538239155,1485.1247353888232,516.5181306802227
forecast_2348,2025-04-08 20:00:00,1121.6643837109607,902.3397456978661,292.8233255507658
forecast_2349,2025-04-08 21:00:00,1199.291035992993,786.3589943580064,279.16066197041266
forecast_2350,2025-04-08 22:00:00,596.0947527831977,556.6676312114157,141.50877172365614
forecast_2351,2025-04-08 23:00:00,718.2460607387362,697.3236548781155,215.6518150548305
forecast_2352,2025-04-09 00:00:00,919.6377772700673,747.0067726860151,249.03721290879736
forecast_2353,2025-04-09 01:00:00,989.008477806338,840.6695729498848,246.41742535336851
forecast_2354,2025-04-09 02:00:00,895.2475643089995,858.3042343691791,304.90535338029633
forecast_2355,2025-04-09 03:00:00,874.7334386380745,770.5646508447892,250.65127016321108
forecast_2356,2025-04-09 04:00:00,929.9692370602698,890.8463667293771,209.01751754356883
forecast_2357,2025-04-09 05:00:00,1033.9572371844652,982.150836431518,309.77208816869233
forecast_2358,2025-04-09 06:00:00,1499.3006450803612,1211.6918468459926,408.5056512185295
forecast_2359,2025-04-09 07:00:00,1653.7491219537408,1533.3098649052029,663.625043670369
forecast_2360,2025-04-09 08:00:00,1337.9211251633258,1281.1081119332296,502.2526558380469
forecast_2361,2025-04-09 09:00:00,1052.817338703992,1335.5416864613637,567.8246191433309
forecast_2362,2025-04-09 10:00:00,1138.3758278340665,1359.5091434659773,729.8742979604115
forecast_2363,2025-04-09 11:00:00,1426.5825767921217,1528.967424406826,914.9784476629695
forecast_2364,2025-04-09 12:00:00,2716.3549139035626,2552.153118201525,1832.8842672329954
forecast_2365,2025-04-09 13:00:00,2963.9385918712906,2553.845952496962,2065.393832123064
forecast_2366,2025-04-09 14:00:00,3828.61859454788,4126.078137307261,2793.327952169101
forecast_2367,2025-04-09 15:00:00,5391.851019418255,5037.349603359056,4345.247316413535
forecast_2368,2025-04-09 16:00:00,7508.684570787632,7227.476020589017,5753.188642302756
forecast_2369,2025-04-09 17:00:00,7844.834978118133,6838.918466057291,6757.466600308904
forecast_2370,2025-04-09 18:00:00,8666.853684180738,7346.351640520366,6598.3121792380425
forecast_2371,2025-04-09 19:00:00,6589.321216076413,6222.915285472314,3897.0151900992364
forecast_2372,2025-04-09 20:00:00,7997.626286971612,8255.9778038513,5767.9784775598255
forecast_2373,2025-04-09 21:00:00,3758.461621099849,4231.704789785635,1731.136307380925
forecast_2374,2025-04-09 22:00:00,5103.139258877184,5099.097899687324,2493.3967751973178
forecast_2375,2025-04-09 23:00:00,7305.1454332837075,7505.931385007409,3625.868163026422
forecast_2376,2025-04-10 00:00:00,8205.128215686918,8711.508762422889,4442.801947112059
forecast_2377,2025-04-10 01:00:00,7839.681398866684,8730.444949241542,4320.648411737458
forecast_2378,2025-04-10 02:00:00,8840.540905239712,9486.207131551215,5944.011442097383
forecast_2379,2025-04-10 03:00:00,9147.85932784064,9079.623711548347,5568.606783426589
forecast_2380,2025-04-10 04:00:00,8998.512726039555,8637.67872397781,4744.352631625118
forecast_2381,2025-04-10 05:00:00,7869.720604292506,7547.142283432132,4814.725907752853
forecast_2382,2025-04-10 06:00:00,8597.019835685895,7765.767833491511,4964.557803454731
forecast_2383,2025-04-10 07:00:00,6995.1900300059915,6660.864750526245,4297.459783359254
forecast_2384,2025-04-10 08:00:00,7400.6189087872635,6347.096041475337,3777.3824961494242
forecast_2385,2025-04-10 09:00:00,6419.480624718938,6492.9997046032095,3574.1509354366804
forecast_2386,2025-04-10 10:00:00,4977.184630393085,4500.552652581047,2456.8176864499005
forecast_2387,2025-04-10 11:00:00,4071.114563380679,2984.0581645618317,2278.163897754006
forecast_2388,2025-04-10 12:00:00,3506.7455225173435,2899.236848053287,1662.8175974195678
forecast_2389,2025-04-10 13:00:00,2861.9842661203475,2433.7369234885155,1432.1612040239843
forecast_2390,2025-04-10 14:00:00,3179.593624431688,2644.2275557263793,1288.31420344398
forecast_2391,2025-04-10 15:00:00,2864.147900581784,2703.3435146219567,1339.0193150972577
forecast_2392,2025-04-10 16:00:00,3273.7867484665135,2625.744251121315,1427.62396096297
forecast_2393,2025-04-10 17:00:00,3664.760698242111,2741.0741220818577,1483.8174068280111
forecast_2394,2025-04-10 18:00:00,2763.7561234588056,2053.248024576149,984.7265461808153
forecast_2395,2025-04-10 19:00:00,2532.246298573601,2541.08337697546,747.8928558328171
forecast_2396,2025-04-10 20:00:00,2788.6062704703995,2825.888777191889,603.059418298823
forecast_2397,2025-04-10 21:00:00,2950.065665316864,2602.873973238872,695.9587065145901
forecast_2398,2025-04-10 22:00:00,3176.257622198494,2925.5965214625876,976.9359704618375
forecast_2399,2025-04-10 23:00:00,2972.9301165957463,2692.316541347994,1297.168943791652
forecast_2400,2025-04-11 00:00:00,3001.305989725179,2646.6298571702723,1215.1203606581573
forecast_2401,2025-04-11 01:00:00,2016.642880095664,1771.0477361012152,749.4774573961984
forecast_2402,2025-04-11 02:00:00,2254.451173772776,1900.0110888184145,848.8596173344906
forecast_2403,2025-04-11 03:00:00,2072.2108467037738,1862.1350320875079,808.3536454107862
forecast_2404,2025-04-11 04:00:00,2049.1420141085077,1819.1955714287308,777.1317302066902
forecast_2405,2025-04-11 05:00:00,1888.119251883135,2000.7231065798096,952.3345538263413
forecast_2406,2025-04-11 06:00:00,1700.2482084006167,1633.4703571815378,801.0045651959782
forecast_2407,2025-04-11 07:00:00,1312.7180360446412,1471.4090874503506,747.0221142342165
forecast_2408,2025-04-11 08:00:00,1134.4820425234784,904.3762655596914,373.38820355888504
forecast_2409,2025-04-11 09:00:00,403.86106746548694,405.9198505930587,136.63008221322792
forecast_2410,2025-04-11 10:00:00,149.6600182934114,165.52581513874705,103.24383150277772
forecast_2411,2025-04-11 11:00:00,155.04316170260861,209.13568162675847,125.83777798137643
forecast_2412,2025-04-11 12:00:00,223.19838942539837,291.75856522086724,153.03161324403482
forecast_2413,2025-04-11 13:00:00,236.29365076183134,344.35463064188644,249.6532985060888
forecast_2414,2025-04-11 14:00:00,292.57703808382183,389.0317681814756,304.6935504987708
forecast_2415,2025-04-11 15:00:00,390.082320904845,541.3759704245641,443.2706053480987
forecast_2416,2025-04-11 16:00:00,542.6711354215347,460.60324620304914,441.36499529977755
forecast_2417,2025-04-11 17:00:00,571.481044207759,613.0257601418264,462.11918093552106
forecast_2418,2025-04-11 18:00:00,761.2014905722607,913.5640758305778,521.5057459496237
forecast_2419,2025-04-11 19:00:00,1891.892854236603,2038.7501284528873,798.7711804525704
forecast_2420,2025-04-11 20:00:00,2522.5802793229554,2934.255569612787,1213.7999117873771
forecast_2421,2025-04-11 21:00:00,2464.605601709823,2354.024480183858,933.4122306313047
forecast_2422,2025-04-11 22:00:00,2747.7319388813435,2938.8850437025367,1255.0456717650532
forecast_2423,2025-04-11 23:00:00,2829.5155729741214,2878.9772832022463,1188.5551853112013
forecast_2424,2025-04-12 00:00:00,3019.9515727562075,2924.9840725797367,1269.5589101496907
forecast_2425,2025-04-12 01:00:00,1891.2925404143773,2031.9735439555616,656.22584947558
forecast_2426,2025-04-12 02:00:00,2580.8551559949865,2063.822316812082,940.4507226859147
forecast_2427,2025-04-12 03:00:00,2834.3450469565255,2656.2008861657223,1151.9364909702017
forecast_2428,2025-04-12 04:00:00,2772.004814947739,2544.4777574100376,1204.1504484358957
forecast_2429,2025-04-12 05:00:00,3618.7219139703006,3144.2657013698104,1379.4790609080069
forecast_2430,2025-04-12 06:00:00,4099.597338930235,3651.2405627371913,1426.6528791657524
forecast_2431,2025-04-12 07:00:00,4376.385183875454,4835.243598217333,3060.4244503366504
forecast_2432,2025-04-12 08:00:00,4609.349057326264,4765.347542884286,3273.40499045748
forecast_2433,2025-04-12 09:00:00,8311.934118929083,9241.860900676174,5328.595610655706
forecast_2434,2025-04-12 10:00:00,9601.061045344353,11122.056127736434,8219.763621951312
forecast_2435,2025-04-12 11:00:00,11603.531579952249,13094.738563784389,9617.82148979297
forecast_2436,2025-04-12 12:00:00,11739.213795423562,13294.89045994416,9746.669107662208
forecast_2437,2025-04-12 13:00:00,13207.175362129667,14068.162958002698,10487.696356427534
forecast_2438,2025-04-12 14:00:00,13240.837640963957,14112.369648593656,10454.089498354726
forecast_2439,2025-04-12 15:00:00,12716.325588024549,12603.191793245522,9857.698403848688
forecast_2440,2025-04-12 16:00:00,12245.126871593657,12394.306226726332,9723.588265912547
forecast_2441,2025-04-12 17:00:00,11294.40221599548,11575.651486928904,9157.056987173008
forecast_2442,2025-04-12 18:00:00,12781.07141001892,13170.442835611131,10218.942490691958
forecast_2443,2025-04-12 19:00:00,12787.163266331869,13402.988772715133,11018.57181950296
forecast_2444,2025-04-12 20:00:00,15033.750402982738,15002.975690891833,12564.029574122149
forecast_2445,2025-04-12 21:00:00,15438.263317652541,15387.979101533738,12707.132173597722
forecast_2446,2025-04-12 22:00:00,17239.004646438534,16212.697857518655,12204.968140589412
forecast_2447,2025-04-12 23:00:00,16601.64388754219,15743.057768463308,11430.528946962459
forecast_2448,2025-04-13 00:00:00,16496.522769507203,16089.363550874303,11723.985111345602
forecast_2449,2025-04-13 01:00:00,16855.840810903108,15647.821964885092,12068.458833758094
forecast_2450,2025-04-13 02:00:00,11966.035595706111,12910.381968549964,9638.910492596618
forecast_2451,2025-04-13 03:00:00,13168.819242985115,12847.296397992206,9122.697340382761
forecast_2452,2025-04-13 04:00:00,15761.101614207544,14524.792549751048,11114.528818039375
forecast_2453,2025-04-13 05:00:00,17608.953422631253,15904.271959773001,11781.0273967988
forecast_2454,2025-04-13 06:00:00,17953.282407040955,16495.6370283421,11558.683664921482
forecast_2455,2025-04-13 07:00:00,18555.558741013767,17825.165362336207,10902.662528550567
forecast_2456,2025-04-13 08:00:00,19346.208726141052,18420.3430592137,13409.401564717908
forecast_2457,2025-04-13 09:00:00,19133.11711530498,18504.865592534712,14781.969132957005
forecast_2458,2025-04-13 10:00:00,17440.16444016071,18324.58098889654,14684.941852096312
forecast_2459,2025-04-13 11:00:00,16457.087863775803,18138.800129331197,14486.904959860574
forecast_2460,2025-04-13 12:00:00,16338.159289915322,18026.880526630142,14362.014645021578
forecast_2461,2025-04-13 13:00:00,16517.706612589835,18017.322646401473,14276.113816435127
forecast_2462,2025-04-13 14:00:00,15895.033481167986,17841.151875090847,14129.682589416223
forecast_2463,2025-04-13 15:00:00,16055.59085383378,17926.888305997432,14233.963795700884
forecast_2464,2025-04-13 16:00:00,16906.538465228,18171.074862877045,14308.712957950574
forecast_2465,2025-04-13 17:00:00,17756.65951212687,18083.888636354473,14588.869989052502
forecast_2466,2025-04-13 18:00:00,18087.735969167443,17911.2756141974,13917.574053959705
forecast_2467,2025-04-13 19:00:00,17715.8390829545,17530.261579248265,13918.50566096842
forecast_2468,2025-04-13 20:00:00,18015.638570021172,17457.970160006564,13982.659540490948
forecast_2469,2025-04-13 21:00:00,18393.995859551447,17560.06649186792,13714.135806998529
forecast_2470,2025-04-13 22:00:00,17094.104124691905,17009.172366056202,13289.54889985804
forecast_2471,2025-04-13 23:00:00,15765.861206849882,16443.206197531985,12107.004135797632
forecast_2472,2025-04-14 00:00:00,14927.655346049249,16051.193550996662,12249.170888399893
forecast_2473,2025-04-14 01:00:00,13965.86522126014,14948.525199250236,11446.801557424222
forecast_2474,2025-04-14 02:00:00,11235.433423508555,12449.32409603295,8285.930271154613
forecast_2475,2025-04-14 03:00:00,10185.968023389429,11405.799560341937,5565.781365285057
forecast_2476,2025-04-14 04:00:00,8613.46424161119,9137.88701967871,4666.869705560877
forecast_2477,2025-04-14 05:00:00,5824.248431600694,5499.552227378071,3530.626245320984
forecast_2478,2025-04-14 06:00:00,5832.899661042386,4439.724241348842,2401.9323572161356
forecast_2479,2025-04-14 07:00:00,5239.781429565936,3871.166126565804,2418.6689150995294
forecast_2480,2025-04-14 08:00:00,3284.789510594237,2647.5941700711555,1257.0473063313266
forecast_2481,2025-04-14 09:00:00,2353.1241847627875,2341.631381951927,931.8827199431931
forecast_2482,2025-04-14 10:00:00,1274.2869038861954,1409.3822992916305,749.6217154481694
forecast_2483,2025-04-14 11:00:00,2429.921057558427,2347.9886115422005,1273.167683762707
forecast_2484,2025-04-14 12:00:00,3291.442363006094,2834.9511539085315,2108.1707732959303
forecast_2485,2025-04-14 13:00:00,2986.685692651965,2577.7921539183394,2252.5008852768856
forecast_2486,2025-04-14 14:00:00,1794.5478365797276,1548.9547475815004,1025.4796386714077
forecast_2487,2025-04-14 15:00:00,1144.7342004049456,1028.5081562001312,750.7918889315753
forecast_2488,2025-04-14 16:00:00,1038.1530778450604,1250.0066855072794,754.0048629861179
forecast_2489,2025-04-14 17:00:00,833.3594311679741,792.0245771953632,476.5975793571178
forecast_2490,2025-04-14 18:00:00,1210.3085558281362,1074.0893771858516,647.7634141894694
forecast_2491,2025-04-14 19:00:00,1698.7476092574536,1684.7109253381172,815.4720952045313
forecast_2492,2025-04-14 20:00:00,3411.430073415741,2844.0506324323323,1404.9751562763436
forecast_2493,2025-04-14 21:00:00,4344.308843481255,3687.702514336834,1920.4336130649797
forecast_2494,2025-04-14 22:00:00,4794.963996297333,3723.7766061801985,2305.4253380665696
forecast_2495,2025-04-14 23:00:00,4866.852080937096,4046.713823815458,2142.3815905407846
forecast_2496,2025-04-15 00:00:00,6404.342620275624,5202.773540896031,2775.3737807181637
forecast_2497,2025-04-15 01:00:00,8483.45906153785,6713.025593938306,3298.6412074393293
forecast_2498,2025-04-15 02:00:00,9487.395226833652,7183.354151165666,3823.420659466429
forecast_2499,2025-04-15 03:00:00,8935.087337980844,6669.268087447988,3816.1620537158133
forecast_2500,2025-04-15 04:00:00,7096.573736144145,5697.535989477571,3675.2602914123527
forecast_2501,2025-04-15 05:00:00,6637.431908895217,5216.746386578859,2952.7122450453658
forecast_2502,2025-04-15 06:00:00,6055.5151530501935,5204.318905561457,3040.673846257802
forecast_2503,2025-04-15 07:00:00,8524.758475070106,8442.633637378942,4626.054854321737
forecast_2504,2025-04-15 08:00:00,6462.1078998781895,6421.576039357397,3718.7701274943383
forecast_2505,2025-04-15 09:00:00,6376.601733975817,7089.290779212767,4021.3474637033205
forecast_2506,2025-04-15 10:00:00,8631.417744413979,8664.29793528658,5126.140501542318
forecast_2507,2025-04-15 11:00:00,8879.547407486058,7207.0259332905325,5517.41367410162
forecast_2508,2025-04-15 12:00:00,8357.311068869909,6862.8046411821315,4419.251716758476
forecast_2509,2025-04-15 13:00:00,9502.26239752015,7336.913608415938,5143.129075538653
forecast_2510,2025-04-15 14:00:00,11186.486171599978,8906.171938099747,5949.525728477058
forecast_2511,2025-04-15 15:00:00,12232.240100049758,10049.572930301345,7178.896425164743
forecast_2512,2025-04-15 16:00:00,12972.64217734153,11101.418842762883,7522.177729925989
forecast_2513,2025-04-15 17:00:00,13906.313746825945,12010.119701156005,8132.589071042184
forecast_2514,2025-04-15 18:00:00,14145.314269588891,11803.668017890435,8466.781837844906
forecast_2515,2025-04-15 19:00:00,14360.737823807562,11661.20610197801,10620.047717398478
forecast_2516,2025-04-15 20:00:00,14466.777835170958,13933.14549844096,11498.287324402121
forecast_2517,2025-04-15 21:00:00,15204.181825857095,14637.940077555593,12754.269019165467
forecast_2518,2025-04-15 22:00:00,14998.468740995464,15420.371173553538,13623.48231660706
forecast_2519,2025-04-15 23:00:00,15920.837449395303,15471.084680350958,13112.4522000077
forecast_2520,2025-04-16 00:00:00,16100.262862122447,14360.355130671824,12404.25262493124
forecast_2521,2025-04-16 01:00:00,16549.419917914125,15242.69266142749,11262.753539893363
forecast_2522,2025-04-16 02:00:00,15487.081457763848,14672.246653195223,10930.786554969638
forecast_2523,2025-04-16 03:00:00,15717.94219478926,14916.986664045415,9901.10340722057
forecast_2524,2025-04-16 04:00:00,14161.145367303836,13530.618095537639,9581.042425322128
forecast_2525,2025-04-16 05:00:00,14648.749380669295,14180.27875336112,10288.056675940912
forecast_2526,2025-04-16 06:00:00,15062.01184817615,14729.264335749394,10970.706786228597
forecast_2527,2025-04-16 07:00:00,13136.403481387237,12711.848935149534,8837.351395344032
forecast_2528,2025-04-16 08:00:00,11980.227901903276,12469.73752084126,8122.129699861581
forecast_2529,2025-04-16 09:00:00,9304.144386174594,10000.784622079467,6439.491190922446
forecast_2530,2025-04-16 10:00:00,9214.02005877966,9549.711874330356,6130.657526007738
forecast_2531,2025-04-16 11:00:00,10539.431498725724,10562.717959463147,8436.030400439276
forecast_2532,2025-04-16 12:00:00,12417.037150489983,11493.653019761401,9815.4871503167
forecast_2533,2025-04-16 13:00:00,15217.569550067648,13418.150809571789,11345.594396272829
forecast_2534,2025-04-16 14:00:00,16059.062302937102,14744.216051823314,12141.59089007283
forecast_2535,2025-04-16 15:00:00,17801.63369764199,17636.479056256478,12364.303601955458
forecast_2536,2025-04-16 16:00:00,18581.463139446136,18198.401616463016,13245.220913781379
forecast_2537,2025-04-16 17:00:00,19286.61757485233,18935.854068870874,13984.199613761411
forecast_2538,2025-04-16 18:00:00,19863.106069518373,18922.524342717137,14599.4338111622
forecast_2539,2025-04-16 19:00:00,19939.906042873128,19287.76006551502,15182.471674623757
forecast_2540,2025-04-16 20:00:00,19867.13391466929,19199.54469844066,15363.269199547438
forecast_2541,2025-04-16 21:00:00,19612.956546561847,19213.813708555157,15009.529918352695
forecast_2542,2025-04-16 22:00:00,19114.618493962465,18644.202468615167,14126.286945291613
forecast_2543,2025-04-16 23:00:00,18722.10210263457,18534.318320876097,12879.148474490437
forecast_2544,2025-04-17 00:00:00,19170.904530178854,18848.66332030614,13405.977764008521
forecast_2545,2025-04-17 01:00:00,17746.96796103337,18076.35231078108,12671.010255301653
forecast_2546,2025-04-17 02:00:00,16734.960016360077,17437.18252147531,11600.368340147259
forecast_2547,2025-04-17 03:00:00,17727.241877045173,18251.518734370686,12488.473394683439
forecast_2548,2025-04-17 04:00:00,16452.539323973826,17158.895921719693,10987.58824390894
forecast_2549,2025-04-17 05:00:00,15601.131817068517,16341.477540706193,10724.246378313264
forecast_2550,2025-04-17 06:00:00,15226.137906999164,15871.791550691978,10400.468859393164
forecast_2551,2025-04-17 07:00:00,15013.497412260454,15792.265301551843,11812.213375841386
forecast_2552,2025-04-17 08:00:00,14404.975562631744,15530.928485960801,12150.738006082245
forecast_2553,2025-04-17 09:00:00,11132.530413135397,13049.900930289112,9728.667443001548
forecast_2554,2025-04-17 10:00:00,9500.484213994308,11894.061527791877,8225.19385853775
forecast_2555,2025-04-17 11:00:00,10200.145349916509,12927.596156781423,8869.667612844834
forecast_2556,2025-04-17 12:00:00,9951.67949611067,11769.175828206115,9047.691302615014
forecast_2557,2025-04-17 13:00:00,9514.262828605486,10253.316902063552,8477.481843100975
forecast_2558,2025-04-17 14:00:00,10122.932635532143,10548.662993641266,8931.757333125179
forecast_2559,2025-04-17 15:00:00,10553.140318664617,10747.266582598213,8855.010324738438
forecast_2560,2025-04-17 16:00:00,11201.243019789956,12871.721195532475,10112.729753121386
forecast_2561,2025-04-17 17:00:00,12029.349604231536,14132.941552334229,11177.790319855461
forecast_2562,2025-04-17 18:00:00,12553.289446534971,13624.633703517879,10916.171510431472
forecast_2563,2025-04-17 19:00:00,13929.098467501684,14870.578448394666,10795.526210411988
forecast_2564,2025-04-17 20:00:00,15211.57191084705,15988.656946700994,11722.975150123464
forecast_2565,2025-04-17 21:00:00,12730.195350158609,13933.259376671464,9931.771489506247
forecast_2566,2025-04-17 22:00:00,13540.420099014902,13998.137640542012,9894.134933657473
forecast_2567,2025-04-17 23:00:00,12487.143248480765,13105.684056816659,10137.744913404136
forecast_2568,2025-04-18 00:00:00,16118.441855347315,16693.728573698798,13265.913334850069
forecast_2569,2025-04-18 01:00:00,18055.31705502183,18081.5356456302,13594.147254820007
forecast_2570,2025-04-18 02:00:00,17711.4479194688,18006.269936691664,13623.822170376574
forecast_2571,2025-04-18 03:00:00,18489.591584411577,18523.528575568238,14464.208412882608
forecast_2572,2025-04-18 04:00:00,19526.539773847286,19034.47325489922,15029.149353833369
forecast_2573,2025-04-18 05:00:00,18630.547308517733,18879.1959157633,14337.088834984597
forecast_2574,2025-04-18 06:00:00,17743.345574149225,17077.02176894837,11959.13444899134
forecast_2575,2025-04-18 07:00:00,15443.528608512344,13758.84625621902,11004.238197428022
forecast_2576,2025-04-18 08:00:00,13639.778316422824,12907.861078744025,9593.827547039757
forecast_2577,2025-04-18 09:00:00,12148.65802797144,11511.140304341085,8614.636386165128
forecast_2578,2025-04-18 10:00:00,12001.784019537117,11217.706187572452,8307.312832356936
forecast_2579,2025-04-18 11:00:00,11104.557159048132,10573.883499258613,8881.282089742162
forecast_2580,2025-04-18 12:00:00,11626.788829403691,10368.448625560568,8368.005073194603
forecast_2581,2025-04-18 13:00:00,10138.761325177695,9608.330777005449,7591.871760896495
forecast_2582,2025-04-18 14:00:00,10220.92252019157,9183.006002107526,7209.029510271602
forecast_2583,2025-04-18 15:00:00,9749.798855421317,8772.452104324784,6575.2194481321485
forecast_2584,2025-04-18 16:00:00,9068.861831850505,8175.252130529365,6227.417118221165
forecast_2585,2025-04-18 17:00:00,7991.997412296678,7205.0748715554955,5570.852115084507
forecast_2586,2025-04-18 18:00:00,10567.495329191936,9325.698074707685,6662.363133533421
forecast_2587,2025-04-18 19:00:00,10111.851119769213,10957.750452302678,7410.311963464196
forecast_2588,2025-04-18 20:00:00,11973.472349775704,11744.269988693257,7990.397893544542
forecast_2589,2025-04-18 21:00:00,12090.075055280098,12327.165585119583,8524.456091948205
forecast_2590,2025-04-18 22:00:00,12824.47305177515,12378.414383341355,8859.147807213443
forecast_2591,2025-04-18 23:00:00,8840.835668694526,10369.474839003955,6439.389534462271
forecast_2592,2025-04-19 00:00:00,11444.06587543185,11774.861752171711,7175.113819848639
forecast_2593,2025-04-19 01:00:00,10287.351855520841,12183.596524545153,6441.10433585196
forecast_2594,2025-04-19 02:00:00,11040.129451971132,12018.278182655118,8110.114266139906
forecast_2595,2025-04-19 03:00:00,14092.845092018457,14041.616440501808,10079.239030298259
forecast_2596,2025-04-19 04:00:00,12641.388617503619,12964.851654525499,9094.056367851774
forecast_2597,2025-04-19 05:00:00,12300.573627806176,12623.964274273178,9385.472691359073
forecast_2598,2025-04-19 06:00:00,12530.525181076768,12955.268753053508,8697.983847137133
forecast_2599,2025-04-19 07:00:00,11838.38598653922,12141.028892002018,9169.261806247223
forecast_2600,2025-04-19 08:00:00,12423.034164270337,13282.868830849537,10299.421678039895
forecast_2601,2025-04-19 09:00:00,11032.930393887385,13017.098178413153,10057.362750989956
forecast_2602,2025-04-19 10:00:00,10202.06095135778,11394.463950946698,9537.555952476634
forecast_2603,2025-04-19 11:00:00,11195.771020233877,12589.598963694643,10282.40224489825
forecast_2604,2025-04-19 12:00:00,14737.215392784183,15520.484521552009,12791.424945331935
forecast_2605,2025-04-19 13:00:00,16695.568280462834,17053.760577481284,13927.19169658125
forecast_2606,2025-04-19 14:00:00,17541.956344922495,17912.97440002999,14193.889916515385
forecast_2607,2025-04-19 15:00:00,17871.219134799583,18048.802417840783,14114.66624299489
forecast_2608,2025-04-19 16:00:00,18293.6154668873,18511.69214732711,14258.497213058405
forecast_2609,2025-04-19 17:00:00,18881.261912049275,18801.99112217332,14162.112014195744
forecast_2610,2025-04-19 18:00:00,19128.318795420095,18945.08222502282,14221.475929813752
forecast_2611,2025-04-19 19:00:00,18993.460157078403,18365.124838931988,12728.018828440678
forecast_2612,2025-04-19 20:00:00,18447.237513728567,17280.42269870816,12301.27040792801
forecast_2613,2025-04-19 21:00:00,17300.906201895006,16468.07657127822,12035.03414767206
forecast_2614,2025-04-19 22:00:00,14691.686341943772,14590.537647019417,10622.054311409676
forecast_2615,2025-04-19 23:00:00,11741.04264082632,12336.86103350857,9321.13352163353
forecast_2616,2025-04-20 00:00:00,9839.360353829492,9416.534102290154,6936.582572654464
forecast_2617,2025-04-20 01:00:00,9391.752275285986,9753.193105155653,6244.556515588262
forecast_2618,2025-04-20 02:00:00,7656.167918375075,7684.421100197421,5124.146833947984
forecast_2619,2025-04-20 03:00:00,6040.914325866065,5032.068631912355,3169.0462394286337
forecast_2620,2025-04-20 04:00:00,2853.5822832754743,3076.487525019876,1759.7748591264008
forecast_2621,2025-04-20 05:00:00,2477.9430370396385,2265.426189075844,978.6148211154875
forecast_2622,2025-04-20 06:00:00,1681.5111483505045,1595.7975924845348,566.6559097950844
forecast_2623,2025-04-20 07:00:00,911.990741889021,806.8485827283773,316.6158096834112
forecast_2624,2025-04-20 08:00:00,592.4315343738612,642.4136881481543,146.96853953317745
forecast_2625,2025-04-20 09:00:00,398.1160203322606,461.4117012945199,116.38753143148276
forecast_2626,2025-04-20 10:00:00,176.80015382070357,150.91318380123815,84.98784291355214
forecast_2627,2025-04-20 11:00:00,155.56747094776526,151.05986101558162,85.78335947956461
forecast_2628,2025-04-20 12:00:00,163.20449738835333,146.78565958018405,86.86091715975867
forecast_2629,2025-04-20 13:00:00,251.93227196840633,281.9391416409494,158.41453226906884
forecast_2630,2025-04-20 14:00:00,230.6198086679124,306.7421524645336,177.38604034589324
forecast_2631,2025-04-20 15:00:00,329.0847100198894,373.82505173523055,208.86161683770558
forecast_2632,2025-04-20 16:00:00,377.72000075428673,384.3562901416641,253.81756093401037
forecast_2633,2025-04-20 17:00:00,264.073306570012,318.4981839704597,197.33059418009532
forecast_2634,2025-04-20 18:00:00,264.634693069666,326.50275449423583,121.46003589500422
forecast_2635,2025-04-20 19:00:00,439.65015475098903,372.7009244411187,148.12458769061223
forecast_2636,2025-04-20 20:00:00,570.3426335395872,410.2982340226368,180.4217078270372
forecast_2637,2025-04-20 21:00:00,604.6849006529054,394.7246187697338,167.3625659886381
forecast_2638,2025-04-20 22:00:00,744.7118992911285,805.5036229855662,355.87484698232345
forecast_2639,2025-04-20 23:00:00,725.304279978548,669.6047208779078,337.53389199511605
forecast_2640,2025-04-21 00:00:00,719.0954481188087,729.831686855877,396.46482653092085
forecast_2641,2025-04-21 01:00:00,718.8336388041503,636.8055150959882,225.81754951765961
forecast_2642,2025-04-21 02:00:00,1013.4898121306289,924.5481229963245,527.6829268479744
forecast_2643,2025-04-21 03:00:00,852.8360433852963,706.989733192037,229.69024060603823
forecast_2644,2025-04-21 04:00:00,994.2908164300137,890.5687920596615,270.7244423321388
forecast_2645,2025-04-21 05:00:00,979.7182173200639,891.1806848345966,226.0088398879103
forecast_2646,2025-04-21 06:00:00,1637.4390329802168,1221.670894891451,418.2398952735183
forecast_2647,2025-04-21 07:00:00,1471.4406802483375,1373.9978966443557,538.9561242828727
forecast_2648,2025-04-21 08:00:00,1965.1973442701385,1499.9433299892282,683.3836702916009
forecast_2649,2025-04-21 09:00:00,1952.453952499867,1676.7971781649026,761.2125779588849
forecast_2650,2025-04-21 10:00:00,1459.2403961696573,1509.1268178799878,706.4704921721573
forecast_2651,2025-04-21 11:00:00,1428.077012639549,1671.6267388595888,801.2132305859652
forecast_2652,2025-04-21 12:00:00,1536.072679128325,1816.9201750230695,1130.2203032997174
forecast_2653,2025-04-21 13:00:00,1779.6665808520518,1990.9173455539294,1379.8190850612798
forecast_2654,2025-04-21 14:00:00,1909.6891633738355,2200.1640665708233,1180.105964155462
forecast_2655,2025-04-21 15:00:00,1877.1285761973734,2273.7372095230917,1196.7397778681452
forecast_2656,2025-04-21 16:00:00,2146.6898115174704,2489.234887143702,1442.8571257994897
forecast_2657,2025-04-21 17:00:00,1803.1787059218186,1992.7206354814125,1219.6766930432566
forecast_2658,2025-04-21 18:00:00,1788.1456856191116,1965.615065879314,1210.6726493297185
forecast_2659,2025-04-21 19:00:00,2477.433346617102,2418.9175339315057,1250.5749988617551
forecast_2660,2025-04-21 20:00:00,4442.862399239362,5394.877240592367,2597.6347926462117
forecast_2661,2025-04-21 21:00:00,4508.846016300899,5693.873026920584,2452.0687682684106
forecast_2662,2025-04-21 22:00:00,5759.200962982421,7234.449835653772,2703.604572891914
forecast_2663,2025-04-21 23:00:00,6210.268074841863,7450.006630709211,3536.7726696303494
forecast_2664,2025-04-22 00:00:00,7270.576869292474,8013.13601533707,3691.3353441350237
forecast_2665,2025-04-22 01:00:00,8760.538847002004,9326.806250557313,4526.683779821873
forecast_2666,2025-04-22 02:00:00,8362.805252372818,9508.65360944033,4922.325231787365
forecast_2667,2025-04-22 03:00:00,7059.60638692979,7454.216742776352,3904.1231759673346
forecast_2668,2025-04-22 04:00:00,6667.853344182491,6853.585673231882,3785.7251896025186
forecast_2669,2025-04-22 05:00:00,5200.769151195807,5569.125335998508,2947.1305338240622
forecast_2670,2025-04-22 06:00:00,4585.634506488027,4800.381899368075,2581.9319100477423
forecast_2671,2025-04-22 07:00:00,3437.4971742934918,3430.6626797667614,1220.4102067354515
forecast_2672,2025-04-22 08:00:00,3675.034287950304,3101.344064435731,1092.3826960162833
forecast_2673,2025-04-22 09:00:00,5262.072657665715,5912.903443065844,3493.509878635042
forecast_2674,2025-04-22 10:00:00,6041.112831301772,7279.096534981491,4170.962120993321
forecast_2675,2025-04-22 11:00:00,7529.980343883068,8737.381768567546,5783.4618650779075
forecast_2676,2025-04-22 12:00:00,9601.43662112455,10570.759779152326,6638.428370721491
forecast_2677,2025-04-22 13:00:00,10612.53967095726,11637.261421740228,7577.061465347299
forecast_2678,2025-04-22 14:00:00,10376.616364454021,10768.274975981343,6814.940584926071
forecast_2679,2025-04-22 15:00:00,6394.1935851083845,7176.867123370926,3830.9930602012405
forecast_2680,2025-04-22 16:00:00,5023.075394132825,4966.195418379457,2609.7139458235624
forecast_2681,2025-04-22 17:00:00,3549.433485404651,3194.9296191458625,1528.0917040877214
forecast_2682,2025-04-22 18:00:00,2176.1235393183415,2477.8518580153736,1035.9366777831406
forecast_2683,2025-04-22 19:00:00,2629.5677261323135,3180.773254749895,1182.5180055634266
forecast_2684,2025-04-22 20:00:00,4421.964253214917,4547.517599803306,2418.836757296372
forecast_2685,2025-04-22 21:00:00,4909.247426624176,5025.411648827411,2370.1212604119883
forecast_2686,2025-04-22 22:00:00,4380.44638124093,4324.188278455108,2258.945950973002
forecast_2687,2025-04-22 23:00:00,4376.274969112991,4574.001521251115,2525.1008396725997
forecast_2688,2025-04-23 00:00:00,4681.1265020831015,4100.906012609087,2134.66035600607
forecast_2689,2025-04-23 01:00:00,5702.679661200664,5996.7924428366805,2963.4230732621377
forecast_2690,2025-04-23 02:00:00,5214.919128157745,5716.3619152830715,2373.5727544345623
forecast_2691,2025-04-23 03:00:00,5315.727826563418,5162.277799193264,2483.4336926887077
forecast_2692,2025-04-23 04:00:00,5229.9659962465,5442.015575561302,2848.398585041437
forecast_2693,2025-04-23 05:00:00,4828.450666608909,4861.2274746228695,2727.7414304007234
forecast_2694,2025-04-23 06:00:00,4547.716830935839,3876.8370801103074,1828.652514632152
forecast_2695,2025-04-23 07:00:00,3085.3616440350443,3257.4462137522423,1402.265917738155
forecast_2696,2025-04-23 08:00:00,2162.6655485187352,2182.18162980339,896.4078398921733
forecast_2697,2025-04-23 09:00:00,1455.8115115413632,1665.496012729532,800.5183215984422
forecast_2698,2025-04-23 10:00:00,912.0240474008508,776.5206334064405,568.0807057190003
forecast_2699,2025-04-23 11:00:00,677.1923282638612,578.6600950511109,435.1366264474443
forecast_2700,2025-04-23 12:00:00,604.6544445397667,534.7697423509641,320.93771715922117
forecast_2701,2025-04-23 13:00:00,346.6445420987518,417.93992885207604,263.7135950706044
forecast_2702,2025-04-23 14:00:00,529.3231943486824,496.809443915615,279.8580978624387
forecast_2703,2025-04-23 15:00:00,723.0962815966197,810.6042615863282,308.7807910189694
forecast_2704,2025-04-23 16:00:00,1258.2203172579864,1358.438535557901,475.5443222403961
forecast_2705,2025-04-23 17:00:00,1528.9314418497745,1513.912971699314,617.9497532881334
forecast_2706,2025-04-23 18:00:00,2980.093083827103,2328.0057385413884,855.0639902130525
forecast_2707,2025-04-23 19:00:00,2819.219387339848,2868.863881877202,851.5968645033533
forecast_2708,2025-04-23 20:00:00,4695.993507611297,4556.825563235054,2648.223107693559
forecast_2709,2025-04-23 21:00:00,5806.1432484120905,5997.901362171281,3740.710500397601
forecast_2710,2025-04-23 22:00:00,7628.632037995467,8314.887693055185,5412.937450233535
forecast_2711,2025-04-23 23:00:00,8364.653982260315,9158.515645987083,6216.20071088896
forecast_2712,2025-04-24 00:00:00,12080.601360638855,12466.60196698757,8262.654128426271
forecast_2713,2025-04-24 01:00:00,12729.970117935298,12605.3525608137,9509.623474871525
forecast_2714,2025-04-24 02:00:00,12360.940804658216,12423.040995507332,9562.403873387619
forecast_2715,2025-04-24 03:00:00,12506.846579068939,13311.197414047707,10265.53168342887
forecast_2716,2025-04-24 04:00:00,13414.384883745086,13806.404102741079,10557.362770680196
forecast_2717,2025-04-24 05:00:00,14938.698183781695,15183.533825236156,11395.76087379278
forecast_2718,2025-04-24 06:00:00,15480.659395974546,14792.845832201356,10102.39768083588
forecast_2719,2025-04-24 07:00:00,13760.397291310957,14153.53123579724,9486.096426579561
forecast_2720,2025-04-24 08:00:00,13318.072922639722,13081.917505694155,7744.813822941895
forecast_2721,2025-04-24 09:00:00,10143.996650364183,11321.302931560056,6595.8642530802
forecast_2722,2025-04-24 10:00:00,9185.52042197664,9902.420423400687,6240.116629337704
forecast_2723,2025-04-24 11:00:00,9708.818606414756,9733.33134728026,7811.423161448308
forecast_2724,2025-04-24 12:00:00,11871.746202446757,11493.879707587661,9581.89879019099
forecast_2725,2025-04-24 13:00:00,14083.51877490522,13386.432784217834,10592.696075688644
forecast_2726,2025-04-24 14:00:00,17297.87872445119,15187.28187638412,11948.020552206577
forecast_2727,2025-04-24 15:00:00,17530.426155667607,16707.14486574604,12443.5741087009
forecast_2728,2025-04-24 16:00:00,18071.706542310596,18107.42948094632,12389.914113643219
forecast_2729,2025-04-24 17:00:00,18610.859735062495,18422.821340398674,12129.900200150087
forecast_2730,2025-04-24 18:00:00,18970.632082270116,18664.865298862947,12578.049776124095
forecast_2731,2025-04-24 19:00:00,19150.32433177735,18561.682059485553,12091.778156268545
forecast_2732,2025-04-24 20:00:00,19150.673638213124,18273.26253180655,12184.157373650094
forecast_2733,2025-04-24 21:00:00,18850.323240814083,17494.776132804123,12054.280282618609
forecast_2734,2025-04-24 22:00:00,18163.31382003875,15570.47141276944,10653.041236075738
forecast_2735,2025-04-24 23:00:00,17214.591895864618,14593.12998044442,10281.623064634872
forecast_2736,2025-04-25 00:00:00,16675.16242741913,13980.036731382172,9398.723090118048
forecast_2737,2025-04-25 01:00:00,15978.65508630699,13622.819252067622,9304.092588801004
forecast_2738,2025-04-25 02:00:00,14993.381162361124,12962.796652424198,8810.149093119015
forecast_2739,2025-04-25 03:00:00,15262.930339520335,12840.297267288332,8237.915104874071
forecast_2740,2025-04-25 04:00:00,14592.158952465737,12984.567915200594,7886.052805749104
forecast_2741,2025-04-25 05:00:00,14613.76544662914,13766.988044616266,7979.611054437804
forecast_2742,2025-04-25 06:00:00,14690.567301817888,13731.152326033156,7548.355780136893
forecast_2743,2025-04-25 07:00:00,13843.016058004232,12665.08109210207,7658.263989405195
forecast_2744,2025-04-25 08:00:00,13805.795795711823,12156.317393080406,7518.467247504964
forecast_2745,2025-04-25 09:00:00,12660.236711236641,11191.111711456426,6904.896698062365
forecast_2746,2025-04-25 10:00:00,12533.601823042594,10834.927900014723,7059.341913629345
forecast_2747,2025-04-25 11:00:00,13400.832865664957,10890.05364578494,7539.090324347695
forecast_2748,2025-04-25 12:00:00,12942.495228705015,10729.09725765582,7243.61593799823
forecast_2749,2025-04-25 13:00:00,12849.983725425796,10641.821252089218,7143.216871924725
forecast_2750,2025-04-25 14:00:00,12682.083902724691,10362.566679686804,7024.981673354899
forecast_2751,2025-04-25 15:00:00,12813.311779360287,10010.75821504093,7131.380193484684
forecast_2752,2025-04-25 16:00:00,13062.127161344191,10880.986371557332,7445.431706917505
forecast_2753,2025-04-25 17:00:00,13317.013074807439,11239.541458570202,7419.968412664224
forecast_2754,2025-04-25 18:00:00,13714.410112906162,11629.066219393952,7522.429295833794
forecast_2755,2025-04-25 19:00:00,12729.098018639761,10541.54121983427,7398.4085574548
forecast_2756,2025-04-25 20:00:00,13934.236735862345,11556.261684119063,8697.023224753159
forecast_2757,2025-04-25 21:00:00,15817.514681890058,13356.818255458928,10547.742718246145
forecast_2758,2025-04-25 22:00:00,16502.868603101884,14416.090146529772,11096.91924577077
forecast_2759,2025-04-25 23:00:00,12897.357940012555,11774.626611857966,8987.739044238977
forecast_2760,2025-04-26 00:00:00,11915.792411166538,10474.150182600331,7414.079104813066
forecast_2761,2025-04-26 01:00:00,11430.548504386441,10694.974220804008,7557.814170988481
forecast_2762,2025-04-26 02:00:00,11538.967324889281,12481.204299230589,7273.81679168015
forecast_2763,2025-04-26 03:00:00,15168.443036088964,13647.473250547617,9856.631494803254
forecast_2764,2025-04-26 04:00:00,16217.173457607516,14319.017165784884,9583.940599266942
forecast_2765,2025-04-26 05:00:00,15532.524161071826,14715.12763938875,9292.125165869866
forecast_2766,2025-04-26 06:00:00,16705.539262606788,15159.512627806767,10290.655281585778
forecast_2767,2025-04-26 07:00:00,15621.125007629367,14797.02517582389,10346.791402204628
forecast_2768,2025-04-26 08:00:00,15015.05311528383,14086.071339977147,10364.854200526901
forecast_2769,2025-04-26 09:00:00,14181.022123615947,13060.451966184928,10409.669934582693
forecast_2770,2025-04-26 10:00:00,13472.317044806121,12930.389932377939,9826.325675743059
forecast_2771,2025-04-26 11:00:00,14548.879281598662,13774.691723820479,11138.80792671034
forecast_2772,2025-04-26 12:00:00,14961.235827751276,13908.218926139092,11456.562917013685
forecast_2773,2025-04-26 13:00:00,15127.86257873025,13941.602052758166,11234.130900258764
forecast_2774,2025-04-26 14:00:00,15506.809650024596,13744.846836787261,11656.685336521796
forecast_2775,2025-04-26 15:00:00,17044.496306529785,15446.486798985352,12488.170509491454
forecast_2776,2025-04-26 16:00:00,17140.77720019398,15686.98441120893,12524.598918956284
forecast_2777,2025-04-26 17:00:00,18222.663631323518,16411.833120668438,12910.403066621113
forecast_2778,2025-04-26 18:00:00,19478.957187072923,18001.815289666396,13485.686404933165
forecast_2779,2025-04-26 19:00:00,19659.376630663723,18660.36918370699,14352.982137677176
forecast_2780,2025-04-26 20:00:00,19875.692339143385,18897.649784633762,14615.785720738377
forecast_2781,2025-04-26 21:00:00,19998.976754505977,18937.492978401337,14912.084164941514
forecast_2782,2025-04-26 22:00:00,20167.668645687572,18940.36421392499,14790.319134467747
forecast_2783,2025-04-26 23:00:00,20308.286838335913,19336.445205599834,14467.992638444965
forecast_2784,2025-04-27 00:00:00,20346.674321102597,19363.43428173301,14445.745485850392
forecast_2785,2025-04-27 01:00:00,20431.730112593967,19248.879850747428,14483.634691751335
forecast_2786,2025-04-27 02:00:00,20497.044667223854,19368.101462192215,14376.191445386128
forecast_2787,2025-04-27 03:00:00,20563.8442177103,19386.007378934155,14022.336921896856
forecast_2788,2025-04-27 04:00:00,20838.371977892282,19408.771415411476,13593.75432138682
forecast_2789,2025-04-27 05:00:00,20410.821837797823,19263.75456622546,13172.375957688066
forecast_2790,2025-04-27 06:00:00,20325.990159849563,19191.13345812898,12624.764394045147
forecast_2791,2025-04-27 07:00:00,19942.681222484254,18568.52076903916,12390.823662731686
forecast_2792,2025-04-27 08:00:00,19445.652556195328,18143.304383530303,12812.730912146573
forecast_2793,2025-04-27 09:00:00,18755.63367739593,17814.860292661295,12728.993617010477
forecast_2794,2025-04-27 10:00:00,18997.13932704688,18506.009153130097,12697.651953848028
forecast_2795,2025-04-27 11:00:00,19654.937200419165,18644.182851945872,12626.367134856135
forecast_2796,2025-04-27 12:00:00,19670.04837799576,18785.5493493245,12656.145725486482
forecast_2797,2025-04-27 13:00:00,19338.474170293543,18770.516854649308,12781.258922393154
forecast_2798,2025-04-27 14:00:00,19283.495705435125,18683.478118899573,12677.039100929034
forecast_2799,2025-04-27 15:00:00,18757.50116428911,18463.32134547501,12620.569735888866
forecast_2800,2025-04-27 16:00:00,18713.723288990044,18481.581023008646,12753.070170764096
forecast_2801,2025-04-27 17:00:00,18982.385467290125,18411.764793108086,13100.017179199525
forecast_2802,2025-04-27 18:00:00,18897.931502501204,18329.633633406527,13057.403806618162
forecast_2803,2025-04-27 19:00:00,18336.62169584449,18094.69318404681,13281.87814242595
forecast_2804,2025-04-27 20:00:00,18071.75619341143,18139.491828709713,13740.451952564565
forecast_2805,2025-04-27 21:00:00,17683.775792802193,17104.7215278703,12626.240980685176
forecast_2806,2025-04-27 22:00:00,18932.658766555658,18038.910003517067,13100.311798047327
forecast_2807,2025-04-27 23:00:00,18966.246619025344,18727.485416442632,13578.593087290259
forecast_2808,2025-04-28 00:00:00,18555.967104341205,17095.39971503112,11746.227021088236
forecast_2809,2025-04-28 01:00:00,16922.05383741371,16740.666961053343,11792.170270235309
forecast_2810,2025-04-28 02:00:00,16449.153752417988,15618.287837305197,11317.548465892134
forecast_2811,2025-04-28 03:00:00,16873.03561614778,16519.81218805483,11341.908079636585
forecast_2812,2025-04-28 04:00:00,14230.14469171582,14378.925316502078,10137.48600329314
forecast_2813,2025-04-28 05:00:00,12223.497784991296,12627.176561220529,8832.511262523334
forecast_2814,2025-04-28 06:00:00,10736.641189626276,11032.607167680582,7698.819456508402
forecast_2815,2025-04-28 07:00:00,10888.978441392857,10732.16436734758,6464.5614119683605
forecast_2816,2025-04-28 08:00:00,7543.050112164517,7446.891345408166,4745.5488113019965
forecast_2817,2025-04-28 09:00:00,4999.516801248721,4003.1343058814946,2315.5671447780765
forecast_2818,2025-04-28 10:00:00,6688.12084510556,5096.235248854172,2799.812434681729
forecast_2819,2025-04-28 11:00:00,9281.931001340996,8357.827286765141,6234.0659504876585
forecast_2820,2025-04-28 12:00:00,13034.094257028195,11772.420126630326,8115.280883645388
forecast_2821,2025-04-28 13:00:00,15300.149907430552,13008.99290784504,8591.952167596402
forecast_2822,2025-04-28 14:00:00,15272.696993760577,12665.547372725701,8440.60725692736
forecast_2823,2025-04-28 15:00:00,12977.697769794584,11195.138870222469,7215.144110074598
forecast_2824,2025-04-28 16:00:00,10120.328181175622,7897.815946295183,4976.169771380126
forecast_2825,2025-04-28 17:00:00,7445.44950068492,5814.347811575522,3807.536756022119
forecast_2826,2025-04-28 18:00:00,5731.642423054619,4001.7831135631322,2491.266533347361
forecast_2827,2025-04-28 19:00:00,4500.465854093016,3823.3448151734656,2459.8699602553306
forecast_2828,2025-04-28 20:00:00,6321.564378872304,5523.386079779432,2863.892019177036
forecast_2829,2025-04-28 21:00:00,7069.523489348869,5644.42099055996,3282.0816439858645
forecast_2830,2025-04-28 22:00:00,5859.557456421962,5634.290665564439,3362.9037022825732
forecast_2831,2025-04-28 23:00:00,4993.08014333606,4665.237600186289,3063.8737052283814
forecast_2832,2025-04-29 00:00:00,5171.775878476075,4468.376316208703,2764.018920207105
forecast_2833,2025-04-29 01:00:00,4211.943488718431,3586.256305791496,1560.3385731589406
forecast_2834,2025-04-29 02:00:00,3225.553695581283,2645.95762475536,1271.494460792248
forecast_2835,2025-04-29 03:00:00,2552.4970916753236,2221.594966098055,1200.9342512149124
forecast_2836,2025-04-29 04:00:00,2581.7186673841775,2269.4462294050577,1246.9467480264861
forecast_2837,2025-04-29 05:00:00,3170.1041912399774,2713.137013315569,1603.408695052406
forecast_2838,2025-04-29 06:00:00,4587.977060499334,4423.718721441794,2433.8876427557248
forecast_2839,2025-04-29 07:00:00,5200.654311996471,5464.075724713187,3176.046516034089
forecast_2840,2025-04-29 08:00:00,5642.217215039607,6221.241069662507,3723.845534079183
forecast_2841,2025-04-29 09:00:00,6510.524756902348,7014.329723678696,4555.392082055557
forecast_2842,2025-04-29 10:00:00,7347.174641740414,6696.511177612144,4797.454558807853
forecast_2843,2025-04-29 11:00:00,7270.539937447904,6307.108423048366,4723.3840518589
forecast_2844,2025-04-29 12:00:00,7218.5363940288025,6022.256412369722,5060.968926123089
forecast_2845,2025-04-29 13:00:00,7085.2367322927685,6026.43070441732,5269.797341330253
forecast_2846,2025-04-29 14:00:00,6847.951342363956,6306.092466459096,5138.827477315231
forecast_2847,2025-04-29 15:00:00,7694.894124813701,7653.4848834631475,7289.821302315007
forecast_2848,2025-04-29 16:00:00,8742.230534149709,8038.492657941619,7577.472441139465
forecast_2849,2025-04-29 17:00:00,7779.989146307035,7027.223601444616,5993.890530409394
forecast_2850,2025-04-29 18:00:00,6970.809779013852,6272.593137980724,4842.0637765968695
forecast_2851,2025-04-29 19:00:00,9020.409404725522,9502.957684040874,7306.526740954592
forecast_2852,2025-04-29 20:00:00,12946.63354410822,13445.41770869392,10060.242276620778
forecast_2853,2025-04-29 21:00:00,15637.57063910172,15142.3780181136,12432.33092757188
forecast_2854,2025-04-29 22:00:00,18436.100180538855,17102.354299685117,14346.993214924853
forecast_2855,2025-04-29 23:00:00,19309.515002976925,17951.410351803454,14260.231598792136
forecast_2856,2025-04-30 00:00:00,19978.329096710295,18459.728299031656,14082.702105477083
forecast_2857,2025-04-30 01:00:00,16951.965305361664,16483.870692043965,12532.908180865701
forecast_2858,2025-04-30 02:00:00,17388.571876001864,17158.069624503532,13636.140267556537
forecast_2859,2025-04-30 03:00:00,19114.985661997795,18134.511899400473,13943.471240364739
forecast_2860,2025-04-30 04:00:00,19387.883352641406,18529.34951916257,14275.667280623124
forecast_2861,2025-04-30 05:00:00,19387.26599153493,18566.897137363998,14788.700238151834
forecast_2862,2025-04-30 06:00:00,19154.158365840685,18132.624122334375,13882.187253534743
forecast_2863,2025-04-30 07:00:00,16769.715583968533,16254.031962222907,12461.545110473146
forecast_2864,2025-04-30 08:00:00,15654.003136310976,15717.626018333745,11947.93953244365
forecast_2865,2025-04-30 09:00:00,15711.176826776948,16002.473969675242,11749.788435407701
forecast_2866,2025-04-30 10:00:00,13709.084010188402,14412.760545053157,10648.226950871483
forecast_2867,2025-04-30 11:00:00,13462.763780416688,13576.085605438731,10527.821717992281
forecast_2868,2025-04-30 12:00:00,12377.25050737243,12709.390695211026,10310.502566065692
forecast_2869,2025-04-30 13:00:00,11212.340179804767,12211.778733616298,9919.491908008691
forecast_2870,2025-04-30 14:00:00,10516.173367662093,11892.247247581918,9546.882301782263
forecast_2871,2025-04-30 15:00:00,10088.406838904753,11111.062311042668,9170.671091090546
forecast_2872,2025-04-30 16:00:00,9187.789484321136,10323.398752921437,8128.488249804355
forecast_2873,2025-04-30 17:00:00,7666.040519429587,9114.382291213326,7163.803710859153
forecast_2874,2025-04-30 18:00:00,6506.894518489539,7774.626007633193,5626.319932216224
forecast_2875,2025-04-30 19:00:00,5263.206557676811,5941.829420484775,3438.944355560319
forecast_2876,2025-04-30 20:00:00,5354.414021260921,6509.321184292994,3899.882898378332
forecast_2877,2025-04-30 21:00:00,8522.95108951215,9746.62708347155,5341.608229928194
forecast_2878,2025-04-30 22:00:00,9249.815572743788,11097.485816122857,5633.55867664642
forecast_2879,2025-04-30 23:00:00,9496.11522882816,11374.759983519723,6123.022806677332
forecast_2880,2025-05-01 00:00:00,10265.284827728476,10939.640593098535,6266.773906574066
forecast_2881,2025-05-01 01:00:00,12100.931438332145,11939.419031816802,7261.925399653463
forecast_2882,2025-05-01 02:00:00,12165.910750688634,12410.809103500998,7773.39833010525
forecast_2883,2025-05-01 03:00:00,14514.281956874458,14009.947102188602,9704.523537043955
forecast_2884,2025-05-01 04:00:00,15056.48308134899,15290.052900194378,10997.265468699485
forecast_2885,2025-05-01 05:00:00,14668.003738193771,15649.132306530897,11672.766561846134
forecast_2886,2025-05-01 06:00:00,15333.640891681354,15702.46446911252,11742.855412981678
forecast_2887,2025-05-01 07:00:00,15533.090719121103,16243.5584168191,11914.913605749862
forecast_2888,2025-05-01 08:00:00,15539.702264898395,16833.3498505385,11866.798790486251
forecast_2889,2025-05-01 09:00:00,15860.134524123789,16397.320803131704,12003.848085253416
forecast_2890,2025-05-01 10:00:00,15542.770905570535,16020.118203959868,12601.668407521138
forecast_2891,2025-05-01 11:00:00,16659.82811495115,16325.467317204657,13225.35474754417
forecast_2892,2025-05-01 12:00:00,16682.46526876331,16963.130764626854,13050.250724191832
forecast_2893,2025-05-01 13:00:00,16983.293517495273,16989.014578775717,13199.552347106306
forecast_2894,2025-05-01 14:00:00,15490.358062277863,16246.015330477216,12476.457913768123
forecast_2895,2025-05-01 15:00:00,15880.250680464998,15963.673703367036,12845.913241748878
forecast_2896,2025-05-01 16:00:00,16236.793874367744,16202.513714318828,13379.365336159668
forecast_2897,2025-05-01 17:00:00,13097.017421997036,14335.180601076938,10694.382876743963
forecast_2898,2025-05-01 18:00:00,11390.3341071171,12771.26734762345,9740.551945488389
forecast_2899,2025-05-01 19:00:00,10856.331198545131,12605.245833823292,9992.172685388252
forecast_2900,2025-05-01 20:00:00,12272.246624647363,14108.994006222745,11045.411539094432
forecast_2901,2025-05-01 21:00:00,11251.255181952507,11856.151037119984,8387.716546785758
forecast_2902,2025-05-01 22:00:00,11969.899069076388,12467.674081985348,9703.242172379021
forecast_2903,2025-05-01 23:00:00,14833.784663665201,15060.50268893432,11112.698614049312
forecast_2904,2025-05-02 00:00:00,17984.813543887227,16161.403935934684,11680.303774462105
forecast_2905,2025-05-02 01:00:00,16586.693064998133,15941.869816250937,12093.310481440072
forecast_2906,2025-05-02 02:00:00,18060.755377677342,16642.48766271053,12250.539840071764
forecast_2907,2025-05-02 03:00:00,18026.780929567707,16303.257902200427,11148.85690979933
forecast_2908,2025-05-02 04:00:00,18283.986451620523,16265.677336126586,12683.260259204642
forecast_2909,2025-05-02 05:00:00,18995.0597137392,17683.404389223404,12895.599582726358
forecast_2910,2025-05-02 06:00:00,18093.05512942188,17037.207463850806,12894.774379032613
forecast_2911,2025-05-02 07:00:00,17174.02629453839,15343.425026912926,11399.587560405382
forecast_2912,2025-05-02 08:00:00,15771.334641525082,14182.6720550951,9672.00165392229
forecast_2913,2025-05-02 09:00:00,14302.177263657504,12495.89206773368,7987.128710837326
forecast_2914,2025-05-02 10:00:00,13148.724967552062,10579.539730231032,7706.583093981659
forecast_2915,2025-05-02 11:00:00,10062.839662656417,8683.260630703058,6138.632414011383
forecast_2916,2025-05-02 12:00:00,9192.187342671328,7459.416505629571,5654.293371179012
forecast_2917,2025-05-02 13:00:00,9006.738228420334,6819.952962988687,5019.370906310799
forecast_2918,2025-05-02 14:00:00,9040.83923431226,6465.051530841338,5223.738907113598
forecast_2919,2025-05-02 15:00:00,8333.070304918076,6391.010633798531,4988.579805130993
forecast_2920,2025-05-02 16:00:00,7876.281274987415,5837.895422183374,4607.369546478106
forecast_2921,2025-05-02 17:00:00,7180.061732733734,5588.098591351117,4673.965730983798
forecast_2922,2025-05-02 18:00:00,8932.09360850206,8115.160497117553,6554.784909871761
forecast_2923,2025-05-02 19:00:00,10265.0742931517,9019.618093351177,7745.575602025437
forecast_2924,2025-05-02 20:00:00,11762.381825893008,10837.088342905365,9713.616939899846
forecast_2925,2025-05-02 21:00:00,12499.675390229904,11879.641910423963,10641.582678425
forecast_2926,2025-05-02 22:00:00,11421.976092040144,11292.477215340929,9124.141188915955
forecast_2927,2025-05-02 23:00:00,10973.331738602454,10920.522306060402,8000.342750283647
forecast_2928,2025-05-03 00:00:00,11416.042433247478,12315.82239131396,8158.922516026303
forecast_2929,2025-05-03 01:00:00,11708.712334106165,12270.16543286861,7537.027676603202
forecast_2930,2025-05-03 02:00:00,12551.72002579692,11824.298120700512,8863.055653226671
forecast_2931,2025-05-03 03:00:00,10817.715324791385,10902.019750984886,7834.517609364666
forecast_2932,2025-05-03 04:00:00,9375.067025593049,9759.55748328765,6005.45532562388
forecast_2933,2025-05-03 05:00:00,9298.195088708437,8516.978397966552,5777.480910757757
forecast_2934,2025-05-03 06:00:00,6331.689433502828,5841.328539854018,3406.483517424829
forecast_2935,2025-05-03 07:00:00,3596.763077275956,3428.320130270997,1774.7102494512037
forecast_2936,2025-05-03 08:00:00,2642.5463021286305,2661.9453533269925,1404.9074680971848
forecast_2937,2025-05-03 09:00:00,3973.3721518107436,3873.3105433285527,2499.8778694791463
forecast_2938,2025-05-03 10:00:00,6282.699769875186,6441.329282229289,3960.018043069571
forecast_2939,2025-05-03 11:00:00,10008.143434640833,11201.339525132571,7900.214932375474
forecast_2940,2025-05-03 12:00:00,11461.310445944719,12482.163377325163,8937.550277347753
forecast_2941,2025-05-03 13:00:00,11435.582086318364,13050.426981592656,10029.614004239565
forecast_2942,2025-05-03 14:00:00,12149.281180311964,12574.144223796811,10235.476329032579
forecast_2943,2025-05-03 15:00:00,13174.583067804215,12503.407010067145,11053.913844614275
forecast_2944,2025-05-03 16:00:00,13825.275336896197,12453.195116911156,10868.783916222867
forecast_2945,2025-05-03 17:00:00,11954.26336321782,10206.95058822863,8264.69279671026
forecast_2946,2025-05-03 18:00:00,12164.007269219881,10883.02932377425,8477.494833825851
forecast_2947,2025-05-03 19:00:00,13694.751556256122,11919.723921936144,10056.30465417385
forecast_2948,2025-05-03 20:00:00,16506.894362481038,15246.991313699491,10821.689040977617
forecast_2949,2025-05-03 21:00:00,14891.7766809551,13664.985626343057,9757.123249000717
forecast_2950,2025-05-03 22:00:00,14726.483742106962,13806.43422835703,9573.16804432816
forecast_2951,2025-05-03 23:00:00,16198.484238014611,14708.560618373034,10535.160802714934
forecast_2952,2025-05-04 00:00:00,15910.398682114977,15340.602202235094,11237.735542005828
forecast_2953,2025-05-04 01:00:00,15894.518025883966,14642.346466715695,10997.131215013384
forecast_2954,2025-05-04 02:00:00,15268.591088601617,14237.729822703617,10740.281096255225
forecast_2955,2025-05-04 03:00:00,15195.660900989884,13447.368269178403,10420.833351053947
forecast_2956,2025-05-04 04:00:00,15116.89275947742,13131.558700363426,9717.083575900642
forecast_2957,2025-05-04 05:00:00,15990.030126717056,14398.654477282224,9882.855227492657
forecast_2958,2025-05-04 06:00:00,16363.625517805487,15140.728732172825,10370.424830404841
forecast_2959,2025-05-04 07:00:00,16099.699781859503,14394.18414456634,8921.085715146468
forecast_2960,2025-05-04 08:00:00,15761.149532322206,13611.884489685146,7440.259750392873
forecast_2961,2025-05-04 09:00:00,15721.747351028327,12592.124452406328,7627.043041454588
forecast_2962,2025-05-04 10:00:00,15279.261695806543,12553.260422995281,8024.931348521681
forecast_2963,2025-05-04 11:00:00,15160.603783425786,12781.724203264524,8396.538070542225
forecast_2964,2025-05-04 12:00:00,15314.71787409765,13712.0378628113,9874.876948534651
forecast_2965,2025-05-04 13:00:00,15896.724526537071,15186.987114291554,9860.585520135477
forecast_2966,2025-05-04 14:00:00,17227.08917416647,17073.534559585463,11526.981236401049
forecast_2967,2025-05-04 15:00:00,17433.53459546679,17489.56764980081,11493.033626121554
forecast_2968,2025-05-04 16:00:00,17107.211569060928,17213.477780798858,10531.492335901268
forecast_2969,2025-05-04 17:00:00,16662.896960844926,16778.147924608675,11127.314533112687
forecast_2970,2025-05-04 18:00:00,16809.864510200387,15676.741161522397,10922.80233918291
forecast_2971,2025-05-04 19:00:00,16329.000549842862,14885.233655161313,10793.703573895586
forecast_2972,2025-05-04 20:00:00,15944.946937852845,13680.934707189768,9495.425399028361
forecast_2973,2025-05-04 21:00:00,14193.585814144217,11626.783743701693,6399.160171476419
forecast_2974,2025-05-04 22:00:00,10494.034097034215,9250.646216053095,5062.743640133071
forecast_2975,2025-05-04 23:00:00,8372.514541733268,7732.307591323943,5084.837148369221
forecast_2976,2025-05-05 00:00:00,7049.827550804947,6268.3879386173085,4273.805890348498
forecast_2977,2025-05-05 01:00:00,6246.974364618688,6090.362724571247,3420.006242248336
forecast_2978,2025-05-05 02:00:00,5646.978375031225,3819.7352134415473,3139.7812864645584
forecast_2979,2025-05-05 03:00:00,5301.721532290503,3590.8988632573264,3003.4524351580108
forecast_2980,2025-05-05 04:00:00,3811.4591181206815,3229.166929300023,2051.0447178946583
forecast_2981,2025-05-05 05:00:00,3005.2436134613636,2171.167296955285,1363.9062058962677
forecast_2982,2025-05-05 06:00:00,1402.286120692759,1072.9278789254895,580.2317535407411
forecast_2983,2025-05-05 07:00:00,984.3007745377435,744.2278881772487,355.55063118438017
forecast_2984,2025-05-05 08:00:00,934.4343726557703,712.9224589164836,237.8459127260313
forecast_2985,2025-05-05 09:00:00,741.694478810431,527.5004349966018,216.53913778838074
forecast_2986,2025-05-05 10:00:00,368.2319861616435,321.82121236654706,192.2332848891365
forecast_2987,2025-05-05 11:00:00,288.0076032877085,265.2406238866112,347.9280662467034
forecast_2988,2025-05-05 12:00:00,325.4437727869259,363.66111013848416,327.10430569822347
forecast_2989,2025-05-05 13:00:00,428.5615531854094,349.5084212417465,306.65389124604536
forecast_2990,2025-05-05 14:00:00,524.003013019525,462.08160804746404,340.101552541892
forecast_2991,2025-05-05 15:00:00,689.6084172165872,502.6355556913219,305.5139416885282
forecast_2992,2025-05-05 16:00:00,633.8525490592004,429.38231363055115,257.60920396774424
forecast_2993,2025-05-05 17:00:00,904.030207136469,818.330148426176,396.5732991355621
forecast_2994,2025-05-05 18:00:00,1302.0945261623156,1260.910688595233,496.8700111069987
forecast_2995,2025-05-05 19:00:00,5206.723987823687,4408.859951996354,2796.109698126121
forecast_2996,2025-05-05 20:00:00,5587.062903351188,4873.265637574135,2942.575800994922
forecast_2997,2025-05-05 21:00:00,3849.521988934537,3241.618746919097,1525.7213755588502
forecast_2998,2025-05-05 22:00:00,4087.553206849812,3664.3101278187432,1724.5327463891556
forecast_2999,2025-05-05 23:00:00,2254.540601721104,2484.63808612622,1000.1855548261949
forecast_3000,2025-05-06 00:00:00,3683.859189151896,3124.376904314966,1225.8404882900631
forecast_3001,2025-05-06 01:00:00,1928.4603957964507,1484.6221995874785,439.2089922078321
forecast_3002,2025-05-06 02:00:00,691.3141612170888,660.1267118866343,185.48229622146832
forecast_3003,2025-05-06 03:00:00,525.625679821868,459.30399026706755,203.66415339608656
forecast_3004,2025-05-06 04:00:00,560.386269237784,474.8204091059009,159.34041258830953
forecast_3005,2025-05-06 05:00:00,734.5052782775799,750.3542171425788,240.8985979176201
forecast_3006,2025-05-06 06:00:00,876.034287520493,813.4240620045308,201.62508993424782
forecast_3007,2025-05-06 07:00:00,1144.2306365910238,1098.3402031929145,284.8980790616411
forecast_3008,2025-05-06 08:00:00,1419.1752946193978,1215.2994559575463,405.7363932601132
forecast_3009,2025-05-06 09:00:00,1093.0810953794662,862.9031790717606,518.8196475385793
forecast_3010,2025-05-06 10:00:00,973.615436543607,811.0220868968855,391.2988872889868
forecast_3011,2025-05-06 11:00:00,664.7818495122656,605.6849310786978,328.6388139796356
forecast_3012,2025-05-06 12:00:00,415.2733038575675,405.59874279066673,334.6762138047757
forecast_3013,2025-05-06 13:00:00,467.9531549001481,499.58260800448,312.5729853802396
forecast_3014,2025-05-06 14:00:00,534.0095665852698,666.7627595494092,473.85601648042507
forecast_3015,2025-05-06 15:00:00,620.7794973537297,497.7945533010976,339.54276469579185
forecast_3016,2025-05-06 16:00:00,460.6386599447452,448.2392809167707,255.87063427610994
forecast_3017,2025-05-06 17:00:00,371.5017824465143,377.3593499308626,238.5677823937218
forecast_3018,2025-05-06 18:00:00,391.76337244392454,337.1331591935112,125.23417328944883
forecast_3019,2025-05-06 19:00:00,402.1950478604386,346.25439630752106,127.3315490622536
forecast_3020,2025-05-06 20:00:00,533.7201437573169,600.1357382979901,201.2338820028157
forecast_3021,2025-05-06 21:00:00,1037.8505425750416,790.333335752488,416.012956000099
forecast_3022,2025-05-06 22:00:00,2337.9488689734876,1693.7777866269766,746.5771506240634
forecast_3023,2025-05-06 23:00:00,2028.1613962495735,1746.2339842399306,824.5352663272361
forecast_3024,2025-05-07 00:00:00,2146.922328317503,1909.4759020391514,940.6947651846147
forecast_3025,2025-05-07 01:00:00,3046.6163239884554,2227.397500432309,1216.6716336509082
forecast_3026,2025-05-07 02:00:00,2398.0814030982156,1887.1860321590652,921.9859519231455
forecast_3027,2025-05-07 03:00:00,2183.2540792026443,1499.3055553921215,689.2499614114729
forecast_3028,2025-05-07 04:00:00,2961.1854840723663,2075.6172832762973,1335.5295723362383
forecast_3029,2025-05-07 05:00:00,3373.2802399736934,2301.210270042664,1376.2086725523511
forecast_3030,2025-05-07 06:00:00,3074.3884212186704,2611.555350311188,1259.4347071377458
forecast_3031,2025-05-07 07:00:00,3277.24441628181,2599.338570206986,1351.5958950007455
forecast_3032,2025-05-07 08:00:00,2088.533573818376,1612.5001905204651,912.0652987961586
forecast_3033,2025-05-07 09:00:00,2151.131351317036,1917.3877120747684,1159.3774275403493
forecast_3034,2025-05-07 10:00:00,1620.3615250515925,1503.2987279816593,750.8199372924825
forecast_3035,2025-05-07 11:00:00,1208.0973276725417,962.3061102760205,637.2694260049219
forecast_3036,2025-05-07 12:00:00,1602.235823475276,1227.7816352735576,904.9269643366928
forecast_3037,2025-05-07 13:00:00,1213.764565638463,901.9170882673537,643.8268939669025
forecast_3038,2025-05-07 14:00:00,1457.020333456393,1208.968751028359,799.6505732254467
forecast_3039,2025-05-07 15:00:00,985.6137508826009,849.361923809536,554.7858137669378
forecast_3040,2025-05-07 16:00:00,868.6653126397988,882.9879169847532,510.5867732648201
forecast_3041,2025-05-07 17:00:00,751.0754221765025,761.5192618795472,419.7557580122426
forecast_3042,2025-05-07 18:00:00,788.5791940806904,720.4279744975549,487.75404097339657
forecast_3043,2025-05-07 19:00:00,1176.4376699211984,1031.150418017176,577.8642481608208
forecast_3044,2025-05-07 20:00:00,2258.99572184149,1742.4983999569258,1021.0320900398101
forecast_3045,2025-05-07 21:00:00,3288.4023881954276,2902.4696197677267,1747.2293279191215
forecast_3046,2025-05-07 22:00:00,4316.659318645916,4026.4638505696244,2551.320120566108
forecast_3047,2025-05-07 23:00:00,7120.368772173683,6584.835320851845,3993.189031941413
forecast_3048,2025-05-08 00:00:00,5801.280620800123,5370.890593376906,2686.9051467461327
forecast_3049,2025-05-08 01:00:00,4834.369160690969,4300.746555306881,2453.5910274864254
forecast_3050,2025-05-08 02:00:00,7537.690444383119,6505.388532798249,3556.5741879645293
forecast_3051,2025-05-08 03:00:00,8029.2462129039795,8247.26670381121,5198.364939057589
forecast_3052,2025-05-08 04:00:00,11406.094966203316,10080.545495791583,6767.510443508995
forecast_3053,2025-05-08 05:00:00,10862.551552831128,8554.266523187922,5354.784116175222
forecast_3054,2025-05-08 06:00:00,8233.132605616354,7105.335072279616,4118.65548531488
forecast_3055,2025-05-08 07:00:00,4955.314998764393,4922.369282103401,2690.9703042895867
forecast_3056,2025-05-08 08:00:00,4310.681664866262,2971.622622044687,2071.3477098529434
forecast_3057,2025-05-08 09:00:00,1271.6080874809848,1014.0679471493572,731.4053077583037
forecast_3058,2025-05-08 10:00:00,703.3058155507099,498.01491904781494,356.4110612996131
forecast_3059,2025-05-08 11:00:00,507.363156109666,461.3528595201611,297.2135301622313
forecast_3060,2025-05-08 12:00:00,466.3679342436005,503.51354398036784,321.34083177028754
forecast_3061,2025-05-08 13:00:00,649.795119749041,812.082375729761,469.935931058526
forecast_3062,2025-05-08 14:00:00,2689.5477006820674,3248.256767223912,1755.2236528670558
forecast_3063,2025-05-08 15:00:00,1662.618216949753,1898.3890648948532,993.3086384272215
forecast_3064,2025-05-08 16:00:00,2506.750903710086,2738.861388994574,1403.8238322374677
forecast_3065,2025-05-08 17:00:00,2101.1785208437777,2508.7016847434265,1391.3917204175737
forecast_3066,2025-05-08 18:00:00,2857.4070067787334,3078.117991403682,1843.6197831424247
forecast_3067,2025-05-08 19:00:00,3603.908221625284,4331.742129006422,2331.9617465320844
forecast_3068,2025-05-08 20:00:00,2625.292645858746,2577.279301640106,1497.7523592866664
forecast_3069,2025-05-08 21:00:00,2588.2275016861713,2526.455302638632,1005.0880003945994
forecast_3070,2025-05-08 22:00:00,2359.583914030642,2608.1021678152447,1103.2832380355624
forecast_3071,2025-05-08 23:00:00,1904.3326059853514,2013.7344033683203,912.5023359005596
forecast_3072,2025-05-09 00:00:00,3263.0205966770304,3251.0572619204922,1504.585873909508
forecast_3073,2025-05-09 01:00:00,5365.264133920287,5843.859396073997,3128.7354686668773
forecast_3074,2025-05-09 02:00:00,5803.726228806478,5458.510714090064,3024.88565825982
forecast_3075,2025-05-09 03:00:00,4532.623776164142,4593.52330212704,2143.733244066681
forecast_3076,2025-05-09 04:00:00,4911.785045472754,4766.0224874084515,2090.8307721965307
forecast_3077,2025-05-09 05:00:00,3460.9876112854704,3351.354476267214,1278.157876151062
forecast_3078,2025-05-09 06:00:00,3097.6812565375694,2733.712727434791,1000.4956381394994
forecast_3079,2025-05-09 07:00:00,2196.221448791922,2342.4863133629215,789.8638267545159
forecast_3080,2025-05-09 08:00:00,2208.7659427074313,2175.324865401319,698.9297517658929
forecast_3081,2025-05-09 09:00:00,2545.1190444980953,2128.329822806988,890.8851701682515
forecast_3082,2025-05-09 10:00:00,3917.0128777051996,3197.509656312475,1220.7927533919035
forecast_3083,2025-05-09 11:00:00,4195.081385415173,4216.417511202213,1644.3256098767292
forecast_3084,2025-05-09 12:00:00,5568.870236664964,6172.030059204427,2901.812642571025
forecast_3085,2025-05-09 13:00:00,7871.168557653422,8025.036697047648,4532.206682015485
forecast_3086,2025-05-09 14:00:00,11613.39380023955,12795.87786571656,8865.107100373869
forecast_3087,2025-05-09 15:00:00,13175.854539087612,13556.9646088599,10194.540823553996
forecast_3088,2025-05-09 16:00:00,13254.531111960388,13662.494605539701,10241.429485841585
forecast_3089,2025-05-09 17:00:00,14595.325080241533,15190.86532349903,10631.781172679946
forecast_3090,2025-05-09 18:00:00,12552.763500844849,13525.98262491528,8959.799355006528
forecast_3091,2025-05-09 19:00:00,10257.23563644135,10986.975577790414,8158.526837758162
forecast_3092,2025-05-09 20:00:00,7206.589339711395,6936.709951586638,4039.7434358288465
forecast_3093,2025-05-09 21:00:00,4342.787784302113,3424.969309068278,1541.8552680829625
forecast_3094,2025-05-09 22:00:00,2109.0003606170653,2364.3629262646277,706.1530627266978
forecast_3095,2025-05-09 23:00:00,3157.133499751722,2976.3040864744785,1208.630935592361
forecast_3096,2025-05-10 00:00:00,8047.94971602686,8191.207639776683,4335.9085551921835
forecast_3097,2025-05-10 01:00:00,12226.639722269652,12075.620006021658,9314.865250511779
forecast_3098,2025-05-10 02:00:00,13652.200042016852,13691.56347207962,9738.298026618028
forecast_3099,2025-05-10 03:00:00,14208.824983466437,14961.62526539629,11187.79356097177
forecast_3100,2025-05-10 04:00:00,15976.829229752886,16172.939594614412,11770.879169312579
forecast_3101,2025-05-10 05:00:00,15757.38662063883,16199.1605849605,11570.46683255845
forecast_3102,2025-05-10 06:00:00,18122.569798353616,16902.549595057102,11699.152631641799
forecast_3103,2025-05-10 07:00:00,19221.4852611059,18586.570576775135,13405.91499240164
forecast_3104,2025-05-10 08:00:00,19735.470165747363,18728.967785785957,14503.811881965446
forecast_3105,2025-05-10 09:00:00,19914.413668334924,18793.70960578456,14587.792039552342
forecast_3106,2025-05-10 10:00:00,19981.317771395035,18793.47018962379,14680.349565816932
forecast_3107,2025-05-10 11:00:00,19760.182101808092,18717.39806325653,14620.557088315569
forecast_3108,2025-05-10 12:00:00,19632.302057185334,18337.61105865137,14371.646611712535
forecast_3109,2025-05-10 13:00:00,19650.56568419405,18374.27387602009,14353.92404542712
forecast_3110,2025-05-10 14:00:00,19398.810114398428,18154.08214362914,13393.871647311462
forecast_3111,2025-05-10 15:00:00,19292.54818237651,18090.872666653242,12841.983157520814
forecast_3112,2025-05-10 16:00:00,18889.923611117665,18069.922817325987,12789.323950140588
forecast_3113,2025-05-10 17:00:00,18004.660076494732,16735.231194848628,12360.596091585583
forecast_3114,2025-05-10 18:00:00,16776.027894645806,15355.66990449811,11499.522566464395
forecast_3115,2025-05-10 19:00:00,13258.175328256604,12941.62878519596,9866.768689518729
forecast_3116,2025-05-10 20:00:00,12462.876438858717,12091.070764859845,9137.4708687759
forecast_3117,2025-05-10 21:00:00,10351.762062898706,10503.483026186563,7455.923785834436
forecast_3118,2025-05-10 22:00:00,10772.153730655113,10278.15279214445,7403.414801932463
forecast_3119,2025-05-10 23:00:00,10839.797542092103,9965.213020432835,6941.4349092212
forecast_3120,2025-05-11 00:00:00,9248.188046712052,8461.704029783768,5757.95816759772
forecast_3121,2025-05-11 01:00:00,11779.102962808854,11262.034080148735,7576.573518612752
forecast_3122,2025-05-11 02:00:00,11185.924596501633,10320.656282223214,7244.655812780115
forecast_3123,2025-05-11 03:00:00,9683.609264657498,9797.885061642157,6837.639422180788
forecast_3124,2025-05-11 04:00:00,9320.157514680692,9026.137148242411,6397.847728832414
forecast_3125,2025-05-11 05:00:00,10162.606200111235,9320.774655120253,7016.118893729644
forecast_3126,2025-05-11 06:00:00,7227.092300899681,5947.83677224372,4431.4769147563875
forecast_3127,2025-05-11 07:00:00,5404.47224438174,4064.085477130796,2845.560172510768
forecast_3128,2025-05-11 08:00:00,4870.616449912235,3962.266268711029,2127.2563457442325
forecast_3129,2025-05-11 09:00:00,2215.3265168021135,1699.286951199832,1111.996185771175
forecast_3130,2025-05-11 10:00:00,642.5136448066397,342.966120404441,316.3767929254501
forecast_3131,2025-05-11 11:00:00,556.1393733083909,351.3631546387744,290.80217358218067
forecast_3132,2025-05-11 12:00:00,927.7596773617187,685.2541908216126,478.61033944060455
forecast_3133,2025-05-11 13:00:00,1340.1942524795452,1055.0734191629433,789.1695230274136
forecast_3134,2025-05-11 14:00:00,3429.062187381559,2840.325822736044,1769.3172079337146
forecast_3135,2025-05-11 15:00:00,3555.489043297906,3772.405405627095,2759.5359732048196
forecast_3136,2025-05-11 16:00:00,3419.6924895676925,3436.4712500570145,2813.9408702300148
forecast_3137,2025-05-11 17:00:00,4361.7474023036575,4322.142770653607,2423.2463160832635
forecast_3138,2025-05-11 18:00:00,4907.2819006729505,4027.241328326075,2608.1298872080065
forecast_3139,2025-05-11 19:00:00,5539.888953843395,5491.987312234969,3619.4973558140796
forecast_3140,2025-05-11 20:00:00,7836.8851193020455,8825.228831296232,5885.419168805277
forecast_3141,2025-05-11 21:00:00,11909.670128812168,10685.598753308646,8419.74236174674
forecast_3142,2025-05-11 22:00:00,13427.220187766547,12525.991098746485,9273.91519881826
forecast_3143,2025-05-11 23:00:00,15022.955806396232,14986.813513397976,11263.380392751713
forecast_3144,2025-05-12 00:00:00,16283.697924568729,15686.179237672002,12574.1687396134
forecast_3145,2025-05-12 01:00:00,13085.48481200152,13868.976322004475,9178.442400398388
forecast_3146,2025-05-12 02:00:00,14322.071677503498,14445.65724202913,9941.50916428377
forecast_3147,2025-05-12 03:00:00,14848.36629587359,15212.06707057109,10669.844086461897
forecast_3148,2025-05-12 04:00:00,15858.172438173968,14983.092492775344,11295.994943696523
forecast_3149,2025-05-12 05:00:00,15445.955712638006,14361.670615169898,11284.774649685807
forecast_3150,2025-05-12 06:00:00,13627.230572751245,13558.587390974557,10164.191722978965
forecast_3151,2025-05-12 07:00:00,11501.528777809612,11806.696396133373,8432.648863962151
forecast_3152,2025-05-12 08:00:00,10659.156655837212,10723.95478759454,7287.9205745229
forecast_3153,2025-05-12 09:00:00,11532.922743688127,10814.529451473414,7438.359385005245
forecast_3154,2025-05-12 10:00:00,10545.065019432166,9604.291956158691,7093.461377543594
forecast_3155,2025-05-12 11:00:00,10668.463591151589,9622.388650223751,6374.948487888958
forecast_3156,2025-05-12 12:00:00,9967.150156089825,8717.34880407955,6582.871023386262
forecast_3157,2025-05-12 13:00:00,9975.354961333409,9489.633919498918,6530.240887777253
forecast_3158,2025-05-12 14:00:00,9981.041416280268,9185.342298932343,6200.710616716791
forecast_3159,2025-05-12 15:00:00,9296.567972673878,7796.102730754779,5642.035069785822
forecast_3160,2025-05-12 16:00:00,9469.213625099348,7757.589967615438,5895.418684396741
forecast_3161,2025-05-12 17:00:00,10434.259686512007,8940.538369146034,6524.335578141367
forecast_3162,2025-05-12 18:00:00,10798.972612530126,9371.972144861793,7037.06256175074
forecast_3163,2025-05-12 19:00:00,12409.141560841508,10745.359759538786,8411.173230917748
forecast_3164,2025-05-12 20:00:00,15054.487707582222,13145.47240281079,10930.204533274986
forecast_3165,2025-05-12 21:00:00,16049.024546835513,14402.146560969595,12068.545954099152
forecast_3166,2025-05-12 22:00:00,17468.639058561417,16062.241826691776,12575.250349934184
forecast_3167,2025-05-12 23:00:00,17322.80150303202,15791.277324739567,12956.015835530618
forecast_3168,2025-05-13 00:00:00,17831.975970704374,16331.702497339973,13370.21644704968
forecast_3169,2025-05-13 01:00:00,20476.134875357195,18241.444551514087,14395.586288513652
forecast_3170,2025-05-13 02:00:00,20537.794714212396,18302.47013669779,14709.878800375118
forecast_3171,2025-05-13 03:00:00,20053.958747372846,18286.119333205985,14358.427012713704
forecast_3172,2025-05-13 04:00:00,19195.372451979056,17728.672566032517,14005.78109548203
forecast_3173,2025-05-13 05:00:00,19821.86874678274,18071.18204345092,14126.297869051981
forecast_3174,2025-05-13 06:00:00,19409.123678906268,17980.355157780712,13904.107121748784
forecast_3175,2025-05-13 07:00:00,17820.870551836462,17066.13203907826,12857.8499467301
forecast_3176,2025-05-13 08:00:00,16058.826271843323,15883.750626129246,12251.38352107893
forecast_3177,2025-05-13 09:00:00,15716.475569759108,15199.756618614692,11773.501470712625
forecast_3178,2025-05-13 10:00:00,14821.992827483016,14748.68798911681,11262.894355932724
forecast_3179,2025-05-13 11:00:00,14917.431542810265,15246.984593580362,11582.848651422
forecast_3180,2025-05-13 12:00:00,14897.627167063423,14771.65645496416,11441.38259810957
forecast_3181,2025-05-13 13:00:00,14692.76017983578,14601.456253817278,11405.624047630452
forecast_3182,2025-05-13 14:00:00,14394.608766028654,14128.475808103909,11060.393546736781
forecast_3183,2025-05-13 15:00:00,14115.881175994427,13958.97469667306,10716.612283425959
forecast_3184,2025-05-13 16:00:00,13927.994508179103,13737.002071932255,10396.667632317478
forecast_3185,2025-05-13 17:00:00,14135.837147597313,14343.85248061924,10547.096690817336
forecast_3186,2025-05-13 18:00:00,14048.676012694747,14140.44665368202,10784.642055766657
forecast_3187,2025-05-13 19:00:00,14753.578064003343,15433.427364629957,12097.15588523047
forecast_3188,2025-05-13 20:00:00,17894.81224928151,17010.023992487546,14309.942049162986
forecast_3189,2025-05-13 21:00:00,18603.57618594131,17148.2533073753,13987.107288853684
forecast_3190,2025-05-13 22:00:00,20100.829920603024,17731.86085554444,14584.300314668537
forecast_3191,2025-05-13 23:00:00,20291.458344687522,18333.198596559494,14747.438571789411
forecast_3192,2025-05-14 00:00:00,20764.719210763353,18476.43607578466,14663.811565305803
forecast_3193,2025-05-14 01:00:00,20030.96163759666,18140.689102762983,14380.595201905893
forecast_3194,2025-05-14 02:00:00,20580.566656151404,18620.786417190156,14129.335764287995
forecast_3195,2025-05-14 03:00:00,20746.652442869603,18714.614746245075,14439.137024039452
forecast_3196,2025-05-14 04:00:00,20691.14250642033,18604.885888140725,13572.995213599295
forecast_3197,2025-05-14 05:00:00,20854.928552795463,18565.365025839623,13286.75072053679
forecast_3198,2025-05-14 06:00:00,20231.123985274142,17957.898999372454,12596.353501206824
forecast_3199,2025-05-14 07:00:00,17958.25310538419,15605.41890972485,10359.375508368754
forecast_3200,2025-05-14 08:00:00,15909.920016156777,13781.879163575775,9315.239093780814
forecast_3201,2025-05-14 09:00:00,11400.08689572591,9525.901068083685,6252.019819819432
forecast_3202,2025-05-14 10:00:00,6961.817172572042,6145.855867457568,4844.567707026292
forecast_3203,2025-05-14 11:00:00,4717.7119265988285,4445.860598504566,3589.344811411817
forecast_3204,2025-05-14 12:00:00,5289.003991117405,4463.916614453989,4378.989355842973
forecast_3205,2025-05-14 13:00:00,5006.106753385819,3971.055154667763,4486.683701642178
forecast_3206,2025-05-14 14:00:00,4815.4789818780555,3738.4522238429763,3873.4115278805384
forecast_3207,2025-05-14 15:00:00,5115.833306645944,4630.516526080389,3957.6799759182336
forecast_3208,2025-05-14 16:00:00,5070.6090713562635,4651.052778836991,4070.9607381051455
forecast_3209,2025-05-14 17:00:00,5132.541030756972,5139.153435052529,3704.0190593370035
forecast_3210,2025-05-14 18:00:00,7824.143950544974,7614.092765446174,4876.218351175184
forecast_3211,2025-05-14 19:00:00,10271.780920753077,9817.774363405704,6092.792022214478
forecast_3212,2025-05-14 20:00:00,10062.502418151538,9697.324171923656,5337.599652602786
forecast_3213,2025-05-14 21:00:00,10656.810833456397,10873.836477559811,6570.9014544947095
forecast_3214,2025-05-14 22:00:00,10309.98032799091,12558.975012967736,6585.055850795129
forecast_3215,2025-05-14 23:00:00,9295.26530118301,10771.068082970945,5765.711423558143
forecast_3216,2025-05-15 00:00:00,10674.026654526402,10584.367003470523,6221.70322980615
forecast_3217,2025-05-15 01:00:00,11453.655416392665,12720.898392229208,8486.740529003759
forecast_3218,2025-05-15 02:00:00,11929.26718453564,12998.021176797893,8771.435175216246
forecast_3219,2025-05-15 03:00:00,10730.937835289185,12485.334688634155,7779.9323182191465
forecast_3220,2025-05-15 04:00:00,11192.607257762897,13438.819166010298,8193.0658215723
forecast_3221,2025-05-15 05:00:00,12119.531102180707,13479.074169985368,8613.022625681553
forecast_3222,2025-05-15 06:00:00,13436.8871489358,15690.152563756894,11204.890550539782
forecast_3223,2025-05-15 07:00:00,16036.173482685224,17080.63090783237,12855.237084909695
forecast_3224,2025-05-15 08:00:00,16366.186886091256,17502.253220662984,13554.871953413613
forecast_3225,2025-05-15 09:00:00,15836.279975444262,16756.311438278928,13101.080182744481
forecast_3226,2025-05-15 10:00:00,16509.128950819606,16390.461158038957,12757.202490986945
forecast_3227,2025-05-15 11:00:00,15672.989150678084,16325.547766277985,12480.07693321979
forecast_3228,2025-05-15 12:00:00,15412.076633773342,16036.036224104768,12468.148852367074
forecast_3229,2025-05-15 13:00:00,16918.027956349397,16945.5011732866,13020.694779684562
forecast_3230,2025-05-15 14:00:00,18030.093523227628,18007.280990766692,14144.527820850262
forecast_3231,2025-05-15 15:00:00,17382.953925564663,17826.536925226563,14060.644011739845
forecast_3232,2025-05-15 16:00:00,17662.86742601707,17465.25190256109,13374.726151073499
forecast_3233,2025-05-15 17:00:00,17573.51165078157,16805.906595694956,13115.939783536995
forecast_3234,2025-05-15 18:00:00,17488.705501605185,16582.445903814238,13067.539796549854
forecast_3235,2025-05-15 19:00:00,17874.47728398095,16698.184808020833,13304.333546028756
forecast_3236,2025-05-15 20:00:00,16835.153554644996,16247.121913691115,13143.246923865267
forecast_3237,2025-05-15 21:00:00,16966.547785579623,16306.38181985161,12758.623434237134
forecast_3238,2025-05-15 22:00:00,17160.483807896606,16508.91062280411,13747.774530536646
forecast_3239,2025-05-15 23:00:00,17201.502787374382,16488.970247234643,13944.95339291194
forecast_3240,2025-05-16 00:00:00,16625.9398393336,16616.45428490508,13664.197238533332
forecast_3241,2025-05-16 01:00:00,16362.885985627432,16245.857079363495,12471.387484436524
forecast_3242,2025-05-16 02:00:00,16692.049389081785,16205.125444958489,12412.200681690329
forecast_3243,2025-05-16 03:00:00,16736.129237667676,16087.210258529753,11979.205901029409
forecast_3244,2025-05-16 04:00:00,17108.933435581355,16273.742251214164,12122.88993169835
forecast_3245,2025-05-16 05:00:00,16276.706139352624,15844.610200096442,11992.461040290333
forecast_3246,2025-05-16 06:00:00,15999.211667611604,15655.938193430373,11551.563664216394
forecast_3247,2025-05-16 07:00:00,14207.872251942834,14103.551458376658,10631.939170969723
forecast_3248,2025-05-16 08:00:00,13327.916995565276,13715.786886615864,10644.325782366388
forecast_3249,2025-05-16 09:00:00,13420.10312360093,13574.203180913415,10021.862414060028
forecast_3250,2025-05-16 10:00:00,11515.4519589467,11867.096222978564,9569.555664787105
forecast_3251,2025-05-16 11:00:00,10977.960922007187,10715.357405512457,9312.44545411354
forecast_3252,2025-05-16 12:00:00,11176.97314041124,10800.929619090746,9348.258297213666
forecast_3253,2025-05-16 13:00:00,8646.923468282603,8444.375359817575,6958.871040206422
forecast_3254,2025-05-16 14:00:00,7774.6897793700955,7709.453849477875,6427.128825342739
forecast_3255,2025-05-16 15:00:00,7504.401134857192,7408.689618897369,5708.02981896582
forecast_3256,2025-05-16 16:00:00,6624.148846849942,7207.568578232015,5092.345073990274
forecast_3257,2025-05-16 17:00:00,5599.529611767012,6219.127841602587,4952.298364775217
forecast_3258,2025-05-16 18:00:00,4491.095964389922,5360.597854253569,3430.9874145335107
forecast_3259,2025-05-16 19:00:00,5092.143608156162,5359.286853812986,3686.188674383626
forecast_3260,2025-05-16 20:00:00,4537.135133550039,4223.298018703726,2542.4683634225253
forecast_3261,2025-05-16 21:00:00,4077.3842838733103,3446.16789255742,2080.5232991284292
forecast_3262,2025-05-16 22:00:00,3774.1026984681716,3494.0973393491972,1689.556846706417
forecast_3263,2025-05-16 23:00:00,4156.610098170302,3820.8957516299492,1735.777615668822
forecast_3264,2025-05-17 00:00:00,2892.851653096114,2814.6021395414273,1145.3679596962559
forecast_3265,2025-05-17 01:00:00,5288.335144632985,5035.105713564206,1842.9181599167257
forecast_3266,2025-05-17 02:00:00,5069.5005616520775,5180.289944537017,2263.259081863631
forecast_3267,2025-05-17 03:00:00,4190.039503009854,4524.639754541226,2300.651325099157
forecast_3268,2025-05-17 04:00:00,3545.5815533141476,2972.226972121159,1547.7045073223444
forecast_3269,2025-05-17 05:00:00,3254.972234783609,2925.7867475532335,1151.8167334606978
forecast_3270,2025-05-17 06:00:00,1915.7602801721987,1923.1211399730366,785.3578485236521
forecast_3271,2025-05-17 07:00:00,2293.0288154459645,1778.3711634579322,679.9469308269363
forecast_3272,2025-05-17 08:00:00,2479.7253259548124,2181.0551697076,1027.162562553406
forecast_3273,2025-05-17 09:00:00,3811.50066753337,3402.3500568996083,2019.8332944502872
forecast_3274,2025-05-17 10:00:00,4968.713225920271,4812.837426646089,2680.2597552530688
forecast_3275,2025-05-17 11:00:00,5711.342168726095,5768.501807599505,3228.365595756975
forecast_3276,2025-05-17 12:00:00,4552.875770768391,4105.038202212613,3911.667967326141
forecast_3277,2025-05-17 13:00:00,7655.640791800767,7090.246052044378,5972.571969060998
forecast_3278,2025-05-17 14:00:00,10675.076456359933,10630.022367375623,8681.24496215409
forecast_3279,2025-05-17 15:00:00,11224.742165122507,11121.832101023725,9430.09983565856
forecast_3280,2025-05-17 16:00:00,13735.536300145634,13293.077836154453,10438.77892107934
forecast_3281,2025-05-17 17:00:00,17464.371431536303,17401.083576061803,13208.114926854489
forecast_3282,2025-05-17 18:00:00,18560.882626260896,18040.586274809506,14270.292350699068
forecast_3283,2025-05-17 19:00:00,19165.355164266675,18436.5892111751,14680.916485184043
forecast_3284,2025-05-17 20:00:00,19089.481439476498,18340.348564366683,14137.644909762863
forecast_3285,2025-05-17 21:00:00,19165.223572552586,18352.709858666076,13776.602404406094
forecast_3286,2025-05-17 22:00:00,19504.336857003433,18706.27670745646,14460.424343367724
forecast_3287,2025-05-17 23:00:00,19551.85000894073,18857.990462415193,13358.84850794027
forecast_3288,2025-05-18 00:00:00,19813.117375000234,18631.334410603806,12554.429735463365
forecast_3289,2025-05-18 01:00:00,19283.010100131276,17406.250006288523,11825.239477374647
forecast_3290,2025-05-18 02:00:00,18537.015435415826,16194.028541680167,10468.940226793598
forecast_3291,2025-05-18 03:00:00,16382.33678202564,15443.115703521016,9404.972611207382
forecast_3292,2025-05-18 04:00:00,15143.566484209608,13599.623655660398,8420.517787704126
forecast_3293,2025-05-18 05:00:00,12067.934253205884,11637.935719280465,7201.845376554549
forecast_3294,2025-05-18 06:00:00,9388.085614013675,8840.888070052484,4925.58458030126
forecast_3295,2025-05-18 07:00:00,5235.7427874581845,4484.293969011138,2423.242440396805
forecast_3296,2025-05-18 08:00:00,3133.8466159741356,2284.382086821253,1011.1770703803763
forecast_3297,2025-05-18 09:00:00,2098.4932750731577,1616.9578185608457,845.8379514317996
forecast_3298,2025-05-18 10:00:00,960.0595902945529,704.8798834356993,568.4114883053205
forecast_3299,2025-05-18 11:00:00,1375.0432750848936,1048.4811680411444,572.9005032832588
forecast_3300,2025-05-18 12:00:00,2370.686969128592,1574.3274537554546,886.4591112432963
forecast_3301,2025-05-18 13:00:00,3786.8077972837445,3038.627557823934,1593.2665453270163
forecast_3302,2025-05-18 14:00:00,4105.181515074558,2957.558944018986,2054.19720560841
forecast_3303,2025-05-18 15:00:00,5632.107941037414,3740.1229194092134,3084.473046200411
forecast_3304,2025-05-18 16:00:00,5667.7178702723495,4708.2544216665665,3748.4598735115846
forecast_3305,2025-05-18 17:00:00,7262.877838047427,5986.178536124057,5560.864675018099
forecast_3306,2025-05-18 18:00:00,8641.731112560448,7308.726115397321,6899.471517579353
forecast_3307,2025-05-18 19:00:00,11348.231414375869,9584.86356458385,8885.114387196123
forecast_3308,2025-05-18 20:00:00,13445.208110466307,11366.908712187646,10737.10537979218
forecast_3309,2025-05-18 21:00:00,14070.957112634784,12974.314749147481,10832.270935541486
forecast_3310,2025-05-18 22:00:00,14309.786573872956,13321.443675955243,9793.510350869601
forecast_3311,2025-05-18 23:00:00,14377.967620718191,12636.142271982279,9574.804881077423
forecast_3312,2025-05-19 00:00:00,15114.587970328674,12863.516881071419,9369.702028731414
forecast_3313,2025-05-19 01:00:00,10795.499199144488,11329.9313185309,6213.4304997882855
forecast_3314,2025-05-19 02:00:00,8674.834302943145,9794.317191410166,4438.235651407372
forecast_3315,2025-05-19 03:00:00,8334.523570329113,8483.033708963821,4006.988772436493
forecast_3316,2025-05-19 04:00:00,7608.966278927587,8665.274670490835,4089.1708919724592
forecast_3317,2025-05-19 05:00:00,7676.960572999795,9003.213738726963,4688.458218101556
forecast_3318,2025-05-19 06:00:00,8390.148507375254,10385.90814388813,5227.0310475540155
forecast_3319,2025-05-19 07:00:00,8769.286232617134,10611.922794931419,5540.8660804110195
forecast_3320,2025-05-19 08:00:00,9633.703902624367,11640.643665631895,6609.811554494037
forecast_3321,2025-05-19 09:00:00,11944.646148554422,13096.325477016166,10179.530730992608
forecast_3322,2025-05-19 10:00:00,14317.578952553089,14643.025647702725,11581.919077615847
forecast_3323,2025-05-19 11:00:00,15571.977256329636,15156.532103378782,11957.279031840506
forecast_3324,2025-05-19 12:00:00,16551.07460149097,15962.384120130104,12965.084235074162
forecast_3325,2025-05-19 13:00:00,17614.991503968595,17555.199894832276,13315.800993521094
forecast_3326,2025-05-19 14:00:00,18085.71250737729,17853.29658758404,13823.44505888981
forecast_3327,2025-05-19 15:00:00,18526.671877781206,18031.238591614718,13954.646207039441
forecast_3328,2025-05-19 16:00:00,18251.18852291294,18223.11550587092,14506.889039364789
forecast_3329,2025-05-19 17:00:00,18485.200520705857,18186.777402456144,14453.966376903512
forecast_3330,2025-05-19 18:00:00,18723.47256252349,18248.321409467153,14423.104411976981
forecast_3331,2025-05-19 19:00:00,19370.98190339417,18532.27520131002,14604.908177406958
forecast_3332,2025-05-19 20:00:00,19304.198515972443,18465.053386698488,13984.654632940046
forecast_3333,2025-05-19 21:00:00,19403.626750742227,18622.745232558875,13473.286498302
forecast_3334,2025-05-19 22:00:00,19407.40655031228,18210.427993001875,13646.071776807563
forecast_3335,2025-05-19 23:00:00,19012.811263800082,18155.044864743006,13001.215478033588
forecast_3336,2025-05-20 00:00:00,18577.71368281776,17861.932611837325,13662.766102323469
forecast_3337,2025-05-20 01:00:00,18918.5177111523,18585.614644814945,14524.09591358188
forecast_3338,2025-05-20 02:00:00,18562.549263038945,18413.783237224463,14713.213651574391
forecast_3339,2025-05-20 03:00:00,18723.174956138657,18296.404302181832,14362.863293333194
forecast_3340,2025-05-20 04:00:00,19572.62014766268,18597.150668244838,14557.375067732766
forecast_3341,2025-05-20 05:00:00,19585.666970311027,18715.930959349545,14558.40444617981
forecast_3342,2025-05-20 06:00:00,19590.0741964802,18565.809002928883,14751.335282197575
forecast_3343,2025-05-20 07:00:00,19210.65988637989,18119.302138886862,13877.57906699914
forecast_3344,2025-05-20 08:00:00,18593.266262822694,17783.628887189734,13765.257281617907
forecast_3345,2025-05-20 09:00:00,18237.377067633737,17365.429374800126,13674.698939326616
forecast_3346,2025-05-20 10:00:00,15543.026153377412,14914.835831548655,11716.024938387569
forecast_3347,2025-05-20 11:00:00,13479.942450497925,12923.32716133807,10622.075357958889
forecast_3348,2025-05-20 12:00:00,12650.377880673303,12095.701012804855,10349.174791697882
forecast_3349,2025-05-20 13:00:00,12247.854735345987,12695.11888692816,10166.48686213756
forecast_3350,2025-05-20 14:00:00,14105.747101403782,13373.992898473978,11127.456329843111
forecast_3351,2025-05-20 15:00:00,15000.321526173313,14023.205667441891,11900.592497225154
forecast_3352,2025-05-20 16:00:00,15980.748005803725,14413.413160071857,12249.269442738363
forecast_3353,2025-05-20 17:00:00,16493.36021875931,15198.352296943167,13199.309287426464
forecast_3354,2025-05-20 18:00:00,14929.875718243495,14620.229235544517,13119.93438738881
forecast_3355,2025-05-20 19:00:00,14352.710349241836,14565.282524880313,13418.843607818872
forecast_3356,2025-05-20 20:00:00,15024.482720291375,15478.89529185402,13981.314796599954
forecast_3357,2025-05-20 21:00:00,15293.838333303369,15820.235701992988,13188.788712914127
forecast_3358,2025-05-20 22:00:00,15764.169189666069,16259.019472278324,13432.844610961118
forecast_3359,2025-05-20 23:00:00,15339.095164008513,16557.866909301018,13314.171757759157
forecast_3360,2025-05-21 00:00:00,16065.822541239355,16308.126192820308,13407.563421583644
forecast_3361,2025-05-21 01:00:00,16769.63949176496,16447.419769015498,12961.903209594899
forecast_3362,2025-05-21 02:00:00,16491.67844311821,15766.106696927181,12440.921315572448
forecast_3363,2025-05-21 03:00:00,16177.330521592672,15204.901492916188,12291.684832224715
forecast_3364,2025-05-21 04:00:00,15719.99006544921,14834.14297105893,10565.23385080554
forecast_3365,2025-05-21 05:00:00,13185.165452224868,12409.033871191823,9421.874850723949
forecast_3366,2025-05-21 06:00:00,9264.840968560751,9703.775496819371,6939.4207481739395
forecast_3367,2025-05-21 07:00:00,5887.5825426458905,6162.995457036796,3819.6495374520287
forecast_3368,2025-05-21 08:00:00,3344.3123234935983,3324.149732491996,2218.3735822779613
forecast_3369,2025-05-21 09:00:00,2487.078191043868,2455.6225497047276,1917.1867889874607
forecast_3370,2025-05-21 10:00:00,1127.2176588451362,1131.0315974173113,776.6927193293313
forecast_3371,2025-05-21 11:00:00,939.5640422975299,776.5004891890486,436.66015783660106
forecast_3372,2025-05-21 12:00:00,1239.4504713966885,1058.8281620557514,711.2528539362892
forecast_3373,2025-05-21 13:00:00,1422.7244740155993,1133.25964453401,1002.630198268362
forecast_3374,2025-05-21 14:00:00,1702.1250336588314,1731.119380925189,1052.9058684280787
forecast_3375,2025-05-21 15:00:00,1126.3851872873747,1301.845601164491,859.8200031943265
forecast_3376,2025-05-21 16:00:00,1288.0160678909344,1094.5936199976836,696.9279838358195
forecast_3377,2025-05-21 17:00:00,843.6922142923146,936.1438207722297,496.1078402085159
forecast_3378,2025-05-21 18:00:00,801.3804703724784,703.8166140790615,473.0057604488194
forecast_3379,2025-05-21 19:00:00,1092.5596655832092,1078.7998776450124,380.9431211369694
forecast_3380,2025-05-21 20:00:00,1167.3221484931819,1366.3588875738249,474.434397549487
forecast_3381,2025-05-21 21:00:00,1353.0463571961066,1465.905114111928,563.0457067220351
forecast_3382,2025-05-21 22:00:00,1585.9158944631233,1606.775112026105,509.4155824642583
forecast_3383,2025-05-21 23:00:00,1827.7161545327665,1441.0498737956561,705.3231179244368
forecast_3384,2025-05-22 00:00:00,1677.0006266424602,1540.4343782504554,1038.1280224354869
forecast_3385,2025-05-22 01:00:00,1421.2147099102738,1463.8578312270934,576.3610882350679
forecast_3386,2025-05-22 02:00:00,1526.418379883169,1798.731940554901,681.3929187228006
forecast_3387,2025-05-22 03:00:00,1758.4412555234455,1881.7817774873497,793.5117986508403
forecast_3388,2025-05-22 04:00:00,1641.863497344941,1720.1675630629222,627.5419893274458
forecast_3389,2025-05-22 05:00:00,1459.3867274491265,1640.9752810348668,678.7414389370439
forecast_3390,2025-05-22 06:00:00,1432.7817127212986,1543.20407287929,642.4847294869884
forecast_3391,2025-05-22 07:00:00,1299.9363837418873,1443.916940873413,652.6120275182715
forecast_3392,2025-05-22 08:00:00,1413.9344691283109,1548.776622676953,660.6205444617236
forecast_3393,2025-05-22 09:00:00,1533.9882483573376,1722.531411850449,807.7432994573707
forecast_3394,2025-05-22 10:00:00,2138.2105862065746,2719.6561124988816,1277.3033937270766
forecast_3395,2025-05-22 11:00:00,2178.2539390322413,2767.7799089718574,1649.632999026397
forecast_3396,2025-05-22 12:00:00,2092.8637811707836,2735.8565490539822,1360.1072641640146
forecast_3397,2025-05-22 13:00:00,1998.313890102637,2431.0563386460904,1573.4355009158023
forecast_3398,2025-05-22 14:00:00,1476.3565113817874,1672.5123328044108,1099.5897355486288
forecast_3399,2025-05-22 15:00:00,1277.7832532229831,1451.9142396056402,879.3017237712787
forecast_3400,2025-05-22 16:00:00,916.9852283943993,1147.8214157486527,580.1366645707965
forecast_3401,2025-05-22 17:00:00,487.50157298224264,631.6553846430863,354.5357653872384
forecast_3402,2025-05-22 18:00:00,361.0627745108728,444.2029240347783,181.62397655850046
forecast_3403,2025-05-22 19:00:00,497.8165052290763,554.3769784264604,154.69790349243704
forecast_3404,2025-05-22 20:00:00,852.5655146568944,789.1684023629191,197.78525573793493
forecast_3405,2025-05-22 21:00:00,1648.1032296102537,1222.449264606061,365.5931929543076
forecast_3406,2025-05-22 22:00:00,2279.9881838128013,1831.9790919661357,546.3223863752748
forecast_3407,2025-05-22 23:00:00,2570.494693205497,2121.20218620382,582.7839807437985
forecast_3408,2025-05-23 00:00:00,2160.9602354205963,1749.9620190350147,428.15888614809364
forecast_3409,2025-05-23 01:00:00,3337.9875006254106,2289.263320261843,695.7000426829959
forecast_3410,2025-05-23 02:00:00,4031.5424636385605,2716.7784703424104,777.6691644196483
forecast_3411,2025-05-23 03:00:00,3410.077529436188,2403.5855457638227,671.5391838554967
forecast_3412,2025-05-23 04:00:00,4117.100330241281,2889.587191993057,989.9781680800135
forecast_3413,2025-05-23 05:00:00,3781.5699411330784,2946.1081219746543,986.2463635472484
forecast_3414,2025-05-23 06:00:00,3490.8176517126203,2699.897269578789,896.1070943441068
forecast_3415,2025-05-23 07:00:00,3390.090940598261,2564.810868972066,833.5406675174879
forecast_3416,2025-05-23 08:00:00,3014.8691323563853,2550.67071259222,728.0249823926874
forecast_3417,2025-05-23 09:00:00,3065.132325146644,2742.84876275759,882.7795167815864
forecast_3418,2025-05-23 10:00:00,2212.465541975369,2283.264529469794,921.6286631303868
forecast_3419,2025-05-23 11:00:00,1980.74097832497,2098.1327974518927,961.3041062998794
forecast_3420,2025-05-23 12:00:00,1909.2066462295659,1931.3324283396885,916.9378642307914
forecast_3421,2025-05-23 13:00:00,1988.1270511721466,1952.0496645613468,909.8802827904022
forecast_3422,2025-05-23 14:00:00,1805.4645136268543,1645.7915778714082,862.8111753708152
forecast_3423,2025-05-23 15:00:00,1663.4374871068774,1583.3933653474855,785.6158240258438
forecast_3424,2025-05-23 16:00:00,1523.673161521042,1223.7624871094445,731.54060360091
forecast_3425,2025-05-23 17:00:00,1584.9131610677277,1618.0270865976984,818.9472955059664
forecast_3426,2025-05-23 18:00:00,3076.109022785273,2962.1670529812814,1033.7953704771785
forecast_3427,2025-05-23 19:00:00,3170.125160892604,2794.6504147336927,956.1623476878714
forecast_3428,2025-05-23 20:00:00,3422.4930560229654,3218.901332626802,1030.5064475037548
forecast_3429,2025-05-23 21:00:00,4526.0351526241175,4274.048157776046,1263.4606827170721
forecast_3430,2025-05-23 22:00:00,4652.4773364375915,4267.7170093902205,1508.8905278638492
forecast_3431,2025-05-23 23:00:00,4021.7104197391427,3521.19337459549,1107.6155498415978
forecast_3432,2025-05-24 00:00:00,3960.7346388348433,2832.888342715545,955.7649733970267
forecast_3433,2025-05-24 01:00:00,6346.5512338291965,5230.867982877143,1490.7719360247324
forecast_3434,2025-05-24 02:00:00,5900.264240576044,5463.885990775188,1653.1350467067518
forecast_3435,2025-05-24 03:00:00,5761.073925016467,5265.897661270172,1775.433889811817
forecast_3436,2025-05-24 04:00:00,5061.55002788489,4848.1516672624975,1897.4555971104041
forecast_3437,2025-05-24 05:00:00,4874.941901855126,4803.990532874991,1861.107086572627
forecast_3438,2025-05-24 06:00:00,4752.322750820478,5587.968447881615,2073.7731155543224
forecast_3439,2025-05-24 07:00:00,4748.066351715347,5799.42493878583,2429.960453244684
forecast_3440,2025-05-24 08:00:00,4830.934862464119,5501.129690748422,2642.8219213289394
forecast_3441,2025-05-24 09:00:00,4297.280146147575,4974.0154787103,2649.860641431455
forecast_3442,2025-05-24 10:00:00,3198.3365728026306,3985.8877775728806,2455.462920646234
forecast_3443,2025-05-24 11:00:00,3276.657761740606,4003.9422114179956,2486.2286195358706
forecast_3444,2025-05-24 12:00:00,3133.790414848907,3837.8059605891854,2308.462276134246
forecast_3445,2025-05-24 13:00:00,3149.396950269913,4007.3583105120433,2360.6554442581987
forecast_3446,2025-05-24 14:00:00,2981.881378034615,3835.579534257172,2150.0641371573906
forecast_3447,2025-05-24 15:00:00,3447.8636231529185,3963.638145476389,2318.3475483985144
forecast_3448,2025-05-24 16:00:00,4488.2656058809425,4958.99000290657,2839.8905807774227
forecast_3449,2025-05-24 17:00:00,5273.91365806634,5776.083009607549,3667.3905397960275
forecast_3450,2025-05-24 18:00:00,5955.165547267802,6878.695501794987,4747.310889445008
forecast_3451,2025-05-24 19:00:00,5869.069720630268,6657.586837710141,4305.564381040994
forecast_3452,2025-05-24 20:00:00,6225.818428069922,6073.333273892734,3940.2245282598496
forecast_3453,2025-05-24 21:00:00,5044.0419718283765,5397.282342044811,3416.2916973460524
forecast_3454,2025-05-24 22:00:00,4856.531331910264,5400.954125184285,3239.590599962306
forecast_3455,2025-05-24 23:00:00,4559.582602309128,5235.23831101009,2731.7348823058583
forecast_3456,2025-05-25 00:00:00,4818.167001934837,5010.39150869455,2948.5094444757133
forecast_3457,2025-05-25 01:00:00,4791.367773149128,4568.692358753451,2296.3076469130256
forecast_3458,2025-05-25 02:00:00,3355.844071693472,3631.405253460872,1730.8246238254362
forecast_3459,2025-05-25 03:00:00,2951.915226323918,3109.2192183497336,1572.385626065558
forecast_3460,2025-05-25 04:00:00,3126.096980671361,2825.3720593259904,1268.3053907203887
forecast_3461,2025-05-25 05:00:00,3431.9675309075537,2635.9765330356695,1364.1692027145257
forecast_3462,2025-05-25 06:00:00,4005.3632897991556,3428.239170764301,1634.3276565033864
forecast_3463,2025-05-25 07:00:00,4077.0129441186973,3294.9239646462565,1665.5010037932009
forecast_3464,2025-05-25 08:00:00,3437.7772516309515,2821.2533925760276,1271.3013423156178
forecast_3465,2025-05-25 09:00:00,1352.35608795302,1105.2005793987444,668.091444757049
forecast_3466,2025-05-25 10:00:00,501.1185707430524,491.6255665263126,269.36315547679015
forecast_3467,2025-05-25 11:00:00,611.6340225842282,547.2640513441023,322.78618141845374
forecast_3468,2025-05-25 12:00:00,1053.4913648477695,953.7613709884403,509.30430539057164
forecast_3469,2025-05-25 13:00:00,1955.353832308885,1652.4450396791058,805.1662003496256
forecast_3470,2025-05-25 14:00:00,1753.8408981126836,1716.063327955374,919.9823911646697
forecast_3471,2025-05-25 15:00:00,1695.7749260290154,1659.7529430679647,873.4022001047244
forecast_3472,2025-05-25 16:00:00,1853.431734685337,1991.5781296201483,1103.9371844977545
forecast_3473,2025-05-25 17:00:00,1910.3721561402344,2265.286423275544,803.8016053964288
forecast_3474,2025-05-25 18:00:00,2576.7311615214785,2318.0607846274147,876.1005381465105
forecast_3475,2025-05-25 19:00:00,3997.998524834935,4459.793274276895,2056.9299173318313
forecast_3476,2025-05-25 20:00:00,3592.881759687172,3526.7131507178415,2334.505916992359
forecast_3477,2025-05-25 21:00:00,4180.341894876554,3190.4580329053892,2081.0887268292813
forecast_3478,2025-05-25 22:00:00,6329.9543767477335,6970.9561403302305,5041.218041369875
forecast_3479,2025-05-25 23:00:00,7183.905712832539,7195.209554404824,4905.231372334046
forecast_3480,2025-05-26 00:00:00,8085.352204717542,7126.033638947571,4366.666366742852
forecast_3481,2025-05-26 01:00:00,9615.2183197315,8127.962397185974,5213.153359982347
forecast_3482,2025-05-26 02:00:00,9548.729760135842,8654.077186112443,5077.643263410581
forecast_3483,2025-05-26 03:00:00,7048.428030348659,6725.061110221062,3745.8214106005275
forecast_3484,2025-05-26 04:00:00,6320.192803704986,5076.19496810312,3080.7520187006016
forecast_3485,2025-05-26 05:00:00,5169.678419385511,3684.9621711684117,2015.8462472773629
forecast_3486,2025-05-26 06:00:00,2816.66951702013,1816.6037111499052,1225.3973798395405
forecast_3487,2025-05-26 07:00:00,1471.4774289953991,1007.0551563826572,591.7371642304166
forecast_3488,2025-05-26 08:00:00,491.32294102931843,358.9428467036999,326.050910433839
forecast_3489,2025-05-26 09:00:00,312.70607667598944,198.85275162636069,152.09907652062813
forecast_3490,2025-05-26 10:00:00,218.85200912862993,146.78267020402288,119.69136059878485
forecast_3491,2025-05-26 11:00:00,149.05969759330654,164.3821421008641,103.75092215310536
forecast_3492,2025-05-26 12:00:00,205.1528070151093,241.93537341415913,153.25099041000246
forecast_3493,2025-05-26 13:00:00,379.2716224934715,417.8288677237496,310.09313923987526
forecast_3494,2025-05-26 14:00:00,628.9329907827515,584.6789870669693,412.14426611290224
forecast_3495,2025-05-26 15:00:00,392.8665992421455,456.6371984328257,262.754347086721
forecast_3496,2025-05-26 16:00:00,340.0315577321514,332.14746030267645,220.26255682146177
forecast_3497,2025-05-26 17:00:00,691.1686534865966,589.3547615385093,288.42587755061834
forecast_3498,2025-05-26 18:00:00,842.6649138183544,868.2532272630984,361.5897216999132
forecast_3499,2025-05-26 19:00:00,998.1338275576627,918.6443152957366,384.6132263665639
forecast_3500,2025-05-26 20:00:00,1645.3062227160913,1313.341725061911,510.1633143997342
forecast_3501,2025-05-26 21:00:00,2130.4612904177325,2244.8430346942214,751.0492791157058
forecast_3502,2025-05-26 22:00:00,2588.4268934864913,2820.7386000549077,932.6056223661153
forecast_3503,2025-05-26 23:00:00,3462.4114581376707,3719.7398769097263,1605.7332932647034
forecast_3504,2025-05-27 00:00:00,4358.57321654099,4808.894781804156,2408.478800874234
forecast_3505,2025-05-27 01:00:00,6373.3559637233375,6323.480481494633,3498.9873005049676
forecast_3506,2025-05-27 02:00:00,6446.754832756901,6454.779211184099,3999.155551334463
forecast_3507,2025-05-27 03:00:00,6489.314873765752,6112.38832458,3770.5297338366386
forecast_3508,2025-05-27 04:00:00,5326.63236344926,5513.57793298414,3007.294504541629
forecast_3509,2025-05-27 05:00:00,4375.2245356445765,4473.171868224747,2753.032588386224
forecast_3510,2025-05-27 06:00:00,2672.99577565561,2593.802465053368,1699.9845737870862
forecast_3511,2025-05-27 07:00:00,1851.5198248372953,1207.2156189922046,823.4531324199742
forecast_3512,2025-05-27 08:00:00,679.980704987763,586.0939329268878,415.93982929801234
forecast_3513,2025-05-27 09:00:00,510.95417184249027,358.5764258714255,197.0219776730464
forecast_3514,2025-05-27 10:00:00,558.2263193232887,531.4506516746825,270.92491349068126
forecast_3515,2025-05-27 11:00:00,351.394556520729,312.5559647604418,175.62196550141846
forecast_3516,2025-05-27 12:00:00,485.9666499395726,342.9815166841347,273.94017227614245
forecast_3517,2025-05-27 13:00:00,539.0849886917324,446.7192687517529,319.72457072014737
forecast_3518,2025-05-27 14:00:00,625.683665354535,449.6769084284721,330.7058137155525
forecast_3519,2025-05-27 15:00:00,411.3242558006549,335.549186545572,212.84413826537192
forecast_3520,2025-05-27 16:00:00,288.04390523644923,299.44276531778337,230.26544076371775
forecast_3521,2025-05-27 17:00:00,239.63765731242106,207.22003591799034,141.1994027835434
forecast_3522,2025-05-27 18:00:00,262.9039183795149,193.8890535288174,134.64414105897924
forecast_3523,2025-05-27 19:00:00,264.8582076359051,215.44077649625154,97.550679416459
forecast_3524,2025-05-27 20:00:00,522.7130762084101,430.4080739511303,146.18601001568854
forecast_3525,2025-05-27 21:00:00,760.3961675431015,702.0763410153758,296.70834141433426
forecast_3526,2025-05-27 22:00:00,1174.562616097509,958.4958331634,462.9136209789971
forecast_3527,2025-05-27 23:00:00,1695.7412149939876,1507.4500169549847,761.9044791964524
forecast_3528,2025-05-28 00:00:00,2430.520058197519,1954.677631186953,1103.9157934863283
forecast_3529,2025-05-28 01:00:00,3663.565695575708,3447.53469878216,1637.4114420144945
forecast_3530,2025-05-28 02:00:00,4272.26664381335,4021.6332172139682,2003.6980982195494
forecast_3531,2025-05-28 03:00:00,4620.774379332823,4082.8049809674167,2076.109872173095
forecast_3532,2025-05-28 04:00:00,4504.060115406972,3998.9256482602204,2067.290242204576
forecast_3533,2025-05-28 05:00:00,4867.146090812594,4027.9192352387495,1901.8571259149714
forecast_3534,2025-05-28 06:00:00,2648.314342636661,1836.0279899942207,992.1939044488408
forecast_3535,2025-05-28 07:00:00,991.8455598358247,587.2441741991727,307.9391185231124
forecast_3536,2025-05-28 08:00:00,384.52388513942066,284.99689124879484,159.46149201943769
forecast_3537,2025-05-28 09:00:00,273.3211405841318,186.1879672784724,77.47287478644965
forecast_3538,2025-05-28 10:00:00,134.06116056285927,143.36427726402488,81.68226587344121
forecast_3539,2025-05-28 11:00:00,170.18658170892033,202.3529344893514,131.3590029663204
forecast_3540,2025-05-28 12:00:00,580.6068943670427,488.16637390864463,334.6499996083112
forecast_3541,2025-05-28 13:00:00,172.2453390837105,182.7113428879911,108.41262546121567
forecast_3542,2025-05-28 14:00:00,361.80568709082934,381.2867361475973,229.58570892037676
forecast_3543,2025-05-28 15:00:00,705.4678892984435,785.9013095574387,415.2540078938166
forecast_3544,2025-05-28 16:00:00,397.29729136584217,355.6989483892862,213.3799193504147
forecast_3545,2025-05-28 17:00:00,371.1501786983057,226.56197164032997,142.65804437030317
forecast_3546,2025-05-28 18:00:00,417.35818251151375,315.41902518753284,209.49752168405908
forecast_3547,2025-05-28 19:00:00,435.932680592963,380.43479826030324,155.94332420020694
forecast_3548,2025-05-28 20:00:00,689.9719229872736,569.6281467373999,325.23248703809907
forecast_3549,2025-05-28 21:00:00,1877.1541372464862,1525.0786458822813,797.963551836045
forecast_3550,2025-05-28 22:00:00,1673.0178626026213,1278.0231201029335,796.5353939641927
forecast_3551,2025-05-28 23:00:00,1319.8272849562252,1073.3516960305656,1223.950439618112
forecast_3552,2025-05-29 00:00:00,881.2274988263089,650.059607552823,588.9039495460885
forecast_3553,2025-05-29 01:00:00,789.2178493073513,688.2638399047346,454.1434439011886
forecast_3554,2025-05-29 02:00:00,1138.7813766178072,851.2893381281158,451.48274352999755
forecast_3555,2025-05-29 03:00:00,1748.8117011249633,1071.715500875933,583.8931345277507
forecast_3556,2025-05-29 04:00:00,1465.0750839584812,1079.1698395456094,468.77844464729696
forecast_3557,2025-05-29 05:00:00,1093.5534755907806,756.5265362780223,310.3558224840006
forecast_3558,2025-05-29 06:00:00,649.0537685713098,472.5633894487055,165.25743262451547
forecast_3559,2025-05-29 07:00:00,471.0076207465687,383.19991310702386,113.7894549022459
forecast_3560,2025-05-29 08:00:00,347.82841708939196,296.531228117693,148.1609533089988
forecast_3561,2025-05-29 09:00:00,191.84453254455468,218.30816512703396,86.73159264586576
forecast_3562,2025-05-29 10:00:00,148.45298136407206,190.41940298250793,103.694122217615
forecast_3563,2025-05-29 11:00:00,224.37067060490435,335.9021290633295,266.66654442628067
forecast_3564,2025-05-29 12:00:00,346.851553554325,473.60930630629105,306.37874772046786
forecast_3565,2025-05-29 13:00:00,443.77355467281615,548.249791125654,384.8764068176525
forecast_3566,2025-05-29 14:00:00,318.6902328283648,429.48531425311774,374.70243576505686
forecast_3567,2025-05-29 15:00:00,496.51103500296074,548.0899875434883,428.9991572713688
forecast_3568,2025-05-29 16:00:00,522.4020163053264,666.8376704700876,488.1040791741764
forecast_3569,2025-05-29 17:00:00,636.9163477811344,733.7188882478989,409.99214073642014
forecast_3570,2025-05-29 18:00:00,752.1162431785928,979.6429173199507,443.3866019614257
forecast_3571,2025-05-29 19:00:00,1249.7069353263637,1630.4022135671364,566.3143331084844
forecast_3572,2025-05-29 20:00:00,1608.1691257247417,1815.535360125055,543.7254596621253
forecast_3573,2025-05-29 21:00:00,1663.6570232470453,1767.7677952148908,514.0717437934284
forecast_3574,2025-05-29 22:00:00,1634.2284306899141,1870.2068410342229,500.5074046994433
forecast_3575,2025-05-29 23:00:00,1632.2046579169362,1544.0980341949153,432.0290326269417
forecast_3576,2025-05-30 00:00:00,1656.3714246065072,1625.8045893339183,463.7891584767476
forecast_3577,2025-05-30 01:00:00,1395.939122160723,1249.1193724769885,240.8963949303181
forecast_3578,2025-05-30 02:00:00,1514.7119999971428,1442.7592913946,455.6400467755447
forecast_3579,2025-05-30 03:00:00,1673.707301105568,1740.9138007073077,524.5877042091042
forecast_3580,2025-05-30 04:00:00,1780.6402620518195,2106.3466497082304,674.1427652541438
forecast_3581,2025-05-30 05:00:00,1817.1797466802918,2092.3291708147176,779.0550268843292
forecast_3582,2025-05-30 06:00:00,1751.8401446219614,2243.2070474345196,735.7763538748596
forecast_3583,2025-05-30 07:00:00,1992.2279068029773,2432.4132669838436,684.0643016310953
forecast_3584,2025-05-30 08:00:00,1790.759560273,2234.709613363951,786.8863545991217
forecast_3585,2025-05-30 09:00:00,1390.1822831899447,1522.9379301714384,950.9779002871928
forecast_3586,2025-05-30 10:00:00,1540.8440665014828,1837.5448784930104,969.8436151053935
forecast_3587,2025-05-30 11:00:00,1403.370835302915,1502.3878251688475,727.5644879638331
forecast_3588,2025-05-30 12:00:00,973.8820906381291,1101.5270981770007,708.9643023631473
forecast_3589,2025-05-30 13:00:00,812.8861047562469,1059.4455179733422,595.9179969756428
forecast_3590,2025-05-30 14:00:00,638.8145240755815,744.4974127101224,525.7528409876227
forecast_3591,2025-05-30 15:00:00,406.07031769204826,514.7155735993971,498.06225114134736
forecast_3592,2025-05-30 16:00:00,477.4749933436244,533.5515285369555,488.41781356836765
forecast_3593,2025-05-30 17:00:00,432.45371948526974,622.6276056250081,321.6578817821329
forecast_3594,2025-05-30 18:00:00,683.4951019018694,786.2224920587065,410.5045770176985
forecast_3595,2025-05-30 19:00:00,1211.3276675140294,1316.3416307004868,484.507300461599
forecast_3596,2025-05-30 20:00:00,1683.8669157292052,1540.678492211457,503.4793022940688
forecast_3597,2025-05-30 21:00:00,1815.0377966703625,1726.7221654376208,540.7638330596726
forecast_3598,2025-05-30 22:00:00,1718.408565728377,1804.8197987846604,567.457307015235
forecast_3599,2025-05-30 23:00:00,1648.1081979821981,1708.655722065676,471.46193522636366
forecast_3600,2025-05-31 00:00:00,1557.769818036173,1475.8189823180408,432.9100665340418
forecast_3601,2025-05-31 01:00:00,805.1742559625277,709.6794301230601,227.10526996942966
forecast_3602,2025-05-31 02:00:00,1181.7775896122228,831.2678784284967,472.77722887981173
forecast_3603,2025-05-31 03:00:00,1615.4948008560702,1415.0707987522326,505.0801555730305
forecast_3604,2025-05-31 04:00:00,2152.505379652258,1499.546225928996,955.0541802340723
forecast_3605,2025-05-31 05:00:00,1937.9624468939733,1442.3423427544778,854.25513091665
forecast_3606,2025-05-31 06:00:00,1719.5826801963296,1604.7150595078342,553.5619330359144
forecast_3607,2025-05-31 07:00:00,1724.3057178687563,1418.8571944137154,604.0207530972029
forecast_3608,2025-05-31 08:00:00,1382.225840506691,1578.3179332659954,593.1710587684388
forecast_3609,2025-05-31 09:00:00,956.6308303510073,1136.9879864752195,426.9427813168362
forecast_3610,2025-05-31 10:00:00,824.1618720133272,950.3888891817127,484.0293203837995
forecast_3611,2025-05-31 11:00:00,946.0961764791556,1011.8896070123546,723.5328065749412
forecast_3612,2025-05-31 12:00:00,1064.9726092837946,1029.436468658709,737.3197400848403
forecast_3613,2025-05-31 13:00:00,822.3040742337141,1238.8285813917616,1008.287617563595
forecast_3614,2025-05-31 14:00:00,1154.9237035361514,1346.7898132251964,1196.941021915534
forecast_3615,2025-05-31 15:00:00,1160.0946301283507,1486.106203454204,988.3212998124443
forecast_3616,2025-05-31 16:00:00,1490.0911707511236,1578.2344270407475,847.5329804158363
forecast_3617,2025-05-31 17:00:00,1482.1073498310425,1515.10500173927,607.6080486455892
forecast_3618,2025-05-31 18:00:00,1728.112696284043,1866.492109130822,747.0339657462126
forecast_3619,2025-05-31 19:00:00,1767.2131449492326,1921.952573618116,744.8082410162351
forecast_3620,2025-05-31 20:00:00,1713.669203700414,1914.836385449069,806.3300382250806
forecast_3621,2025-05-31 21:00:00,1944.7437785542566,1961.8198695701722,732.1682224403127
forecast_3622,2025-05-31 22:00:00,1843.9841097009228,2100.675123574724,741.2942340457597
forecast_3623,2025-05-31 23:00:00,2593.045867443536,2205.892947414249,1350.2731714185036
forecast_3624,2025-06-01 00:00:00,1283.815769186916,1348.7282263467855,626.5916155123222
forecast_3625,2025-06-01 01:00:00,1092.8257248157795,1060.703846780632,533.330875544049
forecast_3626,2025-06-01 02:00:00,1946.4963353663597,1933.8381688143245,799.9792272686506
forecast_3627,2025-06-01 03:00:00,3322.354855136328,2293.2560949170143,1391.1134951042384
forecast_3628,2025-06-01 04:00:00,3118.4919208497904,2608.298302004207,1558.793204349851
forecast_3629,2025-06-01 05:00:00,2256.285100420739,1837.2493131704687,1012.0330724817203
forecast_3630,2025-06-01 06:00:00,1745.156109409066,1610.699478135905,591.7149215314262
forecast_3631,2025-06-01 07:00:00,1661.4572311703037,1535.3028093752955,503.28536873057305
forecast_3632,2025-06-01 08:00:00,732.0464737973164,645.7715796033492,285.0682085222458
forecast_3633,2025-06-01 09:00:00,420.6039962825545,287.7669586505726,148.35217237936854
forecast_3634,2025-06-01 10:00:00,208.5292866364002,221.53454450209654,164.01425069109254
forecast_3635,2025-06-01 11:00:00,293.43794950070793,237.176008429994,180.85173671048557
forecast_3636,2025-06-01 12:00:00,271.79153120971216,248.1882608946114,131.99886318695954
forecast_3637,2025-06-01 13:00:00,310.3529542795398,314.5911157561843,197.94576113079594
forecast_3638,2025-06-01 14:00:00,311.9117663753741,218.44842093851554,150.31949435967192
forecast_3639,2025-06-01 15:00:00,545.4139451054717,363.26230870185816,202.2264931997354
forecast_3640,2025-06-01 16:00:00,154.22938292590183,139.17511358590534,101.34606874083187
forecast_3641,2025-06-01 17:00:00,319.6152947761689,258.1325625264894,169.65836460052785
forecast_3642,2025-06-01 18:00:00,1054.4803289381491,964.7192198232153,541.3753226615828
forecast_3643,2025-06-01 19:00:00,1938.917052125327,2382.652154279081,1149.9457137375098
forecast_3644,2025-06-01 20:00:00,2806.5572874927484,2822.958124595111,1420.7322407697307
forecast_3645,2025-06-01 21:00:00,3321.284361908821,3227.5363977861753,1723.2484070991875
forecast_3646,2025-06-01 22:00:00,5099.073235657546,4908.787823846822,2440.20985425896
forecast_3647,2025-06-01 23:00:00,4296.162101330941,4012.3663151228043,1934.3986468726562
forecast_3648,2025-06-02 00:00:00,5716.595155823167,5868.599612148581,2882.174258744938
forecast_3649,2025-06-02 01:00:00,3994.557127494197,3630.8699432048807,1982.4895931490776
forecast_3650,2025-06-02 02:00:00,4025.0659234287004,3279.296010004961,2071.8463670926844
forecast_3651,2025-06-02 03:00:00,4284.187699258935,4191.938032389477,2190.232222632997
forecast_3652,2025-06-02 04:00:00,2454.7993626927787,1946.4038931878563,927.8824316520463
forecast_3653,2025-06-02 05:00:00,2130.2779042240627,1636.129271243863,1191.1337329946837
forecast_3654,2025-06-02 06:00:00,906.0119616897867,1028.2956157098645,584.963805308593
forecast_3655,2025-06-02 07:00:00,718.7798307672365,702.2104316562844,368.204207987148
forecast_3656,2025-06-02 08:00:00,747.2092348081429,750.9502326190735,331.50763081286664
forecast_3657,2025-06-02 09:00:00,751.7700250463158,745.4631014769823,285.08176219825106
forecast_3658,2025-06-02 10:00:00,727.0273786419009,796.3655556071365,389.8642716028037
forecast_3659,2025-06-02 11:00:00,833.389160327658,816.7379594728461,513.6975515404446
forecast_3660,2025-06-02 12:00:00,1062.3822997293396,1156.239443301928,665.7752738443924
forecast_3661,2025-06-02 13:00:00,971.1833238262166,903.0885374715056,741.1704815794693
forecast_3662,2025-06-02 14:00:00,1243.2922820241151,1363.8073376522532,1191.4035192049716
forecast_3663,2025-06-02 15:00:00,1838.264938069985,2112.456118299753,1914.9018982885607
forecast_3664,2025-06-02 16:00:00,3163.7405552009996,3248.704494567278,2620.622222831204
forecast_3665,2025-06-02 17:00:00,4609.419165816217,3648.1229106434675,3179.555239791834
forecast_3666,2025-06-02 18:00:00,5359.409073876309,4338.262754082078,3462.861102555892
forecast_3667,2025-06-02 19:00:00,5256.732612701118,4644.129125341901,2820.052375445307
forecast_3668,2025-06-02 20:00:00,3722.082005103091,3356.3062422683947,1777.9524227604963
forecast_3669,2025-06-02 21:00:00,3162.9564028523896,2866.0588239068497,1282.1791130995318
forecast_3670,2025-06-02 22:00:00,2142.381309420621,1937.6766210555554,1007.0125283122593
forecast_3671,2025-06-02 23:00:00,2092.4496716941726,1988.855330540131,1276.8832547866984
forecast_3672,2025-06-03 00:00:00,1484.150060545511,1612.7650435536184,783.1608427280427
forecast_3673,2025-06-03 01:00:00,1919.819084435248,1673.8355294122366,658.1697822627489
forecast_3674,2025-06-03 02:00:00,1644.2612373525924,2258.2377839121127,649.7521802727155
forecast_3675,2025-06-03 03:00:00,2168.726099815712,2418.0595421197013,1048.5566842001174
forecast_3676,2025-06-03 04:00:00,2042.0662903791801,2280.9076766731364,1024.704355509599
forecast_3677,2025-06-03 05:00:00,2617.035983603498,2442.2505191518962,1432.7671187709989
forecast_3678,2025-06-03 06:00:00,2541.7842505122117,2250.1040436131075,1161.642835428567
forecast_3679,2025-06-03 07:00:00,2112.7011969399637,1467.2201883066843,700.9485005386114
forecast_3680,2025-06-03 08:00:00,1203.9926124444435,1198.010809585619,328.1044542727469
forecast_3681,2025-06-03 09:00:00,905.2199170092578,665.2568101687935,375.7856040216984
forecast_3682,2025-06-03 10:00:00,2275.212780737096,2094.029447749258,956.1275383670986
forecast_3683,2025-06-03 11:00:00,3638.36060612649,3072.2921201634686,1570.3486238321836
forecast_3684,2025-06-03 12:00:00,5588.705517849381,4536.99384703148,3612.1312353435997
forecast_3685,2025-06-03 13:00:00,8334.984838541879,6948.190845536069,5532.309106761012
forecast_3686,2025-06-03 14:00:00,10517.734698232001,9252.82387096325,7320.623380020755
forecast_3687,2025-06-03 15:00:00,11527.029258836812,10484.767303434817,8011.88408131437
forecast_3688,2025-06-03 16:00:00,11781.464177327427,10708.880617184299,8701.015718540268
forecast_3689,2025-06-03 17:00:00,13859.831876392853,12335.59301604042,9476.452891038247
forecast_3690,2025-06-03 18:00:00,14829.055304972808,12844.30263876151,10635.495281330743
forecast_3691,2025-06-03 19:00:00,14763.653650808907,12624.790960383449,9384.778791221943
forecast_3692,2025-06-03 20:00:00,13740.135577152929,13185.911531163092,9500.26504226469
forecast_3693,2025-06-03 21:00:00,16477.028628177384,16440.497378520973,11192.313806138349
forecast_3694,2025-06-03 22:00:00,16822.15463612559,17032.80904669831,11080.60717959003
forecast_3695,2025-06-03 23:00:00,16734.272383590767,16495.586350919068,11170.930718195963
forecast_3696,2025-06-04 00:00:00,16627.78787458707,16693.69282081141,10649.913397545824
forecast_3697,2025-06-04 01:00:00,15479.257819222066,15026.86886908602,9379.284063730503
forecast_3698,2025-06-04 02:00:00,17616.71077073347,16716.16317475373,11072.949568520698
forecast_3699,2025-06-04 03:00:00,19377.047028781024,17961.577060834574,12066.535176932603
forecast_3700,2025-06-04 04:00:00,19494.019800067155,17957.882214853158,12585.909094851237
forecast_3701,2025-06-04 05:00:00,18849.102703042678,17453.625093896997,12384.088401603072
forecast_3702,2025-06-04 06:00:00,19311.160243405226,18125.95176576289,13239.845267779705
forecast_3703,2025-06-04 07:00:00,19532.05168142459,18640.363037125306,14045.706593459561
forecast_3704,2025-06-04 08:00:00,19578.37987913139,18701.498336441953,14239.679494046271
forecast_3705,2025-06-04 09:00:00,19737.329940274623,18728.490748217213,14232.248449495743
forecast_3706,2025-06-04 10:00:00,19047.905698228766,18300.123447954167,12579.917137769839
forecast_3707,2025-06-04 11:00:00,18346.97185385726,17930.047124399174,10613.828843713105
forecast_3708,2025-06-04 12:00:00,18088.098042254987,17428.2722654182,11363.14632394221
forecast_3709,2025-06-04 13:00:00,17275.464269493245,16970.114838249887,10688.069046995235
forecast_3710,2025-06-04 14:00:00,17079.359900813368,16297.614667881362,10668.221589816796
forecast_3711,2025-06-04 15:00:00,16103.19612279713,13714.885370316179,9135.900208113932
forecast_3712,2025-06-04 16:00:00,14980.890158286693,12810.840388414712,8605.396462289062
forecast_3713,2025-06-04 17:00:00,14666.111191417685,12215.35021012663,8455.559001246032
forecast_3714,2025-06-04 18:00:00,13368.803023385919,11314.18454705067,7107.661929174222
forecast_3715,2025-06-04 19:00:00,13576.25278983449,11227.496957992602,7224.363371919341
forecast_3716,2025-06-04 20:00:00,13974.515974995062,11416.287667385493,7812.850617397847
forecast_3717,2025-06-04 21:00:00,14291.871946204017,12588.630944702083,8853.384882564174
forecast_3718,2025-06-04 22:00:00,12320.797998490318,12259.62936130295,7810.746502669154
forecast_3719,2025-06-04 23:00:00,12201.92547684896,12433.992310449497,8423.300980790988
forecast_3720,2025-06-05 00:00:00,14156.811836026513,14116.117886769982,10093.473993580677
forecast_3721,2025-06-05 01:00:00,13576.185821234156,12687.050469540041,8985.52936060312
forecast_3722,2025-06-05 02:00:00,14045.706009494163,14252.38028401737,10131.58450263059
forecast_3723,2025-06-05 03:00:00,15191.930191265586,14617.002746073045,10873.192346710988
forecast_3724,2025-06-05 04:00:00,14851.538647797299,14949.453919042522,11363.26266059871
forecast_3725,2025-06-05 05:00:00,13673.0602805855,13839.014643318758,9290.17710797636
forecast_3726,2025-06-05 06:00:00,10853.15433847578,12330.435806213178,7966.222603875959
forecast_3727,2025-06-05 07:00:00,13220.124992898993,13746.254375721735,8800.91175110512
forecast_3728,2025-06-05 08:00:00,12863.888605707629,12837.901370506352,8791.268276746241
forecast_3729,2025-06-05 09:00:00,11022.853417208278,11701.943564049225,7382.372695763658
forecast_3730,2025-06-05 10:00:00,8064.785202333389,7978.32397591765,5252.895340363867
forecast_3731,2025-06-05 11:00:00,6472.641609254258,5209.500857568273,4097.052986876554
forecast_3732,2025-06-05 12:00:00,6412.354678330021,5646.894871364958,4159.120503293379
forecast_3733,2025-06-05 13:00:00,5349.401857187863,4543.418552447208,3303.6402740124936
forecast_3734,2025-06-05 14:00:00,5840.121256191815,4939.893856189708,3945.4026620248537
forecast_3735,2025-06-05 15:00:00,6759.996620246887,5659.476610193627,5043.306733064944
forecast_3736,2025-06-05 16:00:00,7449.268738443517,6308.7286888086455,5727.266562764747
forecast_3737,2025-06-05 17:00:00,8989.298739698912,7959.658004654685,7032.270025428814
forecast_3738,2025-06-05 18:00:00,11662.27872641127,10257.204592343187,9253.52885981864
forecast_3739,2025-06-05 19:00:00,14540.196298591105,12672.777020032907,11723.263848338345
forecast_3740,2025-06-05 20:00:00,16540.615932886034,14883.440124639636,12931.858199979746
forecast_3741,2025-06-05 21:00:00,17120.062931363336,15457.188314195646,12329.665347119852
forecast_3742,2025-06-05 22:00:00,18950.049163123982,16889.54854692739,13137.998510335976
forecast_3743,2025-06-05 23:00:00,19238.180555541534,17049.950757508886,13833.932480317271
forecast_3744,2025-06-06 00:00:00,18757.4859070921,16786.32254409609,14060.397109178708
forecast_3745,2025-06-06 01:00:00,18729.575172653826,16355.278578787647,12746.309128532832
forecast_3746,2025-06-06 02:00:00,18708.54115011456,16269.467829986055,12467.173860694997
forecast_3747,2025-06-06 03:00:00,18935.631052395118,16706.013431706542,13268.170412159961
forecast_3748,2025-06-06 04:00:00,18628.77782314842,17095.484900503496,13953.603150449291
forecast_3749,2025-06-06 05:00:00,18615.687414779568,17190.745196692384,13938.70115421961
forecast_3750,2025-06-06 06:00:00,18998.70612538102,16618.838746959696,13568.772991362288
forecast_3751,2025-06-06 07:00:00,17674.87250799452,16488.605643317485,12896.197111669693
forecast_3752,2025-06-06 08:00:00,15689.855766131699,15677.167962022337,12207.633534169823
forecast_3753,2025-06-06 09:00:00,14492.624567892677,14929.094307855388,10842.201773613751
forecast_3754,2025-06-06 10:00:00,14349.436913432866,13571.870173753266,10667.942772506663
forecast_3755,2025-06-06 11:00:00,13534.216744618494,13247.798885841788,10517.427226899968
forecast_3756,2025-06-06 12:00:00,13617.289010723774,13535.37008743229,10788.136590129583
forecast_3757,2025-06-06 13:00:00,13599.686241722931,13312.746593981514,11289.50709079629
forecast_3758,2025-06-06 14:00:00,14112.432269682722,13522.079804729285,11401.980442505985
forecast_3759,2025-06-06 15:00:00,13809.054511498693,13749.362926142796,11441.480227564465
forecast_3760,2025-06-06 16:00:00,13993.440041483169,13658.320819142094,11523.964307494722
forecast_3761,2025-06-06 17:00:00,14822.891896538491,13330.399968137775,11150.574001702747
forecast_3762,2025-06-06 18:00:00,14948.272927344691,13815.731896104635,11174.524302888354
forecast_3763,2025-06-06 19:00:00,15783.298262046712,15153.372717408549,13191.440591367349
forecast_3764,2025-06-06 20:00:00,16621.799489014356,16387.260523353696,13730.114194636777
forecast_3765,2025-06-06 21:00:00,16446.82573418312,16001.86556734234,13401.63609084956
forecast_3766,2025-06-06 22:00:00,17429.721584114195,16908.629056508536,13559.679412640797
forecast_3767,2025-06-06 23:00:00,17795.2555157289,16876.89184543531,13257.290477265995
forecast_3768,2025-06-07 00:00:00,17021.983684412924,16821.97915867397,13498.437907091702
forecast_3769,2025-06-07 01:00:00,17838.978147716378,16991.398070299892,12915.486177049926
forecast_3770,2025-06-07 02:00:00,18515.919061095028,16988.401194922128,13293.98568387948
forecast_3771,2025-06-07 03:00:00,17981.027046082498,17007.89860562881,12862.478829779839
forecast_3772,2025-06-07 04:00:00,17101.012812711528,16255.345840103613,12849.757818335082
forecast_3773,2025-06-07 05:00:00,18128.080825743767,17538.030928457316,13893.190284054408
forecast_3774,2025-06-07 06:00:00,18525.440599130765,16793.683703878378,13036.040267339034
forecast_3775,2025-06-07 07:00:00,16446.171431685663,15361.177993939957,12539.554527748485
forecast_3776,2025-06-07 08:00:00,14608.528477956575,13382.558105865448,11322.143860860526
forecast_3777,2025-06-07 09:00:00,12824.715793491137,13263.454839499189,9852.963862121258
forecast_3778,2025-06-07 10:00:00,10863.384669298017,10410.235508372665,9378.375572321602
forecast_3779,2025-06-07 11:00:00,7838.380618720666,7604.287378527816,7001.235278663438
forecast_3780,2025-06-07 12:00:00,7715.779997371056,7030.122964091653,5287.916825393541
forecast_3781,2025-06-07 13:00:00,6504.6050596723,6509.559738892158,4833.70427752836
forecast_3782,2025-06-07 14:00:00,6138.200296749463,6159.444595734686,4446.902923930447
forecast_3783,2025-06-07 15:00:00,6863.048434035987,6555.5548005004375,4740.054335479398
forecast_3784,2025-06-07 16:00:00,6811.550498200759,6893.760625751016,4677.254133967139
forecast_3785,2025-06-07 17:00:00,7379.565683658329,7422.357257704065,4808.321495327274
forecast_3786,2025-06-07 18:00:00,8089.314496854826,8111.2593958603165,5540.762747709506
forecast_3787,2025-06-07 19:00:00,10672.290399612564,10364.25868904397,6725.271088293697
forecast_3788,2025-06-07 20:00:00,11282.615364282936,10789.602126934531,7800.42718048027
forecast_3789,2025-06-07 21:00:00,13515.59434510322,13231.684054607997,10113.678619916716
forecast_3790,2025-06-07 22:00:00,13496.10356986588,13318.838947782877,9996.833286082732
forecast_3791,2025-06-07 23:00:00,13274.422730861272,13176.199964891051,9007.549636268212
forecast_3792,2025-06-08 00:00:00,13881.846848931755,14032.925456202576,9848.174500789886
forecast_3793,2025-06-08 01:00:00,12981.16360542831,13205.448025157912,8885.016413896343
forecast_3794,2025-06-08 02:00:00,13271.950578259184,12854.734357813095,8872.888762409426
forecast_3795,2025-06-08 03:00:00,13402.185848132376,13040.37465496488,9064.726913216615
forecast_3796,2025-06-08 04:00:00,12666.547430026936,12654.404789127286,7799.200972576182
forecast_3797,2025-06-08 05:00:00,10716.821419530836,10139.90610701914,5250.135149660451
forecast_3798,2025-06-08 06:00:00,6920.857981654023,5817.8266013540715,3480.3047877431445
forecast_3799,2025-06-08 07:00:00,4308.135908929532,3971.299766484916,1884.530693728643
forecast_3800,2025-06-08 08:00:00,1991.8769008581949,1766.4804728345662,855.8501093762162
forecast_3801,2025-06-08 09:00:00,1358.4145147752083,984.8446335011657,649.1006224579222
forecast_3802,2025-06-08 10:00:00,633.752161693786,467.98473371288014,220.86991278738512
forecast_3803,2025-06-08 11:00:00,156.54912556079145,171.72603191761453,132.847241884518
forecast_3804,2025-06-08 12:00:00,188.07960750610005,166.01905855257914,104.9732838959713
forecast_3805,2025-06-08 13:00:00,212.92032414204442,227.86252244143535,154.8297612930264
forecast_3806,2025-06-08 14:00:00,236.7900725557498,243.98979120550337,173.26552595503642
forecast_3807,2025-06-08 15:00:00,205.84782631078303,199.82229410170046,127.66171824497863
forecast_3808,2025-06-08 16:00:00,207.30353044523534,207.15581271992818,133.26037553363446
forecast_3809,2025-06-08 17:00:00,358.1843472977811,327.0605120819451,169.967493581836
forecast_3810,2025-06-08 18:00:00,927.7995559004067,817.7965813824122,478.41027919200354
forecast_3811,2025-06-08 19:00:00,1290.163187979645,1577.0761112851503,663.8649395964984
forecast_3812,2025-06-08 20:00:00,2048.789272919713,1996.2535306173681,831.2113366526531
forecast_3813,2025-06-08 21:00:00,2429.220998807316,2083.989194842321,1019.4514788287031
forecast_3814,2025-06-08 22:00:00,3910.3068084961424,3951.577072389645,1915.0564337053845
forecast_3815,2025-06-08 23:00:00,5419.829904078538,5635.42958706317,3239.23299521875
forecast_3816,2025-06-09 00:00:00,8919.495464764133,8156.9410287056535,5581.18500833213
forecast_3817,2025-06-09 01:00:00,9731.697077923413,9215.621913323119,6010.6525655016585
forecast_3818,2025-06-09 02:00:00,10404.140957617332,9082.816674586335,6176.516522466049
forecast_3819,2025-06-09 03:00:00,9597.359786993955,9300.215518596497,5618.030245259073
forecast_3820,2025-06-09 04:00:00,8461.50993754571,7801.966605662114,4489.244723312212
forecast_3821,2025-06-09 05:00:00,7663.8594377800055,6172.575483691333,4117.464578531359
forecast_3822,2025-06-09 06:00:00,5131.4821628469845,3786.524474881483,2721.59016165329
forecast_3823,2025-06-09 07:00:00,2754.6854815942615,2255.89878726967,1179.8954055238032
forecast_3824,2025-06-09 08:00:00,1032.8787057020052,1149.5480516148614,432.3590620769789
forecast_3825,2025-06-09 09:00:00,647.3997743080622,554.0466004714357,222.3535260839696
forecast_3826,2025-06-09 10:00:00,503.52021874217326,560.1910388405912,327.0040745628268
forecast_3827,2025-06-09 11:00:00,608.1102702772736,685.4105997163929,325.21532245800853
forecast_3828,2025-06-09 12:00:00,586.9585191154816,614.0524110198481,310.2497985029083
forecast_3829,2025-06-09 13:00:00,819.3831553743415,747.1174556744402,404.19863371027657
forecast_3830,2025-06-09 14:00:00,1384.9118758481663,1230.380832821992,900.5626318823972
forecast_3831,2025-06-09 15:00:00,1573.481586656091,1282.9532334309338,1033.0927148161447
forecast_3832,2025-06-09 16:00:00,1874.3978071082672,1836.1539701360202,1511.7768895796564
forecast_3833,2025-06-09 17:00:00,2590.7825765907196,2635.724566903577,2080.8566181929696
forecast_3834,2025-06-09 18:00:00,2543.2254025727802,2580.170525785657,1776.7339102021863
forecast_3835,2025-06-09 19:00:00,2211.4371333118347,2180.1768772410446,1217.3227723639734
forecast_3836,2025-06-09 20:00:00,2844.6554337465927,2989.193113013289,1508.3240352547382
forecast_3837,2025-06-09 21:00:00,5398.324664482869,5274.139721789004,3045.859266133003
forecast_3838,2025-06-09 22:00:00,8164.90165603184,8376.721568462735,5559.03027741712
forecast_3839,2025-06-09 23:00:00,7913.597937842052,9053.149092844127,5575.655637941977
forecast_3840,2025-06-10 00:00:00,7707.738542107453,8307.758966688418,4779.280238164806
forecast_3841,2025-06-10 01:00:00,14518.11898988838,13428.45668651425,9042.283673202623
forecast_3842,2025-06-10 02:00:00,14861.76372924506,14266.823431577699,10784.226489831259
forecast_3843,2025-06-10 03:00:00,15434.385794304037,14999.32058785807,12066.328133483808
forecast_3844,2025-06-10 04:00:00,14917.101508675378,15201.590793468857,12310.187502078568
forecast_3845,2025-06-10 05:00:00,16024.506075746944,15308.88010069255,13049.141006297865
forecast_3846,2025-06-10 06:00:00,15106.158805675452,13623.423670892491,10816.73653548631
forecast_3847,2025-06-10 07:00:00,13214.06887703934,11832.81170677985,9210.34963381572
forecast_3848,2025-06-10 08:00:00,10916.555955102927,11490.23321160802,7318.351173722219
forecast_3849,2025-06-10 09:00:00,7865.408751197855,9505.11218104634,5117.496170670126
forecast_3850,2025-06-10 10:00:00,6585.987465938664,6395.474021142874,3700.9237559953494
forecast_3851,2025-06-10 11:00:00,4830.086805069926,4700.840851652404,3574.579521193328
forecast_3852,2025-06-10 12:00:00,5130.097599056136,4634.977105198108,3261.057227007041
forecast_3853,2025-06-10 13:00:00,6882.581522809387,6788.192392784097,4827.013678264373
forecast_3854,2025-06-10 14:00:00,7096.159123234425,7351.0717296720795,5618.23211620828
forecast_3855,2025-06-10 15:00:00,8586.443859055318,8787.637086963527,5921.76974303847
forecast_3856,2025-06-10 16:00:00,9316.384670539852,8878.599734548568,6464.016600609476
forecast_3857,2025-06-10 17:00:00,10086.404913784827,9441.2791606834,7085.85889712385
forecast_3858,2025-06-10 18:00:00,10652.446332065772,10405.315945594117,7973.025180361194
forecast_3859,2025-06-10 19:00:00,11629.995857236512,10791.932498709397,8429.740750858793
forecast_3860,2025-06-10 20:00:00,12725.724540146646,12439.5027683426,9612.02542494665
forecast_3861,2025-06-10 21:00:00,14060.67468550713,12519.640050771899,9503.780634206847
forecast_3862,2025-06-10 22:00:00,15291.895707137357,13650.843794081677,10075.283207562958
forecast_3863,2025-06-10 23:00:00,15909.357335907216,14287.779031007465,10417.504091319299
forecast_3864,2025-06-11 00:00:00,15666.027730551947,14529.716496633355,9987.987248553614
forecast_3865,2025-06-11 01:00:00,13108.459080539422,13465.507051634686,8998.789090302453
forecast_3866,2025-06-11 02:00:00,11629.03431883677,11819.105786025628,8499.052161163785
forecast_3867,2025-06-11 03:00:00,11167.550946802618,12211.77423715154,8261.375388200666
forecast_3868,2025-06-11 04:00:00,11950.69575826435,12339.846978465948,8086.876955609487
forecast_3869,2025-06-11 05:00:00,12868.168274972992,12913.185148262357,8421.831134702097
forecast_3870,2025-06-11 06:00:00,13185.337547893443,13162.758635053242,8704.826753084626
forecast_3871,2025-06-11 07:00:00,12855.064850432456,12053.637879797565,7610.936105986927
forecast_3872,2025-06-11 08:00:00,10120.212361750971,9846.702799368633,6174.191675815126
forecast_3873,2025-06-11 09:00:00,7835.884579335084,6670.987904409615,4112.928603342152
forecast_3874,2025-06-11 10:00:00,7968.4748707826575,6227.767206475039,3973.0793165677946
forecast_3875,2025-06-11 11:00:00,7948.977239935242,5724.724639494294,3562.717523308529
forecast_3876,2025-06-11 12:00:00,7435.519961926895,5541.362136794021,3508.233012511785
forecast_3877,2025-06-11 13:00:00,8819.621773681583,6333.703391901933,4276.791555803201
forecast_3878,2025-06-11 14:00:00,8948.16691253717,6607.669779997669,4386.946663418959
forecast_3879,2025-06-11 15:00:00,7153.17838044339,5423.511144738809,3690.8346737493357
forecast_3880,2025-06-11 16:00:00,6590.827724099445,4628.593783000675,3443.116050226565
forecast_3881,2025-06-11 17:00:00,6128.128569101665,5197.249234648217,3784.685190376954
forecast_3882,2025-06-11 18:00:00,4117.407172132776,3848.109402176527,2646.826597953097
forecast_3883,2025-06-11 19:00:00,5001.3240496482895,4444.153803525952,2349.573845508005
forecast_3884,2025-06-11 20:00:00,5823.349095142947,5665.321702609168,3333.648217019105
forecast_3885,2025-06-11 21:00:00,5233.885930441626,5378.832403836331,3222.3176756159964
forecast_3886,2025-06-11 22:00:00,6522.0629531827235,6069.854659000759,3726.1171690412443
forecast_3887,2025-06-11 23:00:00,7250.440402637424,6574.90811132258,3809.271359973011
forecast_3888,2025-06-12 00:00:00,5424.837566339873,4996.552130402715,3388.619980977003
forecast_3889,2025-06-12 01:00:00,5314.893817866234,4188.8706314323845,2641.433588995413
forecast_3890,2025-06-12 02:00:00,5817.6566965482425,4328.066886732355,3338.3235977352
forecast_3891,2025-06-12 03:00:00,5033.5373846316,3255.248324050056,2245.4996109446306
forecast_3892,2025-06-12 04:00:00,4240.1183155557965,2794.859779455361,1906.9288842391004
forecast_3893,2025-06-12 05:00:00,2037.7102972222997,1557.741157925836,1012.0810802592314
forecast_3894,2025-06-12 06:00:00,809.9796523632181,818.899772964353,411.7409324021348
forecast_3895,2025-06-12 07:00:00,671.1902357367264,417.1558326161442,137.27463562925496
forecast_3896,2025-06-12 08:00:00,410.7539999479539,321.6385816016453,76.2937276010796
forecast_3897,2025-06-12 09:00:00,252.1611332506263,212.98964627462357,80.39687968582321
forecast_3898,2025-06-12 10:00:00,184.74966906832353,168.18947852885051,91.1051163115931
forecast_3899,2025-06-12 11:00:00,113.21736237219983,115.87138054799654,75.48066120163189
forecast_3900,2025-06-12 12:00:00,102.1211963152676,116.52454526198207,73.22071848627522
forecast_3901,2025-06-12 13:00:00,118.99605741470181,128.20931503812426,84.6895003600955
forecast_3902,2025-06-12 14:00:00,118.83937813435371,122.1916129204125,76.37462757051476
forecast_3903,2025-06-12 15:00:00,130.9882168760741,129.77637860132725,84.78011751892873
forecast_3904,2025-06-12 16:00:00,217.98921790077623,193.38312195211856,119.97326555312907
forecast_3905,2025-06-12 17:00:00,234.54421533290625,277.8483054541066,187.15402138395422
forecast_3906,2025-06-12 18:00:00,508.0605235129788,505.5288078228984,253.08918717660504
forecast_3907,2025-06-12 19:00:00,866.3280429849557,786.0121149084345,297.85275685617773
forecast_3908,2025-06-12 20:00:00,1355.297742568969,1374.7869902721975,407.1939636243719
forecast_3909,2025-06-12 21:00:00,1169.3946953675206,1116.6360559966497,450.97809900616767
forecast_3910,2025-06-12 22:00:00,1551.177040684055,1504.040657075269,442.6225756246213
forecast_3911,2025-06-12 23:00:00,1386.035939235881,1411.8803781080044,701.0309744579407
forecast_3912,2025-06-13 00:00:00,1497.4747150261535,1290.5558941335557,825.5115945857235
forecast_3913,2025-06-13 01:00:00,2831.354856727489,2665.6815022901505,1674.8892493650449
forecast_3914,2025-06-13 02:00:00,4584.274677355816,4715.436241344809,2957.388424557319
forecast_3915,2025-06-13 03:00:00,6285.891898689091,5861.006321794077,3739.3183492760254
forecast_3916,2025-06-13 04:00:00,5007.191754224784,4204.350664926286,2051.704991281553
forecast_3917,2025-06-13 05:00:00,3969.617991253554,2936.992972544536,1861.4990073943802
forecast_3918,2025-06-13 06:00:00,1984.9238943502012,1450.2216879130144,1051.0430038043453
forecast_3919,2025-06-13 07:00:00,1205.2351473689964,858.8542530536976,429.7604414762826
forecast_3920,2025-06-13 08:00:00,409.76795032551075,360.22838768367455,107.15561669467132
forecast_3921,2025-06-13 09:00:00,524.1707211017923,479.7175223768117,132.2436236218574
forecast_3922,2025-06-13 10:00:00,578.8879546335603,507.3410675329624,240.55426584463737
forecast_3923,2025-06-13 11:00:00,467.69095951637195,448.1937937318258,218.98789723088726
forecast_3924,2025-06-13 12:00:00,561.244578573396,578.966534357073,354.38423054757715
forecast_3925,2025-06-13 13:00:00,748.3351055024297,639.8625544992377,410.9179474368535
forecast_3926,2025-06-13 14:00:00,1130.3854342910277,1091.6602237970164,731.7785263341618
forecast_3927,2025-06-13 15:00:00,1133.7109419429426,1364.8307228200797,1199.0145834148248
forecast_3928,2025-06-13 16:00:00,1084.9112801728334,1162.3460559792281,903.4340802814359
forecast_3929,2025-06-13 17:00:00,1458.6163156755854,1507.9872196472845,1254.1224284035568
forecast_3930,2025-06-13 18:00:00,2206.573678438927,2344.171297139773,1382.4498257177413
forecast_3931,2025-06-13 19:00:00,1997.099126021082,2118.6428417499765,1417.5049543062153
forecast_3932,2025-06-13 20:00:00,2726.603488579711,2909.6535680259994,1919.691780437801
forecast_3933,2025-06-13 21:00:00,4104.087659417369,3513.643638006569,2537.5439771297556
forecast_3934,2025-06-13 22:00:00,5703.172923879355,4313.4565932426385,3486.275309806018
forecast_3935,2025-06-13 23:00:00,4538.5837052079605,4536.116381150452,2972.7967095865924
forecast_3936,2025-06-14 00:00:00,4580.155704587342,3862.6729610930297,2429.5999813801914
forecast_3937,2025-06-14 01:00:00,9601.22927778344,10427.960972622996,6013.73179407484
forecast_3938,2025-06-14 02:00:00,9608.443891484789,10023.24946811957,6245.348316797524
forecast_3939,2025-06-14 03:00:00,8579.176154990033,9945.732823779663,5161.535100047734
forecast_3940,2025-06-14 04:00:00,6025.0784797114275,6652.755598565805,2625.9060927096534
forecast_3941,2025-06-14 05:00:00,4170.73461628745,4519.163085551792,1760.0977530168575
forecast_3942,2025-06-14 06:00:00,3996.0424613301157,4109.714730409362,1724.9069957831273
forecast_3943,2025-06-14 07:00:00,1588.6123201787495,1218.9141786158389,593.7258292139344
forecast_3944,2025-06-14 08:00:00,526.0578846381205,457.2765157356488,132.17911463785566
forecast_3945,2025-06-14 09:00:00,1461.356300809228,1118.6297505000239,458.2486311472767
forecast_3946,2025-06-14 10:00:00,1149.2536002899876,1133.5204121192437,522.7701760393388
forecast_3947,2025-06-14 11:00:00,777.0910952456612,773.6908444299535,424.0125918405678
forecast_3948,2025-06-14 12:00:00,914.2925786377814,938.5799346089149,394.51578556147734
forecast_3949,2025-06-14 13:00:00,860.1337617902425,902.4455377242235,335.73263976901484
forecast_3950,2025-06-14 14:00:00,601.9700817143183,724.5376408731365,394.13538827421985
forecast_3951,2025-06-14 15:00:00,570.657749617924,665.5569705346168,407.404772606471
forecast_3952,2025-06-14 16:00:00,785.9883228550382,702.8797970980713,387.3729386111364
forecast_3953,2025-06-14 17:00:00,865.5100064302326,734.1136028733705,352.6843751558134
forecast_3954,2025-06-14 18:00:00,1024.2821329667672,1142.2105277039157,407.69878400705005
forecast_3955,2025-06-14 19:00:00,1310.912139080085,1442.7788419824235,482.89301453000314
forecast_3956,2025-06-14 20:00:00,1541.5631585688184,1640.5366318476142,535.7877966922905
forecast_3957,2025-06-14 21:00:00,1674.5000857525818,1520.880484889767,556.4816524168397
forecast_3958,2025-06-14 22:00:00,1485.869277590402,1256.5880224601453,623.5017120336431
forecast_3959,2025-06-14 23:00:00,1223.256244157018,1043.7342767501102,531.3804191785931
forecast_3960,2025-06-15 00:00:00,929.5609483585959,826.5653811093298,364.0371406069426
forecast_3961,2025-06-15 01:00:00,5510.750132884378,4946.856547375798,3161.6626688643796
forecast_3962,2025-06-15 02:00:00,5116.166414190903,4550.673534017926,3184.2950706804163
forecast_3963,2025-06-15 03:00:00,4946.72469644727,4393.7254868731125,2942.5331825303915
forecast_3964,2025-06-15 04:00:00,5470.962561794515,4464.621185443448,3506.0528951363376
forecast_3965,2025-06-15 05:00:00,5653.668847536941,5046.5894836562165,3948.7879173524407
forecast_3966,2025-06-15 06:00:00,5466.831460116504,5073.212533230585,3083.152706230923
forecast_3967,2025-06-15 07:00:00,3468.392191761432,3056.184311645346,1775.957167688581
forecast_3968,2025-06-15 08:00:00,1784.9917990800814,1490.365333287005,947.8319238886569
forecast_3969,2025-06-15 09:00:00,1221.3465845563144,1142.615135502877,609.2295003122555
forecast_3970,2025-06-15 10:00:00,960.8563139910084,698.7578802646756,492.60254470983574
forecast_3971,2025-06-15 11:00:00,782.1670115603762,1136.9390514796457,614.9423649719411
forecast_3972,2025-06-15 12:00:00,1457.1396472371562,1522.3896153528635,992.6699151306489
forecast_3973,2025-06-15 13:00:00,1484.605589337953,1505.2082754900944,858.586645494865
forecast_3974,2025-06-15 14:00:00,1889.8288283342674,2212.2802946760576,1125.021267799899
forecast_3975,2025-06-15 15:00:00,2896.0708604791303,3724.086402538373,1901.3476137943228
forecast_3976,2025-06-15 16:00:00,4716.269282215871,5254.183302827841,3615.030172820361
forecast_3977,2025-06-15 17:00:00,3349.552643626464,4208.736904765524,2344.3497508516807
forecast_3978,2025-06-15 18:00:00,4085.0885904133065,4895.09943703447,2831.9013269173292
forecast_3979,2025-06-15 19:00:00,4436.2858478011185,6312.310753939117,4102.094010259723
forecast_3980,2025-06-15 20:00:00,5904.42911543071,6789.361663044694,4096.436975517772
forecast_3981,2025-06-15 21:00:00,7658.681229881119,10019.619673128667,5387.43215586775
forecast_3982,2025-06-15 22:00:00,9355.262556855512,11179.270062779933,6719.791821555609
forecast_3983,2025-06-15 23:00:00,9233.569208886414,11545.342686661243,6244.764886228745
forecast_3984,2025-06-16 00:00:00,9644.291648370234,11343.373787904115,7079.7135059743205
forecast_3985,2025-06-16 01:00:00,10265.563485963537,11885.793550520644,7167.740114953847
forecast_3986,2025-06-16 02:00:00,10850.168447283057,11103.245633134897,7209.879575237754
forecast_3987,2025-06-16 03:00:00,10361.232652158616,11362.017145981172,7428.432203176175
forecast_3988,2025-06-16 04:00:00,9407.22735834039,10672.906742292353,6682.901723079512
forecast_3989,2025-06-16 05:00:00,8751.751805394122,9766.347693595057,6835.907181594731
forecast_3990,2025-06-16 06:00:00,8748.578145705844,10059.505447297122,6464.061083369862
forecast_3991,2025-06-16 07:00:00,8012.433739406442,8058.659262368255,5222.8787550852085
forecast_3992,2025-06-16 08:00:00,8446.022851092846,9005.350588329637,5424.351091820842
forecast_3993,2025-06-16 09:00:00,7800.059760279651,8971.796527470528,5361.80695218312
forecast_3994,2025-06-16 10:00:00,7664.491515861451,8522.382514628784,4920.691790569775
forecast_3995,2025-06-16 11:00:00,7801.829904466687,9163.691558884733,5498.609689732974
forecast_3996,2025-06-16 12:00:00,6850.13617701143,7779.889301958034,5303.200755015649
forecast_3997,2025-06-16 13:00:00,7679.727966502668,8780.554788798185,6026.122475607145
forecast_3998,2025-06-16 14:00:00,10064.360282088077,11806.97905154667,8722.689613972163
forecast_3999,2025-06-16 15:00:00,10865.276211242764,11208.401422652958,8508.683318843287
forecast_4000,2025-06-16 16:00:00,11585.602701544462,10888.201581095158,9043.106853772568
forecast_4001,2025-06-16 17:00:00,14400.970164230846,13123.412396193182,11434.04031006205
forecast_4002,2025-06-16 18:00:00,14482.322434310721,14183.426823011989,11680.462662277632
forecast_4003,2025-06-16 19:00:00,13692.982195225606,13392.489314730761,10936.152432127867
forecast_4004,2025-06-16 20:00:00,13675.473754328794,13945.870941167683,10633.354705616577
forecast_4005,2025-06-16 21:00:00,15269.65118747601,14485.132311631909,10542.58018897978
forecast_4006,2025-06-16 22:00:00,16773.814324334704,16213.389949247572,11245.41102745566
forecast_4007,2025-06-16 23:00:00,16354.081058233069,16543.125516691565,11555.097886787866
forecast_4008,2025-06-17 00:00:00,17034.660624463315,17766.873374252642,13214.48717948244
forecast_4009,2025-06-17 01:00:00,17532.513359514596,17689.034530462788,13621.35810469158
forecast_4010,2025-06-17 02:00:00,18595.31595070021,18163.313746736912,14196.774125897711
forecast_4011,2025-06-17 03:00:00,17939.192757598164,18090.3042024245,13912.724958246854
forecast_4012,2025-06-17 04:00:00,17394.87906238451,18173.469801312687,13614.026511129718
forecast_4013,2025-06-17 05:00:00,16716.714789264384,17871.231251978512,13110.09445329963
forecast_4014,2025-06-17 06:00:00,16233.881190896836,16772.87144008941,12402.302006823302
forecast_4015,2025-06-17 07:00:00,15004.299802690779,16410.997775660893,12193.885950554357
forecast_4016,2025-06-17 08:00:00,13635.622209957615,14422.192353676783,11394.106358315348
forecast_4017,2025-06-17 09:00:00,12831.339932676232,13890.69475323033,11217.268189031718
forecast_4018,2025-06-17 10:00:00,10686.584034064137,11741.950966124901,9645.110430955134
forecast_4019,2025-06-17 11:00:00,9902.331099089288,10811.523128786677,9233.683658627711
forecast_4020,2025-06-17 12:00:00,10359.75944656285,12017.270440379201,9566.542435503592
forecast_4021,2025-06-17 13:00:00,9919.537067961177,10910.34007750684,8833.499663157243
forecast_4022,2025-06-17 14:00:00,9470.760110946292,10630.98481759025,8190.518358046488
forecast_4023,2025-06-17 15:00:00,9656.969382077994,10597.974925070841,7871.766146478315
forecast_4024,2025-06-17 16:00:00,10117.015545761265,10408.510463830575,8293.142816726613
forecast_4025,2025-06-17 17:00:00,8635.73401107979,8309.701590467223,7383.445691217916
forecast_4026,2025-06-17 18:00:00,8200.985044412264,8805.58339848872,6550.915981952205
forecast_4027,2025-06-17 19:00:00,8117.038841141005,8596.541932928949,5957.174981372383
forecast_4028,2025-06-17 20:00:00,7071.993241737968,8377.616869875756,5587.233618760502
forecast_4029,2025-06-17 21:00:00,7765.333998884857,8459.324907509295,5513.38681184591
forecast_4030,2025-06-17 22:00:00,7803.03357555957,8926.474178774162,5730.186645415136
forecast_4031,2025-06-17 23:00:00,9761.617305291098,10165.36704174643,5520.2422139380615
forecast_4032,2025-06-18 00:00:00,11238.273197185254,11419.088904681492,6940.769239841378
forecast_4033,2025-06-18 01:00:00,10373.704719065943,10908.204320800553,5819.940876982218
forecast_4034,2025-06-18 02:00:00,10497.291870056139,11039.52989634108,5988.4295385332525
forecast_4035,2025-06-18 03:00:00,11606.96100204934,11611.626035438305,6718.699379923449
forecast_4036,2025-06-18 04:00:00,10883.136449315443,10459.930954327978,7431.163289188844
forecast_4037,2025-06-18 05:00:00,11138.676926617576,11076.838917684314,7827.692540377407
forecast_4038,2025-06-18 06:00:00,11311.68985000051,11211.26297056725,8212.952798637245
forecast_4039,2025-06-18 07:00:00,10734.712430496129,11563.412367672838,7334.236859229073
forecast_4040,2025-06-18 08:00:00,8557.70659571965,9914.516299946941,5682.608573390113
forecast_4041,2025-06-18 09:00:00,6959.553603227247,7750.373302961793,3881.099396281742
forecast_4042,2025-06-18 10:00:00,6016.292397074578,6220.78604809408,3163.3744473778906
forecast_4043,2025-06-18 11:00:00,5390.493622743861,3983.1190790114783,2465.487522455176
forecast_4044,2025-06-18 12:00:00,4906.698949282154,4434.611925662799,2303.8779921964297
forecast_4045,2025-06-18 13:00:00,4258.1533548766565,3606.922441568217,1878.9950385777731
forecast_4046,2025-06-18 14:00:00,4415.563629129051,3645.6494336220494,2212.5638955495047
forecast_4047,2025-06-18 15:00:00,5243.920041154615,4367.646005131694,2835.690206619645
forecast_4048,2025-06-18 16:00:00,5832.9509125537425,4848.832571280768,3310.106400436694
forecast_4049,2025-06-18 17:00:00,5705.6436089862245,5061.941151713967,3746.3902609765114
forecast_4050,2025-06-18 18:00:00,6759.135626048782,5984.0247771821705,3935.902275463928
forecast_4051,2025-06-18 19:00:00,7218.838498754368,7217.598747505636,4202.582426598662
forecast_4052,2025-06-18 20:00:00,7870.148234932967,6709.610381473387,5110.550357958613
forecast_4053,2025-06-18 21:00:00,9304.326412557746,8500.07987123197,6234.501801756579
forecast_4054,2025-06-18 22:00:00,9297.984123214837,9962.137591186738,6895.358742218178
forecast_4055,2025-06-18 23:00:00,12127.259560159951,12259.173556222935,8938.93826805228
forecast_4056,2025-06-19 00:00:00,13149.614363195102,12939.376102376315,8834.903308794588
forecast_4057,2025-06-19 01:00:00,13817.130653434837,13784.826825866654,9259.412768021863
forecast_4058,2025-06-19 02:00:00,14191.873578185488,13074.06931271038,9055.497126464343
forecast_4059,2025-06-19 03:00:00,13840.804245062001,13401.329808016035,9112.335324508884
forecast_4060,2025-06-19 04:00:00,13287.4554797143,12969.911796853863,9171.95459437335
forecast_4061,2025-06-19 05:00:00,13196.365731057509,12146.084367055908,8355.83950704158
forecast_4062,2025-06-19 06:00:00,10340.053635530267,9947.881851111657,6482.165768557676
forecast_4063,2025-06-19 07:00:00,7822.055962342778,6545.4032001393725,3987.8697374156527
forecast_4064,2025-06-19 08:00:00,5702.49629434202,4683.352361917236,2658.0863303841093
forecast_4065,2025-06-19 09:00:00,2988.527309118199,2277.105782600501,1231.766564941106
forecast_4066,2025-06-19 10:00:00,1482.3988176084447,1136.3230390614792,739.9862088831553
forecast_4067,2025-06-19 11:00:00,503.4196064454547,415.77308823426716,294.4280383229674
forecast_4068,2025-06-19 12:00:00,282.96580563502846,296.4882908906292,279.47498879883875
forecast_4069,2025-06-19 13:00:00,275.23149966324894,304.06546509848175,211.0285436892438
forecast_4070,2025-06-19 14:00:00,380.38593462659344,536.1990304719309,295.3836724317032
forecast_4071,2025-06-19 15:00:00,698.3815587494485,819.839800639501,518.1499168883716
forecast_4072,2025-06-19 16:00:00,742.6221770986078,835.9554329820505,618.5972948847967
forecast_4073,2025-06-19 17:00:00,1493.317839323067,1284.827697973094,1248.375687765624
forecast_4074,2025-06-19 18:00:00,2011.2760693119246,2628.8027970238,1312.3520651387194
forecast_4075,2025-06-19 19:00:00,3331.0065974559316,4018.0338895661052,1993.5323240793748
forecast_4076,2025-06-19 20:00:00,3117.033513668611,3591.085697053076,2153.621599144205
forecast_4077,2025-06-19 21:00:00,4342.212575539014,4868.684576924813,2698.9149952680705
forecast_4078,2025-06-19 22:00:00,6585.009119474547,7374.175422334246,3954.671584109236
forecast_4079,2025-06-19 23:00:00,7837.151505686613,8230.042491280854,4516.512446647937
forecast_4080,2025-06-20 00:00:00,7889.81548123717,8595.111465008944,4540.923895441318
forecast_4081,2025-06-20 01:00:00,9797.224598025989,10702.997221007634,5763.815272713198
forecast_4082,2025-06-20 02:00:00,9777.63240685352,11307.27561926421,6116.70616052946
forecast_4083,2025-06-20 03:00:00,10182.705089547844,12236.178647847819,6306.746737087549
forecast_4084,2025-06-20 04:00:00,11377.457366648367,13394.237892476076,8053.751396691225
forecast_4085,2025-06-20 05:00:00,11422.874493715915,12694.49789286936,7278.09831602512
forecast_4086,2025-06-20 06:00:00,10151.04880533199,11653.058579622682,6903.419930310932
forecast_4087,2025-06-20 07:00:00,9372.761872521518,11040.140136502117,6275.056797153463
forecast_4088,2025-06-20 08:00:00,8808.926874695577,10030.410113510368,5773.579109629251
forecast_4089,2025-06-20 09:00:00,8440.28797477227,9902.580448121833,5522.225144123209
forecast_4090,2025-06-20 10:00:00,9027.226018744452,10334.480062904127,6371.571784136209
forecast_4091,2025-06-20 11:00:00,10006.197561540985,12144.760834577231,9532.030111408341
forecast_4092,2025-06-20 12:00:00,11332.4318805045,13954.349428708341,10775.19727019421
forecast_4093,2025-06-20 13:00:00,14362.611433606111,15092.689314061137,11997.234196624337
forecast_4094,2025-06-20 14:00:00,14767.732303321098,15690.111177067472,12581.415838232555
forecast_4095,2025-06-20 15:00:00,15063.346481225335,15876.502791763092,12638.167304942672
forecast_4096,2025-06-20 16:00:00,18209.7515387163,16777.093640356303,13746.014307764097
forecast_4097,2025-06-20 17:00:00,18703.01300428453,17141.542681242936,13653.955944893416
forecast_4098,2025-06-20 18:00:00,18775.83161658932,17545.562514672154,13849.337143213224
forecast_4099,2025-06-20 19:00:00,19031.277989864877,17491.901748144603,13936.643508356048
forecast_4100,2025-06-20 20:00:00,18856.554453929282,16742.424241478642,13440.969911742763
forecast_4101,2025-06-20 21:00:00,18853.172650630782,17022.973609644425,13650.564481948666
forecast_4102,2025-06-20 22:00:00,18809.56701229403,17363.657884220418,13956.608041656296
forecast_4103,2025-06-20 23:00:00,18759.952793472366,17421.31321009549,13815.144765725792
forecast_4104,2025-06-21 00:00:00,18179.54031552317,17483.66367219411,13617.132062108476
forecast_4105,2025-06-21 01:00:00,18114.124655443644,17517.169407382764,13394.9545731288
forecast_4106,2025-06-21 02:00:00,17716.642140939857,17413.14978711103,13453.403559777096
forecast_4107,2025-06-21 03:00:00,17455.173065963463,17209.580586229687,13671.331896149612
forecast_4108,2025-06-21 04:00:00,15342.098523313998,16277.89549036141,12756.835950228264
forecast_4109,2025-06-21 05:00:00,14069.6429584232,15137.381239527389,11547.850373617735
forecast_4110,2025-06-21 06:00:00,15417.731497933668,15401.769681195403,12255.676179580702
forecast_4111,2025-06-21 07:00:00,15410.62696238789,15106.68656565188,12406.766999836313
forecast_4112,2025-06-21 08:00:00,14843.645698700682,14562.979575726893,11745.381628195213
forecast_4113,2025-06-21 09:00:00,12743.376090282372,12520.994864104152,10966.276441092768
forecast_4114,2025-06-21 10:00:00,9972.351723522617,10949.064533183042,8604.28723644045
forecast_4115,2025-06-21 11:00:00,8699.482130443066,9146.7274439608,6849.76883359907
forecast_4116,2025-06-21 12:00:00,7090.8811537983875,7866.044419711383,6173.467834631744
forecast_4117,2025-06-21 13:00:00,8168.120871167298,8457.946952175547,6482.950441932269
forecast_4118,2025-06-21 14:00:00,8289.880154665369,8681.012721395466,6463.741255302051
forecast_4119,2025-06-21 15:00:00,10087.994598044044,10889.095343119452,8069.645544159538
forecast_4120,2025-06-21 16:00:00,12884.052125169846,11451.98623050479,8488.552485611563
forecast_4121,2025-06-21 17:00:00,11471.699605921054,11223.120411585203,8128.165448263246
forecast_4122,2025-06-21 18:00:00,10539.59881531186,10292.567200944284,7199.187551628797
forecast_4123,2025-06-21 19:00:00,12312.389771299304,12405.567458267826,8489.749809863835
forecast_4124,2025-06-21 20:00:00,10044.672036321303,10461.949834830411,7693.888089330104
forecast_4125,2025-06-21 21:00:00,10376.509994301736,10228.518265237693,6875.43898163853
forecast_4126,2025-06-21 22:00:00,11284.275398408792,12035.763649034887,8446.019515487604
forecast_4127,2025-06-21 23:00:00,13583.148031199937,14144.265769923966,10714.065284818238
forecast_4128,2025-06-22 00:00:00,15527.415008181792,15173.342614644755,12221.530071978807
forecast_4129,2025-06-22 01:00:00,13556.389173377573,12652.77040462475,8915.652811039397
forecast_4130,2025-06-22 02:00:00,14304.930374788668,13579.556729087804,10309.590176527736
forecast_4131,2025-06-22 03:00:00,14007.709789382377,12865.713935903743,8158.747144974984
forecast_4132,2025-06-22 04:00:00,13812.090081975444,12937.355055831847,8322.797853318492
forecast_4133,2025-06-22 05:00:00,12758.190847921169,11955.580812147578,7634.657958969687
forecast_4134,2025-06-22 06:00:00,9479.28450898301,10094.759884350351,6486.831466472278
forecast_4135,2025-06-22 07:00:00,9023.366086082659,9508.374870866499,6227.410018426788
forecast_4136,2025-06-22 08:00:00,7603.075324949769,7734.3194018415215,4390.7311649237845
forecast_4137,2025-06-22 09:00:00,6175.636765044197,6667.434646628512,3602.989919085122
forecast_4138,2025-06-22 10:00:00,6128.755968698896,5637.391207304962,3207.1454939071587
forecast_4139,2025-06-22 11:00:00,6648.2763029738235,5482.555913772742,3274.029548987092
forecast_4140,2025-06-22 12:00:00,6215.14346393952,5026.655819161795,3339.1761681962594
forecast_4141,2025-06-22 13:00:00,5959.664828987576,5119.790212774792,3610.0533049481555
forecast_4142,2025-06-22 14:00:00,4929.910082140707,3683.6116850891012,2508.6969721623814
forecast_4143,2025-06-22 15:00:00,3893.8793585089356,2873.239864282455,2269.451682271949
forecast_4144,2025-06-22 16:00:00,4387.572477608489,3221.1712188427155,2569.975828522085
forecast_4145,2025-06-22 17:00:00,4392.852171367541,3561.7896800570347,2814.9444985001064
forecast_4146,2025-06-22 18:00:00,5625.5586354567595,4799.051143875444,3133.311620194524
forecast_4147,2025-06-22 19:00:00,6107.096132339177,5505.692743249236,3585.9058555639685
forecast_4148,2025-06-22 20:00:00,7020.933066236067,6822.533010710767,4182.443682444298
forecast_4149,2025-06-22 21:00:00,8501.413540187166,7779.415781938124,4501.380094423473
forecast_4150,2025-06-22 22:00:00,8829.132029154043,8020.148540376663,5221.0582181898335
forecast_4151,2025-06-22 23:00:00,7997.232993690136,7241.2148397797655,5005.889293087947
forecast_4152,2025-06-23 00:00:00,7410.985475526509,5683.69201833199,4236.280907562063
forecast_4153,2025-06-23 01:00:00,6130.26162844421,4971.758280552265,3759.549997853557
forecast_4154,2025-06-23 02:00:00,5713.896608124235,4377.471610350989,3635.489736538273
forecast_4155,2025-06-23 03:00:00,5515.747160911045,4387.359459685179,3266.342255536987
forecast_4156,2025-06-23 04:00:00,5203.43771781149,4071.9238302968915,3030.6076687694635
forecast_4157,2025-06-23 05:00:00,3740.2614150866557,3599.8163215926866,2551.8274442329944
forecast_4158,2025-06-23 06:00:00,2734.78772070253,2788.2845344995644,1747.8592721733091
forecast_4159,2025-06-23 07:00:00,1378.857345834021,1072.807180330251,615.7710858943651
forecast_4160,2025-06-23 08:00:00,669.0086378047218,451.9987717419937,181.99956437310897
forecast_4161,2025-06-23 09:00:00,183.2776872585421,208.43369500187,68.19197939754436
forecast_4162,2025-06-23 10:00:00,221.919387582464,239.7391029188281,101.49342468614671
forecast_4163,2025-06-23 11:00:00,231.55359515129172,263.1123738284944,140.54059977073595
forecast_4164,2025-06-23 12:00:00,225.53768972695997,329.08039480572313,161.97962413083886
forecast_4165,2025-06-23 13:00:00,247.23303509443878,308.9289585723781,204.8836764805711
forecast_4166,2025-06-23 14:00:00,208.22343510766447,292.5765967012543,176.91566764890942
forecast_4167,2025-06-23 15:00:00,217.45286283058726,291.2253125426682,179.88692588297334
forecast_4168,2025-06-23 16:00:00,220.37517740827906,255.48414178689035,132.95637228717356
forecast_4169,2025-06-23 17:00:00,191.40054178742886,203.30219993993208,110.84001353093593
forecast_4170,2025-06-23 18:00:00,191.39419236048488,184.53361074660143,80.38523893978939
forecast_4171,2025-06-23 19:00:00,256.3486815139507,249.50238774671251,71.57865153603838
forecast_4172,2025-06-23 20:00:00,408.1747811555168,341.4147259852671,83.71397312494312
forecast_4173,2025-06-23 21:00:00,581.2649336178147,497.50680134941956,91.07432097538367
forecast_4174,2025-06-23 22:00:00,611.1645324626578,490.4860704505839,114.18752325047772
forecast_4175,2025-06-23 23:00:00,581.1038520119047,451.1783870507289,124.42606970660664
forecast_4176,2025-06-24 00:00:00,578.4263216509812,504.0780488593427,126.95230877526066
forecast_4177,2025-06-24 01:00:00,789.9450693548517,632.403230650007,221.73572400798105
forecast_4178,2025-06-24 02:00:00,660.2436796008142,548.5918157284249,119.73862538883184
forecast_4179,2025-06-24 03:00:00,694.3838649089582,710.4074590333263,98.23304085568303
forecast_4180,2025-06-24 04:00:00,590.9973386810213,593.5471283973777,91.73042262433727
forecast_4181,2025-06-24 05:00:00,1170.3714805884747,1120.4470959396183,234.19312097996144
forecast_4182,2025-06-24 06:00:00,1242.9426331228874,1277.021035483141,249.61686762729784
forecast_4183,2025-06-24 07:00:00,1455.4766434203782,1522.007359836567,293.81502520016375
forecast_4184,2025-06-24 08:00:00,1948.5064356087564,1870.0190228734136,598.0695231909104
forecast_4185,2025-06-24 09:00:00,2153.964787700526,2129.6294367736655,785.8412784526188
forecast_4186,2025-06-24 10:00:00,2775.8221080191142,2674.6664220868793,893.0370506693638
forecast_4187,2025-06-24 11:00:00,1968.781012375423,2041.557843974609,899.1273877254876
forecast_4188,2025-06-24 12:00:00,1966.9437340001414,2088.2077116248724,911.5598547900454
forecast_4189,2025-06-24 13:00:00,2058.541832322949,2073.1778671346474,994.1714287929893
forecast_4190,2025-06-24 14:00:00,2244.409466158152,2332.010984337483,1149.7726078080964
forecast_4191,2025-06-24 15:00:00,2439.801510771553,2709.203859304605,1185.9441819823605
forecast_4192,2025-06-24 16:00:00,3169.3228915524205,3035.168566724189,1110.8739143359742
forecast_4193,2025-06-24 17:00:00,3218.026361169445,3167.273568821794,1118.0450901331549
forecast_4194,2025-06-24 18:00:00,3450.218698992375,3133.1546737054587,1053.7788004132594
forecast_4195,2025-06-24 19:00:00,4110.921079037575,3872.512958639083,1158.4813140285974
forecast_4196,2025-06-24 20:00:00,5485.160491891728,5385.529074022527,1761.2845633082768
forecast_4197,2025-06-24 21:00:00,6176.457338562596,6555.7639004297225,2332.4514049366367
forecast_4198,2025-06-24 22:00:00,6667.064063026354,7312.796468626968,2664.979303696538
forecast_4199,2025-06-24 23:00:00,7466.774230736373,7821.562331581836,2735.5369229046614
forecast_4200,2025-06-25 00:00:00,7476.0182502160405,7804.168839963787,2696.7907679281684
forecast_4201,2025-06-25 01:00:00,5384.082229578763,5586.8384983837195,1812.1144583172168
forecast_4202,2025-06-25 02:00:00,4965.487539802634,4715.816262163903,1478.4745567916539
forecast_4203,2025-06-25 03:00:00,4640.883759707059,4272.855165186524,1239.7191339114631
forecast_4204,2025-06-25 04:00:00,4209.343755134766,3477.1944378014987,1124.7227274854422
forecast_4205,2025-06-25 05:00:00,4085.4009436726787,3601.7540853430423,1058.627217323566
forecast_4206,2025-06-25 06:00:00,4071.9390210895212,3385.814995831411,1165.3311450732874
forecast_4207,2025-06-25 07:00:00,3439.7979797460903,2866.9276969798657,989.5537326293303
forecast_4208,2025-06-25 08:00:00,2666.964829797595,2412.295905741408,869.1897735664205
forecast_4209,2025-06-25 09:00:00,2650.626077032933,2421.4667798255664,887.2079785272653
forecast_4210,2025-06-25 10:00:00,2088.35925998723,2133.475367619337,775.2857894902997
forecast_4211,2025-06-25 11:00:00,2144.7840492415885,2161.475840712955,770.6241124850299
forecast_4212,2025-06-25 12:00:00,2027.1614383730243,1775.969819151309,693.5007040386864
forecast_4213,2025-06-25 13:00:00,2249.0792656329686,1959.1846832086053,685.4227902266294
forecast_4214,2025-06-25 14:00:00,2006.6929924222711,1822.6210358928788,600.4175634947229
forecast_4215,2025-06-25 15:00:00,1393.1569036963422,1570.781110305641,573.096460928928
forecast_4216,2025-06-25 16:00:00,1444.649969783883,1242.1721196764831,371.53188891620914
forecast_4217,2025-06-25 17:00:00,1762.7823728188819,1542.143714126035,648.4877921049599
forecast_4218,2025-06-25 18:00:00,2318.626547767043,2281.443655700338,874.7719430359497
forecast_4219,2025-06-25 19:00:00,2982.019209186445,3310.20561016645,1304.9608964847037
forecast_4220,2025-06-25 20:00:00,2924.674947504413,3209.2420540987023,988.1679702090418
forecast_4221,2025-06-25 21:00:00,3313.2172053229133,3225.553540454243,878.4473510079184
forecast_4222,2025-06-25 22:00:00,4462.608709617996,4922.270049358659,1655.1390619351532
forecast_4223,2025-06-25 23:00:00,5730.341811833397,6568.225503896854,3528.799917948534
forecast_4224,2025-06-26 00:00:00,6527.755750369166,6934.427405157936,4201.054751568583
forecast_4225,2025-06-26 01:00:00,9955.078287271552,10526.141318076227,7260.436976290849
forecast_4226,2025-06-26 02:00:00,13272.84985046395,12373.633489915279,9365.183436137997
forecast_4227,2025-06-26 03:00:00,13846.876760231664,13371.200458003163,10037.721166956391
forecast_4228,2025-06-26 04:00:00,12510.209110678108,12017.559786163736,9338.189889534
forecast_4229,2025-06-26 05:00:00,12049.232922723511,11551.413927395588,9079.595805770083
forecast_4230,2025-06-26 06:00:00,11047.374013725293,10796.505940555067,7790.008074248602
forecast_4231,2025-06-26 07:00:00,9741.840296286926,9855.502252937304,7310.661796326543
forecast_4232,2025-06-26 08:00:00,10023.96068549085,10178.094001115898,7646.411454513643
forecast_4233,2025-06-26 09:00:00,8884.183743780934,9431.97810681831,6812.902000589431
forecast_4234,2025-06-26 10:00:00,7322.384628490353,7303.653891695357,4308.519261204571
forecast_4235,2025-06-26 11:00:00,5893.83972182038,5213.262627515922,3457.4653346170016
forecast_4236,2025-06-26 12:00:00,6104.08760223138,5539.404867490087,3357.294475871633
forecast_4237,2025-06-26 13:00:00,5600.414593746915,5158.54255485452,2997.511803909993
forecast_4238,2025-06-26 14:00:00,4879.812579250254,4364.617994683426,2776.4060071608687
forecast_4239,2025-06-26 15:00:00,5449.185038368629,4870.245876878235,3107.8766785128805
forecast_4240,2025-06-26 16:00:00,5829.8459085362,5050.218545432656,3222.4152615046128
forecast_4241,2025-06-26 17:00:00,7426.520940352979,6855.550344891993,4437.386914131604
forecast_4242,2025-06-26 18:00:00,6838.933013328259,6345.273315569665,4102.2182279328335
forecast_4243,2025-06-26 19:00:00,5830.160138797282,5851.227081619629,3640.1942709528735
forecast_4244,2025-06-26 20:00:00,6298.268235850352,5944.618808593202,4368.328820828626
forecast_4245,2025-06-26 21:00:00,6596.471165494101,5759.95416470912,3870.8336241942065
forecast_4246,2025-06-26 22:00:00,4941.685094803488,4838.949970562745,3660.4053145452112
forecast_4247,2025-06-26 23:00:00,4701.081361603681,4386.924323873776,3130.535023959733
forecast_4248,2025-06-27 00:00:00,4862.062339396258,4450.8866720443875,3217.9880428247516
forecast_4249,2025-06-27 01:00:00,4599.160063071449,4400.473348457559,2523.59870592578
forecast_4250,2025-06-27 02:00:00,4805.398866945929,4117.994384041005,2986.165204864819
forecast_4251,2025-06-27 03:00:00,5495.664419705394,4265.336625675567,3631.3465491872284
forecast_4252,2025-06-27 04:00:00,6965.545478462924,5188.466745219794,4211.449525383542
forecast_4253,2025-06-27 05:00:00,4501.589681166758,3804.4711994415165,3035.80630020563
forecast_4254,2025-06-27 06:00:00,3613.303650134762,3202.9639403600972,2556.0388673692746
forecast_4255,2025-06-27 07:00:00,3149.3336760397615,2242.472979969967,1865.4210161254975
forecast_4256,2025-06-27 08:00:00,2984.4881892973895,1939.2769214613672,1329.3735890140485
forecast_4257,2025-06-27 09:00:00,969.2539595328203,991.2702906605641,597.575062630368
forecast_4258,2025-06-27 10:00:00,494.23793951336756,440.85231904425217,260.0564862906048
forecast_4259,2025-06-27 11:00:00,404.1764197878736,361.7962416702521,211.77761351769212
forecast_4260,2025-06-27 12:00:00,495.85560531024845,413.9229850108569,299.2868419198874
forecast_4261,2025-06-27 13:00:00,1020.8051538450743,834.1815463402972,646.5102814099453
forecast_4262,2025-06-27 14:00:00,1769.4448581669365,1367.194719964144,758.1338653599081
forecast_4263,2025-06-27 15:00:00,1323.811028456394,816.9704028428366,374.8914336006374
forecast_4264,2025-06-27 16:00:00,1172.3231493247456,770.1355856239356,389.5296320771497
forecast_4265,2025-06-27 17:00:00,792.9070204996311,619.5820576154633,290.44768659760786
forecast_4266,2025-06-27 18:00:00,684.5126148955685,452.60692360825357,196.50897636579384
forecast_4267,2025-06-27 19:00:00,815.5097946914892,607.8970648582147,261.7389688180921
forecast_4268,2025-06-27 20:00:00,1499.080794615209,1332.0002309880515,630.5772297374853
forecast_4269,2025-06-27 21:00:00,2063.055711991919,2356.6268247421594,1192.3899342425316
forecast_4270,2025-06-27 22:00:00,3909.1334157711385,3703.9279948884277,2072.2309688399027
forecast_4271,2025-06-27 23:00:00,5969.39609053813,5436.403845956453,2720.253688827829
forecast_4272,2025-06-28 00:00:00,5434.259926530141,5436.324647755105,3019.6704733224724
forecast_4273,2025-06-28 01:00:00,8032.689630490485,6809.195305953814,4664.335680243261
forecast_4274,2025-06-28 02:00:00,8373.92425210149,8234.730219663146,5253.116638972293
forecast_4275,2025-06-28 03:00:00,9228.532730807417,8981.242564747088,5433.841230273769
forecast_4276,2025-06-28 04:00:00,9579.17137612721,8942.809068166911,5442.618172110718
forecast_4277,2025-06-28 05:00:00,10140.49675552751,9313.477945615585,5062.773604626321
forecast_4278,2025-06-28 06:00:00,8888.018115515042,8938.90588502323,5094.282570751005
forecast_4279,2025-06-28 07:00:00,9473.015036333143,8908.708764906563,5834.500262608078
forecast_4280,2025-06-28 08:00:00,6835.140181316065,7097.5987227583755,3385.0040850649543
forecast_4281,2025-06-28 09:00:00,3995.1084466799493,4928.968987568042,1836.4532322580108
forecast_4282,2025-06-28 10:00:00,3047.0358014787125,3751.392420303605,1138.1963293458662
forecast_4283,2025-06-28 11:00:00,2113.2406491473203,2326.0262768905377,989.2667577343118
forecast_4284,2025-06-28 12:00:00,676.654971967797,575.5050160318046,300.2027971206307
forecast_4285,2025-06-28 13:00:00,651.8280003905302,609.9378878328349,433.8406074669382
forecast_4286,2025-06-28 14:00:00,1690.8987283795516,1611.435322389785,708.9538122937962
forecast_4287,2025-06-28 15:00:00,1682.9521090785233,1725.3207012706816,891.6816538878322
forecast_4288,2025-06-28 16:00:00,2201.338793825868,2142.8966045840784,1194.9508618191146
forecast_4289,2025-06-28 17:00:00,2388.112220763732,2696.0651550511943,1591.382168959182
forecast_4290,2025-06-28 18:00:00,3190.560553106321,3601.343760541434,2130.117552606027
forecast_4291,2025-06-28 19:00:00,5093.497236640125,5883.841754553883,3841.7754508470007
forecast_4292,2025-06-28 20:00:00,5742.500083462981,6444.741617380151,3928.769745193591
forecast_4293,2025-06-28 21:00:00,7024.5170774070975,8445.71076826612,5044.3247055384845
forecast_4294,2025-06-28 22:00:00,8300.274841606804,9533.256235668743,5828.178485281166
forecast_4295,2025-06-28 23:00:00,8934.829186504634,9832.605644047459,5505.701596488718
forecast_4296,2025-06-29 00:00:00,8417.980518506658,9500.795316007114,5569.548617003292
forecast_4297,2025-06-29 01:00:00,11240.760352951285,11441.228015451956,6422.43186788442
forecast_4298,2025-06-29 02:00:00,11960.484860047067,12136.252796299523,6770.71338919373
forecast_4299,2025-06-29 03:00:00,13027.05862333961,12530.196997486184,8178.068143348421
forecast_4300,2025-06-29 04:00:00,14330.584409068262,13759.807427122094,9599.976688173743
forecast_4301,2025-06-29 05:00:00,14178.65632046638,13593.79982832001,10129.65772314747
forecast_4302,2025-06-29 06:00:00,14429.469397123316,13028.210444005652,8920.539175436117
forecast_4303,2025-06-29 07:00:00,13006.13149197997,12008.724402529297,7868.313993276662
forecast_4304,2025-06-29 08:00:00,11887.97006910251,10940.315568559714,6503.102965264036
forecast_4305,2025-06-29 09:00:00,9703.219777882503,10331.588449568904,6108.601774045599
forecast_4306,2025-06-29 10:00:00,6137.058254525725,5890.838847361456,3836.9728362877386
forecast_4307,2025-06-29 11:00:00,3962.2395712121647,3748.5496873716415,2651.984410098853
forecast_4308,2025-06-29 12:00:00,3264.5965582967833,2958.3900371547943,2707.0136926460073
forecast_4309,2025-06-29 13:00:00,3251.7525329063674,3041.9859284421486,2560.2922885705475
forecast_4310,2025-06-29 14:00:00,3478.8145106227657,3045.630987135164,2568.9204109998927
forecast_4311,2025-06-29 15:00:00,3880.663570665137,3211.078122758618,2447.6083819198066
forecast_4312,2025-06-29 16:00:00,4284.446025181693,3750.1336458908736,3275.6503620183926
forecast_4313,2025-06-29 17:00:00,4629.659638686117,4160.540146289909,3393.707816128318
forecast_4314,2025-06-29 18:00:00,4517.617117132294,3900.9407220574053,2993.491681815941
forecast_4315,2025-06-29 19:00:00,5739.532261697646,5234.669345861972,3228.0294636069175
forecast_4316,2025-06-29 20:00:00,7412.552296953576,6955.526314336156,4279.251926922075
forecast_4317,2025-06-29 21:00:00,8998.580031680307,8630.311939167023,5431.181562753393
forecast_4318,2025-06-29 22:00:00,11486.199645144456,11677.69895640437,7392.931595482757
forecast_4319,2025-06-29 23:00:00,11882.745134061413,12243.257928817338,8457.433062752412
forecast_4320,2025-06-30 00:00:00,12776.369013129492,12295.840924310167,9401.273344484158
forecast_4321,2025-06-30 01:00:00,11881.913835685293,11773.496005589719,7213.109018886869
forecast_4322,2025-06-30 02:00:00,11833.37163930007,11405.764989957674,7441.565512320363
forecast_4323,2025-06-30 03:00:00,11504.05331991221,10551.605282066012,6929.262868871591
forecast_4324,2025-06-30 04:00:00,11563.706554562017,11138.254960494854,7207.943546101097
forecast_4325,2025-06-30 05:00:00,11957.261716039973,11626.228136559004,6993.752924923818
forecast_4326,2025-06-30 06:00:00,12179.744965675898,11724.703305287621,7384.61702411805
forecast_4327,2025-06-30 07:00:00,10401.379956476549,9871.865783620857,6442.686500526249
forecast_4328,2025-06-30 08:00:00,7455.551986453108,8127.998556796131,5269.891313827728
forecast_4329,2025-06-30 09:00:00,6368.624812150034,7415.12572915789,4417.4008079988325
forecast_4330,2025-06-30 10:00:00,4261.32412726071,4232.829521918743,3029.4765424268667
forecast_4331,2025-06-30 11:00:00,2403.6162989469153,2606.262382673888,2009.5048647925325
forecast_4332,2025-06-30 12:00:00,2610.161486805769,2727.2352129044634,2547.365503498972
forecast_4333,2025-06-30 13:00:00,3608.4678004191724,3422.233396777923,2684.5499094023558
forecast_4334,2025-06-30 14:00:00,5138.427179457672,5636.847279069824,3758.8016240258994
forecast_4335,2025-06-30 15:00:00,6240.431341192226,6251.674537868334,4242.733502315935
forecast_4336,2025-06-30 16:00:00,8234.571937863797,7597.551336203644,5797.093574458165
forecast_4337,2025-06-30 17:00:00,7891.22847493494,7427.582782153701,5951.541108164783
forecast_4338,2025-06-30 18:00:00,9253.437681462676,8648.448320084559,5722.933756903365
forecast_4339,2025-06-30 19:00:00,9837.192469973277,9440.162829497047,6176.014719311885
forecast_4340,2025-06-30 20:00:00,10931.786214144391,10878.804661396367,7078.485989233674
forecast_4341,2025-06-30 21:00:00,11011.317271781922,11169.498561097036,7079.948334108267
forecast_4342,2025-06-30 22:00:00,12378.146221917767,12051.140024495393,8251.306090283966
forecast_4343,2025-06-30 23:00:00,13516.15420138818,13107.501919465964,9090.63674818115
forecast_4344,2025-07-01 00:00:00,13008.338751947595,12307.93696307796,8492.463319529115
forecast_4345,2025-07-01 01:00:00,11744.4247008552,12298.12235575765,7311.525262371021
forecast_4346,2025-07-01 02:00:00,13102.374241726693,12214.596716564838,8011.735586302616
forecast_4347,2025-07-01 03:00:00,13264.05584210826,12597.441103780367,8299.985820528213
forecast_4348,2025-07-01 04:00:00,12755.761378139821,12281.580795972086,8967.222928766163
forecast_4349,2025-07-01 05:00:00,14083.927632445042,13008.397815177836,9233.861599598375
forecast_4350,2025-07-01 06:00:00,13985.735754974137,12181.67215714542,8351.108967875798
forecast_4351,2025-07-01 07:00:00,12194.901630860331,11580.143931307584,7572.242223790322
forecast_4352,2025-07-01 08:00:00,10063.992673642308,11066.024859634788,6871.513223603237
forecast_4353,2025-07-01 09:00:00,9760.857027098327,10814.397856579784,6066.884379418106
forecast_4354,2025-07-01 10:00:00,7585.8905594989865,8143.025333164665,5037.562706240832
forecast_4355,2025-07-01 11:00:00,7169.012030994315,6592.520586286943,5297.361732467067
forecast_4356,2025-07-01 12:00:00,6573.965927968786,5541.219697379749,5016.3942399281805
forecast_4357,2025-07-01 13:00:00,5614.238485391304,5037.813302257982,4341.827901893786
forecast_4358,2025-07-01 14:00:00,5059.687771988099,4920.473277986738,3594.5543375558045
forecast_4359,2025-07-01 15:00:00,5452.17632164498,5025.720040931199,3966.733672587432
forecast_4360,2025-07-01 16:00:00,5676.787172804459,5798.626336304173,4437.483944873481
forecast_4361,2025-07-01 17:00:00,5955.856058971884,5996.807987319407,4451.012892493594
forecast_4362,2025-07-01 18:00:00,6314.296980135497,6270.087484854022,5042.866047625135
forecast_4363,2025-07-01 19:00:00,7478.971205117701,7836.780145702172,6004.7777754539975
forecast_4364,2025-07-01 20:00:00,8503.792818258902,8997.875413153777,6539.898195545031
forecast_4365,2025-07-01 21:00:00,10394.759990863084,10117.20605056079,7799.471450552278
forecast_4366,2025-07-01 22:00:00,11599.669777299765,11573.48460662092,8510.59852728819
forecast_4367,2025-07-01 23:00:00,13234.50190087988,13189.085292289195,8784.104691901604
forecast_4368,2025-07-02 00:00:00,14817.175249609349,13973.864806370873,11661.518267571202
forecast_4369,2025-07-02 01:00:00,13448.693981528075,12977.5245870436,9715.718361233112
forecast_4370,2025-07-02 02:00:00,15313.566643933858,14572.948806744029,11058.215077906963
forecast_4371,2025-07-02 03:00:00,15951.502075073053,14987.906315172182,11541.012088411293
forecast_4372,2025-07-02 04:00:00,15241.442332425742,14559.847670435389,10673.148400649963
forecast_4373,2025-07-02 05:00:00,15063.783194122674,14066.86231406572,9776.413783642196
forecast_4374,2025-07-02 06:00:00,14571.460257968398,13923.163867207437,9127.545231176107
forecast_4375,2025-07-02 07:00:00,14448.922069464523,14065.670235193506,9318.118719094573
forecast_4376,2025-07-02 08:00:00,13832.462528516156,13901.781447269948,9727.553261254887
forecast_4377,2025-07-02 09:00:00,12321.41816478674,11462.478264041069,8201.955140045995
forecast_4378,2025-07-02 10:00:00,8940.788377636936,9418.556551021251,5702.484659675834
forecast_4379,2025-07-02 11:00:00,6804.662709218298,6991.571999999874,4682.826587444456
forecast_4380,2025-07-02 12:00:00,7439.5614746720985,6842.723276005688,5004.027602647603
forecast_4381,2025-07-02 13:00:00,6484.918946816528,7028.73998056212,4865.872770146403
forecast_4382,2025-07-02 14:00:00,6256.972681774988,6381.319577001856,4447.105796873719
forecast_4383,2025-07-02 15:00:00,5725.469613931168,6111.091867966086,4368.97511257591
forecast_4384,2025-07-02 16:00:00,5599.362471225534,4829.087340140937,3855.0128299755397
forecast_4385,2025-07-02 17:00:00,5377.093125198953,4450.412102386357,3594.9031241637763
forecast_4386,2025-07-02 18:00:00,4286.867034118532,3793.244771455118,3116.9369115039417
forecast_4387,2025-07-02 19:00:00,4853.002433415969,4541.912310570064,2878.7468831807214
forecast_4388,2025-07-02 20:00:00,6736.625427716598,5990.559776563704,4217.078111438363
forecast_4389,2025-07-02 21:00:00,7837.667968941037,6868.807276129145,4819.628265378012
forecast_4390,2025-07-02 22:00:00,8794.152382900798,8633.889402813464,5487.285243807497
forecast_4391,2025-07-02 23:00:00,10334.204003237639,10673.858740557775,7004.01887757066
forecast_4392,2025-07-03 00:00:00,11486.526459139279,11650.968564119716,7424.16099143196
forecast_4393,2025-07-03 01:00:00,12956.582826577918,12538.64597509207,7879.511218864894
forecast_4394,2025-07-03 02:00:00,13232.31146428532,13178.500325700827,8891.573946883378
forecast_4395,2025-07-03 03:00:00,15211.552562521138,14773.033231781903,9872.282623797095
forecast_4396,2025-07-03 04:00:00,15730.728418867775,14799.65580547862,10632.693407235674
forecast_4397,2025-07-03 05:00:00,15474.189573785174,14448.868447509096,10359.613680833132
forecast_4398,2025-07-03 06:00:00,15556.009655864706,14587.02774738588,9020.193591133024
forecast_4399,2025-07-03 07:00:00,14913.822698805265,13711.402015804228,8910.497313605332
forecast_4400,2025-07-03 08:00:00,13820.527643141351,13120.371916898726,8976.577015198636
forecast_4401,2025-07-03 09:00:00,12246.305002274345,12086.456415828388,8354.414154362463
forecast_4402,2025-07-03 10:00:00,10643.884275369059,11395.410326773397,8702.659839740101
forecast_4403,2025-07-03 11:00:00,7416.780092858622,7589.610404478131,6116.38171444328
forecast_4404,2025-07-03 12:00:00,6935.980460218645,6707.810523215804,5297.077952690207
forecast_4405,2025-07-03 13:00:00,7033.901455447445,6770.448039201809,5315.254878278438
forecast_4406,2025-07-03 14:00:00,7217.96401995061,6749.709195077834,5848.635574897276
forecast_4407,2025-07-03 15:00:00,7295.437783469412,7010.971129627434,7266.816365273997
forecast_4408,2025-07-03 16:00:00,7599.340427775739,7147.003069904632,7358.556319290316
forecast_4409,2025-07-03 17:00:00,7714.395241249629,7424.702375139569,6765.1253627788865
forecast_4410,2025-07-03 18:00:00,8279.53827554211,7780.154116415498,6490.668530860413
forecast_4411,2025-07-03 19:00:00,9977.253002817453,9574.596473801425,8214.161007004112
forecast_4412,2025-07-03 20:00:00,11476.358307924544,11613.846143196655,10130.958417833508
forecast_4413,2025-07-03 21:00:00,12870.685256307132,12608.298766247415,10440.415767571416
forecast_4414,2025-07-03 22:00:00,15514.127906603146,15024.066392597832,11771.969104488857
forecast_4415,2025-07-03 23:00:00,16181.319183335185,15504.63560968993,11835.389538381834
forecast_4416,2025-07-04 00:00:00,16256.35473150591,15919.117815841097,12572.225823855482
forecast_4417,2025-07-04 01:00:00,15821.565655728851,15744.35252610996,11988.214438192868
forecast_4418,2025-07-04 02:00:00,16086.539269417148,16384.028658569485,13395.247858022614
forecast_4419,2025-07-04 03:00:00,16255.522778249817,16769.71243044155,14381.827178025045
forecast_4420,2025-07-04 04:00:00,16045.252278636224,16749.475732930412,14042.885195554863
forecast_4421,2025-07-04 05:00:00,15660.4660050478,16312.471996759048,13818.157754532785
forecast_4422,2025-07-04 06:00:00,15655.77637083564,16197.35535076116,12928.483493899535
forecast_4423,2025-07-04 07:00:00,15676.608169947722,15984.356902531827,13695.133900833798
forecast_4424,2025-07-04 08:00:00,15669.19019766445,15637.231776737244,13279.578842479628
forecast_4425,2025-07-04 09:00:00,17352.19339169365,16071.144865412189,13421.118203444375
forecast_4426,2025-07-04 10:00:00,15964.578656307069,15875.151544082984,12709.534411810066
forecast_4427,2025-07-04 11:00:00,15560.270381410142,16056.120535137024,12659.573234517045
forecast_4428,2025-07-04 12:00:00,16017.385281551233,16107.319461791449,12990.361549833211
forecast_4429,2025-07-04 13:00:00,15107.786109136825,15602.694533998578,12676.64681346456
forecast_4430,2025-07-04 14:00:00,14322.084446794597,14987.063219764615,12073.512567204467
forecast_4431,2025-07-04 15:00:00,14351.499235195735,14982.866452263637,12250.302057026987
forecast_4432,2025-07-04 16:00:00,14652.954473153652,15027.928945301992,12683.381409022977
forecast_4433,2025-07-04 17:00:00,14413.119859087406,15573.47776707811,13549.369599881813
forecast_4434,2025-07-04 18:00:00,14445.515551708517,15275.639995889422,13561.64397537457
forecast_4435,2025-07-04 19:00:00,14523.732830792771,15445.253961762863,13609.979793930743
forecast_4436,2025-07-04 20:00:00,15285.580588281618,15766.1502984311,14106.732208960515
forecast_4437,2025-07-04 21:00:00,16499.349513226574,15797.235893727593,14224.377421611642
forecast_4438,2025-07-04 22:00:00,16833.136655200542,15760.477179143942,13601.272111184031
forecast_4439,2025-07-04 23:00:00,16624.72016482266,16216.508034577835,13566.284494353524
forecast_4440,2025-07-05 00:00:00,16447.894549556186,16366.939321010414,13601.094852142507
forecast_4441,2025-07-05 01:00:00,15550.480028575501,16044.989862005003,13194.114085438461
forecast_4442,2025-07-05 02:00:00,15531.770725260558,16076.165998508604,13263.228345030357
forecast_4443,2025-07-05 03:00:00,15672.773393697242,15498.847640255519,12800.753250281416
forecast_4444,2025-07-05 04:00:00,15305.57393210313,14946.901605450303,12183.895764132207
forecast_4445,2025-07-05 05:00:00,15777.713525175779,15405.586283945291,12576.131175433075
forecast_4446,2025-07-05 06:00:00,14949.176589355004,14996.696178176862,11268.143275846076
forecast_4447,2025-07-05 07:00:00,14025.668218791145,13942.179482745007,10768.019986195666
forecast_4448,2025-07-05 08:00:00,13159.451678301268,13721.691399432553,10194.195327230627
forecast_4449,2025-07-05 09:00:00,11944.022986251579,12661.339300028905,9451.594237380172
forecast_4450,2025-07-05 10:00:00,11391.785955992644,11478.602668867909,8690.853251336854
forecast_4451,2025-07-05 11:00:00,10253.24543340662,10187.129449784521,8669.428170173327
forecast_4452,2025-07-05 12:00:00,9103.971407874567,8795.05714502101,7887.019372919747
forecast_4453,2025-07-05 13:00:00,10673.187571645829,10002.042436582766,9072.778155329395
forecast_4454,2025-07-05 14:00:00,11132.14158187082,9986.802964485038,8978.72748209597
forecast_4455,2025-07-05 15:00:00,10631.249915381624,9923.151735938181,8363.377370001506
forecast_4456,2025-07-05 16:00:00,9533.749451385616,8760.99375155736,8377.104252759813
forecast_4457,2025-07-05 17:00:00,10254.534448005903,9361.875488329908,8270.956281185332
forecast_4458,2025-07-05 18:00:00,11464.617005442711,10162.356249396778,8736.03175093003
forecast_4459,2025-07-05 19:00:00,12267.702923411176,11685.219470993476,9986.046993720793
forecast_4460,2025-07-05 20:00:00,14000.911578287947,13143.300766960903,10988.472897782201
forecast_4461,2025-07-05 21:00:00,15485.627116941052,14675.255697840646,12210.658925117783
forecast_4462,2025-07-05 22:00:00,16873.076683812073,15972.362361208445,12852.074572235093
forecast_4463,2025-07-05 23:00:00,17230.985622003238,16048.893644404074,13986.547360370627
forecast_4464,2025-07-06 00:00:00,16580.292508831717,15938.368890175312,13146.658191038889
forecast_4465,2025-07-06 01:00:00,17192.634449146353,16558.828318064472,12584.54263301138
forecast_4466,2025-07-06 02:00:00,17056.38282283485,16591.591772696767,12770.830360955482
forecast_4467,2025-07-06 03:00:00,17324.967544403742,16529.89545233926,13285.387047890457
forecast_4468,2025-07-06 04:00:00,17404.447208057703,16568.17854958431,13745.256465370374
forecast_4469,2025-07-06 05:00:00,17080.624572299792,16286.668944319425,13180.714565591099
forecast_4470,2025-07-06 06:00:00,16819.581180256722,16189.086217097956,13122.943006535608
forecast_4471,2025-07-06 07:00:00,15814.057002631991,16121.962937828332,12754.165602591098
forecast_4472,2025-07-06 08:00:00,14161.878674165533,14594.246774767555,11388.827489297733
forecast_4473,2025-07-06 09:00:00,12103.357340105718,12828.395970780566,9521.093048040979
forecast_4474,2025-07-06 10:00:00,10433.522568688883,10946.077710411717,7299.477511571831
forecast_4475,2025-07-06 11:00:00,8484.074522504798,9190.04179235277,6168.460143437931
forecast_4476,2025-07-06 12:00:00,7073.287894065162,7491.231356133369,5297.588244527328
forecast_4477,2025-07-06 13:00:00,6216.271146621658,6153.623415781898,4616.779284183497
forecast_4478,2025-07-06 14:00:00,4970.080715294205,4562.175556937894,3668.159556823045
forecast_4479,2025-07-06 15:00:00,4682.795169431535,3596.839377160626,2958.504923690101
forecast_4480,2025-07-06 16:00:00,3846.2369982753075,3056.365427203564,2612.803739747203
forecast_4481,2025-07-06 17:00:00,4284.243716391899,3830.0774186840667,3053.2459626030904
forecast_4482,2025-07-06 18:00:00,5841.341170519628,4723.9040982936685,3461.8823464356888
forecast_4483,2025-07-06 19:00:00,7129.169221624011,6089.107725140152,4877.998424966254
forecast_4484,2025-07-06 20:00:00,9246.681297356301,8289.64345920896,6370.790408493852
forecast_4485,2025-07-06 21:00:00,9121.597008933142,8623.28482552595,6137.127814535766
forecast_4486,2025-07-06 22:00:00,10130.823233098956,9483.39217452438,5993.148094712784
forecast_4487,2025-07-06 23:00:00,9547.336592030544,8937.476672804267,5860.7793438189055
forecast_4488,2025-07-07 00:00:00,10080.923459905256,9274.478105392289,6179.576740413949
forecast_4489,2025-07-07 01:00:00,8839.85054235353,7550.427093474778,4956.531994795919
forecast_4490,2025-07-07 02:00:00,8853.118110031122,7615.740987100167,4985.6242403196
forecast_4491,2025-07-07 03:00:00,8687.147401583827,7850.460104853487,4764.912086762969
forecast_4492,2025-07-07 04:00:00,7517.565898656957,6815.4287818093935,4045.4905525644613
forecast_4493,2025-07-07 05:00:00,5090.147474839078,3602.06425046723,2041.563624875437
forecast_4494,2025-07-07 06:00:00,2495.4043431515747,2127.945967977348,1175.7703201334764
forecast_4495,2025-07-07 07:00:00,1545.2259975223603,1430.8181637905839,706.4433282505827
forecast_4496,2025-07-07 08:00:00,1043.0534878992298,669.8247345629936,369.6206542313391
forecast_4497,2025-07-07 09:00:00,325.3709449489359,266.2613871810583,101.54309547244793
forecast_4498,2025-07-07 10:00:00,130.1953824391874,162.74372924275252,101.78048673630327
forecast_4499,2025-07-07 11:00:00,126.94592235806941,169.3333127346075,98.71403715192676
forecast_4500,2025-07-07 12:00:00,193.57068014411516,241.0805535062032,142.48882871333868
forecast_4501,2025-07-07 13:00:00,271.95767417423014,335.86903183428586,243.95539755859124
forecast_4502,2025-07-07 14:00:00,347.66665398298227,428.81055998239594,238.31068952197606
forecast_4503,2025-07-07 15:00:00,305.3974114077806,376.8718059841309,213.53595072469923
forecast_4504,2025-07-07 16:00:00,403.6154389105082,391.4239374887569,274.8686164525498
forecast_4505,2025-07-07 17:00:00,337.66548993583274,422.10257024513675,247.24209144022774
forecast_4506,2025-07-07 18:00:00,417.4733291650237,397.14612662031675,205.63524749362767
forecast_4507,2025-07-07 19:00:00,387.0896100870951,461.210900486208,142.0072619773465
forecast_4508,2025-07-07 20:00:00,558.7055466176705,519.4145694391386,132.52366551229602
forecast_4509,2025-07-07 21:00:00,697.7657896926154,778.0984798064515,186.141804352794
forecast_4510,2025-07-07 22:00:00,861.4898199621286,882.6546882914879,233.77045102734368
forecast_4511,2025-07-07 23:00:00,761.2965126281706,844.5655280113474,225.35782926048952
forecast_4512,2025-07-08 00:00:00,701.6791888475834,641.7796054497998,111.53191688176379
forecast_4513,2025-07-08 01:00:00,687.5218786144277,510.210043720388,153.59082865590926
forecast_4514,2025-07-08 02:00:00,447.26896686286057,346.9765911429981,133.06571732981345
forecast_4515,2025-07-08 03:00:00,476.60797126484096,375.9211083618329,130.70178570879082
forecast_4516,2025-07-08 04:00:00,377.9417951154107,347.98651316841165,130.71141298886712
forecast_4517,2025-07-08 05:00:00,436.3366642764556,375.9781696923053,130.7860098112179
forecast_4518,2025-07-08 06:00:00,440.0029077046417,334.7177887229304,111.88952372956199
forecast_4519,2025-07-08 07:00:00,444.3328770602406,325.6518045943564,142.27106303408968
forecast_4520,2025-07-08 08:00:00,305.27533472019974,270.4480475149232,120.03809678293403
forecast_4521,2025-07-08 09:00:00,220.86574320934102,216.82696367592766,93.74881129959014
forecast_4522,2025-07-08 10:00:00,187.09919607441358,211.84470470186386,104.00929815002624
forecast_4523,2025-07-08 11:00:00,224.9411706034749,284.2103513378921,120.29495389702541
forecast_4524,2025-07-08 12:00:00,244.53398868325795,300.44146364512727,177.53011388770742
forecast_4525,2025-07-08 13:00:00,448.727808960067,536.7499657485181,313.08921963544657
forecast_4526,2025-07-08 14:00:00,453.6428535358168,534.3347221141328,289.96554901326493
forecast_4527,2025-07-08 15:00:00,496.9035083930797,627.1754206460469,345.5319662727574
forecast_4528,2025-07-08 16:00:00,464.1770567916282,630.8983631136863,271.59582658624447
forecast_4529,2025-07-08 17:00:00,329.24593029291384,413.9734869603058,198.97155495180488
forecast_4530,2025-07-08 18:00:00,366.8245112794219,414.7828736871122,188.31237300256473
forecast_4531,2025-07-08 19:00:00,429.5266834524471,486.8446273754939,140.27849485457153
forecast_4532,2025-07-08 20:00:00,617.6976744110472,640.9160783366732,157.83865923881783
forecast_4533,2025-07-08 21:00:00,796.3760622082823,834.7244255876534,201.68411895227
forecast_4534,2025-07-08 22:00:00,1413.386863116576,1318.4546299668523,302.29098236400915
forecast_4535,2025-07-08 23:00:00,1483.6394283300117,1499.1969908983879,332.6498722551452
forecast_4536,2025-07-09 00:00:00,1540.0507734224436,1521.8575950820184,363.17303405850845
forecast_4537,2025-07-09 01:00:00,941.3489404195143,976.2699663666391,269.3211259240692
forecast_4538,2025-07-09 02:00:00,998.3870239380749,1143.349885308641,270.9018239381936
forecast_4539,2025-07-09 03:00:00,1026.2563277165088,1063.2651522340386,238.04692755785908
forecast_4540,2025-07-09 04:00:00,1057.352037524873,1098.4036048869016,256.07570455182696
forecast_4541,2025-07-09 05:00:00,1454.3665855929432,1412.8827163009742,322.82668141615443
forecast_4542,2025-07-09 06:00:00,1528.2515806162921,1698.9509639371406,387.87514845716515
forecast_4543,2025-07-09 07:00:00,1390.0222975668567,1660.1559382301975,402.427007899174
forecast_4544,2025-07-09 08:00:00,1214.709902265391,1323.5345186028194,405.53320769992723
forecast_4545,2025-07-09 09:00:00,1050.7433162360205,1165.8895318859588,341.05530946907874
forecast_4546,2025-07-09 10:00:00,1108.632649939141,1165.0285205853852,482.4204315784781
forecast_4547,2025-07-09 11:00:00,1056.3297389062475,1223.201447499307,619.4174525154037
forecast_4548,2025-07-09 12:00:00,1063.3724728552659,1229.815810114943,878.8211661207787
forecast_4549,2025-07-09 13:00:00,1154.8664376407662,1272.863873535994,938.1429123415185
forecast_4550,2025-07-09 14:00:00,1203.7800758064702,1368.6320496861508,1012.9452986267156
forecast_4551,2025-07-09 15:00:00,1107.0854486794653,1337.5051456776052,900.07953119206
forecast_4552,2025-07-09 16:00:00,1127.647934067824,1381.832806598399,716.9925811601414
forecast_4553,2025-07-09 17:00:00,1220.8348357081702,1357.399646956859,696.494856373568
forecast_4554,2025-07-09 18:00:00,1346.2152353684603,1406.361114238346,469.47567472692316
forecast_4555,2025-07-09 19:00:00,1267.9925946744324,1264.75595286042,454.34973128145157
forecast_4556,2025-07-09 20:00:00,1995.0381746021562,1934.4058060413497,591.3552315330837
forecast_4557,2025-07-09 21:00:00,2353.691782106656,2384.538985108374,705.3973377952914
forecast_4558,2025-07-09 22:00:00,2523.405980746817,2927.625966182955,827.6724187118431
forecast_4559,2025-07-09 23:00:00,2722.2671880240487,2997.4465349731763,900.5237381620786
forecast_4560,2025-07-10 00:00:00,2962.958357949147,3204.4832047292457,859.7785547666024
forecast_4561,2025-07-10 01:00:00,3176.2827460297613,3325.8629171492184,977.4502374774157
forecast_4562,2025-07-10 02:00:00,3002.363394262957,3157.517818264824,993.1550648804986
forecast_4563,2025-07-10 03:00:00,2944.797501526963,3195.1499985703254,993.081089403759
forecast_4564,2025-07-10 04:00:00,3102.742678950379,3429.4860663889667,1164.3841951455113
forecast_4565,2025-07-10 05:00:00,3675.3306705345003,4096.909553337011,1322.2501060688903
forecast_4566,2025-07-10 06:00:00,4131.366145343799,4014.4079960198023,1494.041450620417
forecast_4567,2025-07-10 07:00:00,3868.637738688188,4934.816153425718,1830.327790662153
forecast_4568,2025-07-10 08:00:00,4683.4491463530885,5916.733545980669,2839.939850247562
forecast_4569,2025-07-10 09:00:00,5735.036524462379,7243.804822017669,3931.355899629801
forecast_4570,2025-07-10 10:00:00,5094.988272289109,6822.447749300147,4389.1022498162265
forecast_4571,2025-07-10 11:00:00,4906.413314123828,6585.336248624161,4141.209541952838
forecast_4572,2025-07-10 12:00:00,4727.263480882824,5824.788501368915,4012.8296456984826
forecast_4573,2025-07-10 13:00:00,4148.139593361795,4801.035550183614,3283.956193572273
forecast_4574,2025-07-10 14:00:00,3478.225609242395,4427.846097976752,3041.074434518608
forecast_4575,2025-07-10 15:00:00,3191.050619511495,4291.470439339931,2861.0928656462384
forecast_4576,2025-07-10 16:00:00,3412.784948567011,4277.232181622486,2644.608870390954
forecast_4577,2025-07-10 17:00:00,3574.4610157731813,3837.7045655423694,2076.248916365952
forecast_4578,2025-07-10 18:00:00,4354.296475716343,5061.765749317472,2525.712992791758
forecast_4579,2025-07-10 19:00:00,4370.3835387061,5139.723509873303,2456.901362154318
forecast_4580,2025-07-10 20:00:00,4969.858546460539,5794.0444461289135,2871.809895195228
forecast_4581,2025-07-10 21:00:00,6609.929201306702,6841.509875970764,3731.0760346741763
forecast_4582,2025-07-10 22:00:00,7588.4235431012785,7974.798307256105,4213.489039526738
forecast_4583,2025-07-10 23:00:00,7875.961066150389,8556.326582305732,4331.406791615013
forecast_4584,2025-07-11 00:00:00,8133.569752425462,8424.108613024833,4756.413216971047
forecast_4585,2025-07-11 01:00:00,6445.459401317291,7393.103748927018,3818.2227221080693
forecast_4586,2025-07-11 02:00:00,6294.5367603261775,7419.007372958434,3714.537411568067
forecast_4587,2025-07-11 03:00:00,6119.815948554256,7448.825168836156,3765.4754438350483
forecast_4588,2025-07-11 04:00:00,6091.079154279383,7295.489392791322,4045.1126021044333
forecast_4589,2025-07-11 05:00:00,6892.121745750976,7920.7215007472605,4391.808669514377
forecast_4590,2025-07-11 06:00:00,7034.883652881376,8034.56264918404,4520.061690800832
forecast_4591,2025-07-11 07:00:00,7309.117020584227,8499.414051478572,4866.161422678588
forecast_4592,2025-07-11 08:00:00,6859.670477833335,9036.528942820634,5652.224828630904
forecast_4593,2025-07-11 09:00:00,7239.506974731508,9074.862680459122,5900.217429431897
forecast_4594,2025-07-11 10:00:00,5600.107159481787,6852.914732562524,4646.980644135137
forecast_4595,2025-07-11 11:00:00,5195.996087054667,6529.360400982068,4312.231502326325
forecast_4596,2025-07-11 12:00:00,5163.166291214106,6860.298507641331,4654.382336306548
forecast_4597,2025-07-11 13:00:00,4984.696833318076,6724.926680534747,4519.533322712214
forecast_4598,2025-07-11 14:00:00,4338.931179200567,5764.552391679063,4239.37554488652
forecast_4599,2025-07-11 15:00:00,3358.7577414118355,4315.6756854507485,3494.4718793129005
forecast_4600,2025-07-11 16:00:00,2893.288005120106,3786.6936860411165,2213.3036665072973
forecast_4601,2025-07-11 17:00:00,3415.864591993862,4139.991670071519,2297.3632177741288
forecast_4602,2025-07-11 18:00:00,4516.789145131051,5157.280762509033,2587.504349634217
forecast_4603,2025-07-11 19:00:00,5154.549934567734,5618.927304042291,2643.891819789921
forecast_4604,2025-07-11 20:00:00,5487.83926567885,5923.545595856762,2825.7172001836934
forecast_4605,2025-07-11 21:00:00,6785.829219916326,7175.803450695093,2954.9704720225327
forecast_4606,2025-07-11 22:00:00,6634.455778935944,6301.4745971728435,2465.526364725101
forecast_4607,2025-07-11 23:00:00,7112.349975263459,6893.801820441463,2409.876564716249
forecast_4608,2025-07-12 00:00:00,7015.412232114404,6868.450651697822,2369.5202855475127
forecast_4609,2025-07-12 01:00:00,5929.424135639669,6053.7321592482385,1761.9822902993435
forecast_4610,2025-07-12 02:00:00,4795.512782941492,4933.488728508114,1646.474844870264
forecast_4611,2025-07-12 03:00:00,4398.643435555317,4793.649648318989,1506.5750969128403
forecast_4612,2025-07-12 04:00:00,4083.9112418904538,4584.207119815625,1429.3588626865335
forecast_4613,2025-07-12 05:00:00,3741.233744751115,4060.8924724635935,1159.6291806677386
forecast_4614,2025-07-12 06:00:00,3476.678438406822,3172.979165414033,977.9813157231627
forecast_4615,2025-07-12 07:00:00,3083.079471022228,2686.9868127980067,839.9319474753845
forecast_4616,2025-07-12 08:00:00,2727.266578055086,2350.5200598492156,702.043441655673
forecast_4617,2025-07-12 09:00:00,2043.8009393969378,1715.8033157674463,613.1077308307595
forecast_4618,2025-07-12 10:00:00,1329.2886054980634,1154.2172446872169,539.5291361002239
forecast_4619,2025-07-12 11:00:00,839.0985259179789,875.2566684339805,390.09066148911404
forecast_4620,2025-07-12 12:00:00,560.3230365025198,597.1667326524114,304.7008535190674
forecast_4621,2025-07-12 13:00:00,510.54778165673025,523.8077425353513,265.935944474557
forecast_4622,2025-07-12 14:00:00,412.23169632711966,500.1269805485946,214.02565185040817
forecast_4623,2025-07-12 15:00:00,423.3758352213722,445.06577129501244,217.48678547400965
forecast_4624,2025-07-12 16:00:00,252.5812110058079,334.2432763642152,189.22853141076988
forecast_4625,2025-07-12 17:00:00,205.25103282349093,231.46560395948688,113.89315330204144
forecast_4626,2025-07-12 18:00:00,212.02535843384405,260.65256834629776,103.05746876578321
forecast_4627,2025-07-12 19:00:00,303.63052744678373,304.35134457874716,154.91495065028107
forecast_4628,2025-07-12 20:00:00,575.1359514425853,445.51708307024035,285.9741675092602
forecast_4629,2025-07-12 21:00:00,829.8234742758266,671.6442990078957,327.0771978051999
forecast_4630,2025-07-12 22:00:00,1107.9938743602052,1130.8312723560707,328.0404596798156
forecast_4631,2025-07-12 23:00:00,1313.7137305968815,1390.186689199817,598.437295537953
forecast_4632,2025-07-13 00:00:00,1951.7324025273333,1876.3128045856113,1337.5970126328261
forecast_4633,2025-07-13 01:00:00,2535.879744251176,2227.7191391527526,1439.1883598591724
forecast_4634,2025-07-13 02:00:00,3015.9155796132286,2644.973119753304,1610.8269287308565
forecast_4635,2025-07-13 03:00:00,2796.234523315609,2130.798575562067,1587.652567567963
forecast_4636,2025-07-13 04:00:00,1728.9303153566916,1369.5192205324045,846.3028020103347
forecast_4637,2025-07-13 05:00:00,1454.2489836195407,1043.3118596819609,596.0990808012193
forecast_4638,2025-07-13 06:00:00,1009.3629971814942,942.7859781090169,564.8064528374599
forecast_4639,2025-07-13 07:00:00,984.1948498891513,846.9328709401703,493.9674179298806
forecast_4640,2025-07-13 08:00:00,731.0830106234362,577.2616454144973,262.14834202559035
forecast_4641,2025-07-13 09:00:00,678.9504716557072,535.3317904994332,322.6883226560634
forecast_4642,2025-07-13 10:00:00,429.7401857696427,337.33140987340875,239.70725578312425
forecast_4643,2025-07-13 11:00:00,488.5971749870132,345.0000255263159,287.7010793099467
forecast_4644,2025-07-13 12:00:00,493.38632510438407,351.59680081861364,241.69080826025868
forecast_4645,2025-07-13 13:00:00,587.3342778350637,556.8496074983601,418.7881093049667
forecast_4646,2025-07-13 14:00:00,927.3846614751669,873.1723028124741,535.7011612773923
forecast_4647,2025-07-13 15:00:00,1142.1795214913332,848.7079707307416,563.2959053396371
forecast_4648,2025-07-13 16:00:00,1080.782715477738,847.0392634381357,599.781757668044
forecast_4649,2025-07-13 17:00:00,1720.9076932803641,1355.0278611754322,934.3729923383836
forecast_4650,2025-07-13 18:00:00,3190.2071933232605,2293.865685658954,1590.3844955964178
forecast_4651,2025-07-13 19:00:00,3983.7147525397463,3204.561811455785,2134.650313217301
forecast_4652,2025-07-13 20:00:00,3734.2164427587145,3196.1165626920138,2234.263779757092
forecast_4653,2025-07-13 21:00:00,2951.280835594977,2763.5971978269554,1504.0187525580277
forecast_4654,2025-07-13 22:00:00,2665.7717463030144,2814.2683908086137,1266.5235521101008
forecast_4655,2025-07-13 23:00:00,3077.494302450169,2537.7553668914284,1463.530314665608
forecast_4656,2025-07-14 00:00:00,2757.5984061829727,2331.662060833186,1509.093630300241
forecast_4657,2025-07-14 01:00:00,3769.349143625789,3352.154393676074,2141.688672183651
forecast_4658,2025-07-14 02:00:00,4825.7724908952305,3944.264332694866,1961.6451334180035
forecast_4659,2025-07-14 03:00:00,4692.991737254127,4640.378817809171,2963.2063309225277
forecast_4660,2025-07-14 04:00:00,5077.115749746711,4923.685343447058,2697.451788883786
forecast_4661,2025-07-14 05:00:00,4796.650710553699,5791.786388769798,2848.841389533873
forecast_4662,2025-07-14 06:00:00,6615.87448356843,7396.970485983001,4087.640604312445
forecast_4663,2025-07-14 07:00:00,5643.3584289013925,6596.151689597387,4054.1113759006007
forecast_4664,2025-07-14 08:00:00,4795.873567083233,5265.5049900239,2675.021578364936
forecast_4665,2025-07-14 09:00:00,5253.245077928154,5701.462279071527,3910.8453987506095
forecast_4666,2025-07-14 10:00:00,4547.498514889966,4937.0755182235225,2939.3943129558147
forecast_4667,2025-07-14 11:00:00,4803.586355498925,6305.521523760716,4035.893232441648
forecast_4668,2025-07-14 12:00:00,4111.933403183041,4872.417853436472,3009.6611872460417
forecast_4669,2025-07-14 13:00:00,4622.219660913954,5617.848992188386,3692.1824323238707
forecast_4670,2025-07-14 14:00:00,4868.424843452884,5366.003412180663,3291.0498698865686
forecast_4671,2025-07-14 15:00:00,6515.624112827003,6969.5458780795725,4575.80180950133
forecast_4672,2025-07-14 16:00:00,7351.244078761989,8017.720944788953,6156.275392601958
forecast_4673,2025-07-14 17:00:00,8012.499300920094,8016.279381660844,6087.637316878809
forecast_4674,2025-07-14 18:00:00,8018.462850427506,7998.2469598304415,5883.5593512905325
forecast_4675,2025-07-14 19:00:00,8478.866037014934,7785.8832224902435,4272.688979374024
forecast_4676,2025-07-14 20:00:00,7265.432392919372,6167.568213088735,3373.93792101119
forecast_4677,2025-07-14 21:00:00,5994.23802906349,5440.781906420549,2872.655298188049
forecast_4678,2025-07-14 22:00:00,6089.854465097631,5430.853795671565,3120.214132992571
forecast_4679,2025-07-14 23:00:00,6903.377229971008,6560.88030885562,3323.4278521661386
forecast_4680,2025-07-15 00:00:00,7955.676828823878,7279.26683698661,4429.953339241545
forecast_4681,2025-07-15 01:00:00,13820.251709105269,13183.451455621385,10046.995782618918
forecast_4682,2025-07-15 02:00:00,12125.806033139326,10472.450319914831,9390.979048363344
forecast_4683,2025-07-15 03:00:00,10352.442805104629,9689.924825653858,8645.665306966739
forecast_4684,2025-07-15 04:00:00,9592.683947793876,8818.513516556077,6627.466799622463
forecast_4685,2025-07-15 05:00:00,9782.612887136596,8408.345522904932,6237.418216135803
forecast_4686,2025-07-15 06:00:00,11105.378988488243,9838.056057132697,6828.917856148978
forecast_4687,2025-07-15 07:00:00,8432.23764492795,7207.404594994387,4964.4242036933965
forecast_4688,2025-07-15 08:00:00,6933.5676268928655,5785.716277597059,4072.836175104433
forecast_4689,2025-07-15 09:00:00,7975.979956274123,7404.075539647306,4699.4437323357215
forecast_4690,2025-07-15 10:00:00,6264.018352421287,5670.076506519147,3593.589926965797
forecast_4691,2025-07-15 11:00:00,4122.426300027059,3376.709823154451,2283.628589272471
forecast_4692,2025-07-15 12:00:00,2760.820031241657,2624.030241749288,1721.0439095372776
forecast_4693,2025-07-15 13:00:00,3301.8254117240367,2751.3292366508144,2071.437924791008
forecast_4694,2025-07-15 14:00:00,5920.500410348287,4489.101786853594,2911.985652195523
forecast_4695,2025-07-15 15:00:00,6620.441474589871,5327.892697736643,3683.1505271661686
forecast_4696,2025-07-15 16:00:00,6432.337107516804,4880.253430630572,3304.1313360209033
forecast_4697,2025-07-15 17:00:00,4479.190208266343,4197.3778600654105,2511.751104690377
forecast_4698,2025-07-15 18:00:00,4234.473525363636,3593.472587056685,2401.4730859294714
forecast_4699,2025-07-15 19:00:00,2698.8077403777975,2550.3623031661837,1502.9902355969118
forecast_4700,2025-07-15 20:00:00,3563.4411082387614,3315.183592638399,1725.8358223925109
forecast_4701,2025-07-15 21:00:00,5265.443208735705,5465.47107609829,2844.835473348743
forecast_4702,2025-07-15 22:00:00,5698.710506290754,5728.521489334826,2867.301070482584
forecast_4703,2025-07-15 23:00:00,4749.907924445158,5468.69513510043,2489.864620555955
forecast_4704,2025-07-16 00:00:00,6672.171081224879,7835.779023828517,4231.8848155992155
forecast_4705,2025-07-16 01:00:00,11810.613851670085,11723.097458851775,7985.301533301309
forecast_4706,2025-07-16 02:00:00,12703.048525227032,12363.257746127712,9983.23548092757
forecast_4707,2025-07-16 03:00:00,12651.621592204814,13698.249879302459,11431.78758054223
forecast_4708,2025-07-16 04:00:00,13215.855307170516,14159.255182645868,11823.168629405627
forecast_4709,2025-07-16 05:00:00,11196.127372634199,12044.808774565492,10095.733365732553
forecast_4710,2025-07-16 06:00:00,10981.89120743964,11311.908728557491,9443.617059975142
forecast_4711,2025-07-16 07:00:00,10100.155822005603,9720.096697367102,7355.8794921926865
forecast_4712,2025-07-16 08:00:00,9208.297679683596,8288.10175690157,6318.728038378192
forecast_4713,2025-07-16 09:00:00,6335.147065807727,5735.656369767559,4462.9979637884035
forecast_4714,2025-07-16 10:00:00,5172.359817913613,5184.233829036686,4515.804109246927
forecast_4715,2025-07-16 11:00:00,4334.791983353085,4868.525075376422,3652.9401100440878
forecast_4716,2025-07-16 12:00:00,4298.057806035238,4900.316102435525,3582.63401155918
forecast_4717,2025-07-16 13:00:00,5491.058355818078,6440.861442533271,4478.853920063877
forecast_4718,2025-07-16 14:00:00,5455.609789070181,5496.10651345406,3890.1255585692475
forecast_4719,2025-07-16 15:00:00,5276.920778993159,5241.195935806424,2677.616795570939
forecast_4720,2025-07-16 16:00:00,4778.887986916205,5727.20436800007,3070.1015973066883
forecast_4721,2025-07-16 17:00:00,6064.345802198403,6294.740060093458,3878.256277358211
forecast_4722,2025-07-16 18:00:00,5608.244635849369,6401.95091340447,3650.8819321112105
forecast_4723,2025-07-16 19:00:00,4561.239829354306,5897.172616956086,2895.548458431392
forecast_4724,2025-07-16 20:00:00,3909.5828132789425,4775.434832389179,2663.477931379787
forecast_4725,2025-07-16 21:00:00,4475.299938222966,5249.69036444435,2777.6429142107813
forecast_4726,2025-07-16 22:00:00,5996.37006502554,6939.414926773154,3905.006311290819
forecast_4727,2025-07-16 23:00:00,8453.105663646464,9387.344273286686,4865.864016149611
forecast_4728,2025-07-17 00:00:00,10980.986808410977,12127.124353207755,7423.855716930647
forecast_4729,2025-07-17 01:00:00,13555.039954785758,14171.545095116493,10654.108115446586
forecast_4730,2025-07-17 02:00:00,13803.678973798756,14293.477786597692,11281.521679676773
forecast_4731,2025-07-17 03:00:00,13449.27535441093,13927.377886451613,10747.85599461967
forecast_4732,2025-07-17 04:00:00,11346.851003770265,12563.161225735837,8109.545865878904
forecast_4733,2025-07-17 05:00:00,10503.763363275497,11776.113075511374,7767.583857965526
forecast_4734,2025-07-17 06:00:00,10744.377527089453,11320.871582742928,7136.644473645364
forecast_4735,2025-07-17 07:00:00,11719.163500040479,13043.196328671671,9122.256525295079
forecast_4736,2025-07-17 08:00:00,11107.361725073257,12492.053443017356,9992.297007561172
forecast_4737,2025-07-17 09:00:00,10453.467573417774,11671.487235692499,8919.862888064352
forecast_4738,2025-07-17 10:00:00,10917.706487362151,12132.838618782178,9096.345864019811
forecast_4739,2025-07-17 11:00:00,9570.192239102214,11100.369061104691,8076.496115325202
forecast_4740,2025-07-17 12:00:00,9126.704447770951,10818.8823585947,7055.270525793766
forecast_4741,2025-07-17 13:00:00,9192.817094640139,11551.315474068679,7788.174983680948
forecast_4742,2025-07-17 14:00:00,9993.485710892859,11848.87183906587,8312.407469040356
forecast_4743,2025-07-17 15:00:00,9957.25510803086,11369.90582118692,7950.9594072795935
forecast_4744,2025-07-17 16:00:00,9205.85508403713,10432.403723319374,6629.346612148591
forecast_4745,2025-07-17 17:00:00,7862.382169085933,9394.988418752528,6097.123514756005
forecast_4746,2025-07-17 18:00:00,6976.956541515003,8645.21066260497,4889.966922987778
forecast_4747,2025-07-17 19:00:00,7403.014346612284,9069.07682993906,5057.246892783335
forecast_4748,2025-07-17 20:00:00,6207.065233903359,7808.459876114479,4653.599169723032
forecast_4749,2025-07-17 21:00:00,8474.69849825021,10006.24256783993,5794.791918601479
forecast_4750,2025-07-17 22:00:00,7414.163327193316,9073.51990094129,5030.686937156199
forecast_4751,2025-07-17 23:00:00,8783.196348715514,10476.35357148917,5696.162199083467
forecast_4752,2025-07-18 00:00:00,9387.16859490805,10525.34384806043,5627.058355538313
forecast_4753,2025-07-18 01:00:00,9630.986276621396,11693.588696783778,7022.571640240176
forecast_4754,2025-07-18 02:00:00,8699.431234743399,10351.598656970218,6231.164258507796
forecast_4755,2025-07-18 03:00:00,9031.913625790381,10583.339437331928,7675.252840254285
forecast_4756,2025-07-18 04:00:00,9531.0993214217,11101.764034191603,6775.075565011501
forecast_4757,2025-07-18 05:00:00,9498.5069969437,11108.95704947452,7116.03634140662
forecast_4758,2025-07-18 06:00:00,9231.850799179634,10574.719177521756,6045.7629143676195
forecast_4759,2025-07-18 07:00:00,8781.23010248776,10963.604411938053,5808.266909960212
forecast_4760,2025-07-18 08:00:00,7826.310972828628,10038.992741233682,5063.411551020449
forecast_4761,2025-07-18 09:00:00,8865.880869500887,10217.697492373176,5711.7828873705175
forecast_4762,2025-07-18 10:00:00,7936.977743062642,9968.449485452962,5424.537178339582
forecast_4763,2025-07-18 11:00:00,6134.390712387996,6750.02901731702,3973.5160995272854
forecast_4764,2025-07-18 12:00:00,4462.395903164133,4365.560353582947,2397.2482514231388
forecast_4765,2025-07-18 13:00:00,2328.2427682122247,2802.1559880638056,1152.1767953069957
forecast_4766,2025-07-18 14:00:00,2765.2529631937364,2837.2033489397963,1348.6342968559818
forecast_4767,2025-07-18 15:00:00,4190.328278459358,4321.132132033039,2996.1999795610645
forecast_4768,2025-07-18 16:00:00,2816.4140862353106,3053.464441672671,1501.4193349638672
forecast_4769,2025-07-18 17:00:00,6663.1823319655705,6977.164535532978,4291.250169685834
forecast_4770,2025-07-18 18:00:00,7010.615414677814,7296.45357667263,4503.980096581071
forecast_4771,2025-07-18 19:00:00,6560.467179236785,7407.065925236467,4477.135445304373
forecast_4772,2025-07-18 20:00:00,7609.492858747412,9006.895132430953,4953.341552489591
forecast_4773,2025-07-18 21:00:00,7370.864700759336,8429.702946555431,4964.981540949688
forecast_4774,2025-07-18 22:00:00,7903.806711524253,9709.908673276721,6305.19722216375
forecast_4775,2025-07-18 23:00:00,8693.385851430383,10242.330970769892,6017.4114367042985
forecast_4776,2025-07-19 00:00:00,9293.375001720167,10456.125007415156,6038.859320198938
forecast_4777,2025-07-19 01:00:00,8633.994560370944,10097.079432788569,6129.659114348139
forecast_4778,2025-07-19 02:00:00,7530.799783607307,8691.45609172699,5490.181429864976
forecast_4779,2025-07-19 03:00:00,6769.398780477502,7823.666721823074,4631.852498677467
forecast_4780,2025-07-19 04:00:00,5590.66059960525,6881.347205049497,3966.914411368959
forecast_4781,2025-07-19 05:00:00,4596.515205958029,5298.686702342488,3466.1525275648537
forecast_4782,2025-07-19 06:00:00,4791.960704053745,5658.502317789781,3209.5477522971983
forecast_4783,2025-07-19 07:00:00,5667.856336514589,6168.251367654303,3250.9880654569088
forecast_4784,2025-07-19 08:00:00,6059.649716111249,6227.444159102756,3547.830575053325
forecast_4785,2025-07-19 09:00:00,4631.744020998015,4936.560788041885,3829.6688382516363
forecast_4786,2025-07-19 10:00:00,5384.972267717924,6397.552872792525,4258.667476487528
forecast_4787,2025-07-19 11:00:00,7617.468423284549,9760.147153953154,5494.774989846349
forecast_4788,2025-07-19 12:00:00,7772.094676625909,9834.57124777974,6160.572529087619
forecast_4789,2025-07-19 13:00:00,7865.697368007212,8834.371301968105,5777.584498497704
forecast_4790,2025-07-19 14:00:00,9159.213414722833,10848.685983660325,7579.702046127366
forecast_4791,2025-07-19 15:00:00,9289.129131928608,11200.578943632874,8457.639559949133
forecast_4792,2025-07-19 16:00:00,9384.09228780979,11830.915260966423,8811.514901260227
forecast_4793,2025-07-19 17:00:00,9647.393055577475,11506.723751727439,8617.320903038051
forecast_4794,2025-07-19 18:00:00,9304.38464138994,10791.970569023184,8850.84240032725
forecast_4795,2025-07-19 19:00:00,9574.98667923224,10391.053027445856,8994.19051152885
forecast_4796,2025-07-19 20:00:00,9832.960562932758,10691.608793901967,8300.781403118091
forecast_4797,2025-07-19 21:00:00,10093.771659136015,11239.159838171166,8355.32195121025
forecast_4798,2025-07-19 22:00:00,10953.753142723399,12388.002842004646,9366.289993079483
forecast_4799,2025-07-19 23:00:00,9607.662061830451,10603.168561261622,7241.138001891689
forecast_4800,2025-07-20 00:00:00,9477.686749362134,10909.60212020607,7104.671137881571
forecast_4801,2025-07-20 01:00:00,10365.408460923376,12342.17933543118,8666.877570045772
forecast_4802,2025-07-20 02:00:00,11099.861660893232,13199.810115825005,9976.711578031613
forecast_4803,2025-07-20 03:00:00,11368.635637210176,13458.257504799525,9818.361714113982
forecast_4804,2025-07-20 04:00:00,11503.922600501797,13342.763739621783,9920.869217448739
forecast_4805,2025-07-20 05:00:00,10301.345720106025,13303.256561015709,9668.245237035228
forecast_4806,2025-07-20 06:00:00,10712.534285138294,12995.349250019277,8749.717407899268
forecast_4807,2025-07-20 07:00:00,9395.987637967892,12113.882950166873,7877.85761308608
forecast_4808,2025-07-20 08:00:00,8605.360443393958,11638.422905374238,7018.440614116144
forecast_4809,2025-07-20 09:00:00,7645.138959698255,10048.031395584347,6209.2359491373345
forecast_4810,2025-07-20 10:00:00,7456.270999337441,9396.226038747789,6489.494853128567
forecast_4811,2025-07-20 11:00:00,6794.881091968731,6235.528689365624,5787.705704020778
forecast_4812,2025-07-20 12:00:00,5335.12312411171,5160.164386569329,4692.866557161917
forecast_4813,2025-07-20 13:00:00,4589.266523556274,5461.247640921977,3950.491823997043
forecast_4814,2025-07-20 14:00:00,4830.614213482142,5403.729129909756,3627.3737012003007
forecast_4815,2025-07-20 15:00:00,4542.5603003056885,5164.932777925551,3589.624676896337
forecast_4816,2025-07-20 16:00:00,4846.88007357545,4961.075530038546,3678.601958879462
forecast_4817,2025-07-20 17:00:00,4843.552457613125,5104.867487754429,3995.3977466092806
forecast_4818,2025-07-20 18:00:00,5857.542212838764,5974.547245426162,3661.802530726801
forecast_4819,2025-07-20 19:00:00,9708.70681210747,9372.970089209877,6050.792518504165
forecast_4820,2025-07-20 20:00:00,10326.23246750432,9821.68732735039,6907.574714774455
forecast_4821,2025-07-20 21:00:00,10458.047531562112,10161.00196342686,7394.711377475895
forecast_4822,2025-07-20 22:00:00,11184.02376556677,11327.650909424034,8870.53486602672
forecast_4823,2025-07-20 23:00:00,11689.451031404862,10925.127025356342,8373.43429807643
forecast_4824,2025-07-21 00:00:00,11312.859029891364,11623.09825709701,8258.487247355935
forecast_4825,2025-07-21 01:00:00,11038.683853013028,11450.195366185286,7663.793324816501
forecast_4826,2025-07-21 02:00:00,11897.635671482583,11973.771238496804,7823.573279661658
forecast_4827,2025-07-21 03:00:00,11349.14188863249,11714.10222511452,7169.860874115318
forecast_4828,2025-07-21 04:00:00,9355.720994528125,10003.927636136448,6298.191640725036
forecast_4829,2025-07-21 05:00:00,9958.246318836378,9546.629616281187,6495.309109313862
forecast_4830,2025-07-21 06:00:00,9760.323792860912,9581.953962569025,6195.068515507402
forecast_4831,2025-07-21 07:00:00,10896.130645432107,9703.65407499303,7175.878607071664
forecast_4832,2025-07-21 08:00:00,11399.796598604742,10579.986465533768,6948.321717356024
forecast_4833,2025-07-21 09:00:00,11185.72088907484,11264.234246059346,7308.178073347982
forecast_4834,2025-07-21 10:00:00,8180.6732256272735,8689.21955789752,6016.51460880002
forecast_4835,2025-07-21 11:00:00,6033.2331474959565,6035.872753686009,5411.0845483181
forecast_4836,2025-07-21 12:00:00,5597.811318169636,5357.6652369945905,4479.014781502043
forecast_4837,2025-07-21 13:00:00,5339.33442246874,5346.761950231282,4495.9317253879735
forecast_4838,2025-07-21 14:00:00,5584.966330769876,4732.042463782222,4249.322119702775
forecast_4839,2025-07-21 15:00:00,5573.409940994555,4795.629101812792,4433.113392227138
forecast_4840,2025-07-21 16:00:00,5449.69714395824,4839.400080222337,3654.8129070900577
forecast_4841,2025-07-21 17:00:00,5577.492179495676,6255.155816401805,4297.430296098071
forecast_4842,2025-07-21 18:00:00,7004.261444952397,7546.990963482744,5053.263751285263
forecast_4843,2025-07-21 19:00:00,10577.162269114462,9705.923135959452,7172.085637929078
forecast_4844,2025-07-21 20:00:00,11112.144612242197,9933.473648602589,7257.0879584817785
forecast_4845,2025-07-21 21:00:00,13735.571239731842,12121.335638689792,8544.982196119849
forecast_4846,2025-07-21 22:00:00,15838.396656063685,13653.118055415214,9941.719900589942
forecast_4847,2025-07-21 23:00:00,14934.743204979142,13372.794899213459,10010.541154869541
forecast_4848,2025-07-22 00:00:00,14538.527029099381,12687.524361663453,9332.150829056682
forecast_4849,2025-07-22 01:00:00,12780.897055335703,12977.959815572107,8293.823888515835
forecast_4850,2025-07-22 02:00:00,14081.447798214469,13684.952104186552,10086.42371651367
forecast_4851,2025-07-22 03:00:00,14795.394636796927,13975.936718295841,10200.36396411797
forecast_4852,2025-07-22 04:00:00,14200.729015628853,13222.867064206057,9678.516089592613
forecast_4853,2025-07-22 05:00:00,14657.32548340574,13373.000054880185,9965.710079821347
forecast_4854,2025-07-22 06:00:00,14424.906437949214,13507.385352267896,9027.064758083758
forecast_4855,2025-07-22 07:00:00,12625.190774360397,11877.773060595007,8693.75589628603
forecast_4856,2025-07-22 08:00:00,10967.495373869619,11563.386725603385,8362.4328653152
forecast_4857,2025-07-22 09:00:00,8722.183996819636,9349.67486239572,6390.353179314282
forecast_4858,2025-07-22 10:00:00,6959.78160558536,6966.76776108306,4264.67366211064
forecast_4859,2025-07-22 11:00:00,5276.553681747182,4666.138885921713,2977.021653328617
forecast_4860,2025-07-22 12:00:00,3026.362553035857,2808.173569303671,1788.5955214221167
forecast_4861,2025-07-22 13:00:00,3005.6032033693236,2609.6154110300968,1829.0791149461384
forecast_4862,2025-07-22 14:00:00,3166.9625188959803,2710.8861367913787,1996.072622872189
forecast_4863,2025-07-22 15:00:00,3114.8525687579513,2947.9698330757815,2060.4302042366116
forecast_4864,2025-07-22 16:00:00,3057.75580220689,2789.442144153005,2100.1100025678097
forecast_4865,2025-07-22 17:00:00,3005.6540642807063,2928.948428473511,1906.8408442722052
forecast_4866,2025-07-22 18:00:00,2559.347331913362,2288.6330373850496,1535.1249172049281
forecast_4867,2025-07-22 19:00:00,2969.8720350591634,2404.9392429194595,1671.050676021008
forecast_4868,2025-07-22 20:00:00,4701.9863540390725,3756.342464948507,2873.9668074071215
forecast_4869,2025-07-22 21:00:00,6581.126237844037,5387.103898701629,3737.436788389487
forecast_4870,2025-07-22 22:00:00,7353.605510585559,6134.8384981569225,4059.9918146323107
forecast_4871,2025-07-22 23:00:00,8842.020182480486,7179.207135058453,4673.455278012349
forecast_4872,2025-07-23 00:00:00,9068.569696121442,6896.406344605158,4778.955727356741
forecast_4873,2025-07-23 01:00:00,9388.791694383275,7431.06755878667,5414.341444615028
forecast_4874,2025-07-23 02:00:00,10048.65347193155,9038.525811526924,6005.7893492957355
forecast_4875,2025-07-23 03:00:00,10696.587897082361,9610.91247138234,6159.557161388287
forecast_4876,2025-07-23 04:00:00,10354.244823829931,8677.921729175157,4963.3388254077545
forecast_4877,2025-07-23 05:00:00,8236.877456504862,7247.477309831951,4009.9871259573147
forecast_4878,2025-07-23 06:00:00,7533.132333053634,6266.423651202198,3354.929369632665
forecast_4879,2025-07-23 07:00:00,6336.845407250682,4982.226699014195,2955.4055019870507
forecast_4880,2025-07-23 08:00:00,5899.336576871054,3918.7916132585497,2371.566250915508
forecast_4881,2025-07-23 09:00:00,3966.5817126150214,2928.589665815354,1854.0582418222903
forecast_4882,2025-07-23 10:00:00,1116.1206556593406,839.218908041982,600.5262305945239
forecast_4883,2025-07-23 11:00:00,844.7539039052201,544.4372546242967,457.72185512419367
forecast_4884,2025-07-23 12:00:00,428.9354845239438,311.5251106933429,235.4249917460584
forecast_4885,2025-07-23 13:00:00,310.0079326128333,318.32203070877006,294.2452025054405
forecast_4886,2025-07-23 14:00:00,286.17032640989856,232.42887107891613,269.4001736200563
forecast_4887,2025-07-23 15:00:00,708.4639241314068,550.4594093372853,410.7949763233444
forecast_4888,2025-07-23 16:00:00,696.5779247195696,595.5947572587233,406.39080883673864
forecast_4889,2025-07-23 17:00:00,542.4488245316757,678.3065869447599,371.40085520404904
forecast_4890,2025-07-23 18:00:00,646.9806553508403,909.0145887116956,364.2932384517933
forecast_4891,2025-07-23 19:00:00,1283.5160374805155,1316.8916552798198,515.232899266297
forecast_4892,2025-07-23 20:00:00,1182.8291362639484,1090.4551592563369,575.583797350611
forecast_4893,2025-07-23 21:00:00,2701.188037272972,2892.0621512375997,1371.9221976934869
forecast_4894,2025-07-23 22:00:00,3971.725996767422,4196.492259067122,2459.6176187135784
forecast_4895,2025-07-23 23:00:00,4762.860868364749,4322.830122750997,2873.677607135281
forecast_4896,2025-07-24 00:00:00,5389.768894721991,5162.271599571459,3073.598004630806
forecast_4897,2025-07-24 01:00:00,6635.554142936812,5651.26742669951,3268.4828470074467
forecast_4898,2025-07-24 02:00:00,7793.939001043396,6518.300570865409,4149.672570484226
forecast_4899,2025-07-24 03:00:00,8389.120887060704,7140.931042925592,4494.505550884728
forecast_4900,2025-07-24 04:00:00,8993.540353386774,7893.079084968494,4746.020820379657
forecast_4901,2025-07-24 05:00:00,7729.891966652321,7164.746600415507,4006.6193256016786
forecast_4902,2025-07-24 06:00:00,6937.731427069882,5672.670693460151,3265.6229037896487
forecast_4903,2025-07-24 07:00:00,4950.449459533912,3722.925394264099,1895.8389659056686
forecast_4904,2025-07-24 08:00:00,1723.6296648381622,1172.3392659510243,478.66606567654736
forecast_4905,2025-07-24 09:00:00,527.4434912204739,347.8667062875367,134.76174606504972
forecast_4906,2025-07-24 10:00:00,207.57026430014005,171.46451942146615,73.7502561687673
forecast_4907,2025-07-24 11:00:00,117.91148249054528,125.42396172446836,69.30119827701131
forecast_4908,2025-07-24 12:00:00,127.95548772377458,112.0646246597438,86.83047636217277
forecast_4909,2025-07-24 13:00:00,149.83141702279622,162.0715394284228,109.25926436585144
forecast_4910,2025-07-24 14:00:00,204.03414712950126,248.17814616694494,221.4371128952924
forecast_4911,2025-07-24 15:00:00,283.14741108273756,246.21849252866576,147.43377044738142
forecast_4912,2025-07-24 16:00:00,416.0529241269601,272.5388453801238,193.87118237668807
forecast_4913,2025-07-24 17:00:00,286.1560192963727,207.9973856615815,158.85341646701988
forecast_4914,2025-07-24 18:00:00,446.2370560626352,315.67682878268886,153.8955635851335
forecast_4915,2025-07-24 19:00:00,498.94996108468683,432.3790751133225,162.08260204206562
forecast_4916,2025-07-24 20:00:00,910.2919878319805,914.2644073655354,422.0215103594354
forecast_4917,2025-07-24 21:00:00,1076.3791395672083,1028.904598147861,315.2906771749923
forecast_4918,2025-07-24 22:00:00,1526.5553828125333,1348.135025598236,637.3714693541178
forecast_4919,2025-07-24 23:00:00,1902.977209715539,1600.8387768841528,835.4603024147569
forecast_4920,2025-07-25 00:00:00,1739.2853643249418,1411.3258266923865,793.0293952387345
forecast_4921,2025-07-25 01:00:00,2524.6461802801123,2244.186045746628,1501.6930475277097
forecast_4922,2025-07-25 02:00:00,3814.39599408517,3808.5931104338265,2008.7758692513112
forecast_4923,2025-07-25 03:00:00,4065.968694296881,3522.321090519161,2078.854160825099
forecast_4924,2025-07-25 04:00:00,3232.661071502258,2750.5725515264226,1943.803352709262
forecast_4925,2025-07-25 05:00:00,4120.43351133321,3352.338008745978,2356.039552019028
forecast_4926,2025-07-25 06:00:00,2954.194023594323,2752.0926232751744,1521.0989785138554
forecast_4927,2025-07-25 07:00:00,1853.7593524226982,1714.6084092406388,935.1804280228466
forecast_4928,2025-07-25 08:00:00,777.2196809347007,674.6643229368985,380.21417721694735
forecast_4929,2025-07-25 09:00:00,561.140644405219,457.3008870542749,266.3678896796232
forecast_4930,2025-07-25 10:00:00,403.3175784815053,346.99914707428235,228.48110965460788
forecast_4931,2025-07-25 11:00:00,226.46863663187017,240.87802055160054,145.98114625970584
forecast_4932,2025-07-25 12:00:00,163.00548331012175,201.32879200177743,137.96282226006412
forecast_4933,2025-07-25 13:00:00,140.1540239883178,169.09335099197924,106.16334651607306
forecast_4934,2025-07-25 14:00:00,202.83199097127218,249.588609522076,131.88178790924258
forecast_4935,2025-07-25 15:00:00,242.3557828030464,311.910737647234,178.86997919283934
forecast_4936,2025-07-25 16:00:00,643.6694038039421,499.6548521651137,266.2953850256342
forecast_4937,2025-07-25 17:00:00,523.0055646183399,601.5365334921166,469.6074624864897
forecast_4938,2025-07-25 18:00:00,999.4582184966766,920.6931304125071,484.83135069551207
forecast_4939,2025-07-25 19:00:00,1450.1409952824104,1516.004066948116,991.8134310932451
forecast_4940,2025-07-25 20:00:00,1875.8022060232627,1579.0034304803803,1246.053510433802
forecast_4941,2025-07-25 21:00:00,2184.266460164886,2363.546568146956,1401.0194138501022
forecast_4942,2025-07-25 22:00:00,2776.0263790874365,2926.174745610444,1905.6985498859103
forecast_4943,2025-07-25 23:00:00,3387.0044068612797,3341.3378848106304,2365.3731831356517
forecast_4944,2025-07-26 00:00:00,5517.5987709073415,4520.998697307153,3278.1588743540706
forecast_4945,2025-07-26 01:00:00,8078.938088288333,7379.4589997733565,5693.839768543082
forecast_4946,2025-07-26 02:00:00,7455.2053091989455,7091.420451491237,5281.975810016528
forecast_4947,2025-07-26 03:00:00,7010.780605601037,6149.967517143709,4885.664307497578
forecast_4948,2025-07-26 04:00:00,6114.593833675121,5629.729584704328,4232.504228451204
forecast_4949,2025-07-26 05:00:00,4598.5890089321165,3840.3223269942855,2481.540412936286
forecast_4950,2025-07-26 06:00:00,3180.6790118412896,2461.5643217330053,1567.0726576797522
forecast_4951,2025-07-26 07:00:00,1965.517718457886,1579.8422851559733,1229.677946712985
forecast_4952,2025-07-26 08:00:00,1281.0772587887016,1188.8165293455247,576.2419000905383
forecast_4953,2025-07-26 09:00:00,679.6116724080106,681.3262033898847,334.7179656617029
forecast_4954,2025-07-26 10:00:00,580.2391843846217,549.2751155514238,397.3895830625985
forecast_4955,2025-07-26 11:00:00,427.3494003326207,392.8350175913847,257.875643433763
forecast_4956,2025-07-26 12:00:00,194.78567227395607,217.09891345569878,157.5702675640904
forecast_4957,2025-07-26 13:00:00,172.4588135861795,196.36410125083066,146.3458711886484
forecast_4958,2025-07-26 14:00:00,251.20241002500023,274.57888613571714,170.4907072932069
forecast_4959,2025-07-26 15:00:00,285.843661731563,344.37505484500485,183.97626183800833
forecast_4960,2025-07-26 16:00:00,411.58865119125426,405.5231252488944,223.70470938904572
forecast_4961,2025-07-26 17:00:00,273.7389415074864,234.95615403106942,204.303128596559
forecast_4962,2025-07-26 18:00:00,460.5964084876643,460.15936346243257,275.0633964507362
forecast_4963,2025-07-26 19:00:00,1005.8666172697098,916.4000221268313,489.08880877651575
forecast_4964,2025-07-26 20:00:00,1306.5230230964742,1128.8312269033388,482.45357410858804
forecast_4965,2025-07-26 21:00:00,1474.1564963306225,1184.191832739221,655.1135367312352
forecast_4966,2025-07-26 22:00:00,1935.4429537104982,1772.4405545564396,1024.7292588755436
forecast_4967,2025-07-26 23:00:00,3745.950229219508,3704.2230037426248,2460.239030213915
forecast_4968,2025-07-27 00:00:00,7396.245627148419,5704.500133219148,4370.010813445803
forecast_4969,2025-07-27 01:00:00,9808.86692847216,8126.979072115797,5749.8562351744085
forecast_4970,2025-07-27 02:00:00,8839.77222785459,7374.917190562237,4914.353549862462
forecast_4971,2025-07-27 03:00:00,7277.211431322853,6255.347847246592,3983.5747397326836
forecast_4972,2025-07-27 04:00:00,7028.447691132064,6304.292109226708,4434.218693832364
forecast_4973,2025-07-27 05:00:00,6511.342540526615,5611.035461705696,4309.079544832603
forecast_4974,2025-07-27 06:00:00,7305.591134701163,6308.034134260196,4674.8526359853595
forecast_4975,2025-07-27 07:00:00,6041.845741841723,5529.811360240553,3056.579889939721
forecast_4976,2025-07-27 08:00:00,5026.875807762995,4163.691031912606,2365.9379221334616
forecast_4977,2025-07-27 09:00:00,2853.0273967410394,2484.255551207358,1410.8617357275373
forecast_4978,2025-07-27 10:00:00,1819.7002281753187,1631.8024695492354,1083.4464903424328
forecast_4979,2025-07-27 11:00:00,1328.5318636567206,1220.8376678200796,916.1993017141735
forecast_4980,2025-07-27 12:00:00,1143.1946571638466,1153.3982406976018,1053.1806845943825
forecast_4981,2025-07-27 13:00:00,1016.1131262188736,1150.134095633993,1022.4448846146507
forecast_4982,2025-07-27 14:00:00,1100.0150617327404,1205.353911486954,1107.3231858747067
forecast_4983,2025-07-27 15:00:00,1380.6312690296375,1420.2712333004974,1539.2285598538547
forecast_4984,2025-07-27 16:00:00,2038.43510369922,2315.4848813172066,1887.163018905763
forecast_4985,2025-07-27 17:00:00,2131.341325280458,2426.9982457182723,2032.6658429871218
forecast_4986,2025-07-27 18:00:00,1818.8674921436825,2152.95991578952,1856.0396796869218
forecast_4987,2025-07-27 19:00:00,3931.692730329137,3523.4424446854064,2687.4541747334465
forecast_4988,2025-07-27 20:00:00,5890.01880608957,4501.039113516245,3478.3657084433576
forecast_4989,2025-07-27 21:00:00,6243.560202950933,5138.732936191411,3786.6125475357117
forecast_4990,2025-07-27 22:00:00,7844.078665693963,6716.963770167449,4901.764449406197
forecast_4991,2025-07-27 23:00:00,8874.749405004535,7425.983746297165,5671.399840021253
forecast_4992,2025-07-28 00:00:00,9546.938185889252,8063.933091932102,6123.683962645975
forecast_4993,2025-07-28 01:00:00,10777.817181499857,8498.028672983633,6293.6481685603785
forecast_4994,2025-07-28 02:00:00,11482.829210042955,8542.325118245004,7091.797382379973
forecast_4995,2025-07-28 03:00:00,11086.969146752177,9209.475974573446,7131.787752420219
forecast_4996,2025-07-28 04:00:00,11668.613839409483,9515.138266184844,6766.159480353824
forecast_4997,2025-07-28 05:00:00,10914.674572753245,9172.576236130033,6293.760278556971
forecast_4998,2025-07-28 06:00:00,9407.639317938736,7470.064262512664,5003.672206458835
forecast_4999,2025-07-28 07:00:00,6946.823345656338,5180.486399312657,3667.5330710914345
forecast_5000,2025-07-28 08:00:00,6593.1164349793125,4251.29007718529,2506.508960513037
forecast_5001,2025-07-28 09:00:00,3903.529264579834,3041.4557896129377,1755.4447837232049
forecast_5002,2025-07-28 10:00:00,1182.548388446844,979.5514354264736,536.2037809174072
forecast_5003,2025-07-28 11:00:00,475.55105573297715,368.2542099794225,239.97426030128744
forecast_5004,2025-07-28 12:00:00,206.78566389268133,240.05526537764422,241.00021361154975
forecast_5005,2025-07-28 13:00:00,705.2458306684678,563.2037622015704,432.3197354670713
forecast_5006,2025-07-28 14:00:00,604.1114601817462,481.27117891357426,389.50780903773625
forecast_5007,2025-07-28 15:00:00,268.34382645289907,251.97910613625655,218.6846790588038
forecast_5008,2025-07-28 16:00:00,424.2358475078711,424.07235174379485,335.29287357780663
forecast_5009,2025-07-28 17:00:00,530.4872954728338,309.3946752266604,349.23543716135333
forecast_5010,2025-07-28 18:00:00,592.3603189585821,346.7865938358031,330.4518596198085
forecast_5011,2025-07-28 19:00:00,462.6353330033292,533.3153772355058,302.83510101731844
forecast_5012,2025-07-28 20:00:00,526.2548395010782,570.5195392235943,257.5296054037613
forecast_5013,2025-07-28 21:00:00,855.9593272099127,924.0268351910495,359.77913326136775
forecast_5014,2025-07-28 22:00:00,1019.9876265022284,849.3798630830483,420.7320784468775
forecast_5015,2025-07-28 23:00:00,686.95823436414,632.7730579468695,345.5193922016644
forecast_5016,2025-07-29 00:00:00,763.8299922073331,669.8040358999492,421.2784288942949
forecast_5017,2025-07-29 01:00:00,2092.6158306043785,2024.0557189313945,1164.660924685317
forecast_5018,2025-07-29 02:00:00,2469.7951531782905,1937.1262443978435,1338.0404283013793
forecast_5019,2025-07-29 03:00:00,2391.286536410293,2208.219199361382,1102.2909394176604
forecast_5020,2025-07-29 04:00:00,1984.58073373196,1739.3940879966178,935.3512302322845
forecast_5021,2025-07-29 05:00:00,1616.4020344833546,1617.888333243977,852.4825804700214
forecast_5022,2025-07-29 06:00:00,1037.1906042280812,942.1363022694757,587.1136449253588
forecast_5023,2025-07-29 07:00:00,501.8234668241676,373.24435941669697,235.70194379954725
forecast_5024,2025-07-29 08:00:00,335.0047760237334,305.01589021967055,132.7067976344934
forecast_5025,2025-07-29 09:00:00,280.7169319206699,155.02406584885375,75.09180714302809
forecast_5026,2025-07-29 10:00:00,173.57022324977015,107.79821493255487,60.53251711001831
forecast_5027,2025-07-29 11:00:00,137.70018719900798,133.5613037242465,75.14918657178012
forecast_5028,2025-07-29 12:00:00,150.42542888435375,186.9651281206313,112.07725261837219
forecast_5029,2025-07-29 13:00:00,242.54335962542612,248.44880268190823,185.12964277478738
forecast_5030,2025-07-29 14:00:00,227.91139293387022,211.05394878515528,123.97271137019861
forecast_5031,2025-07-29 15:00:00,215.83401129886178,204.6584470051868,140.71439272481396
forecast_5032,2025-07-29 16:00:00,222.3689939043278,205.83587829437354,175.9402071951089
forecast_5033,2025-07-29 17:00:00,303.14102135091366,217.65097475802494,156.1916048899557
forecast_5034,2025-07-29 18:00:00,332.20070385262835,294.0719433416393,165.51209229739814
forecast_5035,2025-07-29 19:00:00,330.9245246634075,287.1172901610534,254.27769493564077
forecast_5036,2025-07-29 20:00:00,584.2631344164657,398.2104277536156,288.68897207937613
forecast_5037,2025-07-29 21:00:00,754.7827473739974,630.5778788763643,302.24162021562984
forecast_5038,2025-07-29 22:00:00,1140.6051328074518,1131.9587329314838,458.7931247725861
forecast_5039,2025-07-29 23:00:00,1530.0075417128571,1706.3265546229113,604.2987037625047
forecast_5040,2025-07-30 00:00:00,2302.117915461332,1949.6552656366675,1369.587672344841
forecast_5041,2025-07-30 01:00:00,1696.0861409176991,1536.3261697548587,931.5228152281824
forecast_5042,2025-07-30 02:00:00,2043.1384022838665,1693.4913542948048,1004.3189814964262
forecast_5043,2025-07-30 03:00:00,2036.2972611634602,1683.069686912528,856.6547803554216
forecast_5044,2025-07-30 04:00:00,1757.4786314057476,1321.4711009503665,845.2964060777277
forecast_5045,2025-07-30 05:00:00,740.7436675808026,748.6843004888518,386.6514128239554
forecast_5046,2025-07-30 06:00:00,672.8879521478799,729.6773104737052,290.56983248745803
forecast_5047,2025-07-30 07:00:00,701.8869422074262,649.0825572592945,304.39361320517
forecast_5048,2025-07-30 08:00:00,368.6641089287769,340.2041815459891,98.84024842454232
forecast_5049,2025-07-30 09:00:00,307.4279914511838,265.55469834491964,82.35243401202003
forecast_5050,2025-07-30 10:00:00,248.29486479804564,143.04170030456555,90.1145880771874
forecast_5051,2025-07-30 11:00:00,286.49769465074337,230.6558522435848,137.01727193189052
forecast_5052,2025-07-30 12:00:00,262.74575621664536,244.5254282836239,153.55991071053842
forecast_5053,2025-07-30 13:00:00,295.1174722865006,240.948540134035,211.86984546632704
forecast_5054,2025-07-30 14:00:00,335.84831355988246,299.5583042127801,294.042353237549
forecast_5055,2025-07-30 15:00:00,305.92270810645203,321.35170749365506,245.7388250596894
forecast_5056,2025-07-30 16:00:00,378.94511306502824,293.4871869602434,260.53024882520356
forecast_5057,2025-07-30 17:00:00,545.653288970021,435.25645447653903,324.5022173332183
forecast_5058,2025-07-30 18:00:00,652.1592648303866,563.3131226614993,277.3569478801473
forecast_5059,2025-07-30 19:00:00,671.8491080560507,631.250918027419,235.3669893137692
forecast_5060,2025-07-30 20:00:00,1035.8696920206578,779.2471913957502,243.78410467103882
forecast_5061,2025-07-30 21:00:00,1533.7905595301131,1343.74055617736,446.3250460596972
forecast_5062,2025-07-30 22:00:00,1871.4007789484547,1683.8705047483625,543.7054582872883
forecast_5063,2025-07-30 23:00:00,1881.8080309643167,1857.244618047995,558.5107031203822
forecast_5064,2025-07-31 00:00:00,1795.3181514510452,1639.7947664512776,569.023854398689
forecast_5065,2025-07-31 01:00:00,2432.528851459241,2596.883086822974,972.3929025299419
forecast_5066,2025-07-31 02:00:00,3190.367738809319,2865.256116663734,1133.110519011192
forecast_5067,2025-07-31 03:00:00,3411.336960371248,3056.066829524123,1418.1426202504053
forecast_5068,2025-07-31 04:00:00,3383.6729605433684,3456.3670283291726,1399.033462234673
forecast_5069,2025-07-31 05:00:00,2847.511842841273,2928.163051317413,1092.812653282439
forecast_5070,2025-07-31 06:00:00,1937.5350818426514,2065.7708566218525,736.3255331455078
forecast_5071,2025-07-31 07:00:00,1474.7659519647912,1551.9699044374945,552.0113467001945
forecast_5072,2025-07-31 08:00:00,1236.3012839160394,1319.3267471747731,403.83365401996514
forecast_5073,2025-07-31 09:00:00,878.5728293643912,773.6118255079814,329.23879071657086
forecast_5074,2025-07-31 10:00:00,718.6438868088626,836.8163615821471,383.4197366335391
forecast_5075,2025-07-31 11:00:00,1069.367388688849,993.4460532036156,430.13107369338064
forecast_5076,2025-07-31 12:00:00,955.3263296740257,971.6813920010968,433.72132036513096
forecast_5077,2025-07-31 13:00:00,839.2063219984398,957.1673872251943,421.27797500729446
forecast_5078,2025-07-31 14:00:00,739.7439384918383,906.7176486475003,372.9633155171364
forecast_5079,2025-07-31 15:00:00,436.86411593416676,753.755205247267,277.15435904489647
forecast_5080,2025-07-31 16:00:00,444.34378287356384,675.634784700401,257.1179019022341
forecast_5081,2025-07-31 17:00:00,476.2151617408998,547.4384694145808,275.2478522692778
forecast_5082,2025-07-31 18:00:00,477.3093399637546,486.345781539787,219.47169033790513
forecast_5083,2025-07-31 19:00:00,372.9817679642053,274.6129588848744,104.94621809860496
forecast_5084,2025-07-31 20:00:00,393.1388787386359,275.89680640233075,86.0967623549699
forecast_5085,2025-07-31 21:00:00,572.5386880571234,434.5110303878671,112.38630315088307
forecast_5086,2025-07-31 22:00:00,938.7067456178902,907.6550996493107,360.27060155828383
forecast_5087,2025-07-31 23:00:00,1418.9102917118278,1043.7507965827501,418.6426079666889
forecast_5088,2025-08-01 00:00:00,1359.99821540945,1155.203381489886,415.60222666576317
forecast_5089,2025-08-01 01:00:00,1134.9759533165693,1006.2671558658059,488.1567270822353
forecast_5090,2025-08-01 02:00:00,786.1550670255951,643.5869881133193,399.2454445023354
forecast_5091,2025-08-01 03:00:00,691.0814389789933,533.453133848647,419.66698054556343
forecast_5092,2025-08-01 04:00:00,479.49171528443344,482.73755791278484,297.35502567634893
forecast_5093,2025-08-01 05:00:00,579.6483052099735,378.93916205839054,261.5201875914081
forecast_5094,2025-08-01 06:00:00,408.4681129414152,341.8411472399567,170.7016103893181
forecast_5095,2025-08-01 07:00:00,375.42326747731136,315.17080920923127,77.36297216554566
forecast_5096,2025-08-01 08:00:00,285.0897470449988,259.41816453039525,75.60726671874197
forecast_5097,2025-08-01 09:00:00,218.6410705160919,147.2727155427802,61.00666903470621
forecast_5098,2025-08-01 10:00:00,125.05942029013882,114.9541376289234,57.65137665661252
forecast_5099,2025-08-01 11:00:00,135.9152162358973,130.1132586832083,76.23274483585989
forecast_5100,2025-08-01 12:00:00,204.0207890332347,236.4598547628965,149.40478500850705
forecast_5101,2025-08-01 13:00:00,379.5403975011314,465.31806490510365,315.43982855697993
forecast_5102,2025-08-01 14:00:00,244.6405941693995,257.6375186411652,214.05228947230202
forecast_5103,2025-08-01 15:00:00,224.71352435080297,226.82728345827923,138.19514100484673
forecast_5104,2025-08-01 16:00:00,203.69754107629308,175.4813781457684,108.90357377134457
forecast_5105,2025-08-01 17:00:00,180.23171975424916,149.15717834308631,98.92492403053637
forecast_5106,2025-08-01 18:00:00,203.62497675154097,148.6952076385886,77.52243982629786
forecast_5107,2025-08-01 19:00:00,487.2562969595169,478.9257576987061,166.509501570361
forecast_5108,2025-08-01 20:00:00,672.1535231543451,690.9346922970362,197.087617762736
forecast_5109,2025-08-01 21:00:00,778.0186449920358,853.9987802572791,244.41574770922736
forecast_5110,2025-08-01 22:00:00,627.4420649330236,645.6148444048961,172.2053429296193
forecast_5111,2025-08-01 23:00:00,446.9960769058266,359.02842357742054,80.02810899449412
forecast_5112,2025-08-02 00:00:00,413.6606815905923,350.09080018891103,134.4950032518189
forecast_5113,2025-08-02 01:00:00,4215.938423807134,3583.2596290745223,2014.8611068466055
forecast_5114,2025-08-02 02:00:00,5819.4740183911035,5015.940419725038,2750.399370457849
forecast_5115,2025-08-02 03:00:00,6760.385140126887,6075.284009425744,3329.202634368135
forecast_5116,2025-08-02 04:00:00,6896.1543358161925,6308.891623801617,3146.9706449844475
forecast_5117,2025-08-02 05:00:00,7008.181722444086,5877.709057517447,3280.5985591777667
forecast_5118,2025-08-02 06:00:00,7583.226123461914,7710.032105078706,4291.55847080115
forecast_5119,2025-08-02 07:00:00,7147.947734280321,7455.054255313195,3552.836899309038
forecast_5120,2025-08-02 08:00:00,6228.813976749039,5719.244892744,2624.8852885571396
forecast_5121,2025-08-02 09:00:00,5907.684523514411,4596.108250534048,2424.7036333216297
forecast_5122,2025-08-02 10:00:00,3289.325703357098,2814.7192307390424,1480.7322951583635
forecast_5123,2025-08-02 11:00:00,1687.4003734486232,1371.616260575992,891.896546861984
forecast_5124,2025-08-02 12:00:00,1382.5354254384374,901.3628608187062,771.8635552745073
forecast_5125,2025-08-02 13:00:00,1676.342217473152,1510.2857573432948,1018.7992022245105
forecast_5126,2025-08-02 14:00:00,1917.856336536351,1768.1022633889404,1108.279429351443
forecast_5127,2025-08-02 15:00:00,1125.9505179167195,786.1765471487857,572.2059165423501
forecast_5128,2025-08-02 16:00:00,733.662284991621,540.1409177883519,475.5740272396677
forecast_5129,2025-08-02 17:00:00,709.0768493132168,607.5926494577573,475.6936877297015
forecast_5130,2025-08-02 18:00:00,788.2106135164541,621.7219999863805,408.00464687858556
forecast_5131,2025-08-02 19:00:00,1035.291199449631,789.3764470135031,445.9156061242439
forecast_5132,2025-08-02 20:00:00,1196.7594923301422,938.6157792909825,533.2026174093735
forecast_5133,2025-08-02 21:00:00,1346.1739427798118,1305.9543019477562,691.9592842472321
forecast_5134,2025-08-02 22:00:00,1916.117265771961,1750.438512041763,1286.3688348440046
forecast_5135,2025-08-02 23:00:00,1928.069942740908,1716.5795762402024,1192.5268204662805
forecast_5136,2025-08-03 00:00:00,2604.117653665314,1971.770412023447,1148.1226889219947
forecast_5137,2025-08-03 01:00:00,3991.8877815833,3234.769287266338,1911.7700656407853
forecast_5138,2025-08-03 02:00:00,3740.181278107646,3141.7674325635808,1569.450493819001
forecast_5139,2025-08-03 03:00:00,5358.801182847451,4086.018312130179,2164.6483611799363
forecast_5140,2025-08-03 04:00:00,3116.7205790011794,2582.3285892972945,1574.4143111489043
forecast_5141,2025-08-03 05:00:00,3315.3595358941307,2456.3027779815156,1515.4231663915275
forecast_5142,2025-08-03 06:00:00,1409.2742309951502,1219.7184192645188,680.4295107693716
forecast_5143,2025-08-03 07:00:00,581.6975329750098,385.50152035336606,205.2289238889875
forecast_5144,2025-08-03 08:00:00,581.5473093519013,538.6833087063392,255.25992813720148
forecast_5145,2025-08-03 09:00:00,379.43800969970107,332.7803212424462,120.99107132974423
forecast_5146,2025-08-03 10:00:00,300.4824746371431,210.45334053266498,178.55725145998105
forecast_5147,2025-08-03 11:00:00,333.02318343235197,222.29522811546687,126.69152454156625
forecast_5148,2025-08-03 12:00:00,385.78388104924505,432.01303640016033,287.9037076340768
forecast_5149,2025-08-03 13:00:00,504.3525830029229,668.725732696619,417.95281888593746
forecast_5150,2025-08-03 14:00:00,787.0631012869575,1043.5304825333683,507.0034160356829
forecast_5151,2025-08-03 15:00:00,1411.5621604512485,1475.3240333468686,730.8897724139567
forecast_5152,2025-08-03 16:00:00,1104.8993086937417,1508.057424291451,1161.8170140168236
forecast_5153,2025-08-03 17:00:00,1966.4538867537624,2019.8390490863558,1412.4134023218578
forecast_5154,2025-08-03 18:00:00,2918.518637092261,3293.731729772992,1754.0917891581655
forecast_5155,2025-08-03 19:00:00,5975.842217628196,5707.405422879894,3682.998948951477
forecast_5156,2025-08-03 20:00:00,6092.293282249431,6634.406839555678,3968.361236907323
forecast_5157,2025-08-03 21:00:00,5954.204050090815,6455.550324513082,4765.370367435917
forecast_5158,2025-08-03 22:00:00,5299.259781251884,6280.301461041572,4026.1637019510554
forecast_5159,2025-08-03 23:00:00,5032.3272842382285,5976.964592962524,4239.29144693978
forecast_5160,2025-08-04 00:00:00,6609.357801053591,7151.94022278892,4177.275076870268
forecast_5161,2025-08-04 01:00:00,5432.407818970579,6063.3429968575,3438.999939300027
forecast_5162,2025-08-04 02:00:00,6569.822874304765,7549.648560465138,4358.010285402654
forecast_5163,2025-08-04 03:00:00,6256.0024533582055,7471.801563586556,4120.77659125107
forecast_5164,2025-08-04 04:00:00,7447.735763018894,8209.270048427445,5142.374255899054
forecast_5165,2025-08-04 05:00:00,7246.046110227494,8879.141405096487,5215.652384951834
forecast_5166,2025-08-04 06:00:00,8825.983313329858,9584.926283278472,6606.018190942513
forecast_5167,2025-08-04 07:00:00,9305.232475982086,9771.360324206105,6659.601580547813
forecast_5168,2025-08-04 08:00:00,7525.918813735553,8249.895150307953,5418.656272305947
forecast_5169,2025-08-04 09:00:00,6885.12394543977,7721.741091189914,4480.213280385814
forecast_5170,2025-08-04 10:00:00,6826.441933754096,6904.88000945312,4519.449048012201
forecast_5171,2025-08-04 11:00:00,7000.857121899339,7684.4829590592,4473.432026786148
forecast_5172,2025-08-04 12:00:00,7374.570185079692,7809.294821687514,5156.427523684576
forecast_5173,2025-08-04 13:00:00,5893.3064612241005,5795.321795892925,3219.2236016903107
forecast_5174,2025-08-04 14:00:00,4012.4607279697566,4110.200254228103,2518.321347709753
forecast_5175,2025-08-04 15:00:00,2819.429175786975,2774.416328750864,2174.7124782100545
forecast_5176,2025-08-04 16:00:00,3367.198141471244,3518.7235743882084,2776.863312589622
forecast_5177,2025-08-04 17:00:00,3608.605700563849,3569.09748899081,2387.036866327754
forecast_5178,2025-08-04 18:00:00,3686.855453199496,4077.628002431267,2845.2874692220776
forecast_5179,2025-08-04 19:00:00,3952.3263910185383,4305.775281940491,3544.4256266124144
forecast_5180,2025-08-04 20:00:00,3701.4355830600584,3992.611136173535,3121.076882519441
forecast_5181,2025-08-04 21:00:00,5445.057668162547,5259.393717492097,4652.758148913231
forecast_5182,2025-08-04 22:00:00,6418.1859500471855,6290.621683267582,5345.594927179399
forecast_5183,2025-08-04 23:00:00,6802.4403059920405,6921.05937529873,6176.035477486904
forecast_5184,2025-08-05 00:00:00,7576.618914853585,8352.332319673857,6916.736735852828
forecast_5185,2025-08-05 01:00:00,5539.275467304906,5046.935965579792,3659.858821415353
forecast_5186,2025-08-05 02:00:00,4823.371002799086,4795.985232705565,3282.823448770931
forecast_5187,2025-08-05 03:00:00,4482.110726093222,4297.7596560326265,2583.0130639605304
forecast_5188,2025-08-05 04:00:00,4455.30329485367,4448.871460546458,2706.865144652351
forecast_5189,2025-08-05 05:00:00,3114.375414143801,3039.133679632523,1519.6503253199546
forecast_5190,2025-08-05 06:00:00,2920.421271586265,2453.6820848233992,1276.2678024672475
forecast_5191,2025-08-05 07:00:00,2468.6217954999142,2109.6426104761435,1099.2204443973565
forecast_5192,2025-08-05 08:00:00,1957.0261643353408,1771.8347255027888,909.2914010083244
forecast_5193,2025-08-05 09:00:00,1650.28308937456,1519.239399804066,736.7333679589649
forecast_5194,2025-08-05 10:00:00,1483.1807395271032,1456.218146860917,1050.6989725815454
forecast_5195,2025-08-05 11:00:00,1895.336685785291,1809.208187544582,1469.8444603217793
forecast_5196,2025-08-05 12:00:00,2782.106538524057,2484.70518016543,1804.3110763407992
forecast_5197,2025-08-05 13:00:00,4267.278080139738,4081.879171694237,2923.229310454432
forecast_5198,2025-08-05 14:00:00,5187.225067986362,4920.636185208245,4010.643576730437
forecast_5199,2025-08-05 15:00:00,6216.47717823309,5863.091417890807,4986.567829496176
forecast_5200,2025-08-05 16:00:00,7894.810322970814,7390.529520808897,7973.3431833702425
forecast_5201,2025-08-05 17:00:00,7629.09537215747,7039.480801199295,7795.158930913369
forecast_5202,2025-08-05 18:00:00,7206.678663677833,6436.026928282997,5774.358545290383
forecast_5203,2025-08-05 19:00:00,8000.74564282129,7600.794347570121,5477.737557240273
forecast_5204,2025-08-05 20:00:00,9335.899219618806,9094.268882585679,6837.248336676024
forecast_5205,2025-08-05 21:00:00,9841.115535553918,10017.040258689523,6783.778208615312
forecast_5206,2025-08-05 22:00:00,10774.500611392905,11647.205763924434,6970.8482837720785
forecast_5207,2025-08-05 23:00:00,10533.439391017695,10916.782464540618,6337.944471497422
forecast_5208,2025-08-06 00:00:00,10689.852221377785,11407.987086000725,6630.020897748146
forecast_5209,2025-08-06 01:00:00,13836.05732634547,14569.860819289173,11979.396021587456
forecast_5210,2025-08-06 02:00:00,14270.649738056976,14674.99869620441,11856.344998215654
forecast_5211,2025-08-06 03:00:00,13428.608226539653,13676.756828493264,10885.16888785242
forecast_5212,2025-08-06 04:00:00,12831.211930885815,13827.436009498115,10430.877443421738
forecast_5213,2025-08-06 05:00:00,12635.035900719295,13944.398828283425,10918.400170939592
forecast_5214,2025-08-06 06:00:00,12721.504336035756,13527.9354654194,10570.35765034564
forecast_5215,2025-08-06 07:00:00,12498.479405359105,13652.020791075054,10779.729161643372
forecast_5216,2025-08-06 08:00:00,11616.443989621532,13318.494405962792,10449.114612553243
forecast_5217,2025-08-06 09:00:00,12632.758756484449,13937.834231705583,11407.057808033436
forecast_5218,2025-08-06 10:00:00,13567.233910650013,14978.476020181757,12389.80311076388
forecast_5219,2025-08-06 11:00:00,13699.971624705106,14985.252441352335,12331.97868266555
forecast_5220,2025-08-06 12:00:00,13364.303837242567,15126.219255191098,12693.858713515523
forecast_5221,2025-08-06 13:00:00,13556.574450285772,15497.724489697737,12657.285714731275
forecast_5222,2025-08-06 14:00:00,13962.043945411075,15374.0404040226,12564.619473720782
forecast_5223,2025-08-06 15:00:00,14509.041841374132,16210.538152947527,13379.800355599633
forecast_5224,2025-08-06 16:00:00,13185.87127971619,15239.529177500612,12395.626993934247
forecast_5225,2025-08-06 17:00:00,13175.062914482329,15059.578858874742,12385.121453953141
forecast_5226,2025-08-06 18:00:00,13319.525088685863,14910.53550140823,12646.655943052952
forecast_5227,2025-08-06 19:00:00,13399.992634879345,15768.155146586942,12836.499382063881
forecast_5228,2025-08-06 20:00:00,13622.475174925776,14420.143548376478,11898.537607695313
forecast_5229,2025-08-06 21:00:00,14710.878623560955,15599.625402271075,12833.286531843178
forecast_5230,2025-08-06 22:00:00,14698.869439589476,15855.90191897784,13604.179960165835
forecast_5231,2025-08-06 23:00:00,14799.125780026083,16134.055105266207,13567.027947477416
forecast_5232,2025-08-07 00:00:00,15345.213842770203,15788.940268621056,11988.778787655521
forecast_5233,2025-08-07 01:00:00,15536.632241645006,13896.659130730299,11390.279492210198
forecast_5234,2025-08-07 02:00:00,15650.27263630403,14679.966377140232,11749.528698464137
forecast_5235,2025-08-07 03:00:00,15780.836999423464,15160.684599624068,11707.014584713777
forecast_5236,2025-08-07 04:00:00,15941.665779466864,15423.455767302925,12089.816778035327
forecast_5237,2025-08-07 05:00:00,16578.45774645758,15919.797955789734,11942.85782662385
forecast_5238,2025-08-07 06:00:00,16694.221544612337,16392.4008869688,11567.323775719211
forecast_5239,2025-08-07 07:00:00,16291.312582641469,14483.235046366695,9873.18368440431
forecast_5240,2025-08-07 08:00:00,13035.134182476466,11880.47148309923,8574.236143510461
forecast_5241,2025-08-07 09:00:00,8603.785754058106,7974.723279780404,5020.586147201493
forecast_5242,2025-08-07 10:00:00,6283.936309566212,5136.35724851379,3612.4008999994157
forecast_5243,2025-08-07 11:00:00,4103.671889338647,3143.3788568652567,2375.8726769528826
forecast_5244,2025-08-07 12:00:00,2688.4756133325536,2090.261643264027,1363.0451200550388
forecast_5245,2025-08-07 13:00:00,1610.1132208525935,1284.7980424055693,609.388796520273
forecast_5246,2025-08-07 14:00:00,1071.5673444266672,844.2688102627159,549.9711764428413
forecast_5247,2025-08-07 15:00:00,625.0311633722793,614.7331967604714,335.1854800279194
forecast_5248,2025-08-07 16:00:00,614.40475402336,532.6831661473998,313.56624559578296
forecast_5249,2025-08-07 17:00:00,788.3790862989304,632.8002793177784,507.326027400351
forecast_5250,2025-08-07 18:00:00,1023.57455720265,833.5438170938921,733.9850987348168
forecast_5251,2025-08-07 19:00:00,965.5658373577145,880.8758069301697,628.829051429285
forecast_5252,2025-08-07 20:00:00,1340.2720826430773,1497.6369267077525,536.54367651282
forecast_5253,2025-08-07 21:00:00,1993.9337968484497,2041.8281296193243,781.117835842159
forecast_5254,2025-08-07 22:00:00,4204.208278784455,3481.0575160991743,2056.6248633395503
forecast_5255,2025-08-07 23:00:00,5564.110180716002,5314.928841205246,3628.0005597399745
forecast_5256,2025-08-08 00:00:00,7222.796271041653,6376.73753899072,4941.077119493174
forecast_5257,2025-08-08 01:00:00,6341.755729287288,5564.2145620025585,3779.961683715221
forecast_5258,2025-08-08 02:00:00,6152.489805878392,5001.068122341527,3516.704525665592
forecast_5259,2025-08-08 03:00:00,5289.961985274312,3898.3756108330426,2975.2526443209604
forecast_5260,2025-08-08 04:00:00,3976.4098549264154,3262.034945517109,2113.544382391379
forecast_5261,2025-08-08 05:00:00,3575.3050545017722,2488.419840570813,1547.728110476031
forecast_5262,2025-08-08 06:00:00,2609.373981558127,2047.377548534776,1133.2760523551947
forecast_5263,2025-08-08 07:00:00,1436.364616967301,987.7532100131338,374.90937873385957
forecast_5264,2025-08-08 08:00:00,678.8426848393713,517.2499300434278,284.11563791419115
forecast_5265,2025-08-08 09:00:00,225.69898693554939,192.34881668663127,86.74324772936355
forecast_5266,2025-08-08 10:00:00,131.8190241686489,138.33556408505012,65.19588080880719
forecast_5267,2025-08-08 11:00:00,112.80682132882663,111.92440091552926,69.2726302896085
forecast_5268,2025-08-08 12:00:00,149.33067336325686,189.88618431114708,126.60478404865485
forecast_5269,2025-08-08 13:00:00,189.78498179018754,171.62970467771737,126.1860025625429
forecast_5270,2025-08-08 14:00:00,184.57324524712706,165.75537803840965,122.18988004005239
forecast_5271,2025-08-08 15:00:00,200.88591757481294,190.83847710820996,129.2055075968408
forecast_5272,2025-08-08 16:00:00,183.8261680700944,178.0417571388126,130.85254116231852
forecast_5273,2025-08-08 17:00:00,209.14038490924102,212.5924725240229,116.8538740245799
forecast_5274,2025-08-08 18:00:00,247.6241483403656,221.37099841241445,118.80637268119172
forecast_5275,2025-08-08 19:00:00,354.60900133908183,283.1201042157972,116.40756748080098
forecast_5276,2025-08-08 20:00:00,447.82043871908354,355.52082855640725,170.5793444630892
forecast_5277,2025-08-08 21:00:00,576.997492359691,584.664272917378,381.6478265653117
forecast_5278,2025-08-08 22:00:00,740.2694196095804,754.8973677585071,322.26498422258504
forecast_5279,2025-08-08 23:00:00,2165.5321209033714,1963.0456131119242,960.0298160637293
forecast_5280,2025-08-09 00:00:00,3517.8938081102774,2909.46123938412,1725.8513090009776
forecast_5281,2025-08-09 01:00:00,1503.1028828380656,1533.2728754033997,637.7622837706482
forecast_5282,2025-08-09 02:00:00,2648.338588360558,2289.3316891007394,1391.9287748507118
forecast_5283,2025-08-09 03:00:00,2347.223566192922,2150.024915424134,1346.9562726976847
forecast_5284,2025-08-09 04:00:00,3329.837092400743,3362.4125933500864,1969.0194604023
forecast_5285,2025-08-09 05:00:00,4184.138932539604,3548.248029463228,2152.440336829816
forecast_5286,2025-08-09 06:00:00,3569.2423104648647,2949.8632789568787,1652.442260084155
forecast_5287,2025-08-09 07:00:00,3658.6923243666265,3117.888799455006,1627.6031008235632
forecast_5288,2025-08-09 08:00:00,3405.9257039776066,2738.6457657891137,1607.6173666075174
forecast_5289,2025-08-09 09:00:00,3316.470658886776,2607.380967291276,1379.1577858427925
forecast_5290,2025-08-09 10:00:00,3339.4867817044233,2593.318449452486,1196.5031371317157
forecast_5291,2025-08-09 11:00:00,3292.3858741465424,2824.788605439345,1398.9453836992807
forecast_5292,2025-08-09 12:00:00,2177.279384108434,2518.6114843567084,1157.5414279540337
forecast_5293,2025-08-09 13:00:00,1404.6822799727956,1828.2540819670166,596.164989645104
forecast_5294,2025-08-09 14:00:00,1543.0884089866315,1686.555060255548,655.0333373008851
forecast_5295,2025-08-09 15:00:00,1427.2077993910339,1108.1706034331187,712.7010264384454
forecast_5296,2025-08-09 16:00:00,1354.783960040996,1151.6062844374399,786.1890899541676
forecast_5297,2025-08-09 17:00:00,1147.9891549165018,1288.5088614699152,850.2151427117584
forecast_5298,2025-08-09 18:00:00,1181.5582517429427,898.3186820798884,505.0321067901862
forecast_5299,2025-08-09 19:00:00,1190.6332786389285,1122.3230258374826,756.1040305962667
forecast_5300,2025-08-09 20:00:00,2701.6217796980513,2422.835518097627,1287.663915806251
forecast_5301,2025-08-09 21:00:00,2172.820255870114,2168.5045372312657,1351.6830237167378
forecast_5302,2025-08-09 22:00:00,1890.2663196650456,1538.1997372308042,942.4640425593773
forecast_5303,2025-08-09 23:00:00,1160.43067754015,1091.7594948994774,293.2050330006194
forecast_5304,2025-08-10 00:00:00,1093.4941290752568,1024.5988517767862,195.79726297442696
forecast_5305,2025-08-10 01:00:00,1562.2363296382027,1151.4127876861876,590.5227875630542
forecast_5306,2025-08-10 02:00:00,1146.091161713425,797.9804715970402,372.08066487913885
forecast_5307,2025-08-10 03:00:00,887.2415489044018,836.6036470715268,262.1484640178272
forecast_5308,2025-08-10 04:00:00,991.2830200965103,726.3611569181404,244.21196101326854
forecast_5309,2025-08-10 05:00:00,1086.4016150124519,963.4740017578007,257.2198961294598
forecast_5310,2025-08-10 06:00:00,1747.7128758026563,1664.3272991435929,494.4685658620403
forecast_5311,2025-08-10 07:00:00,1419.2177549861829,1572.441762032533,375.9542431803957
forecast_5312,2025-08-10 08:00:00,852.806998391158,709.2707817901664,168.48630989016488
forecast_5313,2025-08-10 09:00:00,686.0735743956038,755.7425386500677,249.79778811011977
forecast_5314,2025-08-10 10:00:00,926.0180356928284,748.6120668959244,363.0836494013713
forecast_5315,2025-08-10 11:00:00,627.4502623108482,650.5191666338515,390.97704844503534
forecast_5316,2025-08-10 12:00:00,407.17904369242314,461.76393727593666,311.2753415246434
forecast_5317,2025-08-10 13:00:00,369.05777711788477,401.02278750958226,273.890456394492
forecast_5318,2025-08-10 14:00:00,456.85183998510746,420.63862066542845,292.301300184887
forecast_5319,2025-08-10 15:00:00,371.6185237538747,386.47284856129494,247.33380793213863
forecast_5320,2025-08-10 16:00:00,370.14709766331333,382.3770756543695,259.1648637424301
forecast_5321,2025-08-10 17:00:00,234.40728809796772,268.08540015246865,152.90200552079227
forecast_5322,2025-08-10 18:00:00,208.48578124488253,168.021374973365,97.10559170523621
forecast_5323,2025-08-10 19:00:00,333.10362834305,195.65561427768756,79.65237873425076
forecast_5324,2025-08-10 20:00:00,254.17798954363693,197.59123585682775,66.03292333771499
forecast_5325,2025-08-10 21:00:00,291.5987736396798,196.33961366025838,63.58274395106552
forecast_5326,2025-08-10 22:00:00,275.3230477435083,223.50145332069118,69.39945169500898
forecast_5327,2025-08-10 23:00:00,280.3936745799661,261.3859390118176,74.69056249268165
forecast_5328,2025-08-11 00:00:00,421.10224009406886,348.6564862570498,84.52852154878232
forecast_5329,2025-08-11 01:00:00,366.8872339339721,279.79860612403473,118.73904582943032
forecast_5330,2025-08-11 02:00:00,453.4662891115823,367.58229541026617,147.27112323118538
forecast_5331,2025-08-11 03:00:00,565.807776997303,519.1956039785915,158.2655105280859
forecast_5332,2025-08-11 04:00:00,621.494161684115,591.2353551630232,189.25257611092843
forecast_5333,2025-08-11 05:00:00,618.6106885186936,519.361105795905,190.10990507419305
forecast_5334,2025-08-11 06:00:00,506.524646184499,433.07539050825966,133.7392908475078
forecast_5335,2025-08-11 07:00:00,384.9493253552049,345.26958461075225,100.77080176863488
forecast_5336,2025-08-11 08:00:00,304.8812073606481,245.21771030360222,79.83802656969964
forecast_5337,2025-08-11 09:00:00,266.41059586445556,226.77244727489233,74.87659908043679
forecast_5338,2025-08-11 10:00:00,170.75826213093663,141.14057330657303,60.884452782613316
forecast_5339,2025-08-11 11:00:00,157.9493163608429,148.51024744157345,61.969236208457694
forecast_5340,2025-08-11 12:00:00,176.56218249751345,138.10445971809202,81.17744554109419
forecast_5341,2025-08-11 13:00:00,227.36076687362933,176.14600598765045,75.42518870584166
forecast_5342,2025-08-11 14:00:00,249.00196820773306,194.23746957144454,85.34085612107708
forecast_5343,2025-08-11 15:00:00,279.7699436830184,208.19791364878236,75.05791895327627
forecast_5344,2025-08-11 16:00:00,366.15281917335477,240.09048681115314,137.1933500023191
forecast_5345,2025-08-11 17:00:00,667.6922037209907,422.7038552290836,125.27807975011594
forecast_5346,2025-08-11 18:00:00,335.3126648432738,231.42323169123338,96.61111470651093
forecast_5347,2025-08-11 19:00:00,309.8886454202876,236.8443215377529,106.64523306419538
forecast_5348,2025-08-11 20:00:00,342.0599356360518,271.2333907414897,80.78472773517983
forecast_5349,2025-08-11 21:00:00,513.6933627078504,389.4823278183567,142.26646860499756
forecast_5350,2025-08-11 22:00:00,394.6707129364264,291.30342386860804,134.0573620187785
forecast_5351,2025-08-11 23:00:00,406.7341475622023,294.3751758941838,138.4538604392907
forecast_5352,2025-08-12 00:00:00,576.9019100095455,469.3996195028335,233.72575321750912
forecast_5353,2025-08-12 01:00:00,1560.1234836984288,1322.2263541920165,827.5543353679494
forecast_5354,2025-08-12 02:00:00,1940.8422123292078,1491.2956525861407,893.4816404295995
forecast_5355,2025-08-12 03:00:00,2817.227474194783,2707.68673929432,1351.0970998238852
forecast_5356,2025-08-12 04:00:00,2346.8389231635974,2152.9735119784636,939.5545088710403
forecast_5357,2025-08-12 05:00:00,2040.564009319898,1713.0738592792845,891.116665211701
forecast_5358,2025-08-12 06:00:00,1265.793055589757,1004.2074812186156,549.4566119147538
forecast_5359,2025-08-12 07:00:00,716.6481258370522,691.1829851291658,203.249906111379
forecast_5360,2025-08-12 08:00:00,596.5343165331744,598.1642546008239,148.23173145879844
forecast_5361,2025-08-12 09:00:00,500.4336287629047,434.79431428524697,150.12615533142372
forecast_5362,2025-08-12 10:00:00,367.80361460532947,317.1614492620337,149.632411089614
forecast_5363,2025-08-12 11:00:00,252.9423249334981,285.1582233724125,161.028313521024
forecast_5364,2025-08-12 12:00:00,217.67566411301365,250.4145020367509,163.34247522853892
forecast_5365,2025-08-12 13:00:00,270.4858197581107,314.52702161008364,276.9105092743164
forecast_5366,2025-08-12 14:00:00,503.41061492579195,535.018165715746,340.59243096598846
forecast_5367,2025-08-12 15:00:00,387.450509361287,552.2020768327145,366.2509012610118
forecast_5368,2025-08-12 16:00:00,560.485045355476,582.2796335991407,464.1001910789316
forecast_5369,2025-08-12 17:00:00,576.9458160366171,554.3554039885878,398.28283712018003
forecast_5370,2025-08-12 18:00:00,1020.9260398135808,996.3510285808726,490.97225652225643
forecast_5371,2025-08-12 19:00:00,1429.9874270588334,1384.015700666595,594.5020734319278
forecast_5372,2025-08-12 20:00:00,1718.2233305766765,1030.6420454729673,618.6373398521536
forecast_5373,2025-08-12 21:00:00,1498.03902582057,1230.052564322021,612.7349056691146
forecast_5374,2025-08-12 22:00:00,1883.1241756799293,1810.2346814592058,661.0835666917555
forecast_5375,2025-08-12 23:00:00,1726.3638186514393,1872.6643967292703,703.5549714030979
forecast_5376,2025-08-13 00:00:00,1981.7253442117906,2015.8764024245313,913.8792928879892
forecast_5377,2025-08-13 01:00:00,2613.967555009054,2343.6990974981118,1269.9096520141782
forecast_5378,2025-08-13 02:00:00,3082.4715176725927,3123.0698514171704,1540.0106467056873
forecast_5379,2025-08-13 03:00:00,3516.701482103856,3402.8572201605602,1498.1991143216535
forecast_5380,2025-08-13 04:00:00,2575.4801067477774,2863.8996807047865,1008.2020884794107
forecast_5381,2025-08-13 05:00:00,2297.0145305342626,2830.5893450691165,880.4183677238426
forecast_5382,2025-08-13 06:00:00,3983.611242249535,4021.0009753044105,1938.032955134575
forecast_5383,2025-08-13 07:00:00,5309.414704478671,6184.8188590440495,2324.787942022908
forecast_5384,2025-08-13 08:00:00,5891.110789235931,6959.751713510476,2844.8523466993374
forecast_5385,2025-08-13 09:00:00,5085.671876687508,7098.810035791963,3596.959254959431
forecast_5386,2025-08-13 10:00:00,7674.157872814182,9808.176713115821,5808.411641478609
forecast_5387,2025-08-13 11:00:00,6535.48392041141,9091.893906969452,5327.320009169292
forecast_5388,2025-08-13 12:00:00,6053.528832920901,8423.561219764719,4728.551139446422
forecast_5389,2025-08-13 13:00:00,6210.192228611224,7620.243481770596,4492.66472288663
forecast_5390,2025-08-13 14:00:00,7645.1200942633095,9643.727181815248,5108.604330026404
forecast_5391,2025-08-13 15:00:00,7259.980680476951,9284.019810589674,6147.91526763401
forecast_5392,2025-08-13 16:00:00,7418.233124506444,8983.832460180807,7364.512916788918
forecast_5393,2025-08-13 17:00:00,7311.5753683175535,9795.545544868733,7510.247044258013
forecast_5394,2025-08-13 18:00:00,8073.723776277543,10287.510993401178,7136.495693950495
forecast_5395,2025-08-13 19:00:00,9324.512695323367,12018.149324568347,8596.776227345224
forecast_5396,2025-08-13 20:00:00,12110.246255897622,13887.644174967116,11389.552585922404
forecast_5397,2025-08-13 21:00:00,16365.75335226241,17208.395201334737,14303.569772509138
forecast_5398,2025-08-13 22:00:00,17323.460302421274,17766.36857363253,14725.474248650777
forecast_5399,2025-08-13 23:00:00,17158.71919472341,18023.616958262744,14751.791596962821
forecast_5400,2025-08-14 00:00:00,16729.843960594924,17897.87493022493,14884.865004341847
forecast_5401,2025-08-14 01:00:00,17218.419386709305,18104.632551685645,14899.323775184925
forecast_5402,2025-08-14 02:00:00,17230.82462597865,18116.035457098693,15170.904401815178
forecast_5403,2025-08-14 03:00:00,17884.121160368526,18163.796084394642,15066.140233457189
forecast_5404,2025-08-14 04:00:00,15938.187654433206,16826.18415701142,12960.10053900596
forecast_5405,2025-08-14 05:00:00,14077.971211228103,14831.800595432875,12229.379200467929
forecast_5406,2025-08-14 06:00:00,13202.820139202393,14358.629891589613,11733.201084502682
forecast_5407,2025-08-14 07:00:00,13851.556188235436,14405.387475787085,11531.797246646825
forecast_5408,2025-08-14 08:00:00,13713.263135782576,14643.944267410523,11997.710785510175
forecast_5409,2025-08-14 09:00:00,15278.100088138159,15782.285554591592,12842.21756219802
forecast_5410,2025-08-14 10:00:00,14789.176354511406,14909.66305069442,12653.915175069242
forecast_5411,2025-08-14 11:00:00,13333.412346392344,12324.367108865428,10777.350992559019
forecast_5412,2025-08-14 12:00:00,9608.727267890281,8767.02123446864,7818.850077846396
forecast_5413,2025-08-14 13:00:00,7246.600124237313,8126.34003113052,6336.219983685409
forecast_5414,2025-08-14 14:00:00,9537.8491483239,9620.475020672457,6818.964488156987
forecast_5415,2025-08-14 15:00:00,9113.317544527574,9087.198912230204,6781.713442018852
forecast_5416,2025-08-14 16:00:00,12413.672991453524,11751.04665239378,9267.60229592087
forecast_5417,2025-08-14 17:00:00,13055.380054657435,12969.041613083347,11766.071848430724
forecast_5418,2025-08-14 18:00:00,13410.560873990098,12886.87830615899,10411.533464757116
forecast_5419,2025-08-14 19:00:00,11656.076020574259,11441.08581531956,9240.908542924624
forecast_5420,2025-08-14 20:00:00,13057.537845408731,12902.094437144018,10032.917046881556
forecast_5421,2025-08-14 21:00:00,14172.951815927254,13034.815826186677,9993.435206937318
forecast_5422,2025-08-14 22:00:00,14704.958953132566,12981.45597217208,9763.221399730613
forecast_5423,2025-08-14 23:00:00,14324.617580482116,13565.539230789484,9270.060305908342
forecast_5424,2025-08-15 00:00:00,14515.385292642744,14036.407757198456,9027.538543159433
forecast_5425,2025-08-15 01:00:00,13992.2274143839,11984.612719988421,8130.518475296811
forecast_5426,2025-08-15 02:00:00,12670.702192323928,10860.879086589155,7584.415147926504
forecast_5427,2025-08-15 03:00:00,11500.37157122837,11082.166090806679,6800.09911340091
forecast_5428,2025-08-15 04:00:00,11493.981039383329,10778.988881851197,6756.620336523196
forecast_5429,2025-08-15 05:00:00,10631.434993761532,8857.184979470807,5258.806513070041
forecast_5430,2025-08-15 06:00:00,9274.401145250515,8067.957103523706,4617.957615705049
forecast_5431,2025-08-15 07:00:00,8014.606153261173,6691.157789238144,4101.26587387904
forecast_5432,2025-08-15 08:00:00,5863.323536097496,4896.182309119644,3275.673903774958
forecast_5433,2025-08-15 09:00:00,2060.0667764960012,1724.335146311403,1214.5331686937577
forecast_5434,2025-08-15 10:00:00,912.4017876700622,767.3659418014182,486.2350869706323
forecast_5435,2025-08-15 11:00:00,646.1668095688874,500.62772161349864,411.70659391624565
forecast_5436,2025-08-15 12:00:00,573.5137460550241,496.23991078682303,477.2867098898966
forecast_5437,2025-08-15 13:00:00,958.8376585333025,878.9963886447975,574.9421299279629
forecast_5438,2025-08-15 14:00:00,1497.095858084663,1172.2607713705513,836.9187837656981
forecast_5439,2025-08-15 15:00:00,1448.73659769378,1279.0795069940527,955.8299088003048
forecast_5440,2025-08-15 16:00:00,1133.0711737791491,1190.8924514527746,753.994117992466
forecast_5441,2025-08-15 17:00:00,1099.9827014797468,934.5240405454609,666.1006603850295
forecast_5442,2025-08-15 18:00:00,1183.8363415164904,1140.8709079009968,829.2860705410576
forecast_5443,2025-08-15 19:00:00,1333.2766956447401,1043.0779452609788,578.4038710855094
forecast_5444,2025-08-15 20:00:00,2436.558434344684,2121.7866331625914,1187.621991500147
forecast_5445,2025-08-15 21:00:00,2577.9043632753974,2449.189068613118,1845.9644167498714
forecast_5446,2025-08-15 22:00:00,5632.8567509158,5012.201445879549,3056.7133586370014
forecast_5447,2025-08-15 23:00:00,6226.220261178902,5737.397648643267,3480.912729583832
forecast_5448,2025-08-16 00:00:00,7562.785775876917,6967.90774004311,4455.733102522114
forecast_5449,2025-08-16 01:00:00,8992.76991945161,8829.449796468198,5556.456103272891
forecast_5450,2025-08-16 02:00:00,10924.425825111728,11663.33688916451,6595.870140643976
forecast_5451,2025-08-16 03:00:00,11466.318356815713,11232.951180645687,7180.733373260626
forecast_5452,2025-08-16 04:00:00,10616.166926536947,10464.754272487076,5803.382500536155
forecast_5453,2025-08-16 05:00:00,10206.793312213524,10331.98410790378,5949.446484308458
forecast_5454,2025-08-16 06:00:00,9932.374119896187,9696.435476096287,5767.527025737834
forecast_5455,2025-08-16 07:00:00,8729.172105771451,9044.792644856243,4886.82529588337
forecast_5456,2025-08-16 08:00:00,7353.363077083216,6965.931281990787,3451.1410937654314
forecast_5457,2025-08-16 09:00:00,6452.065633068144,5952.2334319322545,3030.600450144296
forecast_5458,2025-08-16 10:00:00,5661.396699736055,3599.3707633072668,2382.458675616497
forecast_5459,2025-08-16 11:00:00,5369.077667606437,4290.182310096499,2893.610457809697
forecast_5460,2025-08-16 12:00:00,4767.292760391351,4184.777785246896,3739.19050536897
forecast_5461,2025-08-16 13:00:00,5345.577769467239,4492.5738843017025,4030.0262787242145
forecast_5462,2025-08-16 14:00:00,6853.460683516455,6026.258066074432,5433.228871344737
forecast_5463,2025-08-16 15:00:00,7037.923567509599,6263.968440779832,6183.250096373577
forecast_5464,2025-08-16 16:00:00,7133.309127190358,6276.820651624628,6201.112917536894
forecast_5465,2025-08-16 17:00:00,8081.512596286019,7467.713118574961,7597.84905266352
forecast_5466,2025-08-16 18:00:00,9360.64310809389,8960.505808955808,8293.292086899432
forecast_5467,2025-08-16 19:00:00,12589.721522419508,10769.451492589878,9669.263442222817
forecast_5468,2025-08-16 20:00:00,14089.678134076641,12630.431701460097,9873.172126196207
forecast_5469,2025-08-16 21:00:00,15372.038788822536,13896.612305677756,11242.382553667474
forecast_5470,2025-08-16 22:00:00,16948.205090598352,15681.091809958087,13055.645567926824
forecast_5471,2025-08-16 23:00:00,17324.70000895129,16608.773686088967,13193.374757841368
forecast_5472,2025-08-17 00:00:00,16960.850455341173,16854.166097972036,13310.010081779714
forecast_5473,2025-08-17 01:00:00,17348.512250715758,17469.084368565727,13078.795337830985
forecast_5474,2025-08-17 02:00:00,17251.44676881605,17203.28053731874,13047.611002599082
forecast_5475,2025-08-17 03:00:00,17028.738719372883,16930.97927320919,12599.319101804049
forecast_5476,2025-08-17 04:00:00,17362.692277008337,17145.11507410211,13167.223947994231
forecast_5477,2025-08-17 05:00:00,17009.087792170598,16616.461779760597,12349.624458887376
forecast_5478,2025-08-17 06:00:00,16690.692148911123,15749.704251128673,11029.264182646933
forecast_5479,2025-08-17 07:00:00,15697.854935222396,14442.336185869079,10201.396524171443
forecast_5480,2025-08-17 08:00:00,14039.563416654672,13924.940337049311,9423.949151415954
forecast_5481,2025-08-17 09:00:00,11926.627572638794,13060.597487568384,7902.306058205054
forecast_5482,2025-08-17 10:00:00,8202.60208928168,9642.263826911607,6110.426911465123
forecast_5483,2025-08-17 11:00:00,6783.237855655399,6534.611486879844,4030.407691395253
forecast_5484,2025-08-17 12:00:00,4604.352122633721,4157.621542255539,2571.614905624877
forecast_5485,2025-08-17 13:00:00,3970.4795997871875,2913.9556869874323,2506.2314473373804
forecast_5486,2025-08-17 14:00:00,5008.578716970687,4875.7947818941475,4002.158637086783
forecast_5487,2025-08-17 15:00:00,6082.162261899864,5730.585189712277,4136.667194665349
forecast_5488,2025-08-17 16:00:00,5579.308601776922,5153.9260918779455,3665.0239826308234
forecast_5489,2025-08-17 17:00:00,5530.775680263206,4864.349529476448,2910.961750814531
forecast_5490,2025-08-17 18:00:00,4881.090080851336,4350.529809907173,2539.125443498831
forecast_5491,2025-08-17 19:00:00,5864.904975402774,4963.320966209154,2992.401322289343
forecast_5492,2025-08-17 20:00:00,6122.280865565056,4792.844563250797,3154.3638525543042
forecast_5493,2025-08-17 21:00:00,6665.904404063028,5794.805161153233,3923.6705202983953
forecast_5494,2025-08-17 22:00:00,6692.579982366896,5648.87293376506,3808.590072755592
forecast_5495,2025-08-17 23:00:00,6405.508373134942,5188.8937444444,3533.042628156712
forecast_5496,2025-08-18 00:00:00,7010.449870174495,6081.8815000120685,3645.593724197982
forecast_5497,2025-08-18 01:00:00,9078.992857700627,8039.7403327886495,4747.694144939804
forecast_5498,2025-08-18 02:00:00,9448.806705880768,8050.417135994734,4265.653771157539
forecast_5499,2025-08-18 03:00:00,9651.496375612673,8424.888193730629,4859.632895913502
forecast_5500,2025-08-18 04:00:00,7698.47903559941,6936.073977733635,4001.972552324249
forecast_5501,2025-08-18 05:00:00,8843.162011836752,8066.452452302813,4536.041697561726
forecast_5502,2025-08-18 06:00:00,10558.86518987105,9545.46800465629,5333.566183731984
forecast_5503,2025-08-18 07:00:00,9220.843482877826,9875.761957961637,5575.170500531014
forecast_5504,2025-08-18 08:00:00,9347.500642396162,9096.699214884788,5143.409219721226
forecast_5505,2025-08-18 09:00:00,8282.207658087618,9114.545655836278,5295.19757520944
forecast_5506,2025-08-18 10:00:00,8125.6167301656515,8775.698732447261,5092.528199132687
forecast_5507,2025-08-18 11:00:00,8811.326182624825,8343.505678313104,4982.885098460785
forecast_5508,2025-08-18 12:00:00,8482.545945911184,7677.407220285757,4931.993758995241
forecast_5509,2025-08-18 13:00:00,6380.213877676446,6716.093203428514,4150.720811085524
forecast_5510,2025-08-18 14:00:00,5429.854359763108,5143.992134298414,4648.690760942003
forecast_5511,2025-08-18 15:00:00,5729.484622680918,4979.59204732953,4603.224543318674
forecast_5512,2025-08-18 16:00:00,4803.457389081147,4547.839175991412,4413.801672516175
forecast_5513,2025-08-18 17:00:00,5083.45671189034,5012.4848523539595,4808.546680714584
forecast_5514,2025-08-18 18:00:00,6374.401024167327,7156.095378045622,5648.130600225654
forecast_5515,2025-08-18 19:00:00,8056.56436040482,7798.276672871816,6746.316672125397
forecast_5516,2025-08-18 20:00:00,8719.061076148275,8812.625996127612,7221.7082744392
forecast_5517,2025-08-18 21:00:00,10333.892420386534,10626.334558064971,7139.59998004637
forecast_5518,2025-08-18 22:00:00,13356.16095772106,13147.820552834657,9569.587590308834
forecast_5519,2025-08-18 23:00:00,14045.43742346564,13411.058324293761,10361.08493567336
forecast_5520,2025-08-19 00:00:00,15385.887629270288,14609.94604011643,11474.83538813189
forecast_5521,2025-08-19 01:00:00,14640.35874510639,14492.709073380878,10991.851441017096
forecast_5522,2025-08-19 02:00:00,15459.640489974885,15355.978359893486,11914.390849108027
forecast_5523,2025-08-19 03:00:00,15909.972897278376,16562.790897480198,13098.11184141518
forecast_5524,2025-08-19 04:00:00,15378.618487355894,15881.60971809773,12843.62026157677
forecast_5525,2025-08-19 05:00:00,15145.263198025561,16059.350646894489,12794.952874989209
forecast_5526,2025-08-19 06:00:00,14451.967475448597,14987.237287130665,11880.44570893218
forecast_5527,2025-08-19 07:00:00,14220.754888176416,13616.615749189517,10733.23266646131
forecast_5528,2025-08-19 08:00:00,13785.97938278049,13490.834451135577,10870.73553969068
forecast_5529,2025-08-19 09:00:00,14256.384705019507,15128.445905527966,12312.546440053362
forecast_5530,2025-08-19 10:00:00,13093.374016734408,12449.492132024321,10350.746612182867
forecast_5531,2025-08-19 11:00:00,11566.834856001939,11449.312120102644,8783.120555464717
forecast_5532,2025-08-19 12:00:00,11745.572524433885,11001.335726040932,9191.261312031338
forecast_5533,2025-08-19 13:00:00,9404.149898078045,8747.58879900725,7642.140259935651
forecast_5534,2025-08-19 14:00:00,10584.063481915291,9206.12145911539,7148.659546260901
forecast_5535,2025-08-19 15:00:00,10291.061233387976,9216.538004217704,7613.559658970875
forecast_5536,2025-08-19 16:00:00,10658.414685124844,9289.668852975736,8366.788335024226
forecast_5537,2025-08-19 17:00:00,11532.54051788207,10061.08898020958,8195.982673224657
forecast_5538,2025-08-19 18:00:00,11754.691811486246,11172.200631500024,7811.450569889325
forecast_5539,2025-08-19 19:00:00,12133.89431736388,10856.32316145087,8583.19428746074
forecast_5540,2025-08-19 20:00:00,13815.204556937986,12492.58885020728,9406.287841689098
forecast_5541,2025-08-19 21:00:00,13320.644807100714,12527.793383329692,10433.42352155866
forecast_5542,2025-08-19 22:00:00,16075.069792988745,14669.484419962075,11299.34892251653
forecast_5543,2025-08-19 23:00:00,16463.42279349831,15371.065092300607,11875.673950756129
forecast_5544,2025-08-20 00:00:00,16870.962968332627,15784.284626731902,13295.610947593124
forecast_5545,2025-08-20 01:00:00,17021.213944773684,16852.01238233745,13942.720149303872
forecast_5546,2025-08-20 02:00:00,16529.44737261036,16679.273212582764,13792.975309515516
forecast_5547,2025-08-20 03:00:00,16084.347537022808,16754.81943353349,13065.886928819624
forecast_5548,2025-08-20 04:00:00,16142.67021752317,16349.304996402385,13365.212827964546
forecast_5549,2025-08-20 05:00:00,15769.78731543421,16164.63324678781,12742.989611719895
forecast_5550,2025-08-20 06:00:00,16440.85966626903,16138.744464583408,12187.712933338578
forecast_5551,2025-08-20 07:00:00,15522.74334615591,14768.383843389369,11730.610631024716
forecast_5552,2025-08-20 08:00:00,14562.926568907022,14046.701164059752,10714.191031494447
forecast_5553,2025-08-20 09:00:00,11752.658733348166,12421.258969065542,8915.64908687512
forecast_5554,2025-08-20 10:00:00,10451.790468228513,9987.306622798285,6781.781302074768
forecast_5555,2025-08-20 11:00:00,7077.98317132095,6877.9880398726755,4580.057555101924
forecast_5556,2025-08-20 12:00:00,5581.208220174514,5150.663792441811,4647.37846318734
forecast_5557,2025-08-20 13:00:00,4479.283979003616,3836.4399995495414,3894.709947748913
forecast_5558,2025-08-20 14:00:00,3576.0439309399035,2518.400398133332,2643.974655137968
forecast_5559,2025-08-20 15:00:00,4102.533595004966,3682.217562718864,3945.7739977774318
forecast_5560,2025-08-20 16:00:00,5608.816208397051,5077.713703112249,4516.437991055839
forecast_5561,2025-08-20 17:00:00,5262.693857336642,3927.857045618947,4313.375569254018
forecast_5562,2025-08-20 18:00:00,4754.154632559119,4194.690811006991,3623.2046767079273
forecast_5563,2025-08-20 19:00:00,7951.988122214194,7735.25179288906,5038.99247311487
forecast_5564,2025-08-20 20:00:00,8440.966143404414,7294.054071464561,4585.306216091158
forecast_5565,2025-08-20 21:00:00,7096.310940355793,6851.18792326472,4446.7165295860095
forecast_5566,2025-08-20 22:00:00,7568.344525592258,8263.923766366672,4714.653092073435
forecast_5567,2025-08-20 23:00:00,10762.289895227907,11176.193153716684,7535.752778956617
forecast_5568,2025-08-21 00:00:00,13494.506800081615,12448.17919196098,8525.180573325277
forecast_5569,2025-08-21 01:00:00,11901.741838898068,11577.684886161105,7591.458223525509
forecast_5570,2025-08-21 02:00:00,12946.840708088037,12282.464323056547,8252.84488438413
forecast_5571,2025-08-21 03:00:00,13999.636573113043,12866.455016543101,9119.285071691345
forecast_5572,2025-08-21 04:00:00,15881.184600909059,13887.160482767433,10145.037644687012
forecast_5573,2025-08-21 05:00:00,15558.202144368179,13359.589418976035,9456.390671484269
forecast_5574,2025-08-21 06:00:00,11754.0215987049,10408.090343644835,6419.914176652121
forecast_5575,2025-08-21 07:00:00,7887.962381395555,6957.041353999872,4422.901052115921
forecast_5576,2025-08-21 08:00:00,6680.582208982551,5481.93702489383,3113.740308876886
forecast_5577,2025-08-21 09:00:00,4555.974758133953,3546.2190612738996,2197.3274133224886
forecast_5578,2025-08-21 10:00:00,1646.6824160357266,1331.9002076343475,846.0571387560985
forecast_5579,2025-08-21 11:00:00,1197.7528361762347,1007.5590430215509,656.3175231567855
forecast_5580,2025-08-21 12:00:00,738.7905944116691,666.4781597336654,432.7896749544281
forecast_5581,2025-08-21 13:00:00,411.4004896248983,366.1884312997719,267.35761987919244
forecast_5582,2025-08-21 14:00:00,327.40540685248385,286.0417368029648,229.27945187071808
forecast_5583,2025-08-21 15:00:00,328.3938896165645,370.69722760355535,194.72404707895123
forecast_5584,2025-08-21 16:00:00,412.48345131210846,475.0127533817616,300.0345408663201
forecast_5585,2025-08-21 17:00:00,425.3588272987952,432.37452044423077,341.0125113507646
forecast_5586,2025-08-21 18:00:00,634.7879033731487,444.9180309016119,276.24052199022293
forecast_5587,2025-08-21 19:00:00,454.54685650731824,390.310996026515,165.63469647371852
forecast_5588,2025-08-21 20:00:00,527.0481379166647,526.7294947859858,214.68022536546147
forecast_5589,2025-08-21 21:00:00,1236.1809042163397,1134.3474102768732,421.51176580519063
forecast_5590,2025-08-21 22:00:00,2698.7988801093247,2235.2588588845288,1145.5444301963978
forecast_5591,2025-08-21 23:00:00,2993.8411716390674,2647.188723137094,1911.3340629112788
forecast_5592,2025-08-22 00:00:00,3667.9634749444326,3480.6488408906675,1717.1678968191566
forecast_5593,2025-08-22 01:00:00,2746.4068736422582,2494.4238624157524,1319.3107160910276
forecast_5594,2025-08-22 02:00:00,3476.1176080414593,2781.835121724387,1466.1536385009586
forecast_5595,2025-08-22 03:00:00,3766.6644185727164,3000.217639282894,1822.4722207291593
forecast_5596,2025-08-22 04:00:00,5233.465569357158,4900.874984818994,2942.5347836249584
forecast_5597,2025-08-22 05:00:00,6394.865610884662,6062.639248277749,4230.380598582327
forecast_5598,2025-08-22 06:00:00,9770.258796261412,8270.32336982468,5529.402826228312
forecast_5599,2025-08-22 07:00:00,9582.063992265632,8090.640832257068,5451.113443574956
forecast_5600,2025-08-22 08:00:00,7522.516697203501,7430.600541515042,3988.5065795694027
forecast_5601,2025-08-22 09:00:00,6947.058694367964,6109.622748211946,3005.1663621541616
forecast_5602,2025-08-22 10:00:00,4644.557394092365,3753.0692224267104,1958.331936382555
forecast_5603,2025-08-22 11:00:00,2575.6465190732956,2084.10870239156,1247.1530124633614
forecast_5604,2025-08-22 12:00:00,1955.7982394566864,1597.5537197819895,1220.76991062515
forecast_5605,2025-08-22 13:00:00,2261.4285022982967,1923.581166309872,1181.3290680957662
forecast_5606,2025-08-22 14:00:00,3041.249239000658,2350.9590413605365,2351.9244434622583
forecast_5607,2025-08-22 15:00:00,3898.3325635057427,3396.632206034331,2707.1092383125347
forecast_5608,2025-08-22 16:00:00,4541.676886637239,3998.07593445519,3368.8497977773795
forecast_5609,2025-08-22 17:00:00,5503.87722095323,5116.50107545802,3854.6076698614215
forecast_5610,2025-08-22 18:00:00,5840.534810127559,5394.732125644382,4248.2375768705115
forecast_5611,2025-08-22 19:00:00,7847.520331069675,6757.90051496114,4799.876937447754
forecast_5612,2025-08-22 20:00:00,9409.646267921044,8753.23198523634,5469.547469591291
forecast_5613,2025-08-22 21:00:00,11581.146907829143,10378.323389341182,7046.945798818952
forecast_5614,2025-08-22 22:00:00,13597.384514499938,12012.268905604624,7663.248531898407
forecast_5615,2025-08-22 23:00:00,14205.386434496218,12544.445626738374,8826.300539296615
forecast_5616,2025-08-23 00:00:00,14925.497679340948,13625.003099368629,9840.790368579686
forecast_5617,2025-08-23 01:00:00,15637.777023123694,13263.508651841801,9256.539262227006
forecast_5618,2025-08-23 02:00:00,14962.639344215459,12589.21618415025,9130.187666005613
forecast_5619,2025-08-23 03:00:00,15316.81885010102,13360.883125098591,9710.680015831022
forecast_5620,2025-08-23 04:00:00,14043.357747630855,11742.540887515563,8258.411094504852
forecast_5621,2025-08-23 05:00:00,11381.458303745909,10296.877207671881,6540.170844269716
forecast_5622,2025-08-23 06:00:00,9464.692490512816,8855.6002554154,5546.81616425631
forecast_5623,2025-08-23 07:00:00,8287.960487827282,6379.465082284751,4756.33832530163
forecast_5624,2025-08-23 08:00:00,4766.873020730429,4093.897827869152,2905.844446872733
forecast_5625,2025-08-23 09:00:00,2990.0290385211088,2155.1801872776396,1468.670083205754
forecast_5626,2025-08-23 10:00:00,659.2156822446403,718.5239400118871,409.7962411085004
forecast_5627,2025-08-23 11:00:00,293.7610029923548,235.46910813927994,165.72927592907203
forecast_5628,2025-08-23 12:00:00,219.14806682793835,247.4538008165334,187.26529338175746
forecast_5629,2025-08-23 13:00:00,169.94052970414538,157.34028179685578,145.41352423153256
forecast_5630,2025-08-23 14:00:00,190.04629572296378,172.1829924722266,151.46812283102489
forecast_5631,2025-08-23 15:00:00,181.25719668890954,182.39611510767048,125.32263265894377
forecast_5632,2025-08-23 16:00:00,258.1953522667418,155.16827572243665,201.3394996229023
forecast_5633,2025-08-23 17:00:00,384.31978044598935,442.6515224805804,343.23262214203413
forecast_5634,2025-08-23 18:00:00,848.5790632348533,965.1786483184713,444.65639269860304
forecast_5635,2025-08-23 19:00:00,1237.571718873862,1371.0530827254631,541.9928094033015
forecast_5636,2025-08-23 20:00:00,1088.0998538622482,1175.0925029950977,726.0021279235566
forecast_5637,2025-08-23 21:00:00,2109.042363219697,2108.7078076782473,1124.9767084762475
forecast_5638,2025-08-23 22:00:00,3571.35241794951,2765.9100970232535,1888.7286360609864
forecast_5639,2025-08-23 23:00:00,4330.329219756217,3064.5198674586886,2002.4322296262203
forecast_5640,2025-08-24 00:00:00,3915.772689052683,2798.548420539009,1663.7054601012917
forecast_5641,2025-08-24 01:00:00,2592.083389113746,2172.5235081275578,1056.5378492877312
forecast_5642,2025-08-24 02:00:00,2310.1039073197035,1772.8990105916316,939.1394273381812
forecast_5643,2025-08-24 03:00:00,2214.405527515339,1684.082518735678,1050.3117172595253
forecast_5644,2025-08-24 04:00:00,1829.4697706338548,1506.4398005513983,813.8296854003901
forecast_5645,2025-08-24 05:00:00,1105.3563220613387,869.6055005651334,388.7343234474243
forecast_5646,2025-08-24 06:00:00,828.6539940576369,647.8123022931092,424.6464646359651
forecast_5647,2025-08-24 07:00:00,729.8845026029528,868.2915996212029,289.55611384860293
forecast_5648,2025-08-24 08:00:00,766.9815713760478,626.9903129242006,203.47406102245654
forecast_5649,2025-08-24 09:00:00,402.5234952955783,376.1792928908927,140.7610276285391
forecast_5650,2025-08-24 10:00:00,234.17933896652804,228.52857750621266,123.04367838436426
forecast_5651,2025-08-24 11:00:00,265.5654239902729,295.6483855946064,159.35115221686425
forecast_5652,2025-08-24 12:00:00,342.77390416367155,294.07457996643706,166.49423448384164
forecast_5653,2025-08-24 13:00:00,482.3862474517692,489.650421610854,390.1776268350178
forecast_5654,2025-08-24 14:00:00,865.4562243260876,711.1519239269783,527.5896335773944
forecast_5655,2025-08-24 15:00:00,602.1099070528297,631.7703355989249,482.86701285347084
forecast_5656,2025-08-24 16:00:00,1709.8026253982227,1527.1960604199644,983.2038902106112
forecast_5657,2025-08-24 17:00:00,1875.7242078928282,1592.9856576276345,1178.3509246412357
forecast_5658,2025-08-24 18:00:00,1955.877775052788,1534.321030798088,1101.474674982754
forecast_5659,2025-08-24 19:00:00,2100.4183328084405,1772.1278978886653,1216.337359692945
forecast_5660,2025-08-24 20:00:00,2890.760049739135,2271.9367077738875,1215.6118610295964
forecast_5661,2025-08-24 21:00:00,2990.2675347090512,2332.3960976463327,1422.7102904601436
forecast_5662,2025-08-24 22:00:00,2764.9173333585572,2110.3555886943623,1300.1589781616403
forecast_5663,2025-08-24 23:00:00,2232.5297419976037,2061.4711928392653,1269.2714394081331
forecast_5664,2025-08-25 00:00:00,1967.9670565820159,1828.194840642582,1051.50902472053
forecast_5665,2025-08-25 01:00:00,2439.505803812266,2022.9195953931537,1156.4693662759853
forecast_5666,2025-08-25 02:00:00,2930.4700184090693,2121.215467596301,1333.566455878246
forecast_5667,2025-08-25 03:00:00,3404.718811826253,2658.673080717747,1432.6012221468504
forecast_5668,2025-08-25 04:00:00,2869.2700145650947,2425.5328125395004,1160.916150625138
forecast_5669,2025-08-25 05:00:00,2942.873877054263,2430.0252247530843,1391.7113005445167
forecast_5670,2025-08-25 06:00:00,3359.8544466251888,2542.2183140576913,1624.962871796971
forecast_5671,2025-08-25 07:00:00,4235.151371830906,2915.6593595977806,2127.093778767428
forecast_5672,2025-08-25 08:00:00,3666.2058424522725,2466.957238493647,1222.3775990473362
forecast_5673,2025-08-25 09:00:00,1715.2722664134121,1222.70012601995,827.7376571545192
forecast_5674,2025-08-25 10:00:00,990.3043062608224,1038.4244675046068,773.0659864233597
forecast_5675,2025-08-25 11:00:00,1261.4476828036313,1150.9554918681833,928.9275049440391
forecast_5676,2025-08-25 12:00:00,1824.7935742284146,1518.4431494795558,1103.1975357120189
forecast_5677,2025-08-25 13:00:00,1396.123342711768,1463.1986883324037,1196.0017302478734
forecast_5678,2025-08-25 14:00:00,1353.5746340060944,1427.9693756258462,1209.5525421824411
forecast_5679,2025-08-25 15:00:00,1934.1524469985534,1796.8431569647958,1538.2403521188382
forecast_5680,2025-08-25 16:00:00,2102.6144381164604,2370.0819913913915,2026.5445823320508
forecast_5681,2025-08-25 17:00:00,2690.705146032131,2790.3082820473537,2263.8297596265193
forecast_5682,2025-08-25 18:00:00,4467.531617426374,4488.9451678936475,3035.425912052055
forecast_5683,2025-08-25 19:00:00,6426.669384660595,6447.398587156139,3804.7591510799434
forecast_5684,2025-08-25 20:00:00,10264.634184655919,10140.70595565318,6665.193164350332
forecast_5685,2025-08-25 21:00:00,11301.866765378098,11673.495595658118,7506.86536067193
forecast_5686,2025-08-25 22:00:00,13537.948520227827,13159.597012874892,9731.142719325557
forecast_5687,2025-08-25 23:00:00,14574.571709612965,13973.785341204199,11613.536866095448
forecast_5688,2025-08-26 00:00:00,14659.631380113786,14773.856914459162,12428.061860801223
forecast_5689,2025-08-26 01:00:00,13988.701335809295,14914.161614522422,11063.273105077553
forecast_5690,2025-08-26 02:00:00,13067.242692511532,15051.809057143193,12377.876287176241
forecast_5691,2025-08-26 03:00:00,12732.360595251812,15507.789361845924,12235.504834223062
forecast_5692,2025-08-26 04:00:00,12984.178535376897,15355.219290712352,12458.249547018182
forecast_5693,2025-08-26 05:00:00,13082.804997344065,14934.200086127901,12544.121866556232
forecast_5694,2025-08-26 06:00:00,12933.031026607565,14904.932859127586,12852.400939282908
forecast_5695,2025-08-26 07:00:00,12107.498502526476,14575.17822210612,12267.685239806364
forecast_5696,2025-08-26 08:00:00,12602.316877534695,13677.15890609015,11546.358099436287
forecast_5697,2025-08-26 09:00:00,13943.643687874808,14497.113376395695,12389.342428019967
forecast_5698,2025-08-26 10:00:00,11208.18728451702,12648.214547273496,10645.434417094999
forecast_5699,2025-08-26 11:00:00,10359.3069045112,11678.333934044937,9794.160321461659
forecast_5700,2025-08-26 12:00:00,10251.928082402763,11565.756053700256,9104.104707507322
forecast_5701,2025-08-26 13:00:00,11604.917547636192,13157.693505283149,10371.63413799975
forecast_5702,2025-08-26 14:00:00,14268.092137873735,14934.216267667454,12131.107576831473
forecast_5703,2025-08-26 15:00:00,13666.64160746713,13053.295059634975,11961.728131071164
forecast_5704,2025-08-26 16:00:00,11361.016774451726,11570.519247711974,9236.713539319624
forecast_5705,2025-08-26 17:00:00,11886.28045358134,11693.571369761836,9139.9739855847
forecast_5706,2025-08-26 18:00:00,11302.937900715357,10519.704657941886,8128.867855121619
forecast_5707,2025-08-26 19:00:00,10250.204702100044,10397.308565737392,7978.040823802819
forecast_5708,2025-08-26 20:00:00,10918.157495813799,11047.018120895984,7748.682105706639
forecast_5709,2025-08-26 21:00:00,11716.09771015272,11666.22144806284,8635.284069929994
forecast_5710,2025-08-26 22:00:00,12007.389410033365,12074.538276979343,8447.886270914938
forecast_5711,2025-08-26 23:00:00,12224.629645441406,11339.977353194623,7623.28950551583
forecast_5712,2025-08-27 00:00:00,10684.691317601822,11105.872345509308,6951.412729814298
forecast_5713,2025-08-27 01:00:00,9923.62091321054,10889.058195120106,5860.189202514692
forecast_5714,2025-08-27 02:00:00,8509.927361883561,8815.511008985739,5554.03031799702
forecast_5715,2025-08-27 03:00:00,6290.565736486623,5923.941425356506,3879.370366230177
forecast_5716,2025-08-27 04:00:00,4545.763815064262,3379.325558263206,2568.4498687079004
forecast_5717,2025-08-27 05:00:00,2622.7661923198557,1856.243268713392,1282.4841774690808
forecast_5718,2025-08-27 06:00:00,1943.1527525225063,1545.747369302378,860.0839324830696
forecast_5719,2025-08-27 07:00:00,928.6161065096867,757.8299470429921,332.7829066576004
forecast_5720,2025-08-27 08:00:00,728.4467216025578,698.9346062967265,305.8946808580385
forecast_5721,2025-08-27 09:00:00,191.82260202571553,216.96457790917282,87.60619416464573
forecast_5722,2025-08-27 10:00:00,178.7183295470728,178.66319196542526,110.81836115082719
forecast_5723,2025-08-27 11:00:00,120.66295369761986,163.78071811211535,95.31465600478116
forecast_5724,2025-08-27 12:00:00,237.06757944854422,280.9600852919364,239.85823402278436
forecast_5725,2025-08-27 13:00:00,534.1840755949409,666.3036932967661,482.2491571383939
forecast_5726,2025-08-27 14:00:00,490.7188851205379,561.4061847340274,401.65293235793985
forecast_5727,2025-08-27 15:00:00,510.3759323285479,598.1376259659542,384.29487043628234
forecast_5728,2025-08-27 16:00:00,721.2943828714631,795.9268630666965,529.0167073794889
forecast_5729,2025-08-27 17:00:00,804.7408973590464,871.0550005680008,496.30646879861155
forecast_5730,2025-08-27 18:00:00,838.4179342617655,751.7951672223759,361.9154639195702
forecast_5731,2025-08-27 19:00:00,1057.9765145424753,834.2433457447842,344.52190829007685
forecast_5732,2025-08-27 20:00:00,1320.1058113850065,898.6096578436294,398.29348505642145
forecast_5733,2025-08-27 21:00:00,1322.8665563869977,973.278228101672,402.73019273235155
forecast_5734,2025-08-27 22:00:00,1258.3840943786302,1055.7625407132944,377.98909813191796
forecast_5735,2025-08-27 23:00:00,1056.4594006678522,920.5842887699802,167.8506972557426
forecast_5736,2025-08-28 00:00:00,1136.9634771744152,928.2878051539764,200.94627873956125
forecast_5737,2025-08-28 01:00:00,1375.1072268387325,1333.6966210150056,371.1212227353672
forecast_5738,2025-08-28 02:00:00,1567.967361584735,1656.274163107691,578.4148377306797
forecast_5739,2025-08-28 03:00:00,1877.2673350564494,2041.198958709001,719.0990782593966
forecast_5740,2025-08-28 04:00:00,2073.765244188839,2075.78362549648,692.5319797846504
forecast_5741,2025-08-28 05:00:00,2179.585706875178,2114.097855977922,998.6971889041884
forecast_5742,2025-08-28 06:00:00,2115.0847642066515,2074.0692875612485,949.0422803672709
forecast_5743,2025-08-28 07:00:00,1674.2475804176083,1818.5215626287163,635.313701617501
forecast_5744,2025-08-28 08:00:00,1527.6202415367409,1599.8809288922048,557.3589589409575
forecast_5745,2025-08-28 09:00:00,1338.8527379537816,1510.202356237571,644.5838831032268
forecast_5746,2025-08-28 10:00:00,1064.4763007968959,1182.647029616449,669.7043239805038
forecast_5747,2025-08-28 11:00:00,996.4828493431563,1091.9296544511435,788.6045925973118
forecast_5748,2025-08-28 12:00:00,1637.8777773839863,1895.5917133829093,1423.3349132126218
forecast_5749,2025-08-28 13:00:00,1786.1317145778169,2084.9389903590845,1465.3746834436636
forecast_5750,2025-08-28 14:00:00,2832.9258879765366,2987.861878500811,1812.5121624241958
forecast_5751,2025-08-28 15:00:00,3141.6580987456437,3426.7686746203763,2124.1043988473416
forecast_5752,2025-08-28 16:00:00,3247.9318837968667,3986.0111457326143,2354.8231947082736
forecast_5753,2025-08-28 17:00:00,3835.5458081237157,4622.65845089743,2574.3435340127235
forecast_5754,2025-08-28 18:00:00,4095.1653318060507,4845.800760209514,2300.3834650174313
forecast_5755,2025-08-28 19:00:00,5632.492881567302,5992.656676580184,3019.8866741971806
forecast_5756,2025-08-28 20:00:00,7108.736603320201,7790.549324004641,4763.568901777512
forecast_5757,2025-08-28 21:00:00,9624.34484940979,9315.709999664858,5931.592856148696
forecast_5758,2025-08-28 22:00:00,11599.898626883345,12136.72190531707,7738.303290405369
forecast_5759,2025-08-28 23:00:00,12838.056170934477,13579.610090208003,9796.105950758685
forecast_5760,2025-08-29 00:00:00,14145.32960808953,15047.306551229805,12040.938303737856
forecast_5761,2025-08-29 01:00:00,15753.807042202508,16548.969048174164,13149.07465155661
forecast_5762,2025-08-29 02:00:00,15984.726981416812,16711.595463265952,13399.046656238745
forecast_5763,2025-08-29 03:00:00,15448.558112789084,16559.343293986924,13382.959231780149
forecast_5764,2025-08-29 04:00:00,15584.748624722077,16554.73599524224,13643.807887095856
forecast_5765,2025-08-29 05:00:00,15409.524483710993,16577.03233815952,13837.977875242366
forecast_5766,2025-08-29 06:00:00,15424.949797746409,16334.515059941616,13475.540026787068
forecast_5767,2025-08-29 07:00:00,15048.657247333462,16181.601878037085,13320.696077718156
forecast_5768,2025-08-29 08:00:00,15184.768042438547,16241.197889799798,13239.897583317152
forecast_5769,2025-08-29 09:00:00,15354.5307197883,15870.090545107048,12805.625664260515
forecast_5770,2025-08-29 10:00:00,14604.569725986039,13607.265468040008,11786.430600254467
forecast_5771,2025-08-29 11:00:00,13169.169293000728,12077.729275902831,10699.03104243229
forecast_5772,2025-08-29 12:00:00,12382.545723953255,10481.222842315778,9480.239036622712
forecast_5773,2025-08-29 13:00:00,12616.23636822104,10595.523654150507,9492.030944334432
forecast_5774,2025-08-29 14:00:00,11932.417917635914,10936.387984747133,8449.59588939263
forecast_5775,2025-08-29 15:00:00,12114.848301251866,11150.640154058876,8697.568396686282
forecast_5776,2025-08-29 16:00:00,12250.5112865117,11051.6974912085,8034.656195661429
forecast_5777,2025-08-29 17:00:00,12342.925207632938,10937.1979772991,8704.197546668696
forecast_5778,2025-08-29 18:00:00,11272.65985846266,10531.612600183307,7596.395527096033
forecast_5779,2025-08-29 19:00:00,12072.394207319665,10738.654329707544,8451.492364018713
forecast_5780,2025-08-29 20:00:00,13585.484685118694,11829.113553562822,8380.837350612093
forecast_5781,2025-08-29 21:00:00,13641.234431537985,12223.597911589979,8879.21129096255
forecast_5782,2025-08-29 22:00:00,14559.490824149745,13419.50249362734,8950.544301894268
forecast_5783,2025-08-29 23:00:00,14800.957278562233,13516.126985374358,9218.335226309311
forecast_5784,2025-08-30 00:00:00,14466.750869016041,12576.101835774829,8832.801801605057
forecast_5785,2025-08-30 01:00:00,15008.58868020573,13599.533355635302,10516.809230523557
forecast_5786,2025-08-30 02:00:00,14011.656340556052,13350.009785068472,8750.942959871407
forecast_5787,2025-08-30 03:00:00,13061.109004317796,12070.369894838623,8096.855475565958
forecast_5788,2025-08-30 04:00:00,12055.23707214892,11452.095151742178,7825.318010225441
forecast_5789,2025-08-30 05:00:00,11098.417711893835,10576.905514946924,5559.2634454192175
forecast_5790,2025-08-30 06:00:00,10465.587537999425,8675.907911846463,4682.217436652663
forecast_5791,2025-08-30 07:00:00,9115.439165860711,7497.528968653336,4282.84773519021
forecast_5792,2025-08-30 08:00:00,7964.942189526438,6722.898951078495,3645.0172456378527
forecast_5793,2025-08-30 09:00:00,4777.796675966108,3813.485945962547,2491.906815718856
forecast_5794,2025-08-30 10:00:00,2459.808679689398,2127.2656014193185,1338.522466093193
forecast_5795,2025-08-30 11:00:00,1589.3212999840139,1362.2833745810526,1029.3965288495456
forecast_5796,2025-08-30 12:00:00,1213.3769647704748,936.6505371980467,864.3217431312846
forecast_5797,2025-08-30 13:00:00,1522.6654724401822,1293.0221779218773,960.1944132902529
forecast_5798,2025-08-30 14:00:00,1757.3176398605005,1513.2046155802202,1073.2509107874512
forecast_5799,2025-08-30 15:00:00,1879.912226864926,1614.3518347963422,1288.2799398358907
forecast_5800,2025-08-30 16:00:00,2238.29925660884,2154.6277335622967,1363.452474378935
forecast_5801,2025-08-30 17:00:00,2143.6936925130453,2039.639476882815,1214.245864944515
forecast_5802,2025-08-30 18:00:00,2291.2424479537863,2321.3703278865955,1265.320880499538
forecast_5803,2025-08-30 19:00:00,2432.2823046723834,2347.673308351388,1402.2662199224058
forecast_5804,2025-08-30 20:00:00,4680.760603699194,3768.23589674687,2060.3094773646194
forecast_5805,2025-08-30 21:00:00,4933.6881883821125,4229.871124652027,2458.840406630818
forecast_5806,2025-08-30 22:00:00,4279.225804744118,4185.263129554021,2434.007377032779
forecast_5807,2025-08-30 23:00:00,4600.85262245034,3857.2494216179934,2368.2338889526886
forecast_5808,2025-08-31 00:00:00,4959.597449827127,4377.9313614078255,2294.5828970311354
forecast_5809,2025-08-31 01:00:00,5738.350421648931,6222.458837156384,2649.5637962154065
forecast_5810,2025-08-31 02:00:00,6308.302508228789,6907.828904091986,3152.0418388196376
forecast_5811,2025-08-31 03:00:00,5615.6671871137905,6694.553955549343,2581.2009625450896
forecast_5812,2025-08-31 04:00:00,5105.272037380698,5353.197719841121,2090.9071468510047
forecast_5813,2025-08-31 05:00:00,3429.7535154746674,3282.461739837837,1361.793826824518
forecast_5814,2025-08-31 06:00:00,2666.8355532743526,2162.3401568077816,889.8027740116687
forecast_5815,2025-08-31 07:00:00,1852.6005748062944,1583.1742078518648,603.4594491359942
forecast_5816,2025-08-31 08:00:00,1522.7922110843829,1399.9859419264944,407.91184377300675
forecast_5817,2025-08-31 09:00:00,987.4023793900741,932.6230952859593,351.3046150107116
forecast_5818,2025-08-31 10:00:00,668.9224889090631,860.4524778914721,348.3961647524236
forecast_5819,2025-08-31 11:00:00,738.678820597081,704.9320921522915,494.63509487478586
forecast_5820,2025-08-31 12:00:00,1009.2637034183292,1157.8701542225674,810.9506472378271
forecast_5821,2025-08-31 13:00:00,1293.9360800678041,1560.1463889922575,1103.618541938765
forecast_5822,2025-08-31 14:00:00,1810.361539331744,2595.836051676107,1348.4966254328967
forecast_5823,2025-08-31 15:00:00,2788.0311599125625,3723.9101921094684,2244.790998027122
forecast_5824,2025-08-31 16:00:00,3604.7477559353256,4493.197447421528,2653.9611736610977
forecast_5825,2025-08-31 17:00:00,4459.002870786049,5730.471280243988,3209.634429633676
forecast_5826,2025-08-31 18:00:00,5694.127478865417,6321.924506898289,3730.9009718558405
forecast_5827,2025-08-31 19:00:00,6796.9867863840955,8976.287625631048,4951.199940574447
forecast_5828,2025-08-31 20:00:00,7942.729861555755,10183.354151911228,6117.818133620458
forecast_5829,2025-08-31 21:00:00,8493.528180968891,10251.494299240581,6336.790837483871
forecast_5830,2025-08-31 22:00:00,10806.593093118347,11496.592819656858,8141.81351930641
forecast_5831,2025-08-31 23:00:00,11299.958419877212,12032.4284765702,8089.714209001268
forecast_5832,2025-09-01 00:00:00,10873.697037175785,12146.651366051909,7534.3041214558525
forecast_5833,2025-09-01 01:00:00,11363.21796766875,12463.025036720335,7617.299315244925
forecast_5834,2025-09-01 02:00:00,10027.81979387852,11699.544637166271,6655.1654251682285
forecast_5835,2025-09-01 03:00:00,10926.588938445037,12133.601860976854,8128.794266805868
forecast_5836,2025-09-01 04:00:00,11520.346476973526,12613.974587765384,9943.67294380125
forecast_5837,2025-09-01 05:00:00,11253.227176153661,13426.1294079334,10610.76083876501
forecast_5838,2025-09-01 06:00:00,10833.634863722016,11778.363002783863,9115.530860053841
forecast_5839,2025-09-01 07:00:00,9680.80032395116,11370.706212393443,8515.600293576515
forecast_5840,2025-09-01 08:00:00,9061.759382759774,10344.04627411059,7499.207372016791
forecast_5841,2025-09-01 09:00:00,7786.442786267583,10015.563256078542,6893.774064221936
forecast_5842,2025-09-01 10:00:00,6662.440973712425,7951.463789787312,6205.8548246489145
forecast_5843,2025-09-01 11:00:00,5768.4801757257555,6189.367072257056,4850.658913066565
forecast_5844,2025-09-01 12:00:00,5728.182445829345,5998.451757206769,4576.597583822599
forecast_5845,2025-09-01 13:00:00,5819.7457236805385,6039.277587283729,4968.206417085783
forecast_5846,2025-09-01 14:00:00,6237.094044921046,5962.148014843619,5537.959779999051
forecast_5847,2025-09-01 15:00:00,6769.786472226284,7543.081623483918,6852.829590243027
forecast_5848,2025-09-01 16:00:00,9616.144071415554,9532.019921007304,6955.422003372062
forecast_5849,2025-09-01 17:00:00,9908.134825376423,9726.75737908994,8072.297683350028
forecast_5850,2025-09-01 18:00:00,10012.26444688622,9825.899741074172,8138.398137931576
forecast_5851,2025-09-01 19:00:00,9553.947961484932,10130.743175002372,7304.00542097827
forecast_5852,2025-09-01 20:00:00,10202.762763222441,9779.826445583843,6066.597176149948
forecast_5853,2025-09-01 21:00:00,8393.95484591008,8849.336877291058,4479.064547976151
forecast_5854,2025-09-01 22:00:00,8705.71460487902,8992.194069914636,4691.771423729273
forecast_5855,2025-09-01 23:00:00,10093.181601075557,10642.961299137734,5912.219110937998
forecast_5856,2025-09-02 00:00:00,9821.638215189987,9874.626914790917,6254.930759507421
forecast_5857,2025-09-02 01:00:00,12477.882943515015,12659.890225777683,9598.339573188847
forecast_5858,2025-09-02 02:00:00,11185.401152791412,11742.588874551577,8254.561120187007
forecast_5859,2025-09-02 03:00:00,11280.800091238092,11182.397028579959,8170.418229224739
forecast_5860,2025-09-02 04:00:00,9612.059854964968,9955.724420819177,7216.175503724529
forecast_5861,2025-09-02 05:00:00,7862.6954012266715,8890.439426468994,6511.637076445731
forecast_5862,2025-09-02 06:00:00,7445.582685131044,8323.676572797058,5679.705265140162
forecast_5863,2025-09-02 07:00:00,6896.168457374924,7419.881247289684,5043.910045933975
forecast_5864,2025-09-02 08:00:00,6464.736104023337,6486.962045740549,4317.242884363352
forecast_5865,2025-09-02 09:00:00,5400.655736719239,5057.2347803806715,3079.404278191468
forecast_5866,2025-09-02 10:00:00,4796.867477188512,4409.430682798726,2402.013290699788
forecast_5867,2025-09-02 11:00:00,3093.9922959824025,2969.72378372376,1674.6931870897083
forecast_5868,2025-09-02 12:00:00,1888.0613808089302,2082.4389942895655,1153.0951855042115
forecast_5869,2025-09-02 13:00:00,1328.7538277701371,1522.0451369038267,721.0773155874515
forecast_5870,2025-09-02 14:00:00,457.03210794524324,499.27269108912486,277.6316300214637
forecast_5871,2025-09-02 15:00:00,287.3048330066068,300.7780492577432,208.25974773334733
forecast_5872,2025-09-02 16:00:00,561.6951978898927,429.1762978037836,315.89384618364846
forecast_5873,2025-09-02 17:00:00,495.0009340201866,422.61061850328844,210.8947826587024
forecast_5874,2025-09-02 18:00:00,357.931611692382,252.8511200434003,108.64403843510186
forecast_5875,2025-09-02 19:00:00,388.15955830869035,345.0205623237331,98.34378338143573
forecast_5876,2025-09-02 20:00:00,451.27261378167765,310.66454525617553,70.83053573848294
forecast_5877,2025-09-02 21:00:00,384.68770648291587,318.19505164482734,84.97311330019699
forecast_5878,2025-09-02 22:00:00,566.4843709316792,384.5110477565375,202.48553537598326
forecast_5879,2025-09-02 23:00:00,454.1248575079176,337.16121714384377,164.35442288176841
forecast_5880,2025-09-03 00:00:00,310.08026375844656,229.004145599233,77.55425098928144
forecast_5881,2025-09-03 01:00:00,468.29216869131665,298.50549903082316,195.57018655451708
forecast_5882,2025-09-03 02:00:00,403.8229470630861,313.6642681192695,132.02247188795303
forecast_5883,2025-09-03 03:00:00,322.88297219000464,263.67341853496504,106.09231929502306
forecast_5884,2025-09-03 04:00:00,500.216875275307,455.57696298647596,188.55164468890123
forecast_5885,2025-09-03 05:00:00,331.00065428107234,310.9310309359448,108.10378225371578
forecast_5886,2025-09-03 06:00:00,371.3587256724536,306.7865554185888,79.15555355540103
forecast_5887,2025-09-03 07:00:00,274.83986928046664,258.4596376910409,73.03027937409
forecast_5888,2025-09-03 08:00:00,229.6664046846946,231.27862079398756,66.53051328660705
forecast_5889,2025-09-03 09:00:00,193.99588922290397,163.38257208878608,60.21978183926055
forecast_5890,2025-09-03 10:00:00,138.08097358981234,119.08883052917439,71.68960999643113
forecast_5891,2025-09-03 11:00:00,184.327001855103,184.3248814867144,109.81565499079689
forecast_5892,2025-09-03 12:00:00,313.99123419492577,377.82400816479617,209.62397030130444
forecast_5893,2025-09-03 13:00:00,461.3407598978187,447.38122791659123,245.89273790972618
forecast_5894,2025-09-03 14:00:00,468.93305112918716,458.4278605225707,283.0886486619593
forecast_5895,2025-09-03 15:00:00,453.2839398183755,464.16882359730465,289.3047483304064
forecast_5896,2025-09-03 16:00:00,458.6862578687151,425.5996609073876,233.53592483095377
forecast_5897,2025-09-03 17:00:00,454.7460902305013,376.04567604349916,222.5330592880741
forecast_5898,2025-09-03 18:00:00,290.8025693548416,240.43046154301794,130.0373165409951
forecast_5899,2025-09-03 19:00:00,325.24805933775207,235.3166126997728,90.17348753425061
forecast_5900,2025-09-03 20:00:00,407.0721294834026,293.97857924409544,141.50766863368167
forecast_5901,2025-09-03 21:00:00,528.8514856432573,385.5664424152731,123.25457986568622
forecast_5902,2025-09-03 22:00:00,804.1202137255088,607.4966040021055,177.73752209155094
forecast_5903,2025-09-03 23:00:00,718.6686968471051,588.0600977732402,181.63800982972015
forecast_5904,2025-09-04 00:00:00,844.2785802189867,779.4779633478523,173.0072203967164
forecast_5905,2025-09-04 01:00:00,1481.8835737449692,1117.6994501376455,307.0012321932745
forecast_5906,2025-09-04 02:00:00,1428.8196023395365,1130.2302312835236,268.7660221753242
forecast_5907,2025-09-04 03:00:00,943.9025552365008,704.7168317809525,112.23068871039457
forecast_5908,2025-09-04 04:00:00,769.3805624159886,539.6388103851273,96.45768844141283
forecast_5909,2025-09-04 05:00:00,1117.8136359187154,720.868568943444,174.32916439556718
forecast_5910,2025-09-04 06:00:00,1336.0741625701924,949.1289299393925,298.6920132976348
forecast_5911,2025-09-04 07:00:00,1709.4414188338753,1396.1056337914854,466.4503115866958
forecast_5912,2025-09-04 08:00:00,2099.8652215433253,1640.5072779782406,604.0778107899131
forecast_5913,2025-09-04 09:00:00,1857.2089539595524,1451.2666704559965,547.0222102085631
forecast_5914,2025-09-04 10:00:00,1321.7883659456115,1023.4242662396003,430.22277428271303
forecast_5915,2025-09-04 11:00:00,818.1414576257854,816.8930662085263,394.78718377111636
forecast_5916,2025-09-04 12:00:00,906.5222138604797,898.0224459823745,589.0328923169702
forecast_5917,2025-09-04 13:00:00,1153.5898255590032,1304.0557653111907,784.908994938373
forecast_5918,2025-09-04 14:00:00,977.379339928944,1112.024457473631,602.3528454630406
forecast_5919,2025-09-04 15:00:00,973.3736441533213,1257.9668872121742,586.0760276378768
forecast_5920,2025-09-04 16:00:00,1243.3875594242425,1658.8172779420788,934.3402920886134
forecast_5921,2025-09-04 17:00:00,1487.1517080306448,1763.2350172925183,963.9971197685645
forecast_5922,2025-09-04 18:00:00,1870.9469326302599,2060.051282902332,968.2503375073375
forecast_5923,2025-09-04 19:00:00,1995.7747948414437,2353.1651393531547,909.4273070607287
forecast_5924,2025-09-04 20:00:00,2533.639858033667,2508.917521812197,925.5177666767447
forecast_5925,2025-09-04 21:00:00,2650.0586245769605,2748.4954396812564,1087.1531024385451
forecast_5926,2025-09-04 22:00:00,2387.4527821299607,2819.641660524252,962.8269920766676
forecast_5927,2025-09-04 23:00:00,2240.3591308938217,2351.1697399248706,908.845302585991
forecast_5928,2025-09-05 00:00:00,2153.3220224377906,2080.92665031388,785.2326221743637
forecast_5929,2025-09-05 01:00:00,1646.718084852318,1846.3232884649706,491.30212557116545
forecast_5930,2025-09-05 02:00:00,1952.6240391314323,1550.9398018828228,856.5209074307388
forecast_5931,2025-09-05 03:00:00,2220.4956299903247,1903.6611163770676,894.2856847061943
forecast_5932,2025-09-05 04:00:00,1828.6581227968957,1842.2970850244833,893.632256614533
forecast_5933,2025-09-05 05:00:00,2047.8214074827672,2371.21972218863,1023.5697046335824
forecast_5934,2025-09-05 06:00:00,1941.5941754351575,1758.6654774973472,655.5911123707834
forecast_5935,2025-09-05 07:00:00,1457.5123257176008,1230.22098476729,549.7280445781819
forecast_5936,2025-09-05 08:00:00,1566.7151119758626,1610.2384680995324,660.6663494999336
forecast_5937,2025-09-05 09:00:00,1286.2559119458015,1102.5453614499565,524.3657704461219
forecast_5938,2025-09-05 10:00:00,761.4966819514351,691.7386913804206,385.46697572620184
forecast_5939,2025-09-05 11:00:00,595.8339453518987,546.5486245684909,261.3458676036512
forecast_5940,2025-09-05 12:00:00,146.04634192494382,190.3336051591516,128.23407751434377
forecast_5941,2025-09-05 13:00:00,134.6827657596213,172.4001261119941,97.10996050393054
forecast_5942,2025-09-05 14:00:00,168.02772971899307,192.6426883457683,120.06188245830639
forecast_5943,2025-09-05 15:00:00,168.77913379589577,201.2218753925158,113.82638789533416
forecast_5944,2025-09-05 16:00:00,256.4537769627604,330.6152990154244,156.07774330597462
forecast_5945,2025-09-05 17:00:00,425.3671671119723,485.5879744424249,200.77079521461658
forecast_5946,2025-09-05 18:00:00,709.3787995617413,800.2326033639291,251.64349197990495
forecast_5947,2025-09-05 19:00:00,936.1029644436543,1055.94032256415,301.0606238884598
forecast_5948,2025-09-05 20:00:00,1081.223283364563,1060.566350981066,345.6627730048219
forecast_5949,2025-09-05 21:00:00,1509.67552507132,1421.5919706813538,457.0391650316004
forecast_5950,2025-09-05 22:00:00,1892.5067107143498,2255.8544929251025,671.9396397236476
forecast_5951,2025-09-05 23:00:00,2227.277388660875,2662.8424387743785,1286.1613328260746
forecast_5952,2025-09-06 00:00:00,2894.1458559375324,3261.1554418341075,1568.3714395588736
forecast_5953,2025-09-06 01:00:00,6503.123713284383,7389.731405959277,3677.63393897171
forecast_5954,2025-09-06 02:00:00,8373.977244357166,10204.986482397257,5903.855607280399
forecast_5955,2025-09-06 03:00:00,11067.344393600852,11790.724343201342,6738.239704781778
forecast_5956,2025-09-06 04:00:00,11655.932184790066,12547.104031568757,8286.9263683041
forecast_5957,2025-09-06 05:00:00,12919.449260535026,13169.777177225764,9944.260822332179
forecast_5958,2025-09-06 06:00:00,12683.02162125548,13871.082627018035,10697.229195947923
forecast_5959,2025-09-06 07:00:00,12989.7263864835,13595.89635028185,10735.545908553571
forecast_5960,2025-09-06 08:00:00,11543.560498291105,12345.169874466172,9584.158796528223
forecast_5961,2025-09-06 09:00:00,11611.988553316116,12485.414612505618,10350.758525213894
forecast_5962,2025-09-06 10:00:00,10992.747628245968,11343.56670049491,10829.992670019808
forecast_5963,2025-09-06 11:00:00,10634.657608988218,10940.487415693673,10935.8830911996
forecast_5964,2025-09-06 12:00:00,11071.653777313904,10518.730405286084,10934.581431554105
forecast_5965,2025-09-06 13:00:00,10778.81498713164,10435.137399126303,10073.158240338393
forecast_5966,2025-09-06 14:00:00,10891.479712730303,10594.86619458587,10479.521805414795
forecast_5967,2025-09-06 15:00:00,13130.683103191572,13937.529507492425,12263.048510535611
forecast_5968,2025-09-06 16:00:00,15827.34772806282,15738.115770926728,13571.35971194812
forecast_5969,2025-09-06 17:00:00,14298.995247774657,14093.946013248924,12297.604695931506
forecast_5970,2025-09-06 18:00:00,13486.903639060369,14325.281160909723,11810.640256926648
forecast_5971,2025-09-06 19:00:00,13810.429483439584,15440.819930845342,12609.110477591574
forecast_5972,2025-09-06 20:00:00,13878.947814586803,14785.3559706852,12433.518584585227
forecast_5973,2025-09-06 21:00:00,15191.60652132979,15756.864095456325,12758.199883189081
forecast_5974,2025-09-06 22:00:00,15450.686583275427,16538.781299807524,13657.942358159253
forecast_5975,2025-09-06 23:00:00,15576.375392897186,16634.880742173045,13852.794797200606
forecast_5976,2025-09-07 00:00:00,15953.95698533178,16215.88962986602,14057.074991755198
forecast_5977,2025-09-07 01:00:00,16416.88211869823,17335.66669813131,14592.39109830612
forecast_5978,2025-09-07 02:00:00,16180.253916315554,17487.942297251422,14529.197586898748
forecast_5979,2025-09-07 03:00:00,15197.477297344049,16851.483860861077,13763.720524449851
forecast_5980,2025-09-07 04:00:00,14426.504056494468,15913.566805320384,12658.502571961322
forecast_5981,2025-09-07 05:00:00,13947.167863615405,14857.375671195821,12239.017294412095
forecast_5982,2025-09-07 06:00:00,13462.557521787712,13583.957320233216,11255.645887584822
forecast_5983,2025-09-07 07:00:00,12704.173451014154,12909.41768113497,10589.415238543776
forecast_5984,2025-09-07 08:00:00,13061.081895366166,12812.883518694991,10526.395606117376
forecast_5985,2025-09-07 09:00:00,11519.263086517078,10979.627872494279,8777.634625156763
forecast_5986,2025-09-07 10:00:00,10366.616829205132,10335.072968732715,7000.517798200336
forecast_5987,2025-09-07 11:00:00,9289.188437231933,9332.131782054807,6567.895011452745
forecast_5988,2025-09-07 12:00:00,6162.041382400195,6354.752558632966,3481.693507570273
forecast_5989,2025-09-07 13:00:00,4554.043402940129,4325.96386534115,2896.7614903918884
forecast_5990,2025-09-07 14:00:00,3731.571547558691,3541.198648685602,2821.27397421459
forecast_5991,2025-09-07 15:00:00,6453.282485411112,5541.612652764165,3820.7564987738674
forecast_5992,2025-09-07 16:00:00,7752.685560871448,7435.327688744085,4688.688229618082
forecast_5993,2025-09-07 17:00:00,7852.948105670291,7588.2098891800915,4552.357124431909
forecast_5994,2025-09-07 18:00:00,8904.713716034676,9068.159552945757,5433.662912052164
forecast_5995,2025-09-07 19:00:00,10778.587169443379,11261.568228038685,7301.584146052959
forecast_5996,2025-09-07 20:00:00,11710.804832133026,11667.09626647099,7601.919055892878
forecast_5997,2025-09-07 21:00:00,11653.964970360355,11096.59993402332,6662.23442455195
forecast_5998,2025-09-07 22:00:00,11745.025119585283,11098.447468493165,6968.981489654353
forecast_5999,2025-09-07 23:00:00,11060.491097951388,10983.03863822889,7100.845297241103
forecast_6000,2025-09-08 00:00:00,11233.067873197244,11264.419859790307,7127.859957203394
forecast_6001,2025-09-08 01:00:00,9218.99431896503,8266.862206453476,4735.506726044167
forecast_6002,2025-09-08 02:00:00,8329.927588483373,8574.204580378308,4790.438280069976
forecast_6003,2025-09-08 03:00:00,7315.479584534089,5993.61225864295,3648.3858874090993
forecast_6004,2025-09-08 04:00:00,6894.888323161651,4735.1212801281745,3291.7817659317634
forecast_6005,2025-09-08 05:00:00,4413.271412796141,3264.1654471225056,2234.270184967071
forecast_6006,2025-09-08 06:00:00,3235.1131687611996,1821.4496389233007,1217.378823316445
forecast_6007,2025-09-08 07:00:00,2000.3030365430295,1281.3153298010368,885.0707430395297
forecast_6008,2025-09-08 08:00:00,649.7582013977011,556.923688135407,353.3626943742088
forecast_6009,2025-09-08 09:00:00,479.6966507119903,401.8803615467897,156.16519465492328
forecast_6010,2025-09-08 10:00:00,201.1960591834483,195.9750878307001,106.7991601143092
forecast_6011,2025-09-08 11:00:00,152.99358542871232,207.96333217574903,96.30551701551528
forecast_6012,2025-09-08 12:00:00,199.84190913445266,192.8539365410612,119.63789957430988
forecast_6013,2025-09-08 13:00:00,327.9537026638034,340.0705519238355,255.7866354475458
forecast_6014,2025-09-08 14:00:00,445.25787821913394,360.4930636548913,304.4071870988145
forecast_6015,2025-09-08 15:00:00,406.34645125426226,302.09872860221833,228.44335599725153
forecast_6016,2025-09-08 16:00:00,1144.8896361698983,940.7374136665067,643.9784811201087
forecast_6017,2025-09-08 17:00:00,3189.203815810362,2938.066624342983,1378.7625983257722
forecast_6018,2025-09-08 18:00:00,4051.371264589781,3002.9599396805506,1552.8722108241725
forecast_6019,2025-09-08 19:00:00,3477.9655408535514,3234.9502904066067,1389.9522462159512
forecast_6020,2025-09-08 20:00:00,3985.4110308672007,3246.353607268258,1504.4470059431872
forecast_6021,2025-09-08 21:00:00,2309.053093938615,2358.987437763172,898.6207771544572
forecast_6022,2025-09-08 22:00:00,2105.291976988591,2035.3503962122556,784.315012908529
forecast_6023,2025-09-08 23:00:00,2011.9897105196997,1728.6617913746002,783.3714809914248
forecast_6024,2025-09-09 00:00:00,1719.7580210569456,1504.648956722409,706.6928089705997
forecast_6025,2025-09-09 01:00:00,3268.998294147089,2931.664288200939,1168.1106250342789
forecast_6026,2025-09-09 02:00:00,2328.2737354417764,2178.5969976549572,969.4294737342688
forecast_6027,2025-09-09 03:00:00,2134.087914229417,1845.673821592723,1021.9268941442664
forecast_6028,2025-09-09 04:00:00,1952.2159997301399,1671.7315716253934,620.2859204061846
forecast_6029,2025-09-09 05:00:00,2016.4776173910836,1724.3706089420182,842.7026548347221
forecast_6030,2025-09-09 06:00:00,1570.8991754743915,1573.0937464393562,792.5268026323694
forecast_6031,2025-09-09 07:00:00,1128.31012699469,922.1950003390956,317.975521016198
forecast_6032,2025-09-09 08:00:00,970.9432973258913,869.0948416277425,368.8927238354973
forecast_6033,2025-09-09 09:00:00,1201.722407545352,1120.7674632485653,436.6407648146412
forecast_6034,2025-09-09 10:00:00,2361.3841464175443,1899.6335769770471,988.6843083530006
forecast_6035,2025-09-09 11:00:00,2037.1275497368617,1783.3717812771058,945.4934768367534
forecast_6036,2025-09-09 12:00:00,1879.8942746389887,2058.539560039236,1024.114251080259
forecast_6037,2025-09-09 13:00:00,1171.63974655996,1337.769033313289,626.0631861174533
forecast_6038,2025-09-09 14:00:00,1043.6875036661725,1023.3339612775058,526.9019384485566
forecast_6039,2025-09-09 15:00:00,1041.008224270015,1058.3087607288912,527.7811775650288
forecast_6040,2025-09-09 16:00:00,1171.7373048653658,1287.9264632625234,451.54762607109205
forecast_6041,2025-09-09 17:00:00,1356.1873797477433,1174.9331557343548,420.4907123756575
forecast_6042,2025-09-09 18:00:00,1351.8779978078169,1310.3365882013986,516.2453650156153
forecast_6043,2025-09-09 19:00:00,1291.6674798403005,1266.1242625767484,403.22620596404164
forecast_6044,2025-09-09 20:00:00,1521.528465590105,1591.5272116669928,386.8447499940036
forecast_6045,2025-09-09 21:00:00,1417.099339021041,1410.6121933745885,336.78023221978304
forecast_6046,2025-09-09 22:00:00,1282.1482635481564,1305.5514754563776,394.77190149717063
forecast_6047,2025-09-09 23:00:00,1241.8377541458203,1266.2683374251933,342.65917243603343
forecast_6048,2025-09-10 00:00:00,1073.5477323095708,1045.062543195571,242.6714028906501
forecast_6049,2025-09-10 01:00:00,1556.475870436286,1600.9222562979157,489.4836182507855
forecast_6050,2025-09-10 02:00:00,1700.2322296715784,1684.6804734896937,499.7342127739069
forecast_6051,2025-09-10 03:00:00,1680.9590097298917,1655.7936084872806,481.6822382950625
forecast_6052,2025-09-10 04:00:00,1551.5954138616169,1636.5634156246588,523.839360827699
forecast_6053,2025-09-10 05:00:00,1548.5602421539093,1553.8472765083916,514.5279577200919
forecast_6054,2025-09-10 06:00:00,1818.565921124121,1800.235308813986,455.1436400350727
forecast_6055,2025-09-10 07:00:00,1873.0421376404038,1911.8032774914195,526.2795215312865
forecast_6056,2025-09-10 08:00:00,1930.002979878344,2065.337645066762,614.1100012298206
forecast_6057,2025-09-10 09:00:00,1823.1516124142142,1982.9445701922118,838.2609689260586
forecast_6058,2025-09-10 10:00:00,1329.090740899288,1308.6007363746462,938.0978433400485
forecast_6059,2025-09-10 11:00:00,1144.0195173538566,1088.747834415512,1343.5553672389133
forecast_6060,2025-09-10 12:00:00,1152.3270455654779,1076.6840403938418,1534.157881973872
forecast_6061,2025-09-10 13:00:00,950.7104734771326,1049.6220296499464,1253.4402161197281
forecast_6062,2025-09-10 14:00:00,817.4746172790406,838.0955978077129,846.9084361917189
forecast_6063,2025-09-10 15:00:00,745.2329354972037,707.9200956800751,636.2937192193358
forecast_6064,2025-09-10 16:00:00,583.0020460777896,631.5331454369481,601.6908672557691
forecast_6065,2025-09-10 17:00:00,477.97209605916305,701.6130977907715,312.0704664770457
forecast_6066,2025-09-10 18:00:00,897.4033089092713,972.2333024418548,371.5963536933599
forecast_6067,2025-09-10 19:00:00,1287.7310240066981,1410.664253449211,413.60037585116675
forecast_6068,2025-09-10 20:00:00,1619.8843069246896,1828.7743779174834,532.8388275859646
forecast_6069,2025-09-10 21:00:00,1807.9027072852195,2125.35009380456,600.6690678933171
forecast_6070,2025-09-10 22:00:00,1834.2311861893945,2308.6316323869223,651.6269400091322
forecast_6071,2025-09-10 23:00:00,1916.4244315686349,2408.087583067731,684.8812558547394
forecast_6072,2025-09-11 00:00:00,2084.2675721830556,2796.026028604976,871.8619910882624
forecast_6073,2025-09-11 01:00:00,1678.8179495354987,1644.0602344758433,436.480027042445
forecast_6074,2025-09-11 02:00:00,1695.8198112773468,1806.1399948020571,507.7393351117827
forecast_6075,2025-09-11 03:00:00,2152.361225849565,2088.374440087809,619.4347932110003
forecast_6076,2025-09-11 04:00:00,2393.0740442946208,2295.646885172384,747.5406311925173
forecast_6077,2025-09-11 05:00:00,2693.6407809236007,2633.6973671688174,1014.3147554248847
forecast_6078,2025-09-11 06:00:00,3192.006042723798,3086.120310373216,1328.6055452809646
forecast_6079,2025-09-11 07:00:00,4165.32557811841,4610.724170061733,1690.6567573264304
forecast_6080,2025-09-11 08:00:00,3608.8754622006345,4226.567510650676,1804.5911927318489
forecast_6081,2025-09-11 09:00:00,3173.184274509944,3811.9801416785835,1835.0659471182134
forecast_6082,2025-09-11 10:00:00,2170.1927906498636,3210.436138326203,1959.670662194893
forecast_6083,2025-09-11 11:00:00,2361.3150988310317,2970.1945124823114,2213.59999053732
forecast_6084,2025-09-11 12:00:00,2618.010208364572,3445.9664645077023,2335.608441777427
forecast_6085,2025-09-11 13:00:00,2774.975459842773,3734.4649443812177,2694.1933708715565
forecast_6086,2025-09-11 14:00:00,2757.465968105043,3709.1344410704887,2738.827728718597
forecast_6087,2025-09-11 15:00:00,2630.7342341579547,3536.0171531253263,2353.9292787309755
forecast_6088,2025-09-11 16:00:00,2167.5495341446517,3202.083252466132,2145.567248485825
forecast_6089,2025-09-11 17:00:00,2817.4128220513994,3582.3697088618214,2205.5759209269463
forecast_6090,2025-09-11 18:00:00,2947.978012495851,3492.935024356082,1671.6192497199377
forecast_6091,2025-09-11 19:00:00,4112.865261369148,4656.978767509797,1729.435768579645
forecast_6092,2025-09-11 20:00:00,5080.937003397386,5520.406749292934,1819.243423325125
forecast_6093,2025-09-11 21:00:00,5251.78513093424,5663.75276071923,2008.5995540629267
forecast_6094,2025-09-11 22:00:00,6666.834888722087,6787.118502670162,2315.480258062365
forecast_6095,2025-09-11 23:00:00,7061.209678486855,7529.463239751476,2624.3413352030925
forecast_6096,2025-09-12 00:00:00,6414.970095202615,6241.491345078671,2596.6686473878967
forecast_6097,2025-09-12 01:00:00,6100.425442950047,5995.260431297413,2124.229680658034
forecast_6098,2025-09-12 02:00:00,5789.694047024732,5322.187262723946,1719.6621731806656
forecast_6099,2025-09-12 03:00:00,3867.1910036961767,4208.896707507895,1536.7525895974825
forecast_6100,2025-09-12 04:00:00,3593.4017997350265,4252.767166614813,1611.944262881465
forecast_6101,2025-09-12 05:00:00,3236.7183500545716,3796.5529597190193,1454.6062347264724
forecast_6102,2025-09-12 06:00:00,2954.9377097518313,3149.6141464747675,1267.3497848392553
forecast_6103,2025-09-12 07:00:00,3397.6509003145843,3883.956755066742,1292.450685592252
forecast_6104,2025-09-12 08:00:00,3208.034732082169,3530.72336411353,1333.7947958843079
forecast_6105,2025-09-12 09:00:00,3199.6359993817,3275.580822135578,1335.0955070976597
forecast_6106,2025-09-12 10:00:00,2252.672840841502,2615.835009999982,1447.4573102501738
forecast_6107,2025-09-12 11:00:00,2719.132865290969,3348.843941482834,1769.9622834830525
forecast_6108,2025-09-12 12:00:00,2546.1330049529656,3081.604600051335,1770.5685273905694
forecast_6109,2025-09-12 13:00:00,2273.0874282533086,2668.9659030391244,1467.486644313828
forecast_6110,2025-09-12 14:00:00,2414.273064438111,2373.3112210976224,1058.3518974738936
forecast_6111,2025-09-12 15:00:00,2508.146236485778,2253.0241254476105,952.333858395018
forecast_6112,2025-09-12 16:00:00,2898.31493704129,2765.5630169338733,942.1648476360624
forecast_6113,2025-09-12 17:00:00,3383.4319216857407,3094.2289703277243,1015.1412377737827
forecast_6114,2025-09-12 18:00:00,3782.1011537026975,3372.123445793399,1286.6380718089495
forecast_6115,2025-09-12 19:00:00,3458.304400482613,3218.7587820248987,1187.0009324351895
forecast_6116,2025-09-12 20:00:00,3362.0726624665986,2694.4262912870167,902.1537496987212
forecast_6117,2025-09-12 21:00:00,4923.1708482846125,4362.281081638735,1768.4746580958872
forecast_6118,2025-09-12 22:00:00,4978.337507741572,5440.449993240825,3065.135698151626
forecast_6119,2025-09-12 23:00:00,5641.709186973297,6946.686755393159,3398.8780637288028
forecast_6120,2025-09-13 00:00:00,5753.722101946585,6296.755267205686,3301.154818924297
forecast_6121,2025-09-13 01:00:00,6127.378036188308,5094.539678839031,3201.4980553882965
forecast_6122,2025-09-13 02:00:00,5702.98251391352,5547.8336118266825,3162.4466960381883
forecast_6123,2025-09-13 03:00:00,7512.946427500201,6810.93378752142,3784.6771273692743
forecast_6124,2025-09-13 04:00:00,6558.988030782681,6318.962218022697,3479.0836269295
forecast_6125,2025-09-13 05:00:00,8967.780228415095,8770.343179297912,4646.723451515625
forecast_6126,2025-09-13 06:00:00,11092.481407094881,11263.142826569014,6848.542129877547
forecast_6127,2025-09-13 07:00:00,11759.400810344026,12895.824357479722,7774.581506695533
forecast_6128,2025-09-13 08:00:00,13773.749835524228,14909.80762575001,11893.780685907393
forecast_6129,2025-09-13 09:00:00,13555.473785204835,15178.389852046423,11890.496233926946
forecast_6130,2025-09-13 10:00:00,14014.477464204832,15328.8074156924,12445.603213676528
forecast_6131,2025-09-13 11:00:00,11168.710719582576,11099.88702212599,7847.065288896784
forecast_6132,2025-09-13 12:00:00,6460.731071884921,7332.365304782018,4324.342663162847
forecast_6133,2025-09-13 13:00:00,4498.822631613069,4566.575736320167,2270.198529486164
forecast_6134,2025-09-13 14:00:00,3667.1516529570517,3605.1982588278556,1687.630687770811
forecast_6135,2025-09-13 15:00:00,2812.0923265658853,2728.672606323555,1362.9632495035241
forecast_6136,2025-09-13 16:00:00,3287.072897687687,3589.5051271027473,1556.4290496203946
forecast_6137,2025-09-13 17:00:00,3215.884450665547,3623.350837341329,1786.3313764876125
forecast_6138,2025-09-13 18:00:00,3259.53278175732,3007.6556059924765,1653.352146744767
forecast_6139,2025-09-13 19:00:00,1968.711341813332,1914.9608477073373,1080.0507115238763
forecast_6140,2025-09-13 20:00:00,1419.9348905606064,1554.3055344433644,610.2233543156735
forecast_6141,2025-09-13 21:00:00,820.4084247611847,857.4784278408754,438.5068118448248
forecast_6142,2025-09-13 22:00:00,1262.6985114809033,1272.3914229750205,379.6168841178646
forecast_6143,2025-09-13 23:00:00,1265.037941043435,1104.3297263778818,409.8072533911697
forecast_6144,2025-09-14 00:00:00,1306.2021012805355,1324.0683723139414,396.83063275664523
forecast_6145,2025-09-14 01:00:00,1462.763280808561,1214.5396598951243,421.7480726913686
forecast_6146,2025-09-14 02:00:00,1301.9102473904877,1365.064956264828,407.0496703550499
forecast_6147,2025-09-14 03:00:00,1461.7192785561938,1366.4061229023778,443.29325838931413
forecast_6148,2025-09-14 04:00:00,1364.1656208231657,1261.3682416912807,413.5827593916001
forecast_6149,2025-09-14 05:00:00,1265.7561342711306,1263.7958552802763,378.6507152757239
forecast_6150,2025-09-14 06:00:00,1304.308791194639,1162.7779647189745,400.9197406215569
forecast_6151,2025-09-14 07:00:00,1465.162117367251,1312.1956422652968,421.6671780096379
forecast_6152,2025-09-14 08:00:00,1397.773156750439,1372.3708169933193,469.2716100058133
forecast_6153,2025-09-14 09:00:00,1271.788373065866,1475.8746053899542,420.48218064383127
forecast_6154,2025-09-14 10:00:00,1115.7803472964158,1485.0676761893449,627.938006035859
forecast_6155,2025-09-14 11:00:00,1575.6336615963987,1798.2751550746657,1061.5694215822407
forecast_6156,2025-09-14 12:00:00,2196.0371535898144,1972.6352809879222,1557.397334932231
forecast_6157,2025-09-14 13:00:00,2057.5488410192634,1831.8199517055116,1417.0516741472163
forecast_6158,2025-09-14 14:00:00,2250.3202917608196,1932.7420246080635,1543.1112297659438
forecast_6159,2025-09-14 15:00:00,2717.6431102544516,2238.2622826230877,1614.6208954382594
forecast_6160,2025-09-14 16:00:00,2723.447867567497,2318.4704718885605,1763.7724595302748
forecast_6161,2025-09-14 17:00:00,2825.8779575628178,2446.704442475163,1978.7673591716505
forecast_6162,2025-09-14 18:00:00,5390.797870639907,4416.582558562195,3687.521871163053
forecast_6163,2025-09-14 19:00:00,7348.514637046346,6208.543161154363,4605.1101153900945
forecast_6164,2025-09-14 20:00:00,9398.000314767356,8934.308809295693,5510.401951818526
forecast_6165,2025-09-14 21:00:00,10692.975416644484,10604.741724002015,6941.444239858381
forecast_6166,2025-09-14 22:00:00,15097.667589915303,13778.918948060544,8703.431432652384
forecast_6167,2025-09-14 23:00:00,15908.876722617992,14727.876121179072,10691.10248141017
forecast_6168,2025-09-15 00:00:00,16270.875700769038,15066.447913026988,11479.165253447867
forecast_6169,2025-09-15 01:00:00,14844.016087802898,13859.702201481834,7926.369775828089
forecast_6170,2025-09-15 02:00:00,12917.458841189686,12245.79894490578,6610.075817874161
forecast_6171,2025-09-15 03:00:00,12333.764143639904,11777.486286944182,6191.070846136485
forecast_6172,2025-09-15 04:00:00,13225.576313241885,11386.1392784308,5870.519243404518
forecast_6173,2025-09-15 05:00:00,9916.253172568333,8055.362577010268,4724.615770543457
forecast_6174,2025-09-15 06:00:00,6635.950271822002,5949.935012169308,2882.618172598343
forecast_6175,2025-09-15 07:00:00,5614.735761267056,4514.211189617532,2437.7809286669694
forecast_6176,2025-09-15 08:00:00,3412.2249287347777,2633.4692584950635,1194.0127070790359
forecast_6177,2025-09-15 09:00:00,1046.9710351024628,700.2201971203021,314.5953628340078
forecast_6178,2025-09-15 10:00:00,325.38742154250826,247.79158710264878,158.21381891631657
forecast_6179,2025-09-15 11:00:00,492.41755594929157,345.39395455206164,192.5372628455253
forecast_6180,2025-09-15 12:00:00,312.9460627571203,246.5801723931074,140.33458865591507
forecast_6181,2025-09-15 13:00:00,270.67579831838765,305.53695201687475,139.52239536963177
forecast_6182,2025-09-15 14:00:00,397.83900218213796,364.09766388366876,216.4843884878556
forecast_6183,2025-09-15 15:00:00,602.0745426574268,460.6072066058933,373.71974409866226
forecast_6184,2025-09-15 16:00:00,817.3117720074142,846.9153642580743,540.8811168017352
forecast_6185,2025-09-15 17:00:00,1862.399222862662,1739.1195156777744,1301.5630078146
forecast_6186,2025-09-15 18:00:00,5045.7064916156505,4301.870636665368,2844.0536597461128
forecast_6187,2025-09-15 19:00:00,5870.865121855388,4960.524169567753,3140.724053737837
forecast_6188,2025-09-15 20:00:00,6184.42022307725,5287.312623297031,3509.8307976929063
forecast_6189,2025-09-15 21:00:00,5648.178593476437,4350.508397044668,3471.600000501238
forecast_6190,2025-09-15 22:00:00,4861.830264071055,3358.8654753869077,2917.024718102989
forecast_6191,2025-09-15 23:00:00,4146.567623647365,3178.0810943976658,2707.090359933468
forecast_6192,2025-09-16 00:00:00,4147.763412714344,3918.797558176902,2832.9638105224776
forecast_6193,2025-09-16 01:00:00,7637.41171414804,6276.886017614714,3846.8350527027364
forecast_6194,2025-09-16 02:00:00,8057.517314411501,6966.119833562975,4303.128085152529
forecast_6195,2025-09-16 03:00:00,8308.556228417576,7280.922056652336,3840.242754491905
forecast_6196,2025-09-16 04:00:00,8775.485273306533,7637.371814623134,4541.369028013477
forecast_6197,2025-09-16 05:00:00,10369.929921248204,8424.735627597427,5726.445287837539
forecast_6198,2025-09-16 06:00:00,12130.938356633831,10663.245217449818,6504.731808657025
forecast_6199,2025-09-16 07:00:00,10584.115050644112,9620.278633366592,5548.280040736724
forecast_6200,2025-09-16 08:00:00,8690.636761361679,7958.289359624476,4670.400521247682
forecast_6201,2025-09-16 09:00:00,7095.497259829064,6899.890258652296,4319.103231761142
forecast_6202,2025-09-16 10:00:00,6797.097610542805,6041.864713000881,3997.6992701180834
forecast_6203,2025-09-16 11:00:00,5830.893015983815,6507.015327640035,4585.004601274555
forecast_6204,2025-09-16 12:00:00,5330.336214858256,5247.2811509203775,3895.7838787358623
forecast_6205,2025-09-16 13:00:00,5535.3233054992215,5075.16293887625,4152.8305891720875
forecast_6206,2025-09-16 14:00:00,5733.531425138178,5114.156605830323,4078.7006486466807
forecast_6207,2025-09-16 15:00:00,7107.575748370269,6351.703725405857,5559.081396487046
forecast_6208,2025-09-16 16:00:00,7660.053770212779,7250.798607340399,6615.827805871356
forecast_6209,2025-09-16 17:00:00,6937.454695423967,6607.15543504958,6109.592317028534
forecast_6210,2025-09-16 18:00:00,7066.9748732871085,7861.585469417307,5840.543462805667
forecast_6211,2025-09-16 19:00:00,8510.081400248393,9842.761467645158,6821.596677991155
forecast_6212,2025-09-16 20:00:00,8743.34375256262,9341.133197709034,6787.323070555083
forecast_6213,2025-09-16 21:00:00,10449.037639846114,10612.06468593183,7395.837836637979
forecast_6214,2025-09-16 22:00:00,8898.090412437383,9411.545263385939,6789.589008168676
forecast_6215,2025-09-16 23:00:00,9445.43659324065,9780.68753730531,7332.715747407393
forecast_6216,2025-09-17 00:00:00,9802.60653236264,9847.516815816653,7528.524504034298
forecast_6217,2025-09-17 01:00:00,14389.8910707936,14758.140007608989,11677.021530161126
forecast_6218,2025-09-17 02:00:00,15525.850774223049,15979.298495512958,13517.234007152065
forecast_6219,2025-09-17 03:00:00,16378.914051459951,16985.858580866363,13814.197295367801
forecast_6220,2025-09-17 04:00:00,16455.493876194418,17082.897993093655,14293.94174632757
forecast_6221,2025-09-17 05:00:00,16625.050834941885,16877.716809115052,13469.068466385112
forecast_6222,2025-09-17 06:00:00,16199.608840530502,16386.659837752137,12510.662250605656
forecast_6223,2025-09-17 07:00:00,14285.411246883543,13992.745856573998,9990.084907598462
forecast_6224,2025-09-17 08:00:00,9720.17567681931,9453.812192407737,6362.8235130443345
forecast_6225,2025-09-17 09:00:00,6957.864305514581,7431.03313365924,5010.126072837925
forecast_6226,2025-09-17 10:00:00,5098.38763376839,4895.903770857035,2863.7415364373906
forecast_6227,2025-09-17 11:00:00,4287.958448327575,4014.0530743673035,1897.1246005221903
forecast_6228,2025-09-17 12:00:00,2822.5813851290272,2718.733374789344,920.2086234260133
forecast_6229,2025-09-17 13:00:00,3008.4634772813215,2887.3623221265025,1048.1511449176053
forecast_6230,2025-09-17 14:00:00,3255.643062208757,3511.1376413460707,2221.1967208794003
forecast_6231,2025-09-17 15:00:00,5625.634404101983,6310.729593275646,3650.395104066406
forecast_6232,2025-09-17 16:00:00,3964.1718145640043,3607.9065600802915,2048.3997242190335
forecast_6233,2025-09-17 17:00:00,2767.2679946302987,2517.579830774896,754.075131625038
forecast_6234,2025-09-17 18:00:00,1858.1137959929092,1776.0682279589037,695.1973005870515
forecast_6235,2025-09-17 19:00:00,1542.075866378556,1413.5090744232207,524.62879911347
forecast_6236,2025-09-17 20:00:00,1865.8789155477882,2048.4976406826995,716.5324663640514
forecast_6237,2025-09-17 21:00:00,1635.227459076613,1822.902134388605,664.9852202018538
forecast_6238,2025-09-17 22:00:00,1064.9785980968247,1125.2854282985945,512.2425854763286
forecast_6239,2025-09-17 23:00:00,1453.3762607927636,1394.0174701050453,678.731752309576
forecast_6240,2025-09-18 00:00:00,1221.2091896031602,1167.2664471857097,634.3792037937187
forecast_6241,2025-09-18 01:00:00,1083.490122844092,897.9504205554816,318.4644180827209
forecast_6242,2025-09-18 02:00:00,1074.533251808599,953.2289048568316,495.43901714373123
forecast_6243,2025-09-18 03:00:00,918.8794650860996,849.4554284588966,529.8263356860992
forecast_6244,2025-09-18 04:00:00,884.6412604627166,913.1297456978261,491.9490756640692
forecast_6245,2025-09-18 05:00:00,1755.515645539657,1985.9981717224844,1187.744098978108
forecast_6246,2025-09-18 06:00:00,2317.7460273367797,2813.6853163719966,1689.902174428266
forecast_6247,2025-09-18 07:00:00,3423.90348988366,4290.245363345101,2404.162757277118
forecast_6248,2025-09-18 08:00:00,3345.4869609739694,4426.3715771165835,2297.530429249579
forecast_6249,2025-09-18 09:00:00,3450.2077637598354,4339.387431070867,2415.4586340935502
forecast_6250,2025-09-18 10:00:00,3304.769787554743,4656.955327522632,2625.212503494329
forecast_6251,2025-09-18 11:00:00,3114.8148527603303,4019.896493100772,2438.0082763828477
forecast_6252,2025-09-18 12:00:00,2193.9857350403036,2831.620418006103,1732.4937855300816
forecast_6253,2025-09-18 13:00:00,1937.8514816489683,2641.650677721348,1571.6554978232377
forecast_6254,2025-09-18 14:00:00,1442.6646578887226,2065.9821774913103,1509.2531786012191
forecast_6255,2025-09-18 15:00:00,1334.2197589711911,1891.017072055423,1429.4833743445258
forecast_6256,2025-09-18 16:00:00,1201.7732591056647,1559.5748091761188,1074.5070325938018
forecast_6257,2025-09-18 17:00:00,1423.2767459888487,1858.5983676984342,1199.9444292890262
forecast_6258,2025-09-18 18:00:00,2234.8568341262,2558.4463730850657,1180.0706548721303
forecast_6259,2025-09-18 19:00:00,2534.2543180898183,2765.055821304005,1112.9527754757044
forecast_6260,2025-09-18 20:00:00,2434.4741387009876,2650.454511752258,1038.1704818318462
forecast_6261,2025-09-18 21:00:00,1910.5343541540822,1919.144808889809,747.8177371164412
forecast_6262,2025-09-18 22:00:00,2677.829219225316,3025.222506908969,1053.286041222529
forecast_6263,2025-09-18 23:00:00,2508.5509467280926,2837.5535529888184,1048.470474709776
forecast_6264,2025-09-19 00:00:00,2574.0593956654197,2810.0665056763746,856.5220756582931
forecast_6265,2025-09-19 01:00:00,2661.7280532727677,2950.560758556493,894.9795099533108
forecast_6266,2025-09-19 02:00:00,2344.1278192055497,2455.288561575496,867.4061560266168
forecast_6267,2025-09-19 03:00:00,2606.131955875552,2618.4137644730417,834.2437004282265
forecast_6268,2025-09-19 04:00:00,2487.617769856979,2391.911374106246,738.8476989687792
forecast_6269,2025-09-19 05:00:00,2453.8022291010084,2067.263639855153,605.3811979846926
forecast_6270,2025-09-19 06:00:00,1653.1376582980593,1248.4564610244727,324.4104017659783
forecast_6271,2025-09-19 07:00:00,1520.3866687743478,1214.3526212142901,289.2959498853258
forecast_6272,2025-09-19 08:00:00,1205.7837866060377,1115.4617323048044,290.9669280723605
forecast_6273,2025-09-19 09:00:00,1080.1593457941115,1025.6154159016814,332.72116294301367
forecast_6274,2025-09-19 10:00:00,844.5194816406439,568.5932529460747,248.07014883612683
forecast_6275,2025-09-19 11:00:00,499.9129761734222,413.8980461783574,208.17106035811406
forecast_6276,2025-09-19 12:00:00,585.6654569580371,416.6112036524755,193.9545973477732
forecast_6277,2025-09-19 13:00:00,367.88052505383337,323.0128601883133,113.30345714197416
forecast_6278,2025-09-19 14:00:00,345.68304979737223,373.0738135570428,113.29707381536367
forecast_6279,2025-09-19 15:00:00,524.6460929228695,482.2801768653128,113.5818622539774
forecast_6280,2025-09-19 16:00:00,546.1102017274828,479.39337572894254,120.72966812078255
forecast_6281,2025-09-19 17:00:00,661.064759924253,871.8657444046673,145.7486104952697
forecast_6282,2025-09-19 18:00:00,1190.877609467893,1016.4773182561441,299.8297935525821
forecast_6283,2025-09-19 19:00:00,1759.857754741573,1538.715588618788,529.3214696290885
forecast_6284,2025-09-19 20:00:00,2079.9098489865155,1757.407443253564,582.6103974558641
forecast_6285,2025-09-19 21:00:00,2687.7243185741763,2247.5505284809233,808.1582708234243
forecast_6286,2025-09-19 22:00:00,4369.007276714561,3611.2826709568926,1442.2086379249026
forecast_6287,2025-09-19 23:00:00,4684.742609659048,4359.90044526569,1696.6488474236878
forecast_6288,2025-09-20 00:00:00,5632.42762121757,4607.191451559554,1966.7796244021476
forecast_6289,2025-09-20 01:00:00,7283.865037166016,6946.266221826678,2490.5501448565783
forecast_6290,2025-09-20 02:00:00,8715.081535885405,7479.431043671098,3073.5478543704726
forecast_6291,2025-09-20 03:00:00,6051.658915959465,5115.271192339672,2244.3508381397296
forecast_6292,2025-09-20 04:00:00,5941.06837421443,5617.995114327067,2786.224505175207
forecast_6293,2025-09-20 05:00:00,6144.845249035603,6357.3882879227995,3135.7445336258343
forecast_6294,2025-09-20 06:00:00,6187.267234459073,6231.434521502323,3863.601631433022
forecast_6295,2025-09-20 07:00:00,5959.318485463918,5542.318182521818,3381.8635435079127
forecast_6296,2025-09-20 08:00:00,4321.58945758599,3917.856845951078,1911.3494526190623
forecast_6297,2025-09-20 09:00:00,2614.6622415985507,1892.897648746124,1030.1935272320784
forecast_6298,2025-09-20 10:00:00,1091.0921579847966,900.9552821725622,468.7921565365328
forecast_6299,2025-09-20 11:00:00,2426.71740811667,1706.5784926575925,1018.4687154194504
forecast_6300,2025-09-20 12:00:00,2499.4141971369063,2087.8527656291744,1356.7838975407044
forecast_6301,2025-09-20 13:00:00,4221.514977451144,3492.5471758871067,1925.443734582759
forecast_6302,2025-09-20 14:00:00,3519.1702003488354,3076.908899929489,1615.5948734919662
forecast_6303,2025-09-20 15:00:00,3153.9744986529945,2517.214967315564,1141.3651894873412
forecast_6304,2025-09-20 16:00:00,2118.4856500321066,2022.856709283236,1062.3045275601005
forecast_6305,2025-09-20 17:00:00,1933.5216942280942,1892.7743268002505,711.4756807991452
forecast_6306,2025-09-20 18:00:00,1666.4330586827775,1557.0446620737662,709.7366941100772
forecast_6307,2025-09-20 19:00:00,1521.6534046698393,1573.5767383208174,667.8363951738766
forecast_6308,2025-09-20 20:00:00,2491.1740979123797,2567.293441200875,1208.9380010718664
forecast_6309,2025-09-20 21:00:00,2675.913051995888,2870.0789392120673,1605.2015950475986
forecast_6310,2025-09-20 22:00:00,3205.9223405031944,3702.017362091854,1848.445868329632
forecast_6311,2025-09-20 23:00:00,3534.5312568166705,3562.28049585294,1666.5065411836758
forecast_6312,2025-09-21 00:00:00,3445.1646538598047,3605.999378529251,1679.9048364317005
forecast_6313,2025-09-21 01:00:00,3370.6161905138138,3989.8050231630946,2244.87223152368
forecast_6314,2025-09-21 02:00:00,3437.3671426824485,4521.069066238236,2514.40449512979
forecast_6315,2025-09-21 03:00:00,3551.137915047081,4432.182486744767,2212.368054106543
forecast_6316,2025-09-21 04:00:00,3495.8022761731086,3906.1476623502085,2248.6900861128815
forecast_6317,2025-09-21 05:00:00,3528.8893054600526,3734.217960810571,1920.2493483702272
forecast_6318,2025-09-21 06:00:00,3970.834361184298,3918.080312235445,2024.400351042692
forecast_6319,2025-09-21 07:00:00,4271.616255756398,4233.177858858761,2320.6390673324636
forecast_6320,2025-09-21 08:00:00,3966.592974121216,4771.395341129333,2355.7663653134605
forecast_6321,2025-09-21 09:00:00,2913.3501538205164,3088.6790766295153,1819.8602212709186
forecast_6322,2025-09-21 10:00:00,1748.780512045253,2247.193947675176,1365.1314854686507
forecast_6323,2025-09-21 11:00:00,930.8294828394435,1064.063665402928,783.0038994233971
forecast_6324,2025-09-21 12:00:00,1051.463865104793,1336.2243756862583,789.6990087870613
forecast_6325,2025-09-21 13:00:00,1081.9489599299407,1433.9106200063145,944.3343651281607
forecast_6326,2025-09-21 14:00:00,1211.2879470579285,1493.599914722244,1018.7018505115425
forecast_6327,2025-09-21 15:00:00,1055.4420050783242,1352.0753691483583,895.1491361374522
forecast_6328,2025-09-21 16:00:00,1103.2230931989163,1624.0599854309635,983.8648348101601
forecast_6329,2025-09-21 17:00:00,1383.152200650984,1725.1733212863958,1289.1749220465438
forecast_6330,2025-09-21 18:00:00,1748.045871341785,2167.700484828442,1271.9395935350244
forecast_6331,2025-09-21 19:00:00,2710.9092515019724,2880.847613161829,1626.058962769869
forecast_6332,2025-09-21 20:00:00,2908.5313861309423,3220.204066945777,1545.7509605830319
forecast_6333,2025-09-21 21:00:00,3555.698190320127,3649.1163377471325,1311.537498890432
forecast_6334,2025-09-21 22:00:00,4252.941711587669,4631.54519228295,1637.2325363256218
forecast_6335,2025-09-21 23:00:00,5505.548520806039,5712.9774834591935,2126.055260964342
forecast_6336,2025-09-22 00:00:00,6005.864836485118,6390.610755307904,2420.1294872786657
forecast_6337,2025-09-22 01:00:00,5739.813036253161,5237.921815037788,1779.7776018222096
forecast_6338,2025-09-22 02:00:00,6191.784644686134,5832.829425169151,1926.089957809687
forecast_6339,2025-09-22 03:00:00,6557.521630516627,6647.057526217098,2369.4008492037674
forecast_6340,2025-09-22 04:00:00,6542.046172332248,6499.619812596453,2316.6835809696345
forecast_6341,2025-09-22 05:00:00,6522.872156862664,6776.530869150097,2418.739138864568
forecast_6342,2025-09-22 06:00:00,5735.855241953611,5606.006320694188,1909.4080515907247
forecast_6343,2025-09-22 07:00:00,5575.549622711684,5259.4673897045095,1848.8716733157398
forecast_6344,2025-09-22 08:00:00,4843.211139792879,4982.608524690103,2112.926852469574
forecast_6345,2025-09-22 09:00:00,4756.878802807611,5306.57016455581,2276.1011414636723
forecast_6346,2025-09-22 10:00:00,5401.0426358545465,6400.7089925571545,3231.550631494767
forecast_6347,2025-09-22 11:00:00,3957.8326025853758,4760.946907123358,2858.975642499025
forecast_6348,2025-09-22 12:00:00,3093.3868193089993,3920.201300461871,2565.6553470320805
forecast_6349,2025-09-22 13:00:00,2564.812056790832,3288.169399832017,2191.6566953300307
forecast_6350,2025-09-22 14:00:00,2542.3501589853663,3228.840225537503,2096.9931563191694
forecast_6351,2025-09-22 15:00:00,2422.1558292816385,3105.4262161398124,2021.5049962682592
forecast_6352,2025-09-22 16:00:00,2166.962628440898,2833.0107123644825,1816.9523288460418
forecast_6353,2025-09-22 17:00:00,1972.2472961720189,2638.6694135664093,1543.3439040050762
forecast_6354,2025-09-22 18:00:00,2354.991815121513,2582.7469247933955,1097.4810133482147
forecast_6355,2025-09-22 19:00:00,3063.9002327659628,2932.8196780398684,1168.7116035226818
forecast_6356,2025-09-22 20:00:00,3312.695358598918,2980.5882418809156,1245.6674663113404
forecast_6357,2025-09-22 21:00:00,3381.92641892216,3049.492377458578,1067.5144140438401
forecast_6358,2025-09-22 22:00:00,3498.921918082144,3339.6041049573846,1113.611098353353
forecast_6359,2025-09-22 23:00:00,2967.6167595676266,2668.785582830351,908.6101446421054
forecast_6360,2025-09-23 00:00:00,3110.6048915127435,2616.131177353095,952.6830690268192
forecast_6361,2025-09-23 01:00:00,976.3865281359167,855.560307411817,214.0008169795929
forecast_6362,2025-09-23 02:00:00,1051.691614386182,947.4273569100612,193.15264703905643
forecast_6363,2025-09-23 03:00:00,965.286583304273,911.1871646703737,205.667045808894
forecast_6364,2025-09-23 04:00:00,1156.8758428935023,1020.3405074071032,282.12834535264113
forecast_6365,2025-09-23 05:00:00,1502.8431697739818,1456.380862388714,313.2473952908525
forecast_6366,2025-09-23 06:00:00,2137.5820261229305,2068.7885834666185,535.0805557445107
forecast_6367,2025-09-23 07:00:00,2850.2689808415885,2302.670409211738,851.2704932859168
forecast_6368,2025-09-23 08:00:00,3089.716835217898,2267.648000297614,846.2496964479584
forecast_6369,2025-09-23 09:00:00,2688.9219073491586,2312.0254412950717,961.3144081379419
forecast_6370,2025-09-23 10:00:00,1842.962101471499,1729.204380296084,879.6190225160485
forecast_6371,2025-09-23 11:00:00,1179.8914972744826,1258.0761471149908,788.2020457648498
forecast_6372,2025-09-23 12:00:00,1042.034354870309,1036.3733676186037,599.2590519397603
forecast_6373,2025-09-23 13:00:00,1082.3190775395942,1074.3077509673822,754.339288621661
forecast_6374,2025-09-23 14:00:00,933.7271200420786,916.2949600798745,547.1478330286742
forecast_6375,2025-09-23 15:00:00,974.2408773962754,888.4933283527173,550.4898423708983
forecast_6376,2025-09-23 16:00:00,907.6468974274912,959.5450618380654,566.4849031620442
forecast_6377,2025-09-23 17:00:00,1000.2908811024186,1003.0672303956313,486.1278993213798
forecast_6378,2025-09-23 18:00:00,1768.7429018012567,1728.207846624688,689.0718627515171
forecast_6379,2025-09-23 19:00:00,2443.1884926203984,2221.5492404131387,689.4654733041148
forecast_6380,2025-09-23 20:00:00,2773.137110812712,2015.3638776769699,656.3698248531713
forecast_6381,2025-09-23 21:00:00,2579.923563059609,1932.993926042419,584.3368715472388
forecast_6382,2025-09-23 22:00:00,2569.7401000644354,2069.6404277172855,710.1593739615664
forecast_6383,2025-09-23 23:00:00,2387.096431660474,1943.2974583451748,679.9005476230149
forecast_6384,2025-09-24 00:00:00,2598.3688130544615,2228.776993472745,713.2332151159098
forecast_6385,2025-09-24 01:00:00,2791.219991768356,1911.8855779379287,727.2455349841761
forecast_6386,2025-09-24 02:00:00,3061.7057236333562,2482.9094628346625,715.084674159383
forecast_6387,2025-09-24 03:00:00,3478.708839790812,2945.676289662623,847.2781999154786
forecast_6388,2025-09-24 04:00:00,3636.116578040886,3248.719270464757,1516.4491966523533
forecast_6389,2025-09-24 05:00:00,4414.059653154809,4566.051064144648,1981.1997193054096
forecast_6390,2025-09-24 06:00:00,4934.776879907933,4785.703564673981,2446.7007778437383
forecast_6391,2025-09-24 07:00:00,4335.663184658696,4066.793659871757,1858.3670091979334
forecast_6392,2025-09-24 08:00:00,3608.2463163454745,3660.4097498627425,1614.8667603976878
forecast_6393,2025-09-24 09:00:00,3663.4217147995364,3815.8081913550673,1984.1785056294098
forecast_6394,2025-09-24 10:00:00,4736.41990130756,4981.507352502605,3297.116167946337
forecast_6395,2025-09-24 11:00:00,7303.50583570777,9045.598744357027,4863.456202637137
forecast_6396,2025-09-24 12:00:00,7688.331893292251,9645.887003628126,5952.523204286845
forecast_6397,2025-09-24 13:00:00,8841.896150147873,10853.939352669291,7083.192081806465
forecast_6398,2025-09-24 14:00:00,10273.097173942335,12114.435262800835,8252.951112139706
forecast_6399,2025-09-24 15:00:00,9444.396707957045,10894.736413328286,7802.25588690983
forecast_6400,2025-09-24 16:00:00,9301.570831892395,10316.628464979178,7424.453793159771
forecast_6401,2025-09-24 17:00:00,7599.899715774658,9034.924292450127,5445.817489341714
forecast_6402,2025-09-24 18:00:00,8833.162054420862,10585.6016139246,5362.983993162936
forecast_6403,2025-09-24 19:00:00,9564.332416294677,10690.13762450519,6691.616811762947
forecast_6404,2025-09-24 20:00:00,10591.659326547282,11589.995349697903,8455.698643942596
forecast_6405,2025-09-24 21:00:00,12820.522636880665,13716.074674559208,10538.190753980794
forecast_6406,2025-09-24 22:00:00,14131.5041355442,15637.653562982727,11370.988882545304
forecast_6407,2025-09-24 23:00:00,15852.331880029518,17003.10520239485,13116.63860261423
forecast_6408,2025-09-25 00:00:00,16144.595858680728,17143.068304126282,13271.996770503623
forecast_6409,2025-09-25 01:00:00,16091.196449504077,16019.791642585998,12880.293440949992
forecast_6410,2025-09-25 02:00:00,16494.698696425156,16339.536529152701,12918.561395153725
forecast_6411,2025-09-25 03:00:00,15745.719371665791,15775.123879822551,12416.203710524382
forecast_6412,2025-09-25 04:00:00,16499.5493451083,16535.112286420972,13037.896116793807
forecast_6413,2025-09-25 05:00:00,17018.160042708474,16914.54929884435,13252.049333259338
forecast_6414,2025-09-25 06:00:00,16780.596226707956,17300.299038049412,12997.323044984323
forecast_6415,2025-09-25 07:00:00,16303.45571501117,15673.049146105264,12778.312073093972
forecast_6416,2025-09-25 08:00:00,14836.76008873487,14116.501504014408,11277.75468188452
forecast_6417,2025-09-25 09:00:00,14670.390928367688,14120.90559537706,10596.432541529564
forecast_6418,2025-09-25 10:00:00,14564.747107008321,14093.911804435624,10758.206326232905
forecast_6419,2025-09-25 11:00:00,14235.56515015809,13811.255227645177,11330.417140007607
forecast_6420,2025-09-25 12:00:00,14607.225603383316,14370.97201511682,10237.418906752575
forecast_6421,2025-09-25 13:00:00,15568.822250599087,14413.795319187173,9952.709616218415
forecast_6422,2025-09-25 14:00:00,14047.60402316035,12923.850289699742,9237.879640394123
forecast_6423,2025-09-25 15:00:00,12788.074532799747,12767.91051755108,9783.678978066966
forecast_6424,2025-09-25 16:00:00,13762.946859053041,12630.083443645106,10128.023902155497
forecast_6425,2025-09-25 17:00:00,13030.275769044232,12623.254981163378,9603.66820698844
forecast_6426,2025-09-25 18:00:00,14206.191855505938,13001.063802335068,10034.85890392331
forecast_6427,2025-09-25 19:00:00,15283.222896258581,14566.289935772853,11427.232371138389
forecast_6428,2025-09-25 20:00:00,16507.016280598284,15600.87446801451,11836.95263928759
forecast_6429,2025-09-25 21:00:00,17396.3613377387,15414.049508986565,11247.329769043547
forecast_6430,2025-09-25 22:00:00,16042.943890316235,14774.43702841373,9611.934942576121
forecast_6431,2025-09-25 23:00:00,15095.94793312929,13862.728242622974,8499.485945202037
forecast_6432,2025-09-26 00:00:00,15308.697550993851,13685.367048473116,8721.017306240103
forecast_6433,2025-09-26 01:00:00,10613.41468799895,8572.047322440234,5492.384125529461
forecast_6434,2025-09-26 02:00:00,8839.156916418979,7747.20732898951,4533.892757066389
forecast_6435,2025-09-26 03:00:00,8130.0212010561345,6384.800126327383,3953.6600460508607
forecast_6436,2025-09-26 04:00:00,6640.9230563494075,4872.182043490353,2882.53911709147
forecast_6437,2025-09-26 05:00:00,3971.032696751417,2718.9738241658365,1680.518211025409
forecast_6438,2025-09-26 06:00:00,2224.4259738148266,1511.726194272117,999.0472390560755
forecast_6439,2025-09-26 07:00:00,1071.0195627284272,813.9834983099291,425.3446953428366
forecast_6440,2025-09-26 08:00:00,455.10969492920043,376.7550126612341,121.41379718834814
forecast_6441,2025-09-26 09:00:00,323.98204700746976,262.12430459965685,102.52770525604728
forecast_6442,2025-09-26 10:00:00,222.48111815132881,142.2250904499033,68.85365631694265
forecast_6443,2025-09-26 11:00:00,118.19545606713554,129.92824354807155,67.10693657871509
forecast_6444,2025-09-26 12:00:00,140.38068530111784,132.06904974720388,67.06571198788095
forecast_6445,2025-09-26 13:00:00,103.66568667138766,124.83126644214954,69.64810651013042
forecast_6446,2025-09-26 14:00:00,114.57947307907821,139.39377352143345,78.70269267648588
forecast_6447,2025-09-26 15:00:00,165.09259548221223,148.79068559842764,92.85416497461149
forecast_6448,2025-09-26 16:00:00,180.97668996994256,154.01332619989728,105.40644476243146
forecast_6449,2025-09-26 17:00:00,317.450645161307,236.3210611110775,90.87851525820987
forecast_6450,2025-09-26 18:00:00,319.65848689842727,231.5340582452496,109.80210999276674
forecast_6451,2025-09-26 19:00:00,323.4923461236417,240.04818083055258,92.29559125354861
forecast_6452,2025-09-26 20:00:00,293.2675825575327,229.03442796164063,68.28328644755901
forecast_6453,2025-09-26 21:00:00,315.8385977154635,232.4933634622245,65.92882120295977
forecast_6454,2025-09-26 22:00:00,494.5559671548004,336.4724305702928,88.75924221147719
forecast_6455,2025-09-26 23:00:00,526.6944373007061,382.744291740896,105.22609667512155
forecast_6456,2025-09-27 00:00:00,590.1754085943957,460.4292298985181,96.81471751993581
forecast_6457,2025-09-27 01:00:00,414.07526484675606,316.10142863230357,81.4393501755965
forecast_6458,2025-09-27 02:00:00,517.1409187755485,419.94685508954984,72.08690812495286
forecast_6459,2025-09-27 03:00:00,570.9213982263601,467.5391874524105,87.28016866320701
forecast_6460,2025-09-27 04:00:00,697.6953314238234,449.18947488078015,96.03754244245962
forecast_6461,2025-09-27 05:00:00,731.3036094454669,552.5725643704508,123.55631876701787
forecast_6462,2025-09-27 06:00:00,1079.03311940655,733.9512337064211,221.64983631687596
forecast_6463,2025-09-27 07:00:00,2051.500403072444,1388.7642451707734,483.1114998333412
forecast_6464,2025-09-27 08:00:00,2263.1042700611256,1691.6813497961325,633.620107613961
forecast_6465,2025-09-27 09:00:00,1685.3002450970832,1187.6710417094782,456.07454825950583
forecast_6466,2025-09-27 10:00:00,886.8933721910315,682.2983108355272,265.70822066314054
forecast_6467,2025-09-27 11:00:00,272.9289021655442,286.9799748654782,128.05516878405544
forecast_6468,2025-09-27 12:00:00,208.2906061107674,201.27736861796845,122.1486663262208
forecast_6469,2025-09-27 13:00:00,193.51719967059273,214.68052640464612,122.47109135726761
forecast_6470,2025-09-27 14:00:00,200.06462724900663,207.49295795768435,121.42759547638377
forecast_6471,2025-09-27 15:00:00,546.424956665499,371.8884503515782,163.3706712164561
forecast_6472,2025-09-27 16:00:00,672.4725107556551,442.1153986672462,214.470279668209
forecast_6473,2025-09-27 17:00:00,703.8455575318478,650.2624016176283,277.9212763321955
forecast_6474,2025-09-27 18:00:00,906.7325150823641,811.6518968443198,273.34665588360934
forecast_6475,2025-09-27 19:00:00,1346.1341041560079,1353.8397987192436,468.49544279259453
forecast_6476,2025-09-27 20:00:00,1129.9981648843334,1188.7891905647652,395.1476418352644
forecast_6477,2025-09-27 21:00:00,841.8635015184224,804.8346206327858,297.6872173842713
forecast_6478,2025-09-27 22:00:00,1493.233850959927,1388.0489855498,765.8969716042969
forecast_6479,2025-09-27 23:00:00,1584.4560472555627,1390.4691867702902,803.5741174219221
forecast_6480,2025-09-28 00:00:00,1387.1389821486919,1181.9767394784037,559.9492401289692
forecast_6481,2025-09-28 01:00:00,2869.5291941431105,4007.679314215912,1749.630801361566
forecast_6482,2025-09-28 02:00:00,4439.711525289818,5022.293120880836,2749.0269286983134
forecast_6483,2025-09-28 03:00:00,4756.363911827705,4934.701303809903,2732.4130652641497
forecast_6484,2025-09-28 04:00:00,4427.990054802764,4897.774611870875,2836.246660790912
forecast_6485,2025-09-28 05:00:00,4695.070507468718,4445.138579749068,2948.902758817217
forecast_6486,2025-09-28 06:00:00,3286.8068152107135,4111.572861307964,1706.2242689315474
forecast_6487,2025-09-28 07:00:00,2904.012425863585,3375.911046298953,1385.430314240781
forecast_6488,2025-09-28 08:00:00,2510.9953718615798,3240.072760026126,1629.5149590153067
forecast_6489,2025-09-28 09:00:00,2502.9971128495117,2532.446447078055,1388.2775475286683
forecast_6490,2025-09-28 10:00:00,4934.027343858643,5069.653961713636,2821.7091724631873
forecast_6491,2025-09-28 11:00:00,5550.201200232309,5605.58620985295,2774.3206035731587
forecast_6492,2025-09-28 12:00:00,3801.240260029854,3988.8277732600213,1831.094434106873
forecast_6493,2025-09-28 13:00:00,2322.1200410116107,2562.0912596066123,952.0487536743684
forecast_6494,2025-09-28 14:00:00,3809.6405140337797,3995.755837139048,1463.4493759843242
forecast_6495,2025-09-28 15:00:00,5194.531644258477,5436.5300554090545,2530.121110111004
forecast_6496,2025-09-28 16:00:00,5192.763097297183,5501.004217163661,2121.017370965945
forecast_6497,2025-09-28 17:00:00,5315.413052599563,6366.025108469765,2450.516380604434
forecast_6498,2025-09-28 18:00:00,4446.476336326301,5181.242278430172,2538.011371146507
forecast_6499,2025-09-28 19:00:00,4218.416144090572,4038.1377849112073,2302.0342998294905
forecast_6500,2025-09-28 20:00:00,4485.831200610816,4279.231074350469,2447.810456266846
forecast_6501,2025-09-28 21:00:00,6210.130804503446,4958.103332613296,3453.526353058462
forecast_6502,2025-09-28 22:00:00,6620.445793408381,5161.4350165916985,2909.519511630461
forecast_6503,2025-09-28 23:00:00,5934.707864422915,5353.250506000863,2727.0828027639577
forecast_6504,2025-09-29 00:00:00,5735.333123357977,5515.301279666358,2569.6585080190016
forecast_6505,2025-09-29 01:00:00,3645.32001057704,3232.3978315157924,1490.5068068045523
forecast_6506,2025-09-29 02:00:00,3226.120997483232,2667.6646584440696,1152.1204552460329
forecast_6507,2025-09-29 03:00:00,3386.497180416833,2590.3752165868864,1277.6043660820321
forecast_6508,2025-09-29 04:00:00,3739.754071793254,3107.87572667694,1542.277324259221
forecast_6509,2025-09-29 05:00:00,3504.6002276930635,2727.669774993864,1416.6617070394864
forecast_6510,2025-09-29 06:00:00,2623.534114247255,1959.2401265450676,1113.3938618229893
forecast_6511,2025-09-29 07:00:00,1774.5901295058077,1340.6458804658992,800.9765444236333
forecast_6512,2025-09-29 08:00:00,1056.4269373687544,727.109156267691,467.9736251263192
forecast_6513,2025-09-29 09:00:00,660.7361305505352,448.4941067221903,312.8398784161126
forecast_6514,2025-09-29 10:00:00,227.22461419224936,195.66991950837587,122.56372824856115
forecast_6515,2025-09-29 11:00:00,187.20797089332498,146.34105661716697,98.0008639274299
forecast_6516,2025-09-29 12:00:00,178.32690628322112,162.97000009941587,112.74849459337278
forecast_6517,2025-09-29 13:00:00,144.2234866850321,150.51440121129605,113.83661518946889
forecast_6518,2025-09-29 14:00:00,643.3921714370045,684.9074674097931,417.17010542163297
forecast_6519,2025-09-29 15:00:00,802.4647333813731,707.3085202005309,451.51365812427815
forecast_6520,2025-09-29 16:00:00,889.2889242177183,784.9170191962484,507.53839245827606
forecast_6521,2025-09-29 17:00:00,738.6363728644536,706.6245512245225,324.401083531709
forecast_6522,2025-09-29 18:00:00,417.18307528233777,373.81515130046085,130.29257153082523
forecast_6523,2025-09-29 19:00:00,479.16745839111337,366.4651250522602,121.8217169323904
forecast_6524,2025-09-29 20:00:00,439.62007694556706,375.56775273816095,118.91786573866806
forecast_6525,2025-09-29 21:00:00,466.05185209082265,453.615496632207,148.01879362155034
forecast_6526,2025-09-29 22:00:00,1016.6217124322724,885.9170280759502,320.16524641974905
forecast_6527,2025-09-29 23:00:00,1440.3836266429748,1674.9615935778356,615.8745180021331
forecast_6528,2025-09-30 00:00:00,1351.1192207244778,998.4382946113736,434.5860292065022
forecast_6529,2025-09-30 01:00:00,1950.4467518624965,2122.420507076765,865.7965909528657
forecast_6530,2025-09-30 02:00:00,2189.4934343488367,1807.7098390934193,1161.7075274098556
forecast_6531,2025-09-30 03:00:00,2101.0843168715996,1526.2474171086226,776.1346051908309
forecast_6532,2025-09-30 04:00:00,3685.1797553221472,2629.0913093537447,1662.5169386349044
forecast_6533,2025-09-30 05:00:00,2494.043400586581,2051.5657577237603,1188.1575878434376
forecast_6534,2025-09-30 06:00:00,1739.813330525872,1745.7864810380524,951.2036690239427
forecast_6535,2025-09-30 07:00:00,1267.204371178332,1031.2112381867946,550.6624809290063
forecast_6536,2025-09-30 08:00:00,1088.9592729417768,801.570420928044,697.1826977286927
forecast_6537,2025-09-30 09:00:00,495.78078561656685,690.8403054324016,342.51984851928125
forecast_6538,2025-09-30 10:00:00,497.6807753771753,446.6614814816623,389.94535939928704
forecast_6539,2025-09-30 11:00:00,422.1242747881614,394.4762914956606,251.54190054886638
forecast_6540,2025-09-30 12:00:00,1150.9614892182303,1245.376334236248,933.9423834483722
forecast_6541,2025-09-30 13:00:00,634.4046746531861,584.9162327152965,440.89878754090654
forecast_6542,2025-09-30 14:00:00,943.2546215374151,796.0656911125308,569.3006674287169
forecast_6543,2025-09-30 15:00:00,1094.2562727771756,1169.2927717497369,785.1980558139271
forecast_6544,2025-09-30 16:00:00,1228.4025712434363,1107.9686502281625,756.082457704578
forecast_6545,2025-09-30 17:00:00,1841.1593985311065,1574.5769501938457,1054.4437989000082
forecast_6546,2025-09-30 18:00:00,3663.3127504390036,3066.839974024235,1958.0223101382976
forecast_6547,2025-09-30 19:00:00,2825.379541379521,2499.967253596258,1655.9936772616268
forecast_6548,2025-09-30 20:00:00,4139.436822449052,4052.726242641142,2472.8975099109834
forecast_6549,2025-09-30 21:00:00,5057.220205204271,4632.489899254881,2953.399130568354
forecast_6550,2025-09-30 22:00:00,5890.4062257505575,4821.038584460424,3366.0529895091827
forecast_6551,2025-09-30 23:00:00,6527.6969001491825,4999.496583540854,3692.6910509323116
forecast_6552,2025-10-01 00:00:00,8419.847667453343,6609.595067879014,4595.829833036762
forecast_6553,2025-10-01 01:00:00,9474.053102023856,8479.61307248405,5100.069672716516
forecast_6554,2025-10-01 02:00:00,10368.298388721068,9367.042646349752,5264.121664195651
forecast_6555,2025-10-01 03:00:00,8917.291690300908,8340.645842111107,4637.948465321299
forecast_6556,2025-10-01 04:00:00,9044.219333719304,8288.83616251391,4631.722367310159
forecast_6557,2025-10-01 05:00:00,8217.65588617437,7164.385949632706,3974.477327045713
forecast_6558,2025-10-01 06:00:00,8820.935150967955,7427.080272525276,3922.421843575026
forecast_6559,2025-10-01 07:00:00,7331.245641530742,6346.203352172793,2761.271933246122
forecast_6560,2025-10-01 08:00:00,3946.1427777485014,2818.463088347708,1157.2757650742117
forecast_6561,2025-10-01 09:00:00,3147.3875754162705,1837.8739478952155,1146.8342125413608
forecast_6562,2025-10-01 10:00:00,1678.3368442139376,876.4315780336236,536.4102593196533
forecast_6563,2025-10-01 11:00:00,656.1921990538792,524.9471732298963,414.2240223553351
forecast_6564,2025-10-01 12:00:00,764.5513694703559,527.5016054385311,440.9635455617576
forecast_6565,2025-10-01 13:00:00,1496.6507623877644,1097.8197025615448,689.6900253025569
forecast_6566,2025-10-01 14:00:00,1605.485953064165,1108.7805973395932,629.7029463210143
forecast_6567,2025-10-01 15:00:00,1465.8364481324,1113.2063768782448,710.3184325396464
forecast_6568,2025-10-01 16:00:00,1486.4097722224221,1315.961706612909,690.0459472575545
forecast_6569,2025-10-01 17:00:00,1652.7712831270555,1585.47889620165,767.5447231983857
forecast_6570,2025-10-01 18:00:00,3784.4765976856725,3483.413174480334,1752.4981275760867
forecast_6571,2025-10-01 19:00:00,6274.671472936569,5382.051870527298,3313.3211973601897
forecast_6572,2025-10-01 20:00:00,6748.456322431986,5962.468550226258,3518.614175523337
forecast_6573,2025-10-01 21:00:00,6384.166033206182,5856.013985212787,3446.389205900188
forecast_6574,2025-10-01 22:00:00,5723.2425014816745,4895.171832610226,3143.4808143837677
forecast_6575,2025-10-01 23:00:00,4584.052052493785,3546.963442440136,2568.6713842203935
forecast_6576,2025-10-02 00:00:00,5066.4871382615565,4284.7515681260265,2770.457128938573
forecast_6577,2025-10-02 01:00:00,6733.205280487418,6807.6176575001955,3493.974507901633
forecast_6578,2025-10-02 02:00:00,6705.328441464157,6832.989386527416,3549.2233148310142
forecast_6579,2025-10-02 03:00:00,5891.019189158603,5393.722905908056,2442.041637291182
forecast_6580,2025-10-02 04:00:00,4356.188308082778,3366.4753327619387,1963.1343317383917
forecast_6581,2025-10-02 05:00:00,3133.8889738139537,2137.916946426983,1588.813403700475
forecast_6582,2025-10-02 06:00:00,2519.954305029693,1680.5167034683898,1228.7646225069323
forecast_6583,2025-10-02 07:00:00,2168.3586543311494,1536.1183481654855,915.4929643186769
forecast_6584,2025-10-02 08:00:00,999.5600408051862,769.3466953604333,448.40227018910787
forecast_6585,2025-10-02 09:00:00,557.513912800873,266.7247752552796,122.12660532266169
forecast_6586,2025-10-02 10:00:00,185.56494491686306,137.7194391798679,67.0550971560689
forecast_6587,2025-10-02 11:00:00,117.17080637437904,127.05586206632105,64.75462446308863
forecast_6588,2025-10-02 12:00:00,114.62786972364239,118.47698063223773,73.05025034572289
forecast_6589,2025-10-02 13:00:00,125.56318664516417,124.09762316210265,71.86671012404213
forecast_6590,2025-10-02 14:00:00,147.72437679901833,160.71569047052253,98.4759538579832
forecast_6591,2025-10-02 15:00:00,132.45852062476771,150.33288484896056,87.94497439931041
forecast_6592,2025-10-02 16:00:00,181.72221585294787,147.5523183936699,83.48509037046328
forecast_6593,2025-10-02 17:00:00,207.98668488115953,176.1771202495837,63.688615324041656
forecast_6594,2025-10-02 18:00:00,303.8555438308555,204.13026943255193,69.56861403934815
forecast_6595,2025-10-02 19:00:00,318.8065712670796,235.21194496403217,67.6315242205645
forecast_6596,2025-10-02 20:00:00,322.0877761705326,253.5484954343403,76.25028254045333
forecast_6597,2025-10-02 21:00:00,343.3136249969467,294.1869273414271,75.90993701742438
forecast_6598,2025-10-02 22:00:00,399.7300057727401,307.95219527373,78.67338099539485
forecast_6599,2025-10-02 23:00:00,443.0489440517782,401.3281904519939,77.59828152651507
forecast_6600,2025-10-03 00:00:00,615.4911722481266,532.0017841655365,87.23223487908692
forecast_6601,2025-10-03 01:00:00,1818.063096732425,1655.4241571167702,516.667105832033
forecast_6602,2025-10-03 02:00:00,2007.3119976630946,1942.2243016575528,471.54943255823804
forecast_6603,2025-10-03 03:00:00,1863.3249627161085,1694.2925490810542,477.18566460567337
forecast_6604,2025-10-03 04:00:00,1981.4482984551462,1850.8317152395232,489.2842398988035
forecast_6605,2025-10-03 05:00:00,1971.705629921006,1905.5330756578342,577.3797440730034
forecast_6606,2025-10-03 06:00:00,2693.873931794444,2717.5558017987714,860.4147611965352
forecast_6607,2025-10-03 07:00:00,2835.544009820723,2660.0791270449604,813.4811443959894
forecast_6608,2025-10-03 08:00:00,3176.815446334336,2843.672058394878,859.4465679479375
forecast_6609,2025-10-03 09:00:00,3399.1913470080026,2946.455100487627,1058.0946568325294
forecast_6610,2025-10-03 10:00:00,3564.4105036235583,3266.4572777715907,1858.0535145834817
forecast_6611,2025-10-03 11:00:00,3628.7507365730844,3490.533769316979,2159.358107126055
forecast_6612,2025-10-03 12:00:00,4130.359992847823,4798.8965966191645,2962.133979445196
forecast_6613,2025-10-03 13:00:00,3456.7571078747937,3524.6730417071253,2020.3513966417513
forecast_6614,2025-10-03 14:00:00,3629.425062962859,3665.4514213718826,2113.2519013572823
forecast_6615,2025-10-03 15:00:00,3023.796634421541,2789.929763799669,1243.7163764603115
forecast_6616,2025-10-03 16:00:00,3528.1050442942046,3516.727488737927,1745.5104192920028
forecast_6617,2025-10-03 17:00:00,4456.694095194516,4015.5822577350405,1725.4959822460937
forecast_6618,2025-10-03 18:00:00,4739.1897431869065,3609.2776778542875,1504.086352786927
forecast_6619,2025-10-03 19:00:00,6758.634165632419,5925.4512927964915,2791.4226231768243
forecast_6620,2025-10-03 20:00:00,7310.511615979148,5837.821833659968,3019.677778771329
forecast_6621,2025-10-03 21:00:00,5459.292324962261,4845.715962665338,1904.9291089107253
forecast_6622,2025-10-03 22:00:00,4998.993582551099,4203.361087554123,1633.0957155277315
forecast_6623,2025-10-03 23:00:00,4209.214506943954,3687.773421991969,1364.581206484458
forecast_6624,2025-10-04 00:00:00,4036.3770142282933,3467.9668537403636,1391.9742906065785
forecast_6625,2025-10-04 01:00:00,3737.713903535066,3194.1728036032014,1089.5151520481677
forecast_6626,2025-10-04 02:00:00,2763.9372687278424,2669.3273613782526,725.515714405434
forecast_6627,2025-10-04 03:00:00,2985.7395736158014,2636.5105919732764,872.2910658777981
forecast_6628,2025-10-04 04:00:00,3029.438294254095,2732.3508676594365,869.5440616380611
forecast_6629,2025-10-04 05:00:00,2893.5768375677253,2604.5390168876634,923.7423866421746
forecast_6630,2025-10-04 06:00:00,2721.526862210945,2349.984772133514,698.034805420182
forecast_6631,2025-10-04 07:00:00,2598.1628338639457,2171.2052036624737,851.4612758828617
forecast_6632,2025-10-04 08:00:00,2356.4803738128367,2309.484717450413,1036.7621796751819
forecast_6633,2025-10-04 09:00:00,2395.5107546978456,2361.5699357249705,860.9159168473177
forecast_6634,2025-10-04 10:00:00,1191.596643487195,1475.7543753034433,457.99392956967205
forecast_6635,2025-10-04 11:00:00,901.6181880300397,1199.6775146779742,451.0380883979181
forecast_6636,2025-10-04 12:00:00,919.8579816759556,1135.1780025065286,463.4694364276671
forecast_6637,2025-10-04 13:00:00,926.2314030817844,1000.5852065643803,588.9315501249631
forecast_6638,2025-10-04 14:00:00,763.227547552954,905.6318277815465,588.1476615458917
forecast_6639,2025-10-04 15:00:00,711.9967581682636,764.1623468372899,458.2322001738341
forecast_6640,2025-10-04 16:00:00,963.7631046607905,882.0194300296127,516.5424403117422
forecast_6641,2025-10-04 17:00:00,1153.6934312325716,1053.2040658441824,700.9947451119467
forecast_6642,2025-10-04 18:00:00,1375.6071302417558,1296.8556881616933,716.4650777804767
forecast_6643,2025-10-04 19:00:00,1235.846013331958,997.0983678404424,731.3224073982759
forecast_6644,2025-10-04 20:00:00,1488.6550485550847,1041.6118224956292,653.7609043315798
forecast_6645,2025-10-04 21:00:00,1590.9850274808616,1258.9763977082769,607.947842986378
forecast_6646,2025-10-04 22:00:00,1137.1795216451908,750.6175790738811,263.8589321924005
forecast_6647,2025-10-04 23:00:00,797.8868442243171,685.8384878746269,198.55548034674578
forecast_6648,2025-10-05 00:00:00,544.192901731814,413.2499872682325,125.94724487178506
forecast_6649,2025-10-05 01:00:00,603.6861720497701,432.8364594971996,264.7742841032074
forecast_6650,2025-10-05 02:00:00,582.8753936162927,412.90884437068604,210.52842362119154
forecast_6651,2025-10-05 03:00:00,600.8400830276014,385.4894331242644,179.37821993091566
forecast_6652,2025-10-05 04:00:00,353.83236330913826,279.62492371021847,87.31583948654229
forecast_6653,2025-10-05 05:00:00,372.447253262377,292.6009546164712,95.29633612698083
forecast_6654,2025-10-05 06:00:00,346.7972693447762,237.65837360625792,79.57985731494334
forecast_6655,2025-10-05 07:00:00,444.90517078040796,301.96411880933704,102.1992869837684
forecast_6656,2025-10-05 08:00:00,351.1773522207328,264.9213082653955,76.4049121843889
forecast_6657,2025-10-05 09:00:00,374.0977716195059,267.2213501614089,81.13852486746804
forecast_6658,2025-10-05 10:00:00,284.99263823191023,193.17370824428713,77.4705884373102
forecast_6659,2025-10-05 11:00:00,473.54147919367426,305.3733520115303,114.7458800426699
forecast_6660,2025-10-05 12:00:00,278.1662217498188,212.84241887989216,74.9591151657562
forecast_6661,2025-10-05 13:00:00,300.5502344781433,204.83585888651146,99.5226745001759
forecast_6662,2025-10-05 14:00:00,315.39301249202015,225.91288685380752,84.5667795898312
forecast_6663,2025-10-05 15:00:00,328.27188799808044,380.22392540158023,179.25364574220856
forecast_6664,2025-10-05 16:00:00,430.6224780987343,391.97055295434654,140.7105715796155
forecast_6665,2025-10-05 17:00:00,443.9076702948765,417.3745209494344,180.07410797269475
forecast_6666,2025-10-05 18:00:00,554.110764242114,498.5525848082511,300.3919073585522
forecast_6667,2025-10-05 19:00:00,725.373120810869,667.1744617878163,440.3755668747322
forecast_6668,2025-10-05 20:00:00,854.8533259311956,811.1002459775002,361.1582776045572
forecast_6669,2025-10-05 21:00:00,999.9742558404988,957.3444877034872,351.54643516594183
forecast_6670,2025-10-05 22:00:00,879.6714568922608,817.5793653266828,311.3680015459448
forecast_6671,2025-10-05 23:00:00,919.9908531254166,928.6837397603178,280.94234247155754
forecast_6672,2025-10-06 00:00:00,874.6207338013662,802.6809792745867,211.22753620522073
forecast_6673,2025-10-06 01:00:00,880.3165533990918,855.2488022857549,278.05924301803
forecast_6674,2025-10-06 02:00:00,1422.3880478193346,1326.4860167642028,412.8475822089355
forecast_6675,2025-10-06 03:00:00,3075.4936634077317,2750.558073071851,1035.8970309707222
forecast_6676,2025-10-06 04:00:00,3168.9257752195194,3179.4190431167194,1193.4431241674968
forecast_6677,2025-10-06 05:00:00,3334.446423610417,3594.2767056493044,1594.6231436400149
forecast_6678,2025-10-06 06:00:00,3678.0575762394724,4181.392272951723,2022.348590367962
forecast_6679,2025-10-06 07:00:00,6634.074279859416,7742.213596426687,4589.545384886363
forecast_6680,2025-10-06 08:00:00,8520.468888495863,9784.447015468048,6230.976680381258
forecast_6681,2025-10-06 09:00:00,8926.58283741026,10030.913139162803,6486.81670038664
forecast_6682,2025-10-06 10:00:00,8423.887822571603,9846.394344676948,6291.335200097184
forecast_6683,2025-10-06 11:00:00,7222.726875889713,8265.874124363942,5047.384085595
forecast_6684,2025-10-06 12:00:00,6351.808649150161,7023.248103032616,4587.356553960391
forecast_6685,2025-10-06 13:00:00,4751.1659489894555,5283.819635423861,3102.3484801551467
forecast_6686,2025-10-06 14:00:00,3657.116824866989,4320.46995951288,2405.9882104980265
forecast_6687,2025-10-06 15:00:00,3684.348733100766,4006.9464166800767,1839.155267069936
forecast_6688,2025-10-06 16:00:00,3567.3824687045562,4304.446857438489,2102.6026795981816
forecast_6689,2025-10-06 17:00:00,5008.385706530827,5807.500246989862,3459.9083294150155
forecast_6690,2025-10-06 18:00:00,6754.591865279753,6910.038474156374,5050.533371087127
forecast_6691,2025-10-06 19:00:00,6814.640438735526,6812.3043062692095,4653.874613338353
forecast_6692,2025-10-06 20:00:00,7712.76018831317,8139.59626252642,5352.084806786231
forecast_6693,2025-10-06 21:00:00,9375.70119878568,9893.130872081127,6508.89489801038
forecast_6694,2025-10-06 22:00:00,11271.300869525974,11394.97962333549,7567.245241031454
forecast_6695,2025-10-06 23:00:00,11936.51525133028,12598.830893916245,8124.503795285373
forecast_6696,2025-10-07 00:00:00,13157.057399860852,15070.288013155743,10246.53026108973
forecast_6697,2025-10-07 01:00:00,10500.75076705883,11230.930308675273,7392.387667033255
forecast_6698,2025-10-07 02:00:00,9224.120764967765,9749.873838625654,6146.005623129673
forecast_6699,2025-10-07 03:00:00,9044.500024543808,9795.15833888823,5866.622439845798
forecast_6700,2025-10-07 04:00:00,8677.655618441915,9252.692959216873,5575.96453963917
forecast_6701,2025-10-07 05:00:00,8802.77182168712,8962.445742921278,4798.350633961273
forecast_6702,2025-10-07 06:00:00,8987.390369870393,9328.87317825537,5351.905628609902
forecast_6703,2025-10-07 07:00:00,6586.91780284839,7372.12960708163,3819.9720132550897
forecast_6704,2025-10-07 08:00:00,5549.024277248276,6479.134975364114,3515.814654019309
forecast_6705,2025-10-07 09:00:00,5538.803830349492,5962.763176901688,3435.8855318505302
forecast_6706,2025-10-07 10:00:00,4685.248602651253,4984.8894604522375,2704.5428118186146
forecast_6707,2025-10-07 11:00:00,4028.5336254663985,4660.272203623921,2371.12117919954
forecast_6708,2025-10-07 12:00:00,3586.6038502230467,3922.544160233429,1692.5732325728225
forecast_6709,2025-10-07 13:00:00,3224.822788064341,3603.7475043392105,1426.919466719392
forecast_6710,2025-10-07 14:00:00,2981.2554355743737,2796.1030131026173,1108.2571943840035
forecast_6711,2025-10-07 15:00:00,2726.5059469302573,2530.6290077693166,903.0661852365165
forecast_6712,2025-10-07 16:00:00,2397.283051980763,2125.6836910972684,607.0897943964274
forecast_6713,2025-10-07 17:00:00,1949.473884976738,1683.8732289540296,444.4416971249219
forecast_6714,2025-10-07 18:00:00,1336.5053122896525,1253.5907862603294,414.86761969069227
forecast_6715,2025-10-07 19:00:00,1229.1731457000453,1084.8062910910965,313.01261823373915
forecast_6716,2025-10-07 20:00:00,998.9436465456089,887.8259683644167,201.01795503487338
forecast_6717,2025-10-07 21:00:00,603.5286342209102,476.8798933418674,211.3518723090245
forecast_6718,2025-10-07 22:00:00,571.4365309728503,511.8610020364733,149.85239708892502
forecast_6719,2025-10-07 23:00:00,578.2708209004754,549.7350381698545,240.6747438144865
forecast_6720,2025-10-08 00:00:00,590.1273251204905,353.4173315527899,181.0865930659107
forecast_6721,2025-10-08 01:00:00,359.67361560741114,245.52082779406155,113.8855496778492
forecast_6722,2025-10-08 02:00:00,360.1106497221705,262.7583026498964,98.79156921516224
forecast_6723,2025-10-08 03:00:00,400.96213969687614,271.543185883252,117.96455932058949
forecast_6724,2025-10-08 04:00:00,510.7597840860201,340.48583582516034,135.16099577211244
forecast_6725,2025-10-08 05:00:00,675.8514077734211,473.3186827083179,222.17997802070084
forecast_6726,2025-10-08 06:00:00,662.0162547406183,537.3698348264878,190.47545162181044
forecast_6727,2025-10-08 07:00:00,676.7722235205517,540.3738700485851,199.90126545921672
forecast_6728,2025-10-08 08:00:00,728.6508206577507,523.6870920250133,178.59057021404453
forecast_6729,2025-10-08 09:00:00,678.9298172544931,545.1816422311102,196.2424409305622
forecast_6730,2025-10-08 10:00:00,641.837320485709,605.8609890632358,331.59355189918506
forecast_6731,2025-10-08 11:00:00,527.0281007914465,484.01549074980215,216.91670846328154
forecast_6732,2025-10-08 12:00:00,456.88769728065114,333.0220530556506,182.7343781734611
forecast_6733,2025-10-08 13:00:00,356.4801711431672,308.2833249835945,170.89926619797066
forecast_6734,2025-10-08 14:00:00,321.3452365221141,412.2093271984521,269.2339124195598
forecast_6735,2025-10-08 15:00:00,330.39262174776457,417.9467103254129,228.66683340926397
forecast_6736,2025-10-08 16:00:00,500.1756256619175,577.5622177909559,312.0005127919249
forecast_6737,2025-10-08 17:00:00,845.968218239671,922.3944749926683,386.53563903979233
forecast_6738,2025-10-08 18:00:00,1388.0531855437068,1245.7566793655046,442.921922389228
forecast_6739,2025-10-08 19:00:00,2235.547968028613,2522.542059535223,986.0004861740873
forecast_6740,2025-10-08 20:00:00,3214.2508999013135,3314.4083822963044,1258.933957582522
forecast_6741,2025-10-08 21:00:00,3175.587203994267,3207.9731396294105,1334.8486454425647
forecast_6742,2025-10-08 22:00:00,3701.715727118727,4144.168026979832,2178.1914726510086
forecast_6743,2025-10-08 23:00:00,4121.3592492678645,4945.717035671492,2359.4777489811568
forecast_6744,2025-10-09 00:00:00,4832.009213292138,6192.430408692537,2814.78663743615
forecast_6745,2025-10-09 01:00:00,4989.697733464547,5884.794836108935,2576.6720264638598
forecast_6746,2025-10-09 02:00:00,5452.397109992675,6290.933698908301,3304.6396560126295
forecast_6747,2025-10-09 03:00:00,5858.236389106824,6741.458635843199,2958.390979714146
forecast_6748,2025-10-09 04:00:00,4936.046394975267,5911.069111066061,2751.227341886384
forecast_6749,2025-10-09 05:00:00,5597.809915544521,6678.433511451214,2995.440561549094
forecast_6750,2025-10-09 06:00:00,6256.9560017558,7147.309222547429,3291.3552752101573
forecast_6751,2025-10-09 07:00:00,5041.088808575957,6468.111133329251,3121.899885670821
forecast_6752,2025-10-09 08:00:00,4977.917383686169,5992.173179042408,2814.578708996489
forecast_6753,2025-10-09 09:00:00,4692.188770440467,5892.58096182058,2705.7481484323125
forecast_6754,2025-10-09 10:00:00,3643.0654693056217,4873.288133061004,2344.813975690226
forecast_6755,2025-10-09 11:00:00,2741.675455321758,3737.4539748863353,1644.5901119678442
forecast_6756,2025-10-09 12:00:00,2652.9978459336435,3053.398837710237,1348.5197552264488
forecast_6757,2025-10-09 13:00:00,2134.4360446864416,2339.0738667256255,1259.3347833662378
forecast_6758,2025-10-09 14:00:00,1712.6601339900717,1739.5659074331218,896.1578238615235
forecast_6759,2025-10-09 15:00:00,1623.9646008735804,1737.7750755217317,830.8295167123767
forecast_6760,2025-10-09 16:00:00,2043.198730627684,2146.034247638042,952.1686078875134
forecast_6761,2025-10-09 17:00:00,2107.8162158338537,1951.420711860411,808.9631697618314
forecast_6762,2025-10-09 18:00:00,2207.634228339598,2004.5086580379711,725.513292160393
forecast_6763,2025-10-09 19:00:00,2266.18482076532,1864.991040858551,665.4947026278296
forecast_6764,2025-10-09 20:00:00,2027.3622704642726,1660.8639008587236,641.9793344340078
forecast_6765,2025-10-09 21:00:00,1825.4380271255823,1373.5633570175958,506.37664844380265
forecast_6766,2025-10-09 22:00:00,1789.217762947475,1170.763144569674,400.1379674543075
forecast_6767,2025-10-09 23:00:00,1812.1955970842203,1243.4823433685367,444.3642162183308
forecast_6768,2025-10-10 00:00:00,1679.8953328531054,1131.0270957424843,311.5700320381206
forecast_6769,2025-10-10 01:00:00,1960.6908683058891,1675.981794992,387.96085239108345
forecast_6770,2025-10-10 02:00:00,1895.064096142371,1645.140901142328,438.8266764157409
forecast_6771,2025-10-10 03:00:00,2287.509460421605,1927.3798109291217,584.9666296099394
forecast_6772,2025-10-10 04:00:00,2233.125848013019,1816.4549072445245,526.2766619843367
forecast_6773,2025-10-10 05:00:00,2294.3405239308845,1855.058550031974,402.91589002673766
forecast_6774,2025-10-10 06:00:00,2257.6530530950818,1688.7660980909727,436.8635994476016
forecast_6775,2025-10-10 07:00:00,2166.203643085685,1604.711087416416,432.27948640508123
forecast_6776,2025-10-10 08:00:00,2254.649813270552,1715.522210264388,479.61626162249684
forecast_6777,2025-10-10 09:00:00,2330.5403440357877,1815.07265409154,510.5749619486678
forecast_6778,2025-10-10 10:00:00,2037.5956874384801,1536.8509913882174,414.5828010369661
forecast_6779,2025-10-10 11:00:00,1858.7205502943186,1560.4938818113071,509.5033682058489
forecast_6780,2025-10-10 12:00:00,1704.4467905835083,1310.7827729947476,426.4793802596322
forecast_6781,2025-10-10 13:00:00,1217.1546931507794,1002.3070620159184,402.0817819143818
forecast_6782,2025-10-10 14:00:00,1463.525730848538,1546.4923676669687,446.36570309401657
forecast_6783,2025-10-10 15:00:00,1990.4124761060793,1800.5439930025707,624.3511177999052
forecast_6784,2025-10-10 16:00:00,1979.421388809423,1609.225231492102,519.77722020158
forecast_6785,2025-10-10 17:00:00,1922.9426454862034,1576.6463562365536,438.5864466334644
forecast_6786,2025-10-10 18:00:00,1837.349814113377,1456.7528952244875,484.6572324715033
forecast_6787,2025-10-10 19:00:00,2217.098541914788,1626.2092243666614,599.7098491691422
forecast_6788,2025-10-10 20:00:00,2297.273113817399,1790.3616542543325,686.0219843122865
forecast_6789,2025-10-10 21:00:00,2362.702268374013,2224.141907600172,812.0083057648018
forecast_6790,2025-10-10 22:00:00,2787.1022903731796,2786.101834160327,1033.002315736427
forecast_6791,2025-10-10 23:00:00,2319.1647638946874,2491.299376839117,917.7157642022343
forecast_6792,2025-10-11 00:00:00,2596.088251431347,2739.5665892331367,1016.3964801919082
forecast_6793,2025-10-11 01:00:00,5767.694120969413,5665.862545977639,2096.8135665530676
forecast_6794,2025-10-11 02:00:00,4026.8964176050167,4174.576129339077,1974.6044430653694
forecast_6795,2025-10-11 03:00:00,4528.888265734361,5340.3641798926965,2632.1809232548703
forecast_6796,2025-10-11 04:00:00,5831.135280487358,6758.000080961881,3791.6698407801305
forecast_6797,2025-10-11 05:00:00,8542.584573865088,9628.863306939358,4755.590413156975
forecast_6798,2025-10-11 06:00:00,7527.793839612898,9068.749965494571,4749.196769240816
forecast_6799,2025-10-11 07:00:00,7827.868640334965,9121.352629270315,4645.911317626139
forecast_6800,2025-10-11 08:00:00,8647.624889650271,10280.576201188127,5634.128293462296
forecast_6801,2025-10-11 09:00:00,8316.546444860673,10261.772249303363,5597.89239027383
forecast_6802,2025-10-11 10:00:00,8512.731047022216,10003.304838929576,5234.065169812923
forecast_6803,2025-10-11 11:00:00,7910.380391080756,8838.659368465998,5394.112256681856
forecast_6804,2025-10-11 12:00:00,8351.0124693069,9218.10461612326,5788.734276323606
forecast_6805,2025-10-11 13:00:00,9162.39369906971,10243.27682219326,7337.562101380947
forecast_6806,2025-10-11 14:00:00,8867.515174669856,9211.573157492187,7476.683180643421
forecast_6807,2025-10-11 15:00:00,10282.654227815146,9680.640281548438,7806.1153401482625
forecast_6808,2025-10-11 16:00:00,11497.844499359273,11263.142197472736,9371.039605497665
forecast_6809,2025-10-11 17:00:00,10837.640689098964,10655.693635944157,8464.342227384284
forecast_6810,2025-10-11 18:00:00,10885.068742427547,11095.198503088004,8207.10147565823
forecast_6811,2025-10-11 19:00:00,11937.62212030753,12405.282229423574,9143.416206907877
forecast_6812,2025-10-11 20:00:00,13018.987431673773,13097.080920956616,9639.505677110797
forecast_6813,2025-10-11 21:00:00,12289.675972963987,13219.729757252702,9202.594861578084
forecast_6814,2025-10-11 22:00:00,11052.726532977415,11669.419986821595,7262.544716643574
forecast_6815,2025-10-11 23:00:00,10314.09480983603,11527.046304575002,7733.162746542335
forecast_6816,2025-10-12 00:00:00,10833.034233123286,11276.35509048586,8061.638296161057
forecast_6817,2025-10-12 01:00:00,10679.861087164623,11546.563360211205,8175.4983895916
forecast_6818,2025-10-12 02:00:00,10013.067237732816,9976.4841038417,7615.057181561583
forecast_6819,2025-10-12 03:00:00,7404.152243930862,8209.806105721498,5674.459857246393
forecast_6820,2025-10-12 04:00:00,6951.8987642383345,6921.977532260758,5125.821602905652
forecast_6821,2025-10-12 05:00:00,3949.889798793069,4137.481011514287,3223.7894377503294
forecast_6822,2025-10-12 06:00:00,3149.225457517064,3918.887911824864,2203.0745737512857
forecast_6823,2025-10-12 07:00:00,1881.9601524914299,2072.6398464748254,1361.4149503571623
forecast_6824,2025-10-12 08:00:00,2478.9257545863493,1981.864137331848,1207.609272768671
forecast_6825,2025-10-12 09:00:00,2827.240928395376,2892.290376469103,1372.4489068487278
forecast_6826,2025-10-12 10:00:00,4416.49797936901,4123.925539118252,2355.175066810648
forecast_6827,2025-10-12 11:00:00,4990.970152167609,5653.584408578517,3387.737014279253
forecast_6828,2025-10-12 12:00:00,4594.062567452692,4664.26997673407,2801.5212934432134
forecast_6829,2025-10-12 13:00:00,4455.757858252599,4372.387682154847,2784.7729247186408
forecast_6830,2025-10-12 14:00:00,4970.109763876871,5815.147224798823,3454.356307200596
forecast_6831,2025-10-12 15:00:00,4970.6615092664515,5504.604824483944,3025.8633196196415
forecast_6832,2025-10-12 16:00:00,4171.913971131605,4451.859198577886,2735.003071601385
forecast_6833,2025-10-12 17:00:00,4105.875938079271,5215.394402530795,2477.6639811253044
forecast_6834,2025-10-12 18:00:00,4965.041407686264,6364.194921259983,3623.195285763372
forecast_6835,2025-10-12 19:00:00,5948.22198455438,7805.400307713068,5229.402120682963
forecast_6836,2025-10-12 20:00:00,5989.946247528354,7608.202484493511,5212.629855546042
forecast_6837,2025-10-12 21:00:00,6054.8747899748,7029.078643904441,4778.821751885727
forecast_6838,2025-10-12 22:00:00,4594.357075878796,5561.781483709948,2995.021976492577
forecast_6839,2025-10-12 23:00:00,3539.684754130336,4265.399665017865,2411.783979918318
forecast_6840,2025-10-13 00:00:00,3644.9005071199995,4306.033127940206,2179.0258095012255
forecast_6841,2025-10-13 01:00:00,2649.519552102137,2524.56418618518,870.4169398869562
forecast_6842,2025-10-13 02:00:00,2318.28714240314,2110.188583260297,797.0265059055768
forecast_6843,2025-10-13 03:00:00,1855.5908666552602,1581.459369028324,573.1972261465658
forecast_6844,2025-10-13 04:00:00,1306.8052881736453,1163.7165056849929,444.8740587400554
forecast_6845,2025-10-13 05:00:00,1703.5567247146346,1506.283238730877,612.4201535367638
forecast_6846,2025-10-13 06:00:00,2570.32057466517,3137.3739977831337,1270.8729802808962
forecast_6847,2025-10-13 07:00:00,3474.362237249946,4105.853892799086,2045.8693376292078
forecast_6848,2025-10-13 08:00:00,3864.01040100447,4623.022090416679,1969.9056512482725
forecast_6849,2025-10-13 09:00:00,3504.3374941347033,3667.668713409544,1577.2573870133133
forecast_6850,2025-10-13 10:00:00,3596.334333436901,4740.391052913168,1937.29289009637
forecast_6851,2025-10-13 11:00:00,3158.8549332206676,3865.6864216156696,1824.5667391601348
forecast_6852,2025-10-13 12:00:00,3374.7214777973145,4223.598156331226,2104.2100243648792
forecast_6853,2025-10-13 13:00:00,3380.3865849486933,4066.343470725454,2003.833599816124
forecast_6854,2025-10-13 14:00:00,3361.2166704764754,4028.4627488018277,2169.7423098701415
forecast_6855,2025-10-13 15:00:00,3967.6260146965665,4446.111387969715,2354.921584576814
forecast_6856,2025-10-13 16:00:00,4497.503354586138,4890.969465693986,2680.6489870192295
forecast_6857,2025-10-13 17:00:00,4594.083263629372,5286.815960232182,3262.4873307814437
forecast_6858,2025-10-13 18:00:00,4738.485549779381,5136.193060361924,2588.7264768025707
forecast_6859,2025-10-13 19:00:00,4895.946453600803,5254.2682395219235,3095.4490650624484
forecast_6860,2025-10-13 20:00:00,5019.835734023938,5028.990974743723,2505.8583324911006
forecast_6861,2025-10-13 21:00:00,5180.518653510023,5770.420469015009,3500.5907673585584
forecast_6862,2025-10-13 22:00:00,6269.301333824351,6370.215604448581,3998.0701189074352
forecast_6863,2025-10-13 23:00:00,5874.462538819443,6339.153980991893,2702.417601726761
forecast_6864,2025-10-14 00:00:00,5933.702128874978,6019.88551258606,3219.822441415154
forecast_6865,2025-10-14 01:00:00,7606.819693402166,7512.978459815775,3798.5260475843615
forecast_6866,2025-10-14 02:00:00,7742.565555721805,7838.749946553264,4139.004997306483
forecast_6867,2025-10-14 03:00:00,7629.778966875917,7172.64603806114,4239.843811178574
forecast_6868,2025-10-14 04:00:00,6488.323782026338,6564.813023141071,3080.979424677785
forecast_6869,2025-10-14 05:00:00,5581.18543352346,6176.04372004797,2588.840558281695
forecast_6870,2025-10-14 06:00:00,5681.053005009345,5584.140719068847,2343.0760756069435
forecast_6871,2025-10-14 07:00:00,4820.664328858796,5166.2012305417065,2268.2467147061857
forecast_6872,2025-10-14 08:00:00,4423.467176048806,4839.888366968036,2396.841352233935
forecast_6873,2025-10-14 09:00:00,4598.904251060818,5535.28656615598,3151.612302075295
forecast_6874,2025-10-14 10:00:00,4795.221474102128,5552.743754025641,3049.7180760285937
forecast_6875,2025-10-14 11:00:00,5099.871981819823,5467.772719937034,3071.6797900676734
forecast_6876,2025-10-14 12:00:00,4666.495488234058,5521.742677891578,2960.443929931473
forecast_6877,2025-10-14 13:00:00,4166.7241664275525,4886.441505314068,2836.311788452342
forecast_6878,2025-10-14 14:00:00,4179.251962567079,5182.554917911897,3027.0830417417214
forecast_6879,2025-10-14 15:00:00,4288.342192848823,5271.947912498693,3069.845850796265
forecast_6880,2025-10-14 16:00:00,3007.482674587222,3835.8961519420973,2263.791446761009
forecast_6881,2025-10-14 17:00:00,3847.9574597168416,4269.961963950475,2710.783408026144
forecast_6882,2025-10-14 18:00:00,3880.021520808074,4141.9637501465295,2281.897132624604
forecast_6883,2025-10-14 19:00:00,3250.871413635017,3697.230761094551,1959.4308631604713
forecast_6884,2025-10-14 20:00:00,3900.0463559447185,3953.151777483674,2116.6879982486935
forecast_6885,2025-10-14 21:00:00,3390.0905990508095,4057.856989644671,1848.4209009083543
forecast_6886,2025-10-14 22:00:00,3562.513514341041,3905.6447569988977,1846.4472628472074
forecast_6887,2025-10-14 23:00:00,3678.676620054578,3974.75205856975,1663.7652109419794
forecast_6888,2025-10-15 00:00:00,3583.583674808864,3767.472344811006,1647.3097637105552
forecast_6889,2025-10-15 01:00:00,3592.447348129529,3674.9219509893587,1459.9314420701485
forecast_6890,2025-10-15 02:00:00,3944.730036270751,3404.468417153026,1279.6534109546214
forecast_6891,2025-10-15 03:00:00,3560.1579334300536,3231.5754627378174,1218.1942737165334
forecast_6892,2025-10-15 04:00:00,3193.506791537448,3254.8248243381927,1152.074514214101
forecast_6893,2025-10-15 05:00:00,2914.9143720135094,2983.8179731348546,1065.059028756669
forecast_6894,2025-10-15 06:00:00,3158.628396658142,2997.012682496322,1061.012354738226
forecast_6895,2025-10-15 07:00:00,3053.7517614830754,2913.0078874942424,835.8749548119054
forecast_6896,2025-10-15 08:00:00,2839.7787050756688,2486.5956740410843,854.9226028023786
forecast_6897,2025-10-15 09:00:00,2484.976269270272,2137.066957476615,805.9791083936198
forecast_6898,2025-10-15 10:00:00,1770.4731860531995,1505.476347296541,635.6795472410985
forecast_6899,2025-10-15 11:00:00,1639.1421097472778,1274.2588423292518,751.2529636358432
forecast_6900,2025-10-15 12:00:00,1405.1042947657784,1131.2595711392703,693.3118528033424
forecast_6901,2025-10-15 13:00:00,1137.4901226080967,1041.258154679468,599.9363156734223
forecast_6902,2025-10-15 14:00:00,990.6262335510615,897.5505366165345,493.7063282653032
forecast_6903,2025-10-15 15:00:00,1057.5370760506223,854.0515077257709,524.4317545312741
forecast_6904,2025-10-15 16:00:00,1196.1233764304945,1057.4041838824514,533.3654668675273
forecast_6905,2025-10-15 17:00:00,1894.295297735474,1679.4176240497661,551.782628285383
forecast_6906,2025-10-15 18:00:00,1528.9017685195563,1360.0235259588485,435.37466029521454
forecast_6907,2025-10-15 19:00:00,1994.8598536783468,1712.1964317140387,475.0991488057182
forecast_6908,2025-10-15 20:00:00,2689.382754989272,2637.473158991543,849.3164886585415
forecast_6909,2025-10-15 21:00:00,3047.88395065867,2631.5529800915865,975.5868243961269
forecast_6910,2025-10-15 22:00:00,4087.383333398688,3603.8045384878737,1260.6718035414972
forecast_6911,2025-10-15 23:00:00,4943.073124827778,4325.889570431281,1847.451498335045
forecast_6912,2025-10-16 00:00:00,5116.739415542765,4700.723186277875,2018.3891488015845
forecast_6913,2025-10-16 01:00:00,3180.6576821078497,2490.7936477410567,925.1378502144023
forecast_6914,2025-10-16 02:00:00,2643.279523070537,3037.7384068916595,1404.5338991747926
forecast_6915,2025-10-16 03:00:00,2101.112081386182,2105.1628221371634,1151.2990863899322
forecast_6916,2025-10-16 04:00:00,1350.0085938346517,1243.7139676544127,743.0146446774701
forecast_6917,2025-10-16 05:00:00,2945.6571259074053,2752.3267110298566,1413.658302516773
forecast_6918,2025-10-16 06:00:00,2531.765984705776,2457.3818220970834,1089.296376086097
forecast_6919,2025-10-16 07:00:00,3097.473575307509,4110.460547802977,2432.393336721995
forecast_6920,2025-10-16 08:00:00,4068.9127682074945,4704.817421641046,2946.017011019938
forecast_6921,2025-10-16 09:00:00,4297.71410029308,4938.938906137227,2788.841961605139
forecast_6922,2025-10-16 10:00:00,4389.224020743717,4716.637055705011,2428.445008933196
forecast_6923,2025-10-16 11:00:00,4450.0556965990145,4506.360027282966,2532.361594580904
forecast_6924,2025-10-16 12:00:00,4266.225657336624,4438.216245536313,2526.282096615341
forecast_6925,2025-10-16 13:00:00,4573.944921804354,4674.12117310625,2551.4278298701147
forecast_6926,2025-10-16 14:00:00,5067.229037155068,5491.328639397487,2834.0890558575757
forecast_6927,2025-10-16 15:00:00,3698.658305840936,4524.256984860818,2251.448782977561
forecast_6928,2025-10-16 16:00:00,3188.9479731269175,3289.6986248457015,1869.5361584457492
forecast_6929,2025-10-16 17:00:00,3004.7918829419227,3201.985178674594,1763.416101784642
forecast_6930,2025-10-16 18:00:00,3020.7653186970956,3351.8201654721875,2008.6003319733902
forecast_6931,2025-10-16 19:00:00,3314.0037755523044,3781.4155911031667,2040.234830637561
forecast_6932,2025-10-16 20:00:00,3481.8178488839935,4105.18699208689,2234.0638222730736
forecast_6933,2025-10-16 21:00:00,3528.12269708694,4159.725570625326,2091.3510310884267
forecast_6934,2025-10-16 22:00:00,3301.2575200487513,3730.353177170084,1751.137811305433
forecast_6935,2025-10-16 23:00:00,3693.529100706879,3884.9443734405054,1649.4031923341452
forecast_6936,2025-10-17 00:00:00,3862.3844443694784,3982.657472232123,1399.3473189899496
forecast_6937,2025-10-17 01:00:00,3556.7450847890777,4102.682545863878,1600.5757082615996
forecast_6938,2025-10-17 02:00:00,3667.444100056926,3996.1121797954256,1612.4354754393635
forecast_6939,2025-10-17 03:00:00,3676.1370224594525,3482.2053936133116,1340.2815393917137
forecast_6940,2025-10-17 04:00:00,3740.769594509183,3576.710677809457,1310.1916618356984
forecast_6941,2025-10-17 05:00:00,3520.0276634507254,3159.614325279062,1115.4243989495874
forecast_6942,2025-10-17 06:00:00,3135.6897189552355,2451.6753474347024,754.8268888346457
forecast_6943,2025-10-17 07:00:00,2373.450538166725,2049.9578270445763,592.3832821809489
forecast_6944,2025-10-17 08:00:00,2544.06862156618,2090.318202880106,513.5298049375281
forecast_6945,2025-10-17 09:00:00,2167.184056137415,1676.4116572803678,606.8381965087982
forecast_6946,2025-10-17 10:00:00,1572.749083853726,1154.826169480576,440.5515555795424
forecast_6947,2025-10-17 11:00:00,1115.8923852019157,841.6949159138336,339.00663926560367
forecast_6948,2025-10-17 12:00:00,757.3650739177633,540.8975343370546,240.86032134534895
forecast_6949,2025-10-17 13:00:00,711.0600430509716,591.007724778253,242.8381581432287
forecast_6950,2025-10-17 14:00:00,783.3599616965396,556.8710178098958,293.66278377916365
forecast_6951,2025-10-17 15:00:00,916.7877993716639,720.7866190042868,430.83332670296744
forecast_6952,2025-10-17 16:00:00,1098.3190027954518,786.918946346477,485.5188805834291
forecast_6953,2025-10-17 17:00:00,1088.3106314359782,1017.4044350083881,526.4012197736198
forecast_6954,2025-10-17 18:00:00,1885.981054509428,1559.782111492621,488.0365315182091
forecast_6955,2025-10-17 19:00:00,2233.0281586521814,2389.6254965561216,941.1423853243822
forecast_6956,2025-10-17 20:00:00,2747.216499635973,2854.2475090532616,1213.907228567411
forecast_6957,2025-10-17 21:00:00,4298.872684474235,4294.83217295774,1906.535477793493
forecast_6958,2025-10-17 22:00:00,5764.973740683613,5045.28478632276,2096.347792659864
forecast_6959,2025-10-17 23:00:00,5399.335761517879,4881.118049832352,2409.848969121358
forecast_6960,2025-10-18 00:00:00,4798.516149017053,4152.764131188533,1657.6728228425254
forecast_6961,2025-10-18 01:00:00,3526.269629566471,3172.554302380476,1222.3469191193044
forecast_6962,2025-10-18 02:00:00,4309.9048910800575,4785.625009710522,1955.1353795452749
forecast_6963,2025-10-18 03:00:00,4607.733372479792,4619.226803906182,1533.0000492509034
forecast_6964,2025-10-18 04:00:00,4672.6293806528365,4975.381891360746,1600.8623811083648
forecast_6965,2025-10-18 05:00:00,4719.0126093189665,3997.9212691280595,2089.075088206324
forecast_6966,2025-10-18 06:00:00,3504.6537450317924,3092.505912473166,1769.4653795222432
forecast_6967,2025-10-18 07:00:00,2744.8322995709564,2497.738685945685,1418.6540162879367
forecast_6968,2025-10-18 08:00:00,2156.6765475573457,2372.814227893999,1162.5263610932557
forecast_6969,2025-10-18 09:00:00,1905.702850415991,1958.6230169497114,931.7060637726352
forecast_6970,2025-10-18 10:00:00,1791.9632445936656,1698.3664215084177,810.0332892445219
forecast_6971,2025-10-18 11:00:00,1912.3731240698282,1912.2817953404056,871.6714349582927
forecast_6972,2025-10-18 12:00:00,2090.6102195619724,1925.462510712454,947.6552076142342
forecast_6973,2025-10-18 13:00:00,2199.359402260822,2123.5819828820095,1084.1196065431473
forecast_6974,2025-10-18 14:00:00,1812.3957303607062,2108.782200603388,1055.7716258543273
forecast_6975,2025-10-18 15:00:00,3029.9503980487234,3647.0812015101906,1953.657415429618
forecast_6976,2025-10-18 16:00:00,4040.3652151008814,4367.439550470985,1928.4158049952057
forecast_6977,2025-10-18 17:00:00,2888.935774421716,3813.8297295283583,1715.0429777839731
forecast_6978,2025-10-18 18:00:00,2591.9214667829365,3071.6093534414763,1469.8875028633704
forecast_6979,2025-10-18 19:00:00,2527.718613252083,2782.5582038108873,1364.8150026462943
forecast_6980,2025-10-18 20:00:00,2195.3450339563024,2363.171587533178,1365.2900644420827
forecast_6981,2025-10-18 21:00:00,2287.6119645911017,2048.8499326104948,1296.8612866463309
forecast_6982,2025-10-18 22:00:00,1907.0119440529102,1726.9530150272947,783.8595148052326
forecast_6983,2025-10-18 23:00:00,1759.1066418331745,1668.1213847191448,670.0401779188455
forecast_6984,2025-10-19 00:00:00,1664.8271944373118,1148.9871400052086,544.2001207906994
forecast_6985,2025-10-19 01:00:00,895.5429328069586,756.1174768313888,234.33866585462178
forecast_6986,2025-10-19 02:00:00,717.843262839306,655.6770269951746,234.87735109104355
forecast_6987,2025-10-19 03:00:00,856.1928411957974,664.3480537255083,218.67172744187528
forecast_6988,2025-10-19 04:00:00,955.906425622865,818.1315250561785,294.2837301091449
forecast_6989,2025-10-19 05:00:00,733.6219375298257,546.3238170179184,149.9682341536356
forecast_6990,2025-10-19 06:00:00,606.5566125171043,400.5070047679651,145.6232467961169
forecast_6991,2025-10-19 07:00:00,906.8837962215795,567.7994658107024,168.40589467602194
forecast_6992,2025-10-19 08:00:00,1027.9201987574045,984.3004972282014,255.15117106956967
forecast_6993,2025-10-19 09:00:00,1025.3134344775365,1041.838058701657,419.92803103543315
forecast_6994,2025-10-19 10:00:00,709.5745858919967,908.9559628577035,403.1186019430666
forecast_6995,2025-10-19 11:00:00,726.202177590094,834.1951971116146,451.3369906949304
forecast_6996,2025-10-19 12:00:00,683.988464893917,865.1370993168578,511.8184027241876
forecast_6997,2025-10-19 13:00:00,1610.6045446036446,2028.2274398772274,1212.9201424441985
forecast_6998,2025-10-19 14:00:00,3716.047564255098,3657.682693574515,2218.2157828667973
forecast_6999,2025-10-19 15:00:00,4973.257606101685,4238.468446797,3128.0340308962495
forecast_7000,2025-10-19 16:00:00,6003.3184547015935,5570.282292566041,4234.955772233453
forecast_7001,2025-10-19 17:00:00,6638.318570875301,6876.079353269766,4655.679659737125
forecast_7002,2025-10-19 18:00:00,6809.6745847512975,6310.632453694277,4251.919084136192
forecast_7003,2025-10-19 19:00:00,8487.857369400743,7831.700822929617,4531.950290869299
forecast_7004,2025-10-19 20:00:00,9117.770250255398,8800.684485681237,5201.922097132879
forecast_7005,2025-10-19 21:00:00,5946.331373973318,5437.261212820217,3140.219616241559
forecast_7006,2025-10-19 22:00:00,3907.268869661242,3235.4612031992647,1592.6317297931519
forecast_7007,2025-10-19 23:00:00,3282.623568714464,2868.9244740940508,1238.3291431826617
forecast_7008,2025-10-20 00:00:00,3065.2474637290175,3372.0431617662925,1485.1507581055612
forecast_7009,2025-10-20 01:00:00,2328.3922505504174,2188.824918499964,915.8559400853217
forecast_7010,2025-10-20 02:00:00,2123.58425775212,1967.5807490418192,985.3609857600686
forecast_7011,2025-10-20 03:00:00,1850.664702893556,1871.2400298209147,987.1829834453262
forecast_7012,2025-10-20 04:00:00,1623.5813142214831,1905.4861966198425,889.2366972537131
forecast_7013,2025-10-20 05:00:00,1878.1292310643307,2109.169296465206,1138.8648617556814
forecast_7014,2025-10-20 06:00:00,1810.9889541306961,2058.9150592791134,1360.2174477428387
forecast_7015,2025-10-20 07:00:00,1691.0799954046852,2114.7180764318896,1098.2722104138124
forecast_7016,2025-10-20 08:00:00,1559.261450368263,1861.8414829597066,763.594803954236
forecast_7017,2025-10-20 09:00:00,2406.06335509332,3094.5407479295814,1602.108126554801
forecast_7018,2025-10-20 10:00:00,2096.2625792651843,2421.964253682013,1269.6194098255496
forecast_7019,2025-10-20 11:00:00,1919.6898886459862,2260.923838044849,1338.7139288033434
forecast_7020,2025-10-20 12:00:00,2045.494842315925,2740.128971360642,1546.1672781333089
forecast_7021,2025-10-20 13:00:00,1698.4093271220347,2408.235391649781,1291.6101579604149
forecast_7022,2025-10-20 14:00:00,1457.2749747261776,1601.8748162496142,1227.0541289525281
forecast_7023,2025-10-20 15:00:00,1225.8678349755962,1365.2641224809443,894.9075433623973
forecast_7024,2025-10-20 16:00:00,1195.319876328804,1208.3773915710092,642.1468518965901
forecast_7025,2025-10-20 17:00:00,1167.6174788763856,1125.2013432739204,424.08516313399974
forecast_7026,2025-10-20 18:00:00,1296.1105710235536,1131.5561032078126,475.3276789221075
forecast_7027,2025-10-20 19:00:00,1022.0782787878262,871.6841189851102,357.01630072506265
forecast_7028,2025-10-20 20:00:00,590.8468097945926,455.76835662902477,147.9301234176166
forecast_7029,2025-10-20 21:00:00,480.33542413564874,343.34190924965395,142.99374207135745
forecast_7030,2025-10-20 22:00:00,460.91745095496424,311.29827500440814,138.57290514646735
forecast_7031,2025-10-20 23:00:00,464.3377650348744,306.4113365106207,153.07035789059879
forecast_7032,2025-10-21 00:00:00,382.51266966520626,342.0670617858569,126.45147853157872
forecast_7033,2025-10-21 01:00:00,1326.8051847789527,1354.277929419301,417.13041227316154
forecast_7034,2025-10-21 02:00:00,1238.7669107349013,1241.5715489215359,559.5165342820823
forecast_7035,2025-10-21 03:00:00,1481.5044341455734,1198.8070621146373,742.1057326206047
forecast_7036,2025-10-21 04:00:00,1457.5809963194881,1217.8045466185902,704.9575392071217
forecast_7037,2025-10-21 05:00:00,1492.3821048944408,1428.0237198319319,840.419171190649
forecast_7038,2025-10-21 06:00:00,1374.0409019558933,1120.7370925647215,453.7197104490878
forecast_7039,2025-10-21 07:00:00,691.7685476264519,653.3166732473591,429.8434033391956
forecast_7040,2025-10-21 08:00:00,895.160230804109,532.9486396025801,268.02564655337125
forecast_7041,2025-10-21 09:00:00,813.476659024868,519.4623543384519,204.82873808168927
forecast_7042,2025-10-21 10:00:00,292.5226883060694,252.5650068077732,197.17146600555637
forecast_7043,2025-10-21 11:00:00,249.28661950667652,256.2554462564452,207.18126162438665
forecast_7044,2025-10-21 12:00:00,234.6927578088626,221.6314988372637,222.18316383075367
forecast_7045,2025-10-21 13:00:00,269.5842734396352,298.3290806939289,208.3362480605246
forecast_7046,2025-10-21 14:00:00,417.2379173592642,381.22295452627435,248.4277611690743
forecast_7047,2025-10-21 15:00:00,524.5203251971725,538.0971324106916,378.840586308486
forecast_7048,2025-10-21 16:00:00,506.24970326109406,489.21352657232245,394.62314266418036
forecast_7049,2025-10-21 17:00:00,394.8618802828269,331.9577360743811,227.91764775181355
forecast_7050,2025-10-21 18:00:00,407.24535315102133,350.4825615829746,209.50294229613866
forecast_7051,2025-10-21 19:00:00,464.54637298808984,427.1023193768737,253.5957486106226
forecast_7052,2025-10-21 20:00:00,674.0364555855735,479.1625085925252,262.99063080704354
forecast_7053,2025-10-21 21:00:00,971.553154458787,773.9670951938767,391.6639799434634
forecast_7054,2025-10-21 22:00:00,967.1064278969669,621.8366179271611,379.2920170163672
forecast_7055,2025-10-21 23:00:00,932.381998806203,758.10617513417,421.67185168620347
forecast_7056,2025-10-22 00:00:00,1619.8141611856581,1068.196568889794,549.8313189277209
forecast_7057,2025-10-22 01:00:00,641.6768539404662,545.41409597946,276.6469922732142
forecast_7058,2025-10-22 02:00:00,645.681612939882,550.7370454169061,328.3006355402923
forecast_7059,2025-10-22 03:00:00,718.8714044475566,620.4390660370967,321.1544001512455
forecast_7060,2025-10-22 04:00:00,664.5145891394476,616.7406710522698,342.7612765959898
forecast_7061,2025-10-22 05:00:00,673.260929629472,611.3001105851221,351.3731030921991
forecast_7062,2025-10-22 06:00:00,897.640771959304,837.6765932399907,422.28254738124207
forecast_7063,2025-10-22 07:00:00,811.2612409281699,776.5009342840414,403.02040179587345
forecast_7064,2025-10-22 08:00:00,1334.3888461306021,1594.5622845089408,715.4001749754649
forecast_7065,2025-10-22 09:00:00,2546.925184554074,2864.702569779146,1776.579864884136
forecast_7066,2025-10-22 10:00:00,1292.6945555344398,1277.730960487652,793.1687387424547
forecast_7067,2025-10-22 11:00:00,2245.7105987625896,2583.844630693619,1210.4350082445796
forecast_7068,2025-10-22 12:00:00,2774.8441181085864,3101.4531554071386,1146.0187584520816
forecast_7069,2025-10-22 13:00:00,2518.4439351313617,2490.314083270543,1111.1566391533263
forecast_7070,2025-10-22 14:00:00,1860.9615139207187,1785.4263779923397,777.8381927692817
forecast_7071,2025-10-22 15:00:00,1783.7434616965982,1821.2231197668818,830.9834740840338
forecast_7072,2025-10-22 16:00:00,2282.9620184560317,2374.922024863485,827.1285868819455
forecast_7073,2025-10-22 17:00:00,2028.988018348158,1823.4204408727508,588.6108914463389
forecast_7074,2025-10-22 18:00:00,1522.9107444165293,1482.8710045912455,519.9390223933567
forecast_7075,2025-10-22 19:00:00,1777.202484061757,1698.4315605763263,495.9433160624651
forecast_7076,2025-10-22 20:00:00,1731.3689277483807,1452.1779596711528,440.02890096792703
forecast_7077,2025-10-22 21:00:00,1575.680810197202,1444.8565977072087,453.1583149382056
forecast_7078,2025-10-22 22:00:00,2002.3026619183386,1880.689954121636,498.2054953570947
forecast_7079,2025-10-22 23:00:00,2369.666741518529,1607.4014791762,531.1807133062038
forecast_7080,2025-10-23 00:00:00,2088.841595763248,1381.125568014437,477.1292125626432
forecast_7081,2025-10-23 01:00:00,792.5298760646406,681.8290756197222,189.25688648254214
forecast_7082,2025-10-23 02:00:00,569.1759587344501,424.67403804167526,139.04955411473742
forecast_7083,2025-10-23 03:00:00,420.970938623449,299.95493488365037,124.26646965159532
forecast_7084,2025-10-23 04:00:00,328.11645207736467,272.66425189628103,98.4919314095589
forecast_7085,2025-10-23 05:00:00,305.38820796396175,263.63289790372994,95.85527084255794
forecast_7086,2025-10-23 06:00:00,344.2031788301423,252.10465493610695,100.23747697675256
forecast_7087,2025-10-23 07:00:00,368.4838016442961,259.3639709925805,88.38296613068307
forecast_7088,2025-10-23 08:00:00,372.9184545072835,277.9169498862468,95.70710832779727
forecast_7089,2025-10-23 09:00:00,421.7065523932897,307.9646191958221,108.45724783099878
forecast_7090,2025-10-23 10:00:00,193.59187806945658,142.1052462490847,84.85011742035832
forecast_7091,2025-10-23 11:00:00,166.37969088375405,156.18131777018095,131.73252507692482
forecast_7092,2025-10-23 12:00:00,213.63818980738864,179.2044114991552,145.75741121638058
forecast_7093,2025-10-23 13:00:00,411.4025160444443,362.9254135651625,266.44074838386746
forecast_7094,2025-10-23 14:00:00,376.032409375743,359.8484755915636,186.6843820927047
forecast_7095,2025-10-23 15:00:00,264.50030819697196,247.01577757323108,162.3507783456377
forecast_7096,2025-10-23 16:00:00,332.4577619177797,338.2534999558863,218.4505209379712
forecast_7097,2025-10-23 17:00:00,489.18331356169074,484.8868089510959,227.54800383024636
forecast_7098,2025-10-23 18:00:00,483.708536042626,445.1123597402851,207.53433940734763
forecast_7099,2025-10-23 19:00:00,546.9470659620806,440.8426913465633,263.95845513292426
forecast_7100,2025-10-23 20:00:00,528.5155120204739,434.4988222710569,268.10518565058845
forecast_7101,2025-10-23 21:00:00,635.9932796514267,518.9939857711325,322.0530880452979
forecast_7102,2025-10-23 22:00:00,718.3234160260088,624.8822361329804,330.8035476691971
forecast_7103,2025-10-23 23:00:00,742.1100237748599,578.0635229570071,354.3621400052683
forecast_7104,2025-10-24 00:00:00,722.5260358945029,509.07276068268067,323.79224684304126
forecast_7105,2025-10-24 01:00:00,882.8356748143552,837.1095470733542,474.92793507527637
forecast_7106,2025-10-24 02:00:00,1075.7063690993468,854.4162318851812,469.37375841873984
forecast_7107,2025-10-24 03:00:00,1862.9533352813855,2341.145294810622,1136.026421419681
forecast_7108,2025-10-24 04:00:00,2570.724270525191,2711.06858637063,1442.365426307312
forecast_7109,2025-10-24 05:00:00,2130.3586637777303,2214.4210810795776,960.3999992262025
forecast_7110,2025-10-24 06:00:00,2774.082008000752,3004.131978801877,1614.9357693462973
forecast_7111,2025-10-24 07:00:00,2988.0308941378375,3241.933340397427,1986.685463050219
forecast_7112,2025-10-24 08:00:00,2958.3225464939264,3390.9631900518384,1388.5898295332458
forecast_7113,2025-10-24 09:00:00,3020.632651610561,3543.319056264425,1574.4366406738643
forecast_7114,2025-10-24 10:00:00,3385.9467531080077,3844.6369793259055,1897.3348995448976
forecast_7115,2025-10-24 11:00:00,3312.578830116939,3796.5290388768135,1818.5049367958395
forecast_7116,2025-10-24 12:00:00,2571.256153747019,2875.62506695038,1657.5039307101576
forecast_7117,2025-10-24 13:00:00,2430.660764463461,2691.1115585373805,1528.6762912476768
forecast_7118,2025-10-24 14:00:00,1742.3845791096624,1600.6005071642167,898.4523152375342
forecast_7119,2025-10-24 15:00:00,1747.7086174319863,1722.3802029832216,937.0512312858002
forecast_7120,2025-10-24 16:00:00,2136.8289582839325,2114.413839690499,962.9246951232747
forecast_7121,2025-10-24 17:00:00,2664.7830080199533,2196.2595391335753,758.0634903971605
forecast_7122,2025-10-24 18:00:00,2935.873111036475,2483.7099520696897,805.8929864212813
forecast_7123,2025-10-24 19:00:00,3454.573040842343,2529.595544433548,842.4374786898745
forecast_7124,2025-10-24 20:00:00,3666.966396063132,2714.0704730812004,847.5545647702639
forecast_7125,2025-10-24 21:00:00,3656.561731765793,3076.2291233875853,1061.0476301933659
forecast_7126,2025-10-24 22:00:00,4186.669331829041,3123.8911818368833,1172.357649531046
forecast_7127,2025-10-24 23:00:00,3277.473888536181,2536.807189976059,854.6642015203108
forecast_7128,2025-10-25 00:00:00,2624.6804354531037,2199.833043129806,536.1889409756312
forecast_7129,2025-10-25 01:00:00,2616.8385874159717,2410.865738728348,707.9925579151702
forecast_7130,2025-10-25 02:00:00,2402.4715130334102,2263.4208095043946,618.7386010245714
forecast_7131,2025-10-25 03:00:00,2010.4655025779361,1907.0400193211408,637.4520185718212
forecast_7132,2025-10-25 04:00:00,2086.921787236366,1898.227677251182,735.3685148589964
forecast_7133,2025-10-25 05:00:00,1712.5408348675635,1445.863296917034,536.7438389931143
forecast_7134,2025-10-25 06:00:00,1934.6827122590128,1705.4152323504748,623.5480029289104
forecast_7135,2025-10-25 07:00:00,1978.1582442952267,2004.7464434808785,640.3803892009199
forecast_7136,2025-10-25 08:00:00,1576.9132358271802,1468.0026571068227,468.7879956038143
forecast_7137,2025-10-25 09:00:00,1612.6452283177284,1564.6691092377825,562.5139915763887
forecast_7138,2025-10-25 10:00:00,662.6384403884329,642.6861372872662,351.6002677719892
forecast_7139,2025-10-25 11:00:00,531.2960838884285,623.3278638933468,406.2548490846994
forecast_7140,2025-10-25 12:00:00,770.2814708254034,846.5087920917441,606.6206848488766
forecast_7141,2025-10-25 13:00:00,1096.4244256360446,972.2656964274942,713.2624394596496
forecast_7142,2025-10-25 14:00:00,1091.1672885905455,875.5400395414374,493.0048137302932
forecast_7143,2025-10-25 15:00:00,584.8596294946535,553.1905496379583,442.58597121000264
forecast_7144,2025-10-25 16:00:00,793.9615272709202,763.3326677187009,467.1883437913403
forecast_7145,2025-10-25 17:00:00,1048.86816642282,921.3744166068143,514.1886171086419
forecast_7146,2025-10-25 18:00:00,1276.8278860464768,1058.7201305598928,425.34303081896877
forecast_7147,2025-10-25 19:00:00,1220.01931389403,920.6745733202195,281.3732534991164
forecast_7148,2025-10-25 20:00:00,1290.2491775863234,881.6462076072926,265.35042174579064
forecast_7149,2025-10-25 21:00:00,712.0124756990477,646.4049119835287,302.92670708058023
forecast_7150,2025-10-25 22:00:00,1182.902651194491,1185.205680222971,633.1003838792863
forecast_7151,2025-10-25 23:00:00,1725.4016760177487,1773.0956307925887,818.5174032320687
forecast_7152,2025-10-26 00:00:00,2122.764184128595,2172.402262408898,971.6593330277767
forecast_7153,2025-10-26 01:00:00,929.7933366422137,749.7321541635729,398.1645539350383
forecast_7154,2025-10-26 02:00:00,1787.0344290026028,1065.9965400565488,706.0351525452514
forecast_7155,2025-10-26 03:00:00,2261.5655809682694,1892.6941554979392,1060.6554906374433
forecast_7156,2025-10-26 04:00:00,2566.568163670055,1882.570590652279,1048.980791102145
forecast_7157,2025-10-26 05:00:00,3296.2918609828644,2209.133112218483,1344.807368132557
forecast_7158,2025-10-26 06:00:00,3006.8125391363815,2075.4467251651704,1120.1083880333708
forecast_7159,2025-10-26 07:00:00,3454.429159938156,2805.9230157797188,1385.618361567796
forecast_7160,2025-10-26 08:00:00,4053.6390578383925,2624.0734603781275,1744.7919678694086
forecast_7161,2025-10-26 09:00:00,3537.6534690290223,2838.223130923125,1574.6560575552785
forecast_7162,2025-10-26 10:00:00,3264.5926177096044,2251.8470977371635,1205.034302438195
forecast_7163,2025-10-26 11:00:00,2438.625059105849,1844.3238500909554,1031.4989686374208
forecast_7164,2025-10-26 12:00:00,3098.05050475225,2839.1075327511094,1949.431173160641
forecast_7165,2025-10-26 13:00:00,3652.078040719109,2820.6989610980945,1552.20331314117
forecast_7166,2025-10-26 14:00:00,4196.499875219928,3281.5466905856306,1702.6468725067632
forecast_7167,2025-10-26 15:00:00,5007.783653257474,4078.5709976399826,1810.6857279290107
forecast_7168,2025-10-26 16:00:00,4771.900322509106,3841.8557591133367,1694.8893668377427
forecast_7169,2025-10-26 17:00:00,5883.993675620239,4743.471121300358,3128.7373329786983
forecast_7170,2025-10-26 18:00:00,8347.399444544726,7797.806660701652,5502.3515632279405
forecast_7171,2025-10-26 19:00:00,8924.972470364637,9043.79993832007,6464.572517858621
forecast_7172,2025-10-26 20:00:00,10966.479228253665,11158.230883329365,8158.074382107812
forecast_7173,2025-10-26 21:00:00,12134.299216511028,12306.659508704515,8789.046493254986
forecast_7174,2025-10-26 22:00:00,13000.306196168913,12312.305649216982,9512.867580009179
forecast_7175,2025-10-26 23:00:00,13594.101507727784,11901.899000167035,9246.708138655218
forecast_7176,2025-10-27 00:00:00,15123.015548121179,12579.764073719452,9402.850917972233
forecast_7177,2025-10-27 01:00:00,17334.547234671154,14554.36692495264,10988.014872765954
forecast_7178,2025-10-27 02:00:00,17933.944225220497,15540.979379291966,11107.964057719022
forecast_7179,2025-10-27 03:00:00,19046.75999865463,18057.47101090748,12029.530807779063
forecast_7180,2025-10-27 04:00:00,18609.848723579667,17952.372393644662,12211.575099329237
forecast_7181,2025-10-27 05:00:00,18451.310891712008,17790.685491446908,11950.4154265661
forecast_7182,2025-10-27 06:00:00,17073.501842373138,15563.313345902296,10032.81189086359
forecast_7183,2025-10-27 07:00:00,14923.062616900745,14068.740085523592,8626.420922476522
forecast_7184,2025-10-27 08:00:00,13892.713662275732,14185.781690348349,7761.371618536154
forecast_7185,2025-10-27 09:00:00,12873.118224453245,13576.565490863888,7269.1221977854275
forecast_7186,2025-10-27 10:00:00,12113.295086315271,11267.865514794476,7395.89898333471
forecast_7187,2025-10-27 11:00:00,12064.690505118557,11008.402338119393,7988.065300350607
forecast_7188,2025-10-27 12:00:00,12443.582541797134,11364.068909890324,8200.943546105615
forecast_7189,2025-10-27 13:00:00,13276.623201946775,11463.387002997373,8116.901535510882
forecast_7190,2025-10-27 14:00:00,14196.266135208623,11976.800528998141,8502.024501257101
forecast_7191,2025-10-27 15:00:00,14628.93484570944,12351.43303422752,8937.49825974421
forecast_7192,2025-10-27 16:00:00,15317.763696213311,13392.798184369067,9119.685222930531
forecast_7193,2025-10-27 17:00:00,16223.678113322669,14619.888893867866,9647.377832907514
forecast_7194,2025-10-27 18:00:00,16177.527993530714,13696.260366910707,9622.200331161323
forecast_7195,2025-10-27 19:00:00,15359.714648495472,13276.28426845997,9042.453667329135
forecast_7196,2025-10-27 20:00:00,15099.783896829687,12705.241003258123,8282.845307583577
forecast_7197,2025-10-27 21:00:00,14947.233015597258,11470.96829639288,7931.075768003829
forecast_7198,2025-10-27 22:00:00,14889.918035130931,12400.119566400042,8343.465104011355
forecast_7199,2025-10-27 23:00:00,13390.534873293058,13161.436430118762,7811.1562827932175
forecast_7200,2025-10-28 00:00:00,12818.67818945819,12546.354295315725,6887.191923368003
forecast_7201,2025-10-28 01:00:00,13795.9291211307,13649.257177403704,8527.884616694493
forecast_7202,2025-10-28 02:00:00,15061.2373508962,14866.154883409004,8757.425232304047
forecast_7203,2025-10-28 03:00:00,14146.181348705446,13670.815099404375,7853.892701440763
forecast_7204,2025-10-28 04:00:00,12847.549052813121,14023.867202455102,7964.668008080169
forecast_7205,2025-10-28 05:00:00,11208.100860105764,11740.394778036185,7623.664585691464
forecast_7206,2025-10-28 06:00:00,10939.487292325139,10328.789524880336,7203.457378031599
forecast_7207,2025-10-28 07:00:00,10297.227131649764,9779.586772914507,6715.288609125884
forecast_7208,2025-10-28 08:00:00,8963.511578303804,9009.283160137582,5777.207321750373
forecast_7209,2025-10-28 09:00:00,7176.291647233112,6718.26287144862,4105.38948500501
forecast_7210,2025-10-28 10:00:00,5625.724053525226,4703.4808779841815,3281.710843068174
forecast_7211,2025-10-28 11:00:00,4347.034174314344,3422.2729381888953,1970.4979283464684
forecast_7212,2025-10-28 12:00:00,4202.491736499424,3141.7774682097047,1497.3779277610506
forecast_7213,2025-10-28 13:00:00,4960.612994644747,4041.2442980161513,2050.700425413064
forecast_7214,2025-10-28 14:00:00,5482.260125095271,4289.22537954354,2556.313229118701
forecast_7215,2025-10-28 15:00:00,5682.846909013968,4244.1926385074885,2365.6214686049852
forecast_7216,2025-10-28 16:00:00,5486.506851829839,3909.110070275386,2293.6241684131323
forecast_7217,2025-10-28 17:00:00,6950.085878737387,5746.5591596734175,3684.8354676740382
forecast_7218,2025-10-28 18:00:00,8723.517292978859,9175.153876880817,5923.748137584744
forecast_7219,2025-10-28 19:00:00,8671.020301756824,8002.468871433404,5547.7398752272975
forecast_7220,2025-10-28 20:00:00,9444.19276720262,8907.436567689245,5833.412380275732
forecast_7221,2025-10-28 21:00:00,10799.583794140763,10582.992808789728,6614.697745462207
forecast_7222,2025-10-28 22:00:00,10639.694632457193,10119.97316860832,5622.953910917605
forecast_7223,2025-10-28 23:00:00,10112.394205707807,10398.443326707838,5225.801393621102
forecast_7224,2025-10-29 00:00:00,9919.569660556976,10537.24844432875,5338.927548931036
forecast_7225,2025-10-29 01:00:00,6135.28974422318,5079.3806280772815,2711.723173527847
forecast_7226,2025-10-29 02:00:00,6004.03218918814,4406.239279781844,2208.852691824754
forecast_7227,2025-10-29 03:00:00,5930.185212766188,4644.9742185025625,2267.817984485381
forecast_7228,2025-10-29 04:00:00,5190.916511970368,3433.8319707450732,1801.0137995314276
forecast_7229,2025-10-29 05:00:00,4147.429126448745,2546.038479234612,1574.5430291980388
forecast_7230,2025-10-29 06:00:00,2762.5247698407634,2041.1881454131526,1259.534183655081
forecast_7231,2025-10-29 07:00:00,2486.728161590652,1927.7752256911356,1054.1275562876922
forecast_7232,2025-10-29 08:00:00,1719.8068629487366,1351.348625871216,534.9180653415863
forecast_7233,2025-10-29 09:00:00,891.4965217139469,668.4346713056652,271.81024061798973
forecast_7234,2025-10-29 10:00:00,300.81268913145243,254.86312845655277,137.64081580526326
forecast_7235,2025-10-29 11:00:00,174.00296858057266,177.73486536405844,94.22471394490458
forecast_7236,2025-10-29 12:00:00,131.96247452772175,156.19155433262273,91.56942555198037
forecast_7237,2025-10-29 13:00:00,123.56481806909443,127.36378523844071,95.06113890505787
forecast_7238,2025-10-29 14:00:00,137.8178600767875,143.640530685471,107.37659696296808
forecast_7239,2025-10-29 15:00:00,169.85963699527673,173.67847990124176,124.39836219223791
forecast_7240,2025-10-29 16:00:00,218.8676107201339,207.75591546205465,146.4465617040096
forecast_7241,2025-10-29 17:00:00,428.9451666380268,366.48755743894645,250.86449390717647
forecast_7242,2025-10-29 18:00:00,1023.1798397458646,764.4846525255441,331.0849417421583
forecast_7243,2025-10-29 19:00:00,1569.8178463108693,1278.8713740924331,565.6852636490651
forecast_7244,2025-10-29 20:00:00,1896.5588512493873,1454.8019611294546,792.8504715601864
forecast_7245,2025-10-29 21:00:00,3796.1294549664194,2872.4581978532797,1840.1305386459699
forecast_7246,2025-10-29 22:00:00,4636.750046961988,4072.061344551329,2259.5390044741634
forecast_7247,2025-10-29 23:00:00,4510.207481070395,4154.693127070396,1953.005438357118
forecast_7248,2025-10-30 00:00:00,8010.366798445286,6878.910220990974,4027.6917773104906
forecast_7249,2025-10-30 01:00:00,5994.551554360697,5702.174893289365,3078.734622060981
forecast_7250,2025-10-30 02:00:00,8991.179536225218,8181.335758779539,4699.887029740824
forecast_7251,2025-10-30 03:00:00,11923.536582132914,10671.936084772242,6476.580258674509
forecast_7252,2025-10-30 04:00:00,14636.136476605445,12415.086880328912,6584.944274757891
forecast_7253,2025-10-30 05:00:00,13679.209209356077,11886.509594454898,6780.712265533229
forecast_7254,2025-10-30 06:00:00,14913.570524606268,12677.464005698836,7274.213492225314
forecast_7255,2025-10-30 07:00:00,10413.47960717389,9528.528428798332,5321.343207999543
forecast_7256,2025-10-30 08:00:00,9612.6309507909,7813.0642750331535,4161.638892795293
forecast_7257,2025-10-30 09:00:00,7915.690454909073,6049.794956133679,3766.3632910111883
forecast_7258,2025-10-30 10:00:00,5658.8066302222705,4271.3054350791745,2394.7040372580605
forecast_7259,2025-10-30 11:00:00,2988.2631115304794,2717.247540460861,1684.7297719452213
forecast_7260,2025-10-30 12:00:00,2106.5074579142706,1603.4518075267279,1418.1307018606592
forecast_7261,2025-10-30 13:00:00,2106.1133530670786,1749.2614817312335,1173.0147913615729
forecast_7262,2025-10-30 14:00:00,1606.7994981541144,999.767678968049,750.0533224748623
forecast_7263,2025-10-30 15:00:00,1168.5011900099412,927.8881030528921,689.3174008823509
forecast_7264,2025-10-30 16:00:00,2146.3810844285726,1597.6497152452937,1252.8992121155395
forecast_7265,2025-10-30 17:00:00,3763.8797113782325,3335.7135829060053,1779.3439132346684
forecast_7266,2025-10-30 18:00:00,3845.703787198203,2735.135158474579,1829.496546882496
forecast_7267,2025-10-30 19:00:00,3579.3727266261185,2419.6401752134266,1702.176491595266
forecast_7268,2025-10-30 20:00:00,4008.126339117694,2771.1841901663092,2128.098031496473
forecast_7269,2025-10-30 21:00:00,3828.291964173009,2810.622810580526,2268.5793012817344
forecast_7270,2025-10-30 22:00:00,2626.524482693904,1937.0228633876684,1913.5591334937492
forecast_7271,2025-10-30 23:00:00,2537.5603770159323,1814.577712663694,1817.807110352106
forecast_7272,2025-10-31 00:00:00,2329.9664166304174,1402.2110063416983,1536.2025117009482
forecast_7273,2025-10-31 01:00:00,756.9857024645331,463.2838843776769,289.2378159135968
forecast_7274,2025-10-31 02:00:00,610.9050736177228,409.7131028168139,390.23996004914613
forecast_7275,2025-10-31 03:00:00,587.9119722848058,428.73698060130664,216.63656769559202
forecast_7276,2025-10-31 04:00:00,616.6362275171831,450.7880729255588,219.7513722032263
forecast_7277,2025-10-31 05:00:00,428.45368408798873,317.2748552811739,93.71906478038078
forecast_7278,2025-10-31 06:00:00,463.39129460025947,380.6199190645549,132.981497637234
forecast_7279,2025-10-31 07:00:00,482.6501043752925,325.0147256338656,135.5399623099809
forecast_7280,2025-10-31 08:00:00,512.8326342362071,429.1059120726633,156.79196179372545
forecast_7281,2025-10-31 09:00:00,560.3488354713877,525.2487408123897,230.04132983495086
forecast_7282,2025-10-31 10:00:00,396.4976859384469,380.03894571105207,152.45158612466614
forecast_7283,2025-10-31 11:00:00,417.3447515188424,391.82310184964655,167.9909764674846
forecast_7284,2025-10-31 12:00:00,311.19190023456554,243.68439921386144,115.79355627370248
forecast_7285,2025-10-31 13:00:00,218.51496825632697,200.92162634862234,95.19903275234525
forecast_7286,2025-10-31 14:00:00,127.01180289875046,140.41016111094652,90.58169034685316
forecast_7287,2025-10-31 15:00:00,128.65624157461002,116.87470983222082,86.57026750926994
forecast_7288,2025-10-31 16:00:00,192.96321781114602,155.6545644371884,87.19873827757756
forecast_7289,2025-10-31 17:00:00,246.61974987349043,187.47611159169205,81.1903490686393
forecast_7290,2025-10-31 18:00:00,508.963930515909,567.3119721805701,166.34207381124546
forecast_7291,2025-10-31 19:00:00,1760.7131626027083,1676.060212984532,596.1566917086004
forecast_7292,2025-10-31 20:00:00,3560.084175087947,2932.58972872947,1564.966333995896
forecast_7293,2025-10-31 21:00:00,6865.874881376517,5606.505514069019,3417.9981110250865
forecast_7294,2025-10-31 22:00:00,8453.701105522685,7604.393136857444,4282.369540665406
forecast_7295,2025-10-31 23:00:00,8826.217368733613,8224.1720714487,4485.606643810084
forecast_7296,2025-11-01 00:00:00,9929.350260410636,9365.513093074811,4409.500858204506
forecast_7297,2025-11-01 01:00:00,9484.830581481132,10015.169192670382,7090.437162110881
forecast_7298,2025-11-01 02:00:00,8416.061659677416,8711.73235667005,5825.509492689819
forecast_7299,2025-11-01 03:00:00,8607.784266331602,9023.416517182573,6553.972005654528
forecast_7300,2025-11-01 04:00:00,10156.303916658755,10596.307480669057,7336.680466339014
forecast_7301,2025-11-01 05:00:00,11860.806833932222,11546.329406709387,8804.158334880336
forecast_7302,2025-11-01 06:00:00,13523.077177910036,12306.7694468502,9045.605609822773
forecast_7303,2025-11-01 07:00:00,13997.607746966369,12590.319875457832,8834.901895207453
forecast_7304,2025-11-01 08:00:00,14125.044851498174,13370.195112542651,9215.067598311227
forecast_7305,2025-11-01 09:00:00,15095.242127706046,14255.31461073875,9631.334955470611
forecast_7306,2025-11-01 10:00:00,15166.424390773473,12759.54972932285,9130.730383164564
forecast_7307,2025-11-01 11:00:00,14890.36809635933,11577.67206355533,8597.72858427982
forecast_7308,2025-11-01 12:00:00,14419.629798949303,11335.228670023082,8269.981196385472
forecast_7309,2025-11-01 13:00:00,14576.199935201816,11689.114007763967,8544.17624701269
forecast_7310,2025-11-01 14:00:00,15140.173249402029,11969.558225216733,8752.26543503115
forecast_7311,2025-11-01 15:00:00,15138.036968532493,12268.200437740405,8757.082205555847
forecast_7312,2025-11-01 16:00:00,15005.128365618211,12430.771841167565,9332.68801740603
forecast_7313,2025-11-01 17:00:00,15137.301091664252,12985.809082819937,9621.832201404564
forecast_7314,2025-11-01 18:00:00,15765.158126580302,13498.933677779629,9637.50950369726
forecast_7315,2025-11-01 19:00:00,15743.919805155174,13665.126886032303,10864.280669833108
forecast_7316,2025-11-01 20:00:00,16388.776994603963,15412.522486432117,11703.831764143186
forecast_7317,2025-11-01 21:00:00,16551.90650041615,15669.909141426095,11577.4073674929
forecast_7318,2025-11-01 22:00:00,16038.675620667613,15360.491587874456,11130.80301098281
forecast_7319,2025-11-01 23:00:00,17558.51261892973,16721.658423920766,12327.857445529356
forecast_7320,2025-11-02 00:00:00,18427.06338900036,17603.257305845895,12818.040247828761
forecast_7321,2025-11-02 01:00:00,17989.562730666476,17984.2682761621,13016.608747281063
forecast_7322,2025-11-02 02:00:00,18233.614932296012,17688.97112411362,13552.431007374511
forecast_7323,2025-11-02 03:00:00,17906.622343190473,17210.254195007787,12391.572982119469
forecast_7324,2025-11-02 04:00:00,18045.294533660523,16841.353135913352,12166.92075953599
forecast_7325,2025-11-02 05:00:00,17580.904931030804,17008.702159534972,11844.473704494067
forecast_7326,2025-11-02 06:00:00,16818.046044633244,16954.57860736262,12065.165259496604
forecast_7327,2025-11-02 07:00:00,17166.755737171075,17011.02923310719,11846.73483159157
forecast_7328,2025-11-02 08:00:00,18081.24773424029,17740.969738260777,11703.28648535307
forecast_7329,2025-11-02 09:00:00,17624.54526402817,17594.260259088296,10576.980247536376
forecast_7330,2025-11-02 10:00:00,17576.5669710016,17381.835981014094,10723.30437580081
forecast_7331,2025-11-02 11:00:00,17395.177264153357,17054.421033612634,11351.701038293539
forecast_7332,2025-11-02 12:00:00,16786.89714590589,16063.01665460402,10830.021323426348
forecast_7333,2025-11-02 13:00:00,16467.00020289371,15078.343170217686,10575.584736284658
forecast_7334,2025-11-02 14:00:00,15825.752228544174,14464.726626824113,9716.665545106114
forecast_7335,2025-11-02 15:00:00,15755.001738654617,14165.660273711299,9668.847187958574
forecast_7336,2025-11-02 16:00:00,15601.260398035296,13389.842472055263,8893.44353946024
forecast_7337,2025-11-02 17:00:00,15239.545943070818,12869.418253384225,8345.49361350937
forecast_7338,2025-11-02 18:00:00,14094.126295685777,11225.84578594597,7342.207977557074
forecast_7339,2025-11-02 19:00:00,14163.819556556591,11840.011354524071,7611.193589902659
forecast_7340,2025-11-02 20:00:00,12481.946857049137,10782.376304304073,7663.834937058189
forecast_7341,2025-11-02 21:00:00,10812.933001942463,9553.953612499323,5562.474305947461
forecast_7342,2025-11-02 22:00:00,11144.983779330041,10490.974015278136,5992.687205936417
forecast_7343,2025-11-02 23:00:00,10613.83279755476,8884.804029048153,5205.818396185676
forecast_7344,2025-11-03 00:00:00,6518.838048468334,5964.506068247962,3347.113860841854
forecast_7345,2025-11-03 01:00:00,5444.716169926703,5219.529734280707,2995.264279604833
forecast_7346,2025-11-03 02:00:00,5423.503583560268,5469.059753147007,2870.8156608531267
forecast_7347,2025-11-03 03:00:00,4847.817995189573,5388.5550092997455,2992.9077417025123
forecast_7348,2025-11-03 04:00:00,5461.996511304983,5628.004862520622,2894.2706344163316
forecast_7349,2025-11-03 05:00:00,4796.834863868483,5130.911602340002,2877.4273700909025
forecast_7350,2025-11-03 06:00:00,3800.544087000899,4031.250911419575,2354.8836218820834
forecast_7351,2025-11-03 07:00:00,3599.8856951752045,3681.8489962876256,2004.5361934322184
forecast_7352,2025-11-03 08:00:00,3025.5648055650527,3051.0246854238767,1235.498663290221
forecast_7353,2025-11-03 09:00:00,2699.086265417474,3233.0687016379243,1566.1542340935885
forecast_7354,2025-11-03 10:00:00,1284.6189370187797,1543.8887638494498,1014.3735619957089
forecast_7355,2025-11-03 11:00:00,709.5564916019179,840.4036242638944,705.1927160251682
forecast_7356,2025-11-03 12:00:00,290.0028250239351,461.0457801250661,373.9295252057291
forecast_7357,2025-11-03 13:00:00,187.86717980908847,254.82140881905266,135.7907586645174
forecast_7358,2025-11-03 14:00:00,134.13674774296882,151.8604280073462,96.55822513943475
forecast_7359,2025-11-03 15:00:00,108.84539706657979,115.87392056343468,78.3670783769895
forecast_7360,2025-11-03 16:00:00,154.42497683726364,139.3350359029033,88.86973921346876
forecast_7361,2025-11-03 17:00:00,521.4091549808107,471.42156057079535,197.8658688779963
forecast_7362,2025-11-03 18:00:00,683.2081362493223,662.6143252613793,234.0079440245231
forecast_7363,2025-11-03 19:00:00,1254.6043394053752,1166.82982210672,416.78120606151833
forecast_7364,2025-11-03 20:00:00,2357.598880765466,2421.462006320548,908.7983715045496
forecast_7365,2025-11-03 21:00:00,2640.349545093765,2866.8900671430474,1193.7016956771681
forecast_7366,2025-11-03 22:00:00,3811.0068785400967,3567.6719057260975,1692.5862082060262
forecast_7367,2025-11-03 23:00:00,6133.105537143281,6026.441190564911,3012.662523781861
forecast_7368,2025-11-04 00:00:00,9052.996682010267,9821.667970643093,5789.753697298381
forecast_7369,2025-11-04 01:00:00,7758.859380822751,8451.88351157142,3681.6916800744307
forecast_7370,2025-11-04 02:00:00,8061.922069204132,9140.595767922821,4217.480783679483
forecast_7371,2025-11-04 03:00:00,7403.566084864218,8760.262624573657,3802.407036315585
forecast_7372,2025-11-04 04:00:00,9418.592147900445,10071.621654595308,4548.970838539885
forecast_7373,2025-11-04 05:00:00,10825.277243939285,10794.570882188653,5407.121678427554
forecast_7374,2025-11-04 06:00:00,10503.431423529331,11792.690686404649,5391.558680044646
forecast_7375,2025-11-04 07:00:00,11439.63116121715,12062.27935920746,6139.131787561102
forecast_7376,2025-11-04 08:00:00,12302.812445558644,13069.035604801511,7404.07332096147
forecast_7377,2025-11-04 09:00:00,13354.067276701086,13975.246663646292,8364.464349332093
forecast_7378,2025-11-04 10:00:00,12679.650053499887,12400.738049881256,9541.302715756232
forecast_7379,2025-11-04 11:00:00,13445.344201315906,12422.660440988935,9953.42015798313
forecast_7380,2025-11-04 12:00:00,12859.871220455167,11862.360158480687,8923.279438169942
forecast_7381,2025-11-04 13:00:00,12360.324645380328,11200.850124730272,8989.43912638488
forecast_7382,2025-11-04 14:00:00,12177.290333401297,10775.732202736164,8701.95864749697
forecast_7383,2025-11-04 15:00:00,12311.752328486742,11325.756943279013,9082.719054090492
forecast_7384,2025-11-04 16:00:00,10578.573759878587,10619.042488553732,8102.024504366817
forecast_7385,2025-11-04 17:00:00,12463.639023347032,11718.630188289835,8618.680799189862
forecast_7386,2025-11-04 18:00:00,10377.507811108277,9659.43933254399,6800.170165972314
forecast_7387,2025-11-04 19:00:00,10254.02123371495,9436.809136170163,5700.357709719523
forecast_7388,2025-11-04 20:00:00,8988.791093125848,8385.972647044928,4782.541755371298
forecast_7389,2025-11-04 21:00:00,8673.325976979437,7591.990614531345,4345.900079970196
forecast_7390,2025-11-04 22:00:00,8143.581813089238,6560.340191818184,3956.294413783582
forecast_7391,2025-11-04 23:00:00,7111.675352957286,5327.647205586162,3870.8504831597184
forecast_7392,2025-11-05 00:00:00,6033.20692993565,5068.051840515428,3359.191919340407
forecast_7393,2025-11-05 01:00:00,8570.470314242722,6746.738164769392,3421.5526847676256
forecast_7394,2025-11-05 02:00:00,6045.9693297307795,4182.067414762421,2353.2439030042756
forecast_7395,2025-11-05 03:00:00,3345.264709917065,2145.9022834690427,1512.4820234377687
forecast_7396,2025-11-05 04:00:00,2033.8594779776233,1244.4598703438494,1300.30169308711
forecast_7397,2025-11-05 05:00:00,801.4446387524561,677.5192143645436,380.97863594504065
forecast_7398,2025-11-05 06:00:00,559.1006447583934,499.1790841179263,174.30224706358294
forecast_7399,2025-11-05 07:00:00,520.2752339839648,484.598883954207,132.39564479434543
forecast_7400,2025-11-05 08:00:00,497.25238771506156,431.5994797247807,93.32222738866928
forecast_7401,2025-11-05 09:00:00,453.0165624301516,322.39775410417633,98.19310737957217
forecast_7402,2025-11-05 10:00:00,238.10951229253533,193.2113930502075,93.54145619448211
forecast_7403,2025-11-05 11:00:00,162.65426172736684,158.53288879685684,107.65885608236839
forecast_7404,2025-11-05 12:00:00,133.55745517829297,154.79736400203524,111.66102233157218
forecast_7405,2025-11-05 13:00:00,119.16525069486673,126.58643028864678,107.46757462724386
forecast_7406,2025-11-05 14:00:00,124.39329451948424,138.15753639823862,110.96292355730505
forecast_7407,2025-11-05 15:00:00,155.22904865330128,180.45644875090883,111.86421945867689
forecast_7408,2025-11-05 16:00:00,307.77983940983063,301.7758514957664,163.9468324912608
forecast_7409,2025-11-05 17:00:00,311.19756063394914,260.3141708072873,120.81663400933543
forecast_7410,2025-11-05 18:00:00,359.72432321625905,251.88113162769366,86.23923058866137
forecast_7411,2025-11-05 19:00:00,402.7205561940244,322.5655645253673,104.05392030110804
forecast_7412,2025-11-05 20:00:00,354.85518838686573,341.9398624532431,87.90301077986761
forecast_7413,2025-11-05 21:00:00,386.5030417194356,292.2842481763327,88.12929570336185
forecast_7414,2025-11-05 22:00:00,524.567962689186,400.88231257113557,110.2185740746451
forecast_7415,2025-11-05 23:00:00,522.2235539406043,339.526349031352,119.87634442803677
forecast_7416,2025-11-06 00:00:00,707.3661761069737,472.9092924702015,242.9347478646473
forecast_7417,2025-11-06 01:00:00,1004.3403998005217,1080.7954358408583,456.1104823822139
forecast_7418,2025-11-06 02:00:00,2456.9872215591154,2067.873058659239,1206.9672379349527
forecast_7419,2025-11-06 03:00:00,3960.5526668474586,3114.743959048234,1710.7718680344146
forecast_7420,2025-11-06 04:00:00,4941.205813511653,3288.325279925236,2227.1419464129676
forecast_7421,2025-11-06 05:00:00,5747.666316913254,4562.76922802269,2627.7053738496816
forecast_7422,2025-11-06 06:00:00,6315.423315634887,4975.698842960043,2357.152287353925
forecast_7423,2025-11-06 07:00:00,5652.668388309119,3888.1544865316027,2268.5873622122735
forecast_7424,2025-11-06 08:00:00,4104.421035116621,2341.9015921993655,1599.9091469010082
forecast_7425,2025-11-06 09:00:00,1734.988968395057,1631.2870492761067,519.5520924930729
forecast_7426,2025-11-06 10:00:00,782.5092984007888,961.0021400957477,309.56504352286476
forecast_7427,2025-11-06 11:00:00,612.260891552359,841.3940910490717,233.71927311076684
forecast_7428,2025-11-06 12:00:00,249.79329561969956,318.8248382866326,182.32667013010214
forecast_7429,2025-11-06 13:00:00,203.01994105258748,204.69559971425926,140.34035839475396
forecast_7430,2025-11-06 14:00:00,240.30416048610306,252.09344243614927,132.5597537216378
forecast_7431,2025-11-06 15:00:00,306.35798512956103,333.5128243472956,194.8532231060224
forecast_7432,2025-11-06 16:00:00,438.95988688099817,428.9028247015352,189.55347261153491
forecast_7433,2025-11-06 17:00:00,539.7058075672226,597.3148096088088,190.15211575751192
forecast_7434,2025-11-06 18:00:00,855.7207548798839,750.0477628079693,226.39432203959322
forecast_7435,2025-11-06 19:00:00,739.6290858209505,703.2078804924203,199.4518920834795
forecast_7436,2025-11-06 20:00:00,518.9234682507106,504.07820580239684,146.88481080232722
forecast_7437,2025-11-06 21:00:00,488.79454183193286,412.2544164729701,106.53224823518414
forecast_7438,2025-11-06 22:00:00,448.0481046659453,364.7008086956729,91.79886683866535
forecast_7439,2025-11-06 23:00:00,498.74577244829175,408.6683884330124,97.39631016592152
forecast_7440,2025-11-07 00:00:00,435.5175447706776,360.5071127964017,96.16730408485068
forecast_7441,2025-11-07 01:00:00,437.10780074320263,334.0252052079608,160.43087963325445
forecast_7442,2025-11-07 02:00:00,1548.710607295434,1539.4958616698013,1051.512221754177
forecast_7443,2025-11-07 03:00:00,1411.2952596567368,1171.6516220167937,935.7344947206228
forecast_7444,2025-11-07 04:00:00,2514.0154945712434,1963.5075059076903,1297.0358600007291
forecast_7445,2025-11-07 05:00:00,3600.0660106034334,2364.2922814654794,1769.7100774543408
forecast_7446,2025-11-07 06:00:00,4548.8147356889,3463.3301600090367,2127.312646479081
forecast_7447,2025-11-07 07:00:00,2619.53999812627,2166.4149783572884,1162.8571036072406
forecast_7448,2025-11-07 08:00:00,1026.664832838451,637.7313026240536,316.2532362255115
forecast_7449,2025-11-07 09:00:00,335.6032376913682,329.95695935194937,136.20064113509713
forecast_7450,2025-11-07 10:00:00,162.93913311096102,140.00065652870424,83.80771046582717
forecast_7451,2025-11-07 11:00:00,125.91984166812394,135.31781313796057,105.54213218241696
forecast_7452,2025-11-07 12:00:00,118.08888738979873,123.22880851472046,82.7177673577358
forecast_7453,2025-11-07 13:00:00,173.32483559842626,205.54924644737147,132.93351774442627
forecast_7454,2025-11-07 14:00:00,285.1889407573559,373.92442918846837,265.5537776174703
forecast_7455,2025-11-07 15:00:00,600.6802264036077,594.283869212108,510.72562208416866
forecast_7456,2025-11-07 16:00:00,875.811551422627,950.6916195940589,460.84075026525704
forecast_7457,2025-11-07 17:00:00,1536.1114789691085,1452.0230115781887,628.8018833007658
forecast_7458,2025-11-07 18:00:00,2244.9260603367325,2165.181218810996,794.4578632458296
forecast_7459,2025-11-07 19:00:00,2639.252514827007,2395.8189635444064,879.9268418518064
forecast_7460,2025-11-07 20:00:00,2628.9325458185745,2329.6069327024334,935.5336461837353
forecast_7461,2025-11-07 21:00:00,3152.0333827882096,3181.701221082419,1144.557323447249
forecast_7462,2025-11-07 22:00:00,3008.429312636742,2819.3496014484303,1136.143346541294
forecast_7463,2025-11-07 23:00:00,3143.9746692314297,3252.0107373318333,897.290920849121
forecast_7464,2025-11-08 00:00:00,3121.7693359940854,2813.9005348883625,946.229913825181
forecast_7465,2025-11-08 01:00:00,2203.1740567442384,1947.9962831932785,553.3339194214332
forecast_7466,2025-11-08 02:00:00,2173.0897600176904,1733.3472291825956,466.30335132723883
forecast_7467,2025-11-08 03:00:00,2013.4938825752092,1869.862802034146,532.5625582264026
forecast_7468,2025-11-08 04:00:00,2242.6158474884064,2108.4109793683533,574.0003455358171
forecast_7469,2025-11-08 05:00:00,2859.7268164248376,2651.042809891033,925.5069806952982
forecast_7470,2025-11-08 06:00:00,3064.062047190144,2951.224515920714,1160.3560785002917
forecast_7471,2025-11-08 07:00:00,3239.9208974329763,3002.1806680499476,1340.9975139423445
forecast_7472,2025-11-08 08:00:00,2965.8746729268332,2840.4349001877745,1222.801887208586
forecast_7473,2025-11-08 09:00:00,2701.325944192407,2693.248759148042,1036.7549965913925
forecast_7474,2025-11-08 10:00:00,1739.4912063472723,1859.5074218636396,800.0937203572839
forecast_7475,2025-11-08 11:00:00,1671.6918316633153,1898.4861478289163,657.3239041813098
forecast_7476,2025-11-08 12:00:00,1385.0114329505102,1573.6966764747474,687.3719788995328
forecast_7477,2025-11-08 13:00:00,1960.1513035221853,1976.6858348036628,1009.1666897047384
forecast_7478,2025-11-08 14:00:00,1866.7971574859523,1828.6306989764523,958.0932546232749
forecast_7479,2025-11-08 15:00:00,2051.258489205988,1810.260520247549,1021.8489302082597
forecast_7480,2025-11-08 16:00:00,2074.6415131199797,1882.456609929774,1008.6294974659244
forecast_7481,2025-11-08 17:00:00,2294.670580200523,2488.9832205808793,941.79273624422
forecast_7482,2025-11-08 18:00:00,3099.6961216937334,3237.830772181291,1417.2244298326473
forecast_7483,2025-11-08 19:00:00,3379.7803490115093,3831.147377694632,1707.6191489715486
forecast_7484,2025-11-08 20:00:00,3606.6807177740807,3945.871500131259,1924.7672411840208
forecast_7485,2025-11-08 21:00:00,4152.978680946309,4851.901059888479,2254.8809334275347
forecast_7486,2025-11-08 22:00:00,5439.910402120401,6015.743923707261,2836.4705932378115
forecast_7487,2025-11-08 23:00:00,9195.139586640784,9557.0299788842,5550.818821824342
forecast_7488,2025-11-09 00:00:00,8223.91936750922,8979.628942275269,3931.464294703696
forecast_7489,2025-11-09 01:00:00,7482.305064931377,7517.207970658947,3637.210429504776
forecast_7490,2025-11-09 02:00:00,9411.144556326586,8483.977259263555,4706.606121657621
forecast_7491,2025-11-09 03:00:00,10118.788765861551,8827.338928349054,5560.980946675859
forecast_7492,2025-11-09 04:00:00,11031.123182957384,10342.490170709176,5404.439012730901
forecast_7493,2025-11-09 05:00:00,12378.755933567894,11670.816805890317,6886.910621072021
forecast_7494,2025-11-09 06:00:00,13384.245693610128,11388.357606386931,8119.033779441904
forecast_7495,2025-11-09 07:00:00,14394.213907959154,12972.460917579905,8894.814803196274
forecast_7496,2025-11-09 08:00:00,14018.306148437116,12460.147309988743,8944.055476828235
forecast_7497,2025-11-09 09:00:00,12194.040575366658,11203.310996443965,7908.431440890213
forecast_7498,2025-11-09 10:00:00,12151.783580632125,11309.424240757662,8428.485865045895
forecast_7499,2025-11-09 11:00:00,10732.97985500232,9910.714784213531,6905.85763781409
forecast_7500,2025-11-09 12:00:00,9687.342947287225,8558.732834007693,6261.32761451099
forecast_7501,2025-11-09 13:00:00,10836.333122256077,9525.420517774042,7341.4441779471545
forecast_7502,2025-11-09 14:00:00,12094.882966953157,11361.665170169983,8246.184709787463
forecast_7503,2025-11-09 15:00:00,13756.172855125329,11849.698470205058,8227.181144062319
forecast_7504,2025-11-09 16:00:00,14517.239258785927,12581.65437609867,9154.629502168962
forecast_7505,2025-11-09 17:00:00,14630.720700669075,13220.516189122858,9438.204787286777
forecast_7506,2025-11-09 18:00:00,15108.076437243613,13231.680294418415,9367.401722103925
forecast_7507,2025-11-09 19:00:00,17267.48809039394,14806.625489632688,10916.373079317216
forecast_7508,2025-11-09 20:00:00,18359.88458935143,15597.696882408789,12195.886376488597
forecast_7509,2025-11-09 21:00:00,18220.917117395413,16687.921238407278,12905.830279876416
forecast_7510,2025-11-09 22:00:00,17600.417033819427,15643.262880424534,12069.324742250174
forecast_7511,2025-11-09 23:00:00,16537.872981737502,14262.875125795164,10172.174609438474
forecast_7512,2025-11-10 00:00:00,16062.267341006007,13291.44316559012,9343.466316559356
forecast_7513,2025-11-10 01:00:00,16334.215140146516,13302.02974742865,8998.878783917751
forecast_7514,2025-11-10 02:00:00,14775.157005753988,12608.236051289374,7907.472858752149
forecast_7515,2025-11-10 03:00:00,14430.333648458343,11763.340694311653,7657.650392622729
forecast_7516,2025-11-10 04:00:00,13309.527429764094,11868.327182541847,7111.031083906031
forecast_7517,2025-11-10 05:00:00,13805.844228182648,12273.082458183166,7304.131544969372
forecast_7518,2025-11-10 06:00:00,14411.541433824968,12889.898961672941,7523.459131666015
forecast_7519,2025-11-10 07:00:00,15828.510150033862,14586.632877045107,8987.59293852621
forecast_7520,2025-11-10 08:00:00,15715.607868198977,14033.843603403806,8968.45306561309
forecast_7521,2025-11-10 09:00:00,14523.213873304763,13017.157974722737,8395.768577932007
forecast_7522,2025-11-10 10:00:00,12957.245264316534,12485.257192286334,8174.775655130073
forecast_7523,2025-11-10 11:00:00,12386.209443569707,11473.59600695453,7228.739563579769
forecast_7524,2025-11-10 12:00:00,10676.234944612494,10277.49013789596,5664.876662764186
forecast_7525,2025-11-10 13:00:00,7045.7363295937685,5666.692133457226,3741.7756665712377
forecast_7526,2025-11-10 14:00:00,6544.305058054525,5368.604114733515,3574.2988100131192
forecast_7527,2025-11-10 15:00:00,5019.89578993053,4795.91199241286,3679.4885366571175
forecast_7528,2025-11-10 16:00:00,4522.854738248279,4150.318025221519,3363.7262556683936
forecast_7529,2025-11-10 17:00:00,9848.838667012671,7929.309081794328,6275.174606684157
forecast_7530,2025-11-10 18:00:00,12374.023712906195,11399.61221514572,9020.874950563684
forecast_7531,2025-11-10 19:00:00,16096.36045872173,13742.010025179146,11619.607989643559
forecast_7532,2025-11-10 20:00:00,17300.478556937058,14580.528009641674,11909.020434087415
forecast_7533,2025-11-10 21:00:00,17933.811249899045,15558.26414062791,11961.860022668156
forecast_7534,2025-11-10 22:00:00,18430.49675525305,15951.790540011114,11438.611929651459
forecast_7535,2025-11-10 23:00:00,14936.260435275413,14745.950218707832,9009.56582591967
forecast_7536,2025-11-11 00:00:00,15675.73829315876,15193.51519507196,9612.230970218421
forecast_7537,2025-11-11 01:00:00,19914.378448963587,17270.35389312388,12862.521006162366
forecast_7538,2025-11-11 02:00:00,16268.561997608493,16224.053535491055,10127.084341181182
forecast_7539,2025-11-11 03:00:00,15528.510063590265,15252.807994161503,9357.344361479421
forecast_7540,2025-11-11 04:00:00,14239.078447304915,13915.194010505853,7464.294970816022
forecast_7541,2025-11-11 05:00:00,11960.817437752232,10647.530072815725,5766.667719907605
forecast_7542,2025-11-11 06:00:00,6351.565917221756,5160.275948001554,2755.355832504062
forecast_7543,2025-11-11 07:00:00,6359.681426831604,5032.951310638417,2872.6796583658806
forecast_7544,2025-11-11 08:00:00,4492.513535994863,3376.587634851354,2110.335560384305
forecast_7545,2025-11-11 09:00:00,4179.927245380095,3017.738589882748,2372.4813503300034
forecast_7546,2025-11-11 10:00:00,3711.2880210886233,2469.126066160036,1691.7801422370399
forecast_7547,2025-11-11 11:00:00,2430.7683719815413,1747.6909593113128,1154.0780953676408
forecast_7548,2025-11-11 12:00:00,1975.5272800768064,1402.3742090337914,1101.6049889733451
forecast_7549,2025-11-11 13:00:00,1661.4205021845435,1409.7410492138738,933.7779370342623
forecast_7550,2025-11-11 14:00:00,1336.296668621893,1052.7574052021694,778.3187236601715
forecast_7551,2025-11-11 15:00:00,1005.3509051166951,1044.3588405433998,592.1402647090795
forecast_7552,2025-11-11 16:00:00,1037.7278362966542,850.7162954277029,621.2119543966529
forecast_7553,2025-11-11 17:00:00,1059.7570009607982,885.9877817012158,342.0685433289761
forecast_7554,2025-11-11 18:00:00,883.2054241342697,782.3698052841315,218.68969841433423
forecast_7555,2025-11-11 19:00:00,405.56156894439636,398.2217504535067,138.09681586820656
forecast_7556,2025-11-11 20:00:00,356.9306232861969,322.8763913710854,95.53327549663076
forecast_7557,2025-11-11 21:00:00,537.5955430466959,495.2912071817755,92.1914864749101
forecast_7558,2025-11-11 22:00:00,622.3010412851801,592.8539822843634,109.57502965661588
forecast_7559,2025-11-11 23:00:00,725.3139888925493,637.3665055052413,126.21868015407937
forecast_7560,2025-11-12 00:00:00,836.8489783427325,698.0451813071768,209.7643379740934
forecast_7561,2025-11-12 01:00:00,694.2177879294638,581.2950893704535,215.47022217685796
forecast_7562,2025-11-12 02:00:00,891.1571040694981,835.9288155508121,367.5588225325247
forecast_7563,2025-11-12 03:00:00,958.6710170846947,842.1960555528308,338.84928135265926
forecast_7564,2025-11-12 04:00:00,1101.227561482564,906.9733923978002,364.15305471515285
forecast_7565,2025-11-12 05:00:00,1137.2675204702896,1046.9000122365055,396.8220007963308
forecast_7566,2025-11-12 06:00:00,2070.7377353754014,1744.6719936234133,890.1568470786266
forecast_7567,2025-11-12 07:00:00,2681.410666771238,2739.4068198947716,1673.647273794175
forecast_7568,2025-11-12 08:00:00,3525.8132570955245,3145.051645131794,1687.0075030064247
forecast_7569,2025-11-12 09:00:00,3907.338901715101,3745.289355985282,1655.7468636669219
forecast_7570,2025-11-12 10:00:00,3942.892763675865,2866.773515880155,1638.7822875068898
forecast_7571,2025-11-12 11:00:00,5006.428160218764,3374.537066414497,2433.9064213487422
forecast_7572,2025-11-12 12:00:00,5917.699746283914,5478.076777458597,3865.1954153626875
forecast_7573,2025-11-12 13:00:00,7102.278710293652,7662.510230111593,5327.3013129386445
forecast_7574,2025-11-12 14:00:00,6453.552562183395,6302.001380924265,3941.372504975769
forecast_7575,2025-11-12 15:00:00,6588.443847595871,6273.276601323494,4866.983423072399
forecast_7576,2025-11-12 16:00:00,8742.038181094666,8574.425693456544,5607.969780852841
forecast_7577,2025-11-12 17:00:00,10760.36339928377,10987.968488907853,8540.329457765909
forecast_7578,2025-11-12 18:00:00,12409.224633385595,12416.06989437331,8819.298740792325
forecast_7579,2025-11-12 19:00:00,15282.614473010191,14062.857353904816,10368.481261188239
forecast_7580,2025-11-12 20:00:00,15680.872915135142,14394.090252569225,10369.55214366232
forecast_7581,2025-11-12 21:00:00,16304.075342798884,15670.330496899873,10375.770719930306
forecast_7582,2025-11-12 22:00:00,16461.472086909445,16581.965189251634,11021.784182342844
forecast_7583,2025-11-12 23:00:00,17916.03565041806,17351.651033763024,12298.35497925651
forecast_7584,2025-11-13 00:00:00,20401.28721607833,18255.425583297565,13644.469257144203
forecast_7585,2025-11-13 01:00:00,19486.509930253684,17669.295006890454,11733.98023677539
forecast_7586,2025-11-13 02:00:00,18883.70756107009,17881.935111344384,11705.61859515515
forecast_7587,2025-11-13 03:00:00,19829.92629111493,17333.464787120494,12482.739054035397
forecast_7588,2025-11-13 04:00:00,18075.84009292428,16581.11830228146,11313.923689706668
forecast_7589,2025-11-13 05:00:00,16486.015319877057,15042.106355682246,10191.157649019606
forecast_7590,2025-11-13 06:00:00,15983.691202965318,15160.258258252543,10108.902507125957
forecast_7591,2025-11-13 07:00:00,14687.341371778513,14695.321056647614,9865.913757462244
forecast_7592,2025-11-13 08:00:00,13875.169841766572,14499.323893003982,9271.631985661348
forecast_7593,2025-11-13 09:00:00,12103.483534188552,13168.77824120927,7750.363853901251
forecast_7594,2025-11-13 10:00:00,11300.353154605342,11424.902510944432,7332.918878457353
forecast_7595,2025-11-13 11:00:00,11086.190511270912,10246.761582015448,7669.573362059297
forecast_7596,2025-11-13 12:00:00,8151.543578468859,6368.508342503036,4997.348213515211
forecast_7597,2025-11-13 13:00:00,4068.4549099125015,3770.310524878829,1981.206465711036
forecast_7598,2025-11-13 14:00:00,3919.451127185967,3504.434067231597,1919.1553381553763
forecast_7599,2025-11-13 15:00:00,3138.3354386741285,2336.3208958354844,1303.2844894497364
forecast_7600,2025-11-13 16:00:00,3447.3070995932835,2815.2672277816114,1435.345267808468
forecast_7601,2025-11-13 17:00:00,5787.688068912951,4883.733216986716,2824.7469673219466
forecast_7602,2025-11-13 18:00:00,5392.361534600892,4622.879447500983,2556.8915008318972
forecast_7603,2025-11-13 19:00:00,5878.1966408536955,4348.859728501187,3004.476575475083
forecast_7604,2025-11-13 20:00:00,4751.621059833885,3604.882228313036,2570.6557153045396
forecast_7605,2025-11-13 21:00:00,6831.725673117476,4993.948058262409,3367.4371095281535
forecast_7606,2025-11-13 22:00:00,7100.426236098917,4628.223123564761,3193.5590427697725
forecast_7607,2025-11-13 23:00:00,6656.05969905725,5119.251136788338,3413.334844071088
forecast_7608,2025-11-14 00:00:00,6089.224128609156,4906.563017772069,2830.798110712902
forecast_7609,2025-11-14 01:00:00,2916.0830349184916,2309.147764657968,1695.8792570721278
forecast_7610,2025-11-14 02:00:00,2972.584919883339,2250.535567397092,1482.8979261564227
forecast_7611,2025-11-14 03:00:00,3257.6148783408785,2348.98534438295,1595.3563502954523
forecast_7612,2025-11-14 04:00:00,3552.730279591955,2520.564778889007,1816.697452917557
forecast_7613,2025-11-14 05:00:00,3682.173525427374,2633.7678641807984,2049.865314522569
forecast_7614,2025-11-14 06:00:00,4055.3497962205,2988.5058997907,2095.699294080714
forecast_7615,2025-11-14 07:00:00,4101.707376986061,2870.5806790444194,2559.047728311508
forecast_7616,2025-11-14 08:00:00,5022.197729781497,3244.550646840298,2787.029382599233
forecast_7617,2025-11-14 09:00:00,4157.570043185433,3416.830749475043,2538.318625252884
forecast_7618,2025-11-14 10:00:00,5228.330955100424,3489.806258532785,2698.420636663795
forecast_7619,2025-11-14 11:00:00,5009.819216014818,3801.716967068162,2424.881301636911
forecast_7620,2025-11-14 12:00:00,4509.359925810438,2995.5257941495106,2311.1598689561542
forecast_7621,2025-11-14 13:00:00,3786.4584246494637,2741.089799696053,1875.3159949168892
forecast_7622,2025-11-14 14:00:00,4716.625128828333,3622.785300732352,2530.0309225063393
forecast_7623,2025-11-14 15:00:00,4720.867196771492,3232.5184225273983,2417.393991328897
forecast_7624,2025-11-14 16:00:00,4133.554111259982,3684.6240196588174,2548.9621528305624
forecast_7625,2025-11-14 17:00:00,6324.204771476906,5366.945793712307,3485.528934560535
forecast_7626,2025-11-14 18:00:00,7172.259929599502,6102.854826080591,3963.7701476285447
forecast_7627,2025-11-14 19:00:00,8895.052982782128,7583.559800113859,4738.398855470797
forecast_7628,2025-11-14 20:00:00,10453.175862015585,9157.691599568825,5489.380787979864
forecast_7629,2025-11-14 21:00:00,9883.97295705207,8118.761374977043,4316.7083155357395
forecast_7630,2025-11-14 22:00:00,9510.162587797704,7073.7316060996145,4460.986436044263
forecast_7631,2025-11-14 23:00:00,9885.95472627286,7650.489367596967,4321.453363742007
forecast_7632,2025-11-15 00:00:00,8697.334613910129,6985.683968757585,3809.760662404416
forecast_7633,2025-11-15 01:00:00,6553.855416829634,4495.972863295144,2691.9442645426648
forecast_7634,2025-11-15 02:00:00,5320.8281564370845,4006.3952005143387,2496.8315152699743
forecast_7635,2025-11-15 03:00:00,5117.5252293170415,3979.192161088325,2300.5902196892393
forecast_7636,2025-11-15 04:00:00,5758.880640947657,4176.966050581352,2698.7932884937113
forecast_7637,2025-11-15 05:00:00,4716.244226625095,3157.401273021227,1830.591912132441
forecast_7638,2025-11-15 06:00:00,4064.939944827163,2948.5130176917132,1529.316038202348
forecast_7639,2025-11-15 07:00:00,4359.905233962539,3134.938304877869,1688.112786171425
forecast_7640,2025-11-15 08:00:00,3094.4760173114555,2445.0783812681325,1154.259742800329
forecast_7641,2025-11-15 09:00:00,2682.979570133698,2065.2208587661007,810.4679340185511
forecast_7642,2025-11-15 10:00:00,1499.489413585998,1210.793909023574,678.1591296804099
forecast_7643,2025-11-15 11:00:00,519.8329954309819,413.230669662301,299.4468565374855
forecast_7644,2025-11-15 12:00:00,697.1287246037293,633.8684907311077,428.3922354981976
forecast_7645,2025-11-15 13:00:00,625.7232959452749,567.9552097729095,328.1296643340894
forecast_7646,2025-11-15 14:00:00,734.6639037472901,770.1757908162313,508.5402290441987
forecast_7647,2025-11-15 15:00:00,1375.20392915324,1247.6915343022094,1141.2478042563803
forecast_7648,2025-11-15 16:00:00,2529.0510429172896,2311.0374030273106,1412.7792964607152
forecast_7649,2025-11-15 17:00:00,4057.190417479671,3394.608611618435,2197.673714240448
forecast_7650,2025-11-15 18:00:00,5897.987895094415,4998.530234172632,2921.532319499196
forecast_7651,2025-11-15 19:00:00,7179.695576203232,6556.574807817035,4283.431426077701
forecast_7652,2025-11-15 20:00:00,7983.980657916451,7883.922130459952,5052.02347541847
forecast_7653,2025-11-15 21:00:00,9130.768637264975,9216.391409912092,5159.9270867132245
forecast_7654,2025-11-15 22:00:00,8627.125126712112,8148.614792861421,5006.212479257615
forecast_7655,2025-11-15 23:00:00,7946.396274859622,7369.714717897974,4340.31848193437
forecast_7656,2025-11-16 00:00:00,7887.2536049272885,6955.692593131464,4324.462611061987
forecast_7657,2025-11-16 01:00:00,10694.023237850512,8107.522662817225,4767.8011229223
forecast_7658,2025-11-16 02:00:00,7643.419149789407,6193.768304882889,3904.1357315889622
forecast_7659,2025-11-16 03:00:00,8397.296353703336,6375.699894222056,3986.4877234686983
forecast_7660,2025-11-16 04:00:00,8634.760692494552,6853.42805574619,3937.348218514235
forecast_7661,2025-11-16 05:00:00,10220.227388854733,7616.077428963543,4748.338737785259
forecast_7662,2025-11-16 06:00:00,9749.637011126795,8613.329273430307,5160.364358553632
forecast_7663,2025-11-16 07:00:00,11232.528881620183,9569.403383459825,6134.701460925338
forecast_7664,2025-11-16 08:00:00,11689.534819141223,10038.143071483511,6414.031623952808
forecast_7665,2025-11-16 09:00:00,11284.497141529288,11600.556729444885,7196.864433734547
forecast_7666,2025-11-16 10:00:00,10594.37525878376,10907.637331681552,6371.909363249409
forecast_7667,2025-11-16 11:00:00,9792.610514940896,10692.239673592925,6535.610996288686
forecast_7668,2025-11-16 12:00:00,12516.235578214062,12577.96126307448,9495.890775256492
forecast_7669,2025-11-16 13:00:00,13932.86381228373,13647.790918924471,10228.108161871189
forecast_7670,2025-11-16 14:00:00,12859.226780771816,13349.812294364621,10103.946619866481
forecast_7671,2025-11-16 15:00:00,15178.302181225545,14247.177150274858,11179.046189158442
forecast_7672,2025-11-16 16:00:00,15972.396008045502,15467.627349634418,12634.825394221496
forecast_7673,2025-11-16 17:00:00,19343.2888291904,17694.74366558327,13706.597898494267
forecast_7674,2025-11-16 18:00:00,20840.553042223728,19536.533721348456,14969.236760349597
forecast_7675,2025-11-16 19:00:00,21326.310842053335,19855.572139698674,15499.274750400884
forecast_7676,2025-11-16 20:00:00,21422.39200228966,19763.323192561067,15767.510094262892
forecast_7677,2025-11-16 21:00:00,21433.00360460891,19782.311658713388,16100.050019599403
forecast_7678,2025-11-16 22:00:00,21111.221267843557,19650.49023425133,15929.275549147305
forecast_7679,2025-11-16 23:00:00,20721.010618058976,19618.042562320334,15441.153253922563
forecast_7680,2025-11-17 00:00:00,20917.57085439726,19550.79354884677,15020.099560093135
forecast_7681,2025-11-17 01:00:00,20630.220903653742,19412.738890703877,15105.545493319412
forecast_7682,2025-11-17 02:00:00,20633.873012134878,19254.649810614148,13684.991446116594
forecast_7683,2025-11-17 03:00:00,19919.885635258906,19030.623275977687,11490.925724921819
forecast_7684,2025-11-17 04:00:00,19291.900450692505,18460.05071137701,11316.814072056846
forecast_7685,2025-11-17 05:00:00,18871.84839467174,18539.111905256286,12718.248940874373
forecast_7686,2025-11-17 06:00:00,18502.029506874824,18121.278893215214,12799.642197207928
forecast_7687,2025-11-17 07:00:00,18109.175299985858,17658.83708445009,12266.965051349971
forecast_7688,2025-11-17 08:00:00,18490.242598371053,17692.406663941256,12257.756187002733
forecast_7689,2025-11-17 09:00:00,17599.618245283014,16593.65755741182,11998.598270309483
forecast_7690,2025-11-17 10:00:00,16844.635759866003,15188.147675173112,11330.969675301585
forecast_7691,2025-11-17 11:00:00,15692.774391491863,14122.601693923047,10968.186713697447
forecast_7692,2025-11-17 12:00:00,15295.450461697932,14043.796715559698,10483.389758333593
forecast_7693,2025-11-17 13:00:00,14776.98559802632,14155.326512540165,9404.670720848344
forecast_7694,2025-11-17 14:00:00,13853.145918486385,13439.577133287237,9312.854462061248
forecast_7695,2025-11-17 15:00:00,13811.984655713568,12842.120136693266,8645.335504286979
forecast_7696,2025-11-17 16:00:00,14177.696815284857,13399.595198890987,9302.66659768916
forecast_7697,2025-11-17 17:00:00,14724.619771452268,13685.255547030063,10242.113378957967
forecast_7698,2025-11-17 18:00:00,14163.616369619534,13651.632440093808,9870.200983026663
forecast_7699,2025-11-17 19:00:00,13422.578973080663,12706.78872808345,9214.36759917244
forecast_7700,2025-11-17 20:00:00,14092.978861496538,14216.282809427948,9090.718488282166
forecast_7701,2025-11-17 21:00:00,14633.304589983816,15134.885125390327,9922.375208084793
forecast_7702,2025-11-17 22:00:00,15256.816226290319,15440.742768652985,10696.058050916494
forecast_7703,2025-11-17 23:00:00,16408.060986069533,16060.644147039708,11656.191488684284
forecast_7704,2025-11-18 00:00:00,15941.220316208666,16319.04838417312,11909.67889829637
forecast_7705,2025-11-18 01:00:00,15668.762947361076,15972.574479668543,10026.428218147368
forecast_7706,2025-11-18 02:00:00,15432.69100735181,15760.39644563726,10124.71610188069
forecast_7707,2025-11-18 03:00:00,15585.687004816164,15871.700903568368,9747.846027857824
forecast_7708,2025-11-18 04:00:00,15775.772009448008,16224.09899642781,10689.701600718383
forecast_7709,2025-11-18 05:00:00,16073.49849133925,16424.41884801357,10922.329802217542
forecast_7710,2025-11-18 06:00:00,17071.781025785513,16688.226520659395,11334.349127210451
forecast_7711,2025-11-18 07:00:00,17466.263445511846,17158.499762716336,11956.127311684426
forecast_7712,2025-11-18 08:00:00,15799.75523088075,16493.035531566384,11641.20538309405
forecast_7713,2025-11-18 09:00:00,15071.69843455447,15426.231149155892,10751.356495741196
forecast_7714,2025-11-18 10:00:00,14370.561871136731,14044.32829385137,9994.838304446437
forecast_7715,2025-11-18 11:00:00,14427.88627986247,12252.686909365599,9076.789653310214
forecast_7716,2025-11-18 12:00:00,13965.806708271584,11330.143746483938,8404.289195371057
forecast_7717,2025-11-18 13:00:00,13432.173537438142,10325.626692706532,7238.213289576205
forecast_7718,2025-11-18 14:00:00,13311.708681148482,10204.279517787914,7038.559841466462
forecast_7719,2025-11-18 15:00:00,13118.114291385496,9623.119986227824,6531.47568004567
forecast_7720,2025-11-18 16:00:00,11283.082763245353,8498.621762378605,4906.81590492153
forecast_7721,2025-11-18 17:00:00,9690.593576083149,7432.619978607177,4505.049325816004
forecast_7722,2025-11-18 18:00:00,6819.1693233374035,5951.903752826524,4326.214032990398
forecast_7723,2025-11-18 19:00:00,7303.200395867814,6079.716356547638,4066.643348500837
forecast_7724,2025-11-18 20:00:00,9193.509563402098,7904.042268260042,5118.319996820267
forecast_7725,2025-11-18 21:00:00,8432.104488676747,8049.772584542915,4810.978807457682
forecast_7726,2025-11-18 22:00:00,8758.09614995659,8571.12119340394,5050.23753159436
forecast_7727,2025-11-18 23:00:00,8442.156629625399,7960.760589486659,5003.958118291472
forecast_7728,2025-11-19 00:00:00,8909.189273101158,7077.617458874068,4962.167922081998
forecast_7729,2025-11-19 01:00:00,11633.177877191887,11221.73076718228,7090.272053265031
forecast_7730,2025-11-19 02:00:00,11008.529834013745,11144.918095744175,6936.491377385673
forecast_7731,2025-11-19 03:00:00,10624.963513937593,9766.576498132541,5868.1006081801415
forecast_7732,2025-11-19 04:00:00,9587.193666729041,7251.632294794684,4929.830777881949
forecast_7733,2025-11-19 05:00:00,7410.100615651615,5695.031182210363,3733.5423567369667
forecast_7734,2025-11-19 06:00:00,5540.873372248781,4468.44777993541,3225.383238152765
forecast_7735,2025-11-19 07:00:00,4678.264230331197,4083.5813829983554,2839.6164832027002
forecast_7736,2025-11-19 08:00:00,3657.1030873938885,3253.254671884246,2532.0636483934863
forecast_7737,2025-11-19 09:00:00,3037.6012384546007,2425.645629717234,1698.8252243466661
forecast_7738,2025-11-19 10:00:00,1780.9898298082117,1507.6734806463683,1020.2633940319705
forecast_7739,2025-11-19 11:00:00,474.072513067034,595.5614329779518,470.8206798261107
forecast_7740,2025-11-19 12:00:00,370.4204989243054,419.108988729414,370.10433110340205
forecast_7741,2025-11-19 13:00:00,553.9707424335598,557.8776267800245,439.84981830685706
forecast_7742,2025-11-19 14:00:00,1291.463064319701,951.0683215950759,711.6758476945355
forecast_7743,2025-11-19 15:00:00,2342.6730956938745,1797.0688262165727,1312.162577127005
forecast_7744,2025-11-19 16:00:00,3075.5320711174054,2494.4309625101937,1596.4797415142466
forecast_7745,2025-11-19 17:00:00,7267.506302605181,6048.100847121243,4094.747351588415
forecast_7746,2025-11-19 18:00:00,10378.202405160975,8842.495878127376,6256.071524831405
forecast_7747,2025-11-19 19:00:00,12558.775247562246,10242.194590235998,8332.261801628165
forecast_7748,2025-11-19 20:00:00,13312.939125010964,11162.629294292392,8579.50937191144
forecast_7749,2025-11-19 21:00:00,15459.314725136855,12966.099677728773,9436.96729776157
forecast_7750,2025-11-19 22:00:00,18107.297915180992,16292.813193707201,12112.160981822597
forecast_7751,2025-11-19 23:00:00,19857.911500342878,17394.74153024103,12952.330175104411
forecast_7752,2025-11-20 00:00:00,20736.22847856861,18205.683622824832,13217.359506530896
forecast_7753,2025-11-20 01:00:00,20652.281226251333,18351.018583103225,13744.518564190152
forecast_7754,2025-11-20 02:00:00,20538.802146914142,18992.55421848586,14194.319262715902
forecast_7755,2025-11-20 03:00:00,20038.056082132847,19049.207636901512,13805.29519099898
forecast_7756,2025-11-20 04:00:00,20759.4183890946,19193.527664833302,13353.728666573497
forecast_7757,2025-11-20 05:00:00,20189.3684008516,18441.252541571455,12612.417606673567
forecast_7758,2025-11-20 06:00:00,19455.625326092417,18161.695580672484,12028.983673909588
forecast_7759,2025-11-20 07:00:00,19519.78301617559,18572.1199146799,12428.240538560392
forecast_7760,2025-11-20 08:00:00,16864.577270348043,16972.48723556343,11236.65389551234
forecast_7761,2025-11-20 09:00:00,16661.611111120907,16966.54174057932,12004.2933367654
forecast_7762,2025-11-20 10:00:00,16964.97425556728,16598.325597093477,12601.120167305437
forecast_7763,2025-11-20 11:00:00,17644.03081451217,16921.86142973811,12123.067156988242
forecast_7764,2025-11-20 12:00:00,18343.55218571111,16684.647642187738,12395.43154037238
forecast_7765,2025-11-20 13:00:00,19157.53467537548,16939.33286179771,13141.53617043784
forecast_7766,2025-11-20 14:00:00,20131.385092126544,18209.446099734047,14448.641381704023
forecast_7767,2025-11-20 15:00:00,21020.333453743995,19071.62240826389,14355.151862715918
forecast_7768,2025-11-20 16:00:00,21512.82108100936,19212.074837186472,14810.48064566803
forecast_7769,2025-11-20 17:00:00,21258.66267723657,19243.70800306483,14474.33909995914
forecast_7770,2025-11-20 18:00:00,21379.653929920976,19261.352469180987,14896.43688639332
forecast_7771,2025-11-20 19:00:00,21418.71766262213,19206.801528553988,13863.507249835848
forecast_7772,2025-11-20 20:00:00,20939.960337086282,19066.956282251704,13284.315240326729
forecast_7773,2025-11-20 21:00:00,20762.33372396814,19253.76449828071,13603.539690188338
forecast_7774,2025-11-20 22:00:00,20354.371865907506,19063.57674382108,14036.681905375546
forecast_7775,2025-11-20 23:00:00,20087.845808001777,18865.135326457963,13638.691174188343
forecast_7776,2025-11-21 00:00:00,19910.87256930195,19051.94904807029,13543.425710951242
forecast_7777,2025-11-21 01:00:00,19147.12692976597,18841.6671913856,12343.59190805871
forecast_7778,2025-11-21 02:00:00,16575.94975418239,17088.951006829884,11425.195871185973
forecast_7779,2025-11-21 03:00:00,16035.381087577829,15929.560712366369,10136.01837947811
forecast_7780,2025-11-21 04:00:00,15999.50025714071,15498.511908023718,9815.893155177422
forecast_7781,2025-11-21 05:00:00,17104.75204949445,16625.56822546587,10622.159707608274
forecast_7782,2025-11-21 06:00:00,18695.148902318757,17639.66831248682,11637.466650299964
forecast_7783,2025-11-21 07:00:00,18782.346097616522,17431.45589420504,12041.015333161626
forecast_7784,2025-11-21 08:00:00,18353.695361205882,17472.318429034516,11926.312248554192
forecast_7785,2025-11-21 09:00:00,17256.46814689501,17238.457087195504,11288.40663574368
forecast_7786,2025-11-21 10:00:00,16496.531982913544,16323.60195367318,11115.977121972488
forecast_7787,2025-11-21 11:00:00,16401.938936769264,15674.9626660124,10443.626792115267
forecast_7788,2025-11-21 12:00:00,16193.915383913441,15279.10298407436,10271.157961909084
forecast_7789,2025-11-21 13:00:00,16318.141553366104,14782.213254546656,10480.551755266486
forecast_7790,2025-11-21 14:00:00,17036.179302997527,15238.664610891956,10761.248117670413
forecast_7791,2025-11-21 15:00:00,17027.619976398157,15480.016072881215,11574.05117202261
forecast_7792,2025-11-21 16:00:00,16603.250639098467,15711.671267052685,11279.040389882923
forecast_7793,2025-11-21 17:00:00,16806.71421848728,15863.7638540431,11704.85663921743
forecast_7794,2025-11-21 18:00:00,17064.849175632953,16497.615539924787,12839.910123216692
forecast_7795,2025-11-21 19:00:00,16133.180786493524,15974.584312860721,12340.340293238072
forecast_7796,2025-11-21 20:00:00,15991.935015194536,15405.995342451431,11537.435190006832
forecast_7797,2025-11-21 21:00:00,16354.084394001882,15968.308247827888,12362.273694992538
forecast_7798,2025-11-21 22:00:00,16319.881824619508,16362.900032982874,12157.798476763115
forecast_7799,2025-11-21 23:00:00,17357.106874166544,16975.957422945605,11536.918830105296
forecast_7800,2025-11-22 00:00:00,17614.7580888587,17614.927305288085,11991.91863911664
forecast_7801,2025-11-22 01:00:00,17628.590105980682,17693.17857539228,11675.359117733678
forecast_7802,2025-11-22 02:00:00,18419.64765148261,17778.91925728921,12300.517720203445
forecast_7803,2025-11-22 03:00:00,17028.593301348104,17394.33906960663,11280.0645076794
forecast_7804,2025-11-22 04:00:00,17455.542941419717,17384.081029381985,11410.624621122764
forecast_7805,2025-11-22 05:00:00,18193.694897466878,17824.003216590136,11344.47391679367
forecast_7806,2025-11-22 06:00:00,19496.89325443848,18189.923413415356,11946.083144258877
forecast_7807,2025-11-22 07:00:00,19972.00175181147,17978.813296304026,12295.084669729129
forecast_7808,2025-11-22 08:00:00,19162.780762619615,17135.231855408958,11499.54840969971
forecast_7809,2025-11-22 09:00:00,17175.780605566993,15026.547617302083,9510.31130453631
forecast_7810,2025-11-22 10:00:00,13266.37160263791,13481.045499304822,8926.219482455308
forecast_7811,2025-11-22 11:00:00,11983.875426358532,12937.89200933294,9160.522985942933
forecast_7812,2025-11-22 12:00:00,11311.559390966095,10795.140497105096,8181.078640362144
forecast_7813,2025-11-22 13:00:00,10443.826935225328,9753.462914086585,7927.335908720195
forecast_7814,2025-11-22 14:00:00,9903.938450051108,10000.451992006268,7896.4193154160375
forecast_7815,2025-11-22 15:00:00,12449.142448580418,10579.59953789352,9110.406369842867
forecast_7816,2025-11-22 16:00:00,14072.494142396154,13485.564636972966,10204.102485225902
forecast_7817,2025-11-22 17:00:00,17344.312543473217,15836.657026424316,11582.093463181167
forecast_7818,2025-11-22 18:00:00,18860.1701756593,17662.0849894324,13092.450583425594
forecast_7819,2025-11-22 19:00:00,19477.020997595388,17428.611835835058,13926.036031855556
forecast_7820,2025-11-22 20:00:00,19673.41865750876,17823.013997885326,13428.24358211126
forecast_7821,2025-11-22 21:00:00,20262.805715148916,17650.216593363,12605.82869352713
forecast_7822,2025-11-22 22:00:00,20113.957344331513,17860.367828585026,13429.148593389082
forecast_7823,2025-11-22 23:00:00,20336.00138229654,18455.216901586966,13668.890058738467
forecast_7824,2025-11-23 00:00:00,20520.348621416244,18761.000107017357,13493.601530086182
forecast_7825,2025-11-23 01:00:00,20947.912674163435,19207.358832828915,13744.92931919832
forecast_7826,2025-11-23 02:00:00,20963.951035728474,19040.30146434846,13698.505259835245
forecast_7827,2025-11-23 03:00:00,20896.908659041157,19182.61138787205,12935.964023533299
forecast_7828,2025-11-23 04:00:00,21072.612343335306,19262.08536914219,12814.481625280365
forecast_7829,2025-11-23 05:00:00,20101.923652623034,18646.225944312624,12327.5520277584
forecast_7830,2025-11-23 06:00:00,20289.56381255261,18943.05222303396,12155.578477009314
forecast_7831,2025-11-23 07:00:00,20499.492569039645,18805.069587634964,13175.919071067883
forecast_7832,2025-11-23 08:00:00,19771.02447986146,17769.613492429053,12564.795998956592
forecast_7833,2025-11-23 09:00:00,17972.2398493476,15983.925217373588,11485.915619970621
forecast_7834,2025-11-23 10:00:00,16472.759357220264,15771.360086545272,11289.88933228465
forecast_7835,2025-11-23 11:00:00,15251.33409503954,15028.022768808332,10313.451545282673
forecast_7836,2025-11-23 12:00:00,14848.269861654879,15139.05931102139,10416.085048528166
forecast_7837,2025-11-23 13:00:00,14199.656828263902,13214.55610959083,10048.027640080547
forecast_7838,2025-11-23 14:00:00,13803.835257504294,13251.150850380258,10321.77958074603
forecast_7839,2025-11-23 15:00:00,14079.434660183126,13931.292644808893,10151.79275143968
forecast_7840,2025-11-23 16:00:00,14561.527427358922,13949.055193364218,9339.479747117342
forecast_7841,2025-11-23 17:00:00,16106.080246436974,14541.221453561555,10646.49723097489
forecast_7842,2025-11-23 18:00:00,18534.06341181653,17279.977564003108,12818.94060576691
forecast_7843,2025-11-23 19:00:00,19363.726849301922,18223.82853634472,13148.964114591121
forecast_7844,2025-11-23 20:00:00,19482.448964604213,18306.447726795624,12841.825586558492
forecast_7845,2025-11-23 21:00:00,18617.07197252647,18193.300109515974,13009.05968978964
forecast_7846,2025-11-23 22:00:00,18840.845513701235,17956.143928608788,12911.92948139842
forecast_7847,2025-11-23 23:00:00,18162.88376019669,17362.21486902095,13139.514533190388
forecast_7848,2025-11-24 00:00:00,18142.744497270414,16996.4313658676,12232.032646707972
forecast_7849,2025-11-24 01:00:00,12694.345364688023,12768.940346867872,7930.94536197958
forecast_7850,2025-11-24 02:00:00,13326.811059668584,13580.959354152097,8006.166954005827
forecast_7851,2025-11-24 03:00:00,10314.130163714744,11936.457535751628,6327.762262773367
forecast_7852,2025-11-24 04:00:00,11409.57517254148,12059.14783247031,6420.010206567319
forecast_7853,2025-11-24 05:00:00,10967.116701379591,11324.768349348078,6459.683034916593
forecast_7854,2025-11-24 06:00:00,11367.732578904732,11569.350025763235,6254.178009673139
forecast_7855,2025-11-24 07:00:00,11331.876980490866,11718.454203411391,6777.234839808049
forecast_7856,2025-11-24 08:00:00,12449.767367731773,12144.579706399969,6720.8280743653295
forecast_7857,2025-11-24 09:00:00,11771.629899697273,12173.015418614941,6893.261360867615
forecast_7858,2025-11-24 10:00:00,10723.423320245325,11189.506174394415,8008.1194871581
forecast_7859,2025-11-24 11:00:00,11789.352488755567,11062.674981004273,8620.13040850718
forecast_7860,2025-11-24 12:00:00,11490.323940741659,10577.980349072866,8403.138532888282
forecast_7861,2025-11-24 13:00:00,11095.036837036501,10428.175282639395,8673.125257866175
forecast_7862,2025-11-24 14:00:00,12505.955343652498,11191.507988766574,8893.576253248668
forecast_7863,2025-11-24 15:00:00,13183.106043186632,13369.060365011637,10468.465711903102
forecast_7864,2025-11-24 16:00:00,13410.720782014221,12440.052870441834,10158.499994084523
forecast_7865,2025-11-24 17:00:00,13677.385214288166,12699.249577973174,10449.591080120605
forecast_7866,2025-11-24 18:00:00,13511.890425315643,13673.03337161079,10222.11968633902
forecast_7867,2025-11-24 19:00:00,12613.614725022713,12658.388937299207,8831.19793373614
forecast_7868,2025-11-24 20:00:00,13383.723127956027,14046.812322614403,10313.650273364943
forecast_7869,2025-11-24 21:00:00,13927.286160868996,14199.531129678167,9697.562793908948
forecast_7870,2025-11-24 22:00:00,13725.00137168163,13560.883472712643,9393.565160159593
forecast_7871,2025-11-24 23:00:00,12464.805425308732,13310.346563820209,8593.550522693806
forecast_7872,2025-11-25 00:00:00,13978.088429835156,13477.989556665845,9045.83498404405
forecast_7873,2025-11-25 01:00:00,13720.92567098216,13400.983591244447,9430.743431915062
forecast_7874,2025-11-25 02:00:00,14902.620338838198,14287.849445132702,10917.951084990906
forecast_7875,2025-11-25 03:00:00,15701.449178928668,15255.739066818707,12160.230052147122
forecast_7876,2025-11-25 04:00:00,14241.681919870129,13417.106259062613,10884.747511827898
forecast_7877,2025-11-25 05:00:00,14591.960524844904,14349.482017214274,11153.87110509908
forecast_7878,2025-11-25 06:00:00,14879.124618716563,15265.233430039276,9666.822525865751
forecast_7879,2025-11-25 07:00:00,14920.142424742391,14805.592008185935,9746.156703294097
forecast_7880,2025-11-25 08:00:00,13541.16137510428,13260.368347766434,8780.826467604184
forecast_7881,2025-11-25 09:00:00,11346.973434292206,11456.240548139249,7276.347816012912
forecast_7882,2025-11-25 10:00:00,9250.754144596058,9673.946902757809,6613.2533149340115
forecast_7883,2025-11-25 11:00:00,7915.151534150893,8855.164097939585,5430.695105557621
forecast_7884,2025-11-25 12:00:00,8022.560792949804,9443.673993728453,5809.530558824356
forecast_7885,2025-11-25 13:00:00,10475.195388972337,10219.629666626253,7615.292261412884
forecast_7886,2025-11-25 14:00:00,11802.971941051153,10707.02096800218,8508.444558952075
forecast_7887,2025-11-25 15:00:00,12874.867399459006,12202.234503078751,8753.189687419164
forecast_7888,2025-11-25 16:00:00,12658.150357068864,11729.271802190877,8252.717710802084
forecast_7889,2025-11-25 17:00:00,12825.807676054841,12030.847385057206,8800.154361609553
forecast_7890,2025-11-25 18:00:00,13513.446004800853,11554.860476373125,7990.255999796915
forecast_7891,2025-11-25 19:00:00,13080.81764754016,10426.270582363997,6230.768288592463
forecast_7892,2025-11-25 20:00:00,12543.696940518816,9742.650171214684,4876.2498877093285
forecast_7893,2025-11-25 21:00:00,10475.585705563746,8721.119714312556,4397.101901517217
forecast_7894,2025-11-25 22:00:00,8377.1038130918,7270.172835703388,3631.564982034795
forecast_7895,2025-11-25 23:00:00,6287.045197123302,5730.225292911928,2840.1344760773236
forecast_7896,2025-11-26 00:00:00,4937.640501332615,4290.457365178823,2479.823013233857
forecast_7897,2025-11-26 01:00:00,5338.657766029635,4735.094817282916,2013.986087191468
forecast_7898,2025-11-26 02:00:00,4401.621144452064,3451.6666295422983,1853.7447313295945
forecast_7899,2025-11-26 03:00:00,3680.078967743468,3095.761116991815,1545.0579740864307
forecast_7900,2025-11-26 04:00:00,2659.8455766032575,2020.581826702646,1271.747174772409
forecast_7901,2025-11-26 05:00:00,2154.2859594027605,1847.4420764657718,1168.1277267198425
forecast_7902,2025-11-26 06:00:00,2408.667587653282,2185.1030716898736,1656.077834145033
forecast_7903,2025-11-26 07:00:00,3354.0796878568312,2698.4675923385353,2050.0626454493586
forecast_7904,2025-11-26 08:00:00,3688.491662362014,3348.477385566207,2783.100672256022
forecast_7905,2025-11-26 09:00:00,4868.168544071155,3994.221546394877,2835.231119650762
forecast_7906,2025-11-26 10:00:00,5913.345158162121,4963.809330524588,3101.063766957667
forecast_7907,2025-11-26 11:00:00,5086.004172202664,3877.721371082798,2266.705589443709
forecast_7908,2025-11-26 12:00:00,4327.300993635504,3107.7969706203953,1989.7639820063964
forecast_7909,2025-11-26 13:00:00,3323.5587434923978,2463.4489859404994,1830.0085198594938
forecast_7910,2025-11-26 14:00:00,3830.1317459329193,3821.776510301996,2373.96105619665
forecast_7911,2025-11-26 15:00:00,5540.785081270839,5356.5446327660475,3427.100322063111
forecast_7912,2025-11-26 16:00:00,6634.724217987612,6309.7631429001085,4328.1386828962595
forecast_7913,2025-11-26 17:00:00,10755.683136889476,9536.024258266045,6891.210202933671
forecast_7914,2025-11-26 18:00:00,14191.937683172784,12526.701060248855,9025.361971221484
forecast_7915,2025-11-26 19:00:00,16781.146247993143,15521.782740012679,11111.129285095381
forecast_7916,2025-11-26 20:00:00,15965.98080515293,14604.873249350165,10072.807940542716
forecast_7917,2025-11-26 21:00:00,15054.559499587049,13502.490678298946,8050.531754966009
forecast_7918,2025-11-26 22:00:00,14915.241154554273,14057.941575590992,8608.167744144346
forecast_7919,2025-11-26 23:00:00,15341.954145269576,14302.35757161702,9957.783125634767
forecast_7920,2025-11-27 00:00:00,16025.234016728902,16228.78599958494,11960.456388628907
forecast_7921,2025-11-27 01:00:00,15826.484060794148,16624.201326779956,11412.421078899548
forecast_7922,2025-11-27 02:00:00,16489.10108903379,16913.76838904092,12322.945551783037
forecast_7923,2025-11-27 03:00:00,17012.475194887713,16124.290121893606,11955.167503739314
forecast_7924,2025-11-27 04:00:00,15930.163783623255,15603.577640140005,11417.746781898513
forecast_7925,2025-11-27 05:00:00,13082.547963411842,13687.455917743006,10344.293469366647
forecast_7926,2025-11-27 06:00:00,15749.963220191248,15124.647405730193,11089.983958783536
forecast_7927,2025-11-27 07:00:00,11072.05238573053,12062.273771451572,7556.053066498151
forecast_7928,2025-11-27 08:00:00,13114.939538138684,14795.373119800675,10404.72048435629
forecast_7929,2025-11-27 09:00:00,12332.045751081181,15406.356298598159,10778.289851413192
forecast_7930,2025-11-27 10:00:00,11630.156479950829,14337.70823927834,10595.232744266208
forecast_7931,2025-11-27 11:00:00,13445.929030509387,16363.825354488688,12497.980848620902
forecast_7932,2025-11-27 12:00:00,16059.901615163071,17140.568709483538,13655.212574430578
forecast_7933,2025-11-27 13:00:00,16417.644223735722,17749.04167668611,13347.736667328389
forecast_7934,2025-11-27 14:00:00,18561.416193268265,18465.628261501395,14454.158995985079
forecast_7935,2025-11-27 15:00:00,18514.643730490992,18331.70323064022,14975.036665319583
forecast_7936,2025-11-27 16:00:00,18977.4448145516,18555.34815452685,15010.50066470379
forecast_7937,2025-11-27 17:00:00,19081.69783176258,18545.71537175879,14380.807670069868
forecast_7938,2025-11-27 18:00:00,19830.499730026,19001.903957075792,13535.860546625197
forecast_7939,2025-11-27 19:00:00,19094.28097531074,18273.598921107332,12654.286880224492
forecast_7940,2025-11-27 20:00:00,19325.926422893896,18401.067894513224,12790.781366479227
forecast_7941,2025-11-27 21:00:00,18715.263558267292,18027.59813646342,12882.018538004662
forecast_7942,2025-11-27 22:00:00,18704.95292854793,17491.948392390674,12850.377532782986
forecast_7943,2025-11-27 23:00:00,18928.24947354272,17843.692898989466,13270.002675956379
forecast_7944,2025-11-28 00:00:00,18995.36202228034,18052.12039664024,13904.13095913632
forecast_7945,2025-11-28 01:00:00,18799.256432319453,17934.82584404422,13558.553063219562
forecast_7946,2025-11-28 02:00:00,18544.0999618416,17246.97295249005,13498.995466636645
forecast_7947,2025-11-28 03:00:00,18399.553086029086,16778.20367786921,12774.437209192123
forecast_7948,2025-11-28 04:00:00,17644.826442785827,16790.51272252235,12995.427038533708
forecast_7949,2025-11-28 05:00:00,17674.168172690086,16713.508184738017,12133.936761980225
forecast_7950,2025-11-28 06:00:00,17199.862648873503,16387.83296177595,12012.622543641524
forecast_7951,2025-11-28 07:00:00,16463.55491830241,15254.170983555254,10760.999420615448
forecast_7952,2025-11-28 08:00:00,15303.314705943985,14257.321038718961,8749.769002336303
forecast_7953,2025-11-28 09:00:00,13177.340475409996,11819.167261351025,7762.560320518115
forecast_7954,2025-11-28 10:00:00,9818.396953905321,9599.111789947683,6425.824656427287
forecast_7955,2025-11-28 11:00:00,8330.663636898225,9193.28289978657,5516.0359608906865
forecast_7956,2025-11-28 12:00:00,8584.489256786268,8219.173684485751,5642.3233365068645
forecast_7957,2025-11-28 13:00:00,7630.825437653112,6951.277681411598,4511.52834098294
forecast_7958,2025-11-28 14:00:00,6943.70292961388,6274.682371636597,4049.5565618860437
forecast_7959,2025-11-28 15:00:00,6239.603261824371,5146.15331413073,3319.944683005915
forecast_7960,2025-11-28 16:00:00,6883.121112278947,5842.55842899898,3238.832006650423
forecast_7961,2025-11-28 17:00:00,8439.720431938656,8422.740457447922,5053.805871893795
forecast_7962,2025-11-28 18:00:00,9143.29014626539,8611.297235859744,4944.267297845699
forecast_7963,2025-11-28 19:00:00,7714.291076516624,7862.159408298339,4621.706709793261
forecast_7964,2025-11-28 20:00:00,6248.365064157421,5426.953099799861,3723.6085110044087
forecast_7965,2025-11-28 21:00:00,6034.90815906499,4212.025871477509,3293.28056631068
forecast_7966,2025-11-28 22:00:00,5888.682840639108,4111.508379676352,3308.2488455770595
forecast_7967,2025-11-28 23:00:00,6467.882268272082,3944.389005565746,3973.927397938858
forecast_7968,2025-11-29 00:00:00,6921.634462105135,4207.812690024789,3597.443307908206
forecast_7969,2025-11-29 01:00:00,5223.975801615195,3321.165419167536,2646.547100752735
forecast_7970,2025-11-29 02:00:00,6070.244429437271,4257.521996302957,3008.1647733727573
forecast_7971,2025-11-29 03:00:00,7724.331217820654,5671.642227054061,3800.9741336008083
forecast_7972,2025-11-29 04:00:00,10502.537173867733,8689.572203086955,6035.314770709219
forecast_7973,2025-11-29 05:00:00,12499.250217528648,11727.883299662928,7273.519389987512
forecast_7974,2025-11-29 06:00:00,12773.171446404585,12178.14370998358,7592.96641555931
forecast_7975,2025-11-29 07:00:00,12380.236781248434,12094.174200147167,6707.439041908012
forecast_7976,2025-11-29 08:00:00,11030.609752204711,12150.001541743159,6397.78867895242
forecast_7977,2025-11-29 09:00:00,9641.153278817059,10773.49314942069,6430.945673297237
forecast_7978,2025-11-29 10:00:00,8970.719082153406,9253.790536825112,6218.543270438439
forecast_7979,2025-11-29 11:00:00,8712.194222958547,10131.290625951056,6629.8990300954265
forecast_7980,2025-11-29 12:00:00,12000.479459132699,11881.439213891812,9569.208740656837
forecast_7981,2025-11-29 13:00:00,13231.064764378278,13359.00300072082,10534.00393532553
forecast_7982,2025-11-29 14:00:00,13929.131160918883,13221.018216299914,11086.468959185744
forecast_7983,2025-11-29 15:00:00,17358.55626744846,15409.92834153618,11746.901317939386
forecast_7984,2025-11-29 16:00:00,18562.569931686347,16888.364563488187,13229.09428335076
forecast_7985,2025-11-29 17:00:00,20102.032980142478,18536.645858044812,14133.58367889082
forecast_7986,2025-11-29 18:00:00,21041.269273520815,19394.020867215848,15204.857657519286
forecast_7987,2025-11-29 19:00:00,20982.193699577478,19660.851314373907,15866.101915087744
forecast_7988,2025-11-29 20:00:00,21158.733274119015,19578.09589215714,15887.449620122703
forecast_7989,2025-11-29 21:00:00,21299.712281031098,19638.170629241828,16029.66323231729
forecast_7990,2025-11-29 22:00:00,21183.99699773892,19620.808825532844,15772.080157904511
forecast_7991,2025-11-29 23:00:00,21186.0567184683,19569.618034219173,15699.491257476635
forecast_7992,2025-11-30 00:00:00,21106.709574733646,19488.259542488868,15255.79904388479
forecast_7993,2025-11-30 01:00:00,21162.222258271486,19342.549869337523,14998.626305807367
forecast_7994,2025-11-30 02:00:00,21208.830380443742,19260.95444979843,14928.968160760376
forecast_7995,2025-11-30 03:00:00,20660.23338375672,19015.223336094125,14608.262579117367
forecast_7996,2025-11-30 04:00:00,19916.728070065026,17413.74287679653,14194.295422441452
forecast_7997,2025-11-30 05:00:00,19144.090452921017,16911.343710546626,13129.84828978865
forecast_7998,2025-11-30 06:00:00,17542.21026593081,15873.121834544923,11277.392105354447
forecast_7999,2025-11-30 07:00:00,14553.896535437618,14665.387667636931,10958.553455960895
forecast_8000,2025-11-30 08:00:00,14785.030468654882,14173.803555403741,10777.260356344346
forecast_8001,2025-11-30 09:00:00,14017.007698469155,13870.879473765377,10234.573208360544
forecast_8002,2025-11-30 10:00:00,13641.628929599614,13202.054347754614,10553.310597730566
forecast_8003,2025-11-30 11:00:00,14144.281937060721,12610.018811220107,10408.375980702614
forecast_8004,2025-11-30 12:00:00,12927.432835171445,11375.311451547846,9701.046489305108
forecast_8005,2025-11-30 13:00:00,10283.580977113626,9559.820441054639,8466.765780684003
forecast_8006,2025-11-30 14:00:00,10278.15070260628,9784.957047038699,8563.893430952534
forecast_8007,2025-11-30 15:00:00,10230.660060382797,9951.6332922903,8055.267470124936
forecast_8008,2025-11-30 16:00:00,11470.285490496977,11238.823476259688,8773.444489958492
forecast_8009,2025-11-30 17:00:00,12663.446976379184,12937.520756965254,10256.014862281016
forecast_8010,2025-11-30 18:00:00,17185.7462641231,17290.740162330818,12339.493645584158
forecast_8011,2025-11-30 19:00:00,19495.983559121545,18926.70994946398,14285.48933135783
forecast_8012,2025-11-30 20:00:00,20193.489977139576,19547.767060915012,15701.636475059153
forecast_8013,2025-11-30 21:00:00,20626.40815735755,19707.45313373681,15699.933094144391
forecast_8014,2025-11-30 22:00:00,20907.74246543016,19754.887867082165,15683.08744811792
forecast_8015,2025-11-30 23:00:00,20984.972512102406,19744.25154235275,15654.09992796412
forecast_8016,2025-12-01 00:00:00,21118.550223464244,19729.26832472971,15162.343872548618
forecast_8017,2025-12-01 01:00:00,21099.836533679805,19772.85960192839,15180.548003050451
forecast_8018,2025-12-01 02:00:00,20964.62127802455,19728.404171484417,14996.63316821557
forecast_8019,2025-12-01 03:00:00,20894.10363394129,19610.01209702125,14838.464510854748
forecast_8020,2025-12-01 04:00:00,20820.609797745168,19551.561033654518,14483.289185368738
forecast_8021,2025-12-01 05:00:00,20773.396999885907,19603.51779607548,14523.0640052876
forecast_8022,2025-12-01 06:00:00,21196.360606938135,19495.244304433276,13297.36547556035
forecast_8023,2025-12-01 07:00:00,20401.01796860704,19254.83147166909,11546.586917652778
forecast_8024,2025-12-01 08:00:00,19743.52376976608,18727.63663228282,11631.404710530787
forecast_8025,2025-12-01 09:00:00,17249.527392406788,16543.151127893987,10797.647002352624
forecast_8026,2025-12-01 10:00:00,14055.92734276062,13862.030659160542,9328.753245617385
forecast_8027,2025-12-01 11:00:00,11445.888276091391,10817.049779037503,7319.724447815594
forecast_8028,2025-12-01 12:00:00,8535.365712325422,7707.53013348795,4838.32635998939
forecast_8029,2025-12-01 13:00:00,7972.142419511037,6612.742531843437,4412.110248642105
forecast_8030,2025-12-01 14:00:00,6081.700123823703,5416.918671386376,3863.0578653577454
forecast_8031,2025-12-01 15:00:00,5198.020853851492,4554.149801995149,2820.171310308955
forecast_8032,2025-12-01 16:00:00,5359.432352569433,3943.9235513864774,2683.9940830914347
forecast_8033,2025-12-01 17:00:00,6475.13967360765,5480.264223089846,3371.2776999383623
forecast_8034,2025-12-01 18:00:00,7770.7722242125255,6529.947287181402,4058.016304570568
forecast_8035,2025-12-01 19:00:00,9033.84083508487,7452.535739861708,5119.201494339937
forecast_8036,2025-12-01 20:00:00,10159.137703174607,8922.13048734199,6046.1599991834155
forecast_8037,2025-12-01 21:00:00,10599.228082044256,9353.581342799296,6558.41894828296
forecast_8038,2025-12-01 22:00:00,11549.499562112243,10605.85626643541,7225.994194550695
forecast_8039,2025-12-01 23:00:00,12100.847549376072,12770.395997468668,7773.762353664405
forecast_8040,2025-12-02 00:00:00,13000.719892730938,13732.788197450922,8957.882369508614
forecast_8041,2025-12-02 01:00:00,15722.777272788246,15295.08815570944,10680.546235216103
forecast_8042,2025-12-02 02:00:00,14823.484704419892,15593.871542457486,9109.529498658676
forecast_8043,2025-12-02 03:00:00,16795.027697842826,16605.141329007594,11115.424990977413
forecast_8044,2025-12-02 04:00:00,15400.694141625121,16092.69641019609,9747.64892446793
forecast_8045,2025-12-02 05:00:00,14863.963471990784,15804.122539614216,8890.276096825157
forecast_8046,2025-12-02 06:00:00,14835.819587390422,15200.762936944238,9288.868871515113
forecast_8047,2025-12-02 07:00:00,14213.6476515506,14021.28354200359,8163.133882404166
forecast_8048,2025-12-02 08:00:00,12265.274702753564,12872.646076442712,6866.248526936898
forecast_8049,2025-12-02 09:00:00,11548.405161352244,11804.131288402119,5745.948836447462
forecast_8050,2025-12-02 10:00:00,7633.616561739182,8067.8440108502145,5231.060001540039
forecast_8051,2025-12-02 11:00:00,8489.604614521111,7822.974628205889,5244.153237500158
forecast_8052,2025-12-02 12:00:00,9839.723966510574,8940.325231649233,5598.585451198218
forecast_8053,2025-12-02 13:00:00,10660.567739644543,9571.066271319105,6496.00160480029
forecast_8054,2025-12-02 14:00:00,11430.784625081345,11775.268332178714,7485.793090571787
forecast_8055,2025-12-02 15:00:00,12683.215966620442,13031.011467637893,7829.001191014728
forecast_8056,2025-12-02 16:00:00,14010.179176343545,14108.31858060311,8923.259704994214
forecast_8057,2025-12-02 17:00:00,14587.366657251943,14421.744935928107,10237.24635877623
forecast_8058,2025-12-02 18:00:00,15518.519857046796,15042.6763680193,10672.913815535841
forecast_8059,2025-12-02 19:00:00,15377.267447136293,15238.548647922004,11194.262265174504
forecast_8060,2025-12-02 20:00:00,15534.842774897757,15700.16838958393,10831.423238324622
forecast_8061,2025-12-02 21:00:00,15767.608627596974,15536.534541230401,10693.528663186828
forecast_8062,2025-12-02 22:00:00,16287.743833622579,15664.271111475522,10946.526336743891
forecast_8063,2025-12-02 23:00:00,16138.529779222281,15425.435908451414,10964.261598741738
forecast_8064,2025-12-03 00:00:00,15643.676182299783,15312.849395624484,10997.39276188255
forecast_8065,2025-12-03 01:00:00,15638.281708303313,15946.48273704681,12147.69316745232
forecast_8066,2025-12-03 02:00:00,15601.730281660874,15956.468083101863,12088.316462795792
forecast_8067,2025-12-03 03:00:00,15255.551442904465,16102.178190974057,12084.955361135331
forecast_8068,2025-12-03 04:00:00,14919.521056224143,16112.650671002457,11815.63791258963
forecast_8069,2025-12-03 05:00:00,15026.212376144926,14073.836785701975,10846.192561479284
forecast_8070,2025-12-03 06:00:00,14720.97627842439,14122.43631012873,9554.97268849322
forecast_8071,2025-12-03 07:00:00,14967.58724344918,15091.612025201528,9468.900275514603
forecast_8072,2025-12-03 08:00:00,14853.355906868765,15027.945730333928,9346.565708044347
forecast_8073,2025-12-03 09:00:00,15162.152552368423,15689.154186820393,10181.9569662968
forecast_8074,2025-12-03 10:00:00,15875.973957101221,16358.932079660904,10847.473332787193
forecast_8075,2025-12-03 11:00:00,16097.357590997965,16515.36901837438,10928.18504876684
forecast_8076,2025-12-03 12:00:00,16021.577715015661,16622.431606747625,11167.541708979881
forecast_8077,2025-12-03 13:00:00,16199.915108578301,16352.694026388392,11197.51753701325
forecast_8078,2025-12-03 14:00:00,16678.257022070524,16609.157779525412,11103.520034968695
forecast_8079,2025-12-03 15:00:00,16615.65511957501,16509.784549831966,11391.523079939638
forecast_8080,2025-12-03 16:00:00,16050.569439647006,16349.246762697516,11679.339560381215
forecast_8081,2025-12-03 17:00:00,15916.91129186799,16461.677195054435,11935.478600469645
forecast_8082,2025-12-03 18:00:00,15273.954944092351,15685.46139212694,11354.171849615288
forecast_8083,2025-12-03 19:00:00,15044.464427129602,14639.005423315297,10672.06021974755
forecast_8084,2025-12-03 20:00:00,14920.261953086934,13653.136081889535,9825.069363531939
forecast_8085,2025-12-03 21:00:00,14924.434773026647,13399.200858711478,9817.91639572449
forecast_8086,2025-12-03 22:00:00,14884.52074943707,14679.788961957582,9977.384066418623
forecast_8087,2025-12-03 23:00:00,14904.950002692529,15513.736168064399,10477.161644229598
forecast_8088,2025-12-04 00:00:00,15087.856067953564,15694.10940993133,9694.398236399347
forecast_8089,2025-12-04 01:00:00,14943.218876759976,15967.471802107546,8489.305351003064
forecast_8090,2025-12-04 02:00:00,15772.840001397772,16796.643166082282,9371.457560332075
forecast_8091,2025-12-04 03:00:00,15677.793063750381,17811.049491113186,11234.810136997354
forecast_8092,2025-12-04 04:00:00,15421.72468591026,17248.78349437271,11049.607671560207
forecast_8093,2025-12-04 05:00:00,15758.780599039206,17111.169667222894,12765.732991693105
forecast_8094,2025-12-04 06:00:00,16805.24400071768,17441.824681394188,13438.43682425456
forecast_8095,2025-12-04 07:00:00,17411.248174114033,17794.613347577957,13356.509480423121
forecast_8096,2025-12-04 08:00:00,17165.27694086602,18074.540121440954,12878.700427291495
forecast_8097,2025-12-04 09:00:00,16310.49229529555,17691.777756318526,11781.350771332969
forecast_8098,2025-12-04 10:00:00,14471.14213772864,15929.827704599535,11215.555836545804
forecast_8099,2025-12-04 11:00:00,14191.93019824989,15059.018962109838,10376.450071922764
forecast_8100,2025-12-04 12:00:00,14245.851294722588,13354.475333952598,9332.100747175551
forecast_8101,2025-12-04 13:00:00,14014.553093591123,12469.43569860185,9596.017095887852
forecast_8102,2025-12-04 14:00:00,13641.211158738995,12554.89420501507,9757.731282125002
forecast_8103,2025-12-04 15:00:00,13951.588166694984,13127.834234318527,10054.316281729372
forecast_8104,2025-12-04 16:00:00,13792.429868141304,13699.117598373758,10544.234616217707
forecast_8105,2025-12-04 17:00:00,14776.197055934117,14323.369251055474,11879.016351761276
forecast_8106,2025-12-04 18:00:00,16018.78263774589,16579.325073034186,13557.05484381069
forecast_8107,2025-12-04 19:00:00,16782.38774433338,16908.178694875915,14185.521153362066
forecast_8108,2025-12-04 20:00:00,17369.48390587199,16738.13212924947,14466.279778284816
forecast_8109,2025-12-04 21:00:00,16947.370480688714,16603.98310955634,14371.539345590794
forecast_8110,2025-12-04 22:00:00,17332.626725186627,16739.680511491562,12713.84577563247
forecast_8111,2025-12-04 23:00:00,17155.730602583008,17102.77224422349,12133.210652053765
forecast_8112,2025-12-05 00:00:00,16632.269170531727,16370.251718933001,12165.797799617385
forecast_8113,2025-12-05 01:00:00,16770.18853955915,17271.857758153772,12041.661713457233
forecast_8114,2025-12-05 02:00:00,16960.09981598123,15777.417968892665,12145.171999123057
forecast_8115,2025-12-05 03:00:00,16461.174994657606,14823.437384120563,12182.484969466157
forecast_8116,2025-12-05 04:00:00,16023.455572836612,14550.751950451326,11671.32511574801
forecast_8117,2025-12-05 05:00:00,15831.459899326472,15737.717753657991,10611.327445255532
forecast_8118,2025-12-05 06:00:00,15966.906573500803,16723.170506408638,11193.309774313795
forecast_8119,2025-12-05 07:00:00,17136.886724102937,17021.298861135463,10460.631902068426
forecast_8120,2025-12-05 08:00:00,18514.958367451247,17951.069827316314,11087.397445277553
forecast_8121,2025-12-05 09:00:00,17465.988654083958,17268.43640905539,10771.907797189804
forecast_8122,2025-12-05 10:00:00,14867.70568795121,15403.348246101335,9591.380199649326
forecast_8123,2025-12-05 11:00:00,13264.061905855355,14549.358743911092,9133.238478328214
forecast_8124,2025-12-05 12:00:00,12886.571044874463,13944.037078346639,8550.18261306207
forecast_8125,2025-12-05 13:00:00,13163.208758933431,14254.761895588694,9026.66243828304
forecast_8126,2025-12-05 14:00:00,14053.576291525002,14678.012646871088,10214.371939605218
forecast_8127,2025-12-05 15:00:00,15668.427672119968,16569.92661204577,10589.036682498576
forecast_8128,2025-12-05 16:00:00,16638.213665321317,17113.81735560622,11870.6816908425
forecast_8129,2025-12-05 17:00:00,18445.56190504329,17213.42786909833,12929.539511192786
forecast_8130,2025-12-05 18:00:00,19202.372404349117,17509.983812543443,12701.128303684933
forecast_8131,2025-12-05 19:00:00,18930.629755188835,17110.594753704514,11205.228551169479
forecast_8132,2025-12-05 20:00:00,19091.595088748356,16988.147084598626,10521.064372628138
forecast_8133,2025-12-05 21:00:00,19327.160114463997,17214.13639050637,10832.2517288995
forecast_8134,2025-12-05 22:00:00,18968.574219215752,17610.63111863949,11275.610807799778
forecast_8135,2025-12-05 23:00:00,19817.11276566348,17935.166832016093,12717.45871832379
forecast_8136,2025-12-06 00:00:00,21348.57089293201,18908.660445169327,13839.431686066991
forecast_8137,2025-12-06 01:00:00,19263.12008556951,17449.204650633983,11961.61239220082
forecast_8138,2025-12-06 02:00:00,21600.0,19286.69504785282,14432.440786559255
forecast_8139,2025-12-06 03:00:00,21526.52272268328,19197.943265266535,14051.671933080312
forecast_8140,2025-12-06 04:00:00,21099.03109449907,18916.348935670212,13765.04040853614
forecast_8141,2025-12-06 05:00:00,21176.158102455927,19040.23621175024,13748.963143123607
forecast_8142,2025-12-06 06:00:00,21128.10204571424,18753.22354855987,13410.242155010785
forecast_8143,2025-12-06 07:00:00,20791.703129793907,18379.265863343266,12728.273434626648
forecast_8144,2025-12-06 08:00:00,18915.367975282603,17813.31612428289,11461.777215247415
forecast_8145,2025-12-06 09:00:00,17742.831463821938,17156.96701412805,10832.403008039328
forecast_8146,2025-12-06 10:00:00,16117.653009813359,16111.39843774142,10245.219955700679
forecast_8147,2025-12-06 11:00:00,15377.087833535528,15270.469951916048,10126.739191218297
forecast_8148,2025-12-06 12:00:00,16481.50683613672,15570.00420003504,11922.01317322097
forecast_8149,2025-12-06 13:00:00,16343.10126699121,15658.921538876504,12155.906956999834
forecast_8150,2025-12-06 14:00:00,17960.449845604173,16475.932791366395,12723.762799668682
forecast_8151,2025-12-06 15:00:00,19437.921699923445,17693.184547859088,14725.778395777039
forecast_8152,2025-12-06 16:00:00,19231.193408809584,17984.947141694563,13843.690246688004
forecast_8153,2025-12-06 17:00:00,18948.46485264588,18150.215571370176,14011.984398007919
forecast_8154,2025-12-06 18:00:00,18954.770641478553,18134.584904970718,13765.437171537695
forecast_8155,2025-12-06 19:00:00,19577.175161749212,18572.418411961182,14136.904951780924
forecast_8156,2025-12-06 20:00:00,19812.38968739066,18714.87463700774,14426.505114987143
forecast_8157,2025-12-06 21:00:00,20084.974765209787,19099.834910155285,15106.8071705218
forecast_8158,2025-12-06 22:00:00,20860.46871511689,19261.280414252262,15316.931502451234
forecast_8159,2025-12-06 23:00:00,21096.41186825774,19259.747387869076,15266.13366830002
forecast_8160,2025-12-07 00:00:00,21017.943718141167,19361.110559322322,15307.101646513827
forecast_8161,2025-12-07 01:00:00,20754.21613446611,19017.96449239378,14654.416583045597
forecast_8162,2025-12-07 02:00:00,20601.84507606035,19139.274116877365,14469.50977509094
forecast_8163,2025-12-07 03:00:00,20706.235807328558,19215.158849919717,14369.166535411454
forecast_8164,2025-12-07 04:00:00,20873.71702398346,19014.69912048263,14345.714892966958
forecast_8165,2025-12-07 05:00:00,21028.7548975782,19202.786039840652,14199.021612716722
forecast_8166,2025-12-07 06:00:00,21047.762605495675,19219.686741044105,14518.914664420528
forecast_8167,2025-12-07 07:00:00,21074.038440803455,19089.796479654695,13856.50193869251
forecast_8168,2025-12-07 08:00:00,20833.039125483556,18930.869398837636,13178.947488560145
forecast_8169,2025-12-07 09:00:00,20226.895576631337,18503.267690365894,13552.348190694262
forecast_8170,2025-12-07 10:00:00,19014.134110949453,18133.921733973348,13707.831051560805
forecast_8171,2025-12-07 11:00:00,19048.235814510896,17551.159925928016,14361.461676509469
forecast_8172,2025-12-07 12:00:00,18454.8341605853,17115.48213649969,13328.141920274498
forecast_8173,2025-12-07 13:00:00,18676.180668398218,17288.930345917895,13322.766471834659
forecast_8174,2025-12-07 14:00:00,19609.078380897052,17752.88890894481,13676.551328237632
forecast_8175,2025-12-07 15:00:00,19845.222786728777,18018.673227419687,14025.517652847777
forecast_8176,2025-12-07 16:00:00,19431.59155340781,18269.753751258533,14390.764026928398
forecast_8177,2025-12-07 17:00:00,19647.91584894868,18367.750156080714,14239.727741077808
forecast_8178,2025-12-07 18:00:00,19657.368290281393,18666.355202836086,14627.490755769386
forecast_8179,2025-12-07 19:00:00,19515.606036902704,18922.57943696453,14488.581650239183
forecast_8180,2025-12-07 20:00:00,20145.92855667036,19276.87547678279,14401.872195806995
forecast_8181,2025-12-07 21:00:00,20101.872922113394,19174.853981497796,14229.87376748809
forecast_8182,2025-12-07 22:00:00,19795.466580296485,19026.75515576975,13117.850437266763
forecast_8183,2025-12-07 23:00:00,20136.247011314812,18735.375595888443,12103.567907874576
forecast_8184,2025-12-08 00:00:00,19266.77514521894,18012.473560523325,11202.983754985513
forecast_8185,2025-12-08 01:00:00,18983.390076443375,18480.968499521026,12601.594641081954
forecast_8186,2025-12-08 02:00:00,18483.883623100133,17460.93681658537,12414.54339171733
forecast_8187,2025-12-08 03:00:00,17556.513553060824,16058.448041541982,10812.18543186865
forecast_8188,2025-12-08 04:00:00,17459.732863818343,15695.440706225017,10632.027227323142
forecast_8189,2025-12-08 05:00:00,16714.036994351554,15198.35130075874,10124.915650201998
forecast_8190,2025-12-08 06:00:00,15371.379141968608,13881.352938765229,9096.044213900414
forecast_8191,2025-12-08 07:00:00,14380.40398557574,14233.201496839978,8911.612544883652
forecast_8192,2025-12-08 08:00:00,13562.975536367801,13436.09717039888,8491.910201933584
forecast_8193,2025-12-08 09:00:00,12793.98687514559,11899.929068824264,6470.57841166283
forecast_8194,2025-12-08 10:00:00,11026.55068704751,10714.094116255714,6132.7923259854515
forecast_8195,2025-12-08 11:00:00,8345.776732741288,7034.514072083967,4164.145493644683
forecast_8196,2025-12-08 12:00:00,7007.437877872712,5487.660947067811,3470.1315014409824
forecast_8197,2025-12-08 13:00:00,5556.926956395372,4016.61829297542,2849.9716284179526
forecast_8198,2025-12-08 14:00:00,5603.366009313908,3796.470353221183,2762.091338595752
forecast_8199,2025-12-08 15:00:00,5522.4615883302695,4123.365125550701,2912.678588697362
forecast_8200,2025-12-08 16:00:00,6401.287712597886,6205.908682699066,4035.853846918166
forecast_8201,2025-12-08 17:00:00,9650.582288414367,8892.483393517034,5945.60467383
forecast_8202,2025-12-08 18:00:00,12502.359622898226,11775.83615203022,8301.495804319076
forecast_8203,2025-12-08 19:00:00,14725.84912173394,14221.09345686284,8780.186125796074
forecast_8204,2025-12-08 20:00:00,16023.17335646504,15652.474405635649,10142.591766880541
forecast_8205,2025-12-08 21:00:00,17483.1198234597,16448.088675296527,11136.41700758931
forecast_8206,2025-12-08 22:00:00,17869.56456335196,16706.774500651743,11743.831967219403
forecast_8207,2025-12-08 23:00:00,17725.166322865804,16001.53289294948,10935.748291539663
forecast_8208,2025-12-09 00:00:00,17097.3654236548,16110.432835875417,10408.581691810343
forecast_8209,2025-12-09 01:00:00,14357.195241045809,14357.84820116467,9006.727563313
forecast_8210,2025-12-09 02:00:00,16794.43054802491,15620.950021992216,10767.811032397249
forecast_8211,2025-12-09 03:00:00,17735.641875865385,16985.905304169904,11174.751292678266
forecast_8212,2025-12-09 04:00:00,17857.254535216238,17471.114461404235,11259.818013089049
forecast_8213,2025-12-09 05:00:00,17517.62955388399,16973.43949980778,11262.205800558737
forecast_8214,2025-12-09 06:00:00,17257.17132462475,16834.436959167484,11124.723030243127
forecast_8215,2025-12-09 07:00:00,18120.01028916898,17590.031719132876,11708.837364297353
forecast_8216,2025-12-09 08:00:00,19644.38182192886,18420.945051467334,12385.349646855559
forecast_8217,2025-12-09 09:00:00,19264.855210825302,18384.44259226817,12999.709382498457
forecast_8218,2025-12-09 10:00:00,16149.670557146239,16695.99357701434,11531.167839197875
forecast_8219,2025-12-09 11:00:00,15570.200833280614,15865.215721231476,11543.945707926296
forecast_8220,2025-12-09 12:00:00,14559.471261606594,15043.083010179998,10318.87021000598
forecast_8221,2025-12-09 13:00:00,14239.821332002855,14313.757180352673,10004.119875031229
forecast_8222,2025-12-09 14:00:00,14154.299357059896,13483.524775006643,9553.775819887138
forecast_8223,2025-12-09 15:00:00,14164.682820482187,13894.338006240669,9306.974878349289
forecast_8224,2025-12-09 16:00:00,13089.337799133154,13101.25661940072,8268.509103115253
forecast_8225,2025-12-09 17:00:00,12969.601985067697,12712.76858520963,8255.074132381846
forecast_8226,2025-12-09 18:00:00,14177.410607662883,13688.252639975512,9074.08993153723
forecast_8227,2025-12-09 19:00:00,13954.486464321833,14328.14289562082,8990.348950604824
forecast_8228,2025-12-09 20:00:00,14368.593430695257,14180.068507318898,9072.684551387842
forecast_8229,2025-12-09 21:00:00,14437.664126359794,13744.657512564718,8591.547148306703
forecast_8230,2025-12-09 22:00:00,14376.640344397065,13406.137293243188,8306.389128690009
forecast_8231,2025-12-09 23:00:00,12438.050463693264,12428.06868513649,7801.117160839743
forecast_8232,2025-12-10 00:00:00,11721.169340917366,11250.16919489531,7279.384999503466
forecast_8233,2025-12-10 01:00:00,9915.574469523079,9238.3413123726,6749.945671258107
forecast_8234,2025-12-10 02:00:00,10246.621095260347,10588.216991677533,7549.419945385019
forecast_8235,2025-12-10 03:00:00,13667.517581199365,13825.181736878507,8558.349201388748
forecast_8236,2025-12-10 04:00:00,14160.758573925108,13654.87837941936,8361.424790769433
forecast_8237,2025-12-10 05:00:00,13817.118984901505,13823.710207706778,8432.105706709055
forecast_8238,2025-12-10 06:00:00,13368.227030365922,13967.261597394941,8489.08411833275
forecast_8239,2025-12-10 07:00:00,13735.632930187008,14309.242839568024,8606.731313814706
forecast_8240,2025-12-10 08:00:00,13899.645018517956,14137.94883219299,8638.206042506383
forecast_8241,2025-12-10 09:00:00,13475.783204051555,14225.014485079766,8751.38890926808
forecast_8242,2025-12-10 10:00:00,12947.987760762317,13198.794025762645,9025.919924679609
forecast_8243,2025-12-10 11:00:00,12126.97998605949,13323.689969919971,8800.96527861282
forecast_8244,2025-12-10 12:00:00,13054.121765627824,12736.073944242104,9404.82332649979
forecast_8245,2025-12-10 13:00:00,12184.12240318508,12622.663513635764,8786.810656033009
forecast_8246,2025-12-10 14:00:00,11369.96870743468,11653.985699289877,7875.171310106498
forecast_8247,2025-12-10 15:00:00,9048.320526987636,8763.644976891159,6174.8846787409175
forecast_8248,2025-12-10 16:00:00,7224.237306520749,6691.5726835019,4637.850113502037
forecast_8249,2025-12-10 17:00:00,7451.851914877136,7229.831247430179,4624.239560932482
forecast_8250,2025-12-10 18:00:00,7427.286020122046,7516.254993662958,4061.676102518538
forecast_8251,2025-12-10 19:00:00,8170.7269002070825,8548.860525001815,4313.979285279994
forecast_8252,2025-12-10 20:00:00,8608.069372045578,10203.865802068045,5117.4395657114555
forecast_8253,2025-12-10 21:00:00,10737.293774336104,12103.264557058152,5951.106527946202
forecast_8254,2025-12-10 22:00:00,12612.279587813522,14828.015908482072,9221.166241961273
forecast_8255,2025-12-10 23:00:00,14160.506883277283,15007.489544729973,10190.886623776032
forecast_8256,2025-12-11 00:00:00,13849.4920067032,13828.332676385593,9098.22090183808
forecast_8257,2025-12-11 01:00:00,18515.283200690992,17531.64233398544,12647.560526322677
forecast_8258,2025-12-11 02:00:00,18205.71655530564,17886.08022212754,11749.779295902488
forecast_8259,2025-12-11 03:00:00,19241.92308105918,18998.916474503327,13304.706235976155
forecast_8260,2025-12-11 04:00:00,20700.396201918964,19460.58330534488,15306.074157017094
forecast_8261,2025-12-11 05:00:00,20736.054170879182,19619.638813321202,16002.115558015932
forecast_8262,2025-12-11 06:00:00,19660.936538973503,19467.942421344476,15517.182342299815
forecast_8263,2025-12-11 07:00:00,18951.009145823078,18991.626099464946,14206.473649005156
forecast_8264,2025-12-11 08:00:00,18089.810757131374,17561.213166728372,12862.223528583465
forecast_8265,2025-12-11 09:00:00,16839.62631078988,16709.356935340664,11991.880687701147
forecast_8266,2025-12-11 10:00:00,17413.392602378444,17201.256134392836,12627.376602486056
forecast_8267,2025-12-11 11:00:00,18765.5657201977,17750.611003521997,12951.493656024357
forecast_8268,2025-12-11 12:00:00,18092.143145292353,15643.567278683466,12153.986191644211
forecast_8269,2025-12-11 13:00:00,14059.595096601652,12770.721973671965,8483.894035321697
forecast_8270,2025-12-11 14:00:00,13359.210573896196,11149.373197776049,7421.763852256813
forecast_8271,2025-12-11 15:00:00,13103.394371606253,11554.629906971324,7508.708281790215
forecast_8272,2025-12-11 16:00:00,13901.432215437075,11976.120136163994,7681.80936600936
forecast_8273,2025-12-11 17:00:00,14505.357134767093,12514.141240437319,9100.3866863324
forecast_8274,2025-12-11 18:00:00,14923.482392775994,13310.254418074039,9955.59879300322
forecast_8275,2025-12-11 19:00:00,13289.80958606253,11647.766602759486,6862.25002955992
forecast_8276,2025-12-11 20:00:00,12373.429784839582,9397.350131516392,4784.227044445993
forecast_8277,2025-12-11 21:00:00,5761.159791732303,5152.161872415882,3348.379198637033
forecast_8278,2025-12-11 22:00:00,3343.425361477731,3529.814288748447,1567.7642770983327
forecast_8279,2025-12-11 23:00:00,2965.617200019365,3315.468279343566,1595.4826606410015
forecast_8280,2025-12-12 00:00:00,2381.826719121942,2439.820818205003,1198.8933230904258
forecast_8281,2025-12-12 01:00:00,753.8636316750582,873.2003646426238,699.3396930179777
forecast_8282,2025-12-12 02:00:00,714.6771408085776,1025.9902799495942,559.2743850068267
forecast_8283,2025-12-12 03:00:00,717.02937270637,975.7684363252068,499.66187977921163
forecast_8284,2025-12-12 04:00:00,684.2240228356109,1010.1469227060747,520.2245977504512
forecast_8285,2025-12-12 05:00:00,670.6120673136761,896.3908197015554,552.2846393330076
forecast_8286,2025-12-12 06:00:00,604.3937391973329,928.0152445044923,509.84455528804637
forecast_8287,2025-12-12 07:00:00,820.7199428939192,1149.4265661798624,535.2748462493445
forecast_8288,2025-12-12 08:00:00,763.0405711845384,1080.7795367997285,616.9163718347608
forecast_8289,2025-12-12 09:00:00,843.8039371516787,1128.9238433572978,544.6563928824152
forecast_8290,2025-12-12 10:00:00,959.8623859283059,707.9055432050627,364.4542088531922
forecast_8291,2025-12-12 11:00:00,786.2100296841464,625.9468537733048,411.9935528950348
forecast_8292,2025-12-12 12:00:00,481.38015775291075,435.5390260610279,258.35616375486546
forecast_8293,2025-12-12 13:00:00,286.63349062606727,318.8815832358482,195.4873599268153
forecast_8294,2025-12-12 14:00:00,224.2165296231461,226.7557790326964,138.44785393896885
forecast_8295,2025-12-12 15:00:00,276.05596884961375,231.37264477432245,128.70407723174833
forecast_8296,2025-12-12 16:00:00,484.8872044699398,499.74868544305457,238.28553348115076
forecast_8297,2025-12-12 17:00:00,878.3421834080672,762.0220242330541,327.41358447121314
forecast_8298,2025-12-12 18:00:00,1265.602994015272,1027.1445993584105,347.61202185374106
forecast_8299,2025-12-12 19:00:00,1429.1290406085377,1033.516849835152,376.9278851309974
forecast_8300,2025-12-12 20:00:00,1520.4046851845821,1159.8545507457789,417.85976344154017
forecast_8301,2025-12-12 21:00:00,1930.628258471345,1760.3940950792603,656.8648447646284
forecast_8302,2025-12-12 22:00:00,2178.9744204151702,2022.7981972559821,579.6670241321867
forecast_8303,2025-12-12 23:00:00,2285.3587757975274,2297.277408203473,820.6929275806665
forecast_8304,2025-12-13 00:00:00,2962.821914792994,2785.1992280957957,1068.3642661559968
forecast_8305,2025-12-13 01:00:00,2343.591702559507,2285.7135441464807,828.67098778031
forecast_8306,2025-12-13 02:00:00,2814.211420929409,3074.7588135510687,1880.3401386303146
forecast_8307,2025-12-13 03:00:00,2719.551705216612,2500.752698895042,1340.7692218540249
forecast_8308,2025-12-13 04:00:00,4198.748302098654,4113.864020840716,2681.9686495101337
forecast_8309,2025-12-13 05:00:00,4129.536331051372,3899.2555114786724,2078.904868301139
forecast_8310,2025-12-13 06:00:00,4506.168290194895,4459.050867773373,2630.770367532661
forecast_8311,2025-12-13 07:00:00,5074.7105441629665,4778.0802110447385,2848.429851702784
forecast_8312,2025-12-13 08:00:00,5750.25295665258,6279.43462124802,2719.7343315076328
forecast_8313,2025-12-13 09:00:00,3676.928595757628,3883.334878516448,2028.6447447729934
forecast_8314,2025-12-13 10:00:00,2351.574647462714,2130.7426221764663,1089.430629451696
forecast_8315,2025-12-13 11:00:00,2107.899411034274,1683.2165714931457,1103.0596747208717
forecast_8316,2025-12-13 12:00:00,2022.6838324412363,1758.8443172260565,1189.4848640906496
forecast_8317,2025-12-13 13:00:00,1295.1251609503165,1470.5881254222998,759.1890207774436
forecast_8318,2025-12-13 14:00:00,1368.972439848836,1396.300514190222,728.670730830685
forecast_8319,2025-12-13 15:00:00,1301.4953675242186,1146.9477383419196,521.370321543218
forecast_8320,2025-12-13 16:00:00,1701.9575224107393,1443.7458297501948,563.6527390736325
forecast_8321,2025-12-13 17:00:00,2202.289460696998,1746.1616449284127,838.5403215365097
forecast_8322,2025-12-13 18:00:00,3056.744031736252,3089.0734490743607,862.2434203778761
forecast_8323,2025-12-13 19:00:00,3512.6486260620813,3846.337735302239,876.5212116179312
forecast_8324,2025-12-13 20:00:00,4181.594263150807,4959.554607913782,1199.8448593075782
forecast_8325,2025-12-13 21:00:00,5034.042610049193,5749.006079387126,2872.847419954578
forecast_8326,2025-12-13 22:00:00,7853.356297900223,7696.10815510386,4936.255569299913
forecast_8327,2025-12-13 23:00:00,8126.366117570188,9156.412210173572,5287.416248879536
forecast_8328,2025-12-14 00:00:00,10602.12270632238,10107.999013649654,7392.113201285973
forecast_8329,2025-12-14 01:00:00,15035.614106622812,13475.120916272599,9492.857750038507
forecast_8330,2025-12-14 02:00:00,15435.517846792687,14128.271259840158,9852.138507636178
forecast_8331,2025-12-14 03:00:00,15156.306454325862,13795.413094352698,9864.261841753512
forecast_8332,2025-12-14 04:00:00,15007.38475804173,13223.600598861714,10248.071563359152
forecast_8333,2025-12-14 05:00:00,16152.478824990276,15423.040957676792,11650.330817900549
forecast_8334,2025-12-14 06:00:00,16382.87980847798,15868.333003949963,10356.820701750139
forecast_8335,2025-12-14 07:00:00,16516.507289454486,15565.59059673466,10306.333911871849
forecast_8336,2025-12-14 08:00:00,16711.991231223074,15039.565065757064,11513.368591752604
forecast_8337,2025-12-14 09:00:00,16167.836887420079,15959.66924505048,11426.746379714466
forecast_8338,2025-12-14 10:00:00,15095.946390404915,14660.648700687412,10743.878375220227
forecast_8339,2025-12-14 11:00:00,15051.706212719719,14329.571287380297,10595.56743489767
forecast_8340,2025-12-14 12:00:00,14197.069238254868,14051.179695450774,10580.17456058903
forecast_8341,2025-12-14 13:00:00,13114.528490677549,12853.879303299838,9255.62947554484
forecast_8342,2025-12-14 14:00:00,12232.398831566743,11360.73154878796,8054.348036209749
forecast_8343,2025-12-14 15:00:00,11898.022530797762,11258.957117600768,8154.289260626593
forecast_8344,2025-12-14 16:00:00,12204.28302853722,11776.588331990224,8554.347891721463
forecast_8345,2025-12-14 17:00:00,13306.21779753416,13083.652427920313,9296.826792026928
forecast_8346,2025-12-14 18:00:00,14434.614572887751,14073.780415680438,10407.960573653581
forecast_8347,2025-12-14 19:00:00,15322.049524018888,14700.932896898361,10371.72646589552
forecast_8348,2025-12-14 20:00:00,15528.1945504071,14480.283097054084,10877.104268600788
forecast_8349,2025-12-14 21:00:00,15354.622174484504,14827.420600092031,9796.462549561447
forecast_8350,2025-12-14 22:00:00,14794.90769345546,14028.425720659736,9867.521096932453
forecast_8351,2025-12-14 23:00:00,14955.522154846412,15292.08031049092,9506.569189049644
forecast_8352,2025-12-15 00:00:00,16800.999631762224,16619.506874453982,11381.847167473219
forecast_8353,2025-12-15 01:00:00,17678.303864158635,16930.41617357604,12144.917952574127
forecast_8354,2025-12-15 02:00:00,18596.78291776482,17667.674113471952,12570.018732991402
forecast_8355,2025-12-15 03:00:00,18576.348491317392,18131.54701222291,12382.050708663019
forecast_8356,2025-12-15 04:00:00,19027.04521235695,18166.536989765355,12671.929730882575
forecast_8357,2025-12-15 05:00:00,19123.828766053848,18308.21165977277,12874.600818799454
forecast_8358,2025-12-15 06:00:00,19605.755304639475,18254.119449109552,12775.872119805726
forecast_8359,2025-12-15 07:00:00,19174.546971865355,17779.51413625335,12292.171813030222
forecast_8360,2025-12-15 08:00:00,17966.424370044904,17316.10249723889,10963.740417864796
forecast_8361,2025-12-15 09:00:00,17561.80535164619,16658.2258858838,10232.354252822985
forecast_8362,2025-12-15 10:00:00,15688.688370314841,15397.721412144461,10258.5012307073
forecast_8363,2025-12-15 11:00:00,14412.22021170468,14277.071470259682,9707.543441413085
forecast_8364,2025-12-15 12:00:00,11880.674627209824,12202.35998891878,8034.484624611528
forecast_8365,2025-12-15 13:00:00,10084.265964185639,10411.241620432816,7354.034163979828
forecast_8366,2025-12-15 14:00:00,11491.70888513082,10941.559931241984,8872.681209051165
forecast_8367,2025-12-15 15:00:00,13847.23308819284,13574.697488947992,9833.844227216117
forecast_8368,2025-12-15 16:00:00,15285.794467855114,14467.777355674196,10185.752200547759
forecast_8369,2025-12-15 17:00:00,17307.838838452455,15650.702335857619,11494.481324094959
forecast_8370,2025-12-15 18:00:00,18502.97273210101,17426.433413297982,12396.46561792559
forecast_8371,2025-12-15 19:00:00,19711.232709801974,18675.649949570732,13756.231709084472
forecast_8372,2025-12-15 20:00:00,20086.200504936587,18436.863398862406,13828.77078030268
forecast_8373,2025-12-15 21:00:00,19431.024735845644,17865.414498725022,13671.796757434015
forecast_8374,2025-12-15 22:00:00,18817.48657622409,17412.767128213683,12945.7993191543
forecast_8375,2025-12-15 23:00:00,17222.366473303606,15966.650044522681,11366.37532463203
forecast_8376,2025-12-16 00:00:00,14497.850724650987,14603.60436878851,9435.890735943858
forecast_8377,2025-12-16 01:00:00,17692.908155920537,16230.183742006182,11675.45293805155
forecast_8378,2025-12-16 02:00:00,15633.227199318439,15277.223641697909,10801.565676478836
forecast_8379,2025-12-16 03:00:00,13436.59276349576,14007.930610952486,9289.039816538576
forecast_8380,2025-12-16 04:00:00,12403.368576482771,13324.782850872598,7939.568903075319
forecast_8381,2025-12-16 05:00:00,12616.258890339599,13089.283872594244,8254.362224573326
forecast_8382,2025-12-16 06:00:00,11311.322877486182,12655.934065589858,7619.993687684097
forecast_8383,2025-12-16 07:00:00,11750.045175369969,12518.212686685578,8199.16394576201
forecast_8384,2025-12-16 08:00:00,11193.891553504278,11470.975022601255,7479.2748278355875
forecast_8385,2025-12-16 09:00:00,11498.37461164858,12011.095324881144,8148.611369998286
forecast_8386,2025-12-16 10:00:00,11016.74852209918,10479.199998444725,7653.152112279764
forecast_8387,2025-12-16 11:00:00,11068.86094527459,11736.223155642474,7731.945813686603
forecast_8388,2025-12-16 12:00:00,11371.925454286145,11445.201323065769,8376.483356951181
forecast_8389,2025-12-16 13:00:00,12097.90969783656,12615.914752878023,8559.024564557014
forecast_8390,2025-12-16 14:00:00,12629.81564149256,12969.910176804413,8675.402368463838
forecast_8391,2025-12-16 15:00:00,11870.383615017688,11554.751539549841,7976.6300901917975
forecast_8392,2025-12-16 16:00:00,11409.262781133648,11929.333734631673,7586.370640578494
forecast_8393,2025-12-16 17:00:00,9517.789696030537,9801.439153756446,6677.710081975118
forecast_8394,2025-12-16 18:00:00,9181.775101549283,8845.013230724724,6286.223686186882
forecast_8395,2025-12-16 19:00:00,8393.635143894337,8550.627957447818,6420.968387999827
forecast_8396,2025-12-16 20:00:00,8060.065568525123,8365.473153247,6297.760053832023
forecast_8397,2025-12-16 21:00:00,8139.09328524301,9510.288602351624,5985.562218536987
forecast_8398,2025-12-16 22:00:00,6984.109081773582,7432.714247942649,4803.10038680605
forecast_8399,2025-12-16 23:00:00,6420.179946153666,7287.23969647114,5324.149630032934
forecast_8400,2025-12-17 00:00:00,7572.439508845804,8124.186435512259,4695.122518930047
forecast_8401,2025-12-17 01:00:00,8538.559978902487,9723.2153632384,6265.9034483983005
forecast_8402,2025-12-17 02:00:00,9080.690754516942,9859.720078929466,6213.871204182942
forecast_8403,2025-12-17 03:00:00,8761.062873807417,9220.924836175993,5801.295449210788
forecast_8404,2025-12-17 04:00:00,8267.86221638019,8373.615690551062,5346.052375141749
forecast_8405,2025-12-17 05:00:00,8098.915214431394,8069.9859714208,4818.993977733085
forecast_8406,2025-12-17 06:00:00,7561.722315329911,7838.538406060376,4622.86635159643
forecast_8407,2025-12-17 07:00:00,8221.451985050418,7827.269507095522,4876.3527822534115
forecast_8408,2025-12-17 08:00:00,8184.908013777677,7404.466004647943,4388.941270323606
forecast_8409,2025-12-17 09:00:00,7433.676221062272,6132.201520728948,3717.765039073038
forecast_8410,2025-12-17 10:00:00,6245.764324959678,5110.743221234445,3011.6078047438814
forecast_8411,2025-12-17 11:00:00,7308.168792008246,5529.31464517448,3581.7192743744745
forecast_8412,2025-12-17 12:00:00,6211.23589730505,4918.837727962372,3239.738804311742
forecast_8413,2025-12-17 13:00:00,5748.20571069772,4347.645054193772,3217.4855778946608
forecast_8414,2025-12-17 14:00:00,5543.101780843187,3594.9570741928687,2632.977029867139
forecast_8415,2025-12-17 15:00:00,3966.522522252602,2917.2160019988105,1769.898882476705
forecast_8416,2025-12-17 16:00:00,3196.794729685806,2095.8531352058985,1286.7869135067872
forecast_8417,2025-12-17 17:00:00,3479.7311177025376,3193.956090334391,2060.0768236227664
forecast_8418,2025-12-17 18:00:00,5546.505096863185,4596.229866280666,2868.5552614801086
forecast_8419,2025-12-17 19:00:00,6257.375558372116,4646.639139078096,2882.8834808717475
forecast_8420,2025-12-17 20:00:00,6285.007034639597,4469.174884405395,3199.197282710032
forecast_8421,2025-12-17 21:00:00,6372.713120504331,5156.76798481978,3214.4823346625008
forecast_8422,2025-12-17 22:00:00,7168.524288903342,6209.807225220711,3853.3210051153724
forecast_8423,2025-12-17 23:00:00,6764.013136500552,6231.022576597278,4318.81774628256
forecast_8424,2025-12-18 00:00:00,7873.733708232501,6524.96337413176,4507.228940851235
forecast_8425,2025-12-18 01:00:00,12995.53010906727,12325.336601780418,8633.037618833032
forecast_8426,2025-12-18 02:00:00,14107.157877420974,14266.47069210178,9228.764908061721
forecast_8427,2025-12-18 03:00:00,14762.917443284863,14709.177577511482,9278.223622268904
forecast_8428,2025-12-18 04:00:00,15225.082984489589,14041.554316573076,8949.241682590697
forecast_8429,2025-12-18 05:00:00,14889.22798320847,14077.339164959498,9301.76724894129
forecast_8430,2025-12-18 06:00:00,14336.771047111968,13778.134515858374,9054.319067269711
forecast_8431,2025-12-18 07:00:00,12579.42813094386,12740.863698701873,8432.491169574543
forecast_8432,2025-12-18 08:00:00,11003.463544351986,10020.046455671061,7264.801761734424
forecast_8433,2025-12-18 09:00:00,8514.198196894506,7843.2123152748845,4713.8704789921985
forecast_8434,2025-12-18 10:00:00,6405.981478097787,5712.216469418486,3683.981155124886
forecast_8435,2025-12-18 11:00:00,6151.946603103506,5596.298636485297,3143.5490934802197
forecast_8436,2025-12-18 12:00:00,4821.540807359173,4291.199104308682,2427.245726565899
forecast_8437,2025-12-18 13:00:00,4122.981382905838,4131.838177130515,2440.8694763726835
forecast_8438,2025-12-18 14:00:00,4119.631975095314,3631.490989463385,2598.999611397984
forecast_8439,2025-12-18 15:00:00,4189.541227869278,4180.8523077491445,2585.3871635054466
forecast_8440,2025-12-18 16:00:00,4471.3425948212325,4686.969400742682,2250.1266135110263
forecast_8441,2025-12-18 17:00:00,5002.62797185265,4398.838051352976,2389.210631319531
forecast_8442,2025-12-18 18:00:00,4976.48435401173,4637.497981622801,3156.2188711367107
forecast_8443,2025-12-18 19:00:00,5045.749729823624,5230.766238191143,3279.48589352514
forecast_8444,2025-12-18 20:00:00,5173.178168295785,5463.615040531952,3061.25474678075
forecast_8445,2025-12-18 21:00:00,6563.656796514737,6344.930735221479,3420.177222931574
forecast_8446,2025-12-18 22:00:00,8316.45628569552,8517.149851596823,4690.451127044787
forecast_8447,2025-12-18 23:00:00,11136.17715199754,10654.038373614727,6239.156056289683
forecast_8448,2025-12-19 00:00:00,12457.59108411062,12532.436471224635,7268.826364656804
forecast_8449,2025-12-19 01:00:00,15945.068460905164,15665.740944789595,11119.969527981108
forecast_8450,2025-12-19 02:00:00,17101.65186588681,15929.193300796594,11608.765971359939
forecast_8451,2025-12-19 03:00:00,16910.61399691835,16051.93502556046,10655.547495342935
forecast_8452,2025-12-19 04:00:00,15530.107672442733,15138.45189021577,9624.927439445233
forecast_8453,2025-12-19 05:00:00,15393.515556241578,14469.220089172126,9838.29678563061
forecast_8454,2025-12-19 06:00:00,15526.592600710599,15341.290537591432,10935.420297480927
forecast_8455,2025-12-19 07:00:00,17877.81866335979,16567.59506639054,11464.56354217624
forecast_8456,2025-12-19 08:00:00,16834.947094318257,16774.95212624683,11131.648419604613
forecast_8457,2025-12-19 09:00:00,16796.09187725512,16642.833241831024,11838.321195084585
forecast_8458,2025-12-19 10:00:00,16231.865298633022,15991.011342683569,11113.664731262543
forecast_8459,2025-12-19 11:00:00,18484.419080764445,16366.948784906357,11799.758504733567
forecast_8460,2025-12-19 12:00:00,18839.076630341817,17122.06291684194,13360.275267749023
forecast_8461,2025-12-19 13:00:00,19119.047808822823,17470.69882215545,13848.706468212338
forecast_8462,2025-12-19 14:00:00,19237.16697798842,17086.968703423485,14096.679841960355
forecast_8463,2025-12-19 15:00:00,19767.347573884017,17131.312303006554,14221.284610451787
forecast_8464,2025-12-19 16:00:00,19433.12589813707,17924.65285181542,14442.12420803989
forecast_8465,2025-12-19 17:00:00,18426.787956148823,17349.828902336656,13642.236858725744
forecast_8466,2025-12-19 18:00:00,17052.24556218493,16752.10257274724,13580.371127937955
forecast_8467,2025-12-19 19:00:00,16675.925358869707,16904.116454722345,13431.068987947563
forecast_8468,2025-12-19 20:00:00,16861.25666716567,16302.498556009768,13276.378623499559
forecast_8469,2025-12-19 21:00:00,16872.107122891957,16531.139994781344,13217.46974948868
forecast_8470,2025-12-19 22:00:00,16463.025719656027,17111.364658976858,12677.96444415225
forecast_8471,2025-12-19 23:00:00,16355.400517486072,16955.384910730485,12712.671513851206
forecast_8472,2025-12-20 00:00:00,15220.80868153413,16667.973487171566,12507.543711412512
forecast_8473,2025-12-20 01:00:00,14692.894732661724,15660.252258361044,10565.706536976391
forecast_8474,2025-12-20 02:00:00,12929.72784515972,14059.222625121392,8955.053807534652
forecast_8475,2025-12-20 03:00:00,12021.206243152896,13692.12681781613,7544.541500512342
forecast_8476,2025-12-20 04:00:00,13113.55724181937,14201.977681612874,8301.588991895318
forecast_8477,2025-12-20 05:00:00,12844.953123058585,14273.02980432074,9535.709775915595
forecast_8478,2025-12-20 06:00:00,13263.346290415093,14410.28501686007,9414.13674378529
forecast_8479,2025-12-20 07:00:00,12947.885568535019,14883.95728773526,10295.67936022942
forecast_8480,2025-12-20 08:00:00,13285.866197539059,14194.741913739937,10297.659443364842
forecast_8481,2025-12-20 09:00:00,12570.02914561012,13524.465025005946,9956.627250990852
forecast_8482,2025-12-20 10:00:00,12493.952533606727,14020.863579818699,9920.108116729933
forecast_8483,2025-12-20 11:00:00,12292.738379188566,13990.368104408864,10582.02854551908
forecast_8484,2025-12-20 12:00:00,12311.079759321652,14221.6108564643,11368.71468527977
forecast_8485,2025-12-20 13:00:00,13313.70495020182,14932.865835097175,11855.196570808332
forecast_8486,2025-12-20 14:00:00,13900.816564675977,14457.957428488508,11600.310014942559
forecast_8487,2025-12-20 15:00:00,12328.098209362057,12617.645281808002,9378.541610889268
forecast_8488,2025-12-20 16:00:00,12259.931943080723,11868.910768474845,8570.201133415843
forecast_8489,2025-12-20 17:00:00,12640.377315617772,12020.325130061314,8774.672203268081
forecast_8490,2025-12-20 18:00:00,12042.714129139675,11655.967425022658,9443.066505671064
forecast_8491,2025-12-20 19:00:00,11191.159509668141,11664.920679210441,8747.7118837478
forecast_8492,2025-12-20 20:00:00,10949.250107734437,11324.357242928001,7964.309460801578
forecast_8493,2025-12-20 21:00:00,9596.835780947098,9572.734735879098,6666.358757964695
forecast_8494,2025-12-20 22:00:00,10500.502144186927,10268.81018246754,7279.527538326161
forecast_8495,2025-12-20 23:00:00,14249.126926265893,12973.512078379956,9583.326114967698
forecast_8496,2025-12-21 00:00:00,15748.509985584604,15710.573622163167,9950.059476754277
forecast_8497,2025-12-21 01:00:00,19484.954176174087,18384.807204263594,12089.436814716511
forecast_8498,2025-12-21 02:00:00,19914.56191904764,18453.805150067405,11554.267431881963
forecast_8499,2025-12-21 03:00:00,19190.70986310704,18698.923337313892,12106.083242625247
forecast_8500,2025-12-21 04:00:00,18195.034343596584,18281.05110178394,12024.094881034083
forecast_8501,2025-12-21 05:00:00,17612.673114481902,17452.778359398933,11579.204396209327
forecast_8502,2025-12-21 06:00:00,17811.70087382368,17403.46153380336,11313.224004449094
forecast_8503,2025-12-21 07:00:00,17960.466424677,17375.825417119173,10927.556740188364
forecast_8504,2025-12-21 08:00:00,17574.584085262744,17337.11646336011,10789.05776755314
forecast_8505,2025-12-21 09:00:00,16202.372806513666,15454.658119435036,10032.813910181672
forecast_8506,2025-12-21 10:00:00,15146.276405575689,15456.249004144376,9270.06496713827
forecast_8507,2025-12-21 11:00:00,14274.006316949804,14195.246162404119,7364.017548404127
forecast_8508,2025-12-21 12:00:00,13926.973863163263,12657.911920250566,7063.842002635886
forecast_8509,2025-12-21 13:00:00,12446.56905702178,11306.676104033295,5667.212758327544
forecast_8510,2025-12-21 14:00:00,10546.71540625473,10466.364785619246,5123.451405007679
forecast_8511,2025-12-21 15:00:00,9071.697200899498,8143.683493537022,4541.040299081815
forecast_8512,2025-12-21 16:00:00,7268.848050342256,6443.290920769037,3828.2284104826035
forecast_8513,2025-12-21 17:00:00,6982.709158988582,5688.496587628487,3080.2649357810824
forecast_8514,2025-12-21 18:00:00,6414.733664580152,4874.92358700284,3240.889558251233
forecast_8515,2025-12-21 19:00:00,5643.122439727897,3699.308444624204,2902.3400831755876
forecast_8516,2025-12-21 20:00:00,5569.897406814235,3680.2250229455253,2828.672232844932
forecast_8517,2025-12-21 21:00:00,3892.60612832553,2493.157839211637,2348.7819043665518
forecast_8518,2025-12-21 22:00:00,2444.2873620288333,1673.0611131654573,2006.4613324247355
forecast_8519,2025-12-21 23:00:00,1989.9436887878437,1455.875555778653,1858.5970096062438
forecast_8520,2025-12-22 00:00:00,1547.2418076125373,1221.025061228216,1024.0458322560294
forecast_8521,2025-12-22 01:00:00,2435.8055531569353,1679.001409046155,1376.4041395210138
forecast_8522,2025-12-22 02:00:00,1679.6321180656948,1132.469845616374,875.4880357639372
forecast_8523,2025-12-22 03:00:00,922.6144779149787,880.1344862931333,481.0839601218804
forecast_8524,2025-12-22 04:00:00,765.2534013790635,680.9658329145933,284.9284751476406
forecast_8525,2025-12-22 05:00:00,798.7188729851739,600.4728846782368,143.88180963236812
forecast_8526,2025-12-22 06:00:00,889.2121568209457,769.2199875661149,277.7206997958725
forecast_8527,2025-12-22 07:00:00,850.909558660969,787.4730377869433,129.40047027593883
forecast_8528,2025-12-22 08:00:00,893.7299119050232,636.6300941445633,121.20364550615214
forecast_8529,2025-12-22 09:00:00,711.4773901203293,508.3155610596398,106.67387332714846
forecast_8530,2025-12-22 10:00:00,384.2033274770966,354.7081164122392,129.55081480378954
forecast_8531,2025-12-22 11:00:00,252.41282239579445,297.47559074051117,132.97716285345507
forecast_8532,2025-12-22 12:00:00,382.5649741199567,343.02055853173204,164.06995496354
forecast_8533,2025-12-22 13:00:00,234.76858222156957,250.99141115858123,134.59481806418003
forecast_8534,2025-12-22 14:00:00,187.2013207747103,215.36379984418278,121.20206535493865
forecast_8535,2025-12-22 15:00:00,240.92632267570028,292.02311847864024,134.01048514545744
forecast_8536,2025-12-22 16:00:00,453.4278528581531,416.63647109560105,155.81807763639253
forecast_8537,2025-12-22 17:00:00,701.0838430780619,714.6902310083974,219.3338761189455
forecast_8538,2025-12-22 18:00:00,956.7395984712283,841.6597896568181,267.53288409783664
forecast_8539,2025-12-22 19:00:00,1029.2251881736981,850.1716431518762,286.9090315791344
forecast_8540,2025-12-22 20:00:00,1328.4064624122393,867.0193957733911,323.77880482310604
forecast_8541,2025-12-22 21:00:00,1504.7434721975897,1154.0986834077437,488.28111220405583
forecast_8542,2025-12-22 22:00:00,2257.5713145034815,2049.613127675279,849.8407257342886
forecast_8543,2025-12-22 23:00:00,1952.417832518384,1640.060246571391,675.3302497046194
forecast_8544,2025-12-23 00:00:00,2030.3354943834252,2269.071064223913,864.6254452611971
forecast_8545,2025-12-23 01:00:00,3601.7542746334,3613.9077866523885,1466.2152539706904
forecast_8546,2025-12-23 02:00:00,4427.817011305837,4161.12011646521,1585.763450404367
forecast_8547,2025-12-23 03:00:00,4780.297921809856,4742.5949877020585,1981.4651675996352
forecast_8548,2025-12-23 04:00:00,3746.5288981967024,3162.7939815362047,1327.7798598037587
forecast_8549,2025-12-23 05:00:00,4742.740120783412,4391.5936740504185,2026.4749364740883
forecast_8550,2025-12-23 06:00:00,3867.858378732171,4158.86291976956,1801.4087320944943
forecast_8551,2025-12-23 07:00:00,3504.0017842444922,3695.087612370559,1692.5101073558644
forecast_8552,2025-12-23 08:00:00,3101.303389396229,3620.004320086201,1297.2567535930252
forecast_8553,2025-12-23 09:00:00,3477.571345817334,3642.9326734787733,1760.8492822418236
forecast_8554,2025-12-23 10:00:00,5378.700031673946,5738.846374528935,3290.623333993457
forecast_8555,2025-12-23 11:00:00,4700.033453731475,5404.690543952569,3326.844396467088
forecast_8556,2025-12-23 12:00:00,6227.964034663392,7271.093842338863,3911.1278201702644
forecast_8557,2025-12-23 13:00:00,6368.038480623567,7538.872233607347,3990.7664805888576
forecast_8558,2025-12-23 14:00:00,6771.941727898298,8006.161916531769,3725.63423320219
forecast_8559,2025-12-23 15:00:00,6736.095370256513,7444.436657859381,3554.470037909615
forecast_8560,2025-12-23 16:00:00,5975.200750261595,6264.178071782416,3456.33886456711
forecast_8561,2025-12-23 17:00:00,5658.586375687718,5975.31016970873,3232.1895264515756
forecast_8562,2025-12-23 18:00:00,6742.25654147335,8127.99795809131,3977.9336005705454
forecast_8563,2025-12-23 19:00:00,7132.1454532906355,9066.18117357571,4536.192534116985
forecast_8564,2025-12-23 20:00:00,8090.550198173213,10108.209392648401,4934.138335190735
forecast_8565,2025-12-23 21:00:00,8053.051621454919,9685.218825161459,4900.309460591857
forecast_8566,2025-12-23 22:00:00,10204.582256737933,11016.065219132332,5709.4660810858295
forecast_8567,2025-12-23 23:00:00,9266.061836139232,10525.614623478956,5372.630307780881
forecast_8568,2025-12-24 00:00:00,8471.5777519486,9648.083235590644,5670.458939424162
forecast_8569,2025-12-24 01:00:00,7695.936224785953,8496.086961275132,5391.181918697083
forecast_8570,2025-12-24 02:00:00,7362.31377253836,8179.526535497848,4848.1886937210675
forecast_8571,2025-12-24 03:00:00,6184.340151087784,5554.181289921111,3453.1805526556714
forecast_8572,2025-12-24 04:00:00,5495.083658105524,5090.211352906743,2202.6230286195732
forecast_8573,2025-12-24 05:00:00,3918.359343587336,3990.6020306782953,1473.179664614404
forecast_8574,2025-12-24 06:00:00,2405.5270932261565,2488.441767471232,837.6759049436682
forecast_8575,2025-12-24 07:00:00,2011.9420449329127,1850.00393598388,807.4631549112542
forecast_8576,2025-12-24 08:00:00,1468.8242224856856,1385.4777502146137,839.6637992973752
forecast_8577,2025-12-24 09:00:00,1275.2796059587386,934.6505946281816,648.3811795549092
forecast_8578,2025-12-24 10:00:00,705.8004301577424,625.3232634601562,333.2715796461471
forecast_8579,2025-12-24 11:00:00,483.41538408614997,488.22619414941124,265.240415815075
forecast_8580,2025-12-24 12:00:00,436.29250881676194,371.6610650536764,268.50150781351545
forecast_8581,2025-12-24 13:00:00,427.7726099937257,413.92570212915547,302.6414831171839
forecast_8582,2025-12-24 14:00:00,381.6948231737766,359.24919694912893,247.94512985097643
forecast_8583,2025-12-24 15:00:00,405.90840746621217,379.78036713556793,269.53329573042885
forecast_8584,2025-12-24 16:00:00,639.2723765675458,583.1597548058622,280.72660274671887
forecast_8585,2025-12-24 17:00:00,632.5176693900218,513.0947535380463,271.8547490200453
forecast_8586,2025-12-24 18:00:00,664.9506064417603,521.0231532206215,236.31217663911607
forecast_8587,2025-12-24 19:00:00,690.1545872343928,561.2518411089147,238.10429922520893
forecast_8588,2025-12-24 20:00:00,680.1902056337267,576.5255532276316,221.74189987657883
forecast_8589,2025-12-24 21:00:00,1406.7101450779555,1005.4339809382194,631.265029607735
forecast_8590,2025-12-24 22:00:00,1407.321172049354,1246.033898964808,1041.802086846716
forecast_8591,2025-12-24 23:00:00,1676.3391053883608,1409.7320971506679,1295.0953858835471
forecast_8592,2025-12-25 00:00:00,2044.7304400771347,1579.0996851719422,1223.6699099085358
forecast_8593,2025-12-25 01:00:00,2526.123835425988,2029.624534460846,1042.1841842745368
forecast_8594,2025-12-25 02:00:00,4721.7646975751095,3637.6502026526564,2629.1151084873636
forecast_8595,2025-12-25 03:00:00,6349.142152006656,5813.512982421458,3215.291655041417
forecast_8596,2025-12-25 04:00:00,7501.914771741864,6779.22699122026,4884.399015981757
forecast_8597,2025-12-25 05:00:00,8917.918993500416,9055.970217811115,6080.683520350155
forecast_8598,2025-12-25 06:00:00,10409.141638876097,10271.250296214579,5896.972852164374
forecast_8599,2025-12-25 07:00:00,10775.819893998756,10835.625141262208,6464.188582805554
forecast_8600,2025-12-25 08:00:00,11554.081972234113,11408.029527405854,7373.066304046864
forecast_8601,2025-12-25 09:00:00,12765.03271013958,12301.561982967922,9272.656763138206
forecast_8602,2025-12-25 10:00:00,14261.48032452491,13986.718920776646,10721.726294707381
forecast_8603,2025-12-25 11:00:00,15005.206392581636,14251.590104051835,10094.56558563407
forecast_8604,2025-12-25 12:00:00,15483.06518776131,13527.008110887593,9984.41568857125
forecast_8605,2025-12-25 13:00:00,15834.90117018827,13884.734819106943,9488.723466860025
forecast_8606,2025-12-25 14:00:00,16086.061141104852,13829.519116269603,9385.177532493879
forecast_8607,2025-12-25 15:00:00,16087.505617561634,14259.656096417857,9477.298458464134
forecast_8608,2025-12-25 16:00:00,16419.742209091357,14797.330894056475,9438.458866030152
forecast_8609,2025-12-25 17:00:00,16593.761344774528,15527.238183004763,9650.721367189492
forecast_8610,2025-12-25 18:00:00,16394.80573372111,15460.110891738836,9681.412569051914
forecast_8611,2025-12-25 19:00:00,16477.60719763069,15174.421302046423,10058.445392226718
forecast_8612,2025-12-25 20:00:00,14497.283376465504,14928.396327566668,10647.40711028257
forecast_8613,2025-12-25 21:00:00,14670.53268874351,15458.437397779577,11256.11884203891
forecast_8614,2025-12-25 22:00:00,14768.171395190568,15190.312778359284,11176.364808015052
forecast_8615,2025-12-25 23:00:00,14968.246018690867,15575.421093418914,11470.128745992077
forecast_8616,2025-12-26 00:00:00,15654.918075803811,16052.340999391408,11956.813999416048
forecast_8617,2025-12-26 01:00:00,15544.093049800922,15887.625611761629,11744.553843227653
forecast_8618,2025-12-26 02:00:00,14289.121431792892,14837.606113611104,10681.799330635758
forecast_8619,2025-12-26 03:00:00,14637.77844040889,16058.881448572403,8830.585183462043
forecast_8620,2025-12-26 04:00:00,15089.114029369153,15646.54446157815,7506.861681469126
forecast_8621,2025-12-26 05:00:00,14802.853374132565,15673.856085033767,7478.293802402627
forecast_8622,2025-12-26 06:00:00,15054.380104460537,15154.761824902087,7791.912516139217
forecast_8623,2025-12-26 07:00:00,14473.567511487101,15717.796959273765,7473.746538829065
forecast_8624,2025-12-26 08:00:00,13870.399312172854,15287.241092411567,6893.4913760223035
forecast_8625,2025-12-26 09:00:00,13938.235752362529,15045.238167228914,7349.415239876971
forecast_8626,2025-12-26 10:00:00,13019.377665672895,13642.55333403121,8356.60016314418
forecast_8627,2025-12-26 11:00:00,11447.307252629065,12381.28686072921,7991.297950534951
forecast_8628,2025-12-26 12:00:00,10798.695459649876,11309.944499138068,7086.825863581162
forecast_8629,2025-12-26 13:00:00,11194.16314148722,11336.480923204483,7408.816840303535
forecast_8630,2025-12-26 14:00:00,11178.84885843768,10954.967724190301,7571.60020756584
forecast_8631,2025-12-26 15:00:00,11361.519008354468,10914.360515522962,7401.923483036351
forecast_8632,2025-12-26 16:00:00,11858.445846009881,11248.304816573165,7668.683569279811
forecast_8633,2025-12-26 17:00:00,13573.488384775403,13243.501126782854,8577.834672538951
forecast_8634,2025-12-26 18:00:00,14074.857747599139,14104.187066366016,10599.441591280653
forecast_8635,2025-12-26 19:00:00,15474.099498643813,15178.404295600769,9888.635099468469
forecast_8636,2025-12-26 20:00:00,16061.354473992704,15337.144486601563,9321.465237078482
forecast_8637,2025-12-26 21:00:00,17029.862856521308,16649.138669086387,11238.411446995297
forecast_8638,2025-12-26 22:00:00,18740.32664072752,17561.814618076947,12232.770769896599
forecast_8639,2025-12-26 23:00:00,18561.09677363098,17682.37792233877,11683.53846857251
forecast_8640,2025-12-27 00:00:00,18716.994549913,17696.81636131412,11263.915254497288
forecast_8641,2025-12-27 01:00:00,18180.040253706593,18029.61460156757,11047.072961044441
forecast_8642,2025-12-27 02:00:00,17322.38912277838,17510.371023792275,10447.165350806861
forecast_8643,2025-12-27 03:00:00,17246.81107702616,17592.968581232613,10528.913210784436
forecast_8644,2025-12-27 04:00:00,16033.175799838707,16913.639463057145,10380.389628107469
forecast_8645,2025-12-27 05:00:00,15217.858472024518,15687.895873718478,10530.028635881214
forecast_8646,2025-12-27 06:00:00,15136.652014418489,16252.455656522978,10250.863337405604
forecast_8647,2025-12-27 07:00:00,16361.209557324002,17065.76335589615,11065.69555984427
forecast_8648,2025-12-27 08:00:00,16526.49155027184,16732.167903340734,10941.61474447573
forecast_8649,2025-12-27 09:00:00,15850.827388895344,16610.15715276615,10499.398722605792
forecast_8650,2025-12-27 10:00:00,14436.15550131965,14162.80342217233,9174.932256598995
forecast_8651,2025-12-27 11:00:00,13981.752970823847,13942.11823816592,10516.667127117757
forecast_8652,2025-12-27 12:00:00,14446.426495002384,15010.035299090985,10684.74017771033
forecast_8653,2025-12-27 13:00:00,15813.724714574399,16418.153765319814,11103.810989436832
forecast_8654,2025-12-27 14:00:00,16736.1561229647,17324.33187307025,11587.270187484835
forecast_8655,2025-12-27 15:00:00,16937.980055568853,17274.87939627013,11967.048372265335
forecast_8656,2025-12-27 16:00:00,17177.946085281244,16610.393580271015,11568.04103016922
forecast_8657,2025-12-27 17:00:00,16667.771656450972,16325.550672711568,12088.686579663385
forecast_8658,2025-12-27 18:00:00,17123.005098251604,17285.91988714698,12406.98058928281
forecast_8659,2025-12-27 19:00:00,17357.101800973935,17402.026823318858,12788.562487183317
forecast_8660,2025-12-27 20:00:00,17462.87840000017,16843.78480139688,12386.134257076574
forecast_8661,2025-12-27 21:00:00,17147.163946000688,16621.462508673772,12158.410440322239
forecast_8662,2025-12-27 22:00:00,17142.295146169545,17174.3843531019,12219.274451854635
forecast_8663,2025-12-27 23:00:00,17102.597742741327,17232.30682593643,12274.539595335766
forecast_8664,2025-12-28 00:00:00,15877.62316126369,16347.94125773064,11853.401138944022
forecast_8665,2025-12-28 01:00:00,18800.604695004422,17772.745334343643,13192.874813744718
forecast_8666,2025-12-28 02:00:00,19340.694812242553,18342.279069673103,13315.522762562105
forecast_8667,2025-12-28 03:00:00,18956.85680989666,18171.829574935502,13245.90843087219
forecast_8668,2025-12-28 04:00:00,19602.41724015659,18490.591220037033,13164.335273938093
forecast_8669,2025-12-28 05:00:00,20042.389976221268,18653.829741422862,13486.20137184418
forecast_8670,2025-12-28 06:00:00,20090.3506958753,18525.23273164014,13731.302878631093
forecast_8671,2025-12-28 07:00:00,19692.91185551324,18577.992986040208,13461.36808405571
forecast_8672,2025-12-28 08:00:00,19445.97377318307,18420.533224021026,13418.014321070226
forecast_8673,2025-12-28 09:00:00,18801.031793574744,17580.799397993087,12449.571548715416
forecast_8674,2025-12-28 10:00:00,16622.251318736617,16572.317179299444,11884.599496300161
forecast_8675,2025-12-28 11:00:00,16493.71482336531,16175.768401957444,11645.88167387254
forecast_8676,2025-12-28 12:00:00,15730.252393474118,15785.077952324942,11365.808685179638
forecast_8677,2025-12-28 13:00:00,14259.707304320087,14401.447933998996,10399.6205997773
forecast_8678,2025-12-28 14:00:00,13683.54431974888,13261.98252207668,9774.360031589824
forecast_8679,2025-12-28 15:00:00,14692.451673027874,14154.945318453676,10614.996659732906
forecast_8680,2025-12-28 16:00:00,15959.290871679648,14641.926494799964,11049.185458896502
forecast_8681,2025-12-28 17:00:00,15903.379981702652,14982.698674938714,11376.641196135393
forecast_8682,2025-12-28 18:00:00,15585.175861856485,14126.361151687259,10708.82083445215
forecast_8683,2025-12-28 19:00:00,13883.13793554866,13362.07336046477,10534.77509803798
forecast_8684,2025-12-28 20:00:00,13531.974894432993,13918.518068201936,10460.208364993576
forecast_8685,2025-12-28 21:00:00,16515.915366588863,15644.159875797981,11858.261125483568
forecast_8686,2025-12-28 22:00:00,17812.64701631678,16298.856456645834,12668.478852045893
forecast_8687,2025-12-28 23:00:00,17322.630435640385,16566.170850914674,12672.151200461218
forecast_8688,2025-12-29 00:00:00,18128.363911843586,17912.220015819774,12829.100768931929
forecast_8689,2025-12-29 01:00:00,18024.561777207204,18020.838732611068,13173.430683797329
forecast_8690,2025-12-29 02:00:00,18709.239989578866,18522.36545429403,13121.330289168754
forecast_8691,2025-12-29 03:00:00,20281.57188436016,19003.938576467233,14625.037417391137
forecast_8692,2025-12-29 04:00:00,20771.80418246485,18973.239592433067,14873.734094358511
forecast_8693,2025-12-29 05:00:00,20616.014184892443,19053.44397190424,14279.34130503619
forecast_8694,2025-12-29 06:00:00,20489.380372014133,18991.30108695878,14279.039653532765
forecast_8695,2025-12-29 07:00:00,20494.005914460675,18994.34603504008,14699.387740871989
forecast_8696,2025-12-29 08:00:00,20778.25765492999,18958.238772140605,14728.43282635275
forecast_8697,2025-12-29 09:00:00,20770.516469755396,18858.54384641191,14762.186144111785
forecast_8698,2025-12-29 10:00:00,20625.28225744271,18792.49998271478,14547.905644262457
forecast_8699,2025-12-29 11:00:00,20518.811486987608,18810.66358876518,14716.653392671706
forecast_8700,2025-12-29 12:00:00,20040.519488203416,18739.219366700705,14512.230657496986
forecast_8701,2025-12-29 13:00:00,19285.8284011187,18619.40662474225,14084.54749621441
forecast_8702,2025-12-29 14:00:00,19008.43712272531,18379.965360085065,14378.916773526647
forecast_8703,2025-12-29 15:00:00,17806.259032873015,17449.88156110378,13387.5462889505
forecast_8704,2025-12-29 16:00:00,18943.416918719355,18172.561551926534,13502.161974054829
forecast_8705,2025-12-29 17:00:00,19429.33580372631,18377.223323772443,13749.606297472468
forecast_8706,2025-12-29 18:00:00,19430.218056115733,18247.099227084178,12821.126979272374
forecast_8707,2025-12-29 19:00:00,17616.755923161574,16276.262018850788,11825.956809376377
forecast_8708,2025-12-29 20:00:00,16824.548102546032,15641.414905057423,11683.384390321675
forecast_8709,2025-12-29 21:00:00,16327.06248840338,15552.576870472243,11096.308596111452
forecast_8710,2025-12-29 22:00:00,16069.543919699525,15004.32162803365,10553.534628527475
forecast_8711,2025-12-29 23:00:00,15618.616099904566,14203.066635675912,10170.92276553385
forecast_8712,2025-12-30 00:00:00,14679.2263171335,13556.655939334829,9981.216712713065
forecast_8713,2025-12-30 01:00:00,13364.552472347845,12055.166067514188,8202.8375844253
forecast_8714,2025-12-30 02:00:00,12703.538601253262,13155.627833180652,8337.469285106561
forecast_8715,2025-12-30 03:00:00,14449.702537551888,13799.8727107607,8813.869018589246
forecast_8716,2025-12-30 04:00:00,14549.590515983784,14280.258037571879,9470.352431823143
forecast_8717,2025-12-30 05:00:00,13628.150547095358,14075.367157123426,8813.981635142089
forecast_8718,2025-12-30 06:00:00,13649.964194737193,14267.676134133271,7871.893357391184
forecast_8719,2025-12-30 07:00:00,12310.264805723538,13944.45566510137,7659.808348694524
forecast_8720,2025-12-30 08:00:00,12352.952655103547,12945.787410720743,7253.414297579294
forecast_8721,2025-12-30 09:00:00,11697.621629946534,12614.874751144698,6998.009400574664
forecast_8722,2025-12-30 10:00:00,11217.718394756193,11647.93896182164,7205.1557409502575
forecast_8723,2025-12-30 11:00:00,11607.680158878962,10820.343972573299,7037.582339866521
forecast_8724,2025-12-30 12:00:00,11791.60890838577,10780.519661192311,7301.0078523668035
forecast_8725,2025-12-30 13:00:00,11944.910299793703,10283.925222033398,6796.335017125799
forecast_8726,2025-12-30 14:00:00,11994.835876524772,10501.878977730334,7105.078175818508
forecast_8727,2025-12-30 15:00:00,12586.828916725577,11162.963182549454,7887.903504241744
forecast_8728,2025-12-30 16:00:00,13503.10433469011,12526.526749714783,8944.776168136234
forecast_8729,2025-12-30 17:00:00,13555.7178695824,12461.732487165717,8856.723598423718
forecast_8730,2025-12-30 18:00:00,13549.49025769138,11747.595147112994,8949.691850364605
forecast_8731,2025-12-30 19:00:00,13848.319681499821,11482.05698658243,8629.677800874832
forecast_8732,2025-12-30 20:00:00,14078.88175941522,11849.486609380838,8803.981613103882
forecast_8733,2025-12-30 21:00:00,14973.496602703905,12723.15310677745,9743.045091081038
forecast_8734,2025-12-30 22:00:00,15036.19357919097,13397.08871344481,10702.532425936071
forecast_8735,2025-12-30 23:00:00,14977.980496194843,13805.893258323084,10765.77552325434
forecast_8736,2025-12-31 00:00:00,15082.363218875282,14035.322407446007,10676.448310126056
forecast_8737,2025-12-31 01:00:00,16223.928727654664,15769.850961357697,12019.22708399634
forecast_8738,2025-12-31 02:00:00,16572.586566917897,16271.480930404907,12813.94514193433
forecast_8739,2025-12-31 03:00:00,16649.048928712964,16307.41176605988,12218.458289208544
forecast_8740,2025-12-31 04:00:00,16667.299112060307,15966.410584169924,12116.959292645677
forecast_8741,2025-12-31 05:00:00,16108.566322414626,15690.627076548215,11439.947445450085
forecast_8742,2025-12-31 06:00:00,15839.964174229955,16159.531148517448,11623.192830585778
forecast_8743,2025-12-31 07:00:00,14753.802513601033,15409.673747272569,10623.469714485203
forecast_8744,2025-12-31 08:00:00,14535.187042324555,15613.18888220481,9412.917480092816
forecast_8745,2025-12-31 09:00:00,14503.108874319754,14325.252811608809,8999.467568080057
forecast_8746,2025-12-31 10:00:00,13594.654882168266,13562.781079866956,8630.686650793468
forecast_8747,2025-12-31 11:00:00,12344.267450019142,12231.963218276867,7782.500016947498
forecast_8748,2025-12-31 12:00:00,11121.303271423183,10555.676126979146,7220.657502638711
forecast_8749,2025-12-31 13:00:00,10523.444104610087,9119.619126810147,6576.723215366766
forecast_8750,2025-12-31 14:00:00,10468.016273051588,8802.286369420352,6280.821243624204
forecast_8751,2025-12-31 15:00:00,10940.566507594998,9288.87356644287,6697.995728817583
forecast_8752,2025-12-31 16:00:00,11425.18386269304,10050.606335736557,7574.521692479866
forecast_8753,2025-12-31 17:00:00,12366.99440636657,11170.842322645103,6599.222283621063
forecast_8754,2025-12-31 18:00:00,12185.84344792853,12010.791165153285,7674.472164899835
forecast_8755,2025-12-31 19:00:00,12263.767369368423,12523.251560965153,8128.337862158813
forecast_8756,2025-12-31 20:00:00,12971.633115958233,13084.031117219403,8028.744982859417
forecast_8757,2025-12-31 21:00:00,13044.075395707627,13845.118830826474,8115.08041492659
forecast_8758,2025-12-31 22:00:00,15004.526574651689,15102.014985575399,9008.581906690351
forecast_8759,2025-12-31 23:00:00,14560.843822725175,15073.393751762407,8698.55436718846
forecast_8760,2026-01-01 00:00:00,14955.19026792775,15316.137662273246,8454.191679462083
